LSOA21CD,population_total,children_0_15_count,children_pct,older_adults_65_plus_count,older_adults_pct,household_total,household_single_person_aged_66_over,household_married_civil_couple_with_dependent_children,household_cohabiting_couple_with_dependent_children,household_couple_with_dependent_children,household_lone_parent_with_dependent_children,household_other_with_dependent_children,household_dependent_children_total,IMD_Rank,IMD_Decile,IMD_Source,IMD_source_lsoa11_count,LSOA21NM,education_schools_walk_15min,education_schools_walk_transit_30min,food_retail_supermarkets_walk_15min,food_retail_supermarkets_walk_transit_30min,green_space_parks_walk_15min,green_space_parks_walk_transit_30min,healthcare_gps_walk_15min,healthcare_gps_walk_transit_30min,healthcare_hospitals_walk_15min,healthcare_hospitals_walk_transit_30min,healthcare_pharmacies_walk_15min,healthcare_pharmacies_walk_transit_30min,transport_bus_stops_walk_15min,transport_bus_stops_walk_transit_30min,transport_underground_metro_stations_walk_15min,transport_underground_metro_stations_walk_transit_30min
E01000001,1471,122,8.29367777022434,370,25.1529571719918,841,129,68,13,81,10,1,92,29199,9,direct_2011_lsoa_code,1,City of London 001A,8,8,5,5,3,3,6,6,7,7,8,8,2,2,7,7
E01000002,1385,86,6.20938628158845,277,20,824,101,46,11,57,13,3,73,30379,10,direct_2011_lsoa_code,1,City of London 001B,6,6,9,9,4,4,5,5,11,11,7,7,3,3,6,6
E01000003,1611,107,6.64183736809435,285,17.6908752327747,1017,160,42,14,56,23,1,80,14915,5,direct_2011_lsoa_code,1,City of London 001C,4,4,5,5,3,3,2,2,9,9,4,4,2,2,6,6
E01000005,1102,141,12.7949183303085,105,9.52813067150635,477,47,46,13,59,29,20,108,8678,3,direct_2011_lsoa_code,1,City of London 001E,3,3,8,7,4,4,5,5,,14,1,1,0,0,0,0
E01000006,1845,414,22.4390243902439,158,8.56368563685637,554,26,104,23,127,53,77,257,14486,5,direct_2011_lsoa_code,1,Barking and Dagenham 016A,5,5,,16,10,10,13,13,,29,12,12,8,8,,
E01000007,2906,748,25.739848589126,72,2.4776324845148,1190,28,220,45,265,134,54,453,7256,3,direct_2011_lsoa_code,1,Barking and Dagenham 015A,5,5,8,8,5,5,3,3,,,7,7,3,3,,29
E01000008,1794,536,29.8773690078038,65,3.6231884057971,551,17,105,40,145,84,58,287,5010,2,direct_2011_lsoa_code,1,Barking and Dagenham 015B,8,8,13,13,6,6,7,7,,,15,16,5,5,,28
E01000009,1803,398,22.0743205768164,161,8.92956184137549,601,44,96,20,116,33,74,223,6736,3,direct_2011_lsoa_code,1,Barking and Dagenham 016B,10,10,9,9,10,10,7,7,,27,5,5,3,3,,29
E01000011,1704,382,22.4178403755869,132,7.74647887323944,474,19,97,10,107,25,94,226,7698,3,direct_2011_lsoa_code,1,Barking and Dagenham 016C,13,13,14,12,5,5,7,7,,28,10,10,3,3,,
E01000012,2348,770,32.793867120954,92,3.91822827938671,783,28,180,33,213,136,63,412,5990,2,direct_2011_lsoa_code,1,Barking and Dagenham 015D,12,12,,19,6,6,8,8,,,15,15,6,6,,
E01000013,1872,473,25.267094017094,170,9.08119658119658,616,49,112,27,139,83,65,287,4573,2,direct_2011_lsoa_code,1,Barking and Dagenham 013A,10,10,7,7,14,14,15,15,,18,5,5,3,3,12,12
E01000014,1750,430,24.5714285714286,161,9.2,634,58,117,37,154,64,43,261,5650,2,direct_2011_lsoa_code,1,Barking and Dagenham 013B,9,9,,20,,28,,24,,,,19,8,8,,23
E01000015,2421,684,28.2527881040892,165,6.81536555142503,831,48,143,48,191,149,73,413,6405,2,direct_2011_lsoa_code,1,Barking and Dagenham 009A,4,4,,19,5,5,15,20,,24,15,15,10,10,,19
E01000016,1852,453,24.4600431965443,164,8.85529157667387,627,51,106,31,137,90,60,287,6739,3,direct_2011_lsoa_code,1,Barking and Dagenham 009B,7,7,14,11,,21,,16,,20,12,9,3,3,,15
E01000017,1724,421,24.4199535962877,166,9.62877030162413,598,48,103,25,128,67,44,239,4570,2,direct_2011_lsoa_code,1,Barking and Dagenham 009C,9,9,,13,,22,14,14,,23,14,11,4,4,,17
E01000018,1773,421,23.7450648618161,146,8.23463056965595,644,39,103,33,136,86,46,268,6504,2,direct_2011_lsoa_code,1,Barking and Dagenham 009D,5,5,15,15,9,9,,20,,24,14,14,8,8,,20
E01000019,1659,481,28.9933694996986,134,8.07715491259795,498,30,131,14,145,70,52,267,6410,2,direct_2011_lsoa_code,1,Barking and Dagenham 023A,3,3,10,10,10,10,,18,,,,19,4,4,,
E01000020,2192,584,26.6423357664234,224,10.2189781021898,663,63,186,22,208,54,49,311,5520,2,direct_2011_lsoa_code,1,Barking and Dagenham 023B,8,8,12,12,14,14,,18,,,,19,3,3,,23
E01000021,1696,459,27.063679245283,138,8.13679245283019,595,49,132,24,156,73,43,272,4611,2,direct_2011_lsoa_code,1,Barking and Dagenham 008A,6,6,4,4,4,4,,19,,,,17,5,5,,26
E01000022,1479,385,26.0311020960108,142,9.60108181203516,477,43,95,17,112,55,50,217,6098,2,direct_2011_lsoa_code,1,Barking and Dagenham 008B,12,12,6,6,8,8,,20,,,,20,7,7,,25
E01000024,1484,365,24.5956873315364,124,8.35579514824798,462,28,85,20,105,54,49,208,8333,3,direct_2011_lsoa_code,1,Barking and Dagenham 008D,7,7,11,10,10,10,,17,,,,16,2,2,,21
E01000025,1922,475,24.7138397502602,197,10.2497398543184,697,105,130,32,162,66,55,283,5303,2,direct_2011_lsoa_code,1,Barking and Dagenham 008E,11,11,14,14,14,14,14,14,,,,21,8,8,,25
E01000027,2082,602,28.9145052833814,184,8.83765609990394,661,61,118,46,164,107,76,347,5097,2,direct_2011_lsoa_code,1,Barking and Dagenham 001A,,16,,20,,21,,27,,,,21,0,0,,
E01000028,1817,468,25.7567418822234,197,10.842047330765,622,85,118,17,135,91,51,277,4240,2,direct_2011_lsoa_code,1,Barking and Dagenham 001B,14,14,,,,,,,,,,28,8,8,,
E01000029,1820,380,20.8791208791209,370,20.3296703296703,682,125,137,19,156,49,33,238,12389,4,direct_2011_lsoa_code,1,Barking and Dagenham 001C,12,12,,19,,16,,27,,29,,17,1,1,,29
E01000030,2562,849,33.1381733021077,173,6.75253708040593,905,62,190,60,250,191,48,489,4760,2,direct_2011_lsoa_code,1,Barking and Dagenham 001D,6,6,,20,,20,,25,,,,18,2,2,,
E01000031,1768,371,20.9841628959276,253,14.3099547511312,596,82,114,14,128,37,59,224,12267,4,direct_2011_lsoa_code,1,Barking and Dagenham 002A,12,12,,27,,,,24,,,,25,8,8,,
E01000032,2079,494,23.7614237614238,256,12.3136123136123,722,76,147,25,172,60,56,288,8037,3,direct_2011_lsoa_code,1,Barking and Dagenham 002B,15,15,10,10,2,2,12,12,,25,12,12,9,9,,
E01000033,1545,425,27.5080906148867,164,10.6148867313916,555,66,91,29,120,86,32,238,4879,2,direct_2011_lsoa_code,1,Barking and Dagenham 006A,15,15,,23,13,13,,26,,,,19,5,5,,18
E01000034,1574,308,19.5679796696315,266,16.8996188055909,517,63,77,21,98,53,34,185,5575,2,direct_2011_lsoa_code,1,Barking and Dagenham 003A,,14,,23,10,10,,27,,25,,21,6,6,,27
E01000035,1859,402,21.624529316837,248,13.340505648198,594,49,111,25,136,57,54,247,10070,4,direct_2011_lsoa_code,1,Barking and Dagenham 010A,,16,,20,14,14,,21,,25,15,15,3,3,13,13
E01000036,1475,310,21.0169491525424,166,11.2542372881356,472,49,96,15,111,38,44,193,15028,5,direct_2011_lsoa_code,1,Barking and Dagenham 010B,,23,,21,,22,,19,,23,10,10,10,10,10,10
E01000037,1698,293,17.2555948174323,246,14.4876325088339,590,66,110,15,125,37,41,203,16128,5,direct_2011_lsoa_code,1,Barking and Dagenham 003B,10,10,,22,15,15,,28,,20,,23,8,8,,
E01000038,1616,329,20.3589108910891,250,15.470297029703,560,78,106,25,131,33,42,206,14671,5,direct_2011_lsoa_code,1,Barking and Dagenham 003C,8,8,,18,,15,,23,,19,,16,5,5,,27
E01000039,1753,397,22.6468910439247,239,13.6337706788363,645,76,105,37,142,55,44,241,12542,4,direct_2011_lsoa_code,1,Barking and Dagenham 003D,,20,,24,4,4,,23,,,,22,8,8,,25
E01000040,1878,471,25.0798722044728,178,9.47816826411076,656,55,133,37,170,72,53,295,6028,2,direct_2011_lsoa_code,1,Barking and Dagenham 019A,3,3,,17,10,10,6,6,,21,5,5,4,4,,27
E01000041,1842,465,25.2442996742671,171,9.28338762214984,603,47,129,25,154,76,67,297,6601,3,direct_2011_lsoa_code,1,Barking and Dagenham 017A,6,6,,22,,16,6,6,,26,9,9,2,2,,14
E01000042,1882,557,29.596174282678,120,6.37619553666313,654,61,130,25,155,98,44,297,3842,2,direct_2011_lsoa_code,1,Barking and Dagenham 017B,8,8,,23,,21,10,10,14,14,13,13,4,4,,25
E01000043,1539,320,20.7927225471085,167,10.8512020792723,469,50,92,14,106,40,51,197,8992,3,direct_2011_lsoa_code,1,Barking and Dagenham 019B,7,7,13,13,14,14,10,10,,22,10,10,6,6,,28
E01000044,1988,482,24.2454728370221,118,5.93561368209256,659,36,144,23,167,58,70,295,8825,3,direct_2011_lsoa_code,1,Barking and Dagenham 016D,2,2,12,12,2,2,5,5,,27,5,5,6,6,,28
E01000045,1723,441,25.5948926291352,155,8.9959373186303,576,47,113,34,147,72,45,264,5639,2,direct_2011_lsoa_code,1,Barking and Dagenham 017C,6,6,15,15,13,13,10,10,,23,3,3,2,2,,15
E01000046,1958,506,25.8426966292135,164,8.3758937691522,662,54,113,41,154,82,61,297,8138,3,direct_2011_lsoa_code,1,Barking and Dagenham 017D,8,8,,27,15,15,10,10,,,14,14,5,5,,14
E01000049,1972,617,31.2880324543611,82,4.15821501014199,577,38,124,26,150,111,55,316,3928,2,direct_2011_lsoa_code,1,Barking and Dagenham 021C,6,6,9,9,5,5,7,7,,29,11,11,1,1,,28
E01000050,1842,475,25.7871878393051,159,8.63192182410423,628,60,124,23,147,74,57,278,5994,2,direct_2011_lsoa_code,1,Barking and Dagenham 019C,9,9,8,8,5,5,2,2,,25,1,1,1,1,,28
E01000051,1107,321,28.9972899728997,26,2.3486901535682,433,11,99,22,121,54,9,184,5228,2,direct_2011_lsoa_code,1,Barking and Dagenham 021D,7,7,5,5,0,0,3,3,,26,5,5,2,2,,28
E01000052,2369,665,28.0709159983115,196,8.27353313634445,794,66,200,23,223,102,67,392,6549,2,direct_2011_lsoa_code,1,Barking and Dagenham 019D,12,12,5,5,8,8,7,7,,29,8,8,3,3,,28
E01000053,1621,408,25.1696483652067,197,12.1529919802591,648,89,87,26,113,89,42,244,4249,2,direct_2011_lsoa_code,1,Barking and Dagenham 020A,6,6,15,15,7,7,15,15,,,7,7,9,9,,26
E01000054,1871,502,26.8305718866916,203,10.8498129342598,639,53,113,31,144,108,56,308,8124,3,direct_2011_lsoa_code,1,Barking and Dagenham 018A,4,4,,22,5,5,3,3,,23,,18,7,7,10,10
E01000055,1705,421,24.692082111437,168,9.8533724340176,569,38,105,22,127,78,50,255,7604,3,direct_2011_lsoa_code,1,Barking and Dagenham 018B,7,7,,27,14,14,10,10,,,,25,9,9,13,13
E01000056,1701,434,25.5144032921811,186,10.9347442680776,566,41,104,33,137,81,42,260,5571,2,direct_2011_lsoa_code,1,Barking and Dagenham 018C,3,3,,23,5,5,8,8,,,11,11,8,8,,26
E01000057,1549,402,25.9522272433828,157,10.135571336346,530,42,81,34,115,95,49,259,6712,3,direct_2011_lsoa_code,1,Barking and Dagenham 012A,7,7,,21,10,10,7,7,,22,,17,4,4,7,7
E01000058,2137,544,25.4562470753393,154,7.20636406176883,698,43,134,27,161,99,63,323,7176,3,direct_2011_lsoa_code,1,Barking and Dagenham 018D,10,10,,19,8,8,8,8,,20,,15,1,1,12,12
E01000059,1709,413,24.1661790520772,227,13.2826214160328,571,63,82,29,111,71,56,238,6950,3,direct_2011_lsoa_code,1,Barking and Dagenham 013C,4,4,,19,1,1,10,10,,24,13,13,9,9,14,14
E01000060,2180,629,28.8532110091743,206,9.44954128440367,814,79,121,37,158,130,58,346,5475,2,direct_2011_lsoa_code,1,Barking and Dagenham 006B,11,11,10,10,4,4,15,18,,26,8,8,3,3,,22
E01000061,1925,543,28.2077922077922,112,5.81818181818182,754,45,94,36,130,157,30,317,2802,1,direct_2011_lsoa_code,1,Barking and Dagenham 006C,6,6,10,8,4,4,12,12,,18,7,7,1,1,,18
E01000062,2219,537,24.2000901306895,250,11.2663361874718,767,95,110,40,150,102,66,318,9781,3,direct_2011_lsoa_code,1,Barking and Dagenham 006D,14,14,15,17,6,6,,21,,25,,15,3,3,,21
E01000063,1778,446,25.0843644544432,169,9.50506186726659,626,60,122,31,153,70,54,277,6520,2,direct_2011_lsoa_code,1,Barking and Dagenham 004A,4,4,8,8,15,15,10,10,,24,12,11,1,1,,18
E01000064,2298,562,24.4560487380331,248,10.7919930374238,792,59,137,36,173,98,63,334,5791,2,direct_2011_lsoa_code,1,Barking and Dagenham 006E,15,15,,21,,14,,23,,27,,16,2,2,,16
E01000065,1982,445,22.452068617558,265,13.3703329969728,786,127,99,40,139,82,51,272,4296,2,direct_2011_lsoa_code,1,Barking and Dagenham 007A,3,3,,16,,23,7,7,,26,,16,6,6,,22
E01000066,2499,580,23.2092837134854,260,10.4041616646659,710,90,144,12,156,57,115,328,10329,4,direct_2011_lsoa_code,1,Barking and Dagenham 011A,10,10,,17,9,9,,25,,,,16,7,7,,
E01000067,2236,561,25.0894454382827,235,10.5098389982111,659,68,155,19,174,66,82,322,13573,5,direct_2011_lsoa_code,1,Barking and Dagenham 011B,10,10,,14,5,5,,21,,28,11,11,4,4,,
E01000068,1794,316,17.6142697881828,192,10.7023411371237,475,30,83,6,89,14,95,198,10421,4,direct_2011_lsoa_code,1,Barking and Dagenham 016E,5,5,,13,9,9,13,13,,23,12,10,2,2,,
E01000069,2096,445,21.2309160305344,197,9.39885496183206,535,42,125,16,141,43,73,257,17580,6,direct_2011_lsoa_code,1,Barking and Dagenham 011C,6,6,,29,13,13,11,11,12,12,11,11,7,7,,28
E01000070,2073,468,22.575976845152,248,11.96333815726,579,47,125,12,137,31,84,252,13531,5,direct_2011_lsoa_code,1,Barking and Dagenham 011D,1,1,,12,8,8,,15,,19,3,3,1,1,,26
E01000071,2603,612,23.5113330772186,254,9.75797157126393,805,88,188,18,206,56,105,367,15370,5,direct_2011_lsoa_code,1,Barking and Dagenham 011E,10,10,,24,,19,8,8,9,9,8,8,4,4,,28
E01000072,2148,588,27.3743016759777,176,8.19366852886406,736,64,115,41,156,154,55,365,3974,2,direct_2011_lsoa_code,1,Barking and Dagenham 017E,14,14,,20,6,6,13,13,,,7,7,6,6,,28
E01000073,1846,487,26.3813651137595,194,10.5092091007584,665,92,125,32,157,91,51,299,4645,2,direct_2011_lsoa_code,1,Barking and Dagenham 012B,1,1,,19,9,9,12,12,,,11,11,6,6,,22
E01000074,1759,475,27.003979533826,158,8.98237635019898,626,64,116,35,151,83,44,278,5870,2,direct_2011_lsoa_code,1,Barking and Dagenham 012C,7,7,,19,15,15,8,8,,,15,15,7,7,,20
E01000075,2082,536,25.7444764649376,223,10.7108549471662,638,65,119,44,163,41,70,274,5215,2,direct_2011_lsoa_code,1,Barking and Dagenham 012D,11,11,,18,4,4,9,9,,24,,16,4,4,5,5
E01000076,2160,532,24.6296296296296,187,8.65740740740741,795,65,127,35,162,94,49,305,5451,2,direct_2011_lsoa_code,1,Barking and Dagenham 012E,10,10,,24,14,14,13,13,,,12,12,11,11,10,10
E01000077,1722,427,24.7967479674797,151,8.76887340301975,596,41,102,34,136,58,58,252,3967,2,direct_2011_lsoa_code,1,Barking and Dagenham 008F,1,1,,16,,18,10,10,,,,22,5,5,,19
E01000078,1895,543,28.6543535620053,145,7.65171503957784,621,41,131,37,168,82,55,305,5874,2,direct_2011_lsoa_code,1,Barking and Dagenham 007B,4,4,,13,,15,13,13,,,,18,3,3,,19
E01000079,1719,433,25.1890634089587,193,11.2274578243165,619,78,108,34,142,70,47,259,6057,2,direct_2011_lsoa_code,1,Barking and Dagenham 009E,4,4,,14,,22,,19,,23,14,13,1,1,15,15
E01000080,1777,442,24.8733821046708,120,6.75295441755768,611,35,105,29,134,80,51,265,6596,3,direct_2011_lsoa_code,1,Barking and Dagenham 007C,11,11,,22,,24,10,10,,,,24,7,7,,21
E01000081,1972,468,23.7322515212982,165,8.36713995943205,653,50,134,37,171,65,60,296,7738,3,direct_2011_lsoa_code,1,Barking and Dagenham 007D,5,5,,18,,21,9,9,,,,18,7,7,,23
E01000082,1916,470,24.5302713987474,172,8.97703549060543,699,51,124,29,153,83,39,275,9100,3,direct_2011_lsoa_code,1,Barking and Dagenham 007E,10,10,,16,10,10,12,12,,,,17,4,4,,25
E01000083,1919,537,27.9833246482543,169,8.80667014069828,633,47,118,36,154,93,55,302,6111,2,direct_2011_lsoa_code,1,Barking and Dagenham 007F,10,10,,15,,17,,17,,,,20,5,5,,21
E01000084,1440,356,24.7222222222222,148,10.2777777777778,499,46,81,26,107,62,42,211,4315,2,direct_2011_lsoa_code,1,Barking and Dagenham 013D,7,7,8,8,6,6,3,3,,18,5,5,2,2,6,6
E01000085,1646,404,24.5443499392467,173,10.5103280680437,577,55,84,41,125,74,39,238,5838,2,direct_2011_lsoa_code,1,Barking and Dagenham 013E,6,6,12,12,10,10,7,7,11,11,6,6,5,5,11,11
E01000086,1450,358,24.6896551724138,155,10.6896551724138,488,43,74,27,101,85,39,225,4822,2,direct_2011_lsoa_code,1,Barking and Dagenham 013F,1,1,12,12,6,6,6,6,,20,9,9,5,5,11,11
E01000087,1636,413,25.2444987775061,139,8.49633251833741,517,39,98,31,129,68,56,253,6122,2,direct_2011_lsoa_code,1,Barking and Dagenham 020B,3,3,13,13,10,10,10,10,,25,9,9,2,2,,20
E01000088,1975,539,27.2911392405063,232,11.746835443038,603,43,120,30,150,89,62,301,8574,3,direct_2011_lsoa_code,1,Barking and Dagenham 020C,6,6,,19,2,2,6,6,13,13,11,11,2,2,,23
E01000089,1826,546,29.9014238773275,152,8.32420591456736,600,41,116,34,150,94,42,286,8508,3,direct_2011_lsoa_code,1,Barking and Dagenham 020D,8,8,,21,11,11,5,5,,24,,20,1,1,,27
E01000090,1705,482,28.2697947214076,148,8.68035190615836,558,35,105,29,134,74,54,262,8873,3,direct_2011_lsoa_code,1,Barking and Dagenham 020E,,,,,,,,,,,,,4,4,,
E01000091,2091,617,29.507412721186,131,6.2649450023912,672,42,140,31,171,111,62,344,3669,2,direct_2011_lsoa_code,1,Barking and Dagenham 022A,4,4,7,7,5,5,,16,,,,14,1,1,,
E01000093,1808,481,26.603982300885,118,6.52654867256637,667,41,103,26,129,103,41,273,2669,1,direct_2011_lsoa_code,1,Barking and Dagenham 022B,7,7,3,3,1,1,,19,,,,17,6,6,,
E01000094,2461,763,31.0036570499797,57,2.31613165379927,843,11,199,50,249,168,58,475,8930,3,direct_2011_lsoa_code,1,Barking and Dagenham 022C,7,7,12,12,12,12,,23,,,12,12,3,3,,
E01000095,2250,740,32.8888888888889,132,5.86666666666667,737,42,156,60,216,134,55,405,6984,3,direct_2011_lsoa_code,1,Barking and Dagenham 018E,,27,,27,,23,,,,,,,8,8,,
E01000096,1661,553,33.2931968693558,87,5.23780854906683,487,17,133,27,160,95,44,299,3997,2,direct_2011_lsoa_code,1,Barking and Dagenham 022D,,23,7,7,14,14,,25,,,,19,9,9,,
E01000097,1935,485,25.0645994832041,215,11.1111111111111,685,109,131,29,160,79,48,287,4866,2,direct_2011_lsoa_code,1,Barking and Dagenham 023C,5,5,13,11,11,11,6,6,,24,13,10,0,0,,23
E01000098,1935,535,27.6485788113695,167,8.63049095607235,621,52,137,35,172,68,56,296,4455,2,direct_2011_lsoa_code,1,Barking and Dagenham 023D,7,7,,13,11,11,6,6,,25,,12,0,0,,25
E01000099,2778,754,27.1418286537077,164,5.90352771778258,934,50,221,42,263,114,87,464,8373,3,direct_2011_lsoa_code,1,Barking and Dagenham 023E,11,11,,16,11,11,7,7,,,,17,6,6,,
E01000100,1943,532,27.3803396809058,162,8.33762223365929,655,43,100,41,141,126,61,328,7152,3,direct_2011_lsoa_code,1,Barking and Dagenham 004B,5,5,13,13,9,9,12,12,,,13,13,7,7,,
E01000101,1703,403,23.6641221374046,178,10.4521432765708,582,56,116,25,141,59,54,254,4126,2,direct_2011_lsoa_code,1,Barking and Dagenham 004C,9,9,5,5,13,13,11,11,,25,6,6,5,5,,23
E01000102,1783,488,27.369601794728,171,9.59057767807067,629,66,118,37,155,98,44,297,3557,2,direct_2011_lsoa_code,1,Barking and Dagenham 007G,6,6,,22,6,6,11,11,,,,22,6,6,,24
E01000103,1779,456,25.6323777403035,141,7.92580101180438,532,33,111,20,131,65,69,265,6708,3,direct_2011_lsoa_code,1,Barking and Dagenham 014A,6,6,,21,3,3,,14,,18,,15,9,9,,20
E01000104,1918,526,27.4244004171011,147,7.66423357664234,693,56,102,51,153,94,48,295,6002,2,direct_2011_lsoa_code,1,Barking and Dagenham 014B,10,10,,15,12,11,12,9,12,12,7,7,0,0,10,10
E01000105,2336,590,25.2568493150685,228,9.76027397260274,935,95,122,48,170,127,62,359,3229,1,direct_2011_lsoa_code,1,Barking and Dagenham 014C,6,6,14,13,10,10,5,5,7,7,6,6,2,2,13,12
E01000106,2207,629,28.5002265518804,209,9.46986859990938,873,92,128,45,173,147,57,377,3355,2,direct_2011_lsoa_code,1,Barking and Dagenham 014D,13,12,,12,9,9,3,3,6,6,2,2,3,3,12,12
E01000107,1786,416,23.2922732362822,277,15.5095184770437,603,71,119,29,148,65,45,258,8865,3,direct_2011_lsoa_code,1,Barking and Dagenham 010C,8,8,,,5,5,,,,,13,13,,,,
E01000108,1914,484,25.2873563218391,202,10.5538140020899,682,51,117,43,160,95,38,293,8940,3,direct_2011_lsoa_code,1,Barking and Dagenham 010D,11,11,,14,,15,,11,,15,2,2,4,4,4,4
E01000110,1573,348,22.1233312142403,176,11.1888111888112,522,49,104,13,117,55,54,226,16365,5,direct_2011_lsoa_code,1,Barking and Dagenham 002C,10,9,,11,15,13,9,9,,26,8,8,0,0,,
E01000111,2159,541,25.0578971746179,243,11.2552107457156,749,126,114,28,142,96,80,318,8544,3,direct_2011_lsoa_code,1,Barking and Dagenham 002D,12,12,,16,,19,11,11,,,10,10,7,7,,
E01000112,1973,466,23.6188545362392,170,8.61632032437912,700,66,131,20,151,87,54,292,10925,4,direct_2011_lsoa_code,1,Barking and Dagenham 002E,5,5,10,10,,17,5,5,,25,4,4,4,4,,
E01000113,1995,473,23.7092731829574,176,8.82205513784461,642,44,122,16,138,79,95,312,10601,4,direct_2011_lsoa_code,1,Barking and Dagenham 002F,12,12,5,5,,17,12,12,,22,6,6,4,4,,
E01000114,2421,717,29.6158612143742,196,8.09582817017761,758,55,199,30,229,87,63,379,11855,4,direct_2011_lsoa_code,1,Barking and Dagenham 004E,7,7,6,6,,19,3,3,,26,4,4,5,5,,24
E01000115,1393,223,16.0086145010768,313,22.4694903086863,476,49,108,5,113,9,23,145,29174,9,direct_2011_lsoa_code,1,Barnet 009A,7,7,,16,15,15,10,10,,26,,15,6,6,,18
E01000116,1748,387,22.1395881006865,315,18.0205949656751,617,80,157,23,180,28,20,228,27318,9,direct_2011_lsoa_code,1,Barnet 009B,7,7,,18,5,5,,24,,23,,17,5,5,,19
E01000117,1733,335,19.33064050779,360,20.7732256203116,695,103,137,24,161,43,20,224,24958,8,direct_2011_lsoa_code,1,Barnet 010A,6,6,,23,15,15,,,,27,,22,7,7,,23
E01000118,2050,407,19.8536585365854,328,16,751,91,169,24,193,35,45,273,24743,8,direct_2011_lsoa_code,1,Barnet 010B,9,9,,17,10,10,,23,,22,,16,1,1,,18
E01000119,1797,330,18.3639398998331,342,19.0317195325543,628,54,140,8,148,41,40,229,22657,7,direct_2011_lsoa_code,1,Barnet 009C,5,5,13,13,,25,,24,,,13,13,10,10,12,12
E01000120,1496,271,18.1149732620321,300,20.0534759358289,498,47,128,14,142,18,26,186,29572,10,direct_2011_lsoa_code,1,Barnet 009D,7,7,13,13,10,10,,23,,25,13,13,6,6,,17
E01000121,1478,269,18.2002706359946,183,12.3815967523681,524,29,88,23,111,64,22,197,5463,2,direct_2011_lsoa_code,1,Barnet 010C,12,12,,18,9,9,,27,,22,,20,0,0,,18
E01000122,1510,307,20.3311258278146,262,17.3509933774834,520,57,136,18,154,29,28,211,24308,8,direct_2011_lsoa_code,1,Barnet 009E,8,8,,17,,18,,29,,21,,19,4,4,,18
E01000123,1762,336,19.0692395005675,233,13.2236095346198,732,65,110,28,138,51,27,216,23278,8,direct_2011_lsoa_code,1,Barnet 010D,,19,,17,12,12,,28,,21,,18,7,7,,17
E01000124,1865,401,21.5013404825737,204,10.9383378016086,793,71,94,41,135,81,35,251,11634,4,direct_2011_lsoa_code,1,Barnet 010E,6,6,7,7,9,9,,21,,13,7,7,2,2,,10
E01000126,2272,460,20.2464788732394,149,6.5580985915493,770,40,132,18,150,77,56,283,6407,2,direct_2011_lsoa_code,1,Barnet 026A,10,10,,17,7,7,,19,,22,,14,1,1,,16
E01000127,1556,361,23.2005141388175,165,10.6041131105398,515,30,87,7,94,51,61,206,9275,3,direct_2011_lsoa_code,1,Barnet 024B,9,9,14,14,1,1,,19,,21,,18,7,7,10,10
E01000128,2051,443,21.5992198927353,217,10.580204778157,641,52,131,14,145,45,68,258,9555,3,direct_2011_lsoa_code,1,Barnet 024C,6,6,13,13,6,6,,19,,22,14,14,5,5,10,10
E01000129,1602,341,21.2858926342072,187,11.6729088639201,571,70,86,12,98,70,36,204,7554,3,direct_2011_lsoa_code,1,Barnet 024D,4,4,0,0,7,7,11,10,,16,,11,1,1,6,6
E01000130,1937,407,21.0118740320083,197,10.1703665462055,658,36,100,11,111,73,57,241,7621,3,direct_2011_lsoa_code,1,Barnet 021A,8,8,,16,12,12,,20,,20,,18,5,5,,16
E01000131,2023,420,20.7612456747405,261,12.9016312407316,711,56,110,18,128,82,54,264,13623,5,direct_2011_lsoa_code,1,Barnet 024E,13,13,10,10,3,3,,17,,24,8,8,6,6,13,13
E01000132,1620,412,25.4320987654321,114,7.03703703703704,505,24,109,17,126,66,44,236,10459,4,direct_2011_lsoa_code,1,Barnet 021B,5,5,,18,6,6,,24,,23,,20,5,5,15,17
E01000133,1645,369,22.4316109422492,172,10.4559270516717,577,52,101,13,114,59,45,218,7660,3,direct_2011_lsoa_code,1,Barnet 021C,5,5,,14,5,5,,20,,17,,15,3,3,,15
E01000134,1825,406,22.2465753424658,181,9.91780821917808,632,63,125,13,138,77,56,271,10969,4,direct_2011_lsoa_code,1,Barnet 024F,3,3,,14,10,10,,21,,20,,17,1,1,10,10
E01000135,1700,312,18.3529411764706,335,19.7058823529412,626,57,140,14,154,20,18,192,21585,7,direct_2011_lsoa_code,1,Barnet 038A,6,6,8,8,7,7,1,1,,26,9,9,5,5,10,10
E01000136,1487,314,21.1163416274378,320,21.5198386012105,562,65,107,11,118,29,29,176,25840,8,direct_2011_lsoa_code,1,Barnet 038B,14,14,9,9,8,8,14,14,,,,16,6,6,15,16
E01000137,1657,411,24.8038624019312,179,10.8026554013277,669,75,90,22,112,128,20,260,8611,3,direct_2011_lsoa_code,1,Barnet 041A,7,7,6,6,2,2,12,12,,,14,13,5,5,,16
E01000138,1617,286,17.687074829932,226,13.9764996907854,655,60,99,12,111,45,28,184,9114,3,direct_2011_lsoa_code,1,Barnet 040A,5,5,15,13,10,10,4,4,,,7,7,3,3,,19
E01000139,1389,240,17.2786177105832,227,16.3426925845932,545,61,104,7,111,27,21,159,21727,7,direct_2011_lsoa_code,1,Barnet 041B,9,9,14,13,10,10,8,8,,,9,9,4,4,,19
E01000140,1958,332,16.9560776302349,199,10.1634320735444,867,73,145,9,154,50,14,218,17164,6,direct_2011_lsoa_code,1,Barnet 041C,5,5,3,3,4,4,11,10,,27,12,10,2,2,,11
E01000141,1865,298,15.9785522788204,173,9.27613941018767,789,63,99,13,112,61,31,204,8601,3,direct_2011_lsoa_code,1,Barnet 039A,14,12,10,10,15,14,10,10,,,8,8,4,4,,16
E01000142,2236,429,19.1860465116279,290,12.9695885509839,893,59,160,23,183,77,34,294,17305,6,direct_2011_lsoa_code,1,Barnet 040B,5,5,13,12,8,8,10,10,,,7,7,4,4,,18
E01000143,1670,358,21.437125748503,148,8.8622754491018,680,46,89,7,96,110,25,231,7380,3,direct_2011_lsoa_code,1,Barnet 041D,8,8,11,11,15,14,12,12,,,12,11,4,4,,18
E01000144,1661,311,18.7236604455148,195,11.7399157134256,746,61,111,12,123,24,24,171,15833,5,direct_2011_lsoa_code,1,Barnet 038C,11,11,6,6,,16,6,6,,24,4,4,2,2,8,8
E01000145,1611,433,26.8777157045314,251,15.5803848541279,489,48,119,3,122,27,19,168,19310,6,direct_2011_lsoa_code,1,Barnet 037A,11,11,12,11,,20,5,5,,29,7,7,5,5,,14
E01000146,1871,283,15.1256012827365,221,11.811865312667,870,72,110,5,115,30,32,177,15647,5,direct_2011_lsoa_code,1,Barnet 038D,11,11,3,3,12,10,4,4,,21,5,5,2,2,5,5
E01000147,1913,305,15.9435441714584,284,14.845791949817,559,59,94,8,102,18,74,194,21282,7,direct_2011_lsoa_code,1,Barnet 043F,8,8,12,12,10,10,5,5,,28,6,6,5,5,12,12
E01000150,2251,465,20.6574855619725,310,13.771657041315,772,59,142,21,163,51,60,274,18371,6,direct_2011_lsoa_code,1,Barnet 036A,,16,6,6,,18,,17,,,,15,7,7,,21
E01000151,1719,514,29.9011052937755,98,5.70098894706225,656,38,102,21,123,167,34,324,4606,2,direct_2011_lsoa_code,1,Barnet 026B,2,2,11,11,11,11,13,13,,,13,13,3,3,,18
E01000152,2690,712,26.4684014869889,137,5.09293680297398,928,31,205,41,246,109,56,411,6908,3,direct_2011_lsoa_code,1,Barnet 026C,5,5,,14,10,10,,15,,20,,13,2,2,,18
E01000153,1932,441,22.8260869565217,209,10.8178053830228,739,75,126,25,151,93,43,287,3826,2,direct_2011_lsoa_code,1,Barnet 026D,10,10,,17,4,4,,18,,23,,14,7,7,,17
E01000154,1915,385,20.1044386422977,165,8.61618798955614,707,40,101,20,121,74,43,238,6805,3,direct_2011_lsoa_code,1,Barnet 026E,13,13,8,8,9,9,10,10,,25,4,4,2,2,11,11
E01000156,2029,496,24.4455396747166,218,10.7442089699359,750,73,198,44,242,60,22,324,26669,9,direct_2011_lsoa_code,1,Barnet 022A,11,11,,15,7,7,2,2,,,2,2,2,2,,25
E01000157,1584,364,22.979797979798,187,11.8055555555556,672,64,113,37,150,64,19,233,21431,7,direct_2011_lsoa_code,1,Barnet 022B,7,7,,20,10,10,9,9,,,10,10,7,7,,29
E01000158,1468,303,20.6403269754768,203,13.8283378746594,542,38,107,23,130,53,20,203,14606,5,direct_2011_lsoa_code,1,Barnet 015A,4,4,12,12,7,7,15,15,,22,14,14,8,8,,18
E01000159,1785,319,17.8711484593838,300,16.8067226890756,648,52,117,27,144,49,34,227,17696,6,direct_2011_lsoa_code,1,Barnet 015B,9,9,13,11,4,4,13,12,,26,,15,1,1,,19
E01000160,1953,377,19.3036354326677,201,10.2918586789555,801,43,143,28,171,65,36,272,22025,7,direct_2011_lsoa_code,1,Barnet 015C,8,8,5,5,8,8,,14,,15,6,6,3,3,,11
E01000161,2035,407,20,307,15.0859950859951,812,67,146,28,174,93,27,294,19434,6,direct_2011_lsoa_code,1,Barnet 015D,13,13,12,12,1,1,15,17,,22,13,13,6,6,,18
E01000162,1650,289,17.5151515151515,373,22.6060606060606,552,64,102,15,117,39,33,189,15689,5,direct_2011_lsoa_code,1,Barnet 015E,3,3,1,1,3,3,4,4,,17,,13,0,0,,15
E01000163,1687,359,21.2803793716657,139,8.23947836395969,797,58,104,28,132,95,18,245,8744,3,direct_2011_lsoa_code,1,Barnet 022C,7,7,,18,8,8,12,12,,,14,14,7,7,,26
E01000164,1712,370,21.6121495327103,185,10.8060747663551,647,54,118,21,139,71,34,244,10557,4,direct_2011_lsoa_code,1,Barnet 022D,7,7,12,12,11,11,12,11,,,14,11,3,3,,26
E01000165,1810,344,19.0055248618785,292,16.1325966850829,707,63,125,27,152,69,27,248,20782,7,direct_2011_lsoa_code,1,Barnet 022E,11,11,14,12,12,12,13,13,,28,,19,5,5,,24
E01000166,1618,314,19.406674907293,313,19.344870210136,653,77,122,19,141,54,24,219,19054,6,direct_2011_lsoa_code,1,Barnet 003A,13,13,,28,2,2,,23,,,,21,8,8,,17
E01000167,1389,289,20.8063354931605,170,12.2390208783297,526,49,89,23,112,55,25,192,8854,3,direct_2011_lsoa_code,1,Barnet 002A,3,3,,23,8,8,,27,,,15,20,3,3,,20
E01000168,1514,236,15.5878467635403,371,24.5046235138705,559,80,103,12,115,14,29,158,28357,9,direct_2011_lsoa_code,1,Barnet 003B,13,13,,22,,19,,29,,,13,13,7,7,15,15
E01000169,1630,321,19.6932515337423,257,15.7668711656442,693,70,125,18,143,59,18,220,20813,7,direct_2011_lsoa_code,1,Barnet 003C,6,6,12,12,14,14,,23,,26,13,13,7,7,,20
E01000170,1907,395,20.7131620346093,225,11.7986366019927,695,67,169,34,203,57,30,290,14031,5,direct_2011_lsoa_code,1,Barnet 006A,4,4,3,3,5,5,,24,,26,,17,6,6,,24
E01000171,2292,559,24.3891797556719,162,7.06806282722513,997,71,156,46,202,167,24,393,11210,4,direct_2011_lsoa_code,1,Barnet 006B,5,5,7,7,13,13,,21,,26,9,9,5,5,,22
E01000172,1690,368,21.7751479289941,293,17.3372781065089,608,76,171,21,192,22,18,232,26533,9,direct_2011_lsoa_code,1,Barnet 003D,,,,,,,,,,,,,,,,
E01000173,1691,391,23.1224127735068,250,14.7841513897102,610,60,150,22,172,59,22,253,24872,8,direct_2011_lsoa_code,1,Barnet 006C,6,6,13,13,7,7,,28,,28,,24,8,8,,24
E01000174,1762,381,21.6231555051078,244,13.8479001135074,761,103,128,55,183,75,18,276,17685,6,direct_2011_lsoa_code,1,Barnet 006D,7,7,10,10,8,8,,23,,26,,17,3,3,,21
E01000175,2031,521,25.6523879862137,288,14.1802067946824,638,66,153,25,178,30,42,250,27536,9,direct_2011_lsoa_code,1,Barnet 006E,8,8,,16,7,7,,27,,26,,22,2,2,,28
E01000176,1722,244,14.1695702671312,357,20.7317073170732,721,153,77,10,87,70,24,181,7768,3,direct_2011_lsoa_code,1,Barnet 027A,13,13,,18,8,8,,13,,22,,21,4,4,,24
E01000177,1663,385,23.1509320505111,234,14.0709561034275,687,98,168,27,195,45,15,255,26742,9,direct_2011_lsoa_code,1,Barnet 029A,7,7,13,13,5,5,,17,,25,8,8,6,6,,16
E01000178,1673,365,21.8170950388524,250,14.9432157800359,676,86,143,26,169,51,20,240,27008,9,direct_2011_lsoa_code,1,Barnet 027B,9,9,,15,13,13,,19,,27,13,13,6,6,,17
E01000179,1791,387,21.608040201005,150,8.37520938023451,771,55,176,27,203,43,19,265,26462,9,direct_2011_lsoa_code,1,Barnet 029B,12,12,,18,3,3,,15,,23,12,12,7,7,,20
E01000180,1613,312,19.3428394296342,276,17.1109733415995,671,128,111,22,133,48,21,202,19391,6,direct_2011_lsoa_code,1,Barnet 029C,4,4,9,9,4,4,14,14,,25,9,9,0,0,8,8
E01000181,1691,287,16.9722057953873,256,15.1389710230633,684,56,131,18,149,24,17,190,26821,9,direct_2011_lsoa_code,1,Barnet 029D,9,9,4,4,9,9,10,10,,24,4,4,3,3,10,10
E01000182,1617,261,16.1410018552876,262,16.2028447742733,731,96,139,17,156,24,10,190,27057,9,direct_2011_lsoa_code,1,Barnet 029E,6,6,7,7,9,9,1,1,,21,3,3,4,4,5,5
E01000183,1519,320,21.0664911125741,334,21.9881500987492,602,113,146,14,160,30,13,203,23760,8,direct_2011_lsoa_code,1,Barnet 033A,1,1,,17,8,8,,22,,,5,5,6,6,,20
E01000184,1878,361,19.2225772097977,179,9.53141640042599,710,46,115,16,131,69,27,227,7110,3,direct_2011_lsoa_code,1,Barnet 027C,,22,,21,3,3,,20,,28,,22,9,9,,23
E01000185,1474,241,16.3500678426052,189,12.8222523744912,642,106,80,7,87,68,17,172,10299,4,direct_2011_lsoa_code,1,Barnet 029F,10,10,,15,5,5,,15,,23,14,14,4,4,,17
E01000186,1770,459,25.9322033898305,320,18.0790960451977,507,35,151,3,154,19,35,208,30326,10,direct_2011_lsoa_code,1,Barnet 014A,2,2,15,14,,18,3,3,,19,,15,5,5,,14
E01000187,1738,484,27.8481012658228,328,18.8722669735328,597,100,150,13,163,31,21,215,21042,7,direct_2011_lsoa_code,1,Barnet 014B,5,5,6,6,,20,10,10,,21,7,7,0,0,,17
E01000188,1578,373,23.637515842839,341,21.6096324461344,509,45,146,7,153,18,22,193,27036,9,direct_2011_lsoa_code,1,Barnet 014C,,,,,,,,,,,,,,,,
E01000189,2470,570,23.0769230769231,133,5.38461538461539,981,50,215,17,232,112,29,373,11051,4,direct_2011_lsoa_code,1,Barnet 014D,6,6,,23,,23,6,6,,23,7,7,4,4,,19
E01000190,1732,384,22.1709006928407,331,19.1108545034642,573,66,146,14,160,32,33,225,24311,8,direct_2011_lsoa_code,1,Barnet 014E,14,14,15,15,11,11,13,13,,22,14,14,8,8,,18
E01000191,1549,353,22.7888960619755,368,23.7572627501614,555,97,137,2,139,21,24,184,28527,9,direct_2011_lsoa_code,1,Barnet 014F,5,5,9,7,14,14,4,4,,12,15,9,0,0,14,8
E01000192,1994,448,22.4674022066199,363,18.2046138415246,709,91,152,6,158,42,36,236,18475,6,direct_2011_lsoa_code,1,Barnet 018A,5,5,3,3,,21,14,14,13,13,9,9,5,5,6,6
E01000193,1950,361,18.5128205128205,302,15.4871794871795,706,70,120,12,132,52,47,231,17828,6,direct_2011_lsoa_code,1,Barnet 018B,,20,14,14,10,10,,17,,17,15,15,4,4,,17
E01000194,1905,454,23.8320209973753,234,12.2834645669291,704,66,119,18,137,96,45,278,14920,5,direct_2011_lsoa_code,1,Barnet 018C,10,10,4,4,,16,,15,3,3,5,5,3,3,5,5
E01000195,2018,502,24.8761149653122,201,9.9603567888999,720,60,130,21,151,95,57,303,9593,3,direct_2011_lsoa_code,1,Barnet 013A,13,13,12,12,,21,,19,,28,11,11,3,3,,24
E01000196,2124,303,14.2655367231638,315,14.8305084745763,1093,129,126,19,145,51,15,211,21850,7,direct_2011_lsoa_code,1,Barnet 028A,2,2,5,5,4,4,,17,,23,5,5,1,1,9,9
E01000197,1851,358,19.3408968125338,239,12.9119394921664,731,53,121,37,158,48,37,243,21591,7,direct_2011_lsoa_code,1,Barnet 023A,6,6,10,10,4,4,,21,,29,10,10,4,4,10,10
E01000198,2193,578,26.3565891472868,330,15.0478796169631,779,79,213,10,223,47,38,308,22353,7,direct_2011_lsoa_code,1,Barnet 025A,5,5,,19,8,8,,26,,25,,22,5,5,,21
E01000199,1579,293,18.5560481317289,424,26.8524382520583,659,109,132,10,142,27,19,188,28042,9,direct_2011_lsoa_code,1,Barnet 025B,8,8,,20,12,12,,28,,,,19,11,11,,21
E01000200,1978,360,18.2002022244692,504,25.4802831142568,873,198,163,15,178,26,21,225,25046,8,direct_2011_lsoa_code,1,Barnet 028B,12,10,,12,11,10,,24,,23,,12,2,2,,14
E01000201,1539,312,20.2729044834308,388,25.2111760883691,528,66,142,5,147,9,29,185,28084,9,direct_2011_lsoa_code,1,Barnet 028C,1,1,15,17,13,13,,23,,27,,18,7,7,,20
E01000202,1673,319,19.0675433353258,294,17.5732217573222,617,61,139,11,150,24,25,199,28623,9,direct_2011_lsoa_code,1,Barnet 028D,12,12,14,14,9,9,,20,,,15,15,6,6,,17
E01000203,1842,371,20.1411509229099,255,13.8436482084691,682,64,133,4,137,94,32,263,18422,6,direct_2011_lsoa_code,1,Barnet 028E,10,10,,19,9,9,,14,,22,,19,3,3,,25
E01000204,1700,308,18.1176470588235,367,21.5882352941177,695,101,138,11,149,32,24,205,24436,8,direct_2011_lsoa_code,1,Barnet 025C,6,6,6,6,5,5,,19,,26,6,6,5,5,8,8
E01000205,1507,340,22.5613802256138,293,19.442601194426,604,99,167,15,182,19,10,211,27397,9,direct_2011_lsoa_code,1,Barnet 035A,8,8,15,13,7,7,,20,,,13,13,3,3,,18
E01000206,1505,267,17.7408637873754,331,21.9933554817276,525,43,96,2,98,17,41,156,25629,8,direct_2011_lsoa_code,1,Barnet 033B,8,8,,22,,21,,28,,,,21,8,8,,27
E01000207,1581,325,20.5566097406705,403,25.4901960784314,644,146,142,10,152,26,17,195,28804,9,direct_2011_lsoa_code,1,Barnet 033C,4,4,14,14,6,6,,22,,,13,13,2,2,,21
E01000208,1630,322,19.7546012269939,323,19.8159509202454,635,76,151,6,157,21,26,204,28766,9,direct_2011_lsoa_code,1,Barnet 033D,7,7,13,13,13,13,12,12,,25,9,9,6,6,6,6
E01000209,1483,244,16.4531355360755,506,34.1200269723533,740,219,123,11,134,24,4,162,28249,9,direct_2011_lsoa_code,1,Barnet 035B,5,5,8,8,4,4,8,8,,,13,13,3,3,,14
E01000210,1550,377,24.3225806451613,223,14.3870967741935,586,66,174,8,182,37,17,236,26833,9,direct_2011_lsoa_code,1,Barnet 033E,14,14,,23,8,8,,23,,,12,12,8,8,,26
E01000211,2128,404,18.984962406015,251,11.7951127819549,925,122,132,15,147,90,35,272,19377,6,direct_2011_lsoa_code,1,Barnet 035C,5,5,3,3,8,8,9,9,,28,12,10,1,1,,13
E01000212,1350,230,17.037037037037,291,21.5555555555556,548,65,100,6,106,21,12,139,24145,8,direct_2011_lsoa_code,1,Barnet 035D,13,13,,14,11,11,14,14,,28,13,13,3,3,,13
E01000213,1351,322,23.8341968911917,232,17.1724648408586,450,41,152,8,160,10,20,190,27586,9,direct_2011_lsoa_code,1,Barnet 033F,8,8,12,12,12,12,,27,,,12,12,4,4,,24
E01000214,1626,238,14.6371463714637,243,14.9446494464945,774,67,121,9,130,30,13,173,23881,8,direct_2011_lsoa_code,1,Barnet 038E,,15,11,11,7,7,,18,,26,13,13,7,7,11,11
E01000215,2144,716,33.3955223880597,314,14.6455223880597,711,122,218,6,224,30,24,278,20414,7,direct_2011_lsoa_code,1,Barnet 037B,15,13,7,7,10,10,11,10,,23,7,7,2,2,11,11
E01000216,1978,508,25.6825075834176,263,13.2962588473205,721,85,176,6,182,20,23,225,24507,8,direct_2011_lsoa_code,1,Barnet 035E,5,5,11,11,10,10,11,11,,29,5,5,5,5,,14
E01000217,1785,540,30.2521008403361,213,11.9327731092437,552,44,171,3,174,16,28,218,23520,8,direct_2011_lsoa_code,1,Barnet 035F,8,8,5,5,6,6,10,10,,,13,13,6,6,,17
E01000218,1842,544,29.5331161780673,209,11.3463626492942,586,48,155,8,163,27,22,212,18612,6,direct_2011_lsoa_code,1,Barnet 037C,8,8,6,6,14,14,2,2,,26,7,7,2,2,15,11
E01000219,2196,723,32.9234972677596,197,8.97085610200364,658,52,176,9,185,21,33,239,14460,5,direct_2011_lsoa_code,1,Barnet 037D,9,9,8,8,,17,12,12,,25,9,9,4,4,7,7
E01000220,1888,514,27.2245762711864,319,16.896186440678,675,94,147,7,154,28,25,207,16891,6,direct_2011_lsoa_code,1,Barnet 037E,1,1,8,8,,20,7,7,,29,8,8,6,6,11,11
E01000221,1413,367,25.9731068648266,116,8.20948336871904,528,32,91,15,106,69,25,200,2878,1,direct_2011_lsoa_code,1,Barnet 039B,10,10,4,4,10,10,,20,,,14,14,4,4,13,13
E01000222,2042,421,20.617042115573,204,9.99020568070519,729,44,115,18,133,84,40,257,9539,3,direct_2011_lsoa_code,1,Barnet 040C,11,11,10,10,3,3,,22,,,,20,8,8,,23
E01000223,2030,499,24.5812807881773,158,7.78325123152709,746,46,138,20,158,89,42,289,5606,2,direct_2011_lsoa_code,1,Barnet 039C,,17,,22,7,7,,26,,,15,16,6,6,,25
E01000224,1693,367,21.6774955699941,232,13.7034849379799,558,50,112,8,120,37,44,201,14638,5,direct_2011_lsoa_code,1,Barnet 040D,8,8,,17,8,8,,19,,,,18,3,3,,18
E01000225,1869,630,33.7078651685393,285,15.2487961476726,582,96,193,4,197,15,13,225,23364,8,direct_2011_lsoa_code,1,Barnet 037F,12,12,10,10,8,8,15,15,,,,19,6,6,,19
E01000226,1735,365,21.0374639769452,192,11.0662824207493,601,67,99,16,115,58,50,223,7222,3,direct_2011_lsoa_code,1,Barnet 018D,6,6,,14,10,10,,23,15,15,,16,0,0,15,13
E01000227,1869,374,20.0107009095773,352,18.8336008560728,600,50,151,3,154,13,62,229,24577,8,direct_2011_lsoa_code,1,Barnet 018E,9,9,,13,,18,,21,,18,,15,3,3,15,14
E01000228,1436,302,21.0306406685237,206,14.3454038997215,460,38,127,5,132,25,25,182,21621,7,direct_2011_lsoa_code,1,Barnet 007A,8,8,,,3,3,,,,,,23,5,5,,
E01000229,1671,380,22.7408737283064,212,12.687013764213,586,53,125,16,141,54,28,223,13079,4,direct_2011_lsoa_code,1,Barnet 013B,11,11,11,11,1,1,,18,,21,10,10,6,6,,21
E01000230,1958,526,26.8641470888662,412,21.0418794688458,658,101,157,9,166,24,34,224,27204,9,direct_2011_lsoa_code,1,Barnet 013C,7,7,11,11,14,14,9,9,,18,12,12,3,3,,17
E01000231,1783,385,21.5928210880538,215,12.0583286595625,619,51,137,15,152,59,45,256,16447,6,direct_2011_lsoa_code,1,Barnet 013D,7,7,,23,9,9,,25,,22,12,12,7,7,,27
E01000232,1867,384,20.5677557579004,356,19.0680235672201,704,85,149,13,162,44,29,235,19413,6,direct_2011_lsoa_code,1,Barnet 013E,13,12,,12,,10,,19,,18,10,10,4,4,,13
E01000233,1938,418,21.5686274509804,262,13.5190918472652,655,55,173,17,190,35,38,263,25991,8,direct_2011_lsoa_code,1,Barnet 013F,6,6,,12,,11,,21,,17,15,12,2,2,,14
E01000234,1785,422,23.6414565826331,260,14.5658263305322,676,65,164,10,174,47,24,245,26226,8,direct_2011_lsoa_code,1,Barnet 021D,3,3,9,9,,12,,20,,14,12,11,0,0,,13
E01000235,1862,362,19.4414607948443,169,9.07626208378088,654,36,99,21,120,71,51,242,11811,4,direct_2011_lsoa_code,1,Barnet 021E,4,4,13,13,5,5,,21,,18,,15,3,3,,14
E01000236,1954,554,28.3520982599795,228,11.6683725690891,697,66,201,11,212,30,30,272,23808,8,direct_2011_lsoa_code,1,Barnet 034A,6,6,9,9,12,12,,14,,23,,13,4,4,15,13
E01000237,2097,446,21.2684787792084,214,10.205054840248,727,50,157,8,165,45,36,246,25066,8,direct_2011_lsoa_code,1,Barnet 032A,6,6,11,11,12,12,,22,,22,,20,5,5,8,8
E01000238,2092,579,27.6768642447419,192,9.17782026768642,645,41,176,12,188,48,39,275,19485,6,direct_2011_lsoa_code,1,Barnet 034B,8,8,12,12,9,9,,22,,24,,19,6,6,,21
E01000239,2057,359,17.4526008750608,186,9.04229460379193,934,65,125,21,146,57,38,241,13120,4,direct_2011_lsoa_code,1,Barnet 031A,8,8,13,13,7,7,12,12,,19,,14,2,2,,13
E01000240,1733,297,17.1379111367571,293,16.9070975187536,625,60,97,14,111,36,45,192,14717,5,direct_2011_lsoa_code,1,Barnet 031B,14,14,,29,9,9,,,11,11,,26,8,8,,24
E01000241,1788,354,19.7986577181208,271,15.1565995525727,700,76,140,10,150,33,32,215,23646,8,direct_2011_lsoa_code,1,Barnet 031C,6,6,9,9,12,12,,25,1,1,,24,9,9,,20
E01000242,1602,387,24.1573033707865,299,18.6641697877653,595,90,138,5,143,30,23,196,15111,5,direct_2011_lsoa_code,1,Barnet 032B,9,9,,17,15,15,,25,,23,,24,3,3,,21
E01000243,2163,425,19.6486361534905,223,10.3097549699491,900,94,130,11,141,51,34,226,19861,7,direct_2011_lsoa_code,1,Barnet 032C,4,4,7,7,14,13,,20,11,11,,17,1,1,,15
E01000244,1641,261,15.9049360146252,216,13.1627056672761,630,58,91,9,100,38,29,167,18293,6,direct_2011_lsoa_code,1,Barnet 032D,4,4,5,5,7,7,,16,12,12,,17,0,0,,15
E01000245,2055,371,18.0535279805353,178,8.661800486618,877,70,121,14,135,94,26,255,11312,4,direct_2011_lsoa_code,1,Barnet 032E,6,6,4,4,14,14,,17,,19,,16,3,3,13,13
E01000246,1520,268,17.6315789473684,335,22.0394736842105,642,106,117,18,135,27,14,176,23751,8,direct_2011_lsoa_code,1,Barnet 002B,13,13,,22,12,12,,20,,29,,20,8,8,,23
E01000247,1694,326,19.2443919716647,216,12.7508854781582,730,63,132,26,158,49,23,230,24330,8,direct_2011_lsoa_code,1,Barnet 002C,6,6,,19,,19,,17,,26,,14,4,4,,20
E01000248,1700,312,18.3529411764706,363,21.3529411764706,719,120,131,51,182,37,9,228,27938,9,direct_2011_lsoa_code,1,Barnet 001A,5,5,10,10,5,5,,14,12,12,11,11,1,1,,16
E01000249,1609,307,19.0801740211311,344,21.3797389683033,620,74,148,14,162,33,8,203,29613,10,direct_2011_lsoa_code,1,Barnet 001B,5,5,,19,7,7,,20,12,12,,18,7,7,,22
E01000250,2610,436,16.7049808429119,407,15.5938697318008,1142,146,166,47,213,73,17,303,21023,7,direct_2011_lsoa_code,1,Barnet 001C,7,7,7,7,11,11,9,9,,17,9,9,5,5,12,12
E01000251,2265,418,18.4547461368653,334,14.7461368653422,1056,150,133,22,155,75,55,285,15365,5,direct_2011_lsoa_code,1,Barnet 002D,7,7,12,12,11,11,,16,,25,6,6,1,1,,17
E01000252,1716,294,17.1328671328671,294,17.1328671328671,794,131,112,24,136,49,18,203,20654,7,direct_2011_lsoa_code,1,Barnet 002E,9,9,,16,7,7,,15,,23,10,10,4,4,,16
E01000253,1982,387,19.5257315842583,448,22.6034308779011,707,88,178,16,194,13,26,233,25200,8,direct_2011_lsoa_code,1,Barnet 007B,,,,,,18,,,,,,,10,10,,
E01000254,1598,287,17.9599499374218,365,22.8410513141427,633,90,128,25,153,20,14,187,27346,9,direct_2011_lsoa_code,1,Barnet 001D,13,13,,21,6,6,,23,,,14,14,2,2,,26
E01000255,1701,327,19.2239858906526,278,16.3433274544386,630,63,112,15,127,51,35,213,15471,5,direct_2011_lsoa_code,1,Barnet 017A,4,4,,20,9,9,7,7,,25,,24,7,7,,20
E01000256,1929,473,24.5204769310524,309,16.0186625194401,677,69,179,13,192,41,23,256,23742,8,direct_2011_lsoa_code,1,Barnet 016A,9,9,,19,8,8,,27,,18,,15,4,4,,20
E01000257,2090,431,20.622009569378,243,11.6267942583732,914,112,140,23,163,74,35,272,10770,4,direct_2011_lsoa_code,1,Barnet 017B,8,8,7,7,12,12,11,11,,28,11,11,4,4,8,8
E01000258,1892,328,17.3361522198732,391,20.6659619450317,782,105,145,18,163,30,21,214,25595,8,direct_2011_lsoa_code,1,Barnet 016B,4,4,,14,7,7,13,13,10,10,13,11,0,0,,21
E01000259,2644,554,20.9531013615734,390,14.750378214826,979,113,225,23,248,66,43,357,20665,7,direct_2011_lsoa_code,1,Barnet 025D,,17,13,13,,21,14,14,,26,12,12,9,9,,19
E01000260,2169,465,21.4384508990318,241,11.1111111111111,847,73,173,25,198,71,40,309,14473,5,direct_2011_lsoa_code,1,Barnet 025E,2,2,,21,5,5,,29,,18,,17,5,5,,22
E01000261,1768,317,17.9298642533937,437,24.7171945701358,680,156,144,6,150,18,16,184,27512,9,direct_2011_lsoa_code,1,Barnet 017C,8,8,,17,8,8,15,15,,17,,16,5,5,,22
E01000263,1527,349,22.8552717747217,251,16.437459070072,502,45,171,5,176,12,21,209,29609,10,direct_2011_lsoa_code,1,Barnet 016C,13,13,,14,,20,,25,12,12,14,13,5,5,,23
E01000264,1822,364,19.9780461031833,221,12.1295279912184,720,57,152,12,164,42,41,247,17488,6,direct_2011_lsoa_code,1,Barnet 016D,8,8,10,10,,12,,18,15,15,6,6,5,5,,20
E01000265,1921,419,21.8115564809995,249,12.9619989588756,771,74,149,28,177,70,29,276,18822,6,direct_2011_lsoa_code,1,Barnet 011A,6,6,,15,,15,,26,,19,,16,4,4,,16
E01000266,1436,259,18.0362116991643,315,21.9359331476323,504,49,132,4,136,16,13,165,27042,9,direct_2011_lsoa_code,1,Barnet 011B,10,9,,13,13,13,,18,,27,,12,0,0,,16
E01000267,1526,274,17.9554390563565,263,17.2346002621232,580,67,124,11,135,30,24,189,21327,7,direct_2011_lsoa_code,1,Barnet 005A,,23,,21,,22,,,,26,,22,9,9,,26
E01000268,2077,424,20.4140587385652,262,12.6143476167549,933,95,145,26,171,112,20,303,18670,6,direct_2011_lsoa_code,1,Barnet 005B,5,5,,18,10,10,,16,,24,9,9,7,7,,17
E01000269,1385,247,17.8339350180505,269,19.4223826714801,543,66,106,15,121,26,18,165,23965,8,direct_2011_lsoa_code,1,Barnet 005C,13,12,,12,7,7,,11,,21,8,8,2,2,,12
E01000270,1546,283,18.3053040103493,283,18.3053040103493,634,88,125,20,145,29,21,195,22199,7,direct_2011_lsoa_code,1,Barnet 005D,10,10,,17,14,14,,23,,26,13,13,4,4,,24
E01000271,1637,278,16.9822846670739,366,22.3579718998167,614,90,128,3,131,24,26,181,28725,9,direct_2011_lsoa_code,1,Barnet 008A,,16,12,12,11,11,,15,,25,,13,4,4,,17
E01000272,1426,237,16.6199158485274,389,27.2791023842917,503,52,118,7,125,15,22,162,30661,10,direct_2011_lsoa_code,1,Barnet 008B,10,10,,21,,24,,27,7,7,,18,4,4,,22
E01000273,1669,260,15.5781905332534,348,20.8508088675854,743,104,105,18,123,44,16,183,19790,7,direct_2011_lsoa_code,1,Barnet 008C,13,13,10,10,13,13,,19,9,9,7,7,1,1,11,11
E01000274,1936,407,21.0227272727273,269,13.8946280991736,697,68,143,21,164,60,35,259,18373,6,direct_2011_lsoa_code,1,Barnet 011C,6,6,,14,,15,,20,,18,,12,1,1,,15
E01000275,1744,302,17.3165137614679,396,22.7064220183486,668,74,134,9,143,31,23,197,20490,7,direct_2011_lsoa_code,1,Barnet 012A,8,8,,16,10,10,,16,,,,16,8,8,7,7
E01000276,1537,390,25.3741054001301,264,17.1763175016265,497,39,196,5,201,12,21,234,31443,10,direct_2011_lsoa_code,1,Barnet 020A,12,12,,22,13,13,,,,,,19,8,8,,19
E01000277,1648,246,14.9271844660194,297,18.0218446601942,744,123,101,9,110,40,16,166,15935,5,direct_2011_lsoa_code,1,Barnet 012B,4,4,8,8,12,12,11,11,,28,10,10,4,4,4,4
E01000278,1476,369,25,264,17.8861788617886,500,46,174,12,186,15,13,214,29998,10,direct_2011_lsoa_code,1,Barnet 020B,13,13,,19,12,12,,26,,,,20,5,5,,19
E01000279,1365,218,15.970695970696,356,26.0805860805861,506,62,103,7,110,14,22,146,25843,8,direct_2011_lsoa_code,1,Barnet 007C,,15,,23,,20,,,,23,,20,4,4,,19
E01000280,1338,223,16.6666666666667,351,26.2331838565022,507,59,122,4,126,12,13,151,31544,10,direct_2011_lsoa_code,1,Barnet 007D,,22,,23,2,2,,,,,14,14,12,12,,20
E01000281,1789,391,21.8557853549469,198,11.0676355505869,780,71,156,26,182,53,16,251,23416,8,direct_2011_lsoa_code,1,Barnet 008D,9,9,11,11,,14,,16,14,14,8,8,4,4,12,12
E01000282,1808,356,19.6902654867257,298,16.4823008849558,692,79,174,12,186,25,21,232,26321,9,direct_2011_lsoa_code,1,Barnet 008E,12,11,7,7,11,11,,17,,23,5,5,3,3,4,4
E01000283,1370,284,20.7299270072993,301,21.970802919708,471,50,136,6,142,12,15,169,30858,10,direct_2011_lsoa_code,1,Barnet 012C,7,7,,20,10,10,,28,,,,17,5,5,,17
E01000284,1805,305,16.8975069252078,241,13.3518005540166,812,105,108,12,120,54,48,222,18467,6,direct_2011_lsoa_code,1,Barnet 012D,5,5,14,14,4,4,9,9,,29,,16,6,6,15,15
E01000285,1513,310,20.4890945142102,286,18.9028420356907,612,89,111,16,127,51,23,201,18783,6,direct_2011_lsoa_code,1,Barnet 004A,,22,,23,,27,,28,14,14,10,10,10,10,,
E01000286,1717,342,19.9184624344787,268,15.608619685498,665,83,102,34,136,55,29,220,11433,4,direct_2011_lsoa_code,1,Barnet 007E,11,11,,18,12,12,,21,11,11,6,6,0,0,,23
E01000287,1628,330,20.2702702702703,253,15.5405405405405,609,78,94,16,110,78,35,223,12242,4,direct_2011_lsoa_code,1,Barnet 004B,9,9,,18,12,12,,24,,19,9,9,3,3,,27
E01000288,1549,295,19.0445448676566,248,16.010329244674,565,87,130,22,152,33,24,209,21005,7,direct_2011_lsoa_code,1,Barnet 004C,6,6,,14,5,5,14,13,,22,12,12,1,1,13,13
E01000289,1581,343,21.6951296647691,181,11.4484503478811,549,51,92,18,110,70,29,209,4786,2,direct_2011_lsoa_code,1,Barnet 004D,13,13,14,14,7,7,13,13,,27,,19,7,7,,20
E01000290,1623,268,16.5126309303758,382,23.5366605052372,669,131,123,11,134,37,15,186,14405,5,direct_2011_lsoa_code,1,Barnet 007F,14,14,,,5,5,,,,,,,11,11,,
E01000291,1560,321,20.5769230769231,187,11.9871794871795,619,64,114,19,133,68,24,225,6697,3,direct_2011_lsoa_code,1,Barnet 004E,9,9,6,6,10,10,,19,,26,,17,5,5,,22
E01000292,1544,270,17.4870466321244,379,24.5466321243523,650,105,99,20,119,37,20,176,22974,7,direct_2011_lsoa_code,1,Barnet 001E,11,11,7,7,12,12,,14,,19,12,12,1,1,,17
E01000293,1773,304,17.1460800902425,329,18.556119571348,708,79,150,14,164,27,21,212,27550,9,direct_2011_lsoa_code,1,Barnet 001F,8,8,10,10,5,5,3,3,,18,12,11,4,4,7,7
E01000294,1809,321,17.7446102819237,379,20.9508015478165,733,112,154,20,174,40,18,232,21893,7,direct_2011_lsoa_code,1,Barnet 004F,,19,,17,9,9,,18,,17,,16,9,9,,20
E01000295,1614,272,16.8525402726146,226,14.002478314746,652,62,124,13,137,23,21,181,20731,7,direct_2011_lsoa_code,1,Barnet 023B,15,15,8,8,14,14,,21,,25,7,7,6,6,9,9
E01000296,1785,320,17.9271708683473,199,11.1484593837535,761,58,131,40,171,42,31,244,22036,7,direct_2011_lsoa_code,1,Barnet 023C,14,13,4,4,7,7,,20,,22,2,2,3,3,8,8
E01000297,1419,258,18.1818181818182,183,12.8964059196617,536,41,106,18,124,24,24,172,25783,8,direct_2011_lsoa_code,1,Barnet 027D,6,6,14,14,10,10,13,12,,21,15,16,3,3,,20
E01000298,1712,310,18.107476635514,221,12.9088785046729,729,80,131,17,148,31,23,202,22372,7,direct_2011_lsoa_code,1,Barnet 023D,13,13,4,4,5,5,,19,,22,6,6,3,3,13,13
E01000299,2219,433,19.5132942767012,270,12.1676430824696,905,104,163,21,184,59,56,299,16989,6,direct_2011_lsoa_code,1,Barnet 019A,4,4,1,1,,14,9,7,,13,0,0,1,1,,12
E01000300,1665,342,20.5405405405405,246,14.7747747747748,682,73,123,39,162,41,23,226,21880,7,direct_2011_lsoa_code,1,Barnet 019B,4,4,9,9,11,11,13,13,,25,8,8,3,3,12,12
E01000301,1496,332,22.192513368984,276,18.4491978609626,529,55,154,11,165,15,29,209,28246,9,direct_2011_lsoa_code,1,Barnet 020C,15,15,,20,5,5,,26,,,,18,8,8,,18
E01000302,1799,322,17.8988326848249,254,14.1189549749861,836,93,141,21,162,42,23,227,18360,6,direct_2011_lsoa_code,1,Barnet 019C,3,3,8,8,14,13,,17,,21,12,12,4,4,12,12
E01000303,1496,316,21.1229946524064,247,16.5106951871658,535,48,148,12,160,19,32,211,28555,9,direct_2011_lsoa_code,1,Barnet 020D,14,14,12,12,2,2,,23,,29,10,10,3,3,,17
E01000304,1556,269,17.2879177377892,196,12.5964010282776,603,40,107,21,128,41,17,186,20455,7,direct_2011_lsoa_code,1,Barnet 020E,8,8,14,14,6,6,,23,,,14,14,5,5,,17
E01000305,1622,243,14.9815043156597,195,12.0221948212084,650,57,81,8,89,30,46,165,9115,3,direct_2011_lsoa_code,1,Barnet 036B,11,11,11,11,,25,12,12,,,10,10,9,9,,25
E01000306,1968,292,14.8373983739837,237,12.0426829268293,618,42,77,11,88,26,95,209,19906,7,direct_2011_lsoa_code,1,Barnet 036C,5,5,8,8,12,12,11,11,,,6,6,5,5,,17
E01000307,1652,327,19.7941888619855,216,13.0750605326877,556,58,92,12,104,39,44,187,11835,4,direct_2011_lsoa_code,1,Barnet 039D,12,12,13,13,6,6,,24,,,14,14,7,7,,20
E01000308,2110,345,16.3507109004739,207,9.81042654028436,960,80,125,19,144,57,26,227,7151,3,direct_2011_lsoa_code,1,Barnet 036D,13,13,13,13,,16,,18,,,,16,9,9,,23
E01000309,2051,400,19.5026816187226,246,11.9941491955144,708,60,118,14,132,31,67,230,20046,7,direct_2011_lsoa_code,1,Barnet 031D,10,10,,14,5,5,,19,,24,,21,5,5,14,14
E01000310,2194,376,17.1376481312671,292,13.3090246125798,844,70,122,12,134,55,36,225,15067,5,direct_2011_lsoa_code,1,Barnet 034C,13,13,10,10,11,11,,20,,28,,19,3,3,8,8
E01000311,1771,570,32.1852060982496,195,11.0107284020328,520,47,177,7,184,21,21,226,23246,8,direct_2011_lsoa_code,1,Barnet 034D,4,4,13,13,5,5,,15,,24,,14,5,5,12,12
E01000312,1772,318,17.9458239277652,136,7.67494356659142,723,47,118,17,135,37,35,207,10806,4,direct_2011_lsoa_code,1,Barnet 036E,10,10,6,6,7,7,14,14,,,12,12,4,4,,17
E01000313,1901,341,17.9379274066281,197,10.3629668595476,712,53,100,22,122,47,38,207,14409,5,direct_2011_lsoa_code,1,Barnet 036F,4,4,7,7,8,8,9,9,,26,8,8,2,2,,13
E01000314,2167,342,15.7821873557914,229,10.5676049838486,783,50,126,9,135,35,51,221,23679,8,direct_2011_lsoa_code,1,Barnet 032F,10,10,,16,10,10,,17,,26,,19,3,3,6,6
E01000315,1700,309,18.1764705882353,225,13.2352941176471,634,61,88,12,100,76,35,211,6785,3,direct_2011_lsoa_code,1,Barnet 022F,8,8,13,13,10,10,,15,,17,,21,2,2,,26
E01000316,2288,479,20.9353146853147,255,11.1451048951049,887,46,155,26,181,81,50,312,14454,5,direct_2011_lsoa_code,1,Barnet 027E,8,8,,12,11,11,6,6,12,12,,14,3,3,,23
E01000317,1584,315,19.8863636363636,271,17.1085858585859,639,72,134,8,142,40,16,198,23497,8,direct_2011_lsoa_code,1,Barnet 019D,6,6,9,9,7,7,,15,9,9,13,10,3,3,15,15
E01000318,1926,370,19.2107995846314,374,19.4184839044652,634,62,133,10,143,32,42,217,19218,6,direct_2011_lsoa_code,1,Barnet 019E,10,10,4,4,8,8,,13,,20,10,10,2,2,,21
E01000319,1404,311,22.1509971509972,211,15.02849002849,496,42,154,8,162,19,18,199,24628,8,direct_2011_lsoa_code,1,Barnet 027F,5,5,14,14,10,10,8,8,,20,,17,2,2,,21
E01000320,1937,321,16.5720185854414,343,17.7077955601446,807,113,142,21,163,41,30,234,26150,8,direct_2011_lsoa_code,1,Barnet 011D,,18,13,13,,18,14,14,,28,15,16,8,8,,24
E01000321,1963,311,15.8430973000509,278,14.1619969434539,828,61,134,20,154,42,22,218,19535,6,direct_2011_lsoa_code,1,Barnet 012E,14,11,8,8,11,11,7,7,,22,10,10,2,2,,17
E01000322,1856,400,21.551724137931,315,16.9719827586207,803,97,131,19,150,89,29,268,19048,6,direct_2011_lsoa_code,1,Barnet 011E,13,13,11,11,11,11,9,9,,,11,11,2,2,,26
E01000323,2366,371,15.6804733727811,293,12.3837700760778,1019,88,139,16,155,57,39,251,15389,5,direct_2011_lsoa_code,1,Barnet 019F,5,5,5,5,13,13,11,11,,14,6,6,4,4,,21
E01000324,1833,384,20.949263502455,264,14.4026186579378,651,57,144,17,161,47,35,243,20202,7,direct_2011_lsoa_code,1,Barnet 015F,11,11,10,10,11,11,14,13,,27,,19,5,5,,26
E01000325,1647,301,18.2756527018822,317,19.2471159684274,582,56,130,24,154,24,22,200,29599,10,direct_2011_lsoa_code,1,Bexley 014A,11,11,,22,12,12,14,14,,,14,14,5,5,,
E01000326,1382,321,23.2272069464544,176,12.7351664254703,545,47,91,45,136,46,19,201,22206,7,direct_2011_lsoa_code,1,Bexley 014B,,26,,27,,19,,24,,,12,12,5,5,,
E01000327,1629,314,19.2756292203806,381,23.3885819521179,628,105,137,16,153,23,27,203,27457,9,direct_2011_lsoa_code,1,Bexley 017A,11,11,13,13,12,12,8,8,,23,8,7,2,2,,
E01000328,1637,324,19.7923029932804,370,22.6023213194869,611,80,139,31,170,36,18,224,22853,7,direct_2011_lsoa_code,1,Bexley 017B,7,7,,23,7,7,13,13,,,,21,5,5,,
E01000329,1695,372,21.9469026548673,256,15.1032448377581,660,81,122,31,153,63,24,240,18060,6,direct_2011_lsoa_code,1,Bexley 017C,2,2,5,5,15,11,12,11,,,,11,1,1,,
E01000330,1656,286,17.2705314009662,370,22.3429951690821,769,176,74,27,101,49,28,178,16254,5,direct_2011_lsoa_code,1,Bexley 017D,10,10,7,7,10,10,12,12,,25,13,11,2,2,,
E01000331,1684,394,23.396674584323,240,14.2517814726841,621,75,111,38,149,62,35,246,8888,3,direct_2011_lsoa_code,1,Bexley 017E,13,13,,16,6,6,,20,,,,16,2,2,,
E01000332,1595,276,17.3040752351097,359,22.5078369905956,617,93,69,26,95,37,43,175,17857,6,direct_2011_lsoa_code,1,Bexley 005A,9,9,11,11,,21,,27,,29,,20,4,4,,
E01000333,1914,412,21.5256008359457,300,15.6739811912226,810,130,110,47,157,83,26,266,10270,4,direct_2011_lsoa_code,1,Bexley 003A,9,9,3,3,,20,,26,,25,,17,2,2,,
E01000334,1674,353,21.0872162485066,306,18.2795698924731,636,97,107,34,141,45,28,214,21066,7,direct_2011_lsoa_code,1,Bexley 006A,12,10,11,11,,16,,23,,,,15,0,0,,
E01000335,2726,607,22.2670579603815,204,7.48349229640499,1044,50,144,53,197,123,65,385,7186,3,direct_2011_lsoa_code,1,Bexley 003B,,14,4,4,,16,,14,,,,15,1,1,,
E01000336,1998,513,25.6756756756757,196,9.80980980980981,791,89,86,38,124,130,46,300,7373,3,direct_2011_lsoa_code,1,Bexley 003C,8,8,14,14,,16,,25,,,,18,4,4,,
E01000337,1738,408,23.4752589182969,190,10.9321058688147,651,50,95,32,127,93,40,260,14747,5,direct_2011_lsoa_code,1,Bexley 003D,10,10,,21,15,15,,29,,,,22,8,8,,
E01000338,1854,385,20.7659115426106,200,10.7874865156419,693,57,120,27,147,67,45,259,15333,5,direct_2011_lsoa_code,1,Bexley 003E,13,13,14,14,,23,,29,,,,23,5,5,,
E01000339,1620,331,20.4320987654321,295,18.2098765432099,598,67,114,32,146,49,11,206,17653,6,direct_2011_lsoa_code,1,Bexley 025A,,19,,26,,22,8,8,,,,21,5,5,,
E01000340,1584,314,19.8232323232323,310,19.5707070707071,628,90,119,32,151,35,19,205,21230,7,direct_2011_lsoa_code,1,Bexley 018A,12,12,,12,,20,4,4,,24,13,13,2,2,,
E01000341,1540,256,16.6233766233766,370,24.025974025974,625,99,91,41,132,30,16,178,25941,8,direct_2011_lsoa_code,1,Bexley 022A,7,7,,13,12,12,6,6,,26,,15,4,4,,
E01000342,1524,283,18.5695538057743,245,16.0761154855643,637,83,100,47,147,31,16,194,25891,8,direct_2011_lsoa_code,1,Bexley 022B,9,9,,21,3,3,,20,,28,,20,5,5,,
E01000343,1509,305,20.2120609675282,279,18.4890656063618,558,70,117,30,147,33,27,207,26633,9,direct_2011_lsoa_code,1,Bexley 022C,9,9,12,12,9,9,12,12,,,12,12,3,3,,
E01000344,1589,296,18.628067967275,301,18.942731277533,638,97,135,27,162,41,9,212,29332,9,direct_2011_lsoa_code,1,Bexley 025B,,14,,17,12,12,9,9,,23,,16,0,0,,
E01000345,1342,250,18.628912071535,253,18.8524590163934,489,42,94,24,118,23,18,159,29145,9,direct_2011_lsoa_code,1,Bexley 022D,14,13,,18,8,8,11,11,,,10,10,1,1,,
E01000346,1592,309,19.4095477386935,295,18.5301507537688,618,80,119,46,165,23,21,209,24927,8,direct_2011_lsoa_code,1,Bexley 021A,11,11,,21,,25,,22,,,,22,9,9,,
E01000347,1521,295,19.3951347797502,313,20.5785667324129,627,112,94,42,136,41,17,194,23128,8,direct_2011_lsoa_code,1,Bexley 021B,11,11,9,9,,22,11,11,,,12,12,4,4,,
E01000348,1514,290,19.1545574636724,282,18.6261558784676,525,54,131,19,150,14,16,180,30525,10,direct_2011_lsoa_code,1,Bexley 020A,13,13,,23,11,11,,19,,,,20,8,8,,
E01000349,1726,345,19.9884125144844,376,21.784472769409,657,94,158,24,182,30,14,226,27736,9,direct_2011_lsoa_code,1,Bexley 020B,13,13,,21,8,8,,15,,,,16,4,4,,
E01000350,1487,275,18.4936112979153,250,16.8123739071957,523,50,121,22,143,21,19,183,27197,9,direct_2011_lsoa_code,1,Bexley 021C,13,13,15,15,7,7,8,8,,,8,8,2,2,,
E01000351,1613,293,18.1649101053937,341,21.1407315561066,624,79,109,44,153,25,25,203,27580,9,direct_2011_lsoa_code,1,Bexley 024A,14,14,,,12,12,,26,,,,25,11,11,,
E01000352,1617,328,20.2844774273346,282,17.4397031539889,665,102,101,29,130,64,28,222,19159,6,direct_2011_lsoa_code,1,Bexley 021D,8,8,,13,13,13,,14,,28,,15,0,0,,
E01000353,1634,246,15.0550795593635,486,29.7429620563036,656,117,113,16,129,14,24,167,30316,10,direct_2011_lsoa_code,1,Bexley 011A,9,9,10,10,10,10,,21,,25,10,10,1,1,,
E01000354,1491,258,17.3038229376258,274,18.3769282360832,603,85,98,25,123,48,23,194,13302,5,direct_2011_lsoa_code,1,Bexley 011B,15,15,12,12,10,10,,23,,25,12,12,2,2,,
E01000355,1437,208,14.4745998608212,410,28.5316631871955,600,103,93,20,113,19,9,141,26842,9,direct_2011_lsoa_code,1,Bexley 011C,1,1,14,14,3,3,4,4,,26,6,6,6,6,,
E01000356,1567,295,18.8257817485641,412,26.2922782386726,629,114,135,15,150,15,27,192,27128,9,direct_2011_lsoa_code,1,Bexley 009A,6,6,13,13,12,12,,25,,25,,17,4,4,,
E01000357,1399,275,19.6568977841315,231,16.5117941386705,490,61,128,19,147,17,19,183,31429,10,direct_2011_lsoa_code,1,Bexley 009B,8,8,5,5,9,9,,,,29,,18,5,5,,
E01000358,1659,302,18.203737191079,347,20.9162145871007,662,94,115,26,141,36,26,203,29282,9,direct_2011_lsoa_code,1,Bexley 011D,6,6,9,9,7,7,,22,,25,10,10,5,5,,
E01000359,1263,211,16.7062549485352,298,23.5946159936659,496,60,91,15,106,15,16,137,29254,9,direct_2011_lsoa_code,1,Bexley 009C,12,12,15,15,,14,,26,,26,,16,4,4,,
E01000360,1911,350,18.3150183150183,348,18.2103610675039,770,97,125,46,171,62,23,256,15534,5,direct_2011_lsoa_code,1,Bexley 015A,10,10,10,9,8,8,,12,,27,7,5,1,1,,
E01000361,1591,320,20.1131363922062,237,14.8962916404777,599,56,105,38,143,35,29,207,23027,8,direct_2011_lsoa_code,1,Bexley 020C,,15,14,14,,28,,26,,,14,14,4,4,,
E01000362,1863,366,19.645732689211,363,19.4847020933977,776,124,106,32,138,58,28,224,21457,7,direct_2011_lsoa_code,1,Bexley 015B,14,14,8,8,11,11,3,3,,,10,10,5,5,,
E01000363,1560,301,19.2948717948718,321,20.5769230769231,567,75,108,18,126,30,34,190,25379,8,direct_2011_lsoa_code,1,Bexley 020D,6,6,14,14,,20,,18,,,14,14,1,1,,
E01000364,1694,340,20.0708382526564,289,17.060212514758,653,84,140,35,175,33,24,232,21389,7,direct_2011_lsoa_code,1,Bexley 023A,,15,,15,5,5,14,14,,,,18,7,7,,
E01000365,1729,338,19.5488721804511,400,23.1347599768652,709,139,124,25,149,59,23,231,19555,6,direct_2011_lsoa_code,1,Bexley 015C,8,8,12,12,11,11,,18,,,13,10,4,4,,
E01000366,1642,328,19.9756394640682,230,14.0073081607795,657,62,143,21,164,31,27,222,24683,8,direct_2011_lsoa_code,1,Bexley 015D,8,8,9,9,10,10,,19,,28,6,6,5,5,,
E01000367,2264,587,25.9275618374558,262,11.5724381625442,797,65,115,56,171,130,52,353,7599,3,direct_2011_lsoa_code,1,Bexley 010A,10,10,,24,,15,,26,,29,,20,4,4,,
E01000368,1678,428,25.5065554231228,171,10.1907032181168,624,45,87,42,129,93,41,263,6298,2,direct_2011_lsoa_code,1,Bexley 010B,9,9,,24,,20,,26,,,,21,6,6,,
E01000369,1731,328,18.94858463316,361,20.8549971114962,628,57,107,23,130,36,34,200,19297,6,direct_2011_lsoa_code,1,Bexley 014C,9,9,11,11,,19,,22,,24,13,13,5,5,,
E01000370,1559,259,16.6132135984606,372,23.8614496472098,634,107,106,24,130,15,27,172,22899,7,direct_2011_lsoa_code,1,Bexley 014D,8,8,15,14,8,8,14,14,,24,8,8,5,5,,
E01000371,1623,333,20.5175600739372,285,17.5600739371534,630,68,118,48,166,43,16,225,26858,9,direct_2011_lsoa_code,1,Bexley 014E,9,9,,21,,22,,25,,,,20,9,9,,
E01000372,1690,386,22.8402366863905,242,14.3195266272189,590,57,93,27,120,61,40,221,8063,3,direct_2011_lsoa_code,1,Bexley 010C,15,15,,24,13,13,,28,15,28,,24,7,7,,
E01000373,1326,419,31.5987933634992,64,4.82654600301659,460,30,102,43,145,70,22,237,8331,3,direct_2011_lsoa_code,1,Bexley 008A,11,11,,17,2,2,,29,,,,22,4,4,,
E01000374,1580,404,25.5696202531646,168,10.6329113924051,523,45,114,28,142,68,31,241,3624,2,direct_2011_lsoa_code,1,Bexley 019A,7,7,,25,12,12,,25,,,,21,5,5,,
E01000375,2125,487,22.9176470588235,208,9.78823529411765,784,54,147,47,194,72,45,311,15879,5,direct_2011_lsoa_code,1,Bexley 019B,,18,13,13,14,14,11,11,,,9,9,5,5,,
E01000376,1614,330,20.4460966542751,228,14.1263940520446,612,75,126,42,168,47,14,229,17727,6,direct_2011_lsoa_code,1,Bexley 019C,11,11,,26,15,20,,26,,,,24,12,12,,
E01000377,1473,257,17.4473862864902,280,19.0088255261371,652,93,95,33,128,42,20,190,21848,7,direct_2011_lsoa_code,1,Bexley 019D,9,9,,19,13,13,,19,,,,17,4,4,,
E01000379,1711,336,19.6376388077148,254,14.8451198129749,669,73,121,31,152,46,26,224,15579,5,direct_2011_lsoa_code,1,Bexley 019F,,19,12,12,14,14,9,9,,,7,7,0,0,,
E01000380,1737,254,14.6229130685089,346,19.9194012665515,903,184,70,27,97,67,16,180,11840,4,direct_2011_lsoa_code,1,Bexley 010D,,23,,28,15,15,,25,,,6,6,6,6,,
E01000381,1618,340,21.0135970333745,272,16.8108776266996,659,78,101,25,126,76,16,218,9141,3,direct_2011_lsoa_code,1,Bexley 028A,,23,,26,,20,,24,,,,16,1,1,,
E01000382,1570,290,18.4713375796178,329,20.9554140127389,587,83,130,23,153,22,20,195,28932,9,direct_2011_lsoa_code,1,Bexley 027A,4,4,,19,,25,,20,,21,,16,2,2,,
E01000383,1593,293,18.3929692404269,374,23.4777150031387,626,89,96,29,125,26,22,173,13501,5,direct_2011_lsoa_code,1,Bexley 028B,,,,,,,,,,,,,,,,
E01000384,1720,319,18.546511627907,311,18.0813953488372,755,146,130,31,161,53,23,237,22083,7,direct_2011_lsoa_code,1,Bexley 027B,4,4,14,11,13,13,7,7,,21,9,9,1,1,,
E01000385,2007,520,25.909317389138,246,12.2571001494768,778,74,109,41,150,131,32,313,6958,3,direct_2011_lsoa_code,1,Bexley 028C,14,14,13,13,,22,,21,,,12,12,6,6,,
E01000386,1538,308,20.0260078023407,263,17.1001300390117,646,110,65,26,91,83,23,197,3835,2,direct_2011_lsoa_code,1,Bexley 028D,5,5,6,6,7,7,,15,,24,3,3,2,2,,
E01000387,1556,275,17.6735218508997,341,21.9151670951157,622,102,112,26,138,23,17,178,21777,7,direct_2011_lsoa_code,1,Bexley 027C,13,13,,19,,23,,20,,21,,16,2,2,,
E01000388,1512,280,18.5185185185185,372,24.6031746031746,602,101,112,19,131,19,23,173,23585,8,direct_2011_lsoa_code,1,Bexley 016A,6,6,12,12,6,6,,20,,,,19,10,10,,
E01000389,1700,314,18.4705882352941,360,21.1764705882353,710,107,123,22,145,42,19,206,23070,8,direct_2011_lsoa_code,1,Bexley 020E,11,11,12,12,12,12,,24,,,12,12,2,2,,
E01000390,1327,259,19.517709118312,267,20.120572720422,515,77,99,31,130,23,16,169,24292,8,direct_2011_lsoa_code,1,Bexley 020F,,15,,21,14,14,,22,,,,21,0,0,,
E01000391,1751,379,21.6447744146202,261,14.9057681324957,638,75,134,37,171,41,31,243,20043,7,direct_2011_lsoa_code,1,Bexley 021E,11,11,,19,8,8,,22,,,,24,12,12,,
E01000392,1959,465,23.7366003062787,196,10.0051046452272,763,67,118,35,153,108,33,294,12119,4,direct_2011_lsoa_code,1,Bexley 016B,5,5,4,4,14,14,,16,,28,,13,2,2,,
E01000393,1697,360,21.2139068945197,253,14.9086623453153,626,66,128,34,162,28,32,222,25584,8,direct_2011_lsoa_code,1,Bexley 020G,2,2,,13,,15,,21,,,15,10,4,4,,
E01000394,1628,290,17.8132678132678,363,22.2972972972973,672,113,122,25,147,38,16,201,25359,8,direct_2011_lsoa_code,1,Bexley 015E,4,4,9,9,,13,,19,,25,7,7,3,3,,
E01000395,1530,276,18.0392156862745,285,18.6274509803922,547,53,123,24,147,20,25,192,30471,10,direct_2011_lsoa_code,1,Bexley 018B,7,7,,19,6,6,14,14,,20,,22,2,2,,
E01000396,1453,292,20.0963523743978,257,17.6875430144529,506,57,111,20,131,15,33,179,26986,9,direct_2011_lsoa_code,1,Bexley 018C,13,13,,23,,19,12,12,,25,,27,1,1,,
E01000398,1593,292,18.330194601381,291,18.2674199623352,610,80,88,29,117,36,37,190,14343,5,direct_2011_lsoa_code,1,Bexley 029A,14,14,,19,11,11,,19,,,,18,3,3,,
E01000399,1571,279,17.7593889242521,338,21.5149586250796,622,106,115,13,128,23,32,183,25650,8,direct_2011_lsoa_code,1,Bexley 029B,,16,,18,1,1,7,7,,24,,21,4,4,,
E01000400,1573,280,17.8003814367451,274,17.418944691672,590,74,101,22,123,29,32,184,19222,6,direct_2011_lsoa_code,1,Bexley 029C,7,7,,19,9,9,10,10,,,,22,3,3,,
E01000401,1816,357,19.65859030837,353,19.4383259911894,690,95,100,25,125,79,37,241,13478,5,direct_2011_lsoa_code,1,Bexley 013A,9,9,12,12,,21,,19,,,,18,5,5,,
E01000402,1603,364,22.707423580786,249,15.5333749220212,653,80,81,30,111,86,32,229,11661,4,direct_2011_lsoa_code,1,Bexley 005B,13,13,,19,6,6,,,,25,,25,7,7,,
E01000403,2404,570,23.7104825291181,423,17.5956738768719,1059,199,107,47,154,156,47,357,8247,3,direct_2011_lsoa_code,1,Bexley 004A,11,11,14,14,10,10,,29,,19,,17,4,4,,
E01000404,2423,733,30.2517540239373,113,4.66364011555922,990,53,137,58,195,214,35,444,7988,3,direct_2011_lsoa_code,1,Bexley 004B,,17,1,1,1,1,,24,,20,,18,1,1,,
E01000405,1576,409,25.9517766497462,101,6.40862944162437,565,33,103,42,145,86,37,268,8556,3,direct_2011_lsoa_code,1,Bexley 004C,,15,10,7,9,8,,22,,23,,21,2,2,,
E01000406,2144,546,25.4664179104478,171,7.97574626865672,789,44,151,55,206,89,39,334,11865,4,direct_2011_lsoa_code,1,Bexley 005C,7,7,,20,6,6,,,,,,,3,3,,
E01000407,1869,351,18.7800963081862,408,21.8298555377207,758,134,113,40,153,39,33,225,19290,6,direct_2011_lsoa_code,1,Bexley 005D,10,10,14,14,,20,,25,10,10,12,12,3,3,,
E01000408,1773,433,24.4218838127468,171,9.64467005076142,585,28,105,31,136,82,42,260,11511,4,direct_2011_lsoa_code,1,Bexley 004D,,18,14,11,,13,,18,,,,19,0,0,,
E01000409,1741,365,20.964962665135,296,17.0017231476163,654,91,145,35,180,25,32,237,29535,9,direct_2011_lsoa_code,1,Bexley 016C,12,12,13,13,13,13,,20,,,11,11,3,3,,
E01000410,1660,365,21.9879518072289,245,14.7590361445783,599,78,136,30,166,38,28,232,27698,9,direct_2011_lsoa_code,1,Bexley 018D,13,13,2,2,3,3,,23,,,4,4,4,4,,
E01000411,1493,276,18.4862692565305,264,17.68251841929,555,74,99,31,130,35,27,192,24984,8,direct_2011_lsoa_code,1,Bexley 016D,,22,10,10,9,9,,22,,,7,7,5,5,,
E01000412,1766,383,21.687429218573,228,12.9105322763307,643,67,137,39,176,35,31,242,26294,9,direct_2011_lsoa_code,1,Bexley 018E,10,10,,16,,14,,21,,,,16,2,2,,
E01000413,1348,250,18.5459940652819,228,16.9139465875371,525,62,85,36,121,41,16,178,23374,8,direct_2011_lsoa_code,1,Bexley 018F,,16,9,9,12,12,6,6,,26,10,10,5,5,,
E01000414,1896,357,18.8291139240506,311,16.4029535864979,724,115,118,25,143,51,41,235,20333,7,direct_2011_lsoa_code,1,Bexley 016E,8,8,7,7,,16,,14,,26,,16,3,3,,
E01000415,1466,234,15.9618008185539,301,20.5320600272851,514,63,103,16,119,10,25,154,29162,9,direct_2011_lsoa_code,1,Bexley 016F,,15,9,9,9,9,10,10,,,10,10,2,2,,
E01000416,1630,327,20.0613496932515,218,13.3742331288344,509,31,69,16,85,60,47,192,10611,4,direct_2011_lsoa_code,1,Bexley 002A,9,9,7,7,5,5,13,13,,,10,10,4,4,,
E01000417,1741,350,20.1033888569788,294,16.8868466398622,703,80,118,16,134,54,31,219,14752,5,direct_2011_lsoa_code,1,Bexley 006B,15,15,,17,9,9,,22,,,,15,6,6,,
E01000418,1947,422,21.6743708269132,241,12.3780174627632,729,79,122,41,163,58,46,267,15526,5,direct_2011_lsoa_code,1,Bexley 002B,,16,,16,5,5,,20,,,13,13,5,5,,
E01000419,1492,260,17.426273458445,374,25.0670241286863,584,102,112,19,131,17,21,169,26164,8,direct_2011_lsoa_code,1,Bexley 006C,,16,,21,12,12,,27,,,,20,6,6,,
E01000420,1522,283,18.5939553219448,311,20.4336399474376,589,71,94,22,116,38,25,179,23155,8,direct_2011_lsoa_code,1,Bexley 006D,8,8,14,14,,22,,,,25,13,13,3,3,,
E01000421,1520,236,15.5263157894737,410,26.9736842105263,600,104,105,22,127,12,19,158,28043,9,direct_2011_lsoa_code,1,Bexley 009D,8,8,,16,,18,,27,,26,15,15,1,1,,
E01000422,1338,357,26.6816143497758,83,6.20328849028401,503,34,58,24,82,82,33,197,5556,2,direct_2011_lsoa_code,1,Bexley 002C,3,3,7,7,10,10,11,11,,,10,10,5,5,,
E01000423,1606,308,19.1780821917808,337,20.9838107098381,605,86,152,26,178,16,13,207,29890,10,direct_2011_lsoa_code,1,Bexley 025C,6,6,,12,,25,8,8,,25,,19,3,3,,
E01000424,1728,225,13.0208333333333,387,22.3958333333333,746,99,91,23,114,26,13,153,28573,9,direct_2011_lsoa_code,1,Bexley 026A,9,9,,17,,24,8,8,,22,9,9,7,7,,
E01000425,1800,341,18.9444444444444,453,25.1666666666667,608,60,163,29,192,15,19,226,28921,9,direct_2011_lsoa_code,1,Bexley 025D,11,11,,20,,29,,19,,,,18,6,6,,
E01000426,1672,309,18.4808612440191,254,15.1913875598086,711,86,115,33,148,45,19,212,24090,8,direct_2011_lsoa_code,1,Bexley 026B,8,8,,14,,24,,13,,24,,15,3,3,,
E01000427,2011,352,17.503729487817,476,23.6698160119344,910,196,128,41,169,48,16,233,21182,7,direct_2011_lsoa_code,1,Bexley 026C,14,14,,16,,23,,16,,23,,14,3,3,,
E01000428,1905,336,17.6377952755906,406,21.3123359580052,910,185,87,40,127,79,24,230,11429,4,direct_2011_lsoa_code,1,Bexley 027D,8,8,12,12,,26,13,13,12,12,11,11,5,5,,
E01000429,1690,465,27.5147928994083,105,6.21301775147929,709,41,80,39,119,134,29,282,3591,2,direct_2011_lsoa_code,1,Bexley 008B,,21,9,9,12,12,,,,,,,2,2,,
E01000430,2051,527,25.694783032667,162,7.89858605558264,706,42,149,53,202,97,32,331,17477,6,direct_2011_lsoa_code,1,Bexley 008C,,,,,,,,,,,,,14,14,,
E01000431,1198,286,23.873121869783,126,10.5175292153589,430,43,73,14,87,60,31,178,5493,2,direct_2011_lsoa_code,1,Bexley 008D,,20,14,14,6,6,,,,,,25,8,8,,
E01000433,1957,522,26.673479816045,178,9.09555442003066,713,51,103,39,142,125,41,308,5702,2,direct_2011_lsoa_code,1,Bexley 008F,6,6,,22,13,13,,28,,,11,11,3,3,,
E01000434,1594,372,23.3375156838143,161,10.1003764115433,581,67,75,34,109,85,30,224,4809,2,direct_2011_lsoa_code,1,Bexley 008G,,,,,,,,,,,,,,,,
E01000435,1490,345,23.1543624161074,206,13.8255033557047,587,77,69,43,112,77,26,215,7461,3,direct_2011_lsoa_code,1,Bexley 010E,10,10,,23,13,13,,26,,,5,5,3,3,,
E01000436,1760,360,20.4545454545455,378,21.4772727272727,627,74,147,24,171,22,27,220,30492,10,direct_2011_lsoa_code,1,Bexley 011E,11,11,2,2,15,15,,26,,25,1,1,2,2,,
E01000437,1373,263,19.1551347414421,220,16.0233066278223,501,77,88,31,119,25,18,162,20296,7,direct_2011_lsoa_code,1,Bexley 007A,11,11,,20,5,5,,,,25,,21,6,6,,
E01000438,1689,413,24.4523386619301,230,13.6175251628182,605,65,107,45,152,70,23,245,19919,7,direct_2011_lsoa_code,1,Bexley 007B,3,3,10,10,11,11,,26,11,11,8,8,7,7,,
E01000439,1423,329,23.1201686577653,192,13.4926212227688,516,44,86,27,113,59,24,196,11510,4,direct_2011_lsoa_code,1,Bexley 007C,7,7,7,7,,18,,24,7,7,5,5,1,1,,
E01000440,1387,209,15.0684931506849,329,23.7202595529921,515,84,84,22,106,12,28,146,27367,9,direct_2011_lsoa_code,1,Bexley 007D,6,6,12,12,14,14,,25,,25,12,12,6,6,,
E01000441,1806,472,26.1351052048726,193,10.6866002214839,703,74,101,44,145,109,25,279,8484,3,direct_2011_lsoa_code,1,Bexley 007E,7,7,9,9,4,4,,18,,24,7,7,7,7,,
E01000442,1679,311,18.5229303156641,316,18.8207266229899,626,90,110,30,140,35,33,208,20054,7,direct_2011_lsoa_code,1,Bexley 006E,11,11,11,11,15,17,,25,,22,11,11,0,0,,
E01000443,1331,280,21.0368144252442,211,15.8527422990233,513,64,101,20,121,33,13,167,15949,5,direct_2011_lsoa_code,1,Bexley 024B,11,11,,25,14,14,6,6,,29,8,8,5,5,,
E01000444,1641,275,16.7580743449116,409,24.9238269347959,636,74,130,23,153,25,19,197,28530,9,direct_2011_lsoa_code,1,Bexley 023B,,19,,22,,18,,19,,,,12,2,2,,
E01000445,1666,310,18.6074429771909,384,23.0492196878752,679,118,132,37,169,34,15,218,29687,10,direct_2011_lsoa_code,1,Bexley 024C,13,13,,29,,18,,18,,,,19,7,7,,
E01000446,1504,284,18.8829787234043,236,15.6914893617021,597,58,112,36,148,34,9,191,29153,9,direct_2011_lsoa_code,1,Bexley 024D,7,7,,29,9,9,7,7,,,13,13,6,6,,
E01000447,1960,375,19.1326530612245,285,14.5408163265306,882,134,129,62,191,57,14,262,24076,8,direct_2011_lsoa_code,1,Bexley 023C,11,11,,15,8,8,9,9,,,2,2,2,2,,
E01000448,1346,230,17.0876671619614,319,23.6998514115899,511,84,127,11,138,12,9,159,32132,10,direct_2011_lsoa_code,1,Bexley 023D,9,9,,23,13,13,12,12,,,,16,7,7,,
E01000449,1562,263,16.8373879641485,417,26.696542893726,643,128,138,24,162,10,8,180,30072,10,direct_2011_lsoa_code,1,Bexley 023E,9,9,,22,6,6,4,4,,,9,9,4,4,,
E01000450,1800,407,22.6111111111111,228,12.6666666666667,634,71,138,34,172,56,28,256,16089,5,direct_2011_lsoa_code,1,Bexley 009E,4,4,,24,8,8,,29,,,,22,5,5,,
E01000451,1750,330,18.8571428571429,280,16,625,54,124,35,159,31,29,219,27695,9,direct_2011_lsoa_code,1,Bexley 009F,5,5,15,15,13,13,,,,,,21,4,4,,
E01000452,1421,267,18.789584799437,224,15.7635467980296,494,47,114,25,139,22,26,187,27715,9,direct_2011_lsoa_code,1,Bexley 009G,7,7,7,7,8,8,,,,,,22,7,7,,
E01000453,1479,292,19.7430696416498,241,16.2947937795808,516,47,119,28,147,27,23,197,27021,9,direct_2011_lsoa_code,1,Bexley 013B,4,4,5,5,6,6,,,,,,22,6,6,,
E01000454,1632,308,18.8725490196078,259,15.8700980392157,633,92,102,26,128,36,36,200,15605,5,direct_2011_lsoa_code,1,Bexley 013C,11,11,14,14,14,14,,24,,,,20,3,3,,
E01000455,1794,325,18.1159420289855,277,15.4403567447046,619,59,144,34,178,24,30,232,26845,9,direct_2011_lsoa_code,1,Bexley 013D,9,9,13,13,14,14,,22,,,,18,3,3,,
E01000456,1423,291,20.449754040759,233,16.3738580463809,483,34,122,21,143,26,21,190,29319,9,direct_2011_lsoa_code,1,Bexley 013E,8,8,11,11,,16,,,,,,18,4,4,,
E01000457,2175,344,15.816091954023,366,16.8275862068966,991,136,109,45,154,70,13,237,22056,7,direct_2011_lsoa_code,1,Bexley 026D,8,8,5,5,,19,9,9,,16,4,4,1,1,,
E01000458,1543,242,15.6837329876863,430,27.8677900194426,687,172,110,21,131,18,13,162,29877,10,direct_2011_lsoa_code,1,Bexley 027E,8,8,,24,3,3,13,13,,,12,12,7,7,,
E01000459,1870,285,15.2406417112299,446,23.8502673796791,883,212,96,33,129,53,10,192,19511,6,direct_2011_lsoa_code,1,Bexley 027F,15,15,13,13,,21,5,5,,21,8,8,4,4,,
E01000460,1261,230,18.2394924662966,274,21.7287866772403,481,43,106,21,127,7,13,147,30405,10,direct_2011_lsoa_code,1,Bexley 022E,3,3,,23,9,9,10,10,,,11,11,10,10,,
E01000461,1640,313,19.0853658536585,312,19.0243902439024,568,49,146,23,169,14,16,199,28207,9,direct_2011_lsoa_code,1,Bexley 024E,14,14,,20,6,6,,14,,24,,13,1,1,,
E01000462,2053,297,14.4666341938626,404,19.6785192401364,836,138,97,25,122,69,17,208,19613,6,direct_2011_lsoa_code,1,Bexley 026E,8,8,,17,12,12,7,7,,22,6,6,3,3,,
E01000463,1250,243,19.44,216,17.28,451,50,118,23,141,16,15,172,30387,10,direct_2011_lsoa_code,1,Bexley 025E,,15,,22,3,3,9,9,,,,16,0,0,,
E01000464,1518,330,21.7391304347826,177,11.6600790513834,556,71,65,18,83,65,42,190,10479,4,direct_2011_lsoa_code,1,Bexley 002D,3,3,,15,6,6,,15,,,9,9,3,3,,
E01000465,1688,398,23.5781990521327,197,11.6706161137441,730,90,73,30,103,91,33,227,8670,3,direct_2011_lsoa_code,1,Bexley 002E,7,7,,10,10,10,,9,,,,10,0,0,,
E01000466,1714,418,24.3873978996499,170,9.91831971995333,601,43,82,26,108,85,42,235,11745,4,direct_2011_lsoa_code,1,Bexley 001A,,,,,,21,,,,,,,,,,
E01000467,1679,421,25.0744490768314,171,10.184633710542,594,30,89,29,118,99,41,258,15630,5,direct_2011_lsoa_code,1,Bexley 001B,9,8,,11,2,2,,18,,,,19,2,2,,
E01000468,2929,839,28.6445885967907,132,4.50665756230796,942,29,174,59,233,183,86,502,13661,5,direct_2011_lsoa_code,1,Bexley 001C,,14,,17,9,9,,19,,,,21,5,5,,
E01000469,1736,443,25.5184331797235,141,8.1221198156682,637,42,101,28,129,97,34,260,14434,5,direct_2011_lsoa_code,1,Bexley 001D,11,11,,19,3,3,,20,,,,22,9,9,,
E01000470,1306,345,26.416539050536,127,9.72434915773354,526,50,44,33,77,96,29,202,4777,2,direct_2011_lsoa_code,1,Bexley 002F,11,11,10,10,7,7,9,9,,,12,12,10,10,,
E01000471,1717,266,15.492137449039,210,12.2306348281887,490,36,73,9,82,21,68,171,13163,5,direct_2011_lsoa_code,1,Brent 026A,,16,11,11,7,7,11,11,,,15,20,9,9,14,14
E01000472,2404,533,22.171381031614,163,6.78036605657238,914,47,176,21,197,97,47,341,12105,4,direct_2011_lsoa_code,1,Brent 029A,15,15,10,10,15,15,4,4,,29,15,15,4,4,14,14
E01000473,2705,511,18.8909426987061,231,8.53974121996303,792,43,130,12,142,70,125,337,10632,4,direct_2011_lsoa_code,1,Brent 029B,9,9,7,7,14,14,,19,,24,8,8,4,4,12,12
E01000474,2269,407,17.9374173644777,227,10.0044072278537,521,34,71,6,77,23,131,231,12945,4,direct_2011_lsoa_code,1,Brent 026B,11,11,11,11,14,14,,25,,26,12,12,10,10,4,4
E01000475,2126,421,19.8024459078081,217,10.2069614299153,613,37,101,28,129,22,84,235,13473,5,direct_2011_lsoa_code,1,Brent 029C,15,15,11,11,6,6,,17,,21,13,13,3,3,15,15
E01000476,2196,369,16.8032786885246,316,14.3897996357013,559,44,53,5,58,19,121,198,14647,5,direct_2011_lsoa_code,1,Brent 026C,5,5,14,14,7,7,,21,,27,13,13,2,2,,15
E01000477,2377,499,20.9928481278923,194,8.16154816996214,682,40,127,14,141,41,113,295,11703,4,direct_2011_lsoa_code,1,Brent 026D,9,9,,16,3,3,,22,,27,,14,2,2,13,13
E01000478,2529,507,20.0474495848161,279,11.0320284697509,717,45,117,12,129,45,120,294,11562,4,direct_2011_lsoa_code,1,Brent 029D,12,12,13,13,15,15,,20,,28,8,8,6,6,12,12
E01000479,1757,302,17.1883892999431,318,18.0990324416619,514,46,105,2,107,19,52,178,18106,6,direct_2011_lsoa_code,1,Brent 009A,8,8,14,14,15,15,11,11,,,13,13,2,2,,18
E01000480,1689,283,16.7554766133807,264,15.6305506216696,514,39,103,6,109,22,56,187,22429,7,direct_2011_lsoa_code,1,Brent 006A,9,9,,19,,16,,18,,28,15,15,7,7,13,13
E01000481,1638,369,22.5274725274725,183,11.1721611721612,604,65,116,14,130,70,37,237,9179,3,direct_2011_lsoa_code,1,Brent 009B,11,11,15,15,,20,14,14,,27,13,13,8,8,11,11
E01000483,1854,428,23.0852211434736,178,9.60086299892125,658,51,112,6,118,103,47,268,6463,2,direct_2011_lsoa_code,1,Brent 009D,7,7,9,9,4,4,,21,,,,14,10,10,,21
E01000484,1765,349,19.7733711048159,182,10.3116147308782,611,38,91,10,101,83,46,230,4689,2,direct_2011_lsoa_code,1,Brent 006B,5,5,,22,10,10,,,,25,,19,7,7,,19
E01000485,1606,275,17.1232876712329,363,22.6027397260274,533,70,95,8,103,34,38,175,8179,3,direct_2011_lsoa_code,1,Brent 006C,13,13,,15,8,8,,24,,18,13,12,1,1,14,12
E01000486,1702,317,18.6251468860165,278,16.3337250293772,521,36,119,6,125,25,50,200,18391,6,direct_2011_lsoa_code,1,Brent 006D,11,11,,25,2,2,,,,28,,21,11,11,,21
E01000487,1988,365,18.3601609657948,346,17.4044265593561,694,130,131,12,143,39,54,236,16441,6,direct_2011_lsoa_code,1,Brent 006E,,20,,23,13,13,,28,,25,11,11,7,7,11,11
E01000488,1648,278,16.868932038835,164,9.95145631067961,550,47,87,8,95,43,35,173,11178,4,direct_2011_lsoa_code,1,Brent 022A,5,5,,19,8,8,8,8,,,8,8,5,5,,16
E01000489,1727,281,16.2709901563405,308,17.8343949044586,690,129,97,10,107,49,26,182,11883,4,direct_2011_lsoa_code,1,Brent 030A,12,12,,20,9,9,10,10,,,7,7,6,6,,23
E01000490,1771,257,14.5115753811406,136,7.67927724449464,888,51,100,20,120,34,10,164,11248,4,direct_2011_lsoa_code,1,Brent 023A,6,6,10,10,15,15,7,7,,27,10,10,3,3,13,13
E01000491,2064,359,17.3934108527132,220,10.6589147286822,864,73,130,18,148,64,42,254,13387,5,direct_2011_lsoa_code,1,Brent 030B,0,0,,18,,22,,17,,,,20,6,6,,22
E01000492,1272,244,19.1823899371069,207,16.2735849056604,455,42,103,20,123,19,25,167,20615,7,direct_2011_lsoa_code,1,Brent 030C,9,9,,18,7,7,9,9,,,6,6,6,6,,17
E01000493,1595,292,18.307210031348,265,16.6144200626959,563,58,92,26,118,31,38,187,21822,7,direct_2011_lsoa_code,1,Brent 030D,9,9,,17,0,0,12,12,,,10,10,4,4,,16
E01000494,1761,285,16.1839863713799,300,17.0357751277683,722,104,119,16,135,45,23,203,14784,5,direct_2011_lsoa_code,1,Brent 023B,12,12,12,12,,17,,13,,28,13,12,1,1,13,13
E01000495,1590,220,13.8364779874214,226,14.2138364779874,778,138,65,18,83,38,8,129,6848,3,direct_2011_lsoa_code,1,Brent 023C,7,7,,14,,21,15,14,,,,13,2,2,,17
E01000497,2071,284,13.713182037663,323,15.5963302752294,685,41,88,9,97,37,38,172,11593,4,direct_2011_lsoa_code,1,Brent 011A,6,6,11,11,12,12,,16,,,,17,4,4,,23
E01000498,1686,424,25.1482799525504,205,12.158956109134,515,31,93,8,101,48,55,204,6869,3,direct_2011_lsoa_code,1,Brent 010B,,15,,17,,21,,19,,,,19,2,2,,23
E01000499,1897,451,23.7743806009489,169,8.90880337374802,585,31,114,18,132,89,35,256,9517,3,direct_2011_lsoa_code,1,Brent 011B,,12,13,13,,15,,10,,,,14,1,1,,18
E01000501,2028,465,22.9289940828402,204,10.0591715976331,762,74,119,13,132,102,36,270,5656,2,direct_2011_lsoa_code,1,Brent 011C,14,14,13,13,,18,,16,,,,20,5,5,,24
E01000502,1881,491,26.1031366294524,194,10.3136629452419,660,60,135,20,155,93,30,278,8665,3,direct_2011_lsoa_code,1,Brent 011D,13,13,,19,9,9,13,13,,,,18,0,0,,20
E01000503,2091,427,20.4208512673362,295,14.1080822572932,776,81,120,13,133,67,50,250,8720,3,direct_2011_lsoa_code,1,Brent 011E,9,9,,17,10,10,,22,,,,21,12,12,,26
E01000504,1797,352,19.5882025598219,198,11.0183639398998,696,62,123,17,140,44,30,214,13251,5,direct_2011_lsoa_code,1,Brent 018A,13,13,,18,,20,13,13,,25,8,8,9,9,9,9
E01000505,1675,329,19.6417910447761,233,13.910447761194,571,55,67,26,93,35,44,172,14065,5,direct_2011_lsoa_code,1,Brent 018B,9,9,14,14,,22,,23,,,15,19,9,9,12,12
E01000506,1661,339,20.4093919325707,126,7.58579169175196,662,45,79,17,96,90,28,214,7823,3,direct_2011_lsoa_code,1,Brent 014A,12,12,,21,7,7,14,14,,29,,17,7,7,9,9
E01000507,1621,287,17.7051202961135,258,15.916101172116,521,41,87,15,102,29,39,170,12769,4,direct_2011_lsoa_code,1,Brent 018C,8,8,,18,,15,,15,,29,,17,2,2,11,11
E01000508,2613,779,29.8124760811328,246,9.41446613088404,862,83,156,18,174,96,51,321,4930,2,direct_2011_lsoa_code,1,Brent 025A,7,7,,15,5,5,8,8,,,,15,1,1,13,12
E01000509,1437,273,18.9979123173278,198,13.7787056367432,457,44,60,5,65,21,54,140,6199,2,direct_2011_lsoa_code,1,Brent 014B,13,13,5,5,,19,8,8,,,7,7,7,7,,19
E01000510,1672,363,21.7105263157895,221,13.2177033492823,575,75,83,5,88,64,49,201,7979,3,direct_2011_lsoa_code,1,Brent 014C,13,13,9,9,,14,2,2,,,7,7,2,2,13,13
E01000511,1771,434,24.5059288537549,206,11.6318464144551,559,37,96,28,124,82,56,262,7553,3,direct_2011_lsoa_code,1,Brent 014D,10,10,12,12,12,12,6,6,,,9,9,1,1,9,9
E01000512,1703,294,17.2636523781562,234,13.7404580152672,651,92,98,13,111,34,41,186,15315,5,direct_2011_lsoa_code,1,Brent 018D,13,13,,18,8,8,,18,,25,,13,4,4,7,7
E01000513,1680,318,18.9285714285714,265,15.7738095238095,470,42,101,6,107,18,62,187,18437,6,direct_2011_lsoa_code,1,Brent 002A,9,9,6,6,10,10,9,9,,28,7,7,4,4,,20
E01000514,1570,303,19.2993630573248,179,11.4012738853503,493,32,88,9,97,37,62,196,19311,6,direct_2011_lsoa_code,1,Brent 002B,2,2,12,12,11,11,13,13,,,12,12,5,5,,17
E01000515,1877,408,21.7368140649973,189,10.0692594565796,646,57,124,14,138,65,47,250,9286,3,direct_2011_lsoa_code,1,Brent 003A,8,8,,12,8,8,13,13,,23,11,9,1,1,14,10
E01000516,2347,443,18.8751597784406,238,10.1406050276949,750,39,141,14,155,32,68,255,14898,5,direct_2011_lsoa_code,1,Brent 002C,15,15,14,13,14,14,6,6,,25,8,8,3,3,,14
E01000517,1623,284,17.4984596426371,302,18.607516943931,486,43,94,6,100,10,56,166,20424,7,direct_2011_lsoa_code,1,Brent 003B,12,12,12,12,12,12,,25,,25,13,13,10,10,13,13
E01000518,1914,326,17.0323928944619,242,12.6436781609195,629,68,89,9,98,39,73,210,10230,4,direct_2011_lsoa_code,1,Brent 005A,5,5,,18,11,11,,18,,,,17,7,7,,18
E01000519,2016,400,19.8412698412698,213,10.5654761904762,629,54,136,8,144,43,74,261,14037,5,direct_2011_lsoa_code,1,Brent 005B,,23,,24,,24,,,,,,,13,13,,
E01000520,1676,339,20.2267303102625,248,14.7971360381862,608,71,131,9,140,39,39,218,13856,5,direct_2011_lsoa_code,1,Brent 002D,7,7,,17,9,9,6,6,,28,,14,1,1,,15
E01000521,2277,474,20.8168642951252,168,7.37812911725955,921,67,100,19,119,145,41,305,1713,1,direct_2011_lsoa_code,1,Brent 025B,9,9,6,6,6,6,,12,,22,8,8,1,1,11,11
E01000522,2051,524,25.5485129205266,167,8.14236957581668,696,42,125,24,149,109,46,304,7331,3,direct_2011_lsoa_code,1,Brent 025C,4,4,13,13,3,3,,21,,,,20,11,11,,24
E01000523,2299,541,23.5319704219226,177,7.69899956502827,871,47,122,33,155,150,50,355,7193,3,direct_2011_lsoa_code,1,Brent 031A,4,4,6,6,8,8,10,10,,24,8,8,6,6,,17
E01000524,2421,513,21.1895910780669,224,9.25237505163156,986,83,102,16,118,149,58,325,3221,1,direct_2011_lsoa_code,1,Brent 031B,11,11,5,5,6,6,7,7,,16,6,6,3,3,10,9
E01000525,1853,397,21.4247166756611,175,9.4441446303292,758,65,78,19,97,112,42,251,6401,2,direct_2011_lsoa_code,1,Brent 031C,2,2,12,12,4,4,,14,,16,15,12,5,5,1,1
E01000526,2199,481,21.8735788994998,257,11.6871305138699,808,70,101,20,121,117,51,289,3682,2,direct_2011_lsoa_code,1,Brent 025D,5,5,,13,6,6,3,3,,,,16,2,2,,19
E01000527,1875,435,23.2,213,11.36,737,69,99,16,115,115,40,270,6182,2,direct_2011_lsoa_code,1,Brent 025E,2,2,13,13,3,3,12,12,,,,19,9,9,,24
E01000528,1727,368,21.3086276780544,174,10.0752750434279,736,61,85,18,103,92,32,227,2844,1,direct_2011_lsoa_code,1,Brent 025F,9,9,13,13,12,12,9,9,,26,11,11,2,2,,18
E01000530,1822,351,19.2645444566411,232,12.7332601536773,674,56,122,28,150,42,29,221,18359,6,direct_2011_lsoa_code,1,Brent 033A,10,10,,20,13,13,7,7,,,10,10,3,3,14,14
E01000531,1801,306,16.9905607995558,249,13.8256524153248,858,119,91,15,106,69,27,202,10593,4,direct_2011_lsoa_code,1,Brent 033B,6,6,,14,7,7,5,5,,,4,4,3,3,5,5
E01000532,1508,267,17.7055702917772,173,11.4721485411141,609,49,69,21,90,37,36,163,12698,4,direct_2011_lsoa_code,1,Brent 033C,5,5,,14,4,4,13,13,,26,9,9,4,4,3,3
E01000533,2174,443,20.3771849126035,235,10.8095676172953,880,86,108,32,140,112,40,292,4690,2,direct_2011_lsoa_code,1,Brent 031E,6,6,5,5,11,11,6,6,,20,5,5,2,2,15,12
E01000534,1747,351,20.0915855752719,185,10.5895821408128,656,50,119,24,143,54,31,228,14890,5,direct_2011_lsoa_code,1,Brent 033D,8,8,14,14,10,10,9,9,,29,13,13,5,5,15,20
E01000535,2052,386,18.8109161793372,218,10.6237816764133,846,78,117,19,136,96,30,262,8193,3,direct_2011_lsoa_code,1,Brent 031F,3,3,10,10,4,4,8,8,,27,10,10,3,3,9,9
E01000536,1562,260,16.6453265044814,358,22.9193341869398,502,54,104,5,109,22,53,184,23043,8,direct_2011_lsoa_code,1,Brent 004A,9,9,8,8,14,14,9,9,,24,8,8,6,6,12,12
E01000538,1620,349,21.5432098765432,335,20.679012345679,484,35,111,2,113,10,44,167,25022,8,direct_2011_lsoa_code,1,Brent 004B,6,6,,29,8,8,,28,,,15,23,10,10,,24
E01000539,1582,285,18.0151706700379,345,21.8078381795196,536,89,110,3,113,12,45,170,25260,8,direct_2011_lsoa_code,1,Brent 004C,8,8,,19,11,11,,27,,24,10,10,4,4,11,11
E01000540,1457,215,14.7563486616335,359,24.6396705559369,484,50,79,4,83,14,46,143,23930,8,direct_2011_lsoa_code,1,Brent 004D,9,9,14,14,,17,15,24,,,14,14,4,4,,21
E01000541,1410,247,17.5177304964539,224,15.886524822695,484,59,91,5,96,19,54,169,19152,6,direct_2011_lsoa_code,1,Brent 004E,7,7,,15,6,6,,16,,27,9,9,6,6,,17
E01000543,1626,278,17.0971709717097,268,16.4821648216482,495,46,86,3,89,19,65,173,13232,5,direct_2011_lsoa_code,1,Brent 003E,12,12,12,12,,16,15,15,,23,14,14,3,3,15,15
E01000544,1770,346,19.5480225988701,139,7.85310734463277,741,50,97,15,112,64,29,205,6429,2,direct_2011_lsoa_code,1,Brent 034A,6,6,12,12,3,3,11,10,,27,6,6,3,3,13,13
E01000545,1921,298,15.512753774076,167,8.69338885996877,911,80,81,20,101,50,26,177,7854,3,direct_2011_lsoa_code,1,Brent 028A,9,9,5,5,9,9,7,7,,27,4,4,5,5,13,13
E01000546,1643,252,15.3377967133293,183,11.1381618989653,753,70,71,30,101,43,33,177,12520,4,direct_2011_lsoa_code,1,Brent 028B,3,3,8,8,13,13,1,1,,,6,6,3,3,15,16
E01000547,1657,315,19.0102595051298,150,9.05250452625226,688,50,106,16,122,48,22,192,12266,4,direct_2011_lsoa_code,1,Brent 028C,6,6,7,7,12,12,8,8,,,5,5,3,3,15,16
E01000548,1982,283,14.2785065590313,184,9.28355196770938,1002,99,68,14,82,80,22,184,6791,3,direct_2011_lsoa_code,1,Brent 028D,6,6,4,4,12,12,12,11,,26,4,4,3,3,11,11
E01000549,1814,261,14.3880926130099,189,10.4189636163175,890,81,101,18,119,34,17,170,16885,6,direct_2011_lsoa_code,1,Brent 028E,10,10,8,8,14,14,9,9,,25,7,7,1,1,9,9
E01000550,2022,331,16.3699307616222,249,12.3145400593472,910,96,92,22,114,83,20,217,6026,2,direct_2011_lsoa_code,1,Brent 034B,2,2,8,8,2,2,2,2,,18,2,2,1,1,0,0
E01000551,2896,584,20.1657458563536,238,8.2182320441989,1176,68,145,20,165,123,55,343,3943,2,direct_2011_lsoa_code,1,Brent 034C,5,5,8,8,5,5,6,6,,25,10,10,3,3,8,8
E01000552,1513,361,23.8598810310641,111,7.33641771315268,578,41,99,16,115,64,25,204,3375,2,direct_2011_lsoa_code,1,Brent 034D,3,3,12,10,3,3,8,8,,25,9,9,2,2,9,9
E01000553,2041,354,17.34443900049,218,10.6810387065164,740,49,89,15,104,53,54,211,8467,3,direct_2011_lsoa_code,1,Brent 015A,8,8,10,10,14,13,10,10,,,8,8,3,3,,15
E01000554,1970,418,21.2182741116751,212,10.761421319797,756,61,127,29,156,57,39,252,13528,5,direct_2011_lsoa_code,1,Brent 015B,1,1,14,14,,16,,18,,,,16,8,8,,20
E01000555,1585,295,18.6119873817035,225,14.1955835962145,525,38,94,10,104,56,36,196,17999,6,direct_2011_lsoa_code,1,Brent 015C,9,9,,16,,19,11,11,,,,15,1,1,,15
E01000556,2088,283,13.5536398467433,150,7.18390804597701,859,56,76,11,87,49,50,186,7082,3,direct_2011_lsoa_code,1,Brent 015D,7,7,4,4,11,11,1,1,,25,2,2,0,0,15,8
E01000557,1865,284,15.2278820375335,170,9.11528150134048,832,49,96,18,114,45,27,186,11719,4,direct_2011_lsoa_code,1,Brent 015E,2,2,11,11,14,14,5,5,,29,8,8,3,3,15,13
E01000558,1389,242,17.4226061915047,189,13.6069114470842,644,67,72,6,78,53,22,153,9694,3,direct_2011_lsoa_code,1,Brent 015F,10,10,7,7,6,6,8,8,,27,6,6,7,7,13,13
E01000559,1382,145,10.4920405209841,175,12.6628075253256,658,76,87,14,101,25,9,135,12685,4,direct_2011_lsoa_code,1,Brent 018E,12,12,13,13,,17,9,9,,21,5,5,5,5,6,6
E01000560,1561,250,16.0153747597694,190,12.1716848174247,662,70,85,15,100,35,17,152,15170,5,direct_2011_lsoa_code,1,Brent 023D,13,13,13,13,11,11,11,11,,23,6,6,6,6,8,8
E01000561,1936,321,16.5805785123967,170,8.78099173553719,819,65,107,21,128,54,22,204,10941,4,direct_2011_lsoa_code,1,Brent 023E,8,8,11,11,12,12,8,8,,23,10,10,6,6,9,9
E01000562,1510,222,14.7019867549669,356,23.5761589403974,481,52,66,7,73,20,57,150,23487,8,direct_2011_lsoa_code,1,Brent 008A,13,13,,21,15,15,12,12,,25,8,8,11,11,,21
E01000563,1589,217,13.6563876651982,347,21.8376337319069,481,43,82,1,83,11,51,145,25021,8,direct_2011_lsoa_code,1,Brent 008B,13,13,,17,8,8,,26,,19,5,5,6,6,,20
E01000564,1624,364,22.4137931034483,159,9.79064039408867,489,30,112,11,123,34,67,224,16724,6,direct_2011_lsoa_code,1,Brent 013A,6,6,9,9,10,10,,27,,22,9,9,2,2,12,12
E01000565,1532,312,20.3655352480418,240,15.6657963446475,483,39,90,7,97,35,56,188,11437,4,direct_2011_lsoa_code,1,Brent 013B,6,6,,13,5,5,,21,,22,12,10,3,3,,16
E01000566,1553,259,16.677398583387,295,18.9954925949775,467,56,85,4,89,11,58,158,19130,6,direct_2011_lsoa_code,1,Brent 008C,5,5,10,10,11,11,,,,29,10,10,8,8,12,12
E01000567,1399,281,20.0857755539671,204,14.5818441744103,460,49,113,9,122,25,35,182,15988,5,direct_2011_lsoa_code,1,Brent 016A,12,12,,17,14,14,12,12,,20,,14,3,3,,15
E01000568,2222,251,11.2961296129613,205,9.22592259225923,663,24,105,8,113,22,61,196,19684,6,direct_2011_lsoa_code,1,Brent 008D,14,14,,16,,16,,18,2,2,,13,3,3,5,5
E01000569,1457,193,13.2463967055594,322,22.1002059025395,481,48,73,4,77,19,43,139,25177,8,direct_2011_lsoa_code,1,Brent 008E,10,10,,19,,23,,20,,25,10,10,9,9,8,8
E01000570,1546,209,13.5187580853816,237,15.3298835705045,510,42,76,9,85,24,36,145,11328,4,direct_2011_lsoa_code,1,Brent 012A,11,11,11,11,,23,,21,,28,10,10,7,7,10,10
E01000571,1763,235,13.3295519001702,281,15.9387407827567,492,29,57,7,64,19,59,142,12576,4,direct_2011_lsoa_code,1,Brent 012B,8,8,,17,14,14,,26,,27,12,12,8,8,,18
E01000572,1497,310,20.7080828323313,246,16.4328657314629,459,38,94,7,101,23,46,170,21873,7,direct_2011_lsoa_code,1,Brent 007A,,16,,22,15,16,,23,,,9,9,6,6,11,11
E01000573,1671,307,18.3722321962896,233,13.9437462597247,482,41,94,10,104,18,56,178,20580,7,direct_2011_lsoa_code,1,Brent 007B,5,5,,19,11,11,,24,,20,6,6,6,6,6,6
E01000574,1652,318,19.2493946731235,201,12.1670702179177,455,35,100,12,112,15,56,183,23631,8,direct_2011_lsoa_code,1,Brent 007C,15,15,,18,3,3,,19,,29,5,5,4,4,7,7
E01000575,2153,399,18.5322805387831,187,8.6855550394798,659,61,122,7,129,36,87,252,16668,6,direct_2011_lsoa_code,1,Brent 007D,9,9,,25,,21,,,,27,11,11,6,6,13,13
E01000576,1875,313,16.6933333333333,278,14.8266666666667,571,61,85,13,98,24,70,192,17462,6,direct_2011_lsoa_code,1,Brent 012C,6,6,,17,,16,,22,,24,6,6,2,2,15,10
E01000577,2583,684,26.4808362369338,137,5.30391018195896,862,45,204,19,223,145,62,430,6835,3,direct_2011_lsoa_code,1,Brent 007E,,18,14,14,,27,,,,,14,14,11,11,5,5
E01000578,2323,482,20.7490314248816,349,15.0236762806715,834,96,147,13,160,65,55,280,8553,3,direct_2011_lsoa_code,1,Brent 012D,7,7,8,8,9,9,,16,,26,13,13,4,4,11,10
E01000579,1587,263,16.5721487082546,170,10.7120352867045,634,43,72,29,101,49,32,182,8541,3,direct_2011_lsoa_code,1,Brent 032A,8,8,5,5,7,7,14,13,,24,9,9,3,3,8,8
E01000580,2087,438,20.9870627695256,295,14.1351221849545,854,91,154,36,190,67,34,291,14258,5,direct_2011_lsoa_code,1,Brent 032B,2,2,1,1,9,9,6,6,,24,7,7,1,1,9,9
E01000581,1512,312,20.6349206349206,153,10.1190476190476,597,40,104,16,120,47,41,208,18404,6,direct_2011_lsoa_code,1,Brent 030E,5,5,11,11,12,12,4,4,,,7,7,4,4,11,11
E01000582,1853,432,23.3135456017269,225,12.1424716675661,689,47,169,32,201,57,44,302,19625,6,direct_2011_lsoa_code,1,Brent 032C,8,8,12,12,6,6,9,9,,,7,7,6,6,11,11
E01000583,2052,324,15.7894736842105,288,14.0350877192982,900,81,126,20,146,63,23,232,13321,5,direct_2011_lsoa_code,1,Brent 032D,6,6,3,3,7,7,4,4,,18,1,1,1,1,2,2
E01000584,1563,309,19.7696737044146,213,13.6276391554703,549,47,117,21,138,25,38,201,19420,6,direct_2011_lsoa_code,1,Brent 033E,7,7,13,13,11,11,4,4,,,9,9,5,5,12,12
E01000585,1506,292,19.3891102257636,142,9.42895086321381,597,36,124,18,142,51,19,212,19713,7,direct_2011_lsoa_code,1,Brent 033F,5,5,9,9,7,7,9,9,,27,9,9,5,5,7,7
E01000586,2380,384,16.1344537815126,147,6.17647058823529,1090,62,117,27,144,75,37,256,13162,5,direct_2011_lsoa_code,1,Brent 032E,6,6,2,2,8,8,12,9,,23,6,6,1,1,5,5
E01000587,1626,266,16.3591635916359,258,15.8671586715867,462,32,86,6,92,12,63,167,18908,6,direct_2011_lsoa_code,1,Brent 001A,12,12,13,13,10,10,14,14,,28,,17,4,4,,19
E01000589,2549,461,18.085523734798,323,12.671635935661,805,48,159,11,170,50,85,305,15004,5,direct_2011_lsoa_code,1,Brent 001B,8,8,,17,9,9,,21,,16,12,12,7,7,11,11
E01000590,1934,339,17.5284384694933,305,15.770423991727,629,82,104,12,116,25,74,215,15271,5,direct_2011_lsoa_code,1,Brent 001C,6,6,13,13,2,2,5,5,,25,,18,3,3,,20
E01000591,2181,395,18.1109582760202,268,12.2879413113251,642,61,130,6,136,20,98,254,13852,5,direct_2011_lsoa_code,1,Brent 003F,,18,11,11,9,9,,20,,23,6,6,5,5,9,9
E01000592,1831,318,17.3675587110868,295,16.1114145275806,618,42,80,10,90,41,72,203,13808,5,direct_2011_lsoa_code,1,Brent 001D,14,14,9,9,,19,,15,,21,14,14,6,6,14,14
E01000593,2120,389,18.3490566037736,259,12.2169811320755,669,53,98,13,111,58,72,241,14685,5,direct_2011_lsoa_code,1,Brent 001E,14,14,9,9,10,10,,23,,24,8,8,8,8,13,13
E01000594,1813,317,17.4848317705461,232,12.7964699393271,558,38,86,4,90,18,80,188,16924,6,direct_2011_lsoa_code,1,Brent 001F,14,14,10,10,1,1,,22,,16,13,10,2,2,3,3
E01000595,1785,517,28.9635854341737,146,8.17927170868347,653,50,89,12,101,154,34,289,2994,1,direct_2011_lsoa_code,1,Brent 027A,10,10,,16,7,7,12,12,,27,9,9,7,7,,17
E01000596,1849,508,27.4743104380746,196,10.6003244997296,627,62,119,9,128,94,48,270,2747,1,direct_2011_lsoa_code,1,Brent 021A,2,2,,20,8,8,,23,,27,,17,4,4,,17
E01000599,1889,394,20.857596611964,158,8.36421386977237,700,48,92,11,103,103,45,251,1969,1,direct_2011_lsoa_code,1,Brent 027D,7,7,14,13,0,0,,16,,21,4,4,3,3,8,8
E01000601,1385,304,21.9494584837545,112,8.08664259927798,513,29,56,7,63,110,34,207,1192,1,direct_2011_lsoa_code,1,Brent 021B,11,11,10,10,13,13,,21,,27,10,10,0,0,11,11
E01000602,1455,289,19.8625429553265,178,12.233676975945,501,45,51,13,64,59,45,168,4335,2,direct_2011_lsoa_code,1,Brent 021C,9,9,14,14,11,11,,20,,29,,19,3,3,,19
E01000603,1443,355,24.6015246015246,141,9.77130977130977,562,54,97,11,108,116,14,238,4557,2,direct_2011_lsoa_code,1,Brent 021D,12,12,,16,14,14,,23,,27,,18,5,5,,18
E01000604,1741,383,21.9988512349225,183,10.511200459506,513,46,90,8,98,57,48,203,3443,2,direct_2011_lsoa_code,1,Brent 021E,,14,,17,3,3,,15,,,,20,0,0,12,12
E01000605,1763,363,20.5899035734543,207,11.7413499716393,572,37,85,7,92,68,39,199,2954,1,direct_2011_lsoa_code,1,Brent 021F,9,9,,19,3,3,,15,,29,13,13,4,4,10,10
E01000606,1872,340,18.1623931623932,222,11.8589743589744,577,63,112,10,122,37,55,214,14627,5,direct_2011_lsoa_code,1,Brent 016B,15,15,,21,,17,13,13,,24,,16,6,6,,19
E01000607,2591,489,18.8730219992281,278,10.7294480895407,687,44,121,11,132,35,140,307,15403,5,direct_2011_lsoa_code,1,Brent 013C,,19,,19,8,8,,23,,22,7,7,8,8,,19
E01000608,2338,464,19.8460222412318,250,10.6928999144568,809,96,160,12,172,53,79,304,12668,4,direct_2011_lsoa_code,1,Brent 013D,8,8,,12,2,2,,17,,19,5,5,1,1,,14
E01000609,2060,395,19.1747572815534,251,12.1844660194175,631,35,114,14,128,55,75,258,13560,5,direct_2011_lsoa_code,1,Brent 016C,10,10,14,14,10,10,,18,,25,13,13,5,5,,19
E01000610,2187,437,19.9817101051669,289,13.2144490169182,690,43,148,14,162,45,73,280,10807,4,direct_2011_lsoa_code,1,Brent 019A,,23,,16,15,15,14,14,15,15,,16,10,10,14,14
E01000611,1925,386,20.0519480519481,190,9.87012987012987,604,36,140,2,142,34,74,250,11357,4,direct_2011_lsoa_code,1,Brent 016D,,19,6,6,7,7,11,11,,19,5,5,4,4,6,6
E01000612,1765,335,18.9801699716714,212,12.0113314447592,543,39,111,7,118,27,83,228,12061,4,direct_2011_lsoa_code,1,Brent 019B,15,15,,15,8,8,9,9,6,6,6,6,0,0,11,11
E01000613,1754,361,20.581527936146,168,9.57810718358039,638,53,121,12,133,61,46,240,10614,4,direct_2011_lsoa_code,1,Brent 013E,6,6,5,5,12,12,,27,,28,5,5,5,5,8,8
E01000615,3193,441,13.8114625743815,197,6.16974632007517,824,41,165,17,182,52,64,298,14567,5,direct_2011_lsoa_code,1,Brent 036A,,22,14,14,12,12,,27,,,,24,5,5,,22
E01000616,1934,304,15.7187176835574,180,9.3071354705274,591,38,89,5,94,31,88,213,13069,4,direct_2011_lsoa_code,1,Brent 020A,13,13,,15,5,5,,19,,24,12,12,5,5,,14
E01000617,2269,370,16.3067430586161,299,13.1776112825033,720,81,90,12,102,38,81,221,11317,4,direct_2011_lsoa_code,1,Brent 036B,12,12,,16,3,3,11,11,,23,7,7,5,5,,15
E01000618,1676,293,17.4821002386635,243,14.4988066825776,478,56,66,3,69,32,68,169,12895,4,direct_2011_lsoa_code,1,Brent 036D,13,13,,21,6,6,10,10,,28,14,14,8,8,,18
E01000619,1699,343,20.1883460859329,250,14.7145379635079,478,39,68,13,81,24,72,177,14873,5,direct_2011_lsoa_code,1,Brent 036C,6,6,,27,8,8,13,13,,,,21,11,11,,18
E01000620,1750,264,15.0857142857143,328,18.7428571428571,511,41,66,8,74,24,71,169,13624,5,direct_2011_lsoa_code,1,Brent 020B,,24,,26,,22,,23,,,,26,12,12,5,5
E01000621,1811,324,17.8906681391496,215,11.8718939812258,512,40,57,11,68,33,77,178,10660,4,direct_2011_lsoa_code,1,Brent 020C,,12,,16,12,6,2,2,,24,,11,0,0,9,9
E01000622,1980,561,28.3333333333333,153,7.72727272727273,707,54,113,54,167,68,58,293,7963,3,direct_2011_lsoa_code,1,Brent 010D,12,12,,28,,28,,,,,,26,8,8,,
E01000623,1881,367,19.5108984582669,259,13.7692716640085,569,37,121,5,126,27,51,204,17826,6,direct_2011_lsoa_code,1,Brent 005C,13,13,,15,,16,,21,,,,23,5,5,,22
E01000624,1745,315,18.0515759312321,333,19.0830945558739,589,81,82,14,96,24,67,187,15459,5,direct_2011_lsoa_code,1,Brent 005D,8,8,,24,,22,,29,,,,,12,12,,
E01000625,1672,296,17.7033492822967,272,16.2679425837321,591,71,101,13,114,56,35,205,12420,4,direct_2011_lsoa_code,1,Brent 009E,6,6,11,11,,16,,16,,,,19,4,4,,18
E01000626,1545,345,22.3300970873786,159,10.2912621359223,602,65,82,28,110,73,33,216,3361,2,direct_2011_lsoa_code,1,Brent 010E,3,3,10,10,3,3,,16,,,,12,5,5,,18
E01000627,2048,384,18.75,236,11.5234375,683,52,91,15,106,72,61,239,4522,2,direct_2011_lsoa_code,1,Brent 014E,8,8,9,7,7,7,14,11,,,9,9,1,1,,15
E01000628,1767,302,17.0911148839842,215,12.1675155631013,639,50,72,12,84,50,51,185,6391,2,direct_2011_lsoa_code,1,Brent 014F,14,12,12,12,15,15,,14,,,12,12,4,4,13,13
E01000629,1977,369,18.6646433990895,270,13.6570561456753,625,64,115,13,128,24,61,213,18148,6,direct_2011_lsoa_code,1,Brent 005E,14,14,,17,10,10,,21,,,,24,4,4,,24
E01000630,2728,499,18.291788856305,254,9.3108504398827,908,55,161,10,171,61,94,326,8671,3,direct_2011_lsoa_code,1,Brent 026E,,17,7,7,,17,15,15,,15,7,7,5,5,0,0
E01000631,2073,359,17.3178967679691,298,14.3753014954173,580,31,107,8,115,16,85,216,17121,6,direct_2011_lsoa_code,1,Brent 019C,5,5,15,17,10,10,10,10,9,9,9,9,7,7,,17
E01000632,2482,426,17.1635777598711,289,11.6438356164384,594,28,94,4,98,24,123,245,15543,5,direct_2011_lsoa_code,1,Brent 029E,15,15,5,5,4,4,,19,,23,4,4,4,4,13,13
E01000633,2616,575,21.980122324159,230,8.79204892966361,616,45,118,11,129,33,137,299,11067,4,direct_2011_lsoa_code,1,Brent 019D,8,8,10,10,13,13,6,6,8,8,8,8,2,2,10,10
E01000634,2641,542,20.5225293449451,222,8.4059068534646,762,42,152,16,168,66,106,340,12873,4,direct_2011_lsoa_code,1,Brent 019E,,20,12,12,,19,,20,,19,11,11,8,8,11,11
E01000636,2602,487,18.7163720215219,289,11.1068408916218,770,53,137,12,149,51,98,298,15999,5,direct_2011_lsoa_code,1,Brent 020E,0,0,14,14,10,10,,15,,21,6,6,4,4,10,10
E01000637,1508,257,17.0424403183024,184,12.2015915119363,614,56,68,18,86,56,19,161,11819,4,direct_2011_lsoa_code,1,Brent 022B,6,6,13,13,12,12,6,6,,,6,6,6,6,12,12
E01000638,2140,481,22.4766355140187,171,7.99065420560748,791,66,153,16,169,116,35,320,8516,3,direct_2011_lsoa_code,1,Brent 024A,,14,,20,12,12,,15,,,,14,5,5,,16
E01000639,1714,277,16.1610268378063,130,7.58459743290549,744,37,87,13,100,49,21,170,12728,4,direct_2011_lsoa_code,1,Brent 022C,4,4,5,5,,16,9,9,,22,7,7,5,5,7,7
E01000640,2216,483,21.7960288808664,169,7.62635379061372,818,52,124,20,144,122,44,310,9599,3,direct_2011_lsoa_code,1,Brent 024B,6,6,14,13,8,8,6,6,,29,6,6,1,1,13,12
E01000641,1951,441,22.6037929267043,167,8.55971296770887,736,57,107,30,137,91,41,269,7673,3,direct_2011_lsoa_code,1,Brent 024C,6,6,,18,6,6,11,11,,26,11,11,6,6,8,8
E01000642,2214,282,12.7371273712737,194,8.76242095754291,1031,78,82,17,99,65,34,198,9415,3,direct_2011_lsoa_code,1,Brent 022D,4,4,3,3,,14,7,7,,21,6,6,1,1,6,6
E01000643,2244,470,20.9447415329768,211,9.40285204991087,895,86,102,15,117,143,48,308,2011,1,direct_2011_lsoa_code,1,Brent 024D,11,11,,21,,15,14,14,,,8,8,5,5,,20
E01000644,1914,302,15.7784743991641,211,11.0240334378265,763,60,81,22,103,73,37,213,10775,4,direct_2011_lsoa_code,1,Brent 022E,1,1,10,10,12,12,2,2,,27,2,2,3,3,,11
E01000645,1451,278,19.1592005513439,306,21.0889042039972,544,55,136,18,154,17,17,188,31081,10,direct_2011_lsoa_code,1,Bromley 007A,6,6,,,,,12,12,,,12,12,,,,
E01000646,1828,349,19.0919037199125,337,18.4354485776805,779,129,133,37,170,48,17,235,26185,8,direct_2011_lsoa_code,1,Bromley 016A,8,8,,22,,20,15,15,,23,6,6,6,6,,
E01000647,1707,397,23.2571763327475,215,12.5951962507323,646,55,159,36,195,55,19,269,28453,9,direct_2011_lsoa_code,1,Bromley 016B,2,2,14,14,,16,,16,,25,8,8,7,7,,
E01000648,1889,386,20.4340921122287,300,15.8814187400741,729,61,172,29,201,51,15,267,28942,9,direct_2011_lsoa_code,1,Bromley 016C,3,3,12,12,,17,,20,,25,,19,6,6,,
E01000649,2068,417,20.1644100580271,399,19.294003868472,817,111,205,24,229,35,20,284,25707,8,direct_2011_lsoa_code,1,Bromley 007B,,22,,24,,26,,16,,29,,19,2,2,,
E01000650,1806,328,18.1616832779623,444,24.5847176079734,749,131,156,19,175,36,15,226,22579,7,direct_2011_lsoa_code,1,Bromley 022A,15,15,11,11,,21,,22,,,,26,4,4,,
E01000651,1681,289,17.1921475312314,424,25.2230814991077,627,95,146,16,162,27,12,201,24779,8,direct_2011_lsoa_code,1,Bromley 020A,10,10,13,13,,20,12,12,,,11,11,5,5,,
E01000652,1711,320,18.7025131502046,376,21.9754529514904,672,95,145,20,165,32,20,217,29124,9,direct_2011_lsoa_code,1,Bromley 022B,8,8,10,10,,20,,16,,,,17,2,2,,
E01000653,1540,280,18.1818181818182,382,24.8051948051948,596,94,141,12,153,20,14,187,24777,8,direct_2011_lsoa_code,1,Bromley 016D,8,8,,25,,23,,18,,27,14,14,3,3,,
E01000654,1299,269,20.7082371054657,251,19.3225558121632,487,48,99,28,127,29,21,177,27153,9,direct_2011_lsoa_code,1,Bromley 039A,,27,,,,,,,,27,,,9,9,,
E01000655,1329,268,20.1655379984951,231,17.3814898419865,493,48,96,38,134,31,13,178,24376,8,direct_2011_lsoa_code,1,Bromley 039B,,27,,,,,,,,27,,,12,12,,
E01000656,1511,265,17.5380542686962,332,21.9722038385175,566,59,104,38,142,16,19,177,28540,9,direct_2011_lsoa_code,1,Bromley 039C,,,,,,,,,,,,,14,14,,
E01000657,1572,285,18.1297709923664,295,18.765903307888,678,89,91,40,131,54,12,197,21964,7,direct_2011_lsoa_code,1,Bromley 039D,,18,12,12,9,9,,,4,4,,,1,1,,
E01000658,1331,162,12.1712997746056,469,35.236664162284,561,115,62,14,76,24,16,116,28425,9,direct_2011_lsoa_code,1,Bromley 042A,,,,,,26,,,,26,,,11,11,,
E01000659,1462,300,20.5198358413133,216,14.7742818057456,522,48,110,32,142,26,18,186,27441,9,direct_2011_lsoa_code,1,Bromley 039E,,24,,24,,25,,,,20,,,7,7,,
E01000661,2816,720,25.5681818181818,317,11.2571022727273,1181,159,164,56,220,189,43,452,5014,2,direct_2011_lsoa_code,1,Bromley 026A,10,10,,17,6,6,9,9,,19,,14,3,3,,
E01000662,1800,387,21.5,231,12.8333333333333,652,75,146,28,174,41,36,251,15994,5,direct_2011_lsoa_code,1,Bromley 026B,11,11,11,11,13,13,,22,,28,,25,10,10,,
E01000663,1682,366,21.7598097502973,303,18.0142687277051,665,121,139,32,171,65,21,257,16476,6,direct_2011_lsoa_code,1,Bromley 026C,12,12,,20,,20,,18,,29,,19,3,3,,
E01000664,1662,360,21.6606498194946,252,15.1624548736462,600,68,142,22,164,50,23,237,15225,5,direct_2011_lsoa_code,1,Bromley 026D,13,13,,25,7,7,,20,,29,,19,4,4,,
E01000665,1858,354,19.0527448869752,311,16.7384284176534,741,106,136,35,171,63,22,256,23013,8,direct_2011_lsoa_code,1,Bromley 033A,13,13,,18,9,9,,22,,20,,22,5,5,,
E01000666,1892,267,14.1120507399577,552,29.1754756871036,800,137,115,25,140,28,14,182,29934,10,direct_2011_lsoa_code,1,Bromley 033B,3,3,,,,17,,,,,,,7,7,,
E01000667,1658,272,16.4053075995175,393,23.7032569360676,628,77,131,28,159,16,13,188,28484,9,direct_2011_lsoa_code,1,Bromley 033C,,23,13,13,9,9,,17,,19,,23,1,1,,
E01000668,2222,458,20.6120612061206,286,12.8712871287129,973,140,210,40,250,51,17,318,22745,7,direct_2011_lsoa_code,1,Bromley 020B,,21,,22,9,9,14,14,,28,13,13,11,11,,
E01000669,1734,348,20.0692041522491,223,12.8604382929642,748,82,153,44,197,48,17,262,26111,8,direct_2011_lsoa_code,1,Bromley 020C,11,11,7,7,,17,5,5,,22,4,4,5,5,,
E01000670,1944,338,17.3868312757202,327,16.820987654321,833,87,160,23,183,27,24,234,29576,10,direct_2011_lsoa_code,1,Bromley 018A,11,11,13,13,,13,13,11,,14,11,10,0,0,,
E01000671,2271,453,19.9471598414795,315,13.8705416116248,1017,139,188,41,229,64,22,315,23784,8,direct_2011_lsoa_code,1,Bromley 020D,6,6,11,11,8,8,13,13,,20,13,13,2,2,,
E01000672,1673,315,18.8284518828452,334,19.9641362821279,695,83,129,34,163,34,19,216,27582,9,direct_2011_lsoa_code,1,Bromley 011A,,22,,19,9,9,,22,,,,20,9,9,,
E01000673,1669,380,22.7681246255243,226,13.5410425404434,636,54,158,29,187,45,17,249,26712,9,direct_2011_lsoa_code,1,Bromley 011B,,15,,17,15,15,,18,,20,,16,2,2,,
E01000674,1715,333,19.4169096209913,247,14.402332361516,800,124,123,30,153,52,19,224,21905,7,direct_2011_lsoa_code,1,Bromley 008A,11,11,6,6,,15,10,10,,21,,13,4,4,,
E01000676,2031,348,17.1344165435746,189,9.30576070901034,967,96,114,33,147,77,26,250,13716,5,direct_2011_lsoa_code,1,Bromley 008B,2,2,5,5,4,4,6,6,15,15,6,6,1,1,,
E01000677,1901,433,22.7774855339295,167,8.78485007890584,805,68,170,35,205,62,18,285,20694,7,direct_2011_lsoa_code,1,Bromley 018C,11,11,13,13,4,4,13,13,11,11,12,12,7,7,,
E01000678,1851,396,21.3938411669368,250,13.5062128579146,699,70,169,37,206,27,23,256,25871,8,direct_2011_lsoa_code,1,Bromley 016E,11,11,9,9,8,8,12,12,,19,10,10,7,7,,
E01000679,1793,420,23.4244283324038,193,10.7640825432236,674,52,173,39,212,46,15,273,25999,8,direct_2011_lsoa_code,1,Bromley 020E,9,9,12,12,11,11,,23,,26,,20,7,7,,
E01000680,1645,242,14.7112462006079,421,25.5927051671733,647,68,113,12,125,19,21,165,25580,8,direct_2011_lsoa_code,1,Bromley 037A,,,,,,,,,,,,,6,6,,
E01000681,1756,362,20.6150341685649,285,16.2300683371298,648,69,193,22,215,23,11,249,32415,10,direct_2011_lsoa_code,1,Bromley 035A,14,14,,19,,23,7,7,,24,,17,6,6,,
E01000682,1607,313,19.477286869944,387,24.0821406347231,639,124,164,12,176,26,15,217,31181,10,direct_2011_lsoa_code,1,Bromley 035B,12,12,,16,,24,,15,,15,5,5,2,2,,
E01000683,1704,357,20.9507042253521,241,14.1431924882629,706,97,151,26,177,52,12,241,21817,7,direct_2011_lsoa_code,1,Bromley 035C,3,3,,15,,22,12,12,9,9,11,11,4,4,,
E01000684,2092,484,23.1357552581262,370,17.6864244741874,746,68,247,26,273,23,19,315,31879,10,direct_2011_lsoa_code,1,Bromley 035D,10,10,,20,,28,12,12,,19,,16,4,4,,
E01000685,1624,348,21.4285714285714,233,14.3472906403941,612,74,156,29,185,42,22,249,21456,7,direct_2011_lsoa_code,1,Bromley 037B,9,9,,18,8,8,15,13,,29,,24,0,0,,
E01000686,1495,298,19.933110367893,394,26.3545150501672,639,137,132,18,150,27,10,187,27949,9,direct_2011_lsoa_code,1,Bromley 037C,14,14,9,9,,24,8,8,,13,5,5,5,5,,
E01000687,1564,259,16.5601023017903,398,25.4475703324808,662,109,123,18,141,37,11,189,28847,9,direct_2011_lsoa_code,1,Bromley 037D,4,4,13,13,,,11,11,,23,,20,4,4,,
E01000688,1384,272,19.6531791907514,296,21.3872832369942,507,60,132,15,147,10,24,181,32463,10,direct_2011_lsoa_code,1,Bromley 037E,,,,,,,,,,,,,12,12,,
E01000689,1636,396,24.2053789731051,284,17.359413202934,615,76,81,29,110,59,22,191,12957,4,direct_2011_lsoa_code,1,Bromley 002A,15,15,,,,,,,,,,,14,14,,
E01000690,1392,288,20.6896551724138,265,19.0373563218391,538,62,124,28,152,26,11,189,28098,9,direct_2011_lsoa_code,1,Bromley 002B,5,5,,19,8,8,14,14,,,,17,3,3,,
E01000691,1534,310,20.2086049543677,263,17.1447196870926,639,97,119,29,148,44,12,204,20929,7,direct_2011_lsoa_code,1,Bromley 002C,13,13,,15,8,8,6,6,,29,10,10,3,3,,
E01000692,1673,349,20.8607292289301,305,18.2307232516438,682,88,143,32,175,44,8,227,28643,9,direct_2011_lsoa_code,1,Bromley 002D,8,8,10,10,14,14,8,8,,,8,8,3,3,,
E01000693,1510,212,14.0397350993378,555,36.7549668874172,646,182,96,13,109,19,9,137,22520,7,direct_2011_lsoa_code,1,Bromley 010A,14,14,,,,,,,,,,,15,15,,
E01000694,2298,487,21.1923411662315,437,19.0165361183638,887,101,232,38,270,42,19,331,27349,9,direct_2011_lsoa_code,1,Bromley 007C,3,3,,24,,18,,20,,,,23,4,4,,
E01000695,1519,276,18.1698485845951,330,21.724818959842,620,89,135,20,155,24,7,186,27622,9,direct_2011_lsoa_code,1,Bromley 007D,14,14,,,12,12,,,,,,,,,,
E01000696,1635,269,16.4525993883792,464,28.3792048929664,690,132,128,18,146,21,14,181,27929,9,direct_2011_lsoa_code,1,Bromley 007E,10,10,,23,,26,,20,,,,21,10,10,,
E01000697,1786,329,18.4210526315789,277,15.5095184770437,779,93,152,21,173,43,14,230,31919,10,direct_2011_lsoa_code,1,Bromley 007F,15,15,,24,,29,6,6,,,6,6,6,6,,
E01000698,1195,219,18.326359832636,309,25.8577405857741,434,57,94,13,107,11,13,131,19941,7,direct_2011_lsoa_code,1,Bromley 010B,12,12,,21,8,8,,21,,,,14,1,1,,
E01000699,1451,286,19.710544452102,116,7.99448656099242,665,44,82,33,115,72,18,205,14234,5,direct_2011_lsoa_code,1,Bromley 015A,9,9,4,4,10,10,7,7,,24,7,7,3,3,,
E01000700,1523,296,19.435325016415,183,12.0157583716349,667,65,120,28,148,54,12,214,20231,7,direct_2011_lsoa_code,1,Bromley 013A,6,6,,13,4,4,,16,,17,,15,1,1,,
E01000701,1444,297,20.5678670360111,146,10.1108033240997,612,46,116,47,163,45,14,222,21278,7,direct_2011_lsoa_code,1,Bromley 015B,10,10,10,10,13,13,15,15,,24,,18,7,7,,
E01000702,1434,266,18.5495118549512,151,10.5299860529986,639,44,111,27,138,30,15,183,24366,8,direct_2011_lsoa_code,1,Bromley 013B,11,11,13,10,13,12,,16,,17,,13,4,4,,
E01000703,1730,390,22.5433526011561,194,11.2138728323699,700,68,156,37,193,42,18,253,23918,8,direct_2011_lsoa_code,1,Bromley 013C,4,4,14,12,4,4,6,6,7,7,6,6,4,4,,
E01000704,1469,288,19.6051735874745,212,14.431586113002,600,78,112,40,152,38,14,204,24111,8,direct_2011_lsoa_code,1,Bromley 015C,12,12,12,12,11,11,,17,,24,,22,5,5,,
E01000705,1356,256,18.8790560471976,187,13.7905604719764,571,52,78,21,99,55,19,173,17604,6,direct_2011_lsoa_code,1,Bromley 015D,11,11,13,10,11,11,15,11,,25,6,6,3,3,,
E01000706,1376,274,19.9127906976744,173,12.5726744186047,610,73,101,25,126,39,14,179,17373,6,direct_2011_lsoa_code,1,Bromley 013D,11,11,,16,,22,,17,,24,,17,6,6,,
E01000707,1508,414,27.4535809018568,148,9.81432360742706,530,36,203,31,234,24,9,267,32027,10,direct_2011_lsoa_code,1,Bromley 041A,2,2,,18,11,11,10,10,10,10,11,11,4,4,,
E01000708,1690,366,21.6568047337278,264,15.6213017751479,711,101,152,31,183,45,17,245,27232,9,direct_2011_lsoa_code,1,Bromley 041B,9,9,15,13,,16,4,4,,14,6,6,5,5,,
E01000709,1370,191,13.9416058394161,297,21.6788321167883,737,159,81,19,100,29,11,140,17782,6,direct_2011_lsoa_code,1,Bromley 006A,2,2,13,13,10,10,10,10,,14,15,14,2,2,,
E01000710,2359,362,15.345485375159,322,13.6498516320475,1159,117,149,40,189,56,18,263,24099,8,direct_2011_lsoa_code,1,Bromley 006B,,17,,25,,27,,28,,,,28,7,7,,
E01000711,1879,266,14.1564662054284,318,16.9238956891964,1030,161,104,25,129,49,10,188,22423,7,direct_2011_lsoa_code,1,Bromley 006C,12,12,,20,12,12,,21,,27,,20,3,3,,
E01000712,1794,257,14.3255295429208,348,19.3979933110368,876,141,106,25,131,35,19,185,28325,9,direct_2011_lsoa_code,1,Bromley 012A,8,8,9,9,12,12,10,10,,20,12,12,0,0,,
E01000713,1849,297,16.0627366143862,290,15.6841535965387,888,112,146,28,174,44,20,238,26931,9,direct_2011_lsoa_code,1,Bromley 012B,13,13,,20,,20,14,14,15,15,,20,5,5,,
E01000714,2168,357,16.4667896678967,306,14.1143911439114,1091,155,131,33,164,97,12,273,24549,8,direct_2011_lsoa_code,1,Bromley 006D,5,5,4,4,5,5,4,4,15,15,3,3,4,4,,
E01000715,1759,254,14.4400227401933,377,21.4326321773735,927,187,114,31,145,31,9,185,28816,9,direct_2011_lsoa_code,1,Bromley 012C,6,6,14,13,13,13,4,4,,14,14,13,2,2,,
E01000716,1652,281,17.0096852300242,439,26.5738498789346,707,100,130,21,151,19,13,183,27657,9,direct_2011_lsoa_code,1,Bromley 011C,4,4,,14,,14,10,10,,20,,14,2,2,,
E01000717,1701,272,15.9905937683715,313,18.4009406231628,864,140,112,30,142,45,12,199,26511,9,direct_2011_lsoa_code,1,Bromley 011D,13,13,,18,,18,,16,13,13,,18,3,3,,
E01000718,2056,426,20.7198443579767,229,11.1381322957198,930,83,127,37,164,103,25,292,9395,3,direct_2011_lsoa_code,1,Bromley 006E,8,8,,19,12,12,,20,,24,,19,1,1,,
E01000719,2118,537,25.3541076487252,247,11.6619452313503,861,96,124,39,163,128,31,322,10496,4,direct_2011_lsoa_code,1,Bromley 019A,12,12,,22,12,12,,23,,,10,10,4,4,,
E01000720,1801,462,25.6524153248195,196,10.882842865075,682,53,119,35,154,95,28,277,3404,2,direct_2011_lsoa_code,1,Bromley 019B,,,,,,,,,,,,,12,12,,
E01000721,1604,424,26.4339152119701,157,9.78802992518703,614,64,85,32,117,84,30,231,3421,2,direct_2011_lsoa_code,1,Bromley 019C,6,6,,26,7,7,,22,,,14,14,0,0,,
E01000722,1848,365,19.7510822510823,262,14.1774891774892,757,89,118,38,156,63,23,242,11642,4,direct_2011_lsoa_code,1,Bromley 023A,15,15,15,14,7,7,8,8,,23,6,6,1,1,,
E01000723,1240,164,13.2258064516129,376,30.3225806451613,551,123,64,18,82,22,14,118,20244,7,direct_2011_lsoa_code,1,Bromley 029A,15,15,,22,,16,,16,,,14,14,1,1,,
E01000724,1680,420,25,187,11.1309523809524,653,74,87,44,131,105,29,265,5486,2,direct_2011_lsoa_code,1,Bromley 019D,11,11,,26,12,12,13,13,,,,15,4,4,,
E01000725,1752,343,19.5776255707763,254,14.4977168949772,791,100,97,40,137,74,8,219,9089,3,direct_2011_lsoa_code,1,Bromley 023B,11,11,9,9,4,4,8,8,,26,7,7,2,2,,
E01000726,1306,204,15.6202143950995,290,22.2052067381317,581,95,85,21,106,25,9,140,17771,6,direct_2011_lsoa_code,1,Bromley 029B,3,3,14,14,10,10,3,3,,29,5,5,2,2,,
E01000727,1691,295,17.4452986398581,388,22.9450029568303,764,157,120,26,146,44,15,205,19463,6,direct_2011_lsoa_code,1,Bromley 028A,8,8,13,13,7,7,10,10,,23,13,12,2,2,,
E01000728,1627,304,18.6846957590658,346,21.2661339889367,699,106,73,34,107,71,24,202,13215,5,direct_2011_lsoa_code,1,Bromley 019E,15,15,,,,,,,,,,,,,,
E01000729,1958,515,26.3023493360572,165,8.42696629213483,834,82,114,45,159,130,18,307,3993,2,direct_2011_lsoa_code,1,Bromley 014A,13,13,7,7,,24,8,8,,,6,6,7,7,,
E01000730,1808,473,26.1615044247788,167,9.23672566371681,669,60,86,47,133,111,40,284,3782,2,direct_2011_lsoa_code,1,Bromley 014B,6,6,11,11,12,12,13,13,,,12,12,1,1,,
E01000731,1385,311,22.4548736462094,194,14.0072202166065,513,57,97,22,119,52,33,204,8144,3,direct_2011_lsoa_code,1,Bromley 023C,,15,,27,,24,,,,,,23,12,12,,
E01000732,1512,293,19.3783068783069,259,17.1296296296296,584,73,113,31,144,21,25,190,19583,6,direct_2011_lsoa_code,1,Bromley 023D,10,10,,19,,14,14,13,,28,,15,1,1,,
E01000733,1669,356,21.3301378070701,261,15.638106650689,634,69,119,39,158,47,25,230,14387,5,direct_2011_lsoa_code,1,Bromley 023E,1,1,,20,12,12,8,8,,,8,8,5,5,,
E01000734,1385,320,23.1046931407942,198,14.2960288808664,508,51,124,28,152,47,19,218,22209,7,direct_2011_lsoa_code,1,Bromley 028B,11,11,,23,7,7,9,9,,,13,13,9,9,,
E01000735,1545,355,22.9773462783172,190,12.2977346278317,554,47,104,29,133,66,25,224,8001,3,direct_2011_lsoa_code,1,Bromley 014C,2,2,,20,,19,,23,,,,15,5,5,,
E01000736,1637,351,21.4416615760538,202,12.3396456933415,628,60,98,35,133,72,25,230,12857,4,direct_2011_lsoa_code,1,Bromley 010C,9,9,,13,7,7,,19,,,,15,1,1,,
E01000737,1404,309,22.008547008547,216,15.3846153846154,584,81,86,28,114,59,18,191,7000,3,direct_2011_lsoa_code,1,Bromley 010D,14,13,5,5,,13,11,11,,,6,6,1,1,,
E01000738,1690,323,19.112426035503,318,18.8165680473373,646,82,114,37,151,38,25,214,14203,5,direct_2011_lsoa_code,1,Bromley 014D,6,6,12,12,8,8,10,10,,,13,13,3,3,,
E01000739,1678,427,25.4469606674613,194,11.5613825983313,637,75,89,36,125,106,24,255,3608,2,direct_2011_lsoa_code,1,Bromley 014E,11,11,6,6,,20,9,9,,,4,4,3,3,,
E01000741,1816,270,14.8678414096916,122,6.71806167400881,929,54,72,56,128,70,10,208,10835,4,direct_2011_lsoa_code,1,Bromley 005B,9,9,15,15,3,3,,12,,16,3,3,1,1,,
E01000742,2121,356,16.7845355964168,143,6.74210278170674,1022,55,86,36,122,104,24,250,11887,4,direct_2011_lsoa_code,1,Bromley 005C,12,12,,17,,18,,18,,26,15,17,1,1,,
E01000743,1868,300,16.0599571734475,298,15.9528907922912,852,93,67,28,95,100,19,214,5959,2,direct_2011_lsoa_code,1,Bromley 009A,8,8,,15,13,13,12,12,,21,15,15,5,5,,
E01000744,1559,303,19.4355355997434,203,13.0211674150096,661,68,51,32,83,100,21,204,3807,2,direct_2011_lsoa_code,1,Bromley 009B,13,13,13,11,7,7,12,12,,27,6,6,4,4,,
E01000745,1884,349,18.5244161358811,134,7.11252653927813,900,64,102,38,140,85,11,236,14848,5,direct_2011_lsoa_code,1,Bromley 005D,11,11,,14,,15,,18,,21,,14,2,2,,
E01000746,2023,355,17.5481957488878,193,9.54028670291646,965,76,110,38,148,86,14,248,16568,6,direct_2011_lsoa_code,1,Bromley 005E,13,13,9,9,5,5,,17,13,13,10,10,6,6,,
E01000747,2027,406,20.0296003946719,383,18.8949185989147,793,99,135,39,174,53,36,263,14131,5,direct_2011_lsoa_code,1,Bromley 042B,,,,,,,,,,,,,,,,
E01000748,1686,218,12.9300118623962,545,32.3250296559905,706,114,70,24,94,28,26,148,21419,7,direct_2011_lsoa_code,1,Bromley 042C,,,,,,,,,,,,,,,,
E01000749,1653,266,16.0919540229885,498,30.1270417422868,637,101,120,24,144,26,14,184,22952,7,direct_2011_lsoa_code,1,Bromley 036A,,,,,,,,,,,,,8,8,,
E01000750,1454,263,18.0880330123796,330,22.6960110041266,651,145,66,13,79,80,17,176,7689,3,direct_2011_lsoa_code,1,Bromley 036B,10,10,,21,,24,10,10,,26,9,9,6,6,,
E01000751,2265,502,22.1633554083885,412,18.1898454746137,888,161,220,42,262,48,20,330,28683,9,direct_2011_lsoa_code,1,Bromley 036C,,,,,,,,,,,,,,,,
E01000752,1746,300,17.1821305841924,497,28.4650630011455,788,179,126,24,150,38,18,206,26565,9,direct_2011_lsoa_code,1,Bromley 036D,11,11,,16,,16,4,4,,19,5,5,3,3,,
E01000753,1939,386,19.9071686436307,482,24.8581743166581,754,127,158,28,186,33,16,235,29304,9,direct_2011_lsoa_code,1,Bromley 031A,,16,,13,,14,,15,,17,,13,3,3,,
E01000754,1769,354,20.0113058224986,328,18.5415488976823,736,121,156,30,186,44,16,246,27768,9,direct_2011_lsoa_code,1,Bromley 031B,,16,,22,15,25,,22,,27,10,10,4,4,,
E01000755,1638,323,19.7191697191697,365,22.2832722832723,636,102,158,15,173,33,12,218,30441,10,direct_2011_lsoa_code,1,Bromley 031C,,14,,13,,15,,15,,15,9,9,1,1,,
E01000756,1707,318,18.6291739894552,396,23.1985940246046,649,106,137,26,163,30,18,211,30572,10,direct_2011_lsoa_code,1,Bromley 033D,,22,8,8,7,7,9,9,13,13,,21,5,5,,
E01000757,1571,272,17.3138128580522,439,27.9439847231063,603,69,150,13,163,16,4,183,31058,10,direct_2011_lsoa_code,1,Bromley 031D,14,14,,20,,21,,22,,25,,20,9,9,,
E01000758,1451,284,19.5727084769125,301,20.7443142660234,552,75,152,21,173,17,6,196,32014,10,direct_2011_lsoa_code,1,Bromley 031E,11,11,,20,,23,8,8,,25,,17,4,4,,
E01000759,1648,320,19.4174757281553,316,19.1747572815534,576,46,149,26,175,20,14,209,27295,9,direct_2011_lsoa_code,1,Bromley 034A,,,,22,,,,25,,,,22,12,12,,
E01000760,1633,308,18.8609920391917,383,23.4537660747091,585,88,130,18,148,34,19,201,25692,8,direct_2011_lsoa_code,1,Bromley 034B,10,10,8,8,13,13,7,7,,27,8,8,4,4,,
E01000761,1545,302,19.546925566343,326,21.1003236245955,568,73,139,31,170,18,17,205,27991,9,direct_2011_lsoa_code,1,Bromley 034C,,16,11,11,,28,,21,,,10,10,2,2,,
E01000762,1746,353,20.2176403207331,314,17.9839633447881,744,114,143,31,174,44,18,236,28376,9,direct_2011_lsoa_code,1,Bromley 018D,,17,,25,,20,,21,,26,,20,1,1,,
E01000763,1474,302,20.4884667571235,289,19.606512890095,528,64,146,26,172,15,15,202,30116,10,direct_2011_lsoa_code,1,Bromley 027A,,28,,28,9,9,,21,,29,,19,9,9,,
E01000764,1815,396,21.8181818181818,292,16.0881542699725,660,82,169,26,195,37,25,257,21942,7,direct_2011_lsoa_code,1,Bromley 027B,7,7,,25,6,6,,18,,27,,17,6,6,,
E01000765,1788,361,20.1901565995526,334,18.6800894854586,700,95,144,35,179,40,17,236,28050,9,direct_2011_lsoa_code,1,Bromley 034D,7,7,,23,,15,,14,,24,,15,5,5,,
E01000766,1815,399,21.9834710743802,372,20.495867768595,647,84,201,26,227,17,16,260,32211,10,direct_2011_lsoa_code,1,Bromley 027C,11,11,,20,11,11,9,9,,22,10,10,2,2,,
E01000767,1632,321,19.6691176470588,343,21.0171568627451,606,84,164,26,190,21,10,221,30743,10,direct_2011_lsoa_code,1,Bromley 027D,,17,,20,2,2,7,7,,22,8,8,7,7,,
E01000768,1501,284,18.9207195203198,351,23.3844103930713,607,110,119,35,154,29,6,189,26148,8,direct_2011_lsoa_code,1,Bromley 034E,13,13,,17,9,9,,14,14,14,,14,7,7,,
E01000769,1388,262,18.8760806916427,214,15.4178674351585,451,51,106,21,127,22,19,168,11404,4,direct_2011_lsoa_code,1,Bromley 024A,15,15,,24,,,,27,4,4,,24,11,11,,
E01000770,1517,229,15.0955833882663,480,31.641397495056,689,157,109,18,127,16,13,156,29445,9,direct_2011_lsoa_code,1,Bromley 012D,4,4,,21,7,7,15,15,,24,13,13,6,6,,
E01000771,1665,345,20.7207207207207,348,20.9009009009009,620,73,165,26,191,22,18,231,30037,10,direct_2011_lsoa_code,1,Bromley 041C,11,11,15,18,11,11,9,9,9,9,10,10,4,4,,
E01000772,1584,230,14.520202020202,509,32.1338383838384,755,181,102,17,119,20,16,155,31454,10,direct_2011_lsoa_code,1,Bromley 012E,5,5,,17,,18,13,13,,24,9,9,5,5,,
E01000773,1583,341,21.5413771320278,336,21.22552116235,608,129,153,26,179,17,18,214,28902,9,direct_2011_lsoa_code,1,Bromley 024B,,14,,16,2,2,,17,,17,,13,1,1,,
E01000774,1504,328,21.8085106382979,241,16.0239361702128,581,65,143,28,171,40,15,226,25304,8,direct_2011_lsoa_code,1,Bromley 041D,7,7,,17,14,14,7,7,,16,6,6,5,5,,
E01000775,2284,475,20.7968476357268,401,17.5569176882662,856,98,189,41,230,61,24,315,27896,9,direct_2011_lsoa_code,1,Bromley 024C,5,5,,18,8,8,,22,,27,,18,5,5,,
E01000777,1631,367,22.501532801962,252,15.450643776824,558,53,144,26,170,43,27,240,27406,9,direct_2011_lsoa_code,1,Bromley 024D,14,14,4,4,,18,,12,,17,,13,3,3,,
E01000778,1628,324,19.9017199017199,230,14.1277641277641,638,64,124,24,148,50,15,213,20877,7,direct_2011_lsoa_code,1,Bromley 024E,11,11,8,8,14,14,,11,,16,,12,3,3,,
E01000779,1399,249,17.7984274481773,319,22.8020014295926,587,71,75,19,94,44,17,155,18817,6,direct_2011_lsoa_code,1,Bromley 001A,8,8,,22,,26,,29,,26,,23,13,13,,
E01000780,1612,332,20.5955334987593,244,15.136476426799,647,89,109,23,132,74,28,234,12270,4,direct_2011_lsoa_code,1,Bromley 001B,6,6,9,9,13,13,14,14,,23,10,10,6,6,,
E01000781,1573,385,24.4755244755245,149,9.4723458359822,626,66,93,30,123,97,31,251,5113,2,direct_2011_lsoa_code,1,Bromley 001C,8,8,9,9,8,8,14,14,,26,,15,4,4,,
E01000782,1546,373,24.1267787839586,163,10.5433376455369,654,64,73,35,108,83,32,223,2534,1,direct_2011_lsoa_code,1,Bromley 001D,4,4,6,6,10,10,3,3,,27,,17,5,5,,
E01000783,1625,395,24.3076923076923,143,8.8,634,72,90,40,130,91,31,252,7328,3,direct_2011_lsoa_code,1,Bromley 001E,8,8,8,8,4,4,10,10,,26,,16,4,4,,
E01000784,1557,346,22.2222222222222,212,13.6159280667951,592,41,141,30,171,44,22,237,24279,8,direct_2011_lsoa_code,1,Bromley 002E,15,15,,18,7,7,6,6,,,,14,6,6,,
E01000785,1576,377,23.9213197969543,173,10.9771573604061,630,55,83,46,129,86,27,242,7238,3,direct_2011_lsoa_code,1,Bromley 001F,2,2,7,7,10,10,9,9,,,,24,9,9,,
E01000786,1457,197,13.5209334248456,480,32.9444063143445,635,125,98,9,107,19,13,139,25123,8,direct_2011_lsoa_code,1,Bromley 032A,4,4,,22,,16,,22,,,,19,3,3,,
E01000787,1480,255,17.2297297297297,356,24.0540540540541,671,113,79,23,102,41,16,159,12471,4,direct_2011_lsoa_code,1,Bromley 029C,3,3,15,15,3,3,8,8,,,12,12,6,6,,
E01000788,1618,323,19.9629171817058,279,17.2435105067985,612,70,109,32,141,37,28,206,12035,4,direct_2011_lsoa_code,1,Bromley 029D,,17,13,13,10,10,10,10,,25,15,15,8,8,,
E01000789,1876,568,30.2771855010661,133,7.08955223880597,661,50,100,49,149,142,30,321,5332,2,direct_2011_lsoa_code,1,Bromley 032B,4,4,,20,9,9,9,9,,,3,3,0,0,,
E01000790,2296,360,15.6794425087108,325,14.1550522648084,1048,118,152,32,184,65,16,265,20322,7,direct_2011_lsoa_code,1,Bromley 028C,2,2,2,2,,12,10,8,,16,2,2,3,3,,
E01000791,1510,236,15.6291390728477,405,26.8211920529801,622,117,111,14,125,17,20,162,24944,8,direct_2011_lsoa_code,1,Bromley 029E,,23,,22,,18,10,10,,,,20,9,9,,
E01000792,1510,339,22.4503311258278,270,17.8807947019868,573,61,132,23,155,40,19,214,15361,5,direct_2011_lsoa_code,1,Bromley 032C,4,4,,21,14,14,14,14,,,2,2,0,0,,
E01000793,1563,250,15.9948816378759,412,26.3595649392195,627,102,148,10,158,14,15,187,30674,10,direct_2011_lsoa_code,1,Bromley 032D,1,1,,27,,22,,22,,,,24,13,13,,
E01000794,1550,270,17.4193548387097,426,27.4838709677419,605,92,134,13,147,16,19,182,31758,10,direct_2011_lsoa_code,1,Bromley 035E,,20,,22,5,5,9,9,,21,,19,1,1,,
E01000795,1383,304,21.9812002892263,282,20.3904555314534,536,71,125,21,146,26,13,185,19648,6,direct_2011_lsoa_code,1,Bromley 032E,8,8,,27,7,7,,22,,,,24,3,3,,
E01000796,1537,349,22.7065712426806,125,8.1327260897853,619,34,63,20,83,104,37,224,7964,3,direct_2011_lsoa_code,1,Bromley 009C,9,9,15,15,7,7,6,6,,26,14,14,7,7,,
E01000797,1653,345,20.8711433756806,224,13.5511191772535,689,67,147,33,180,27,11,218,20518,7,direct_2011_lsoa_code,1,Bromley 013E,12,12,,26,7,7,,28,,,,29,6,6,,
E01000798,1531,258,16.85173089484,157,10.254735467015,735,63,57,21,78,86,12,176,3678,2,direct_2011_lsoa_code,1,Bromley 009D,6,6,6,6,7,7,,13,,23,7,7,4,4,,
E01000799,1803,367,20.3549639489739,188,10.4270660011093,752,53,123,33,156,69,25,250,14874,5,direct_2011_lsoa_code,1,Bromley 004A,8,8,3,3,7,7,,13,,17,5,5,2,2,,
E01000800,1662,300,18.0505415162455,131,7.8820697954272,797,54,74,22,96,89,25,210,8996,3,direct_2011_lsoa_code,1,Bromley 009E,9,9,,15,11,11,2,2,,22,,17,3,3,,
E01000801,1514,280,18.4940554821664,206,13.6063408190225,653,80,90,28,118,49,33,200,15958,5,direct_2011_lsoa_code,1,Bromley 015E,10,10,7,7,3,3,10,10,,25,14,13,5,5,,
E01000802,1848,345,18.6688311688312,204,11.038961038961,801,53,114,39,153,56,17,226,14577,5,direct_2011_lsoa_code,1,Bromley 004B,10,10,,15,13,13,,20,,27,15,15,7,7,,
E01000803,1611,273,16.9459962756052,250,15.5183116076971,745,125,112,22,134,37,10,181,16781,6,direct_2011_lsoa_code,1,Bromley 004C,11,11,10,10,3,3,,22,,26,10,10,4,4,,
E01000804,1470,299,20.3401360544218,295,20.0680272108844,565,61,137,23,160,21,15,196,26655,9,direct_2011_lsoa_code,1,Bromley 004D,11,11,,16,14,14,,19,,27,,17,4,4,,
E01000805,1695,322,18.9970501474926,232,13.6873156342183,797,108,97,32,129,84,11,224,12954,4,direct_2011_lsoa_code,1,Bromley 004E,11,11,8,8,13,13,,16,,20,9,9,2,2,,
E01000806,1716,385,22.4358974358974,95,5.53613053613054,777,57,79,34,113,142,14,269,10370,4,direct_2011_lsoa_code,1,Bromley 009F,6,6,9,9,2,2,13,13,,24,6,6,3,3,,
E01000807,1668,383,22.9616306954436,297,17.8057553956835,640,60,167,25,192,42,16,250,29408,9,direct_2011_lsoa_code,1,Bromley 022C,,,,21,12,12,15,15,,,13,13,13,13,,
E01000808,1563,313,20.0255918106206,341,21.8170185540627,619,91,157,22,179,20,9,208,28321,9,direct_2011_lsoa_code,1,Bromley 025A,15,15,,19,,24,14,14,,29,,14,2,2,,
E01000809,1546,285,18.4346701164295,382,24.7089262613195,640,124,138,19,157,24,8,189,31318,10,direct_2011_lsoa_code,1,Bromley 022D,10,10,,16,14,14,13,13,,29,14,14,1,1,,
E01000810,1542,318,20.6225680933852,371,24.0596627756161,592,76,170,16,186,20,7,213,32559,10,direct_2011_lsoa_code,1,Bromley 025B,,21,,18,,25,10,10,,,14,14,6,6,,
E01000811,1365,304,22.2710622710623,239,17.5091575091575,566,80,145,22,167,29,12,208,30389,10,direct_2011_lsoa_code,1,Bromley 025C,13,13,10,10,,24,9,9,,29,8,8,4,4,,
E01000812,1631,305,18.7001839362354,352,21.5818516247701,674,81,128,21,149,28,16,193,24258,8,direct_2011_lsoa_code,1,Bromley 028D,12,12,10,10,3,3,8,8,,23,12,12,8,8,,
E01000813,1563,314,20.0895713371721,370,23.6724248240563,622,100,144,30,174,17,16,207,32063,10,direct_2011_lsoa_code,1,Bromley 025D,3,3,15,15,,25,6,6,,28,10,10,3,3,,
E01000814,1518,266,17.5230566534914,381,25.098814229249,580,64,162,11,173,5,13,191,31234,10,direct_2011_lsoa_code,1,Bromley 028E,10,10,8,8,6,6,9,9,,22,7,7,7,7,,
E01000815,1509,292,19.350563286945,374,24.7846255798542,560,57,157,9,166,4,12,182,32451,10,direct_2011_lsoa_code,1,Bromley 025E,,15,,19,,14,11,11,,,15,15,2,2,,
E01000816,1524,279,18.3070866141732,297,19.488188976378,614,76,132,13,145,31,10,186,19874,7,direct_2011_lsoa_code,1,Bromley 040A,14,14,,15,,19,15,13,,15,,15,4,4,,
E01000818,1685,292,17.3293768545994,346,20.5341246290801,641,65,125,22,147,16,22,185,20548,7,direct_2011_lsoa_code,1,Bromley 040B,,,,,,,,,,,,,,,,
E01000819,1850,366,19.7837837837838,287,15.5135135135135,756,92,114,35,149,82,21,252,9866,4,direct_2011_lsoa_code,1,Bromley 040C,,16,6,6,6,6,11,11,,22,13,13,5,5,,
E01000820,1613,317,19.6528208307502,297,18.4128952262864,703,96,129,18,147,63,13,223,13461,5,direct_2011_lsoa_code,1,Bromley 008C,12,12,,16,10,10,10,10,,23,11,11,4,4,,
E01000822,1632,379,23.2230392156863,196,12.0098039215686,710,61,122,37,159,71,19,249,20757,7,direct_2011_lsoa_code,1,Bromley 008D,4,4,11,11,,16,3,3,,21,6,6,6,6,,
E01000823,1695,332,19.5870206489676,247,14.5722713864307,734,65,137,34,171,47,14,232,22675,7,direct_2011_lsoa_code,1,Bromley 008E,13,13,13,13,13,13,7,7,,20,8,8,5,5,,
E01000824,1398,287,20.5293276108727,130,9.29899856938484,578,36,104,29,133,53,15,201,18531,6,direct_2011_lsoa_code,1,Bromley 008F,8,8,10,10,12,12,8,8,,17,8,8,3,3,,
E01000825,1665,314,18.8588588588589,240,14.4144144144144,814,114,97,35,132,79,13,224,16991,6,direct_2011_lsoa_code,1,Bromley 008G,5,5,,17,12,12,10,10,,19,13,13,5,5,,
E01000826,1634,329,20.1346389228886,340,20.8078335373317,560,53,169,13,182,13,16,211,31197,10,direct_2011_lsoa_code,1,Bromley 021A,,,,29,,29,,27,,,,22,11,11,,
E01000827,1779,357,20.0674536256324,400,22.4845418774592,782,139,139,26,165,50,21,236,30326,10,direct_2011_lsoa_code,1,Bromley 021B,15,15,,16,,20,,14,,17,3,3,2,2,,
E01000828,1702,330,19.3889541715629,361,21.2103407755582,771,136,138,23,161,41,11,213,24387,8,direct_2011_lsoa_code,1,Bromley 011E,8,8,,20,,20,,20,,18,,18,4,4,,
E01000829,1769,382,21.5941209723007,250,14.1322781232335,703,71,163,33,196,35,29,260,29353,9,direct_2011_lsoa_code,1,Bromley 018E,2,2,10,10,12,12,10,10,8,8,9,9,5,5,,
E01000830,1625,349,21.4769230769231,339,20.8615384615385,556,60,164,17,181,21,25,227,31714,10,direct_2011_lsoa_code,1,Bromley 021C,,19,,20,,20,,20,,26,12,12,7,7,,
E01000831,1701,315,18.5185185185185,403,23.6919459141681,774,163,146,28,174,24,11,209,26887,9,direct_2011_lsoa_code,1,Bromley 021D,4,4,,20,,25,,20,,23,,17,1,1,,
E01000832,1570,309,19.6815286624204,359,22.8662420382166,585,97,145,14,159,15,19,193,29475,9,direct_2011_lsoa_code,1,Bromley 030A,,20,13,13,,23,12,12,,,13,13,2,2,,
E01000833,1447,275,19.0048375950242,259,17.8991015894955,497,53,145,17,162,11,14,187,32354,10,direct_2011_lsoa_code,1,Bromley 021E,,25,,24,,25,,24,,27,11,11,7,7,,
E01000834,1369,309,22.5712198685172,215,15.7048940832725,462,41,145,17,162,18,19,199,30642,10,direct_2011_lsoa_code,1,Bromley 027E,9,9,,23,5,5,,16,,25,,15,3,3,,
E01000835,1758,334,18.9988623435722,325,18.4869169510808,698,100,138,18,156,61,25,242,27931,9,direct_2011_lsoa_code,1,Bromley 030B,9,9,5,5,9,9,7,7,,25,6,6,4,4,,
E01000836,1389,305,21.9582433405328,228,16.414686825054,494,44,143,32,175,16,7,198,29957,10,direct_2011_lsoa_code,1,Bromley 030C,,28,,,14,14,,29,,,,26,6,6,,
E01000837,1563,319,20.4094689699296,309,19.7696737044146,651,124,131,21,152,41,18,211,24247,8,direct_2011_lsoa_code,1,Bromley 030D,7,7,13,13,9,9,10,10,,24,12,12,8,8,,
E01000838,1431,250,17.4703004891684,354,24.7379454926625,539,80,103,18,121,30,16,167,30500,10,direct_2011_lsoa_code,1,Bromley 030E,2,2,,18,,20,,15,,26,,17,9,9,,
E01000839,1390,224,16.1151079136691,357,25.6834532374101,538,72,109,9,118,14,13,145,31198,10,direct_2011_lsoa_code,1,Bromley 030F,,24,,,13,13,,24,,,,23,14,14,,
E01000840,1491,185,12.4077800134138,584,39.1683433936955,685,183,92,14,106,14,5,125,24041,8,direct_2011_lsoa_code,1,Bromley 030G,,16,,18,3,3,14,14,,28,,19,8,8,,
E01000841,1698,295,17.3733804475854,389,22.9093050647821,663,99,147,22,169,26,13,208,30964,10,direct_2011_lsoa_code,1,Bromley 030H,,24,12,12,13,13,13,13,,,12,12,9,9,,
E01000842,1430,212,14.8251748251748,209,14.6153846153846,703,97,105,10,115,24,11,150,26391,9,direct_2011_lsoa_code,1,Camden 011A,5,5,13,13,11,11,12,12,,20,8,8,5,5,12,12
E01000843,1194,154,12.8978224455611,183,15.3266331658291,650,109,77,10,87,19,5,111,20412,7,direct_2011_lsoa_code,1,Camden 014A,4,4,8,8,4,4,10,10,,18,3,3,3,3,8,8
E01000844,1635,311,19.0214067278288,169,10.3363914373089,817,72,144,12,156,35,10,201,24762,8,direct_2011_lsoa_code,1,Camden 011B,2,2,14,12,7,7,7,7,,14,5,5,4,4,6,6
E01000845,1500,265,17.6666666666667,194,12.9333333333333,697,73,99,15,114,31,18,163,22982,7,direct_2011_lsoa_code,1,Camden 014B,2,2,13,13,5,5,7,7,,22,3,3,3,3,13,13
E01000846,1454,303,20.8390646492435,207,14.2365887207703,584,94,93,13,106,62,27,195,12675,4,direct_2011_lsoa_code,1,Camden 014C,7,7,,15,10,10,5,5,,21,9,9,1,1,13,13
E01000847,1599,306,19.1369606003752,204,12.7579737335835,619,77,129,7,136,50,19,205,16872,6,direct_2011_lsoa_code,1,Camden 014D,6,6,,14,8,8,6,6,,18,7,7,1,1,9,9
E01000848,1486,238,16.0161507402423,195,13.1224764468371,740,78,116,17,133,21,11,165,29434,9,direct_2011_lsoa_code,1,Camden 011C,7,7,7,7,8,8,12,12,10,10,5,5,1,1,7,7
E01000849,1358,184,13.5493372606775,171,12.5920471281296,737,90,71,22,93,22,10,125,27430,9,direct_2011_lsoa_code,1,Camden 011D,7,7,1,1,7,7,12,12,9,9,2,2,2,2,1,1
E01000850,1424,72,5.0561797752809,104,7.30337078651685,573,41,29,5,34,9,7,50,19686,6,direct_2011_lsoa_code,1,Camden 026A,2,2,4,4,2,2,0,0,2,2,4,4,3,3,5,5
E01000851,1480,82,5.54054054054054,87,5.87837837837838,633,35,26,5,31,18,9,58,18953,6,direct_2011_lsoa_code,1,Camden 026B,6,6,7,7,5,5,3,3,5,5,5,5,4,4,7,7
E01000853,1405,168,11.9572953736655,284,20.2135231316726,722,164,48,12,60,43,13,116,7640,3,direct_2011_lsoa_code,1,Camden 029H,9,9,1,1,5,5,0,0,9,9,1,1,4,4,4,4
E01000855,1306,89,6.81470137825421,175,13.3996937212864,806,91,32,2,34,14,8,56,19276,6,direct_2011_lsoa_code,1,Camden 028A,4,4,13,13,5,5,5,5,9,9,7,7,2,2,7,7
E01000856,1591,230,14.4563167818982,135,8.48522941546198,642,41,60,5,65,51,24,140,7345,3,direct_2011_lsoa_code,1,Camden 019A,2,2,6,6,1,1,8,8,,15,6,6,1,1,4,4
E01000857,1392,217,15.5890804597701,213,15.301724137931,637,93,85,11,96,30,17,143,19069,6,direct_2011_lsoa_code,1,Camden 018A,5,5,11,11,0,0,5,5,,22,5,5,7,7,11,11
E01000858,1932,282,14.5962732919255,173,8.95445134575569,800,49,69,17,86,71,29,186,4987,2,direct_2011_lsoa_code,1,Camden 018B,11,11,6,6,10,10,12,12,,22,7,7,6,6,10,10
E01000859,1464,228,15.5737704918033,235,16.051912568306,699,80,109,8,117,22,15,154,28039,9,direct_2011_lsoa_code,1,Camden 018C,9,9,13,13,5,5,7,7,,24,7,7,6,6,13,13
E01000860,1121,146,13.0240856378234,335,29.8840321141838,672,229,43,9,52,25,8,85,16393,5,direct_2011_lsoa_code,1,Camden 018D,9,9,13,13,7,7,6,6,,24,6,6,4,4,13,13
E01000861,1366,113,8.27232796486091,137,10.0292825768668,696,48,35,4,39,35,14,88,6470,2,direct_2011_lsoa_code,1,Camden 019B,6,6,4,4,4,4,15,12,14,14,3,3,3,3,6,6
E01000862,1686,273,16.1921708185053,247,14.650059311981,806,99,126,16,142,37,11,190,23485,8,direct_2011_lsoa_code,1,Camden 018E,5,5,9,9,11,11,13,13,,20,12,12,3,3,12,12
E01000863,1474,146,9.90502035278155,90,6.10583446404342,691,36,46,7,53,29,9,91,6114,2,direct_2011_lsoa_code,1,Camden 021A,3,3,4,4,3,3,14,8,,11,3,3,3,3,1,1
E01000866,1954,312,15.9672466734903,250,12.7942681678608,925,98,90,14,104,88,19,211,12432,4,direct_2011_lsoa_code,1,Camden 009A,9,9,6,6,0,0,6,6,,22,4,4,4,4,4,4
E01000867,1736,225,12.9608294930876,152,8.75576036866359,769,70,57,11,68,50,25,143,8822,3,direct_2011_lsoa_code,1,Camden 015C,8,7,7,7,3,3,10,10,,17,3,3,0,0,7,7
E01000868,1746,378,21.6494845360825,123,7.0446735395189,744,46,74,24,98,90,23,211,4488,2,direct_2011_lsoa_code,1,Camden 015D,12,12,,17,10,10,,21,,26,13,13,3,3,15,15
E01000869,1945,250,12.853470437018,229,11.7737789203085,879,87,81,18,99,47,11,157,12664,4,direct_2011_lsoa_code,1,Camden 015E,6,6,5,5,5,5,10,10,,23,4,4,1,1,,14
E01000870,1602,254,15.8551810237204,172,10.7365792759051,726,57,66,29,95,49,21,165,9686,3,direct_2011_lsoa_code,1,Camden 009B,4,4,7,7,4,4,8,8,,25,8,8,4,4,11,11
E01000871,1657,314,18.9499094749547,262,15.811707905854,649,70,119,12,131,35,30,196,19707,7,direct_2011_lsoa_code,1,Camden 005A,11,11,13,13,2,2,11,11,,,,18,5,5,,19
E01000872,1739,252,14.4910868315124,163,9.37320299022427,855,63,73,16,89,48,20,157,11176,4,direct_2011_lsoa_code,1,Camden 005B,5,5,4,4,7,7,5,5,,26,3,3,4,4,,12
E01000873,1581,264,16.6982922201139,169,10.6894370651486,668,54,125,10,135,38,12,185,26279,9,direct_2011_lsoa_code,1,Camden 005C,5,5,12,12,9,9,8,8,,26,,15,2,2,,17
E01000874,1482,266,17.948717948718,216,14.5748987854251,630,62,140,11,151,15,14,180,30591,10,direct_2011_lsoa_code,1,Camden 005D,3,3,4,4,2,2,5,5,,23,9,9,3,3,14,14
E01000875,1572,196,12.4681933842239,148,9.4147582697201,772,63,71,10,81,46,13,140,12887,4,direct_2011_lsoa_code,1,Camden 013A,5,5,10,10,12,12,7,7,,25,9,9,4,4,11,11
E01000876,1922,319,16.5972944849116,191,9.93756503642039,828,70,94,18,112,61,20,193,8051,3,direct_2011_lsoa_code,1,Camden 013B,7,7,11,11,2,2,,15,,22,11,11,8,8,8,8
E01000877,1457,242,16.6094715168154,156,10.706932052162,663,60,115,6,121,20,17,158,23154,8,direct_2011_lsoa_code,1,Camden 005E,9,9,9,9,5,5,8,8,,26,15,15,2,2,,17
E01000878,1714,351,20.4784130688448,274,15.9859976662777,764,79,130,15,145,63,16,224,29860,10,direct_2011_lsoa_code,1,Camden 004A,5,5,11,11,10,10,13,13,,27,,17,5,5,,19
E01000879,1299,236,18.1678214010778,169,13.0100076982294,573,69,120,19,139,13,8,160,29597,10,direct_2011_lsoa_code,1,Camden 004B,3,3,8,8,15,15,11,11,,19,6,6,3,3,7,7
E01000880,1412,285,20.1841359773371,169,11.9688385269122,580,47,145,19,164,23,13,200,29333,9,direct_2011_lsoa_code,1,Camden 004C,9,9,13,13,12,12,,16,,22,12,12,3,3,12,12
E01000881,1385,258,18.6281588447653,127,9.16967509025271,604,50,113,8,121,24,17,162,20586,7,direct_2011_lsoa_code,1,Camden 008A,1,1,11,11,14,14,11,11,,21,11,11,2,2,13,12
E01000882,1452,273,18.801652892562,200,13.7741046831956,665,63,127,16,143,28,10,181,31192,10,direct_2011_lsoa_code,1,Camden 008B,6,6,12,12,12,12,15,16,14,14,4,4,6,6,11,11
E01000883,1508,209,13.8594164456233,144,9.54907161803713,756,59,116,13,129,17,11,157,25075,8,direct_2011_lsoa_code,1,Camden 008C,3,3,3,3,11,10,12,10,,15,4,4,2,2,5,5
E01000884,1470,316,21.4965986394558,218,14.8299319727891,582,47,150,11,161,30,22,213,30248,10,direct_2011_lsoa_code,1,Camden 004D,6,6,10,10,10,10,,18,,,,19,9,9,,20
E01000885,1280,230,17.96875,298,23.28125,528,67,113,11,124,24,15,163,28290,9,direct_2011_lsoa_code,1,Camden 004E,9,9,,23,,26,,25,,28,14,14,10,10,14,14
E01000886,1327,197,14.8455162019593,214,16.1266013564431,595,63,73,24,97,25,13,135,25622,8,direct_2011_lsoa_code,1,Camden 006A,5,5,13,12,5,5,13,13,,18,3,3,1,1,,18
E01000887,1388,184,13.2564841498559,161,11.5994236311239,655,63,71,14,85,34,14,133,20985,7,direct_2011_lsoa_code,1,Camden 006B,5,5,3,3,3,3,5,5,11,11,4,4,2,2,13,13
E01000888,1473,276,18.7372708757638,209,14.1887304820095,638,68,106,15,121,42,12,175,19356,6,direct_2011_lsoa_code,1,Camden 006C,4,4,11,11,8,8,9,9,,17,4,4,3,3,14,14
E01000889,1768,333,18.8348416289593,207,11.7081447963801,709,79,72,20,92,105,27,224,7620,3,direct_2011_lsoa_code,1,Camden 007A,2,2,,18,8,8,9,9,,25,9,9,8,8,,22
E01000890,1318,275,20.8649468892261,193,14.6433990895296,603,99,77,13,90,57,21,168,4006,2,direct_2011_lsoa_code,1,Camden 007B,6,6,,13,6,6,12,12,,19,10,10,5,5,,20
E01000891,1486,267,17.9676985195155,179,12.0457604306864,617,57,63,17,80,59,21,160,4795,2,direct_2011_lsoa_code,1,Camden 007C,5,5,,15,7,7,4,4,,22,4,4,3,3,,16
E01000892,1790,301,16.8156424581006,241,13.463687150838,815,104,103,15,118,55,26,199,18135,6,direct_2011_lsoa_code,1,Camden 006D,8,8,9,9,10,10,6,6,,15,6,6,5,5,8,8
E01000893,1380,202,14.6376811594203,269,19.4927536231884,655,98,100,10,110,21,11,142,30202,10,direct_2011_lsoa_code,1,Camden 002A,14,14,13,13,9,9,13,13,,21,10,10,11,11,,21
E01000894,1271,251,19.7482297403619,244,19.1974822974036,568,65,113,9,122,23,7,152,28780,9,direct_2011_lsoa_code,1,Camden 002B,6,6,9,9,13,13,12,12,,21,10,10,10,10,10,10
E01000895,1552,220,14.1752577319588,267,17.2036082474227,781,142,110,15,125,29,8,162,26602,9,direct_2011_lsoa_code,1,Camden 002C,2,2,6,6,,12,10,10,,14,2,2,1,1,2,2
E01000896,1436,248,17.2701949860724,241,16.7827298050139,663,86,126,13,139,25,9,173,29763,10,direct_2011_lsoa_code,1,Camden 002D,8,8,7,7,8,8,3,3,13,13,4,4,4,4,12,12
E01000897,1558,355,22.785622593068,241,15.4685494223363,653,89,169,21,190,27,8,225,30122,10,direct_2011_lsoa_code,1,Camden 008D,4,4,11,11,9,9,8,8,11,11,8,8,4,4,13,13
E01000898,1588,226,14.2317380352645,209,13.1612090680101,826,96,83,8,91,33,18,142,22390,7,direct_2011_lsoa_code,1,Camden 008E,0,0,5,5,4,4,8,8,6,6,4,4,3,3,5,5
E01000899,1561,274,17.5528507367072,305,19.5387572069186,705,95,125,17,142,25,17,184,29501,9,direct_2011_lsoa_code,1,Camden 002E,10,10,,14,12,12,,18,,24,,15,3,3,,15
E01000900,1687,265,15.7083580320095,200,11.85536455246,716,73,78,14,92,58,27,177,10171,4,direct_2011_lsoa_code,1,Camden 012A,5,5,12,12,9,9,3,3,,19,3,3,2,2,10,10
E01000901,1973,490,24.8352762290928,129,6.53826659908768,734,34,127,19,146,113,33,292,7868,3,direct_2011_lsoa_code,1,Camden 007D,3,3,11,11,4,4,6,6,,23,6,6,5,5,13,13
E01000902,1416,266,18.7853107344633,193,13.6299435028249,545,65,60,19,79,60,23,162,5453,2,direct_2011_lsoa_code,1,Camden 012B,4,4,9,9,13,13,9,9,,18,10,10,4,4,7,7
E01000903,1411,222,15.7335223245925,239,16.9383416017009,623,106,81,16,97,31,18,146,15302,5,direct_2011_lsoa_code,1,Camden 006E,8,8,9,9,9,9,14,14,,19,7,7,4,4,9,9
E01000904,2066,295,14.2787996127783,259,12.5363020329138,897,101,82,15,97,64,31,192,11021,4,direct_2011_lsoa_code,1,Camden 012C,3,3,3,3,6,6,4,4,,19,4,4,0,0,8,8
E01000905,1878,372,19.8083067092652,220,11.7145899893504,763,109,74,11,85,105,37,227,4848,2,direct_2011_lsoa_code,1,Camden 012D,6,6,5,5,6,6,3,3,,16,4,4,0,0,5,5
E01000906,1447,194,13.4070490670352,171,11.8175535590878,735,71,76,10,86,29,10,125,23987,8,direct_2011_lsoa_code,1,Camden 012E,7,7,7,7,11,11,6,6,,17,8,8,3,3,5,5
E01000907,1484,296,19.9460916442049,191,12.8706199460916,615,74,76,26,102,80,23,205,6341,2,direct_2011_lsoa_code,1,Camden 001A,5,5,13,13,5,5,14,14,14,14,13,13,2,2,13,13
E01000908,1521,214,14.0696909927679,235,15.4503616042078,771,105,65,18,83,61,22,166,9462,3,direct_2011_lsoa_code,1,Camden 001B,8,8,,18,9,9,,21,15,15,8,8,3,3,,18
E01000909,1548,240,15.5038759689922,350,22.609819121447,642,87,105,23,128,29,8,165,22437,7,direct_2011_lsoa_code,1,Camden 001C,7,7,,14,9,9,,20,,19,2,2,2,2,,18
E01000910,1342,222,16.5424739195231,250,18.628912071535,557,73,109,14,123,13,12,148,24847,8,direct_2011_lsoa_code,1,Camden 003A,7,7,7,7,4,4,13,13,,20,8,8,3,3,12,12
E01000911,1438,248,17.2461752433936,223,15.5076495132128,632,86,95,13,108,48,20,176,17027,6,direct_2011_lsoa_code,1,Camden 003B,8,8,11,10,9,9,7,7,,17,6,6,2,2,6,6
E01000912,1586,245,15.4476670870113,245,15.4476670870113,683,104,55,15,70,67,27,164,12523,4,direct_2011_lsoa_code,1,Camden 001D,7,7,,18,11,11,,24,,24,9,9,8,8,,22
E01000913,1603,222,13.8490330630069,408,25.4522769806613,684,104,114,19,133,17,17,167,25415,8,direct_2011_lsoa_code,1,Camden 001E,,24,,28,12,12,,26,,27,,22,13,13,,29
E01000914,1419,112,7.89288231148696,192,13.5306553911205,764,82,36,8,44,28,7,79,20943,7,direct_2011_lsoa_code,1,Camden 028B,4,4,9,9,3,3,2,2,10,9,6,6,3,3,4,4
E01000915,1528,273,17.8664921465969,178,11.6492146596859,590,57,77,13,90,57,27,174,12012,4,direct_2011_lsoa_code,1,Camden 027A,2,2,9,9,3,3,2,2,2,2,5,5,5,5,9,9
E01000916,1854,189,10.1941747572816,180,9.70873786407767,934,71,51,19,70,46,14,130,14830,5,direct_2011_lsoa_code,1,Camden 027B,4,4,9,9,7,7,5,5,6,6,5,5,3,3,8,8
E01000917,1653,292,17.664851784634,176,10.6473079249849,750,81,73,9,82,68,24,174,5902,2,direct_2011_lsoa_code,1,Camden 027C,2,2,6,6,9,9,3,3,3,3,7,7,4,4,7,7
E01000918,1793,138,7.69659788064696,220,12.2699386503067,817,82,37,4,41,36,19,96,13788,5,direct_2011_lsoa_code,1,Camden 028C,3,3,13,10,5,5,4,4,10,9,2,2,1,1,1,1
E01000919,1440,120,8.33333333333333,160,11.1111111111111,717,75,29,7,36,39,13,88,12962,4,direct_2011_lsoa_code,1,Camden 028D,6,6,7,7,2,2,4,4,5,5,5,5,0,0,4,4
E01000920,1627,169,10.3872157344806,230,14.1364474492932,820,107,62,9,71,22,20,113,18902,6,direct_2011_lsoa_code,1,Camden 027D,6,6,5,5,7,7,2,2,7,7,2,2,3,3,11,11
E01000921,1875,246,13.12,151,8.05333333333333,920,59,78,28,106,50,16,172,18723,6,direct_2011_lsoa_code,1,Camden 003C,5,5,2,2,4,4,8,8,,18,7,7,0,0,6,6
E01000922,1921,260,13.5346173867777,138,7.18375845913587,691,57,92,16,108,46,13,167,12979,4,direct_2011_lsoa_code,1,Camden 007E,2,2,7,7,2,2,5,5,,20,6,6,5,5,7,7
E01000923,1447,198,13.6834830684174,217,14.9965445749827,628,58,74,23,97,38,9,144,14943,5,direct_2011_lsoa_code,1,Camden 003D,6,6,4,4,2,2,5,5,,18,6,6,3,3,5,5
E01000924,1570,199,12.6751592356688,172,10.9554140127389,727,52,66,17,83,42,16,141,20738,7,direct_2011_lsoa_code,1,Camden 009C,7,7,3,3,1,1,6,6,,22,10,10,3,3,10,10
E01000925,1496,322,21.524064171123,189,12.6336898395722,566,80,78,17,95,70,14,179,8318,3,direct_2011_lsoa_code,1,Camden 009D,7,7,8,8,5,5,2,2,,18,7,7,2,2,5,5
E01000926,1471,239,16.2474507138001,110,7.47790618626785,608,40,46,22,68,69,16,153,16623,6,direct_2011_lsoa_code,1,Camden 009E,4,4,3,3,8,8,10,10,,24,6,6,3,3,14,14
E01000927,1538,210,13.6540962288687,228,14.8244473342003,689,75,74,29,103,31,19,153,18974,6,direct_2011_lsoa_code,1,Camden 007F,6,6,3,3,5,5,6,6,,20,3,3,1,1,5,5
E01000928,1713,277,16.1704611792177,209,12.2008172796264,754,64,81,22,103,58,21,182,14085,5,direct_2011_lsoa_code,1,Camden 003E,6,6,4,4,8,8,8,8,,19,3,3,2,2,7,7
E01000929,1914,419,21.8913270637409,196,10.2403343782654,725,71,115,15,130,81,25,236,10528,4,direct_2011_lsoa_code,1,Camden 020A,9,9,8,8,6,6,14,14,,18,4,4,3,3,14,14
E01000930,2087,358,17.1538092956397,337,16.1475802587446,1102,235,96,17,113,87,23,223,7671,3,direct_2011_lsoa_code,1,Camden 020B,3,3,4,4,7,7,6,6,,22,4,4,2,2,6,6
E01000931,2059,384,18.6498300145702,191,9.27634774162215,926,90,108,18,126,105,29,260,6050,2,direct_2011_lsoa_code,1,Camden 013C,4,4,3,3,2,2,14,13,,24,4,4,3,3,14,11
E01000932,1760,184,10.4545454545455,171,9.71590909090909,880,80,72,17,89,32,18,139,14310,5,direct_2011_lsoa_code,1,Camden 013D,3,3,5,5,5,5,,15,,20,8,8,2,2,10,10
E01000933,1769,257,14.527981910684,200,11.3058224985868,810,90,79,14,93,51,22,166,10342,4,direct_2011_lsoa_code,1,Camden 020C,3,3,4,4,12,12,13,13,,21,6,6,2,2,12,12
E01000934,1514,253,16.7107001321004,229,15.1254953764861,720,119,71,15,86,58,23,167,5734,2,direct_2011_lsoa_code,1,Camden 020D,4,4,5,5,4,4,14,14,,16,8,8,6,6,11,11
E01000935,1602,332,20.7240948813983,156,9.73782771535581,703,56,82,18,100,102,23,225,6954,3,direct_2011_lsoa_code,1,Camden 020E,10,10,8,8,7,7,,12,,20,8,8,1,1,14,13
E01000937,1119,76,6.79177837354781,99,8.84718498659517,419,45,24,7,31,12,4,47,19616,6,direct_2011_lsoa_code,1,Camden 029G,7,7,3,3,3,3,1,1,10,10,5,5,7,7,8,8
E01000938,1369,173,12.6369612856099,98,7.15850986121256,627,23,45,8,53,44,19,116,6387,2,direct_2011_lsoa_code,1,Camden 029A,9,9,14,13,2,2,5,5,6,6,10,10,2,2,8,8
E01000939,1447,217,14.9965445749827,117,8.08569454042847,487,43,57,11,68,38,31,137,4547,2,direct_2011_lsoa_code,1,Camden 029B,5,5,11,11,2,2,3,3,5,5,7,7,2,2,5,5
E01000941,1198,212,17.6961602671119,137,11.4357262103506,532,48,50,10,60,42,21,123,4860,2,direct_2011_lsoa_code,1,Camden 029D,2,2,7,7,1,1,5,5,7,7,2,2,4,4,4,4
E01000942,1014,61,6.01577909270217,113,11.1439842209073,510,60,20,4,24,18,0,42,18602,6,direct_2011_lsoa_code,1,Camden 029C,3,3,9,9,4,4,5,5,2,2,4,4,2,2,3,3
E01000943,1585,46,2.90220820189274,103,6.49842271293375,434,44,11,3,14,16,8,38,14517,5,direct_2011_lsoa_code,1,Camden 029F,7,7,5,5,1,1,4,4,4,4,3,3,5,5,7,7
E01000944,1462,228,15.5950752393981,146,9.98632010943912,568,59,58,7,65,39,37,141,12258,4,direct_2011_lsoa_code,1,Camden 023A,5,5,4,4,3,3,3,3,9,9,5,5,3,3,8,8
E01000946,1552,249,16.0438144329897,184,11.8556701030928,684,65,71,11,82,45,26,153,19148,6,direct_2011_lsoa_code,1,Camden 021B,6,6,5,5,6,6,8,8,,17,5,5,3,3,14,14
E01000947,1665,167,10.03003003003,133,7.98798798798799,819,38,36,10,46,39,21,106,10959,4,direct_2011_lsoa_code,1,Camden 021C,4,4,9,7,4,4,1,1,9,8,1,1,0,0,1,1
E01000948,1533,224,14.6118721461187,232,15.1337247227658,746,93,70,11,81,43,13,137,8522,3,direct_2011_lsoa_code,1,Camden 021D,5,5,8,8,8,8,12,12,,18,9,9,5,5,10,10
E01000949,1601,288,17.9887570268582,160,9.99375390381012,691,65,86,15,101,64,19,184,14696,5,direct_2011_lsoa_code,1,Camden 023C,2,2,5,5,1,1,5,5,,16,5,5,3,3,14,14
E01000951,1535,337,21.9543973941368,137,8.92508143322476,562,54,89,12,101,60,34,195,6164,2,direct_2011_lsoa_code,1,Camden 023E,4,4,3,3,1,1,1,1,13,13,5,5,4,4,10,10
E01000952,1688,278,16.4691943127962,141,8.35308056872038,656,59,75,8,83,63,28,174,6511,2,direct_2011_lsoa_code,1,Camden 022A,3,3,13,13,3,3,10,10,7,7,10,10,4,4,9,9
E01000954,1752,441,25.1712328767123,145,8.27625570776256,648,47,103,16,119,109,21,249,5931,2,direct_2011_lsoa_code,1,Camden 022C,10,10,11,11,5,5,9,9,,15,7,7,4,4,7,7
E01000955,1348,258,19.1394658753709,171,12.6854599406528,537,70,77,6,83,51,17,151,6579,3,direct_2011_lsoa_code,1,Camden 022D,2,2,11,11,6,6,4,4,11,11,3,3,3,3,4,4
E01000956,1505,273,18.1395348837209,93,6.17940199335548,602,29,61,7,68,62,26,156,6420,2,direct_2011_lsoa_code,1,Camden 022E,6,6,8,8,6,6,6,6,5,5,4,4,3,3,4,4
E01000957,1318,161,12.2154779969651,133,10.0910470409712,653,60,54,12,66,46,9,121,9984,4,direct_2011_lsoa_code,1,Camden 019C,8,8,10,10,1,1,,17,13,13,8,8,5,5,12,12
E01000958,2940,398,13.5374149659864,127,4.31972789115646,953,41,95,15,110,102,24,236,11047,4,direct_2011_lsoa_code,1,Camden 019D,8,8,13,13,5,5,11,11,4,4,11,11,5,5,11,11
E01000959,1693,260,15.3573538098051,174,10.2776137034849,687,62,64,8,72,60,20,152,4567,2,direct_2011_lsoa_code,1,Camden 019E,4,4,7,7,7,7,6,6,11,11,4,4,2,2,6,6
E01000960,1869,304,16.2653825575174,184,9.84483681112895,891,76,122,14,136,53,14,203,17492,6,direct_2011_lsoa_code,1,Camden 017A,4,4,5,5,10,10,10,10,,15,2,2,0,0,5,5
E01000961,1793,355,19.7992191857223,187,10.4294478527607,724,64,115,13,128,64,25,217,12315,4,direct_2011_lsoa_code,1,Camden 017B,9,9,3,3,9,9,9,9,,15,7,7,2,2,5,5
E01000962,1543,201,13.0265716137395,134,8.68438107582631,759,64,108,13,121,17,5,143,29401,9,direct_2011_lsoa_code,1,Camden 016A,5,5,5,5,12,12,,17,,20,11,11,5,5,11,11
E01000963,1920,371,19.3229166666667,230,11.9791666666667,828,89,186,10,196,56,12,264,26116,8,direct_2011_lsoa_code,1,Camden 017C,5,5,10,10,6,6,5,5,,14,7,7,3,3,5,5
E01000964,1731,277,16.002310803004,204,11.7850953206239,753,79,119,16,135,44,20,199,16265,5,direct_2011_lsoa_code,1,Camden 016B,7,7,8,8,,16,,17,,18,12,12,4,4,10,10
E01000965,1719,295,17.1611401977894,136,7.91157649796393,816,61,110,21,131,47,10,188,16618,6,direct_2011_lsoa_code,1,Camden 016C,9,9,12,11,13,13,,14,,21,13,11,1,1,10,10
E01000966,1614,282,17.4721189591078,170,10.5328376703841,698,52,147,15,162,21,8,191,28370,9,direct_2011_lsoa_code,1,Camden 016D,7,7,7,7,14,14,,19,,22,14,14,7,7,13,13
E01000967,1541,304,19.7274497079818,232,15.0551589876703,638,75,140,16,156,33,15,204,25349,8,direct_2011_lsoa_code,1,Camden 017D,8,8,,24,7,7,12,12,,,15,15,10,10,,22
E01000968,1469,181,12.3213070115725,158,10.7556160653506,725,76,87,9,96,25,8,129,19671,6,direct_2011_lsoa_code,1,Camden 016E,7,7,9,9,8,8,,14,,17,9,9,4,4,6,6
E01000969,1829,216,11.8097320940405,184,10.0601421541826,891,69,113,16,129,20,7,156,29120,9,direct_2011_lsoa_code,1,Camden 010A,10,10,10,10,9,9,12,12,,24,13,13,4,4,,16
E01000970,1406,140,9.95732574679943,113,8.03698435277383,759,61,70,9,79,23,4,106,24158,8,direct_2011_lsoa_code,1,Camden 010B,7,7,4,4,6,6,5,5,,19,4,4,2,2,9,9
E01000971,1323,242,18.291761148904,168,12.6984126984127,576,53,119,11,130,22,13,165,27230,9,direct_2011_lsoa_code,1,Camden 010C,7,7,9,9,4,4,1,1,,24,8,8,3,3,13,13
E01000972,1958,264,13.4831460674157,212,10.8273748723187,956,116,80,21,101,71,13,185,9542,3,direct_2011_lsoa_code,1,Camden 010D,9,9,9,9,2,2,,16,,18,13,12,4,4,10,10
E01000973,2561,338,13.1979695431472,158,6.16946505271378,1120,49,100,22,122,79,30,231,13867,5,direct_2011_lsoa_code,1,Camden 010E,10,9,2,2,10,9,11,10,,12,3,3,1,1,2,2
E01000974,1594,207,12.9861982434128,143,8.97114178168131,764,67,59,12,71,52,21,144,10710,4,direct_2011_lsoa_code,1,Camden 013E,5,5,8,8,4,4,,12,,20,8,8,5,5,7,7
E01000975,2344,423,18.0460750853242,185,7.89249146757679,1040,65,126,33,159,84,35,278,16380,5,direct_2011_lsoa_code,1,Croydon 022A,1,1,10,10,,16,11,11,,27,11,11,4,4,,
E01000976,2145,442,20.6060606060606,193,8.997668997669,875,83,124,29,153,96,42,291,10317,4,direct_2011_lsoa_code,1,Croydon 022B,8,8,4,4,14,14,5,5,,27,3,3,0,0,,
E01000977,1940,330,17.0103092783505,288,14.8453608247423,949,118,86,40,126,77,25,228,8864,3,direct_2011_lsoa_code,1,Croydon 022C,14,13,,15,13,13,,15,,,6,6,5,5,,
E01000978,1731,295,17.0421721548238,213,12.3050259965338,838,103,86,32,118,61,37,216,13895,5,direct_2011_lsoa_code,1,Croydon 022D,14,14,12,12,14,14,12,12,,,11,11,5,5,,
E01000979,1758,305,17.349260523322,183,10.4095563139932,776,64,104,27,131,63,19,213,16495,6,direct_2011_lsoa_code,1,Croydon 022E,10,10,8,8,,17,8,8,,29,9,9,5,5,,
E01000980,1492,328,21.9839142091153,147,9.85254691689008,577,39,84,14,98,71,32,201,9879,4,direct_2011_lsoa_code,1,Croydon 017A,1,1,11,11,5,5,14,14,,,14,12,2,2,,
E01000981,1730,367,21.2138728323699,175,10.1156069364162,656,55,119,24,143,58,31,232,19959,7,direct_2011_lsoa_code,1,Croydon 017B,5,5,4,4,5,5,,16,,,13,13,1,1,,
E01000982,1684,382,22.6840855106888,150,8.90736342042755,679,52,111,33,144,74,30,248,15540,5,direct_2011_lsoa_code,1,Croydon 017C,7,7,8,8,2,2,9,9,,,12,12,5,5,,
E01000983,1820,296,16.2637362637363,225,12.3626373626374,722,61,104,23,127,47,43,217,20498,7,direct_2011_lsoa_code,1,Croydon 017D,13,13,9,9,7,7,15,14,,,5,5,4,4,,
E01000984,1905,410,21.5223097112861,242,12.7034120734908,787,101,83,29,112,83,53,248,7716,3,direct_2011_lsoa_code,1,Croydon 022F,5,5,7,7,6,6,7,7,,,9,9,2,2,,
E01000985,1452,244,16.8044077134986,313,21.5564738292011,518,44,90,18,108,23,24,155,26136,8,direct_2011_lsoa_code,1,Croydon 021A,15,15,,18,15,15,10,10,,21,11,11,4,4,,
E01000986,1771,317,17.8994918125353,345,19.4805194805195,687,95,112,25,137,33,35,205,21003,7,direct_2011_lsoa_code,1,Croydon 021B,10,10,,15,3,3,,17,,,6,6,5,5,,
E01000987,1355,220,16.2361623616236,254,18.7453874538745,517,53,94,16,110,22,23,155,25290,8,direct_2011_lsoa_code,1,Croydon 021C,6,6,,19,11,11,13,13,,,7,7,4,4,,
E01000989,1734,318,18.3391003460208,290,16.7243367935409,627,62,119,27,146,35,28,209,21663,7,direct_2011_lsoa_code,1,Croydon 018A,8,8,,17,,16,,19,,,6,6,5,5,,
E01000990,1437,284,19.7633959638135,199,13.848295059151,532,71,58,14,72,79,35,186,4189,2,direct_2011_lsoa_code,1,Croydon 045A,6,6,,21,10,10,,21,,29,12,12,2,2,,
E01000991,1737,239,13.7593552101324,467,26.8854346574554,685,96,101,23,124,28,26,178,25997,8,direct_2011_lsoa_code,1,Croydon 018B,11,11,13,13,,28,,18,,,12,12,4,4,,
E01000992,1875,363,19.36,194,10.3466666666667,681,53,96,22,118,78,47,243,7019,3,direct_2011_lsoa_code,1,Croydon 014A,8,8,,21,10,10,,19,,,14,13,6,6,,
E01000993,1647,365,22.1615057680631,231,14.0255009107468,604,56,125,24,149,45,34,228,21934,7,direct_2011_lsoa_code,1,Croydon 021D,3,3,10,10,7,7,,17,,,3,3,4,4,,
E01000994,1591,318,19.9874292897549,210,13.1992457573853,535,40,78,18,96,47,59,202,14569,5,direct_2011_lsoa_code,1,Croydon 009A,7,7,14,14,4,4,12,12,,20,11,11,6,6,,
E01000995,1714,392,22.8704784130688,191,11.1435239206534,606,54,90,17,107,67,58,232,13889,5,direct_2011_lsoa_code,1,Croydon 009B,1,1,7,7,9,9,3,3,14,12,2,2,3,3,,
E01000996,1330,227,17.0676691729323,181,13.609022556391,450,51,67,8,75,25,43,143,14397,5,direct_2011_lsoa_code,1,Croydon 009C,6,6,10,10,9,9,13,13,,15,11,11,7,7,,
E01000997,1504,276,18.3510638297872,219,14.561170212766,492,42,73,8,81,60,41,182,12509,4,direct_2011_lsoa_code,1,Croydon 009D,8,8,13,13,11,11,14,14,,13,14,12,4,4,,
E01000998,1493,306,20.4956463496316,167,11.1855324849297,586,34,61,14,75,60,35,170,6849,3,direct_2011_lsoa_code,1,Croydon 010A,13,12,9,9,8,8,7,7,,15,8,8,1,1,,
E01000999,1324,253,19.1087613293051,219,16.5407854984894,433,46,68,8,76,33,44,153,12197,4,direct_2011_lsoa_code,1,Croydon 009E,5,5,5,5,10,10,10,10,,13,9,9,4,4,,
E01001000,1338,267,19.9551569506726,146,10.9118086696562,515,43,55,19,74,51,33,158,8917,3,direct_2011_lsoa_code,1,Croydon 010B,6,6,10,10,13,13,13,13,,13,6,6,2,2,,
E01001001,1406,308,21.9061166429587,133,9.45945945945946,580,44,61,19,80,92,27,199,5065,2,direct_2011_lsoa_code,1,Croydon 013A,7,7,15,15,12,12,,16,,22,11,11,6,6,,
E01001002,1473,318,21.5885947046843,144,9.77596741344195,521,46,86,16,102,47,49,198,12648,4,direct_2011_lsoa_code,1,Croydon 009F,6,6,,17,14,13,,15,12,12,,13,5,5,,
E01001003,1589,370,23.2850849590938,168,10.5726872246696,599,44,92,24,116,79,36,231,10779,4,direct_2011_lsoa_code,1,Croydon 010C,5,5,,18,12,12,,19,13,13,14,14,5,5,,
E01001004,2179,496,22.7627351996329,171,7.84763653051859,781,52,118,34,152,110,49,311,9626,3,direct_2011_lsoa_code,1,Croydon 015A,10,10,15,13,10,10,12,12,9,9,12,12,3,3,,
E01001005,1736,388,22.3502304147465,143,8.23732718894009,601,45,100,20,120,64,53,237,11930,4,direct_2011_lsoa_code,1,Croydon 019A,7,7,3,3,12,12,10,10,11,11,6,6,3,3,,
E01001006,1789,452,25.2655114589156,112,6.26048071548351,692,28,118,28,146,130,27,303,7710,3,direct_2011_lsoa_code,1,Croydon 016A,13,13,12,12,13,13,,17,,22,8,8,0,0,,28
E01001007,1982,425,21.4429868819374,214,10.7971745711403,593,43,137,13,150,46,61,257,15344,5,direct_2011_lsoa_code,1,Croydon 016B,9,9,,16,,18,12,12,,22,12,12,3,3,,28
E01001008,1666,407,24.4297719087635,178,10.6842737094838,531,38,106,27,133,59,57,249,7840,3,direct_2011_lsoa_code,1,Croydon 019B,6,6,12,12,5,5,14,14,,20,13,13,5,5,,
E01001009,2054,518,25.2190847127556,153,7.44888023369036,664,31,160,23,183,83,56,322,11542,4,direct_2011_lsoa_code,1,Croydon 019C,6,6,6,6,11,11,9,9,10,10,8,8,6,6,,
E01001010,1699,372,21.8952324896998,172,10.1236021188935,609,55,83,19,102,79,46,227,3792,2,direct_2011_lsoa_code,1,Croydon 019D,11,11,14,14,6,6,,23,,28,,18,10,10,,
E01001011,2311,572,24.7511899610558,136,5.88489831241887,858,45,122,39,161,155,52,368,7617,3,direct_2011_lsoa_code,1,Croydon 019E,6,6,3,3,13,13,12,12,13,13,3,3,3,3,,
E01001012,2099,477,22.7251071939019,156,7.43211052882325,810,37,89,25,114,109,57,280,5032,2,direct_2011_lsoa_code,1,Croydon 020A,5,5,9,9,12,12,13,12,,19,7,7,5,5,,
E01001013,2197,564,25.6713700500683,206,9.37642239417387,904,95,100,20,120,142,40,302,2836,1,direct_2011_lsoa_code,1,Croydon 020B,9,9,9,9,,18,,17,,18,6,6,4,4,,
E01001015,1494,344,23.0254350736278,240,16.0642570281125,557,56,95,18,113,79,27,219,11187,4,direct_2011_lsoa_code,1,Croydon 041A,11,11,,22,8,8,,21,,29,,19,1,1,,
E01001016,1756,351,19.9886104783599,351,19.9886104783599,655,92,135,27,162,32,29,223,19580,6,direct_2011_lsoa_code,1,Croydon 041B,,15,,23,12,12,,13,,22,,11,2,2,,
E01001017,1648,307,18.628640776699,350,21.2378640776699,630,78,144,24,168,13,23,204,27025,9,direct_2011_lsoa_code,1,Croydon 043A,,28,,25,6,6,,25,,,,24,11,11,,
E01001018,1648,319,19.3567961165049,365,22.1480582524272,634,75,140,32,172,22,16,210,28945,9,direct_2011_lsoa_code,1,Croydon 044A,13,13,,,,,,,,,,,7,7,,
E01001019,1461,248,16.974674880219,398,27.2416153319644,594,97,117,20,137,12,10,159,30069,10,direct_2011_lsoa_code,1,Croydon 044B,7,7,,20,11,11,13,13,,,14,14,5,5,,
E01001020,1652,367,22.2154963680387,349,21.1259079903148,638,107,142,34,176,29,18,223,26497,9,direct_2011_lsoa_code,1,Croydon 044C,11,11,,22,8,8,7,7,,,8,8,5,5,,
E01001021,1356,313,23.0825958702065,253,18.6578171091445,547,100,69,31,100,72,14,186,5720,2,direct_2011_lsoa_code,1,Croydon 044D,,17,,,9,9,,18,,,12,12,9,9,,
E01001022,1481,229,15.4625253207292,419,28.2916948008103,620,127,113,22,135,14,14,163,25335,8,direct_2011_lsoa_code,1,Croydon 044E,15,15,,,8,8,,17,,,,15,8,8,,
E01001023,2596,605,23.3050847457627,281,10.824345146379,1119,117,203,47,250,109,24,383,11765,4,direct_2011_lsoa_code,1,Croydon 041C,10,10,2,2,,16,8,7,,23,2,2,2,2,,
E01001024,1340,257,19.1791044776119,244,18.2089552238806,527,64,104,21,125,24,20,169,25960,8,direct_2011_lsoa_code,1,Croydon 043B,10,10,9,9,,21,9,9,,29,8,8,6,6,,
E01001025,1347,285,21.1581291759465,254,18.8567186340015,493,43,123,25,148,18,17,183,29173,9,direct_2011_lsoa_code,1,Croydon 043C,,25,,17,15,15,,19,,,10,10,1,1,,
E01001026,1881,459,24.4019138755981,274,14.5667198298777,666,63,158,34,192,70,24,286,21373,7,direct_2011_lsoa_code,1,Croydon 043D,,26,,29,,,,26,,,11,11,1,1,,
E01001027,2909,755,25.9539360605019,285,9.79718116191131,989,52,322,58,380,60,40,480,23880,8,direct_2011_lsoa_code,1,Croydon 043E,,,,,,,,,,,,,10,10,,
E01001028,1654,282,17.049576783555,420,25.3929866989117,539,42,125,10,135,13,36,184,29249,9,direct_2011_lsoa_code,1,Croydon 038A,14,14,,,12,12,,22,,,,29,5,5,,
E01001029,1720,296,17.2093023255814,348,20.2325581395349,634,44,105,24,129,50,21,200,18934,6,direct_2011_lsoa_code,1,Croydon 038B,7,7,,18,,24,15,18,,20,15,17,1,1,,
E01001030,1452,273,18.801652892562,258,17.7685950413223,490,45,126,13,139,22,27,188,27962,9,direct_2011_lsoa_code,1,Croydon 038C,,18,,17,,19,15,17,,20,,18,3,3,,
E01001031,1455,257,17.6632302405498,265,18.213058419244,516,39,123,17,140,14,23,177,28476,9,direct_2011_lsoa_code,1,Croydon 038D,8,8,14,14,,25,8,8,,,14,14,3,3,,
E01001032,1556,323,20.7583547557841,365,23.4575835475578,557,57,139,19,158,23,22,203,31701,10,direct_2011_lsoa_code,1,Croydon 035A,8,8,,23,7,7,,22,,,3,3,4,4,,
E01001033,1671,317,18.9706762417714,204,12.2082585278276,683,67,129,15,144,42,29,215,19477,6,direct_2011_lsoa_code,1,Croydon 031A,11,10,7,7,6,6,5,5,,15,3,3,1,1,,
E01001034,1614,315,19.5167286245353,200,12.3915737298637,665,35,120,33,153,52,24,229,19092,6,direct_2011_lsoa_code,1,Croydon 031B,5,5,12,12,11,11,8,8,,25,5,5,9,9,,
E01001035,1861,334,17.9473401397098,228,12.2514777001612,840,57,113,24,137,81,18,236,15799,5,direct_2011_lsoa_code,1,Croydon 047C,6,6,,21,,20,,18,,,14,14,5,5,,
E01001036,1619,247,15.2563310685608,347,21.4329833230389,660,68,120,18,138,24,20,182,22193,7,direct_2011_lsoa_code,1,Croydon 029A,11,11,,21,,20,,18,,,,18,7,7,,
E01001037,1534,341,22.2294654498044,132,8.60495436766623,685,64,88,45,133,80,19,232,14015,5,direct_2011_lsoa_code,1,Croydon 029B,9,8,,12,,16,12,10,,23,7,7,2,2,,
E01001038,1904,346,18.172268907563,150,7.8781512605042,950,59,91,49,140,89,18,247,15646,5,direct_2011_lsoa_code,1,Croydon 029C,7,7,,22,,21,,19,,,,19,5,5,,
E01001039,1567,331,21.1231652839821,270,17.230376515635,601,56,141,15,156,35,20,211,26259,8,direct_2011_lsoa_code,1,Croydon 029D,9,9,,23,10,10,,22,,,,18,3,3,,
E01001040,1721,355,20.6275421266705,145,8.4253341080767,742,46,113,36,149,67,25,241,18763,6,direct_2011_lsoa_code,1,Croydon 029E,7,7,10,10,,15,4,4,,20,14,12,4,4,,
E01001041,1732,373,21.5357967667436,128,7.39030023094688,724,44,110,27,137,84,31,252,13451,5,direct_2011_lsoa_code,1,Croydon 031C,7,7,4,4,11,11,7,7,,19,7,7,4,4,,
E01001042,2172,446,20.5340699815838,107,4.92633517495396,945,41,112,34,146,123,38,307,5333,2,direct_2011_lsoa_code,1,Croydon 024B,5,5,7,7,9,9,7,7,,28,6,6,6,6,,
E01001044,2079,412,19.8172198172198,366,17.6046176046176,833,127,198,21,219,31,36,286,24251,8,direct_2011_lsoa_code,1,Croydon 023A,6,6,,19,10,10,,20,,,,19,5,5,,
E01001046,1926,447,23.208722741433,216,11.214953271028,797,94,205,25,230,34,25,289,24801,8,direct_2011_lsoa_code,1,Croydon 023B,9,9,,17,,20,,18,,,,17,7,7,,
E01001047,1733,319,18.4073860357761,158,9.11713791113676,846,75,99,26,125,65,32,222,12736,4,direct_2011_lsoa_code,1,Croydon 047A,5,5,11,11,14,14,11,11,,29,8,8,4,4,,
E01001049,1440,236,16.3888888888889,341,23.6805555555556,520,50,96,11,107,16,23,146,21805,7,direct_2011_lsoa_code,1,Croydon 023C,,26,,25,,19,,21,,,,21,12,12,,
E01001050,1715,317,18.4839650145773,340,19.8250728862974,794,198,134,18,152,54,18,224,12739,4,direct_2011_lsoa_code,1,Croydon 023D,7,7,14,13,14,14,13,13,,27,14,13,2,2,,
E01001051,1603,450,28.0723643169058,216,13.4747348721148,562,110,72,33,105,93,25,223,4553,2,direct_2011_lsoa_code,1,Croydon 030A,1,1,,18,2,2,6,6,,,5,5,3,3,,
E01001052,1465,372,25.3924914675768,158,10.7849829351536,456,40,69,18,87,100,28,215,3683,2,direct_2011_lsoa_code,1,Croydon 030B,7,7,,17,11,11,7,7,,,8,8,1,1,,
E01001053,1599,370,23.1394621638524,215,13.4459036898061,534,61,91,28,119,72,32,223,6916,3,direct_2011_lsoa_code,1,Croydon 032A,6,6,,13,8,8,,17,,,11,11,3,3,,
E01001054,1858,491,26.4262648008612,190,10.2260495156082,594,65,82,30,112,97,41,250,5919,2,direct_2011_lsoa_code,1,Croydon 030C,3,3,,14,11,11,6,6,,,6,6,1,1,,
E01001055,1569,352,22.4346717654557,237,15.1051625239006,577,100,76,25,101,70,28,199,4623,2,direct_2011_lsoa_code,1,Croydon 032B,9,9,,12,13,12,11,11,,,5,5,0,0,,
E01001056,1811,588,32.4682495858642,90,4.96963003865268,576,28,83,29,112,176,38,326,4911,2,direct_2011_lsoa_code,1,Croydon 030D,6,6,13,13,14,14,12,12,,,4,4,4,4,,
E01001057,1792,612,34.1517857142857,108,6.02678571428571,602,40,103,35,138,179,25,342,4109,2,direct_2011_lsoa_code,1,Croydon 030E,11,11,7,7,14,14,,16,,,9,9,4,4,,
E01001058,1353,285,21.0643015521064,240,17.7383592017738,528,65,94,28,122,44,20,186,22615,7,direct_2011_lsoa_code,1,Croydon 034A,6,6,12,11,6,6,,20,,,12,10,2,2,,
E01001059,1451,318,21.9159200551344,227,15.644383184011,667,94,79,36,115,71,15,201,18690,6,direct_2011_lsoa_code,1,Croydon 034B,10,10,,14,10,10,,17,,,,13,1,1,,
E01001060,1618,370,22.8677379480841,256,15.8220024721879,644,82,112,32,144,53,29,226,13900,5,direct_2011_lsoa_code,1,Croydon 034C,,,,,,,,,,,,,,,,
E01001061,1621,302,18.6304750154226,216,13.3251079580506,653,70,81,26,107,57,34,198,11605,4,direct_2011_lsoa_code,1,Croydon 034D,6,6,,19,10,10,,21,,,,19,4,4,,
E01001062,1513,209,13.813615333774,466,30.7997356245869,557,72,69,14,83,26,26,135,24671,8,direct_2011_lsoa_code,1,Croydon 026A,9,9,,13,15,15,13,11,,,12,12,4,4,,
E01001063,1535,275,17.9153094462541,320,20.8469055374593,571,62,106,25,131,34,30,195,28486,9,direct_2011_lsoa_code,1,Croydon 026B,9,9,10,10,12,12,11,11,,28,10,10,7,7,,
E01001064,1599,243,15.1969981238274,399,24.953095684803,610,96,94,16,110,23,33,166,21223,7,direct_2011_lsoa_code,1,Croydon 026C,,,,25,,25,,28,,,,28,14,14,,
E01001065,1324,193,14.5770392749245,285,21.5256797583082,650,108,56,17,73,34,19,126,18054,6,direct_2011_lsoa_code,1,Croydon 034E,12,12,,12,8,8,,14,,28,13,9,3,3,,
E01001066,1454,337,23.1774415405777,162,11.1416781292985,526,62,68,18,86,91,32,209,4602,2,direct_2011_lsoa_code,1,Croydon 034F,5,5,,18,8,8,,20,,,,19,3,3,,
E01001067,1657,315,19.0102595051298,329,19.85515992758,575,51,147,18,165,16,29,210,28333,9,direct_2011_lsoa_code,1,Croydon 041D,13,13,,23,13,13,,29,,27,,24,9,9,,
E01001068,1837,369,20.0870985302123,305,16.6031573217202,754,58,120,27,147,71,20,238,16728,6,direct_2011_lsoa_code,1,Croydon 042A,15,15,,22,,23,7,7,,28,,24,8,8,,
E01001069,1368,264,19.2982456140351,279,20.3947368421053,505,48,116,27,143,18,17,178,24807,8,direct_2011_lsoa_code,1,Croydon 040A,13,13,,19,14,14,12,12,,25,,21,1,1,,
E01001070,1788,387,21.6442953020134,310,17.337807606264,646,70,136,20,156,53,35,244,19494,6,direct_2011_lsoa_code,1,Croydon 040B,7,7,,24,,,,28,,26,,23,7,7,,
E01001071,1896,379,19.9894514767933,268,14.1350210970464,723,58,143,44,187,54,27,268,21108,7,direct_2011_lsoa_code,1,Croydon 042B,3,3,,20,,18,,14,,26,,22,1,1,,
E01001072,1482,230,15.5195681511471,461,31.1066126855601,540,56,119,11,130,11,12,153,26813,9,direct_2011_lsoa_code,1,Croydon 042C,,,,,,,,,,,,,,,,
E01001073,1436,274,19.0807799442897,232,16.1559888579387,583,74,107,20,127,40,20,187,17617,6,direct_2011_lsoa_code,1,Croydon 037A,13,13,14,14,8,8,,13,,21,14,14,2,2,,
E01001074,1946,415,21.3257965056526,279,14.3371017471737,816,111,124,33,157,97,26,280,15845,5,direct_2011_lsoa_code,1,Croydon 041E,3,3,,17,15,22,,19,,18,,16,1,1,,
E01001075,1628,346,21.2530712530713,231,14.1891891891892,644,60,119,45,164,57,17,238,22665,7,direct_2011_lsoa_code,1,Croydon 040C,3,3,,18,12,12,5,5,,23,,20,0,0,,
E01001076,1666,457,27.4309723889556,168,10.0840336134454,566,51,97,28,125,102,29,256,5461,2,direct_2011_lsoa_code,1,Croydon 036A,9,9,6,6,7,7,,23,,,7,7,3,3,,
E01001077,1332,250,18.7687687687688,241,18.0930930930931,517,56,89,21,110,45,16,171,15639,5,direct_2011_lsoa_code,1,Croydon 032C,14,14,7,7,9,9,,23,,,6,6,3,3,,
E01001078,1448,347,23.9640883977901,182,12.5690607734807,513,44,67,28,95,76,21,192,5536,2,direct_2011_lsoa_code,1,Croydon 032D,,16,6,6,8,8,,19,,,6,6,3,3,,
E01001079,1613,352,21.8226906385617,217,13.4531928084315,588,69,73,27,100,86,36,222,6279,2,direct_2011_lsoa_code,1,Croydon 036B,14,13,,12,10,10,,24,,,,13,1,1,,
E01001080,1481,334,22.5523295070898,242,16.3403106009453,586,110,66,15,81,92,28,201,2247,1,direct_2011_lsoa_code,1,Croydon 036C,,18,7,7,7,7,,25,,,8,8,3,3,,
E01001081,1472,363,24.6603260869565,188,12.7717391304348,498,35,72,38,110,77,27,214,6015,2,direct_2011_lsoa_code,1,Croydon 036D,6,6,,13,11,11,,26,,,,14,3,3,,
E01001082,1550,353,22.7741935483871,179,11.5483870967742,523,45,79,32,111,71,29,211,6659,3,direct_2011_lsoa_code,1,Croydon 032E,11,11,,13,5,5,,20,,,,12,2,2,,
E01001083,1616,266,16.460396039604,352,21.7821782178218,546,69,84,15,99,27,44,170,20660,7,direct_2011_lsoa_code,1,Croydon 003A,,17,12,12,10,10,,18,,21,,17,3,3,,
E01001084,1931,312,16.1574313827033,384,19.8860693940963,665,67,134,13,147,30,41,218,19960,7,direct_2011_lsoa_code,1,Croydon 002A,11,11,14,14,3,3,,25,15,15,13,13,9,9,,
E01001085,1707,302,17.6918570591681,265,15.5243116578793,649,75,98,20,118,43,44,205,15555,5,direct_2011_lsoa_code,1,Croydon 004A,9,9,5,5,11,11,,17,0,0,,18,4,4,,
E01001086,1728,263,15.2199074074074,335,19.3865740740741,590,63,84,19,103,25,57,185,17278,6,direct_2011_lsoa_code,1,Croydon 003B,14,14,,16,6,6,,15,9,9,,15,3,3,,
E01001087,2827,582,20.5871949062611,340,12.0268836222144,1124,128,115,40,155,158,79,392,11394,4,direct_2011_lsoa_code,1,Croydon 003C,13,13,7,7,9,9,,16,10,10,,16,0,0,,
E01001088,1681,314,18.6793575252826,205,12.1951219512195,574,45,86,17,103,56,50,209,17821,6,direct_2011_lsoa_code,1,Croydon 004B,11,11,,16,9,9,13,13,15,15,9,9,8,8,,
E01001089,1786,350,19.5968645016797,218,12.2060470324748,646,53,91,26,117,74,41,232,8631,3,direct_2011_lsoa_code,1,Croydon 004C,7,7,8,8,3,3,,14,10,10,,14,1,1,,29
E01001090,2277,488,21.4317083882301,245,10.7597716293368,886,83,115,40,155,110,53,318,11770,4,direct_2011_lsoa_code,1,Croydon 004D,,15,12,12,7,7,15,13,4,4,15,13,5,5,,
E01001091,1575,254,16.1269841269841,306,19.4285714285714,565,58,79,9,88,44,33,165,18543,6,direct_2011_lsoa_code,1,Croydon 004E,15,15,,16,8,8,13,13,9,9,12,12,7,7,,
E01001092,1933,317,16.3993792033109,430,22.2452146921883,702,76,120,20,140,37,32,209,14497,5,direct_2011_lsoa_code,1,Croydon 037B,15,24,,21,14,14,12,12,,24,12,12,11,11,,
E01001093,1793,353,19.6876742889013,281,15.6720580033464,712,66,112,23,135,61,32,228,22543,7,direct_2011_lsoa_code,1,Croydon 037C,7,7,,15,9,9,,20,13,13,13,13,2,2,,
E01001094,1644,276,16.7883211678832,391,23.7834549878346,566,59,126,4,130,14,30,174,26468,9,direct_2011_lsoa_code,1,Croydon 038E,10,10,,24,,16,,21,,27,,22,9,9,,
E01001095,1532,371,24.2167101827676,155,10.1174934725849,592,42,116,22,138,71,17,226,17663,6,direct_2011_lsoa_code,1,Croydon 031D,10,8,,11,12,11,14,14,,13,12,12,2,2,,
E01001096,1480,276,18.6486486486487,315,21.2837837837838,531,46,138,8,146,8,20,174,28195,9,direct_2011_lsoa_code,1,Croydon 037D,15,13,,17,,16,,20,,18,,18,5,5,,
E01001097,2388,428,17.9229480737018,364,15.2428810720268,1171,193,125,32,157,118,21,296,12443,4,direct_2011_lsoa_code,1,Croydon 037E,,,,,,,,,,,,,,,,
E01001098,1471,279,18.9666893269884,283,19.2386131883073,536,41,146,12,158,21,11,190,27652,9,direct_2011_lsoa_code,1,Croydon 037F,,24,,18,,26,,26,,24,12,12,10,10,,
E01001099,1585,370,23.3438485804416,182,11.4826498422713,600,32,127,24,151,61,23,235,14611,5,direct_2011_lsoa_code,1,Croydon 040D,,22,,17,,22,,24,,22,,19,5,5,,
E01001100,1512,273,18.0555555555556,234,15.4761904761905,604,75,126,25,151,30,11,192,26012,8,direct_2011_lsoa_code,1,Croydon 031E,5,5,,15,10,10,12,12,,21,7,7,9,9,,
E01001101,1435,284,19.7909407665505,289,20.1393728222997,509,51,139,18,157,9,21,187,30394,10,direct_2011_lsoa_code,1,Croydon 035B,,26,,29,,23,,27,,29,,26,7,7,,
E01001102,1517,288,18.9848384970336,454,29.9274884640738,633,166,117,16,133,25,16,174,28156,9,direct_2011_lsoa_code,1,Croydon 035C,11,11,13,12,5,5,,23,,28,7,7,3,3,,
E01001103,1634,290,17.7478580171359,451,27.6009791921665,644,106,125,22,147,17,29,193,28082,9,direct_2011_lsoa_code,1,Croydon 039A,4,4,6,6,11,9,,24,,,9,7,1,1,,
E01001104,1678,303,18.057210965435,310,18.4743742550656,645,59,134,28,162,27,21,210,29727,10,direct_2011_lsoa_code,1,Croydon 042D,13,13,,22,15,15,,25,,29,15,15,5,5,,
E01001105,1737,359,20.6678180771445,252,14.5077720207254,621,86,116,37,153,53,31,237,13713,5,direct_2011_lsoa_code,1,Croydon 039B,8,8,,14,8,8,,,,,,13,5,5,,
E01001106,1502,283,18.8415446071904,278,18.508655126498,561,64,110,28,138,36,19,193,21553,7,direct_2011_lsoa_code,1,Croydon 039C,7,7,,14,14,14,,,,,,14,4,4,,
E01001107,1669,300,17.9748352306771,416,24.9251048532055,667,69,133,14,147,23,17,187,28273,9,direct_2011_lsoa_code,1,Croydon 035D,,25,,24,,24,,,,29,14,14,5,5,,
E01001108,1787,365,20.4252937884723,417,23.335198656967,645,73,175,13,188,17,20,225,30386,10,direct_2011_lsoa_code,1,Croydon 035E,,18,,19,14,14,,24,,29,,16,7,7,,
E01001109,2350,548,23.3191489361702,303,12.8936170212766,965,111,102,45,147,158,30,335,7046,3,direct_2011_lsoa_code,1,Croydon 013B,10,10,7,7,4,4,12,12,,29,11,11,7,7,,
E01001110,2149,521,24.2438343415542,135,6.28199162401117,892,46,114,23,137,142,41,320,3477,2,direct_2011_lsoa_code,1,Croydon 020D,8,8,8,8,10,10,7,5,,18,10,10,0,0,,
E01001111,1746,355,20.3321878579611,157,8.99198167239404,643,41,108,21,129,61,45,235,8781,3,direct_2011_lsoa_code,1,Croydon 010D,6,6,7,7,10,10,,18,,26,,15,6,6,,
E01001112,2017,464,23.0044620723847,228,11.3039167079822,854,69,94,41,135,115,42,292,7851,3,direct_2011_lsoa_code,1,Croydon 013C,10,10,,16,15,15,,19,,,,15,7,7,,
E01001113,2006,425,21.1864406779661,155,7.72681954137587,859,34,67,70,137,97,43,277,8829,3,direct_2011_lsoa_code,1,Croydon 013D,7,7,14,14,13,13,,16,,27,,18,5,5,,
E01001114,1508,379,25.132625994695,101,6.69761273209549,602,27,85,26,111,119,27,257,3866,2,direct_2011_lsoa_code,1,Croydon 013E,10,10,9,9,11,11,,14,,26,,17,4,4,,
E01001115,1818,454,24.972497249725,204,11.2211221122112,648,80,87,19,106,100,60,266,3186,1,direct_2011_lsoa_code,1,Croydon 015B,7,7,5,5,3,3,10,10,9,9,12,12,1,1,,
E01001116,1525,349,22.8852459016393,131,8.59016393442623,606,34,69,23,92,84,48,224,8560,3,direct_2011_lsoa_code,1,Croydon 013F,7,7,3,3,4,4,7,7,,22,,17,1,1,,
E01001118,2153,493,22.8982814677195,216,10.0325127728751,882,92,91,29,120,141,46,307,4115,2,direct_2011_lsoa_code,1,Croydon 020E,11,11,7,7,8,8,4,4,,20,12,12,3,3,,
E01001119,1438,259,18.0111265646732,361,25.1043115438109,578,102,109,20,129,20,16,165,25971,8,direct_2011_lsoa_code,1,Croydon 034G,14,14,,21,,19,,23,,,,20,7,7,,
E01001120,1347,256,19.0051967334818,254,18.8567186340015,507,64,97,17,114,29,25,168,24489,8,direct_2011_lsoa_code,1,Croydon 033A,11,11,11,11,10,10,12,12,,29,10,10,6,6,,
E01001121,1325,195,14.7169811320755,469,35.3962264150943,540,97,89,9,98,12,20,130,28016,9,direct_2011_lsoa_code,1,Croydon 039D,,24,,,,29,,,,,,,12,12,,
E01001122,1445,251,17.3702422145329,329,22.7681660899654,458,40,90,5,95,9,31,135,25084,8,direct_2011_lsoa_code,1,Croydon 033B,14,9,,12,,11,,9,,,,9,0,0,,
E01001123,1620,267,16.4814814814815,343,21.1728395061728,608,71,124,20,144,19,32,195,25485,8,direct_2011_lsoa_code,1,Croydon 033C,,20,,20,12,12,,17,,,,18,10,10,,
E01001124,1567,238,15.1882578174856,483,30.8232291001915,604,105,114,14,128,11,22,161,29636,10,direct_2011_lsoa_code,1,Croydon 033D,,21,,21,,17,13,13,,,,18,3,3,,
E01001125,1645,322,19.5744680851064,347,21.0942249240122,606,75,119,14,133,39,32,204,22109,7,direct_2011_lsoa_code,1,Croydon 033E,8,8,8,8,10,9,4,4,,29,2,2,1,1,,
E01001126,1417,239,16.8666196189132,355,25.0529287226535,599,91,86,29,115,39,17,171,28547,9,direct_2011_lsoa_code,1,Croydon 034H,13,13,,17,5,5,,19,,,,18,6,6,,
E01001127,1626,259,15.9286592865929,372,22.8782287822878,585,59,122,18,140,11,25,176,25246,8,direct_2011_lsoa_code,1,Croydon 025A,7,7,,17,8,8,5,5,,26,5,5,3,3,,
E01001128,1602,417,26.0299625468165,161,10.0499375780275,572,41,89,20,109,131,30,270,5944,2,direct_2011_lsoa_code,1,Croydon 025B,12,12,,25,,23,11,11,,,12,12,9,9,,
E01001129,1394,204,14.6341463414634,331,23.7446197991392,509,55,101,19,120,7,19,146,30882,10,direct_2011_lsoa_code,1,Croydon 026D,8,8,15,11,10,10,12,12,,26,,12,0,0,,
E01001130,1766,591,33.4654586636467,92,5.20951302378256,561,27,88,29,117,172,41,330,5163,2,direct_2011_lsoa_code,1,Croydon 025C,8,8,,20,6,6,7,7,,,7,7,3,3,,
E01001131,1571,362,23.0426479949077,260,16.5499681731381,659,134,114,37,151,68,20,239,21386,7,direct_2011_lsoa_code,1,Croydon 018C,7,7,2,2,,22,,16,,21,,17,7,7,,
E01001132,1619,268,16.5534280420012,424,26.189005558987,644,102,96,21,117,32,30,179,25449,8,direct_2011_lsoa_code,1,Croydon 018D,10,10,13,13,,16,12,12,,,14,14,2,2,,
E01001133,1587,191,12.0352867044739,517,32.5771896660365,730,188,74,18,92,27,23,142,22956,7,direct_2011_lsoa_code,1,Croydon 026E,,16,9,9,4,4,5,5,,24,9,9,4,4,,
E01001134,1612,260,16.1290322580645,325,20.1612903225806,677,110,111,20,131,28,23,182,24648,8,direct_2011_lsoa_code,1,Croydon 018E,,23,,14,,23,,15,13,13,11,11,0,0,,
E01001135,1679,279,16.617033948779,396,23.5854675402025,641,101,94,17,111,39,34,184,26298,9,direct_2011_lsoa_code,1,Croydon 025D,10,10,,14,9,9,12,10,,20,11,10,0,0,,
E01001136,2040,375,18.3823529411765,215,10.5392156862745,982,83,79,45,124,96,29,249,6706,3,direct_2011_lsoa_code,1,Croydon 007A,7,7,4,4,6,6,,16,,27,3,3,2,2,,
E01001137,2131,413,19.3805725011732,263,12.3416236508681,974,119,133,39,172,81,19,272,11694,4,direct_2011_lsoa_code,1,Croydon 001A,5,5,14,14,11,11,14,14,,19,8,8,1,1,,
E01001138,1515,301,19.8679867986799,162,10.6930693069307,718,74,83,37,120,74,16,210,15577,5,direct_2011_lsoa_code,1,Croydon 001B,1,1,,20,6,6,10,10,,24,12,12,7,7,,
E01001139,1699,342,20.1294879340789,199,11.7127722189523,712,63,103,33,136,70,24,230,14729,5,direct_2011_lsoa_code,1,Croydon 007B,11,10,7,7,10,10,,16,,22,12,10,1,1,,
E01001140,1628,311,19.1031941031941,156,9.58230958230958,759,49,86,38,124,83,14,221,12982,4,direct_2011_lsoa_code,1,Croydon 007C,4,4,,15,5,5,3,3,,23,10,10,1,1,,
E01001141,1274,251,19.701726844584,114,8.94819466248038,571,39,66,20,86,64,16,166,9313,3,direct_2011_lsoa_code,1,Croydon 008A,14,14,14,14,8,8,15,15,,28,15,15,4,4,,
E01001142,1920,364,18.9583333333333,283,14.7395833333333,749,60,130,27,157,71,19,247,13217,5,direct_2011_lsoa_code,1,Croydon 007D,13,13,14,14,11,11,14,14,,25,15,13,4,4,,
E01001143,1933,408,21.107087428867,237,12.2607346094154,826,100,93,31,124,101,32,257,7941,3,direct_2011_lsoa_code,1,Croydon 008B,13,13,13,12,10,10,,13,,29,12,10,3,3,,
E01001144,1754,302,17.2177879133409,171,9.74914481185861,799,57,70,30,100,81,38,219,5183,2,direct_2011_lsoa_code,1,Croydon 007E,10,10,8,8,11,11,,20,,26,8,8,4,4,,
E01001145,1827,446,24.4116037219486,170,9.30487137383689,871,75,76,22,98,169,17,284,4281,2,direct_2011_lsoa_code,1,Croydon 008C,5,5,5,5,8,8,,12,,,6,6,2,2,,
E01001146,1530,289,18.8888888888889,222,14.5098039215686,607,68,81,37,118,52,30,200,14580,5,direct_2011_lsoa_code,1,Croydon 006A,5,5,2,2,11,11,3,3,,26,7,7,6,6,,
E01001147,1782,424,23.7934904601571,114,6.3973063973064,671,33,90,23,113,107,42,262,6270,2,direct_2011_lsoa_code,1,Croydon 005A,4,4,6,6,12,12,8,8,,19,7,7,1,1,,
E01001148,1761,331,18.7961385576377,174,9.88074957410562,701,67,92,30,122,79,34,235,11948,4,direct_2011_lsoa_code,1,Croydon 005B,7,7,8,8,15,15,10,10,,27,10,10,4,4,,
E01001149,1587,373,23.5034656584751,151,9.51480781348456,626,42,106,33,139,68,24,231,17888,6,direct_2011_lsoa_code,1,Croydon 006B,,16,14,14,11,11,12,12,,26,11,11,9,9,,
E01001150,1704,339,19.8943661971831,190,11.150234741784,637,39,110,42,152,51,25,228,13899,5,direct_2011_lsoa_code,1,Croydon 006C,11,11,12,12,2,2,13,13,,26,15,14,8,8,,
E01001151,1751,342,19.5316961736151,196,11.1936036550543,672,63,76,22,98,94,39,231,4019,2,direct_2011_lsoa_code,1,Croydon 005C,9,9,11,11,6,6,7,7,,20,6,6,4,4,,
E01001152,2063,454,22.0067862336403,166,8.04653417353369,784,56,107,21,128,132,40,300,5158,2,direct_2011_lsoa_code,1,Croydon 005D,4,4,5,5,15,19,5,5,,19,4,4,4,4,,
E01001153,1633,269,16.4727495407226,210,12.8597672994489,612,46,75,14,89,60,35,184,12275,4,direct_2011_lsoa_code,1,Croydon 006D,9,9,8,8,8,8,7,7,,21,9,9,9,9,,
E01001154,1961,397,20.2447730749618,177,9.02600713921469,726,47,102,33,135,101,44,280,8530,3,direct_2011_lsoa_code,1,Croydon 006E,7,7,9,9,8,8,,16,,21,9,9,3,3,,
E01001155,1794,371,20.6800445930881,282,15.7190635451505,782,112,76,17,93,111,35,239,3291,2,direct_2011_lsoa_code,1,Croydon 010E,10,10,7,7,,14,13,13,,14,3,3,2,2,,
E01001156,1774,342,19.2784667418264,250,14.0924464487035,721,67,104,37,141,61,31,233,10027,4,direct_2011_lsoa_code,1,Croydon 001C,10,10,15,16,9,9,,18,,16,13,10,1,1,,
E01001157,1851,407,21.988114532685,267,14.4246353322528,624,49,105,34,139,55,48,242,15973,5,direct_2011_lsoa_code,1,Croydon 002B,12,12,13,12,7,7,,18,,25,,17,5,5,,
E01001158,1532,324,21.1488250652742,166,10.8355091383812,671,51,75,38,113,79,23,215,13982,5,direct_2011_lsoa_code,1,Croydon 005E,10,10,,18,3,3,,17,,21,7,7,6,6,,
E01001159,1940,418,21.5463917525773,303,15.6185567010309,742,70,127,28,155,68,41,264,19487,6,direct_2011_lsoa_code,1,Croydon 002C,13,13,,16,,14,,22,,16,,14,6,6,,
E01001160,1949,393,20.1641867624423,341,17.4961518727553,626,55,91,17,108,33,76,217,20215,7,direct_2011_lsoa_code,1,Croydon 002D,5,5,7,7,,20,,17,,27,,16,7,7,,
E01001161,1739,318,18.2863714778608,223,12.823461759632,549,36,62,14,76,64,54,194,3575,2,direct_2011_lsoa_code,1,Croydon 003D,2,2,10,10,9,9,,20,,23,,19,9,9,,
E01001162,1810,367,20.2762430939227,208,11.4917127071823,801,58,102,25,127,108,21,256,8850,3,direct_2011_lsoa_code,1,Croydon 001D,4,4,,18,4,4,,21,,18,14,14,1,1,,
E01001163,1975,376,19.0379746835443,279,14.126582278481,837,77,130,37,167,71,21,259,17644,6,direct_2011_lsoa_code,1,Croydon 002E,11,11,10,10,8,8,,21,10,10,8,8,3,3,,
E01001164,1982,305,15.3884964682139,206,10.393541876892,990,102,84,45,129,75,11,215,13940,5,direct_2011_lsoa_code,1,Croydon 001E,10,10,8,8,4,4,,19,,17,7,7,4,4,,
E01001165,1844,368,19.9566160520607,140,7.59219088937093,723,45,125,19,144,64,41,249,11281,4,direct_2011_lsoa_code,1,Croydon 024C,12,12,7,7,10,10,,18,,26,13,11,1,1,,
E01001166,1969,454,23.0573895378365,229,11.6302691721686,875,139,101,34,135,105,35,275,7025,3,direct_2011_lsoa_code,1,Croydon 024D,9,9,10,10,11,11,13,13,,,8,8,6,6,,
E01001167,2325,509,21.8924731182796,227,9.76344086021505,821,58,160,32,192,87,67,346,12891,4,direct_2011_lsoa_code,1,Croydon 028A,12,12,8,8,14,14,,15,,,,16,2,2,,
E01001168,1818,337,18.5368536853685,197,10.8360836083608,735,63,103,39,142,60,29,231,13421,5,direct_2011_lsoa_code,1,Croydon 024E,7,7,12,12,13,13,,19,,28,14,14,0,0,,
E01001169,1831,472,25.7782632441289,189,10.3222282905516,641,57,100,21,121,95,40,256,6795,3,direct_2011_lsoa_code,1,Croydon 028B,7,7,10,10,11,11,,18,,,,14,0,0,,
E01001170,1939,405,20.8870551830841,287,14.8014440433213,896,146,117,42,159,95,24,278,9544,3,direct_2011_lsoa_code,1,Croydon 047D,5,5,,11,,15,,12,,24,4,4,2,2,,
E01001171,1757,351,19.977233921457,324,18.4405236198065,685,68,90,19,109,88,42,239,11031,4,direct_2011_lsoa_code,1,Croydon 028C,6,6,,14,15,15,,15,,23,11,11,2,2,,
E01001172,2204,578,26.2250453720508,179,8.12159709618875,728,59,114,28,142,126,59,327,3467,2,direct_2011_lsoa_code,1,Croydon 028D,12,12,14,14,14,14,,27,,23,,20,4,4,,
E01001173,2737,589,21.5199123127512,289,10.5590062111801,1120,105,203,38,241,133,43,417,14566,5,direct_2011_lsoa_code,1,Croydon 028E,10,10,,22,,20,,27,,23,,20,7,7,,
E01001174,1688,368,21.8009478672986,237,14.0402843601896,508,44,83,10,93,39,62,194,12417,4,direct_2011_lsoa_code,1,Croydon 011A,13,13,13,13,7,7,15,15,,16,15,19,7,7,,
E01001175,1639,366,22.3306894447834,152,9.27394752898109,556,50,86,14,100,58,39,197,7742,3,direct_2011_lsoa_code,1,Croydon 011B,7,7,12,11,7,7,12,10,6,6,12,10,3,3,,
E01001176,1847,414,22.4147265836492,195,10.5576610720087,620,34,106,16,122,65,57,244,12219,4,direct_2011_lsoa_code,1,Croydon 011C,9,9,12,12,7,7,11,11,9,9,11,11,3,3,,
E01001177,1648,321,19.4781553398058,136,8.25242718446602,552,25,96,15,111,58,45,214,7251,3,direct_2011_lsoa_code,1,Croydon 016C,3,3,,26,14,14,,19,,,,18,4,4,,
E01001178,1628,416,25.5528255528256,76,4.66830466830467,600,33,89,15,104,106,49,259,1096,1,direct_2011_lsoa_code,1,Croydon 015D,9,9,9,8,11,11,5,5,0,0,5,5,3,3,,
E01001179,1663,386,23.2110643415514,199,11.9663259170174,548,55,112,18,130,38,47,215,13775,5,direct_2011_lsoa_code,1,Croydon 016D,14,14,15,15,14,14,9,9,12,12,9,9,5,5,,
E01001180,1981,479,24.1797072185765,160,8.07672892478546,674,42,124,18,142,91,48,281,9127,3,direct_2011_lsoa_code,1,Croydon 016E,9,9,,18,,17,2,2,14,14,1,1,3,3,,
E01001181,2190,668,30.5022831050228,142,6.48401826484018,891,55,115,21,136,203,68,407,3607,2,direct_2011_lsoa_code,1,Croydon 015E,4,4,4,4,13,12,1,1,2,2,0,0,1,1,,
E01001182,1357,230,16.9491525423729,206,15.1805453205601,460,34,57,7,64,41,53,158,13038,4,direct_2011_lsoa_code,1,Croydon 011D,9,9,11,11,10,10,7,7,12,12,6,6,1,1,,
E01001183,1820,441,24.2307692307692,210,11.5384615384615,637,45,91,21,112,91,50,253,11301,4,direct_2011_lsoa_code,1,Croydon 011E,6,6,7,7,4,4,12,12,10,9,11,11,3,3,,
E01001184,1301,222,17.0637970791699,223,17.1406610299769,449,48,47,6,53,21,53,127,17067,6,direct_2011_lsoa_code,1,Croydon 011F,10,10,9,9,11,11,8,8,,14,8,8,8,8,,
E01001185,1702,343,20.1527614571093,178,10.4582843713278,745,60,114,23,137,71,26,234,14358,5,direct_2011_lsoa_code,1,Croydon 014B,6,6,3,3,3,3,14,14,,,13,13,2,2,,
E01001186,1686,305,18.0901542111507,202,11.9810201660735,815,100,63,18,81,110,25,216,8461,3,direct_2011_lsoa_code,1,Croydon 014C,5,5,11,11,7,7,8,8,,,9,9,8,8,,
E01001187,1985,400,20.1511335012595,193,9.72292191435768,811,70,102,30,132,102,34,268,13847,5,direct_2011_lsoa_code,1,Croydon 017E,9,9,10,10,11,11,,18,,,,17,6,6,,
E01001188,1960,432,22.0408163265306,146,7.44897959183674,749,41,79,54,133,115,37,285,8950,3,direct_2011_lsoa_code,1,Croydon 014D,7,7,14,14,13,13,4,4,,,4,4,4,4,,
E01001189,1219,255,20.9187858900738,152,12.4692370795734,457,39,83,11,94,56,25,175,16383,5,direct_2011_lsoa_code,1,Croydon 045B,7,7,14,14,8,8,12,12,,,12,12,6,6,,
E01001190,1551,321,20.6963249516441,150,9.67117988394584,601,41,89,28,117,68,27,212,9331,3,direct_2011_lsoa_code,1,Croydon 045C,14,14,,16,3,3,,17,,25,,18,7,7,,
E01001191,2074,478,23.0472516875603,153,7.37704918032787,863,40,117,36,153,111,42,306,5914,2,direct_2011_lsoa_code,1,Croydon 008D,3,3,9,9,14,14,10,10,,,9,9,4,4,,
E01001192,1585,326,20.5678233438486,142,8.9589905362776,693,49,76,31,107,85,16,208,9166,3,direct_2011_lsoa_code,1,Croydon 008E,8,8,15,17,10,10,11,11,,,10,10,1,1,,
E01001193,1682,246,14.6254458977408,123,7.31272294887039,575,23,73,20,93,95,39,227,6123,2,direct_2011_lsoa_code,1,Croydon 014E,11,11,13,13,14,14,,17,,,,14,0,0,,
E01001194,1615,345,21.3622291021672,155,9.59752321981424,616,38,103,37,140,65,29,234,15918,5,direct_2011_lsoa_code,1,Croydon 045D,11,11,,24,1,1,,25,,,14,14,12,12,,
E01001195,1824,413,22.6425438596491,233,12.7741228070175,617,53,156,11,167,37,30,234,19967,7,direct_2011_lsoa_code,1,Ealing 021A,11,11,,17,3,3,10,10,,28,13,13,1,1,14,14
E01001196,1616,329,20.3589108910891,204,12.6237623762376,697,97,80,10,90,87,22,199,4857,2,direct_2011_lsoa_code,1,Ealing 015A,,19,,13,1,1,8,8,,17,6,6,1,1,,15
E01001197,1854,404,21.7907227615965,230,12.4056094929881,717,69,161,15,176,32,24,232,12321,4,direct_2011_lsoa_code,1,Ealing 021B,8,8,,18,12,12,13,13,,,,18,7,7,,19
E01001198,1564,304,19.4373401534527,138,8.82352941176471,596,48,111,12,123,34,40,197,19095,6,direct_2011_lsoa_code,1,Ealing 021C,,24,,17,5,5,9,9,,27,11,11,8,8,,19
E01001199,1663,295,17.7390258568851,160,9.62116656644618,669,54,89,14,103,67,23,193,12563,4,direct_2011_lsoa_code,1,Ealing 021D,12,12,14,14,10,10,4,4,,26,12,11,1,1,,17
E01001200,1597,302,18.9104571070758,161,10.0814026299311,631,40,126,20,146,30,19,195,17969,6,direct_2011_lsoa_code,1,Ealing 025A,9,9,,17,6,6,9,9,,,13,13,9,9,,24
E01001201,1589,268,16.8659534298301,154,9.69162995594714,631,41,106,20,126,34,18,178,16425,6,direct_2011_lsoa_code,1,Ealing 025B,7,7,14,14,10,10,9,9,,29,12,12,6,6,,21
E01001202,2501,550,21.9912035185926,189,7.55697720911635,1002,69,165,32,197,72,42,311,6344,2,direct_2011_lsoa_code,1,Ealing 025C,7,7,5,5,5,5,6,6,,28,4,4,1,1,,15
E01001203,1689,266,15.748963883955,169,10.0059206631143,855,91,89,27,116,49,21,186,6778,3,direct_2011_lsoa_code,1,Ealing 025D,8,8,9,9,4,4,2,2,,,7,7,6,6,,20
E01001204,1612,289,17.9280397022333,285,17.6799007444169,591,53,126,12,138,33,18,189,20285,7,direct_2011_lsoa_code,1,Ealing 018A,12,12,,17,6,6,7,7,,,,15,4,4,,21
E01001205,1780,424,23.8202247191011,180,10.1123595505618,655,51,128,24,152,62,31,245,7545,3,direct_2011_lsoa_code,1,Ealing 018B,7,7,,16,6,6,13,13,,,14,14,4,4,,23
E01001206,1576,443,28.1091370558376,99,6.28172588832487,554,31,103,13,116,133,23,272,3637,2,direct_2011_lsoa_code,1,Ealing 018C,8,8,,21,5,5,15,13,,,,20,0,0,,
E01001207,1763,303,17.1866137266024,164,9.30232558139535,758,59,138,27,165,38,17,220,17745,6,direct_2011_lsoa_code,1,Ealing 018D,6,6,12,12,7,7,10,10,,,9,9,2,2,,19
E01001208,1360,259,19.0441176470588,291,21.3970588235294,508,61,116,12,128,21,12,161,22354,7,direct_2011_lsoa_code,1,Ealing 018E,6,6,10,10,4,4,,16,,,13,13,7,7,,22
E01001209,1684,332,19.7149643705463,297,17.6365795724466,651,74,159,17,176,26,23,225,28190,9,direct_2011_lsoa_code,1,Ealing 013A,9,9,7,7,9,9,6,6,,,3,3,4,4,,19
E01001210,1888,448,23.728813559322,304,16.1016949152542,760,125,105,18,123,110,40,273,2075,1,direct_2011_lsoa_code,1,Ealing 016A,8,8,,14,9,9,,15,,,,16,4,4,,22
E01001211,1734,327,18.8581314878893,294,16.9550173010381,718,115,151,17,168,39,18,225,24028,8,direct_2011_lsoa_code,1,Ealing 013B,14,14,9,9,13,13,10,10,,,6,6,6,6,,22
E01001212,1767,268,15.1669496321449,379,21.4487832484437,722,106,128,13,141,26,19,186,20550,7,direct_2011_lsoa_code,1,Ealing 018F,11,11,8,8,9,9,11,11,,,11,11,3,3,,21
E01001213,2013,370,18.3805265772479,316,15.6979632389468,535,49,101,5,106,21,84,211,8943,3,direct_2011_lsoa_code,1,Ealing 023A,9,9,5,5,15,15,12,12,11,11,5,5,6,6,,
E01001214,1744,306,17.545871559633,322,18.4633027522936,496,44,84,5,89,16,74,179,18010,6,direct_2011_lsoa_code,1,Ealing 023B,8,8,,19,9,9,4,4,,23,,19,2,2,,
E01001215,2055,413,20.0973236009732,289,14.0632603406326,624,81,118,16,134,37,79,250,7934,3,direct_2011_lsoa_code,1,Ealing 023C,6,6,7,7,13,13,10,10,11,11,6,6,2,2,,
E01001216,1749,423,24.1852487135506,272,15.5517438536306,495,40,130,5,135,26,74,235,12636,4,direct_2011_lsoa_code,1,Ealing 023D,8,8,8,8,8,8,10,10,,16,9,9,4,4,,
E01001217,1451,258,17.7808407994487,235,16.1957270847691,440,46,85,7,92,24,51,167,17865,6,direct_2011_lsoa_code,1,Ealing 014A,7,7,,25,,22,13,13,,26,13,13,8,8,,
E01001218,2056,475,23.1031128404669,279,13.5700389105058,728,101,109,23,132,79,85,296,5429,2,direct_2011_lsoa_code,1,Ealing 012A,,16,,18,,17,,19,,22,7,7,6,6,,
E01001219,2195,506,23.0523917995444,217,9.88610478359909,764,47,129,18,147,95,53,295,5527,2,direct_2011_lsoa_code,1,Ealing 029A,6,6,,20,10,10,7,7,,24,13,13,1,1,,
E01001220,1516,357,23.5488126649077,149,9.82849604221636,468,33,87,16,103,56,53,212,2523,1,direct_2011_lsoa_code,1,Ealing 029B,,15,,17,7,7,,22,,17,10,10,5,5,,
E01001223,1453,237,16.3110805230557,232,15.9669649002065,636,80,103,4,107,29,27,163,22559,7,direct_2011_lsoa_code,1,Ealing 041B,15,15,14,14,11,11,13,13,14,14,12,12,11,11,,23
E01001224,1560,267,17.1153846153846,263,16.8589743589744,579,51,129,21,150,20,10,180,25604,8,direct_2011_lsoa_code,1,Ealing 019B,4,4,13,13,10,10,6,6,,,9,9,6,6,,21
E01001225,1809,284,15.6992813709232,240,13.2669983416252,847,108,107,9,116,68,15,199,12984,4,direct_2011_lsoa_code,1,Ealing 041A,9,9,7,7,5,5,9,9,11,11,5,5,5,5,8,8
E01001226,1511,230,15.2217074784911,263,17.4056915949702,672,80,110,11,121,28,20,169,20668,7,direct_2011_lsoa_code,1,Ealing 019C,5,5,14,13,7,7,,13,,24,13,12,3,3,15,14
E01001227,1520,248,16.3157894736842,235,15.4605263157895,601,51,126,12,138,26,20,184,24152,8,direct_2011_lsoa_code,1,Ealing 019D,5,5,,18,10,10,12,12,,,11,11,7,7,,19
E01001228,1834,237,12.9225736095965,212,11.5594329334787,826,82,109,12,121,37,10,168,22860,7,direct_2011_lsoa_code,1,Ealing 019E,7,7,10,10,6,6,14,14,,28,11,11,2,2,14,14
E01001229,1517,281,18.5234014502307,200,13.18391562294,592,57,79,18,97,64,24,185,7923,3,direct_2011_lsoa_code,1,Ealing 031A,13,13,11,11,6,6,15,15,,,11,11,6,6,12,12
E01001230,1369,185,13.5135135135135,209,15.2666179693207,606,55,77,9,86,21,11,118,13358,5,direct_2011_lsoa_code,1,Ealing 031B,9,9,7,7,10,10,,15,,27,,13,5,5,14,12
E01001231,2047,282,13.7762579384465,328,16.0234489496825,785,63,110,13,123,37,25,185,20102,7,direct_2011_lsoa_code,1,Ealing 027A,,17,,18,13,13,,22,,,9,9,6,6,10,10
E01001232,1559,263,16.8697883258499,239,15.3303399615138,618,78,104,13,117,32,19,168,11537,4,direct_2011_lsoa_code,1,Ealing 031C,,,,,7,7,,,,,,,7,7,,
E01001233,1445,230,15.916955017301,219,15.1557093425606,621,90,88,12,100,26,21,147,11472,4,direct_2011_lsoa_code,1,Ealing 031D,5,5,5,5,3,3,11,11,,25,5,5,4,4,5,5
E01001234,1373,189,13.7654770575382,143,10.4151493080845,606,48,64,13,77,29,15,121,12109,4,direct_2011_lsoa_code,1,Ealing 027B,,14,8,8,7,7,7,7,,27,14,11,1,1,7,7
E01001235,1770,231,13.0508474576271,161,9.09604519774011,778,46,98,12,110,33,16,159,19722,7,direct_2011_lsoa_code,1,Ealing 042D,15,15,8,8,12,12,9,9,,26,11,11,6,6,11,11
E01001236,1477,207,14.0148950575491,219,14.8273527420447,689,79,82,15,97,28,15,140,17674,6,direct_2011_lsoa_code,1,Ealing 042C,10,10,8,8,7,7,6,6,,29,8,8,7,7,12,12
E01001237,1562,188,12.0358514724712,265,16.9654289372599,671,59,89,17,106,24,10,140,16963,6,direct_2011_lsoa_code,1,Ealing 031E,,17,13,13,2,2,9,9,,,,16,2,2,12,12
E01001239,1481,257,17.3531397704254,124,8.37272113436867,566,32,77,8,85,54,32,171,6813,3,direct_2011_lsoa_code,1,Ealing 015C,,,,22,13,13,,26,,,,26,4,4,,21
E01001240,1826,223,12.2124863088719,196,10.7338444687842,654,45,59,9,68,23,38,129,13977,5,direct_2011_lsoa_code,1,Ealing 024A,2,2,14,14,6,6,14,14,,21,11,11,6,6,13,13
E01001241,1856,279,15.0323275862069,190,10.2370689655172,660,49,75,11,86,42,34,162,12616,4,direct_2011_lsoa_code,1,Ealing 024B,5,5,6,6,6,6,8,8,,17,8,8,0,0,,21
E01001242,1619,311,19.2093885114268,208,12.8474366893144,616,60,97,12,109,86,22,217,9639,3,direct_2011_lsoa_code,1,Ealing 024C,5,5,13,13,2,2,,16,,24,,16,5,5,,25
E01001243,2390,463,19.3723849372385,205,8.57740585774059,959,83,150,19,169,71,29,269,10522,4,direct_2011_lsoa_code,1,Ealing 024D,12,12,9,9,1,1,10,10,,21,10,10,4,4,,21
E01001244,2788,546,19.583931133429,260,9.32568149210904,1172,87,142,57,199,103,37,339,8569,3,direct_2011_lsoa_code,1,Ealing 024E,8,8,5,5,5,5,9,9,,25,6,6,2,2,,21
E01001245,2167,453,20.9044762344255,163,7.52191970466082,919,52,149,41,190,80,24,294,18507,6,direct_2011_lsoa_code,1,Ealing 024F,10,10,2,2,4,4,5,5,,25,7,7,0,0,,15
E01001246,1826,298,16.3198247535597,177,9.69331872946331,819,33,71,20,91,52,30,173,7075,3,direct_2011_lsoa_code,1,Ealing 015D,,18,14,14,11,11,,21,,23,,19,3,3,,15
E01001247,2270,395,17.4008810572687,338,14.8898678414097,810,73,111,14,125,70,42,237,13338,5,direct_2011_lsoa_code,1,Ealing 015E,,24,,15,,15,,19,,28,,21,3,3,15,11
E01001248,1590,280,17.6100628930818,317,19.937106918239,568,61,103,14,117,39,28,184,16655,6,direct_2011_lsoa_code,1,Ealing 035A,8,8,,20,5,5,14,14,,23,13,13,8,8,,16
E01001249,2437,458,18.7935986869101,187,7.67336889618383,1090,89,136,25,161,125,21,307,3848,2,direct_2011_lsoa_code,1,Ealing 028A,2,2,5,5,8,8,14,14,,19,4,4,5,5,,19
E01001250,2181,415,19.0279688216415,215,9.8578633654287,979,89,112,27,139,110,20,269,5176,2,direct_2011_lsoa_code,1,Ealing 028B,10,10,6,6,3,3,9,9,,14,2,2,1,1,,17
E01001251,1809,384,21.2271973466003,203,11.2216694306247,733,62,140,37,177,64,16,257,15489,5,direct_2011_lsoa_code,1,Ealing 030A,2,2,6,6,3,3,8,8,14,14,6,6,4,4,,16
E01001252,2465,501,20.3245436105477,226,9.1683569979716,965,73,159,42,201,90,61,352,10397,4,direct_2011_lsoa_code,1,Ealing 030B,8,8,4,4,7,7,7,7,,14,5,5,3,3,,16
E01001253,2129,483,22.6867073743542,193,9.06528886801315,775,47,177,38,215,75,24,314,18300,6,direct_2011_lsoa_code,1,Ealing 030C,12,12,12,12,9,9,,16,,20,14,13,3,3,,16
E01001254,1748,364,20.8237986270023,255,14.5881006864989,747,111,131,37,168,62,26,256,19351,6,direct_2011_lsoa_code,1,Ealing 030D,5,5,11,11,5,5,14,14,14,14,12,12,4,4,,18
E01001255,1588,376,23.6775818639799,204,12.8463476070529,588,54,158,23,181,32,21,234,20547,7,direct_2011_lsoa_code,1,Ealing 028C,,15,12,12,11,11,5,5,,21,6,6,9,9,,18
E01001257,2233,569,25.4814151365876,165,7.38916256157636,811,48,165,21,186,123,38,347,4021,2,direct_2011_lsoa_code,1,Ealing 008A,14,14,11,11,10,10,6,6,,29,,15,6,6,,26
E01001258,1874,415,22.145144076841,269,14.3543223052295,649,79,128,26,154,56,54,264,18071,6,direct_2011_lsoa_code,1,Ealing 010B,4,4,13,13,11,11,12,10,,,6,6,3,3,,27
E01001259,1599,331,20.7004377736085,209,13.0706691682301,516,56,93,11,104,30,56,190,14241,5,direct_2011_lsoa_code,1,Ealing 014B,11,11,10,10,8,8,10,10,,26,6,6,2,2,,26
E01001260,2039,379,18.5875429131927,287,14.0755272192251,689,71,137,16,153,32,64,249,13738,5,direct_2011_lsoa_code,1,Ealing 012B,8,8,5,5,12,12,6,6,,27,8,8,4,4,,22
E01001261,2321,435,18.7419215855235,255,10.9866436880655,860,69,141,25,166,56,72,294,12265,4,direct_2011_lsoa_code,1,Ealing 012C,4,4,5,5,7,7,9,9,,21,5,5,0,0,,25
E01001262,1620,328,20.2469135802469,275,16.9753086419753,542,67,90,18,108,51,45,204,7386,3,direct_2011_lsoa_code,1,Ealing 010C,13,13,11,11,5,5,10,10,,,,17,5,5,,28
E01001263,1947,451,23.1638418079096,214,10.9912686183873,734,66,132,29,161,86,42,289,6069,2,direct_2011_lsoa_code,1,Ealing 010D,5,5,,18,4,4,14,14,,,,21,4,4,,19
E01001264,1821,366,20.0988467874794,248,13.618890719385,627,50,109,21,130,71,34,235,11124,4,direct_2011_lsoa_code,1,Ealing 010E,15,15,,18,8,8,,17,,,11,11,1,1,,
E01001265,1724,339,19.6635730858469,187,10.84686774942,628,46,119,15,134,46,45,225,13878,5,direct_2011_lsoa_code,1,Ealing 006A,,,,,11,11,,,,,,,15,15,,
E01001266,1834,293,15.9760087241003,313,17.0665212649945,596,52,93,13,106,33,57,196,17834,6,direct_2011_lsoa_code,1,Ealing 006B,,23,11,11,,23,,26,,,12,12,11,11,15,19
E01001267,2036,424,20.8251473477407,329,16.1591355599214,819,134,131,27,158,63,50,271,7140,3,direct_2011_lsoa_code,1,Ealing 006C,5,5,12,10,9,9,5,5,,,14,13,3,3,,21
E01001268,1963,408,20.7845134997453,320,16.3015792154865,641,67,148,23,171,27,55,253,15642,5,direct_2011_lsoa_code,1,Ealing 012D,9,9,13,13,5,5,11,11,,,15,15,4,4,,
E01001269,2271,465,20.4755614266843,230,10.1276970497578,794,53,165,38,203,49,55,307,20420,7,direct_2011_lsoa_code,1,Ealing 001A,8,8,13,13,7,7,5,5,,26,5,5,2,2,,15
E01001270,1760,334,18.9772727272727,203,11.5340909090909,584,42,130,16,146,31,53,230,18289,6,direct_2011_lsoa_code,1,Ealing 004A,12,12,,17,8,8,,17,,,8,8,0,0,,12
E01001271,1920,414,21.5625,208,10.8333333333333,629,43,132,22,154,51,60,265,17106,6,direct_2011_lsoa_code,1,Ealing 001B,10,10,,18,12,12,14,14,,,5,5,4,4,,19
E01001272,1718,301,17.5203725261933,206,11.9906868451688,589,42,109,11,120,23,55,198,15184,5,direct_2011_lsoa_code,1,Ealing 006D,12,12,13,13,,18,13,13,,,4,4,4,4,6,6
E01001273,1675,299,17.8507462686567,282,16.8358208955224,586,69,169,7,176,19,21,216,25179,8,direct_2011_lsoa_code,1,Ealing 041C,9,9,12,11,15,15,,22,,22,14,14,4,4,14,14
E01001274,1612,401,24.8759305210918,200,12.4069478908189,589,73,184,14,198,18,22,238,26422,9,direct_2011_lsoa_code,1,Ealing 041E,6,6,,14,,16,,24,,,14,14,5,5,4,4
E01001275,1800,251,13.9444444444444,250,13.8888888888889,908,104,102,11,113,37,15,165,15212,5,direct_2011_lsoa_code,1,Ealing 041D,2,2,8,8,,18,13,13,12,12,11,11,6,6,11,11
E01001276,1779,300,16.8634064080944,227,12.7599775154581,700,70,86,14,100,38,46,184,13885,5,direct_2011_lsoa_code,1,Ealing 011A,5,5,7,7,11,11,,25,,21,,17,1,1,13,13
E01001277,2040,430,21.078431372549,234,11.4705882352941,717,54,164,21,185,52,28,265,16527,6,direct_2011_lsoa_code,1,Ealing 011B,,17,12,12,11,11,7,7,,25,,21,1,1,11,11
E01001278,2079,454,21.8374218374218,271,13.035113035113,801,78,149,24,173,79,30,282,11526,4,direct_2011_lsoa_code,1,Ealing 011C,14,14,6,6,14,14,,18,,26,,18,5,5,6,6
E01001279,1494,297,19.8795180722892,364,24.3641231593039,561,86,146,14,160,16,22,198,28128,9,direct_2011_lsoa_code,1,Ealing 013C,13,13,,19,9,9,4,4,,22,,21,4,4,,18
E01001280,1816,392,21.5859030837004,262,14.4273127753304,776,112,168,13,181,44,22,247,20279,7,direct_2011_lsoa_code,1,Ealing 011D,7,7,10,10,1,1,13,13,11,11,,17,3,3,13,11
E01001281,1571,318,20.2418841502228,296,18.8415022278803,618,93,152,14,166,37,10,213,27738,9,direct_2011_lsoa_code,1,Ealing 013D,6,6,10,10,3,3,2,2,,26,7,7,2,2,,17
E01001282,1619,355,21.9271155033972,248,15.3180975911056,610,101,113,19,132,44,60,236,5881,2,direct_2011_lsoa_code,1,Ealing 016B,7,7,15,15,8,8,9,9,,,,17,2,2,,
E01001283,1780,336,18.876404494382,300,16.8539325842697,770,139,118,17,135,76,23,234,4237,2,direct_2011_lsoa_code,1,Ealing 016C,6,6,6,6,13,13,3,3,,29,,13,2,2,,29
E01001284,1720,401,23.3139534883721,247,14.3604651162791,588,53,124,20,144,63,36,243,18191,6,direct_2011_lsoa_code,1,Ealing 022A,6,6,14,14,10,10,7,7,,,,16,1,1,,
E01001285,1767,376,21.2790039615167,174,9.8471986417657,575,42,129,32,161,49,29,239,11937,4,direct_2011_lsoa_code,1,Ealing 016D,6,6,13,13,8,8,4,4,,,13,13,3,3,,29
E01001286,1669,385,23.0677052127022,192,11.5038945476333,615,69,134,22,156,76,24,256,11665,4,direct_2011_lsoa_code,1,Ealing 016E,6,6,12,12,4,4,13,13,,,10,10,4,4,,28
E01001287,1615,397,24.5820433436533,167,10.3405572755418,502,43,119,21,140,63,21,224,7443,3,direct_2011_lsoa_code,1,Ealing 016F,5,5,15,15,9,9,5,5,,,,15,3,3,,
E01001288,1476,341,23.1029810298103,196,13.2791327913279,535,36,119,23,142,41,26,209,17925,6,direct_2011_lsoa_code,1,Ealing 022B,2,2,5,5,10,10,10,10,,25,3,3,1,1,,24
E01001289,1337,277,20.7180254300673,152,11.3687359760658,479,35,115,22,137,36,18,191,18420,6,direct_2011_lsoa_code,1,Ealing 022C,5,5,7,7,12,12,15,15,,,6,6,4,4,,24
E01001290,2052,407,19.8343079922027,251,12.2319688109162,792,54,163,22,185,63,28,276,21401,7,direct_2011_lsoa_code,1,Ealing 022D,11,11,10,10,9,9,15,18,,24,8,8,8,8,,27
E01001291,1759,375,21.3189312109153,230,13.0756111426947,514,32,108,9,117,24,72,213,14947,5,direct_2011_lsoa_code,1,Ealing 014C,9,9,,16,14,14,12,12,,,8,8,4,4,,
E01001292,1675,296,17.6716417910448,269,16.0597014925373,508,42,78,12,90,21,60,171,20084,7,direct_2011_lsoa_code,1,Ealing 014D,15,15,11,11,9,9,2,2,,,9,9,8,8,,
E01001293,1828,409,22.3741794310722,210,11.4879649890591,569,40,120,5,125,31,64,220,16678,6,direct_2011_lsoa_code,1,Ealing 014E,13,11,,16,,17,13,13,,28,14,12,2,2,,
E01001294,2029,408,20.1084277969443,273,13.4549038935436,572,31,108,10,118,30,95,243,12398,4,direct_2011_lsoa_code,1,Ealing 017A,4,4,11,11,13,13,8,8,,19,,15,1,1,,27
E01001295,1795,324,18.050139275766,252,14.0389972144847,525,37,110,8,118,27,76,221,16799,6,direct_2011_lsoa_code,1,Ealing 017B,10,10,,16,,16,10,10,,23,,19,3,3,,
E01001296,1439,268,18.6240444753301,185,12.8561501042391,419,24,81,5,86,18,53,157,12764,4,direct_2011_lsoa_code,1,Ealing 017C,9,9,,20,,19,12,12,,24,,20,3,3,,
E01001297,1839,378,20.5546492659054,235,12.778684067428,520,46,123,7,130,21,71,222,11800,4,direct_2011_lsoa_code,1,Ealing 017D,13,13,,15,4,4,5,5,,19,,15,4,4,,
E01001298,2109,334,15.8368895211,336,15.9317211948791,584,61,98,6,104,24,111,239,9045,3,direct_2011_lsoa_code,1,Ealing 017E,9,9,13,13,,15,5,5,,18,12,12,3,3,,
E01001299,1754,352,20.0684150513113,331,18.8711516533637,642,73,150,20,170,28,26,224,27061,9,direct_2011_lsoa_code,1,Ealing 035B,11,11,,17,4,4,15,15,,22,13,13,5,5,11,11
E01001300,1616,374,23.1435643564356,196,12.1287128712871,600,59,168,26,194,21,16,231,25967,8,direct_2011_lsoa_code,1,Ealing 039A,5,5,9,9,5,5,13,12,,26,4,4,2,2,7,7
E01001301,1884,299,15.8704883227176,197,10.4564755838641,808,83,109,27,136,57,19,212,14321,5,direct_2011_lsoa_code,1,Ealing 039B,10,10,7,7,8,8,3,3,11,11,3,3,4,4,11,11
E01001302,1599,324,20.2626641651032,203,12.6954346466542,618,61,147,17,164,32,18,214,22524,7,direct_2011_lsoa_code,1,Ealing 039C,12,12,,17,9,9,,18,,27,8,8,7,7,10,10
E01001303,1727,385,22.2929936305733,241,13.9548349739433,649,61,162,15,177,41,10,228,24632,8,direct_2011_lsoa_code,1,Ealing 032A,7,7,8,8,6,6,13,13,,26,8,8,6,6,5,5
E01001304,1657,342,20.6397103198552,172,10.3802051901026,697,75,145,24,169,61,13,243,19885,7,direct_2011_lsoa_code,1,Ealing 039D,8,8,12,12,7,7,8,8,,25,8,8,5,5,15,14
E01001305,1727,366,21.1928199189346,282,16.3288940359004,630,63,177,19,196,24,16,236,27464,9,direct_2011_lsoa_code,1,Ealing 035C,10,10,,18,3,3,4,4,,22,3,3,7,7,,14
E01001306,1638,350,21.3675213675214,224,13.6752136752137,696,98,167,24,191,34,14,239,26685,9,direct_2011_lsoa_code,1,Ealing 035D,2,2,,14,6,6,8,8,,25,8,8,6,6,13,13
E01001307,1883,370,19.6494954859267,246,13.0642591609134,605,54,125,18,143,26,54,223,23210,8,direct_2011_lsoa_code,1,Ealing 002A,4,4,,18,12,12,9,9,,,10,10,7,7,,19
E01001308,1944,277,14.2489711934156,362,18.6213991769547,684,72,98,8,106,17,75,198,22868,7,direct_2011_lsoa_code,1,Ealing 002B,,26,13,13,15,15,11,11,,26,13,13,10,10,13,13
E01001309,1854,355,19.1477885652643,217,11.7044228694714,595,51,145,12,157,31,57,245,18839,6,direct_2011_lsoa_code,1,Ealing 001C,12,12,,24,3,3,,20,,,15,15,5,5,,26
E01001310,2142,396,18.4873949579832,220,10.2707749766573,757,64,135,22,157,55,60,272,15589,5,direct_2011_lsoa_code,1,Ealing 001D,12,12,9,9,10,10,9,9,,,10,10,8,8,,16
E01001311,2519,467,18.5391028185788,216,8.57483128225486,954,55,140,16,156,67,86,309,8519,3,direct_2011_lsoa_code,1,Ealing 001E,,15,12,12,7,7,,20,,28,13,13,10,10,13,13
E01001312,1971,360,18.2648401826484,265,13.4449518011162,606,41,128,17,145,22,64,231,17313,6,direct_2011_lsoa_code,1,Ealing 002C,9,9,6,6,5,5,3,3,,19,9,8,1,1,10,8
E01001313,1727,292,16.9079328314997,272,15.7498552403011,520,43,85,7,92,29,78,199,20272,7,direct_2011_lsoa_code,1,Ealing 002D,14,14,5,5,13,13,8,8,,23,6,6,3,3,11,11
E01001314,1526,291,19.0694626474443,232,15.2031454783748,511,47,98,12,110,31,51,192,23394,8,direct_2011_lsoa_code,1,Ealing 002E,6,6,13,13,11,11,8,8,,26,12,12,8,8,,17
E01001315,1467,277,18.8820722563054,181,12.3381049761418,501,43,102,11,113,32,54,199,15913,5,direct_2011_lsoa_code,1,Ealing 003A,8,8,,15,8,8,10,10,,,13,13,4,4,,16
E01001316,1727,397,22.9878401852924,166,9.61204400694847,616,42,108,16,124,95,39,258,7159,3,direct_2011_lsoa_code,1,Ealing 003B,3,3,12,12,8,8,7,7,,,12,12,0,0,,13
E01001317,2181,513,23.5213204951857,209,9.58276020174232,727,60,150,37,187,71,59,317,9896,4,direct_2011_lsoa_code,1,Ealing 003C,2,2,,17,5,5,,19,,,,15,1,1,15,16
E01001318,1949,424,21.7547460236018,234,12.0061570035916,717,95,117,16,133,85,50,268,5532,2,direct_2011_lsoa_code,1,Ealing 003D,12,12,,14,2,2,14,14,,,,19,0,0,9,9
E01001319,1549,272,17.5597159457715,204,13.1697869593286,503,44,99,9,108,21,55,184,16095,5,direct_2011_lsoa_code,1,Ealing 004B,8,8,,16,9,9,13,13,,,,18,3,3,12,12
E01001320,1618,418,25.8343634116193,134,8.28182941903585,550,39,99,18,117,91,38,246,3831,2,direct_2011_lsoa_code,1,Ealing 003E,10,10,,27,5,5,,,,,,,9,9,,27
E01001321,2266,446,19.6822594880847,367,16.1959399823478,796,82,119,21,140,116,76,332,10147,4,direct_2011_lsoa_code,1,Ealing 003F,,18,9,9,7,7,,21,,,,22,9,9,,16
E01001322,2073,429,20.6946454413893,253,12.2045344910757,735,60,123,21,144,72,54,270,11458,4,direct_2011_lsoa_code,1,Ealing 004C,10,10,,17,10,10,,21,,,,24,0,0,14,14
E01001323,2012,450,22.3658051689861,214,10.6361829025845,772,67,144,13,157,94,50,301,12015,4,direct_2011_lsoa_code,1,Ealing 004D,9,9,2,2,6,6,,13,,,,15,1,1,10,7
E01001324,1666,390,23.4093637454982,158,9.48379351740696,644,45,120,12,132,77,37,246,6468,2,direct_2011_lsoa_code,1,Ealing 008B,,15,14,13,10,10,,19,,,,15,6,6,,15
E01001325,1984,465,23.4375,253,12.7520161290323,618,64,139,16,155,54,64,273,9812,3,direct_2011_lsoa_code,1,Ealing 009A,11,11,,24,,,,22,,,,25,9,9,,
E01001326,1962,531,27.0642201834862,187,9.53109072375127,673,64,115,19,134,107,47,288,6645,3,direct_2011_lsoa_code,1,Ealing 008C,6,6,,17,8,8,,20,,,13,13,8,8,,19
E01001327,1896,377,19.8839662447257,205,10.8122362869198,589,51,122,13,135,46,57,238,7636,3,direct_2011_lsoa_code,1,Ealing 009B,,16,7,7,9,9,10,10,,,6,6,1,1,,17
E01001328,1824,427,23.4100877192983,199,10.9100877192982,593,58,118,15,133,69,55,257,6406,2,direct_2011_lsoa_code,1,Ealing 009C,,17,8,8,5,5,,12,,,6,6,3,3,,16
E01001329,1964,492,25.050916496945,206,10.4887983706721,637,47,134,20,154,82,43,279,11307,4,direct_2011_lsoa_code,1,Ealing 009D,8,8,11,11,,21,3,3,,,10,10,7,7,,24
E01001330,1856,486,26.1853448275862,151,8.13577586206897,646,48,126,18,144,94,52,290,3501,2,direct_2011_lsoa_code,1,Ealing 008D,15,15,8,8,5,5,14,12,,,14,12,2,2,,19
E01001331,1797,505,28.1023928770173,123,6.84474123539232,630,36,123,17,140,117,36,293,5126,2,direct_2011_lsoa_code,1,Ealing 009E,10,10,7,7,,20,9,9,,,8,8,6,6,,21
E01001332,1593,391,24.5448838669178,144,9.03954802259887,580,43,116,14,130,92,33,255,4277,2,direct_2011_lsoa_code,1,Ealing 008E,9,9,14,14,4,4,13,13,,,,16,5,5,,23
E01001333,2466,531,21.5328467153285,303,12.287104622871,714,47,136,10,146,71,113,330,4369,2,direct_2011_lsoa_code,1,Ealing 038A,5,5,13,13,8,8,9,9,,20,,16,3,3,,
E01001334,1665,397,23.8438438438438,196,11.7717717717718,516,69,97,9,106,51,59,216,3919,2,direct_2011_lsoa_code,1,Ealing 029C,6,6,,23,4,4,10,10,,,9,9,2,2,,
E01001335,1799,304,16.8982768204558,325,18.0655919955531,519,47,87,5,92,20,77,189,13665,5,direct_2011_lsoa_code,1,Ealing 038B,4,4,,,7,7,,22,,,,22,9,9,,
E01001336,1841,326,17.7077675176535,278,15.1004888647474,564,39,80,10,90,33,74,197,10825,4,direct_2011_lsoa_code,1,Ealing 038C,8,8,11,11,2,2,10,10,,26,8,8,5,5,,26
E01001337,2121,403,19.000471475719,180,8.48656294200849,765,33,118,27,145,63,48,256,5627,2,direct_2011_lsoa_code,1,Ealing 029D,,,,,2,2,,,,,,,,,,
E01001338,1863,357,19.1626409017713,307,16.4787976382179,533,40,88,9,97,24,93,214,9484,3,direct_2011_lsoa_code,1,Ealing 029E,,21,,15,10,10,13,13,,26,13,13,9,9,,
E01001339,2182,472,21.6315307057745,185,8.47846012832264,700,26,145,13,158,80,64,302,5657,2,direct_2011_lsoa_code,1,Ealing 029F,11,11,,27,3,3,6,6,,,5,5,2,2,,
E01001340,1564,297,18.9897698209719,88,5.62659846547315,548,21,112,10,122,56,25,203,4859,2,direct_2011_lsoa_code,1,Ealing 029G,,20,11,11,2,2,,20,14,14,,17,5,5,,29
E01001341,1794,349,19.453734671126,236,13.1549609810479,588,38,122,18,140,34,48,222,21235,7,direct_2011_lsoa_code,1,Ealing 005A,4,4,13,13,,20,6,6,,,,22,5,5,,21
E01001342,1901,332,17.4644923724356,236,12.4145186743819,643,41,127,13,140,29,54,223,19108,6,direct_2011_lsoa_code,1,Ealing 005B,10,10,15,15,,22,11,11,,,,22,6,6,,23
E01001343,1438,239,16.6203059805285,257,17.8720445062587,478,44,74,13,87,15,48,150,18564,6,direct_2011_lsoa_code,1,Ealing 005C,11,11,,18,9,9,2,2,,,,20,2,2,,14
E01001344,2290,460,20.0873362445415,270,11.7903930131004,900,82,161,25,186,55,50,291,15761,5,direct_2011_lsoa_code,1,Ealing 007A,,21,,15,8,8,,17,,,,12,3,3,4,4
E01001345,1757,324,18.4405236198065,199,11.3261240751281,524,33,101,6,107,29,54,190,16547,6,direct_2011_lsoa_code,1,Ealing 005D,10,10,11,11,,23,15,15,,,,16,4,4,,17
E01001346,1954,412,21.0849539406346,277,14.1760491299898,680,61,160,14,174,35,38,247,22171,7,direct_2011_lsoa_code,1,Ealing 007B,10,10,,24,,19,,28,,,6,6,6,6,,23
E01001347,1969,291,14.7790756729304,227,11.5286947689182,684,42,117,12,129,30,52,211,15517,5,direct_2011_lsoa_code,1,Ealing 007C,8,8,6,6,,25,,29,,,,24,5,5,,22
E01001348,1674,339,20.2508960573477,221,13.2019115890084,667,58,100,18,118,61,35,214,14879,5,direct_2011_lsoa_code,1,Ealing 007D,,24,,16,10,10,,22,,,11,11,1,1,12,12
E01001349,1411,250,17.7179305457123,194,13.7491141034727,490,57,62,11,73,54,43,170,6422,2,direct_2011_lsoa_code,1,Ealing 006E,,16,,17,7,7,,18,,,9,9,8,8,,20
E01001350,1439,216,15.0104239054899,233,16.1917998610146,616,80,102,12,114,23,11,148,17789,6,direct_2011_lsoa_code,1,Ealing 027C,4,4,11,10,7,7,,17,,,,15,1,1,12,12
E01001351,1969,366,18.5881157948197,259,13.1538852209243,832,104,125,21,146,59,26,231,9030,3,direct_2011_lsoa_code,1,Ealing 025E,2,2,3,3,1,1,7,7,,,6,6,1,1,13,13
E01001352,1583,233,14.7188881869867,168,10.612760581175,642,48,106,10,116,26,6,148,18684,6,direct_2011_lsoa_code,1,Ealing 027D,11,11,3,3,7,7,,16,,29,,15,1,1,5,5
E01001353,1414,225,15.9123055162659,159,11.2446958981612,635,75,79,14,93,48,21,162,11787,4,direct_2011_lsoa_code,1,Ealing 033A,7,7,11,11,0,0,14,14,,,8,8,5,5,7,7
E01001354,2057,287,13.9523578026252,318,15.4594069032572,891,58,131,21,152,37,17,206,12592,4,direct_2011_lsoa_code,1,Ealing 027E,7,7,7,7,4,4,,17,,,15,14,3,3,10,9
E01001355,1956,297,15.1840490797546,208,10.6339468302658,891,97,129,20,149,44,12,205,11088,4,direct_2011_lsoa_code,1,Ealing 033B,5,5,9,9,5,5,6,6,,,6,6,1,1,,16
E01001356,1496,379,25.3342245989305,158,10.5614973262032,631,66,96,11,107,81,14,202,2863,1,direct_2011_lsoa_code,1,Ealing 033C,6,6,6,6,5,5,8,8,,,8,8,7,7,12,12
E01001357,2748,527,19.1775836972344,159,5.78602620087336,1140,44,173,50,223,84,35,342,3722,2,direct_2011_lsoa_code,1,Ealing 033D,7,7,10,10,2,2,8,8,,,9,9,2,2,,17
E01001358,1990,409,20.5527638190955,96,4.82412060301508,819,34,145,28,173,67,28,268,2888,1,direct_2011_lsoa_code,1,Ealing 033E,7,7,,17,4,4,,18,,,13,13,3,3,12,12
E01001359,2462,511,20.7554833468725,274,11.1291632818846,622,32,151,6,157,27,125,309,10824,4,direct_2011_lsoa_code,1,Ealing 026A,4,4,0,0,12,12,15,15,10,10,8,8,2,2,,
E01001360,2217,364,16.4185836716283,273,12.3139377537212,552,32,86,2,88,19,118,225,8447,3,direct_2011_lsoa_code,1,Ealing 026B,6,6,6,6,,16,12,12,12,12,5,5,6,6,,
E01001361,2277,495,21.7391304347826,209,9.17874396135266,605,31,132,9,141,38,103,282,6178,2,direct_2011_lsoa_code,1,Ealing 023E,6,6,8,8,4,4,12,12,12,12,6,6,5,5,,
E01001362,2625,616,23.4666666666667,231,8.8,716,28,152,14,166,53,132,351,8413,3,direct_2011_lsoa_code,1,Ealing 026C,4,4,7,7,11,11,4,4,,16,11,11,7,7,,
E01001363,1993,490,24.5860511791269,210,10.5368790767687,526,31,151,5,156,31,85,272,10083,4,direct_2011_lsoa_code,1,Ealing 026D,7,7,3,3,14,14,,15,14,11,11,8,2,2,,
E01001364,1833,372,20.2945990180033,229,12.493180578287,550,77,85,15,100,36,73,209,3672,2,direct_2011_lsoa_code,1,Ealing 026E,13,13,10,10,,22,,21,12,12,10,10,6,6,,
E01001365,2577,504,19.557625145518,320,12.4175397749321,678,40,113,8,121,25,154,300,9026,3,direct_2011_lsoa_code,1,Ealing 026F,4,4,13,13,4,4,13,13,,24,,21,12,12,,
E01001366,2051,478,23.3057045343735,207,10.0926377376889,559,36,144,5,149,42,79,270,8743,3,direct_2011_lsoa_code,1,Ealing 044C,14,14,11,11,,17,12,12,,26,,22,8,8,,
E01001367,2710,641,23.6531365313653,179,6.60516605166052,745,31,204,12,216,57,115,388,7890,3,direct_2011_lsoa_code,1,Ealing 043B,7,7,14,11,7,7,2,2,,18,,14,2,2,,29
E01001368,1763,324,18.3777651730006,224,12.7056154282473,471,27,87,8,95,28,85,208,8520,3,direct_2011_lsoa_code,1,Ealing 044D,11,11,8,8,,13,8,8,,22,,18,5,5,,
E01001369,2066,448,21.6844143272023,227,10.9874152952565,550,33,118,8,126,37,114,277,10823,4,direct_2011_lsoa_code,1,Ealing 038D,7,7,,14,8,8,2,2,,21,,16,0,0,,25
E01001370,2174,454,20.8831646734131,227,10.4415823367065,570,25,106,8,114,25,123,262,10253,4,direct_2011_lsoa_code,1,Ealing 044A,11,11,12,12,,23,,19,,,,29,10,10,,
E01001371,2307,544,23.58040745557,238,10.3164282618119,618,31,149,9,158,46,107,311,9509,3,direct_2011_lsoa_code,1,Ealing 044B,2,2,8,8,7,7,9,9,,23,,19,5,5,,
E01001372,2553,602,23.5801018409714,221,8.65648256952605,695,29,196,14,210,40,108,358,7551,3,direct_2011_lsoa_code,1,Ealing 043C,5,5,,15,8,8,6,6,,22,,18,5,5,,29
E01001373,2079,439,21.1159211159211,168,8.08080808080808,586,30,143,13,156,37,86,279,9995,4,direct_2011_lsoa_code,1,Ealing 043A,9,9,15,14,9,9,7,7,,21,,17,2,2,,
E01001374,1944,331,17.0267489711934,205,10.5452674897119,898,73,140,29,169,30,17,216,23089,8,direct_2011_lsoa_code,1,Ealing 040A,10,10,,16,5,5,7,7,,,7,7,5,5,11,11
E01001375,1696,329,19.3985849056604,257,15.1533018867925,709,69,170,19,189,28,8,225,29992,10,direct_2011_lsoa_code,1,Ealing 034A,6,6,15,15,15,15,10,10,,,10,10,2,2,,14
E01001376,1706,324,18.9917936694021,193,11.3130128956624,735,77,113,25,138,37,28,203,11416,4,direct_2011_lsoa_code,1,Ealing 040B,10,10,,13,10,10,5,5,,,5,5,1,1,,14
E01001377,1640,280,17.0731707317073,292,17.8048780487805,695,99,142,10,152,24,22,198,26779,9,direct_2011_lsoa_code,1,Ealing 034B,3,3,10,10,7,7,13,13,,,6,6,3,3,8,8
E01001379,1737,352,20.2648244099021,213,12.2625215889465,716,81,171,21,192,28,21,241,28867,9,direct_2011_lsoa_code,1,Ealing 034C,11,11,,17,6,6,9,9,,,9,9,6,6,13,13
E01001380,2309,369,15.9809441316587,255,11.0437418796016,1058,108,182,23,205,33,17,255,21610,7,direct_2011_lsoa_code,1,Ealing 040C,14,14,11,11,9,9,15,15,,,10,10,3,3,6,6
E01001381,1880,354,18.8297872340426,179,9.52127659574468,861,66,123,18,141,49,27,217,16099,5,direct_2011_lsoa_code,1,Ealing 034D,8,8,8,8,10,10,11,11,,29,9,9,3,3,,14
E01001382,1479,302,20.4192021636241,246,16.632860040568,564,64,164,20,184,16,10,210,26572,9,direct_2011_lsoa_code,1,Ealing 032B,15,15,13,13,8,8,7,7,,26,8,8,6,6,,14
E01001383,1752,320,18.2648401826484,209,11.9292237442922,646,43,124,22,146,28,29,203,22673,7,direct_2011_lsoa_code,1,Ealing 028D,13,13,7,7,9,9,6,6,,19,7,7,7,7,,17
E01001384,1751,338,19.3032552826956,179,10.2227298686465,700,52,165,21,186,36,18,240,24713,8,direct_2011_lsoa_code,1,Ealing 032C,12,10,11,7,10,8,2,2,,21,1,1,0,0,14,10
E01001385,1678,353,21.0369487485101,212,12.6340882002384,667,76,164,25,189,28,13,230,26344,9,direct_2011_lsoa_code,1,Ealing 032D,10,10,,12,7,7,6,6,,25,7,7,3,3,6,6
E01001386,1799,308,17.1206225680934,238,13.2295719844358,755,67,165,18,183,20,20,223,24623,8,direct_2011_lsoa_code,1,Ealing 031F,9,9,6,6,5,5,15,15,,27,13,13,5,5,11,11
E01001387,1535,196,12.7687296416938,218,14.2019543973941,726,59,86,11,97,25,16,138,17508,6,direct_2011_lsoa_code,1,Ealing 032E,10,10,9,9,9,9,3,3,,22,6,6,6,6,,17
E01001388,1439,265,18.4155663655316,198,13.7595552466991,667,112,82,10,92,66,15,173,5956,2,direct_2011_lsoa_code,1,Ealing 028E,8,8,4,4,4,4,7,7,,20,5,5,2,2,,12
E01001389,1826,310,16.9769989047098,212,11.6100766703176,761,93,118,24,142,56,27,225,13509,5,direct_2011_lsoa_code,1,Ealing 028F,10,10,3,3,8,8,11,11,,16,5,5,3,3,,18
E01001390,1818,297,16.3366336633663,229,12.5962596259626,715,56,114,25,139,36,23,198,23838,8,direct_2011_lsoa_code,1,Enfield 036A,7,7,4,4,11,11,13,13,15,13,9,9,5,5,10,10
E01001391,1782,282,15.8249158249158,182,10.2132435465769,734,43,86,28,114,62,32,208,10400,4,direct_2011_lsoa_code,1,Enfield 036B,10,10,8,8,6,6,,17,,22,6,6,6,6,,17
E01001392,1866,329,17.6312968917471,290,15.5412647374062,666,76,117,21,138,34,40,212,23651,8,direct_2011_lsoa_code,1,Enfield 032A,11,11,12,12,5,5,14,14,14,14,14,11,4,4,14,11
E01001393,1969,355,18.0294565769426,213,10.8176739461656,816,55,113,37,150,56,29,235,15156,5,direct_2011_lsoa_code,1,Enfield 036C,13,13,9,9,7,7,,18,,17,12,12,4,4,12,12
E01001394,1994,318,15.9478435305918,274,13.741223671013,671,74,93,15,108,43,46,197,9612,3,direct_2011_lsoa_code,1,Enfield 035A,5,5,4,4,8,8,,14,,19,2,2,2,2,,14
E01001395,1629,300,18.4162062615101,192,11.7863720073665,598,51,86,15,101,76,40,217,5795,2,direct_2011_lsoa_code,1,Enfield 035B,,16,,19,2,2,,23,,,,19,7,7,,25
E01001396,1461,218,14.92128678987,244,16.7008898015058,523,51,73,12,85,36,36,157,15197,5,direct_2011_lsoa_code,1,Enfield 036D,6,6,4,4,11,11,,15,,20,5,5,3,3,,14
E01001397,2163,494,22.838650023116,207,9.57004160887656,770,48,134,23,157,93,72,322,10992,4,direct_2011_lsoa_code,1,Enfield 035C,8,8,,17,3,3,,18,,26,,17,4,4,,25
E01001398,1341,273,20.3579418344519,248,18.4936614466816,496,51,109,20,129,31,14,174,25510,8,direct_2011_lsoa_code,1,Enfield 021A,5,5,,19,12,12,10,10,,,7,7,0,0,,
E01001399,1482,269,18.1511470985155,281,18.9608636977058,500,60,82,10,92,16,45,153,23079,8,direct_2011_lsoa_code,1,Enfield 021B,5,5,,22,4,4,,15,,,12,12,1,1,,
E01001400,1562,241,15.4289372599232,453,29.0012804097311,576,87,94,11,105,28,19,152,24050,8,direct_2011_lsoa_code,1,Enfield 021C,7,7,,22,11,11,,17,,,10,10,7,7,,
E01001401,1389,292,21.0223182145428,221,15.9107271418287,500,59,115,18,133,39,20,192,21705,7,direct_2011_lsoa_code,1,Enfield 016A,15,15,,19,7,7,5,5,,,10,10,4,4,,
E01001402,1850,294,15.8918918918919,354,19.1351351351351,699,92,124,9,133,30,34,197,25812,8,direct_2011_lsoa_code,1,Enfield 021D,13,13,10,10,12,11,12,12,,22,12,12,5,5,,
E01001403,1704,322,18.8967136150235,359,21.0680751173709,644,129,88,17,105,41,43,189,18070,6,direct_2011_lsoa_code,1,Enfield 021E,12,12,,19,,14,,22,,,15,15,5,5,,
E01001404,1479,302,20.4192021636241,256,17.3089925625423,514,52,110,13,123,33,35,191,15105,5,direct_2011_lsoa_code,1,Enfield 026A,13,13,,24,,20,,19,,20,,19,7,7,,
E01001405,1804,262,14.5232815964523,558,30.9312638580931,829,183,93,25,118,37,21,176,22069,7,direct_2011_lsoa_code,1,Enfield 015A,13,13,15,19,9,9,13,13,,,7,7,3,3,,
E01001406,1659,347,20.9162145871007,199,11.9951778179626,654,43,106,17,123,72,39,234,11086,4,direct_2011_lsoa_code,1,Enfield 015B,9,9,,18,9,9,3,3,,,8,8,2,2,,
E01001407,1593,342,21.4689265536723,219,13.7476459510358,596,63,123,32,155,53,20,228,15675,5,direct_2011_lsoa_code,1,Enfield 005A,10,10,,27,4,4,,24,,28,,27,11,11,,
E01001408,1675,387,23.1044776119403,220,13.134328358209,711,73,127,37,164,69,14,247,17296,6,direct_2011_lsoa_code,1,Enfield 004A,5,5,,20,7,7,15,14,9,9,15,15,5,5,,
E01001409,2034,506,24.8770894788594,212,10.4228121927237,784,84,109,27,136,127,43,306,5926,2,direct_2011_lsoa_code,1,Enfield 005B,11,11,,18,7,7,,18,,22,,18,3,3,,
E01001410,2186,562,25.7090576395242,202,9.24062214089662,815,48,138,39,177,164,30,371,2967,1,direct_2011_lsoa_code,1,Enfield 005C,8,8,,21,5,5,,24,,29,,18,6,6,,
E01001411,1905,464,24.3569553805774,280,14.6981627296588,741,87,171,44,215,67,23,305,20608,7,direct_2011_lsoa_code,1,Enfield 004B,4,4,,16,7,7,7,7,11,11,,12,1,1,,
E01001412,1756,335,19.0774487471526,312,17.7676537585421,660,80,79,27,106,75,32,213,8853,3,direct_2011_lsoa_code,1,Enfield 004C,14,14,,,,,,,,,,,4,4,,
E01001413,1638,318,19.4139194139194,375,22.8937728937729,611,91,138,28,166,20,15,201,27340,9,direct_2011_lsoa_code,1,Enfield 004D,12,12,,26,7,7,,20,,15,,21,7,7,,
E01001414,1669,395,23.6668663870581,270,16.1773517076093,692,122,87,24,111,108,24,243,3518,2,direct_2011_lsoa_code,1,Enfield 004E,,19,,,15,15,,25,,23,,22,10,10,,
E01001415,2052,417,20.3216374269006,402,19.5906432748538,871,156,160,17,177,65,25,267,18476,6,direct_2011_lsoa_code,1,Enfield 011A,13,13,,15,,16,,20,,22,11,11,4,4,6,6
E01001416,1725,323,18.7246376811594,349,20.231884057971,592,73,150,11,161,11,31,203,27463,9,direct_2011_lsoa_code,1,Enfield 013A,14,14,12,12,11,11,,21,,,12,12,1,1,14,14
E01001417,1888,333,17.6377118644068,455,24.0995762711864,664,64,156,13,169,15,32,216,26756,9,direct_2011_lsoa_code,1,Enfield 011B,,27,,,,27,,26,,,,24,4,4,,20
E01001418,1739,313,17.9988499137435,381,21.9091431857389,722,137,127,15,142,61,24,227,13494,5,direct_2011_lsoa_code,1,Enfield 011C,,,,,,,,,,,,,,,,
E01001419,1971,375,19.0258751902588,369,18.7214611872146,769,97,137,22,159,62,40,261,18716,6,direct_2011_lsoa_code,1,Enfield 020A,15,15,4,4,,17,,20,,18,4,4,2,2,3,3
E01001420,1783,368,20.6393718452047,278,15.5916993830623,634,77,108,19,127,63,48,238,9953,4,direct_2011_lsoa_code,1,Enfield 020B,5,5,,21,,26,9,9,,,14,14,7,7,,21
E01001421,1676,360,21.4797136038186,342,20.4057279236277,626,109,126,20,146,45,31,222,9728,3,direct_2011_lsoa_code,1,Enfield 020C,12,12,,18,,24,,22,,29,,17,2,2,,18
E01001422,1676,277,16.527446300716,430,25.6563245823389,615,83,124,13,137,13,32,182,27233,9,direct_2011_lsoa_code,1,Enfield 011D,,,,,6,6,,,,,,,2,2,,
E01001423,1729,387,22.3828802776171,245,14.17004048583,623,87,103,31,134,68,38,240,7161,3,direct_2011_lsoa_code,1,Enfield 027A,8,8,11,11,10,10,,23,,29,7,7,1,1,,
E01001424,1224,302,24.6732026143791,99,8.08823529411765,476,34,54,23,77,93,23,193,2918,1,direct_2011_lsoa_code,1,Enfield 030A,6,6,5,5,5,5,,20,,24,3,3,5,5,,
E01001425,2022,562,27.7942631058358,149,7.36894164193867,739,56,112,26,138,127,51,316,2455,1,direct_2011_lsoa_code,1,Enfield 027B,12,12,12,12,6,6,,21,,24,8,8,3,3,,
E01001426,1824,432,23.6842105263158,163,8.93640350877193,621,49,90,19,109,101,45,255,3965,2,direct_2011_lsoa_code,1,Enfield 030B,10,10,9,9,4,4,,26,,28,9,9,6,6,,
E01001427,1745,422,24.1833810888252,177,10.1432664756447,644,64,80,9,89,106,51,246,3582,2,direct_2011_lsoa_code,1,Enfield 030C,,29,,22,,28,,26,,,,27,11,11,,
E01001428,1722,390,22.6480836236934,168,9.75609756097561,569,47,92,24,116,72,51,239,4845,2,direct_2011_lsoa_code,1,Enfield 027C,11,11,7,7,10,10,,24,,27,3,3,6,6,,
E01001429,2328,545,23.4106529209622,308,13.2302405498282,1014,146,128,32,160,164,26,350,2781,1,direct_2011_lsoa_code,1,Enfield 030D,8,8,4,4,4,4,,20,,24,3,3,3,3,,
E01001430,2016,590,29.265873015873,132,6.54761904761905,650,45,115,29,144,120,41,305,3702,2,direct_2011_lsoa_code,1,Enfield 030E,8,8,6,6,11,9,,19,,23,10,10,4,4,,
E01001431,1786,459,25.6998880179171,136,7.61478163493841,651,36,103,18,121,109,42,272,3388,2,direct_2011_lsoa_code,1,Enfield 033A,11,11,15,15,5,5,,27,,26,,20,2,2,,
E01001432,1869,394,21.0807918673087,240,12.8410914927769,730,131,79,16,95,84,62,241,4375,2,direct_2011_lsoa_code,1,Enfield 033B,10,10,9,9,7,7,,17,,21,12,11,4,4,,27
E01001433,1820,469,25.7692307692308,154,8.46153846153846,578,38,108,31,139,110,33,282,5499,2,direct_2011_lsoa_code,1,Enfield 007A,10,10,,18,12,12,,14,,,,13,0,0,,
E01001434,1590,386,24.2767295597484,172,10.8176100628931,541,48,94,11,105,90,41,236,8928,3,direct_2011_lsoa_code,1,Enfield 007B,6,6,,21,,17,,18,,,,17,9,9,,
E01001435,1518,334,22.0026350461133,201,13.2411067193676,485,40,82,11,93,71,31,195,10023,4,direct_2011_lsoa_code,1,Enfield 007C,9,9,14,13,14,14,12,12,,,12,12,7,7,,
E01001436,1934,458,23.6814891416753,249,12.8748707342296,649,50,109,16,125,118,43,286,8730,3,direct_2011_lsoa_code,1,Enfield 007D,13,13,10,10,13,13,,17,,,12,12,8,8,,
E01001437,2273,585,25.7369115706115,233,10.2507699076111,897,83,118,29,147,198,46,391,4642,2,direct_2011_lsoa_code,1,Enfield 014A,,,,,,,,,,,,,,,,
E01001438,1674,392,23.4169653524492,176,10.5137395459976,550,24,92,10,102,96,27,225,5904,2,direct_2011_lsoa_code,1,Enfield 007E,11,11,,19,14,14,,22,,,,21,4,4,,
E01001439,2128,575,27.0206766917293,174,8.17669172932331,771,52,107,25,132,186,52,370,5806,2,direct_2011_lsoa_code,1,Enfield 006A,8,7,5,5,13,13,11,9,,,6,6,2,2,,
E01001440,1675,403,24.0597014925373,220,13.134328358209,572,72,102,12,114,74,41,229,7766,3,direct_2011_lsoa_code,1,Enfield 012A,6,6,3,3,10,10,14,10,,,5,5,1,1,,
E01001441,1643,426,25.9281801582471,140,8.52099817407182,623,40,103,11,114,122,25,261,5182,2,direct_2011_lsoa_code,1,Enfield 006B,2,2,12,12,12,12,12,12,,,11,11,1,1,,
E01001442,1732,445,25.6928406466513,176,10.161662817552,635,60,85,16,101,138,30,269,3165,1,direct_2011_lsoa_code,1,Enfield 002A,13,13,9,9,14,14,,17,,,7,7,4,4,,
E01001444,1907,514,26.953329837441,217,11.3791295228107,651,57,91,21,112,129,52,293,12215,4,direct_2011_lsoa_code,1,Enfield 001A,,17,9,9,5,5,,21,,,,16,6,6,,
E01001445,2799,765,27.3311897106109,165,5.89496248660236,1146,50,164,58,222,227,46,495,8094,3,direct_2011_lsoa_code,1,Enfield 003B,7,7,,25,7,7,,22,,,,22,2,2,,
E01001446,1860,416,22.3655913978495,228,12.258064516129,709,62,82,37,119,106,43,268,9085,3,direct_2011_lsoa_code,1,Enfield 001B,5,5,9,9,14,11,,15,,,8,8,3,3,,
E01001447,1991,478,24.0080361627323,247,12.4058262179809,741,89,93,20,113,131,43,287,3524,2,direct_2011_lsoa_code,1,Enfield 003C,8,8,13,13,13,13,,20,,,,16,5,5,,
E01001448,1981,536,27.0570418980313,170,8.58152448258455,671,53,97,31,128,118,50,296,7950,3,direct_2011_lsoa_code,1,Enfield 003D,7,7,12,12,11,11,,19,,,10,10,2,2,,
E01001449,1644,390,23.7226277372263,182,11.0705596107056,542,42,102,20,122,77,38,237,8289,3,direct_2011_lsoa_code,1,Enfield 003E,8,8,,19,10,10,,15,,,,15,0,0,,
E01001450,2378,464,19.5121951219512,340,14.2977291841884,1112,156,125,28,153,162,29,344,13223,5,direct_2011_lsoa_code,1,Enfield 015C,8,8,3,3,9,8,3,3,,22,9,9,1,1,,22
E01001451,1665,259,15.5555555555556,366,21.981981981982,694,92,114,21,135,33,21,189,17172,6,direct_2011_lsoa_code,1,Enfield 017A,,16,6,6,10,10,12,12,,,,15,6,6,,
E01001452,1373,249,18.135469774217,300,21.849963583394,484,40,104,21,125,18,21,164,22909,7,direct_2011_lsoa_code,1,Enfield 017B,,24,14,14,14,14,,24,,,,22,13,13,,
E01001453,1659,328,19.7709463532248,407,24.5328511151296,647,88,140,15,155,25,16,196,29230,9,direct_2011_lsoa_code,1,Enfield 017C,14,14,12,12,14,14,12,12,,,12,12,2,2,,24
E01001454,1700,338,19.8823529411765,397,23.3529411764706,667,118,148,17,165,37,19,221,25609,8,direct_2011_lsoa_code,1,Enfield 017D,6,6,,13,14,14,,13,,27,,14,1,1,,28
E01001455,1456,269,18.4752747252747,289,19.8489010989011,564,62,98,16,114,33,23,170,23129,8,direct_2011_lsoa_code,1,Enfield 021F,15,15,,15,5,5,,15,,27,6,6,5,5,,
E01001456,1396,272,19.4842406876791,260,18.6246418338109,492,46,136,10,146,14,13,173,29825,10,direct_2011_lsoa_code,1,Enfield 022A,6,6,12,12,,16,15,14,,27,,17,1,1,,25
E01001457,1811,345,19.0502484815019,382,21.0933186085036,843,128,149,24,173,49,13,235,20056,7,direct_2011_lsoa_code,1,Enfield 010A,,15,7,7,12,12,,20,,21,,16,6,6,,19
E01001458,1787,443,24.7901510912143,182,10.1846670397314,642,63,86,30,116,95,46,257,4196,2,direct_2011_lsoa_code,1,Enfield 037A,6,6,,13,5,5,9,9,14,14,8,8,1,1,,25
E01001459,1719,372,21.6404886561955,262,15.2414194299011,556,48,107,9,116,49,52,217,11498,4,direct_2011_lsoa_code,1,Enfield 024A,8,8,,22,11,11,,21,,,,22,4,4,,
E01001460,2112,595,28.1723484848485,133,6.29734848484848,672,36,84,37,121,100,79,300,4797,2,direct_2011_lsoa_code,1,Enfield 024B,6,6,10,10,10,10,,23,,,10,10,4,4,,
E01001461,1575,314,19.9365079365079,206,13.0793650793651,629,75,71,12,83,90,35,208,4246,2,direct_2011_lsoa_code,1,Enfield 027D,4,4,,11,,11,,19,,29,,12,0,0,,
E01001462,1458,297,20.3703703703704,146,10.0137174211248,530,36,68,12,80,78,32,190,5863,2,direct_2011_lsoa_code,1,Enfield 024C,8,8,14,14,11,11,,26,,,15,15,6,6,,
E01001463,1561,297,19.026265214606,211,13.5169762972454,515,40,85,17,102,48,39,189,12284,4,direct_2011_lsoa_code,1,Enfield 031A,14,14,,21,,18,,11,,29,,12,4,4,,
E01001464,1317,247,18.7547456340167,164,12.452543659833,420,43,60,10,70,36,41,147,4782,2,direct_2011_lsoa_code,1,Enfield 027E,4,4,,21,14,13,,17,,22,13,13,1,1,,
E01001465,1562,298,19.078104993598,233,14.9167733674776,504,49,86,16,102,46,28,176,11104,4,direct_2011_lsoa_code,1,Enfield 031B,10,10,,20,14,14,8,8,,23,8,8,6,6,,
E01001466,1997,597,29.8948422633951,204,10.2153229844767,624,44,104,26,130,96,67,293,8860,3,direct_2011_lsoa_code,1,Enfield 031C,11,11,,16,4,4,,17,,21,,17,6,6,,
E01001467,1998,527,26.3763763763764,160,8.00800800800801,666,42,150,14,164,136,50,350,9903,4,direct_2011_lsoa_code,1,Enfield 031D,12,12,,17,6,6,15,13,,16,13,13,4,4,,28
E01001468,1416,289,20.409604519774,287,20.2683615819209,579,98,120,26,146,32,15,193,8107,3,direct_2011_lsoa_code,1,Enfield 010B,6,6,,23,7,7,,22,3,3,3,3,5,5,,
E01001469,1767,367,20.7696661007357,252,14.2614601018676,673,68,119,30,149,61,33,243,11863,4,direct_2011_lsoa_code,1,Enfield 008A,12,11,,16,13,13,13,12,15,15,12,12,2,2,,
E01001470,1650,303,18.3636363636364,357,21.6363636363636,650,100,125,21,146,36,22,204,23825,8,direct_2011_lsoa_code,1,Enfield 013B,,26,,24,,24,,,,29,,24,13,13,,23
E01001471,1908,333,17.4528301886792,388,20.335429769392,970,167,102,25,127,100,19,246,16683,6,direct_2011_lsoa_code,1,Enfield 010C,,22,,20,,20,,27,2,2,,23,7,7,,24
E01001472,1654,311,18.8029020556227,312,18.863361547763,757,108,110,18,128,66,17,211,20183,7,direct_2011_lsoa_code,1,Enfield 010D,12,12,10,10,8,8,11,11,13,13,11,11,7,7,,24
E01001473,1594,339,21.267252195734,274,17.189460476788,545,72,109,15,124,38,33,195,17974,6,direct_2011_lsoa_code,1,Enfield 013C,1,1,10,10,11,11,9,9,,,9,9,5,5,,19
E01001474,1897,335,17.6594623089088,441,23.2472324723247,861,125,129,26,155,54,21,230,20983,7,direct_2011_lsoa_code,1,Enfield 010E,,13,10,10,14,11,,17,13,13,,13,2,2,,14
E01001475,1801,337,18.7118267629095,385,21.377012770683,638,70,162,17,179,29,23,231,27973,9,direct_2011_lsoa_code,1,Enfield 013D,,24,11,11,,22,,27,,27,11,11,5,5,15,14
E01001476,1749,399,22.8130360205832,242,13.8364779874214,612,61,111,22,133,91,34,258,9017,3,direct_2011_lsoa_code,1,Enfield 018A,12,12,8,8,15,12,2,2,,,0,0,2,2,,
E01001477,1976,475,24.0384615384615,231,11.6902834008097,612,56,103,16,119,88,62,269,5893,2,direct_2011_lsoa_code,1,Enfield 018B,,,,,13,13,,27,,,,,14,14,,
E01001478,1657,335,20.2172601086301,235,14.1822570911285,571,60,79,23,102,66,46,214,10250,4,direct_2011_lsoa_code,1,Enfield 016B,8,8,12,12,9,9,,22,,,12,12,3,3,,
E01001479,1790,433,24.1899441340782,234,13.072625698324,641,64,88,30,118,87,40,245,6554,2,direct_2011_lsoa_code,1,Enfield 023A,4,4,9,9,4,4,,17,,,6,6,5,5,,
E01001480,1588,350,22.0403022670025,235,14.7984886649874,577,53,95,13,108,66,44,218,7739,3,direct_2011_lsoa_code,1,Enfield 024D,12,12,,24,7,7,,20,,,,22,5,5,,
E01001481,1796,395,21.9933184855234,261,14.532293986637,559,52,94,20,114,69,45,228,9869,4,direct_2011_lsoa_code,1,Enfield 018C,5,5,,17,12,12,13,13,,,14,14,3,3,,
E01001482,1924,483,25.1039501039501,226,11.7463617463617,657,64,115,29,144,98,43,285,4720,2,direct_2011_lsoa_code,1,Enfield 023B,5,5,5,5,10,10,15,16,,,7,7,5,5,,
E01001483,1186,289,24.3676222596965,114,9.61214165261383,532,41,40,14,54,121,15,190,1643,1,direct_2011_lsoa_code,1,Enfield 025A,,,,,,,,,,,,,,,,
E01001484,1416,338,23.8700564971751,192,13.5593220338983,502,57,92,16,108,65,33,206,11064,4,direct_2011_lsoa_code,1,Enfield 016C,12,12,,21,,24,,20,,,,20,7,7,,
E01001485,1858,447,24.0581270182993,212,11.4101184068891,663,90,99,16,115,93,43,251,5172,2,direct_2011_lsoa_code,1,Enfield 025B,6,6,10,10,10,10,,19,,27,4,4,3,3,,
E01001486,2147,495,23.0554261760596,236,10.9920819748486,806,86,90,29,119,143,46,308,3856,2,direct_2011_lsoa_code,1,Enfield 025C,13,13,,15,9,9,,26,,,14,14,3,3,,
E01001487,1940,493,25.4123711340206,210,10.8247422680412,668,76,104,21,125,112,47,284,5869,2,direct_2011_lsoa_code,1,Enfield 023C,6,6,12,9,7,7,,16,,28,8,8,3,3,,
E01001488,1979,499,25.2147549267307,213,10.7630116220313,665,65,87,34,121,105,56,282,7798,3,direct_2011_lsoa_code,1,Enfield 024E,10,10,12,12,13,13,,22,,,13,13,5,5,,
E01001489,1890,489,25.8730158730159,193,10.2116402116402,655,70,116,25,141,101,51,293,7594,3,direct_2011_lsoa_code,1,Enfield 023D,5,5,,14,,16,,18,,,15,13,3,3,,
E01001491,1948,452,23.2032854209446,204,10.4722792607803,687,56,105,20,125,105,40,270,6746,3,direct_2011_lsoa_code,1,Enfield 023E,5,5,11,11,12,12,,19,,28,9,9,4,4,,
E01001492,2039,449,22.0205983325159,230,11.2800392349191,666,58,108,9,117,100,50,267,7065,3,direct_2011_lsoa_code,1,Enfield 025E,6,6,,15,13,13,,19,,,10,10,3,3,,
E01001493,1910,342,17.9057591623037,302,15.8115183246073,731,85,89,24,113,61,57,231,8384,3,direct_2011_lsoa_code,1,Enfield 026B,,17,15,15,9,9,,17,11,11,,16,7,7,,
E01001494,1477,273,18.4834123222749,299,20.2437373053487,501,52,102,22,124,22,32,178,18473,6,direct_2011_lsoa_code,1,Enfield 026C,13,13,,14,11,11,14,14,10,10,13,13,4,4,,27
E01001495,1841,321,17.4361759913091,224,12.1673003802281,724,50,122,21,143,46,44,233,21557,7,direct_2011_lsoa_code,1,Enfield 029A,8,8,7,7,,17,3,3,,21,3,3,4,4,,20
E01001496,1900,329,17.3157894736842,352,18.5263157894737,638,71,110,25,135,26,45,206,19665,6,direct_2011_lsoa_code,1,Enfield 026D,12,12,12,10,,17,14,13,15,15,14,13,3,3,,23
E01001497,1457,313,21.4824982841455,228,15.6485929993137,508,69,98,14,112,40,42,194,11718,4,direct_2011_lsoa_code,1,Enfield 031E,12,12,,17,6,6,13,13,15,15,13,13,6,6,,
E01001498,1836,332,18.082788671024,193,10.5119825708061,695,55,120,45,165,38,34,237,16629,6,direct_2011_lsoa_code,1,Enfield 029B,6,6,13,13,,16,7,7,,25,4,4,4,4,,19
E01001499,1539,260,16.8940870695257,276,17.9337231968811,539,56,88,4,92,27,36,155,11372,4,direct_2011_lsoa_code,1,Enfield 031F,15,15,,14,8,8,9,9,,22,9,9,4,4,,25
E01001500,1591,329,20.678818353237,238,14.9591451917033,550,58,84,15,99,37,60,196,14503,5,direct_2011_lsoa_code,1,Enfield 035D,8,8,13,13,7,7,,14,,23,14,13,4,4,,21
E01001501,2220,438,19.7297297297297,249,11.2162162162162,920,94,134,41,175,84,38,297,9993,4,direct_2011_lsoa_code,1,Enfield 036E,5,5,5,5,8,8,9,9,,23,7,7,2,2,,19
E01001502,1952,444,22.7459016393443,223,11.4241803278689,657,59,105,19,124,100,41,265,7448,3,direct_2011_lsoa_code,1,Enfield 018D,4,4,4,4,13,13,9,9,,,11,11,5,5,,
E01001503,1886,463,24.5493107104984,262,13.8918345705196,644,71,107,16,123,101,41,265,8948,3,direct_2011_lsoa_code,1,Enfield 018E,11,11,9,9,13,13,10,10,,,11,11,5,5,,
E01001504,2139,559,26.1337073398785,211,9.86442262739598,560,34,119,8,127,76,77,280,7894,3,direct_2011_lsoa_code,1,Enfield 012B,6,6,15,15,11,11,14,14,,,,17,4,4,,
E01001505,1957,445,22.7388860500767,165,8.4312723556464,597,29,94,15,109,89,74,272,6432,2,direct_2011_lsoa_code,1,Enfield 012C,4,4,5,5,11,11,4,4,,,7,7,0,0,,
E01001507,2585,694,26.8471953578337,207,8.00773694390716,810,75,155,19,174,121,40,335,4121,2,direct_2011_lsoa_code,1,Enfield 012D,8,8,4,4,8,8,5,5,,,4,4,4,4,,
E01001508,2441,696,28.5129045473167,171,7.00532568619418,786,45,159,25,184,129,55,368,7139,3,direct_2011_lsoa_code,1,Enfield 012E,1,1,6,6,10,10,8,8,,,6,6,5,5,,
E01001509,1773,494,27.8623801466441,169,9.53186689227298,645,51,101,17,118,138,43,299,6129,2,direct_2011_lsoa_code,1,Enfield 014C,7,7,11,11,9,9,10,10,,,12,12,4,4,,
E01001511,1925,524,27.2207792207792,210,10.9090909090909,670,69,127,29,156,87,48,291,12867,4,direct_2011_lsoa_code,1,Enfield 016D,11,11,14,14,,19,,19,,,,24,6,6,,
E01001512,2274,493,21.6798592788039,244,10.7299912049252,993,82,172,37,209,107,25,341,15781,5,direct_2011_lsoa_code,1,Enfield 015D,12,12,8,8,9,9,14,14,,27,11,10,3,3,,27
E01001513,1982,494,24.9243188698285,179,9.03128153380424,723,68,101,28,129,158,43,330,6497,2,direct_2011_lsoa_code,1,Enfield 012F,,16,3,3,,19,,19,,,3,3,1,1,,
E01001514,1765,402,22.7762039660057,172,9.74504249291785,670,47,122,26,148,98,36,282,12968,4,direct_2011_lsoa_code,1,Enfield 016E,7,7,,15,9,9,8,8,,,11,11,2,2,,
E01001515,2046,551,26.930596285435,138,6.74486803519062,748,36,104,29,133,132,56,321,5175,2,direct_2011_lsoa_code,1,Enfield 015E,2,2,10,10,11,11,7,7,,,15,15,4,4,,
E01001516,2123,486,22.8921337729628,215,10.1271785209609,670,54,119,23,142,89,69,300,8539,3,direct_2011_lsoa_code,1,Enfield 005D,2,2,14,14,11,11,,16,,24,15,14,2,2,,
E01001517,2045,534,26.1124694376528,222,10.8557457212714,686,52,99,21,120,139,44,303,2365,1,direct_2011_lsoa_code,1,Enfield 006C,8,8,7,7,6,6,13,12,,,9,9,2,2,,
E01001518,1689,335,19.8342214328005,240,14.2095914742451,661,63,115,11,126,71,30,227,12462,4,direct_2011_lsoa_code,1,Enfield 016F,5,5,10,10,7,7,,19,,28,,12,5,5,,27
E01001520,1857,380,20.463112547119,293,15.7781367797523,697,71,110,15,125,59,64,248,16603,6,direct_2011_lsoa_code,1,Enfield 019A,12,12,7,7,11,11,,23,,21,13,13,6,6,9,9
E01001521,1876,379,20.2025586353945,311,16.5778251599147,684,58,183,23,206,40,24,270,25863,8,direct_2011_lsoa_code,1,Enfield 028A,10,10,9,9,12,12,,17,,20,14,14,4,4,9,9
E01001522,1818,436,23.982398239824,215,11.8261826182618,746,60,159,31,190,106,21,317,19881,7,direct_2011_lsoa_code,1,Enfield 019B,10,10,7,7,,24,5,5,,,6,6,1,1,,19
E01001523,1846,417,22.5893824485374,338,18.3098591549296,725,129,162,18,180,52,33,265,26051,8,direct_2011_lsoa_code,1,Enfield 019C,15,15,,21,2,2,,,,,,21,11,11,,18
E01001524,1561,291,18.6418962203716,224,14.3497757847534,551,46,106,12,118,41,30,189,13445,5,direct_2011_lsoa_code,1,Enfield 019D,2,2,15,15,,27,,27,,27,,18,4,4,15,17
E01001525,1964,379,19.2973523421589,319,16.2423625254583,760,98,154,29,183,63,34,280,17196,6,direct_2011_lsoa_code,1,Enfield 020E,9,9,13,13,,25,,23,,26,13,13,4,4,,16
E01001526,1605,273,17.0093457943925,348,21.6822429906542,636,105,121,19,140,36,25,201,24301,8,direct_2011_lsoa_code,1,Enfield 019E,14,14,13,13,13,13,,21,,27,,19,4,4,,17
E01001527,2053,394,19.191427179737,364,17.7301509985387,784,95,127,22,149,52,64,265,18129,6,direct_2011_lsoa_code,1,Enfield 036F,12,12,11,11,4,4,8,8,,21,8,8,5,5,,19
E01001528,1690,372,22.0118343195266,145,8.57988165680473,678,36,85,20,105,105,32,242,5918,2,direct_2011_lsoa_code,1,Enfield 032B,3,3,6,6,2,2,,18,13,13,11,11,3,3,11,11
E01001529,1788,327,18.2885906040268,130,7.27069351230425,654,43,86,17,103,65,59,227,6993,3,direct_2011_lsoa_code,1,Enfield 032C,8,8,4,4,0,0,,18,,15,5,5,5,5,13,11
E01001530,1726,375,21.7265353418308,190,11.0081112398609,617,40,111,23,134,76,36,246,13931,5,direct_2011_lsoa_code,1,Enfield 032D,7,7,11,11,9,9,,18,8,8,,14,6,6,8,8
E01001531,1435,272,18.9547038327526,285,19.8606271777004,530,51,114,14,128,21,23,172,26522,9,direct_2011_lsoa_code,1,Enfield 028B,10,10,7,7,11,11,,14,,20,,13,5,5,,12
E01001532,1663,277,16.65664461816,335,20.1443174984967,663,86,137,17,154,19,25,198,26409,9,direct_2011_lsoa_code,1,Enfield 028C,5,5,3,3,11,11,,12,,20,,11,2,2,,11
E01001533,1665,321,19.2792792792793,414,24.8648648648649,542,66,121,8,129,10,39,178,28218,9,direct_2011_lsoa_code,1,Enfield 028D,11,11,11,11,10,10,,15,,24,,14,8,8,15,17
E01001534,1690,308,18.2248520710059,311,18.4023668639053,603,51,106,21,127,29,42,198,23107,8,direct_2011_lsoa_code,1,Enfield 032E,13,13,12,12,7,7,,22,13,13,15,15,5,5,11,11
E01001535,1406,240,17.0697012802276,329,23.3997155049787,500,58,93,17,110,14,33,157,19585,6,direct_2011_lsoa_code,1,Enfield 028E,9,9,12,12,9,9,,19,10,10,,18,5,5,12,12
E01001536,1971,365,18.5185185185185,320,16.2354134956875,851,114,131,29,160,81,18,259,15451,5,direct_2011_lsoa_code,1,Enfield 008B,1,1,9,9,6,6,7,7,14,14,6,6,5,5,,23
E01001537,1714,381,22.2287047841307,268,15.6359393232205,687,72,103,45,148,94,26,268,22687,7,direct_2011_lsoa_code,1,Enfield 005E,13,13,,18,12,12,13,13,,20,,18,4,4,,
E01001538,1675,310,18.5074626865672,324,19.3432835820896,599,58,129,23,152,28,27,207,23188,8,direct_2011_lsoa_code,1,Enfield 009A,11,11,,15,9,9,10,10,,24,,15,3,3,,
E01001539,1656,330,19.9275362318841,287,17.3309178743961,642,78,142,28,170,37,18,225,18732,6,direct_2011_lsoa_code,1,Enfield 009B,4,4,,17,2,2,4,4,,16,,17,4,4,,
E01001540,1903,390,20.4939569101419,280,14.7136100893326,798,90,142,26,168,69,35,272,19677,6,direct_2011_lsoa_code,1,Enfield 008C,12,12,,21,5,5,9,9,8,8,9,9,5,5,,
E01001541,1532,346,22.5848563968668,218,14.2297650130548,647,80,133,36,169,51,10,230,24871,8,direct_2011_lsoa_code,1,Enfield 008D,10,10,,17,5,5,7,7,8,8,7,7,4,4,,
E01001542,1567,356,22.7185705169113,235,14.9968091895341,658,95,98,24,122,92,17,231,15570,5,direct_2011_lsoa_code,1,Enfield 008E,5,5,15,14,5,5,10,10,,19,11,11,3,3,,
E01001543,1617,311,19.2331478045764,295,18.243661100804,578,58,119,14,133,37,35,205,24981,8,direct_2011_lsoa_code,1,Enfield 009C,13,13,11,11,13,13,,23,,,,16,11,11,,
E01001544,1693,319,18.8422917897224,340,20.0826934435913,639,88,128,16,144,30,26,200,25045,8,direct_2011_lsoa_code,1,Enfield 009D,6,6,6,6,10,10,7,7,,22,6,6,3,3,,25
E01001545,1883,468,24.8539564524695,155,8.2315454062666,665,59,90,25,115,124,45,284,2973,1,direct_2011_lsoa_code,1,Enfield 002B,5,5,,26,10,10,,,,,,29,3,3,,
E01001546,1813,453,24.9862107004964,190,10.4798676227248,608,45,92,21,113,106,44,263,9083,3,direct_2011_lsoa_code,1,Enfield 001C,8,8,11,10,12,12,,18,,,12,12,5,5,,
E01001547,2093,466,22.2646918299092,257,12.2790253225036,723,56,106,20,126,103,57,286,8436,3,direct_2011_lsoa_code,1,Enfield 002C,13,13,4,4,13,13,,15,,,5,5,4,4,,
E01001548,1927,520,26.9849507005708,207,10.7420861442657,675,50,120,20,140,125,37,302,7056,3,direct_2011_lsoa_code,1,Enfield 002D,,17,13,13,12,12,,22,,,13,13,5,5,,
E01001549,2355,806,34.2250530785563,182,7.72823779193206,814,71,125,31,156,200,48,404,3503,2,direct_2011_lsoa_code,1,Enfield 006D,14,14,,28,10,10,,,,,,25,8,8,,
E01001550,1771,447,25.2399774138905,158,8.92151326933936,574,43,93,22,115,105,36,256,5526,2,direct_2011_lsoa_code,1,Enfield 006E,11,11,,13,8,8,9,9,,,8,8,7,7,,
E01001551,1793,377,21.0262130507529,259,14.4450641383157,640,55,82,22,104,94,37,235,3680,2,direct_2011_lsoa_code,1,Enfield 002E,11,11,,16,13,12,,,,,,25,1,1,,
E01001552,1945,414,21.2853470437018,326,16.7609254498715,663,52,112,19,131,90,45,266,9954,4,direct_2011_lsoa_code,1,Enfield 001D,8,8,8,8,7,7,,21,,,,16,1,1,,
E01001553,1756,403,22.9498861047836,159,9.05466970387244,544,35,102,13,115,58,61,234,4794,2,direct_2011_lsoa_code,1,Enfield 037B,,,,,,,,,,,,,,,,
E01001554,1798,438,24.3604004449388,127,7.06340378197998,686,54,84,18,102,125,43,270,3713,2,direct_2011_lsoa_code,1,Enfield 037C,2,2,5,5,9,9,14,12,10,10,5,5,4,4,,27
E01001555,2236,554,24.7763864042934,199,8.89982110912344,770,47,177,23,200,107,46,353,6000,2,direct_2011_lsoa_code,1,Enfield 033C,5,5,3,3,11,11,,12,15,21,3,3,3,3,,28
E01001556,1593,295,18.5185185185185,272,17.0747018204645,532,51,75,9,84,49,57,190,15029,5,direct_2011_lsoa_code,1,Enfield 035E,8,8,,16,10,10,15,14,,23,14,14,6,6,,25
E01001557,1715,413,24.0816326530612,192,11.1953352769679,548,33,97,28,125,63,55,243,7947,3,direct_2011_lsoa_code,1,Enfield 033D,8,8,11,11,9,9,,19,,26,11,11,10,10,,
E01001558,2065,621,30.0726392251816,117,5.66585956416465,606,36,120,19,139,100,55,294,4348,2,direct_2011_lsoa_code,1,Enfield 033E,6,6,3,3,6,6,,12,14,14,4,4,1,1,,26
E01001559,2129,559,26.2564584311884,209,9.81681540629403,672,38,110,17,127,125,65,317,3951,2,direct_2011_lsoa_code,1,Enfield 033F,,17,10,10,13,13,,25,,25,6,6,4,4,,
E01001560,1568,295,18.8137755102041,205,13.0739795918367,511,38,68,10,78,58,55,191,6067,2,direct_2011_lsoa_code,1,Enfield 035F,5,5,14,12,3,3,10,10,,15,10,10,1,1,,24
E01001562,2232,532,23.8351254480287,203,9.09498207885305,823,37,128,29,157,139,56,352,2725,1,direct_2011_lsoa_code,1,Enfield 037D,,19,10,10,11,11,,20,9,9,,20,5,5,,
E01001563,1736,324,18.6635944700461,219,12.6152073732719,702,63,138,34,172,45,22,239,17402,6,direct_2011_lsoa_code,1,Enfield 029C,6,6,9,9,13,13,12,12,15,15,11,11,3,3,,26
E01001564,1660,339,20.421686746988,269,16.2048192771084,640,69,153,18,171,39,12,222,24184,8,direct_2011_lsoa_code,1,Enfield 022B,10,10,11,11,10,10,15,15,,16,,16,3,3,,
E01001565,1677,288,17.1735241502683,322,19.200954084675,707,96,113,21,134,41,32,207,17684,6,direct_2011_lsoa_code,1,Enfield 029D,8,8,10,10,,23,9,9,,24,8,8,2,2,,26
E01001566,1782,299,16.7789001122334,306,17.1717171717172,626,52,105,34,139,36,25,200,20017,7,direct_2011_lsoa_code,1,Enfield 029E,,17,,17,11,11,7,7,,29,7,7,7,7,,20
E01001567,1544,309,20.0129533678756,340,22.020725388601,607,99,143,13,156,23,15,194,29111,9,direct_2011_lsoa_code,1,Enfield 022C,3,3,14,14,,27,,21,,,,22,4,4,,26
E01001568,1882,325,17.268862911796,435,23.1137088204038,570,65,119,2,121,7,68,196,24723,8,direct_2011_lsoa_code,1,Enfield 022D,,,,,6,6,,,,,,,12,12,,
E01001569,1769,330,18.6546071226682,271,15.3193894855851,750,85,123,33,156,54,17,227,24037,8,direct_2011_lsoa_code,1,Enfield 022E,7,7,6,6,15,15,6,6,,20,,17,2,2,,29
E01001570,1901,427,22.4618621778012,249,13.0983692793267,726,80,145,29,174,74,39,287,16189,5,direct_2011_lsoa_code,1,Enfield 026E,6,6,9,9,4,4,14,14,9,9,,18,7,7,,
E01001571,1809,383,21.1719181868436,173,9.5632946379215,627,54,81,29,110,74,61,245,16175,5,direct_2011_lsoa_code,1,Greenwich 008A,11,11,6,6,10,10,,18,,,,14,2,2,,
E01001572,1738,368,21.1737629459148,212,12.1979286536249,651,55,95,27,122,53,44,219,18456,6,direct_2011_lsoa_code,1,Greenwich 008B,10,10,5,5,3,3,,18,,,10,10,1,1,,
E01001573,1574,292,18.5514612452351,193,12.2617534942821,526,35,74,17,91,37,37,165,18225,6,direct_2011_lsoa_code,1,Greenwich 008C,11,11,7,7,11,10,,16,,,,13,1,1,,
E01001574,1924,518,26.9230769230769,166,8.62785862785863,753,65,89,53,142,138,32,312,4479,2,direct_2011_lsoa_code,1,Greenwich 008D,6,6,10,10,7,7,,26,,,,21,3,3,,
E01001575,1817,513,28.2333516785911,148,8.1452944413869,620,52,98,30,128,124,40,292,2565,1,direct_2011_lsoa_code,1,Greenwich 003A,10,10,6,6,2,2,9,9,,,,15,4,4,,
E01001576,1994,544,27.2818455366098,189,9.47843530591775,668,54,101,40,141,94,53,288,4419,2,direct_2011_lsoa_code,1,Greenwich 003B,5,5,,15,3,3,,18,,,,23,2,2,,
E01001577,2016,583,28.9186507936508,175,8.68055555555556,728,67,125,30,155,110,48,313,6440,2,direct_2011_lsoa_code,1,Greenwich 003C,4,4,9,9,8,8,13,13,,,12,12,4,4,,
E01001578,2309,516,22.3473365093114,195,8.44521437851884,848,57,107,41,148,96,80,324,9697,3,direct_2011_lsoa_code,1,Greenwich 003D,5,5,8,8,14,14,,16,,,9,9,8,8,,
E01001579,1737,427,24.5826137017847,175,10.0748416810593,623,53,93,34,127,87,40,254,4983,2,direct_2011_lsoa_code,1,Greenwich 003E,3,3,,16,9,9,,18,,,,23,1,1,,
E01001580,1640,264,16.0975609756098,213,12.9878048780488,790,72,118,15,133,31,12,176,23584,8,direct_2011_lsoa_code,1,Greenwich 021A,5,5,9,9,10,8,10,7,,17,8,8,2,2,,
E01001581,1577,269,17.0577045022194,215,13.6334812935954,728,100,94,22,116,34,14,164,13999,5,direct_2011_lsoa_code,1,Greenwich 016A,2,2,7,7,5,5,5,5,,23,4,4,1,1,,25
E01001582,1533,357,23.2876712328767,254,16.5688193085453,661,102,105,23,128,60,24,212,11864,4,direct_2011_lsoa_code,1,Greenwich 021B,13,13,13,13,12,12,,20,,29,6,6,4,4,,
E01001583,1565,238,15.2076677316294,218,13.9297124600639,766,90,99,22,121,32,8,161,20534,7,direct_2011_lsoa_code,1,Greenwich 021C,10,10,11,11,14,14,15,15,,23,11,11,5,5,,
E01001584,1503,256,17.0326014637392,305,20.292747837658,663,73,128,15,143,23,8,174,26016,8,direct_2011_lsoa_code,1,Greenwich 021D,14,14,,28,9,9,,21,,23,,22,13,13,,
E01001585,1530,343,22.4183006535948,160,10.4575163398693,601,51,147,24,171,39,8,218,21113,7,direct_2011_lsoa_code,1,Greenwich 016B,9,9,,19,9,9,,19,,,14,14,8,8,,27
E01001586,1423,245,17.2171468728039,282,19.8172874209417,663,104,87,22,109,40,11,160,11294,4,direct_2011_lsoa_code,1,Greenwich 016C,7,7,14,14,2,2,12,12,,24,11,11,4,4,,
E01001587,1981,302,15.2448258455326,271,13.6799596163554,951,93,117,21,138,47,23,208,22066,7,direct_2011_lsoa_code,1,Greenwich 016D,4,4,,14,11,11,,15,,25,12,12,2,2,,28
E01001588,1693,287,16.9521559362079,317,18.7241582988777,635,103,74,19,93,40,44,177,5533,2,direct_2011_lsoa_code,1,Greenwich 012A,9,9,,16,13,13,,19,,22,,17,7,7,,
E01001589,1851,417,22.5283630470016,186,10.0486223662885,677,51,85,31,116,67,39,222,9174,3,direct_2011_lsoa_code,1,Greenwich 012B,7,7,11,11,9,9,,22,,29,11,11,5,5,,
E01001590,1705,285,16.7155425219941,183,10.733137829912,716,54,85,21,106,56,30,192,15901,5,direct_2011_lsoa_code,1,Greenwich 014A,9,9,14,13,15,17,,18,,29,10,10,0,0,,27
E01001591,2103,442,21.017593913457,180,8.55920114122682,808,70,105,32,137,89,52,278,7189,3,direct_2011_lsoa_code,1,Greenwich 012C,14,14,6,6,13,13,,18,,27,7,7,4,4,,
E01001592,1933,400,20.6932229694775,174,9.00155199172271,738,51,168,30,198,40,23,261,19244,6,direct_2011_lsoa_code,1,Greenwich 014B,6,6,15,12,14,12,13,13,,25,12,12,4,4,,29
E01001593,1792,361,20.1450892857143,240,13.3928571428571,763,96,150,42,192,28,23,243,22827,7,direct_2011_lsoa_code,1,Greenwich 014C,4,4,10,7,9,7,8,7,,21,8,6,1,1,,29
E01001594,2367,475,20.0675961132235,186,7.85804816223067,834,72,118,34,152,107,33,292,5415,2,direct_2011_lsoa_code,1,Greenwich 014D,10,9,11,9,,10,15,11,,24,2,2,2,2,,
E01001595,2222,599,26.957695769577,208,9.36093609360936,732,48,125,34,159,125,60,344,11892,4,direct_2011_lsoa_code,1,Greenwich 012D,7,7,9,9,,13,,13,,25,4,4,4,4,,
E01001596,1741,358,20.5628948879954,323,18.5525560022975,635,75,142,37,179,30,21,230,25312,8,direct_2011_lsoa_code,1,Greenwich 032A,9,9,,19,12,12,13,13,,,,15,2,2,,
E01001597,1558,274,17.586649550706,290,18.6136071887035,635,84,100,17,117,28,25,170,18757,6,direct_2011_lsoa_code,1,Greenwich 031A,5,5,2,2,14,13,,16,,17,3,3,2,2,,
E01001598,1609,277,17.2156619018024,331,20.5717837165942,606,77,112,24,136,20,28,184,19780,7,direct_2011_lsoa_code,1,Greenwich 031B,9,9,,17,5,5,,22,,23,,19,10,10,,
E01001599,1678,360,21.4541120381406,262,15.6138259833135,604,60,121,26,147,47,38,232,16636,6,direct_2011_lsoa_code,1,Greenwich 032B,6,6,,11,3,3,8,8,,25,4,4,0,0,,
E01001600,1506,278,18.4594953519256,246,16.3346613545817,641,70,94,31,125,43,19,187,20482,7,direct_2011_lsoa_code,1,Greenwich 032C,2,2,9,9,11,11,9,9,,24,5,5,3,3,,
E01001601,1503,261,17.3652694610778,324,21.5568862275449,564,86,116,23,139,14,16,169,23383,8,direct_2011_lsoa_code,1,Greenwich 032D,12,12,15,14,,20,7,7,,27,11,11,8,8,,
E01001602,2126,471,22.1542803386642,255,11.9943555973659,716,79,116,37,153,72,57,282,6918,3,direct_2011_lsoa_code,1,Greenwich 031C,13,13,,15,10,10,9,9,,28,,17,8,8,,
E01001603,1758,421,23.9476678043231,229,13.0261660978385,742,108,93,41,134,95,20,249,5305,2,direct_2011_lsoa_code,1,Greenwich 031D,9,9,,18,7,7,8,8,,,,16,5,5,,
E01001604,1548,319,20.6072351421189,247,15.9560723514212,599,69,115,29,144,36,26,206,20549,7,direct_2011_lsoa_code,1,Greenwich 027A,7,7,7,7,9,9,8,8,,16,6,6,5,5,,
E01001605,1520,302,19.8684210526316,310,20.3947368421053,566,69,128,24,152,17,17,186,28074,9,direct_2011_lsoa_code,1,Greenwich 023A,,20,,21,8,8,,21,,,,21,6,6,,
E01001606,1628,336,20.6388206388206,249,15.2948402948403,608,66,147,37,184,25,18,227,28995,9,direct_2011_lsoa_code,1,Greenwich 023B,7,7,14,14,10,10,2,2,,19,6,6,1,1,,
E01001607,1609,317,19.7016780609074,290,18.0236171535115,669,96,109,34,143,38,23,204,16263,5,direct_2011_lsoa_code,1,Greenwich 027B,3,3,10,10,7,7,4,4,,20,9,9,4,4,,
E01001608,1444,281,19.4598337950139,331,22.9224376731302,585,103,119,16,135,22,14,171,19688,6,direct_2011_lsoa_code,1,Greenwich 027C,8,8,,15,7,7,3,3,,18,10,10,5,5,,
E01001609,1692,292,17.25768321513,350,20.6855791962175,739,142,101,19,120,36,24,180,12789,4,direct_2011_lsoa_code,1,Greenwich 027D,7,7,7,7,15,15,11,11,13,13,10,10,6,6,,
E01001610,1762,386,21.9069239500568,292,16.572077185017,702,88,143,44,187,46,13,246,21169,7,direct_2011_lsoa_code,1,Greenwich 023C,11,11,6,6,8,8,8,8,,23,14,14,6,6,,
E01001611,1767,365,20.656479909451,282,15.9592529711375,712,103,125,38,163,47,33,243,15294,5,direct_2011_lsoa_code,1,Greenwich 023D,10,10,6,6,5,5,14,12,,19,,15,0,0,,
E01001613,1756,348,19.8177676537585,342,19.4760820045558,798,134,99,34,133,62,38,233,14317,5,direct_2011_lsoa_code,1,Greenwich 028A,11,11,15,10,14,14,,14,,13,,11,3,3,,
E01001614,1493,271,18.151373074347,340,22.7729403884796,546,53,109,17,126,14,17,157,26343,9,direct_2011_lsoa_code,1,Greenwich 028B,,20,,22,,25,,20,,24,9,9,8,8,,
E01001615,1989,355,17.8481649069884,271,13.6249371543489,939,124,116,32,148,61,27,236,14143,5,direct_2011_lsoa_code,1,Greenwich 028C,14,14,,12,12,12,10,10,12,12,10,10,2,2,,
E01001617,1631,281,17.2286940527284,388,23.7890864500307,735,149,94,38,132,31,16,179,26084,8,direct_2011_lsoa_code,1,Greenwich 028D,9,9,12,11,,17,,12,,13,,11,0,0,,
E01001618,1906,402,21.0912906610703,275,14.4281217208814,758,84,125,40,165,76,22,263,11623,4,direct_2011_lsoa_code,1,Greenwich 030C,,15,,12,,19,11,10,,24,,15,1,1,,
E01001619,1963,371,18.8996434029547,240,12.2261844116149,828,72,146,37,183,59,18,260,19186,6,direct_2011_lsoa_code,1,Greenwich 030D,8,8,5,5,,14,1,1,,21,14,11,1,1,,
E01001620,1582,345,21.8078381795196,196,12.3893805309735,501,49,76,28,104,49,48,201,7205,3,direct_2011_lsoa_code,1,Greenwich 025A,2,2,,18,9,9,,21,,21,,18,1,1,,
E01001621,1673,329,19.6652719665272,263,15.7202630005977,669,85,97,23,120,50,38,208,7132,3,direct_2011_lsoa_code,1,Greenwich 025B,12,12,5,5,3,3,5,5,,17,,14,5,5,,
E01001623,1807,407,22.5235196458218,177,9.79524073049253,670,54,122,21,143,63,33,239,10924,4,direct_2011_lsoa_code,1,Greenwich 025C,11,11,13,13,8,8,,18,,25,13,12,4,4,,
E01001624,1626,320,19.680196801968,244,15.0061500615006,624,85,90,29,119,42,41,202,10556,4,direct_2011_lsoa_code,1,Greenwich 025D,3,3,13,12,10,10,13,12,,19,,16,4,4,,
E01001625,1782,426,23.9057239057239,223,12.5140291806959,617,74,107,24,131,70,36,237,4073,2,direct_2011_lsoa_code,1,Greenwich 025E,7,7,,13,3,3,,13,,20,,16,4,4,,
E01001629,2141,493,23.0266230733302,188,8.78094348435311,839,67,98,40,138,126,46,310,7852,3,direct_2011_lsoa_code,1,Greenwich 009A,9,9,8,8,3,3,11,8,,23,9,8,3,3,,27
E01001631,2111,542,25.6750355281857,118,5.58976788252013,788,43,98,38,136,115,53,304,6211,2,direct_2011_lsoa_code,1,Greenwich 007B,10,10,,10,9,9,10,9,,27,11,9,1,1,,28
E01001632,2040,372,18.2352941176471,196,9.6078431372549,664,38,92,15,107,48,74,229,15631,5,direct_2011_lsoa_code,1,Greenwich 007C,2,2,13,11,9,9,,19,,,5,5,2,2,,
E01001633,2041,455,22.2929936305733,174,8.52523272905439,773,59,83,27,110,104,55,269,6202,2,direct_2011_lsoa_code,1,Greenwich 009B,6,6,11,11,12,12,,16,,,11,11,5,5,,
E01001634,1736,401,23.0990783410138,207,11.9239631336406,657,56,79,22,101,102,37,240,3802,2,direct_2011_lsoa_code,1,Greenwich 009C,4,4,,15,9,9,,14,,,5,5,2,2,,
E01001635,1644,315,19.1605839416058,174,10.5839416058394,643,53,95,27,122,43,46,211,11906,4,direct_2011_lsoa_code,1,Greenwich 007D,8,8,14,14,10,10,,21,,,8,8,5,5,,
E01001636,1681,323,19.214753123141,211,12.5520523497918,599,65,80,16,96,47,54,197,10378,4,direct_2011_lsoa_code,1,Greenwich 007E,8,8,11,11,8,8,,21,,,10,10,3,3,,
E01001637,1803,389,21.5751525235718,172,9.53965612867443,684,46,77,31,108,78,55,241,9554,3,direct_2011_lsoa_code,1,Greenwich 009D,8,8,10,10,7,7,,23,,,9,9,5,5,,
E01001638,1763,360,20.4197390811117,188,10.6636415201361,682,47,68,21,89,106,33,228,8986,3,direct_2011_lsoa_code,1,Greenwich 038A,5,5,10,10,8,8,10,10,,25,7,7,5,5,,
E01001641,1863,287,15.4052603327966,189,10.1449275362319,818,86,109,15,124,41,12,177,17618,6,direct_2011_lsoa_code,1,Greenwich 038B,4,4,4,4,4,4,11,11,,29,6,6,2,2,,22
E01001642,1730,283,16.3583815028902,259,14.971098265896,758,71,136,20,156,29,11,196,22742,7,direct_2011_lsoa_code,1,Greenwich 038C,12,12,,20,3,3,,19,,,,20,9,9,,
E01001644,2630,406,15.4372623574145,128,4.86692015209126,1181,41,161,30,191,45,12,248,16768,6,direct_2011_lsoa_code,1,Greenwich 038D,8,8,6,6,5,5,5,5,,26,2,2,0,0,,28
E01001645,1852,379,20.4643628509719,251,13.5529157667387,707,73,99,34,133,68,33,234,9118,3,direct_2011_lsoa_code,1,Greenwich 022A,8,8,,24,,17,,23,,29,12,12,3,3,,
E01001646,2822,615,21.7930545712261,151,5.3508150248051,1134,63,155,57,212,149,54,415,10745,4,direct_2011_lsoa_code,1,Greenwich 019A,8,8,2,2,10,10,2,2,13,13,15,15,2,2,,
E01001647,1486,263,17.6985195154778,244,16.4199192462988,565,71,97,21,118,38,29,185,13052,4,direct_2011_lsoa_code,1,Greenwich 022B,8,8,14,14,13,13,,21,,29,9,9,4,4,,
E01001648,1724,336,19.4895591647332,220,12.7610208816705,695,54,108,26,134,47,34,215,15054,5,direct_2011_lsoa_code,1,Greenwich 022C,11,11,10,10,8,8,,15,,23,,26,9,9,,
E01001649,1576,339,21.510152284264,198,12.5634517766497,573,45,96,27,123,58,27,208,5827,2,direct_2011_lsoa_code,1,Greenwich 022D,12,12,,22,13,13,,21,,29,,18,10,10,,
E01001650,1835,418,22.7792915531335,228,12.425068119891,611,70,111,29,140,49,60,249,7097,3,direct_2011_lsoa_code,1,Greenwich 019B,6,6,8,8,10,10,14,14,,26,8,8,7,7,,
E01001651,1875,455,24.2666666666667,196,10.4533333333333,746,71,94,47,141,87,39,267,3333,2,direct_2011_lsoa_code,1,Greenwich 019C,14,14,10,10,2,2,10,10,15,15,12,12,7,7,,
E01001652,1704,268,15.7276995305164,276,16.1971830985916,707,112,98,28,126,32,26,184,16562,6,direct_2011_lsoa_code,1,Greenwich 019D,6,6,7,7,9,9,,16,,25,6,6,2,2,,
E01001653,1584,410,25.8838383838384,169,10.6691919191919,600,63,85,24,109,95,37,241,3995,2,direct_2011_lsoa_code,1,Greenwich 029A,10,10,,23,,23,,26,,26,,23,6,6,,
E01001654,1610,387,24.0372670807453,180,11.1801242236025,570,51,82,33,115,87,32,234,4285,2,direct_2011_lsoa_code,1,Greenwich 029B,3,3,,22,5,5,,25,,25,,23,1,1,,
E01001655,1576,392,24.8730964467005,133,8.43908629441624,632,53,88,23,111,81,35,227,3586,2,direct_2011_lsoa_code,1,Greenwich 029C,8,8,,16,10,10,,19,,19,,17,3,3,,
E01001656,1343,299,22.2635889798958,221,16.4556962025316,587,87,93,25,118,55,15,188,15898,5,direct_2011_lsoa_code,1,Greenwich 034A,3,3,13,13,12,12,,23,,,13,13,6,6,,
E01001657,1570,294,18.7261146496815,223,14.203821656051,704,91,116,27,143,46,12,201,23034,8,direct_2011_lsoa_code,1,Greenwich 034B,13,12,11,11,6,6,,12,,16,11,11,3,3,,
E01001658,1655,346,20.9063444108761,272,16.4350453172205,729,122,119,19,138,63,15,216,15955,5,direct_2011_lsoa_code,1,Greenwich 034C,5,5,,15,14,14,,18,,24,,15,3,3,,
E01001659,1616,349,21.5965346534653,301,18.6262376237624,553,82,128,6,134,20,37,191,13757,5,direct_2011_lsoa_code,1,Greenwich 034D,7,7,,18,14,14,,20,,28,15,19,6,6,,
E01001660,1558,333,21.3735558408216,215,13.7997432605905,564,47,85,32,117,65,40,222,6434,2,direct_2011_lsoa_code,1,Greenwich 029D,14,14,,22,,21,,25,,25,,22,6,6,,
E01001661,1663,423,25.4359591100421,246,14.792543595911,578,59,109,14,123,84,42,249,5857,2,direct_2011_lsoa_code,1,Greenwich 029E,4,4,,21,15,21,,24,,24,,21,4,4,,
E01001664,2076,291,14.0173410404624,205,9.8747591522158,883,69,118,19,137,43,21,201,13303,5,direct_2011_lsoa_code,1,Greenwich 037B,7,7,9,9,3,3,,20,,,9,9,3,3,,21
E01001665,1889,305,16.1461090524087,178,9.42297511911064,773,47,130,23,153,35,21,209,16860,6,direct_2011_lsoa_code,1,Greenwich 037C,5,5,,14,2,2,,15,,,6,6,0,0,,19
E01001666,1985,401,20.2015113350126,157,7.90931989924433,744,62,94,26,120,59,55,234,10546,4,direct_2011_lsoa_code,1,Greenwich 041G,13,13,1,1,13,13,,25,,,6,6,2,2,,21
E01001669,2500,617,24.68,246,9.84,917,54,116,32,148,176,70,394,9131,3,direct_2011_lsoa_code,1,Greenwich 033A,8,8,,24,1,1,,23,,,,23,7,7,,
E01001671,1669,401,24.0263630916717,185,11.0844817255842,684,74,113,37,150,69,32,251,12091,4,direct_2011_lsoa_code,1,Greenwich 033B,9,9,,17,7,7,,,,,9,9,6,6,,
E01001672,1931,392,20.3003625064733,180,9.32159502848265,640,42,91,16,107,68,80,255,9511,3,direct_2011_lsoa_code,1,Greenwich 006A,,18,,22,,21,,25,,,,25,10,10,,
E01001673,2403,549,22.8464419475655,300,12.4843945068664,799,102,70,11,81,66,106,253,5579,2,direct_2011_lsoa_code,1,Greenwich 006B,4,4,,13,13,12,13,12,,29,14,12,1,1,,
E01001674,2196,476,21.6757741347905,271,12.3406193078324,712,59,99,27,126,75,79,280,12679,4,direct_2011_lsoa_code,1,Greenwich 006C,5,5,,18,5,5,,20,,,,20,2,2,,
E01001675,2369,451,19.0375685943436,221,9.32883073026593,699,34,89,10,99,69,104,272,8659,3,direct_2011_lsoa_code,1,Greenwich 006D,6,6,,17,11,11,,16,,,14,14,4,4,,
E01001676,1801,420,23.3203775680178,164,9.10605219322599,670,39,70,31,101,105,51,257,8863,3,direct_2011_lsoa_code,1,Greenwich 033C,7,6,,13,2,2,,15,,,,15,1,1,,
E01001677,2162,478,22.109158186864,216,9.99074930619796,730,54,94,21,115,83,82,280,14595,5,direct_2011_lsoa_code,1,Greenwich 006E,4,4,,18,8,8,,18,,,,18,4,4,,
E01001678,1773,396,22.3350253807107,247,13.9311900733221,645,58,102,27,129,80,39,248,19867,7,direct_2011_lsoa_code,1,Greenwich 017A,3,3,,18,14,14,,26,,,,16,4,4,,
E01001679,1354,283,20.9010339734121,170,12.5553914327917,554,59,97,30,127,38,18,183,20502,7,direct_2011_lsoa_code,1,Greenwich 020A,12,12,,24,,25,,24,,,,22,9,9,,
E01001680,1518,276,18.1818181818182,311,20.4874835309618,616,77,116,24,140,27,17,184,25987,8,direct_2011_lsoa_code,1,Greenwich 020B,,20,,23,8,8,,26,,20,,21,7,7,,
E01001681,1400,325,23.2142857142857,155,11.0714285714286,526,55,82,64,146,36,28,210,15871,5,direct_2011_lsoa_code,1,Greenwich 020C,3,3,9,9,11,11,,20,,23,8,8,6,6,,
E01001682,1376,271,19.6947674418605,265,19.2587209302326,550,66,76,22,98,46,20,164,15940,5,direct_2011_lsoa_code,1,Greenwich 020D,8,8,,18,15,15,,19,3,3,,21,5,5,,
E01001683,1550,328,21.1612903225806,210,13.5483870967742,599,56,107,20,127,49,34,210,12171,4,direct_2011_lsoa_code,1,Greenwich 017B,5,5,6,6,6,6,,23,,,5,5,4,4,,
E01001684,1446,288,19.9170124481328,236,16.3208852005533,566,66,72,25,97,63,25,185,10933,4,direct_2011_lsoa_code,1,Greenwich 017C,,24,,28,,22,,23,,24,,,8,8,,
E01001685,1562,289,18.5019206145967,265,16.9654289372599,651,69,77,21,98,54,31,183,16704,6,direct_2011_lsoa_code,1,Greenwich 017D,4,4,,15,9,9,,26,,,10,10,3,3,,
E01001686,1800,368,20.4444444444444,153,8.5,754,63,82,30,112,86,37,235,13909,5,direct_2011_lsoa_code,1,Greenwich 020E,8,8,12,12,14,14,,19,,18,10,10,0,0,,
E01001687,1656,305,18.4178743961353,132,7.97101449275362,511,54,66,16,82,60,26,168,5655,2,direct_2011_lsoa_code,1,Greenwich 002A,13,13,,16,9,9,9,9,,,9,9,6,6,,
E01001688,2670,756,28.314606741573,168,6.29213483146067,935,47,167,65,232,163,48,443,9824,3,direct_2011_lsoa_code,1,Greenwich 002B,9,9,4,4,7,7,,17,,,,18,2,2,,
E01001690,1714,363,21.1785297549592,192,11.2018669778296,815,81,64,30,94,84,33,211,8164,3,direct_2011_lsoa_code,1,Greenwich 001A,5,5,,10,9,9,,11,,,,12,2,2,,
E01001692,1470,365,24.8299319727891,129,8.77551020408163,555,37,61,23,84,116,23,223,8020,3,direct_2011_lsoa_code,1,Greenwich 001B,2,2,11,11,7,7,,17,,,,19,4,4,,
E01001693,1562,458,29.3213828425096,115,7.36235595390525,615,47,62,27,89,125,33,247,6383,2,direct_2011_lsoa_code,1,Greenwich 001C,3,3,,9,9,9,,11,,,,12,0,0,,
E01001694,1744,439,25.1720183486239,149,8.54357798165138,610,39,106,21,127,69,52,248,11923,4,direct_2011_lsoa_code,1,Greenwich 001D,3,3,,14,8,8,,16,,,,18,3,3,,
E01001695,1549,311,20.0774693350549,130,8.39251129761136,562,44,64,20,84,56,47,187,5276,2,direct_2011_lsoa_code,1,Greenwich 011A,6,6,10,10,10,10,10,10,,26,10,10,3,3,,28
E01001696,2573,584,22.697240575204,102,3.96424407306646,1142,39,115,33,148,158,35,341,5270,2,direct_2011_lsoa_code,1,Greenwich 011B,4,4,4,4,5,5,6,6,,18,6,6,1,1,,25
E01001697,2643,570,21.5664018161181,193,7.30230798335225,938,37,127,47,174,118,68,360,6293,2,direct_2011_lsoa_code,1,Greenwich 011C,4,4,8,8,12,12,13,13,,22,9,9,4,4,,
E01001698,1911,496,25.9549973835688,113,5.91313448456306,755,34,85,25,110,122,44,276,8235,3,direct_2011_lsoa_code,1,Greenwich 015A,6,6,8,8,12,12,,19,,22,7,7,4,4,,
E01001699,1465,293,20,37,2.52559726962457,664,14,79,18,97,69,19,185,10944,4,direct_2011_lsoa_code,1,Greenwich 015B,12,12,,14,8,8,,14,,21,,14,4,4,,
E01001700,2373,529,22.2924568057311,197,8.30172777075432,798,43,102,36,138,83,92,313,7478,3,direct_2011_lsoa_code,1,Greenwich 011D,1,1,5,5,14,13,,16,,24,7,7,2,2,,
E01001701,1763,376,21.3272830402723,170,9.64265456608054,777,98,130,24,154,56,21,231,8286,3,direct_2011_lsoa_code,1,Greenwich 015C,9,9,,17,7,7,,18,15,15,,20,7,7,,
E01001702,1485,328,22.0875420875421,140,9.42760942760943,438,35,57,13,70,73,38,181,4923,2,direct_2011_lsoa_code,1,Greenwich 015D,5,5,15,15,3,3,,17,,19,13,13,4,4,,
E01001703,2079,584,28.0904280904281,100,4.81000481000481,763,37,142,35,177,121,37,335,7158,3,direct_2011_lsoa_code,1,Greenwich 011E,6,6,6,6,,15,,17,,24,7,7,3,3,,
E01001704,1646,320,19.4410692588092,252,15.3098420413123,618,54,77,36,113,56,38,207,11676,4,direct_2011_lsoa_code,1,Greenwich 011F,6,6,10,10,10,10,,19,,,12,12,2,2,,
E01001705,2251,558,24.7889826743669,115,5.10884051532652,845,26,106,33,139,143,41,323,6839,3,direct_2011_lsoa_code,1,Greenwich 005A,6,6,12,12,8,8,,14,,24,8,8,5,5,,
E01001708,1697,347,20.447849145551,223,13.1408367707719,682,50,110,20,130,69,27,226,13833,5,direct_2011_lsoa_code,1,Greenwich 005C,7,7,,13,,14,,14,,21,,13,3,3,,
E01001710,1761,451,25.610448608745,138,7.83645655877343,648,58,77,31,108,111,42,261,6464,2,direct_2011_lsoa_code,1,Greenwich 005D,4,4,,13,10,10,,13,,23,9,9,0,0,,
E01001712,2122,505,23.7983034872762,122,5.7492931196984,913,59,126,33,159,128,46,333,7387,3,direct_2011_lsoa_code,1,Greenwich 042A,9,9,11,11,1,1,,14,,27,2,2,1,1,,23
E01001714,2052,334,16.2768031189084,148,7.21247563352827,858,46,92,15,107,81,38,226,3216,1,direct_2011_lsoa_code,1,Hackney 002A,10,10,6,6,7,7,1,1,,23,6,6,1,1,7,7
E01001715,1285,134,10.4280155642023,71,5.52529182879377,657,41,48,12,60,26,10,96,8857,3,direct_2011_lsoa_code,1,Hackney 007A,10,10,8,8,11,11,6,6,,24,8,8,4,4,8,8
E01001716,1786,339,18.9809630459127,149,8.34266517357223,829,46,61,19,80,132,26,238,5179,2,direct_2011_lsoa_code,1,Hackney 007B,6,6,7,7,10,10,11,11,,24,10,10,5,5,9,9
E01001717,1127,166,14.7293700088731,102,9.05057675244011,425,23,52,9,61,19,19,99,9310,3,direct_2011_lsoa_code,1,Hackney 007C,,14,12,8,13,13,7,7,,26,4,4,2,2,13,9
E01001718,1738,212,12.1979286536249,111,6.38665132336018,826,35,96,17,113,22,14,149,14212,5,direct_2011_lsoa_code,1,Hackney 007D,3,3,5,5,12,12,15,17,,22,9,9,4,4,9,9
E01001719,1639,283,17.2666259914582,145,8.84685784014643,697,58,76,29,105,63,19,187,5629,2,direct_2011_lsoa_code,1,Hackney 007E,10,10,,10,9,9,7,7,,28,5,5,3,3,,11
E01001720,1706,213,12.4853458382181,116,6.79953106682298,790,44,70,31,101,39,5,145,14558,5,direct_2011_lsoa_code,1,Hackney 007F,7,7,11,11,9,9,8,8,,24,5,5,0,0,,11
E01001722,2305,584,25.3362255965293,195,8.45986984815618,924,88,150,25,175,84,35,294,7202,3,direct_2011_lsoa_code,1,Hackney 029A,4,4,6,6,11,11,8,8,,28,4,4,2,2,,28
E01001723,1969,476,24.1747079735907,132,6.70391061452514,683,31,116,18,134,29,44,207,12151,4,direct_2011_lsoa_code,1,Hackney 006A,2,2,8,8,5,5,10,10,,,10,10,5,5,,22
E01001724,2895,484,16.7184801381693,126,4.35233160621762,1070,52,147,28,175,69,25,269,10562,4,direct_2011_lsoa_code,1,Hackney 006B,6,6,4,4,9,8,2,2,,26,8,8,3,3,,16
E01001725,1832,618,33.7336244541485,169,9.22489082969432,563,32,142,9,151,60,33,244,9853,3,direct_2011_lsoa_code,1,Hackney 004A,3,3,5,5,8,8,11,11,,28,13,13,7,7,,19
E01001726,1326,343,25.8672699849171,79,5.95776772247361,464,27,82,7,89,94,14,197,6738,3,direct_2011_lsoa_code,1,Hackney 004B,6,6,6,6,11,9,9,9,,21,10,10,3,3,,13
E01001727,1989,610,30.6686777275013,192,9.65309200603318,559,24,139,12,151,23,40,214,12316,4,direct_2011_lsoa_code,1,Hackney 006C,3,3,9,9,7,7,8,8,,29,12,12,3,3,,25
E01001728,1980,748,37.7777777777778,113,5.70707070707071,590,32,225,15,240,55,32,327,7754,3,direct_2011_lsoa_code,1,Hackney 029B,3,3,8,8,10,10,6,6,,29,7,7,2,2,,26
E01001729,1987,448,22.546552591847,102,5.13336688475088,495,14,55,15,70,65,16,151,3718,2,direct_2011_lsoa_code,1,Hackney 019A,7,7,4,4,3,3,4,4,4,4,6,6,1,1,,27
E01001730,2769,649,23.4380642831347,168,6.06717226435536,1131,62,145,55,200,196,17,413,2897,1,direct_2011_lsoa_code,1,Hackney 019B,1,1,6,6,4,4,6,6,14,13,4,4,2,2,,28
E01001731,2663,495,18.5880585805483,106,3.98047315058205,1158,40,107,41,148,109,59,316,7474,3,direct_2011_lsoa_code,1,Hackney 017A,5,5,4,4,5,5,6,6,,15,5,5,4,4,,21
E01001732,1901,470,24.7238295633877,113,5.94423987375066,756,47,65,24,89,133,52,274,4530,2,direct_2011_lsoa_code,1,Hackney 019C,5,5,5,5,4,4,3,3,,15,2,2,4,4,,24
E01001733,1873,310,16.5509877202349,126,6.72717565403097,736,27,105,22,127,47,25,199,6917,3,direct_2011_lsoa_code,1,Hackney 015A,8,8,9,9,9,9,10,10,13,13,8,8,6,6,,
E01001734,1832,245,13.3733624454148,137,7.47816593886463,854,51,51,30,81,71,17,169,5446,2,direct_2011_lsoa_code,1,Hackney 017B,2,2,2,2,1,1,7,7,14,14,3,3,1,1,,26
E01001735,1573,239,15.1938970120788,197,12.5238397965671,650,69,60,16,76,63,19,158,5831,2,direct_2011_lsoa_code,1,Hackney 019D,4,4,5,5,6,6,8,8,9,9,5,5,2,2,,
E01001736,1550,234,15.0967741935484,123,7.93548387096774,677,29,89,23,112,39,16,167,13149,5,direct_2011_lsoa_code,1,Hackney 012A,9,9,12,12,7,7,10,10,,29,5,5,6,6,,27
E01001737,1770,338,19.0960451977401,122,6.89265536723164,706,25,106,36,142,61,24,227,11026,4,direct_2011_lsoa_code,1,Hackney 012B,9,9,,13,4,4,5,5,,27,5,5,3,3,,17
E01001738,1739,258,14.8361127084531,151,8.68315123634273,793,51,97,25,122,45,13,180,12095,4,direct_2011_lsoa_code,1,Hackney 012C,7,7,,15,6,6,7,7,,22,8,8,2,2,,16
E01001739,1979,303,15.310763011622,198,10.0050530570995,881,90,118,31,149,40,13,202,10312,4,direct_2011_lsoa_code,1,Hackney 012D,2,2,,12,3,3,7,7,,24,5,5,3,3,,21
E01001740,1545,286,18.5113268608414,146,9.44983818770227,628,50,63,17,80,91,25,196,3274,1,direct_2011_lsoa_code,1,Hackney 014A,5,5,15,15,5,5,11,11,,25,10,10,5,5,,24
E01001741,1441,264,18.3206106870229,139,9.64607911172797,579,43,117,26,143,25,15,183,16337,5,direct_2011_lsoa_code,1,Hackney 009A,7,7,7,7,6,6,8,8,,,5,5,5,5,,22
E01001742,1755,337,19.2022792022792,136,7.74928774928775,783,49,80,37,117,105,13,235,8495,3,direct_2011_lsoa_code,1,Hackney 008A,7,7,13,9,5,4,4,4,,23,4,4,0,0,,23
E01001744,2006,347,17.2981056829511,190,9.4715852442672,812,74,85,28,113,80,30,223,7078,3,direct_2011_lsoa_code,1,Hackney 031A,6,6,9,9,9,9,4,4,,25,12,12,0,0,,27
E01001745,2164,423,19.547134935305,131,6.05360443622921,918,44,91,24,115,130,31,276,5257,2,direct_2011_lsoa_code,1,Hackney 016A,4,4,9,9,1,1,6,6,,26,8,8,1,1,,29
E01001746,1686,435,25.8007117437722,143,8.48161328588375,601,44,93,24,117,124,42,283,5801,2,direct_2011_lsoa_code,1,Hackney 016B,8,8,12,12,7,7,9,9,,24,13,13,2,2,,
E01001747,2328,292,12.5429553264605,171,7.34536082474227,1078,70,82,22,104,71,14,189,7514,3,direct_2011_lsoa_code,1,Hackney 014B,6,6,3,3,6,6,11,11,,24,6,6,1,1,,24
E01001749,1482,208,14.0350877192982,135,9.10931174089069,665,53,59,12,71,63,18,152,7497,3,direct_2011_lsoa_code,1,Hackney 020B,11,11,10,9,10,10,6,6,,25,14,10,2,2,,28
E01001750,2122,331,15.5984919886899,147,6.92742695570217,925,52,83,24,107,88,29,224,5518,2,direct_2011_lsoa_code,1,Hackney 031D,3,3,7,7,5,5,2,2,,17,7,7,1,1,,24
E01001751,1482,205,13.8326585695007,167,11.2685560053981,645,54,88,17,105,26,11,142,15464,5,direct_2011_lsoa_code,1,Hackney 031B,7,7,11,11,6,6,6,6,,14,9,9,1,1,,21
E01001753,1538,406,26.3979193758127,84,5.46163849154747,629,33,75,28,103,120,19,242,5565,2,direct_2011_lsoa_code,1,Hackney 025B,2,2,11,11,3,3,6,6,14,14,12,12,4,4,,22
E01001755,1678,294,17.5208581644815,140,8.34326579261025,689,46,75,13,88,71,30,189,4241,2,direct_2011_lsoa_code,1,Hackney 025D,3,3,2,2,0,0,3,3,14,14,5,5,4,4,,21
E01001756,2036,248,12.1807465618861,186,9.13555992141454,956,79,79,25,104,56,6,166,11738,4,direct_2011_lsoa_code,1,Hackney 030C,4,4,7,7,7,7,14,13,,21,9,9,3,3,,27
E01001757,1587,392,24.700693131695,128,8.06553245116572,608,50,92,21,113,105,30,248,7129,3,direct_2011_lsoa_code,1,Hackney 016C,6,6,7,7,6,6,9,9,,19,7,7,1,1,,29
E01001758,2615,538,20.5736137667304,162,6.19502868068834,1080,79,121,33,154,149,27,330,4616,2,direct_2011_lsoa_code,1,Hackney 016D,5,5,6,6,10,10,11,9,,20,7,7,2,2,,24
E01001759,1644,247,15.0243309002433,165,10.036496350365,725,75,70,19,89,58,20,167,8528,3,direct_2011_lsoa_code,1,Hackney 016E,9,9,14,14,10,10,10,10,,26,,17,5,5,,
E01001760,1885,249,13.209549071618,160,8.48806366047745,872,59,59,18,77,68,18,163,4504,2,direct_2011_lsoa_code,1,Hackney 017C,6,6,2,2,6,6,11,11,,17,2,2,1,1,,21
E01001761,1818,259,14.2464246424642,176,9.68096809680968,923,93,60,20,80,72,22,174,2627,1,direct_2011_lsoa_code,1,Hackney 016F,3,3,12,12,12,12,4,4,,25,12,12,3,3,,
E01001762,1673,197,11.7752540346683,117,6.99342498505678,801,51,50,27,77,48,23,148,9543,3,direct_2011_lsoa_code,1,Hackney 017D,6,6,7,7,10,10,14,13,,18,4,4,3,3,,24
E01001763,1769,293,16.5630299604296,192,10.8535895986433,815,95,74,28,102,86,13,201,12683,4,direct_2011_lsoa_code,1,Hackney 020C,8,8,11,11,7,7,11,11,,23,9,9,3,3,,27
E01001764,1750,269,15.3714285714286,160,9.14285714285714,671,45,70,39,109,57,23,189,8634,3,direct_2011_lsoa_code,1,Hackney 010A,4,4,3,3,0,0,8,8,,26,6,6,4,4,,29
E01001765,1803,327,18.1364392678869,199,11.0371602884082,751,85,68,16,84,84,45,213,3374,2,direct_2011_lsoa_code,1,Hackney 010B,4,4,10,10,7,7,6,6,,28,9,9,7,7,,
E01001767,1606,306,19.0535491905355,104,6.47571606475716,630,36,95,28,123,60,23,206,6287,2,direct_2011_lsoa_code,1,Hackney 010D,8,8,5,5,11,11,11,10,,24,7,7,2,2,,27
E01001768,1867,298,15.9614354579539,146,7.82003213711837,748,46,79,31,110,42,35,187,11196,4,direct_2011_lsoa_code,1,Hackney 006D,6,6,7,7,9,9,13,13,,29,9,9,5,5,,
E01001769,1517,243,16.0184574818721,115,7.58075148319051,637,36,80,24,104,43,21,168,9723,3,direct_2011_lsoa_code,1,Hackney 006E,7,7,6,6,4,4,11,11,,28,9,9,3,3,,23
E01001770,1712,315,18.3995327102804,128,7.47663551401869,771,45,66,22,88,89,28,205,6158,2,direct_2011_lsoa_code,1,Hackney 010E,1,1,5,5,9,9,3,3,,19,4,4,0,0,,
E01001772,1789,343,19.1727221911683,131,7.32252655114589,766,52,87,18,105,78,27,210,3791,2,direct_2011_lsoa_code,1,Hackney 024A,6,6,10,10,3,3,11,11,,20,9,9,4,4,,28
E01001773,2482,382,15.3908138597905,147,5.92264302981467,1043,48,82,35,117,79,34,230,4810,2,direct_2011_lsoa_code,1,Hackney 025E,4,4,10,10,7,7,6,6,,16,5,5,4,4,,23
E01001774,1987,303,15.2491192752894,92,4.63009562154001,856,32,66,24,90,84,16,190,8923,3,direct_2011_lsoa_code,1,Hackney 024B,4,4,13,13,3,3,11,11,,15,10,10,4,4,,23
E01001775,1634,279,17.0746634026928,175,10.7099143206854,705,93,68,14,82,76,20,178,4495,2,direct_2011_lsoa_code,1,Hackney 024C,7,7,7,7,5,5,8,8,,23,6,6,4,4,,21
E01001776,1710,227,13.2748538011696,189,11.0526315789474,751,66,62,20,82,51,23,156,2862,1,direct_2011_lsoa_code,1,Hackney 025F,6,6,10,10,5,5,6,6,,16,6,6,3,3,,23
E01001777,2634,305,11.5793470007593,119,4.51784358390281,1146,55,74,28,102,83,24,209,6154,2,direct_2011_lsoa_code,1,Hackney 033A,9,9,4,4,4,4,5,5,9,9,9,9,1,1,,18
E01001780,1816,274,15.0881057268722,169,9.30616740088106,848,87,52,23,75,86,22,183,4965,2,direct_2011_lsoa_code,1,Hackney 032D,7,7,7,7,2,2,7,7,9,9,5,5,5,5,9,9
E01001781,1597,272,17.0319348778961,100,6.26174076393237,683,50,38,10,48,107,30,185,3123,1,direct_2011_lsoa_code,1,Hackney 026B,7,7,6,6,2,2,1,1,6,6,10,10,2,2,,14
E01001783,1609,325,20.1988812927284,93,5.7799875699192,669,48,58,15,73,100,31,204,4695,2,direct_2011_lsoa_code,1,Hackney 026D,5,5,7,7,4,4,6,6,7,7,10,10,2,2,13,13
E01001784,1772,316,17.8329571106095,146,8.2392776523702,754,67,77,13,90,88,18,196,9803,3,direct_2011_lsoa_code,1,Hackney 032A,4,4,5,5,6,6,8,8,14,14,4,4,1,1,15,16
E01001785,1595,320,20.0626959247649,170,10.6583072100313,587,61,83,27,110,69,28,207,7676,3,direct_2011_lsoa_code,1,Hackney 015B,4,4,10,10,3,3,7,7,8,8,7,7,5,5,,28
E01001786,2226,539,24.2138364779874,160,7.18778077268643,840,60,83,35,118,151,50,319,4889,2,direct_2011_lsoa_code,1,Hackney 013A,,22,15,15,3,3,,19,,24,,19,8,8,,27
E01001787,1611,294,18.2495344506518,272,16.8839230291744,646,134,53,13,66,71,42,179,3371,2,direct_2011_lsoa_code,1,Hackney 013B,6,6,,15,11,11,,20,,19,10,10,4,4,,
E01001788,1496,262,17.5133689839572,209,13.9705882352941,646,107,56,12,68,75,23,166,3601,2,direct_2011_lsoa_code,1,Hackney 013C,6,6,13,11,3,3,11,11,,15,2,2,0,0,,
E01001789,1773,376,21.2069937958263,149,8.40383530738861,625,39,94,25,119,54,49,222,9211,3,direct_2011_lsoa_code,1,Hackney 015C,7,7,10,10,8,8,14,14,14,14,6,6,3,3,,
E01001790,1511,366,24.2223692918597,127,8.40502978160159,583,42,58,18,76,123,25,224,1876,1,direct_2011_lsoa_code,1,Hackney 013D,2,2,5,5,4,4,4,4,,18,4,4,5,5,,26
E01001791,1458,304,20.8504801097394,131,8.98491083676269,491,37,76,17,93,63,29,185,6994,3,direct_2011_lsoa_code,1,Hackney 015D,3,3,12,12,3,3,7,7,12,12,6,6,3,3,,
E01001792,1933,359,18.5721676151061,216,11.1743404035178,715,52,89,35,124,68,41,233,6784,3,direct_2011_lsoa_code,1,Hackney 011A,8,8,11,11,8,8,11,11,,18,9,9,2,2,,
E01001793,1584,321,20.2651515151515,151,9.53282828282828,603,36,87,29,116,76,12,204,10841,4,direct_2011_lsoa_code,1,Hackney 011B,6,6,14,14,10,10,8,8,,18,10,10,2,2,,
E01001794,1897,284,14.9710068529257,245,12.9151291512915,644,37,85,26,111,25,46,182,9886,4,direct_2011_lsoa_code,1,Hackney 011C,6,6,15,12,3,3,5,5,,17,4,4,3,3,,
E01001795,1302,208,15.9754224270353,96,7.37327188940092,514,25,77,14,91,30,20,141,7320,3,direct_2011_lsoa_code,1,Hackney 011D,6,6,12,12,9,9,4,4,11,11,7,7,2,2,,
E01001796,1475,229,15.5254237288136,93,6.30508474576271,634,32,54,28,82,43,18,143,8807,3,direct_2011_lsoa_code,1,Hackney 011E,4,4,6,6,10,10,10,10,8,8,3,3,3,3,,
E01001798,2327,635,27.2883541039966,168,7.21959604641169,725,66,112,20,132,77,71,280,2769,1,direct_2011_lsoa_code,1,Hackney 028A,8,8,6,6,9,9,10,10,,23,8,8,3,3,,28
E01001799,1506,560,37.1845949535193,108,7.17131474103586,453,38,146,5,151,27,10,188,9863,4,direct_2011_lsoa_code,1,Hackney 003A,5,5,11,11,5,5,14,14,,,14,14,6,6,,23
E01001800,1749,566,32.3613493424814,118,6.74671240708977,659,59,148,13,161,68,18,247,4523,2,direct_2011_lsoa_code,1,Hackney 004C,9,9,5,5,14,8,8,8,,21,13,10,2,2,,13
E01001801,1726,559,32.3870220162225,210,12.1668597914253,546,73,132,15,147,61,16,224,7336,3,direct_2011_lsoa_code,1,Hackney 008B,3,3,13,13,10,10,15,15,,,9,9,5,5,,24
E01001802,1376,364,26.453488372093,154,11.1918604651163,458,33,92,10,102,45,23,170,6460,2,direct_2011_lsoa_code,1,Hackney 003B,7,7,11,11,7,7,14,14,,,11,11,3,3,,21
E01001803,1803,331,18.3582917359956,176,9.76150859678314,685,58,112,27,139,49,12,200,18241,6,direct_2011_lsoa_code,1,Hackney 008C,8,8,15,15,9,9,8,8,,,9,9,2,2,,17
E01001804,1673,652,38.9719067543335,130,7.77047220561865,458,33,166,7,173,35,21,229,9895,4,direct_2011_lsoa_code,1,Hackney 003C,10,10,8,8,10,10,11,11,,29,15,15,5,5,,18
E01001805,1227,238,19.3969030154849,104,8.4759576202119,507,36,68,21,89,27,19,135,9451,3,direct_2011_lsoa_code,1,Hackney 009B,10,10,2,2,9,8,4,4,,26,9,9,2,2,,16
E01001806,1470,259,17.6190476190476,179,12.1768707482993,674,77,88,26,114,60,8,182,8025,3,direct_2011_lsoa_code,1,Hackney 008D,8,8,,13,2,2,7,7,,,6,6,3,3,,16
E01001807,1806,500,27.6854928017719,135,7.47508305647841,654,51,121,12,133,54,18,205,8454,3,direct_2011_lsoa_code,1,Hackney 003D,7,7,13,13,12,12,15,12,,24,13,11,5,5,,16
E01001808,1632,579,35.4779411764706,169,10.3553921568627,545,78,160,10,170,38,23,231,7625,3,direct_2011_lsoa_code,1,Hackney 001A,2,2,7,7,6,6,4,4,,20,3,3,2,2,,12
E01001809,1879,664,35.3379457158063,175,9.31346460883449,569,72,150,5,155,32,30,217,9795,3,direct_2011_lsoa_code,1,Hackney 001B,4,4,9,9,12,12,9,9,,20,7,7,4,4,,13
E01001811,1790,494,27.5977653631285,133,7.43016759776536,672,52,83,14,97,131,32,260,2394,1,direct_2011_lsoa_code,1,Hackney 002D,10,10,10,10,7,7,,15,,19,,12,5,5,,13
E01001812,1792,572,31.9196428571429,153,8.53794642857143,565,56,135,18,153,31,34,218,8096,3,direct_2011_lsoa_code,1,Hackney 003E,11,11,14,14,10,10,,16,,23,,15,7,7,,17
E01001813,1953,470,24.0655401945725,156,7.98771121351767,795,60,56,25,81,167,50,298,2413,1,direct_2011_lsoa_code,1,Hackney 002E,4,4,6,6,11,11,11,11,,22,6,6,3,3,5,5
E01001814,1701,588,34.5679012345679,107,6.29041740152851,555,31,161,15,176,49,18,243,6783,3,direct_2011_lsoa_code,1,Hackney 001C,3,3,6,6,8,8,1,1,,17,2,2,2,2,,10
E01001815,1772,336,18.961625282167,207,11.6817155756208,671,79,66,21,87,60,43,190,5285,2,direct_2011_lsoa_code,1,Hackney 024D,7,7,8,8,5,5,9,9,,26,7,7,2,2,,22
E01001816,1549,298,19.2382182052937,200,12.911555842479,618,48,90,21,111,57,24,192,10641,4,direct_2011_lsoa_code,1,Hackney 020D,5,5,12,12,5,5,6,6,,25,10,10,3,3,,25
E01001819,1586,233,14.6910466582598,294,18.5372005044136,746,117,75,25,100,27,18,145,9108,3,direct_2011_lsoa_code,1,Hackney 020E,4,4,11,11,6,6,4,4,,26,12,12,3,3,,26
E01001820,1388,243,17.507204610951,151,10.8789625360231,574,61,54,18,72,55,21,148,3969,2,direct_2011_lsoa_code,1,Hackney 024E,5,5,9,9,4,4,10,10,,25,10,10,3,3,,26
E01001821,1349,236,17.4944403261675,155,11.4899925871016,581,60,47,17,64,62,22,148,3434,2,direct_2011_lsoa_code,1,Hackney 024F,2,2,4,4,6,6,4,4,,24,4,4,1,1,,21
E01001822,1996,577,28.9078156312625,139,6.96392785571142,676,59,154,18,172,63,48,283,2917,1,direct_2011_lsoa_code,1,Hackney 029C,6,6,5,5,12,11,6,6,,27,5,5,3,3,,27
E01001823,1635,521,31.8654434250765,120,7.3394495412844,522,30,127,12,139,41,25,205,8874,3,direct_2011_lsoa_code,1,Hackney 001D,7,7,,19,9,9,,16,,,15,15,8,8,,22
E01001824,1625,625,38.4615384615385,139,8.55384615384615,506,55,138,19,157,47,18,222,6317,2,direct_2011_lsoa_code,1,Hackney 004D,6,6,6,6,2,2,8,8,,28,14,12,2,2,,22
E01001825,1347,481,35.7089829250186,136,10.0965107646622,402,33,134,4,138,24,6,168,9633,3,direct_2011_lsoa_code,1,Hackney 001E,5,5,15,15,5,5,12,12,,27,11,11,4,4,,17
E01001826,1574,554,35.1969504447268,126,8.00508259212198,526,65,135,16,151,48,21,220,6162,2,direct_2011_lsoa_code,1,Hackney 004E,3,3,9,9,3,3,8,8,,27,7,7,3,3,,17
E01001827,1646,467,28.3718104495747,167,10.1458080194411,592,72,94,14,108,82,23,213,5244,2,direct_2011_lsoa_code,1,Hackney 029D,6,6,13,13,6,6,7,7,,29,13,13,6,6,,27
E01001828,2050,497,24.2439024390244,176,8.58536585365854,816,66,93,27,120,102,42,264,6187,2,direct_2011_lsoa_code,1,Hackney 028B,2,2,11,11,12,12,6,6,,,11,11,1,1,,29
E01001829,1756,349,19.874715261959,176,10.0227790432802,663,34,142,39,181,22,18,221,17491,6,direct_2011_lsoa_code,1,Hackney 009C,3,3,3,3,2,2,12,11,,28,6,6,3,3,,20
E01001830,1877,256,13.6387852956846,190,10.1225359616409,901,78,62,21,83,64,29,176,6903,3,direct_2011_lsoa_code,1,Hackney 014C,10,10,3,3,6,6,12,12,,28,10,9,3,3,,21
E01001831,1678,174,10.3694874851013,168,10.0119189511323,785,64,58,17,75,32,14,121,8414,3,direct_2011_lsoa_code,1,Hackney 009D,7,7,4,4,4,4,11,11,,27,3,3,3,3,,17
E01001832,1658,253,15.2593486127865,145,8.74547647768396,627,28,72,16,88,47,31,166,8976,3,direct_2011_lsoa_code,1,Hackney 009E,10,10,5,5,3,3,14,14,,28,9,9,3,3,,22
E01001833,2118,371,17.5165250236072,137,6.46836638338055,922,53,97,34,131,83,39,253,7150,3,direct_2011_lsoa_code,1,Hackney 014D,12,12,9,9,8,8,9,9,,28,8,8,3,3,,22
E01001834,1988,311,15.6438631790744,116,5.83501006036217,807,34,95,19,114,66,27,207,7666,3,direct_2011_lsoa_code,1,Hackney 014E,6,6,8,7,7,7,4,4,,25,2,2,2,2,,21
E01001835,1234,170,13.7763371150729,98,7.94165316045381,492,22,62,17,79,22,15,116,13308,5,direct_2011_lsoa_code,1,Hackney 014F,5,5,9,9,6,6,6,6,,27,3,3,4,4,,23
E01001836,1855,291,15.6873315363881,161,8.67924528301887,814,60,79,23,102,70,26,198,10064,4,direct_2011_lsoa_code,1,Hackney 022A,3,3,13,11,8,8,13,12,,23,3,3,1,1,,17
E01001837,1443,234,16.2162162162162,164,11.3652113652114,638,56,87,25,112,36,11,159,16914,6,direct_2011_lsoa_code,1,Hackney 023B,11,11,11,11,9,9,10,10,,22,11,11,1,1,,12
E01001838,1815,478,26.33608815427,150,8.26446280991736,694,53,87,24,111,114,35,260,2780,1,direct_2011_lsoa_code,1,Hackney 019E,5,5,6,6,4,4,3,3,,20,7,7,5,5,,19
E01001839,2353,276,11.7297067573311,95,4.03739906502338,1040,49,65,27,92,72,24,188,4640,2,direct_2011_lsoa_code,1,Hackney 023C,7,7,0,0,3,3,5,5,,20,2,2,1,1,,17
E01001840,1603,315,19.6506550218341,198,12.3518402994386,660,94,57,29,86,76,27,189,4256,2,direct_2011_lsoa_code,1,Hackney 022B,2,2,6,6,4,4,6,6,,22,7,7,2,2,,22
E01001841,1365,244,17.8754578754579,179,13.1135531135531,631,76,73,16,89,42,25,156,7204,3,direct_2011_lsoa_code,1,Hackney 022C,5,5,11,11,8,8,12,12,,26,4,4,3,3,,21
E01001842,1528,267,17.4738219895288,118,7.72251308900524,640,47,44,18,62,89,26,177,4411,2,direct_2011_lsoa_code,1,Hackney 023D,8,8,5,5,5,5,6,6,,24,4,4,3,3,,17
E01001843,1206,227,18.8225538971808,109,9.03814262023217,473,33,65,19,84,53,17,154,7074,3,direct_2011_lsoa_code,1,Hackney 023E,4,4,10,10,2,2,8,8,,24,5,5,3,3,,22
E01001844,1916,323,16.8580375782881,156,8.1419624217119,710,49,94,25,119,61,31,211,9624,3,direct_2011_lsoa_code,1,Hackney 022D,8,8,6,6,3,3,7,7,,18,5,5,2,2,,25
E01001845,1585,296,18.6750788643533,178,11.2302839116719,728,74,50,17,67,91,17,175,2027,1,direct_2011_lsoa_code,1,Hackney 022E,10,10,14,14,5,5,10,10,,20,10,10,3,3,,26
E01001846,1209,191,15.7981803143093,181,14.9710504549214,539,75,39,12,51,57,20,128,2705,1,direct_2011_lsoa_code,1,Hackney 018A,8,8,12,12,7,7,10,10,,22,,16,1,1,,22
E01001847,1331,208,15.6273478587528,102,7.66341096919609,558,41,52,16,68,59,17,144,1315,1,direct_2011_lsoa_code,1,Hackney 018B,1,1,12,12,4,4,3,3,5,5,7,7,2,2,,28
E01001848,1975,365,18.4810126582279,186,9.41772151898734,694,86,95,18,113,105,33,251,4298,2,direct_2011_lsoa_code,1,Hackney 018C,2,2,14,14,5,5,5,5,11,11,5,5,3,3,,
E01001849,2452,384,15.6606851549755,83,3.38499184339315,1011,26,87,26,113,104,28,245,6227,2,direct_2011_lsoa_code,1,Hackney 018D,4,4,,16,2,2,13,13,,28,,18,2,2,,19
E01001850,1847,442,23.9306984298863,159,8.60855441256091,706,50,74,32,106,157,23,286,3486,2,direct_2011_lsoa_code,1,Hackney 019F,4,4,11,11,3,3,7,7,14,14,7,7,1,1,,
E01001851,1467,288,19.6319018404908,139,9.47511929107021,647,49,123,11,134,29,15,178,20771,7,direct_2011_lsoa_code,1,Hammersmith and Fulham 010A,2,2,5,5,8,8,4,4,,27,4,4,4,4,14,14
E01001852,1628,158,9.7051597051597,161,9.88943488943489,917,79,51,9,60,44,11,115,17221,6,direct_2011_lsoa_code,1,Hammersmith and Fulham 007A,6,6,4,4,8,8,4,4,,24,4,4,6,6,6,6
E01001853,1497,244,16.2992651970608,135,9.01803607214429,660,42,93,13,106,23,16,145,13706,5,direct_2011_lsoa_code,1,Hammersmith and Fulham 007B,8,8,9,9,10,10,8,8,,27,3,3,4,4,9,9
E01001854,1759,218,12.3934053439454,140,7.95906765207504,884,65,72,14,86,46,16,148,15003,5,direct_2011_lsoa_code,1,Hammersmith and Fulham 007C,8,8,7,7,8,8,6,6,,26,4,4,3,3,8,8
E01001855,1663,212,12.7480457005412,136,8.17799158147926,882,59,95,13,108,40,10,158,15740,5,direct_2011_lsoa_code,1,Hammersmith and Fulham 010B,7,7,5,5,12,12,4,4,,,7,7,10,10,8,8
E01001856,1647,307,18.6399514268367,140,8.50030358227079,720,44,89,18,107,57,23,187,7267,3,direct_2011_lsoa_code,1,Hammersmith and Fulham 010C,2,2,5,5,6,6,4,4,,25,3,3,3,3,11,11
E01001857,1548,233,15.0516795865633,179,11.5633074935401,782,93,59,15,74,63,17,154,4267,2,direct_2011_lsoa_code,1,Hammersmith and Fulham 007D,11,10,8,8,6,6,7,7,,22,2,2,1,1,7,7
E01001858,1754,203,11.5735461801596,174,9.92018244013683,723,75,58,10,68,57,20,145,7701,3,direct_2011_lsoa_code,1,Hammersmith and Fulham 006A,9,9,6,6,8,8,11,11,,,13,12,5,5,,14
E01001859,2704,568,21.0059171597633,161,5.95414201183432,1146,63,195,31,226,119,27,372,14141,5,direct_2011_lsoa_code,1,Hammersmith and Fulham 008A,2,2,9,9,6,6,9,9,,27,9,9,2,2,,18
E01001860,1711,262,15.31268264173,133,7.77323202805377,773,59,70,12,82,69,17,168,7131,3,direct_2011_lsoa_code,1,Hammersmith and Fulham 006B,5,5,2,2,10,10,9,9,,27,2,2,1,1,,19
E01001861,1406,260,18.4921763869132,140,9.95732574679943,628,61,82,11,93,50,10,153,7937,3,direct_2011_lsoa_code,1,Hammersmith and Fulham 006C,7,7,4,4,11,11,5,5,,27,4,4,2,2,,16
E01001862,1760,258,14.6590909090909,161,9.14772727272727,837,62,61,13,74,70,17,161,6802,3,direct_2011_lsoa_code,1,Hammersmith and Fulham 005A,4,4,8,8,4,4,5,5,,,5,5,6,6,14,14
E01001863,1410,219,15.531914893617,144,10.2127659574468,628,59,80,17,97,41,15,153,15265,5,direct_2011_lsoa_code,1,Hammersmith and Fulham 006D,4,4,6,6,3,3,10,10,,,7,7,5,5,,16
E01001864,1517,270,17.798286090969,170,11.206328279499,695,77,96,16,112,39,21,172,8604,3,direct_2011_lsoa_code,1,Hammersmith and Fulham 006E,7,7,6,6,7,7,11,11,,29,6,6,3,3,,18
E01001865,1585,307,19.3690851735016,159,10.0315457413249,673,50,125,20,145,29,18,192,20324,7,direct_2011_lsoa_code,1,Hammersmith and Fulham 008B,1,1,4,4,10,10,12,12,,28,3,3,3,3,,21
E01001866,1504,176,11.7021276595745,210,13.9627659574468,657,53,84,9,93,19,18,130,19847,7,direct_2011_lsoa_code,1,Hammersmith and Fulham 012A,3,3,8,8,3,3,7,7,,25,4,4,0,0,9,9
E01001867,1136,101,8.89084507042254,264,23.2394366197183,535,99,49,5,54,18,2,74,20289,7,direct_2011_lsoa_code,1,Hammersmith and Fulham 012B,9,9,13,13,7,7,11,11,,26,12,12,2,2,11,10
E01001868,1261,169,13.4020618556701,164,13.0055511498811,593,65,37,15,52,65,17,134,5585,2,direct_2011_lsoa_code,1,Hammersmith and Fulham 012C,5,5,13,13,4,4,5,5,,23,8,8,2,2,7,7
E01001869,1352,255,18.8609467455621,240,17.7514792899408,585,103,109,6,115,21,18,154,19649,6,direct_2011_lsoa_code,1,Hammersmith and Fulham 010D,2,2,7,7,2,2,2,2,,22,8,8,3,3,10,10
E01001870,1682,132,7.84780023781213,127,7.55053507728894,905,64,52,8,60,24,14,98,17083,6,direct_2011_lsoa_code,1,Hammersmith and Fulham 012D,8,8,13,13,8,8,8,8,,25,9,9,7,7,9,9
E01001871,1512,205,13.5582010582011,199,13.1613756613757,705,100,87,4,91,30,13,134,21856,7,direct_2011_lsoa_code,1,Hammersmith and Fulham 012E,7,7,11,11,7,7,10,10,,22,7,7,3,3,7,7
E01001872,1362,148,10.8663729809104,156,11.4537444933921,715,64,59,3,62,31,9,102,18352,6,direct_2011_lsoa_code,1,Hammersmith and Fulham 012F,9,9,,14,3,3,9,9,,22,6,6,6,6,6,6
E01001873,1503,254,16.8995342648037,161,10.7119095143047,703,64,76,24,100,66,13,179,12256,4,direct_2011_lsoa_code,1,Hammersmith and Fulham 010E,6,6,3,3,9,9,7,7,,,5,5,9,9,8,8
E01001875,1830,353,19.2896174863388,199,10.8743169398907,654,56,70,19,89,79,34,202,6449,2,direct_2011_lsoa_code,1,Hammersmith and Fulham 001B,7,7,11,11,13,13,11,11,11,11,8,8,5,5,,15
E01001876,2370,323,13.6286919831224,158,6.66666666666667,814,54,100,11,111,81,32,224,5098,2,direct_2011_lsoa_code,1,Hammersmith and Fulham 001C,6,6,12,12,7,7,,21,7,7,,18,9,9,,26
E01001877,1363,212,15.553925165077,128,9.39104915627293,610,41,52,14,66,51,19,136,6532,2,direct_2011_lsoa_code,1,Hammersmith and Fulham 001D,,16,,17,8,8,,18,,,,18,6,6,13,13
E01001878,1616,309,19.1212871287129,193,11.9430693069307,589,49,72,10,82,74,24,180,5979,2,direct_2011_lsoa_code,1,Hammersmith and Fulham 001E,7,7,10,10,11,11,10,10,14,14,7,7,6,6,14,14
E01001879,1452,201,13.8429752066116,157,10.8126721763085,633,61,68,9,77,31,16,124,12354,4,direct_2011_lsoa_code,1,Hammersmith and Fulham 019A,5,5,8,8,7,7,7,7,,26,10,10,5,5,,16
E01001880,1470,200,13.6054421768708,162,11.0204081632653,743,82,51,15,66,51,13,130,13446,5,direct_2011_lsoa_code,1,Hammersmith and Fulham 017A,12,12,,27,4,4,,22,,,15,25,13,13,15,15
E01001881,1875,238,12.6933333333333,186,9.92,819,47,87,14,101,32,21,154,18973,6,direct_2011_lsoa_code,1,Hammersmith and Fulham 017B,5,5,5,5,13,13,1,1,,20,2,2,0,0,10,10
E01001882,1643,210,12.7814972611077,126,7.66889835666464,710,32,98,7,105,15,14,134,20454,7,direct_2011_lsoa_code,1,Hammersmith and Fulham 017C,6,6,9,9,10,10,8,8,,22,8,8,3,3,,12
E01001883,1869,223,11.9315141787052,208,11.1289459604066,941,101,91,8,99,41,14,154,11772,4,direct_2011_lsoa_code,1,Hammersmith and Fulham 017D,8,8,13,13,6,6,12,12,,24,12,12,7,7,9,9
E01001884,1801,196,10.882842865075,239,13.270405330372,919,143,61,11,72,49,16,137,10214,4,direct_2011_lsoa_code,1,Hammersmith and Fulham 017E,7,7,4,4,8,8,5,5,,23,3,3,3,3,10,10
E01001885,1276,235,18.4169278996865,155,12.1473354231975,515,46,48,13,61,73,18,152,2091,1,direct_2011_lsoa_code,1,Hammersmith and Fulham 015A,4,4,3,3,5,5,2,2,,25,5,5,3,3,15,15
E01001886,1523,202,13.263296126067,172,11.2934996717006,626,51,55,11,66,63,16,145,10269,4,direct_2011_lsoa_code,1,Hammersmith and Fulham 016A,3,3,10,10,4,4,7,7,14,14,13,13,4,4,,19
E01001887,1460,200,13.6986301369863,207,14.1780821917808,634,98,71,11,82,32,13,127,11893,4,direct_2011_lsoa_code,1,Hammersmith and Fulham 016B,9,9,2,2,3,3,7,7,14,14,4,4,0,0,,12
E01001888,1551,202,13.0238555770471,184,11.8633139909736,616,61,89,6,95,21,15,131,23550,8,direct_2011_lsoa_code,1,Hammersmith and Fulham 018A,8,8,3,3,8,8,12,11,15,15,5,5,3,3,,13
E01001889,1389,184,13.2469402447804,128,9.21526277897768,574,51,77,9,86,18,8,112,14425,5,direct_2011_lsoa_code,1,Hammersmith and Fulham 014A,15,15,11,11,8,8,,16,5,5,6,6,8,8,8,8
E01001890,1712,167,9.75467289719626,96,5.60747663551402,740,43,67,7,74,32,15,121,20292,7,direct_2011_lsoa_code,1,Hammersmith and Fulham 016C,9,9,9,9,6,6,,14,3,3,5,5,4,4,13,13
E01001891,2543,307,12.0723554856469,214,8.41525756979945,1153,65,133,24,157,39,20,216,22811,7,direct_2011_lsoa_code,1,Hammersmith and Fulham 018B,5,5,8,8,4,4,12,12,12,12,5,5,4,4,,12
E01001892,1331,237,17.8061607813674,132,9.91735537190083,584,56,64,14,78,55,15,148,8819,3,direct_2011_lsoa_code,1,Hammersmith and Fulham 016D,7,7,10,10,4,4,12,12,7,7,8,8,9,9,11,11
E01001893,1490,247,16.5771812080537,149,10,641,48,67,17,84,64,15,163,6342,2,direct_2011_lsoa_code,1,Hammersmith and Fulham 013A,3,3,9,9,4,4,4,4,,21,10,10,4,4,10,10
E01001894,1375,137,9.96363636363636,139,10.1090909090909,704,62,40,10,50,45,11,106,7814,3,direct_2011_lsoa_code,1,Hammersmith and Fulham 013B,6,6,2,2,5,5,9,9,,27,8,8,2,2,9,9
E01001895,1459,257,17.6148046607265,161,11.0349554489376,641,54,84,12,96,39,24,159,14790,5,direct_2011_lsoa_code,1,Hammersmith and Fulham 009A,1,1,10,10,8,8,7,7,,,8,8,5,5,11,11
E01001896,1397,169,12.0973514674302,161,11.5246957766643,704,94,66,8,74,31,9,114,12744,4,direct_2011_lsoa_code,1,Hammersmith and Fulham 009B,10,10,13,13,12,12,1,1,,29,1,1,4,4,6,6
E01001897,1298,225,17.3343605546995,169,13.020030816641,558,55,97,13,110,33,13,156,18490,6,direct_2011_lsoa_code,1,Hammersmith and Fulham 009C,3,3,9,9,11,11,10,10,,28,10,10,6,6,11,11
E01001898,2090,262,12.5358851674641,152,7.27272727272727,950,62,105,15,120,46,14,180,12598,4,direct_2011_lsoa_code,1,Hammersmith and Fulham 013C,7,7,5,5,4,4,6,6,,21,6,6,2,2,4,4
E01001899,1597,229,14.3393863494051,205,12.8365685660614,791,103,52,10,62,81,22,165,3413,2,direct_2011_lsoa_code,1,Hammersmith and Fulham 013D,2,2,5,5,4,4,12,12,,25,9,9,0,0,8,8
E01001900,1718,261,15.1920838183935,217,12.6309662398137,717,54,56,15,71,71,22,164,5414,2,direct_2011_lsoa_code,1,Hammersmith and Fulham 013E,10,10,1,1,4,4,8,8,12,12,7,7,2,2,8,8
E01001901,1653,319,19.2982456140351,121,7.3200241984271,683,44,147,11,158,27,12,197,23507,8,direct_2011_lsoa_code,1,Hammersmith and Fulham 019B,7,7,10,10,14,14,8,8,,25,9,9,6,6,12,12
E01001902,1657,172,10.3802051901026,160,9.65600482800241,804,73,68,19,87,31,12,130,18248,6,direct_2011_lsoa_code,1,Hammersmith and Fulham 019C,6,6,5,5,11,11,7,7,,25,12,12,4,4,,15
E01001903,1435,216,15.0522648083624,154,10.7317073170732,593,51,62,9,71,43,18,132,10447,4,direct_2011_lsoa_code,1,Hammersmith and Fulham 019D,2,2,3,3,5,5,1,1,,21,13,11,2,2,,15
E01001904,1613,236,14.631122132672,127,7.8735275883447,712,47,113,18,131,18,11,160,25162,8,direct_2011_lsoa_code,1,Hammersmith and Fulham 022A,3,3,7,7,10,10,6,6,,25,14,13,6,6,,20
E01001905,1658,279,16.8275030156815,187,11.2786489746683,708,77,120,14,134,23,22,179,28139,9,direct_2011_lsoa_code,1,Hammersmith and Fulham 022B,3,3,10,10,14,14,12,12,,25,3,3,3,3,,16
E01001906,1452,248,17.0798898071625,109,7.5068870523416,623,43,109,17,126,30,14,170,24988,8,direct_2011_lsoa_code,1,Hammersmith and Fulham 022C,5,5,11,11,13,13,12,12,,27,9,9,3,3,,17
E01001907,1247,227,18.2036888532478,146,11.7080994386528,544,44,105,8,113,32,6,151,22696,7,direct_2011_lsoa_code,1,Hammersmith and Fulham 022D,4,4,7,7,13,13,10,10,,28,11,11,4,4,14,14
E01001908,1380,110,7.97101449275362,99,7.17391304347826,761,45,50,9,59,24,3,86,16979,6,direct_2011_lsoa_code,1,Hammersmith and Fulham 015B,6,6,14,14,9,9,8,8,,22,3,3,4,4,7,7
E01001909,1761,178,10.1078932424759,220,12.4929017603634,859,110,54,12,66,42,19,127,12383,4,direct_2011_lsoa_code,1,Hammersmith and Fulham 015C,5,5,10,10,3,3,6,6,,28,8,8,5,5,14,14
E01001910,1338,126,9.41704035874439,123,9.19282511210762,732,56,44,7,51,21,8,80,15768,5,direct_2011_lsoa_code,1,Hammersmith and Fulham 014B,9,9,,13,12,12,12,12,,20,4,4,8,8,5,5
E01001911,1710,331,19.3567251461988,162,9.47368421052632,705,66,73,7,80,107,30,217,6011,2,direct_2011_lsoa_code,1,Hammersmith and Fulham 015D,2,2,10,10,11,11,3,3,,23,4,4,2,2,7,7
E01001912,1454,286,19.6698762035763,152,10.4539202200825,524,41,52,7,59,72,34,165,5706,2,direct_2011_lsoa_code,1,Hammersmith and Fulham 015E,7,7,8,8,9,9,2,2,,26,5,5,3,3,11,11
E01001913,1385,106,7.65342960288809,108,7.79783393501805,711,70,50,8,58,18,5,81,23554,8,direct_2011_lsoa_code,1,Hammersmith and Fulham 014C,3,3,14,14,8,8,9,9,12,12,11,11,9,9,14,14
E01001914,1503,98,6.52029274783766,98,6.52029274783766,829,38,39,7,46,34,4,84,14365,5,direct_2011_lsoa_code,1,Hammersmith and Fulham 014D,7,7,11,11,6,6,8,8,,18,3,3,2,2,3,3
E01001915,1453,264,18.1693048864418,225,15.4852030282175,628,85,122,4,126,24,16,166,21120,7,direct_2011_lsoa_code,1,Hammersmith and Fulham 024A,5,5,13,13,8,8,,21,,29,12,12,8,8,,21
E01001916,1228,146,11.8892508143322,376,30.6188925081433,602,133,67,8,75,14,11,100,28505,9,direct_2011_lsoa_code,1,Hammersmith and Fulham 024B,10,10,11,11,4,4,,16,,29,,16,6,6,8,8
E01001917,1495,227,15.1839464882943,259,17.3244147157191,696,137,87,13,100,41,13,154,18372,6,direct_2011_lsoa_code,1,Hammersmith and Fulham 018C,2,2,11,11,1,1,13,13,,25,13,13,2,2,,23
E01001918,1509,300,19.8807157057654,162,10.7355864811133,615,67,128,18,146,36,14,196,23841,8,direct_2011_lsoa_code,1,Hammersmith and Fulham 018D,7,7,12,11,7,7,12,12,,21,7,7,3,3,,19
E01001919,1547,299,19.327731092437,254,16.4188752424047,597,81,138,14,152,12,21,185,26263,8,direct_2011_lsoa_code,1,Hammersmith and Fulham 018E,6,6,15,14,2,2,,17,,26,9,9,3,3,,21
E01001920,1447,165,11.4029025570145,211,14.5818935729095,776,99,49,7,56,48,11,115,7494,3,direct_2011_lsoa_code,1,Hammersmith and Fulham 020A,13,13,5,5,9,9,4,4,10,10,7,7,3,3,7,7
E01001921,1450,242,16.6896551724138,138,9.51724137931034,604,48,94,10,104,23,19,146,15164,5,direct_2011_lsoa_code,1,Hammersmith and Fulham 020B,13,12,5,5,10,10,4,4,10,10,7,7,3,3,7,7
E01001922,1623,353,21.7498459642637,186,11.460258780037,641,57,139,10,149,31,23,203,22079,7,direct_2011_lsoa_code,1,Hammersmith and Fulham 020C,4,4,5,5,5,5,5,5,,19,7,7,5,5,7,7
E01001923,1517,251,16.5458141067897,194,12.7883981542518,648,70,106,10,116,39,19,174,16437,6,direct_2011_lsoa_code,1,Hammersmith and Fulham 020D,9,9,11,11,7,7,7,7,14,14,9,9,0,0,12,12
E01001924,1546,319,20.633893919793,142,9.1849935316947,611,54,131,8,139,17,31,187,25569,8,direct_2011_lsoa_code,1,Hammersmith and Fulham 020E,6,6,11,11,6,6,3,3,,17,5,5,0,0,13,13
E01001925,1572,340,21.6284987277354,177,11.2595419847328,618,52,149,10,159,24,26,209,25768,8,direct_2011_lsoa_code,1,Hammersmith and Fulham 025A,5,5,5,5,2,2,8,8,,18,3,3,0,0,7,7
E01001926,1357,239,17.6123802505527,168,12.3802505526898,579,58,115,1,116,23,11,150,28809,9,direct_2011_lsoa_code,1,Hammersmith and Fulham 024C,6,6,3,3,7,7,13,13,,22,10,10,3,3,12,12
E01001927,1364,286,20.9677419354839,259,18.9882697947214,520,57,136,8,144,11,19,174,25171,8,direct_2011_lsoa_code,1,Hammersmith and Fulham 008C,8,8,14,14,6,6,,19,,,14,14,6,6,11,11
E01001928,1804,320,17.7383592017738,207,11.4745011086475,683,94,133,14,147,36,22,205,13864,5,direct_2011_lsoa_code,1,Hammersmith and Fulham 011A,2,2,7,7,4,4,15,15,,28,,11,2,2,8,8
E01001929,1347,288,21.380846325167,168,12.4721603563474,590,83,118,19,137,35,10,182,21853,7,direct_2011_lsoa_code,1,Hammersmith and Fulham 009D,5,5,11,11,8,8,13,13,,28,14,14,6,6,12,12
E01001930,1734,259,14.9365628604383,350,20.1845444059977,772,152,104,12,116,36,26,178,7537,3,direct_2011_lsoa_code,1,Hammersmith and Fulham 008D,12,12,6,6,5,5,,14,,,11,11,2,2,11,11
E01001931,1296,184,14.1975308641975,121,9.33641975308642,655,56,78,16,94,29,11,134,15702,5,direct_2011_lsoa_code,1,Hammersmith and Fulham 011B,8,8,6,6,7,7,,15,,,,13,3,3,7,7
E01001932,1595,234,14.6708463949843,147,9.21630094043887,746,53,80,13,93,57,9,159,10242,4,direct_2011_lsoa_code,1,Hammersmith and Fulham 011C,2,2,2,2,4,4,,15,,24,12,12,1,1,3,3
E01001933,1496,191,12.7673796791444,230,15.3743315508021,687,77,68,10,78,40,15,133,13652,5,direct_2011_lsoa_code,1,Hammersmith and Fulham 011D,3,3,6,6,1,1,,15,,,,12,4,4,10,10
E01001934,1958,407,20.7865168539326,190,9.70377936670072,795,73,108,22,130,72,34,236,11507,4,direct_2011_lsoa_code,1,Hammersmith and Fulham 025B,7,7,13,13,5,5,14,14,,27,12,12,1,1,,25
E01001935,2039,326,15.9882295242766,210,10.2991662579696,921,85,113,9,122,49,19,190,17011,6,direct_2011_lsoa_code,1,Hammersmith and Fulham 023A,4,4,10,10,5,5,9,9,,18,6,6,1,1,,20
E01001937,1790,350,19.5530726256983,208,11.6201117318436,728,51,144,12,156,34,16,206,20728,7,direct_2011_lsoa_code,1,Hammersmith and Fulham 025C,4,4,12,12,3,3,9,9,,25,9,9,5,5,,23
E01001938,1576,327,20.748730964467,150,9.51776649746193,634,59,73,19,92,67,25,184,9309,3,direct_2011_lsoa_code,1,Hammersmith and Fulham 025D,3,3,4,4,4,4,8,8,,18,11,9,0,0,,18
E01001940,1537,231,15.0292778139232,174,11.3207547169811,708,77,60,12,72,50,21,143,5966,2,direct_2011_lsoa_code,1,Hammersmith and Fulham 005B,5,5,7,7,4,4,3,3,,,4,4,4,4,8,8
E01001941,1565,142,9.07348242811502,95,6.0702875399361,770,45,48,4,52,33,13,98,7925,3,direct_2011_lsoa_code,1,Hammersmith and Fulham 005C,6,6,7,7,9,9,6,6,,25,4,4,3,3,3,3
E01001942,1838,235,12.7856365614799,145,7.88900979325354,867,56,74,17,91,27,30,148,11283,4,direct_2011_lsoa_code,1,Hammersmith and Fulham 005D,5,5,3,3,3,3,4,4,,29,4,4,4,4,10,9
E01001943,2262,327,14.4562334217507,164,7.25022104332449,1101,67,90,12,102,102,21,225,6650,3,direct_2011_lsoa_code,1,Hammersmith and Fulham 004A,11,11,7,7,9,9,9,9,,25,10,10,4,4,8,8
E01001944,1680,350,20.8333333333333,162,9.64285714285714,796,84,67,15,82,101,31,214,3478,2,direct_2011_lsoa_code,1,Hammersmith and Fulham 004B,4,4,7,7,0,0,13,13,,22,4,4,2,2,9,8
E01001945,1666,245,14.7058823529412,168,10.0840336134454,753,59,78,15,93,56,22,171,10706,4,direct_2011_lsoa_code,1,Hammersmith and Fulham 004C,10,10,4,4,9,9,4,4,,29,4,4,4,4,11,10
E01001946,1877,262,13.9584443260522,145,7.72509323388386,851,53,87,16,103,65,18,186,12811,4,direct_2011_lsoa_code,1,Hammersmith and Fulham 004D,9,9,6,6,8,8,8,8,,24,7,7,7,7,9,9
E01001947,1416,274,19.3502824858757,141,9.95762711864407,587,47,52,13,65,91,21,177,5002,2,direct_2011_lsoa_code,1,Hammersmith and Fulham 021A,3,3,7,7,9,9,4,4,,20,4,4,1,1,7,7
E01001948,1869,293,15.6768325307651,158,8.45371856607812,841,55,125,14,139,36,12,187,19353,6,direct_2011_lsoa_code,1,Hammersmith and Fulham 021B,5,5,5,5,7,7,4,4,,23,5,5,3,3,4,4
E01001949,1476,263,17.8184281842818,105,7.11382113821138,643,46,128,8,136,18,14,168,27040,9,direct_2011_lsoa_code,1,Hammersmith and Fulham 021C,2,2,10,10,13,13,6,6,,25,7,7,4,4,11,11
E01001950,1492,312,20.9115281501341,115,7.70777479892761,596,37,145,9,154,19,17,190,24876,8,direct_2011_lsoa_code,1,Hammersmith and Fulham 021D,5,5,7,7,9,9,3,3,,22,2,2,2,2,7,7
E01001951,1512,225,14.8809523809524,136,8.99470899470899,694,55,80,12,92,37,19,148,16651,6,direct_2011_lsoa_code,1,Hammersmith and Fulham 021E,4,4,2,2,5,5,9,9,,23,8,8,3,3,8,8
E01001952,1649,159,9.64220739842329,129,7.82292298362644,827,58,58,11,69,31,13,113,18223,6,direct_2011_lsoa_code,1,Hammersmith and Fulham 024D,8,8,3,3,11,11,,13,,26,13,11,3,3,9,9
E01001953,1463,169,11.5516062884484,128,8.74914559125086,679,66,53,9,62,41,17,120,12704,4,direct_2011_lsoa_code,1,Hammersmith and Fulham 021F,6,6,5,5,9,9,7,7,,17,4,4,3,3,6,6
E01001954,1525,293,19.2131147540984,185,12.1311475409836,665,91,91,11,102,69,19,190,9370,3,direct_2011_lsoa_code,1,Hammersmith and Fulham 003A,7,7,4,4,6,6,9,9,,26,4,4,4,4,,14
E01001955,2113,411,19.4510175106484,219,10.3644107903455,825,57,123,16,139,88,29,256,4877,2,direct_2011_lsoa_code,1,Hammersmith and Fulham 002A,3,3,2,2,1,1,5,5,,24,6,6,4,4,,16
E01001956,1575,311,19.7460317460317,203,12.8888888888889,597,74,87,10,97,62,27,186,9420,3,direct_2011_lsoa_code,1,Hammersmith and Fulham 003B,6,6,7,7,10,10,8,8,,24,9,9,4,4,,19
E01001957,1626,398,24.4772447724477,154,9.47109471094711,584,37,79,9,88,105,30,223,4637,2,direct_2011_lsoa_code,1,Hammersmith and Fulham 002B,9,9,10,10,4,4,8,8,,18,7,7,4,4,7,7
E01001958,1723,363,21.0679048171793,119,6.90655832849681,601,29,73,22,95,98,46,239,4675,2,direct_2011_lsoa_code,1,Hammersmith and Fulham 002C,4,4,11,11,6,6,6,6,10,10,6,6,2,2,13,13
E01001959,2019,393,19.4650817236256,202,10.0049529470035,579,47,96,15,111,54,46,211,4238,2,direct_2011_lsoa_code,1,Hammersmith and Fulham 003C,9,9,9,9,6,6,10,10,,20,9,9,3,3,,21
E01001960,1794,289,16.1092530657748,113,6.29877369007804,773,42,90,18,108,57,24,189,15773,5,direct_2011_lsoa_code,1,Hammersmith and Fulham 003D,7,7,5,5,8,8,3,3,,25,2,2,3,3,14,11
E01001961,1573,402,25.5562619198983,126,8.01017164653528,530,44,85,15,100,99,27,226,3771,2,direct_2011_lsoa_code,1,Hammersmith and Fulham 002D,3,3,9,9,1,1,3,3,14,14,3,3,3,3,13,13
E01001962,1819,485,26.6630016492578,227,12.4793842770753,639,67,179,39,218,68,21,307,18441,6,direct_2011_lsoa_code,1,Haringey 004A,12,12,,24,14,14,,21,,,,20,14,14,,24
E01001963,1798,424,23.5817575083426,248,13.7931034482759,679,67,188,29,217,40,18,275,26300,9,direct_2011_lsoa_code,1,Haringey 009A,5,5,,19,5,5,8,8,,27,8,8,7,7,,19
E01001964,1632,362,22.1813725490196,184,11.2745098039216,638,53,132,20,152,32,42,226,19124,6,direct_2011_lsoa_code,1,Haringey 009B,14,14,,14,7,7,,18,,26,,16,2,2,,15
E01001965,1637,414,25.2901649358583,193,11.7898594990837,630,63,183,33,216,44,15,275,23030,8,direct_2011_lsoa_code,1,Haringey 009C,,16,,16,6,6,14,14,,24,15,13,6,6,,16
E01001966,1412,290,20.5382436260623,249,17.6345609065156,514,52,140,14,154,23,14,191,20730,7,direct_2011_lsoa_code,1,Haringey 009D,,18,,13,8,8,,19,,,,19,3,3,,18
E01001967,1495,282,18.8628762541806,289,19.3311036789298,604,51,136,16,152,21,13,186,25963,8,direct_2011_lsoa_code,1,Haringey 014A,8,8,10,10,13,13,9,9,,,9,9,8,8,,22
E01001968,1648,325,19.7208737864078,211,12.8033980582524,694,58,154,21,175,40,17,232,23140,8,direct_2011_lsoa_code,1,Haringey 014B,7,7,10,10,13,13,7,7,,27,9,9,3,3,,18
E01001969,1968,309,15.7012195121951,251,12.7540650406504,870,109,90,33,123,71,32,226,9566,3,direct_2011_lsoa_code,1,Haringey 001A,9,9,9,9,2,2,14,14,,23,14,14,8,8,13,13
E01001970,1904,299,15.703781512605,155,8.14075630252101,747,48,75,18,93,75,36,204,9598,3,direct_2011_lsoa_code,1,Haringey 004B,7,7,7,7,5,5,10,10,,16,7,7,3,3,7,7
E01001971,1906,340,17.8384050367261,196,10.2833158447009,814,95,87,28,115,98,29,242,4922,2,direct_2011_lsoa_code,1,Haringey 001B,6,6,12,10,1,1,11,11,,22,11,11,5,5,14,11
E01001972,1712,308,17.9906542056075,220,12.8504672897196,731,83,84,22,106,74,28,208,9943,4,direct_2011_lsoa_code,1,Haringey 004C,3,3,13,13,5,5,11,11,,22,13,13,3,3,14,13
E01001973,2545,537,21.1001964636542,327,12.8487229862475,1003,111,161,41,202,123,35,360,15884,5,direct_2011_lsoa_code,1,Haringey 004D,5,5,9,9,6,6,5,5,,18,9,9,5,5,8,8
E01001974,2214,386,17.4345076784101,204,9.21409214092141,976,62,141,39,180,76,32,288,14821,5,direct_2011_lsoa_code,1,Haringey 001C,6,6,6,6,9,9,11,11,,15,6,6,5,5,6,6
E01001975,1826,333,18.236582694414,148,8.10514786418401,815,51,100,30,130,74,29,233,13355,5,direct_2011_lsoa_code,1,Haringey 001D,14,14,5,5,3,3,,17,,26,13,11,7,7,14,14
E01001976,1869,366,19.5826645264848,148,7.91867308721241,687,48,74,26,100,75,81,256,4917,2,direct_2011_lsoa_code,1,Haringey 011A,5,5,10,10,10,10,8,8,,29,10,10,0,0,,21
E01001977,1515,314,20.7260726072607,158,10.4290429042904,606,54,62,23,85,90,33,208,3940,2,direct_2011_lsoa_code,1,Haringey 011B,4,4,6,6,10,10,9,9,,28,14,14,3,3,,23
E01001978,1927,335,17.3845355474831,186,9.65230928905034,783,73,76,25,101,95,36,232,4152,2,direct_2011_lsoa_code,1,Haringey 011C,8,8,8,8,10,10,6,6,,29,8,8,0,0,,18
E01001979,2290,421,18.3842794759825,188,8.20960698689956,927,66,112,23,135,120,42,297,3861,2,direct_2011_lsoa_code,1,Haringey 011D,3,3,3,3,11,11,3,3,,28,3,3,3,3,,14
E01001980,1817,302,16.6208035222895,172,9.46615299944964,698,52,82,24,106,58,33,197,8788,3,direct_2011_lsoa_code,1,Haringey 018A,10,10,15,15,4,4,,18,,25,9,9,2,2,,21
E01001981,1799,256,14.2301278488049,160,8.89382990550306,647,44,64,15,79,62,61,202,8167,3,direct_2011_lsoa_code,1,Haringey 018B,8,8,6,6,7,7,6,6,,25,6,6,4,4,,16
E01001982,1800,369,20.5,193,10.7222222222222,718,71,83,24,107,74,43,224,7077,3,direct_2011_lsoa_code,1,Haringey 018C,11,11,13,13,10,10,13,13,,24,5,5,4,4,,19
E01001983,1662,310,18.6522262334537,173,10.4091456077016,649,38,89,30,119,57,29,205,9236,3,direct_2011_lsoa_code,1,Haringey 018D,11,11,13,13,7,7,,19,,24,10,10,4,4,,21
E01001984,1748,262,14.9885583524027,265,15.1601830663616,955,142,96,24,120,40,11,171,14754,5,direct_2011_lsoa_code,1,Haringey 033A,4,4,10,8,2,2,9,8,,23,8,7,2,2,,16
E01001985,1621,309,19.0623072177668,194,11.9679210363973,725,68,139,21,160,33,19,212,24521,8,direct_2011_lsoa_code,1,Haringey 033B,9,9,9,9,3,3,7,7,,28,8,8,7,7,,22
E01001986,1566,271,17.3052362707535,182,11.6219667943806,698,65,119,23,142,28,11,181,21667,7,direct_2011_lsoa_code,1,Haringey 034A,7,7,10,10,11,11,15,15,,,13,13,4,4,,22
E01001987,1705,305,17.8885630498534,274,16.0703812316716,762,104,145,24,169,21,12,202,25129,8,direct_2011_lsoa_code,1,Haringey 033C,6,6,6,6,9,9,,17,,21,9,9,5,5,8,8
E01001988,1664,293,17.6081730769231,211,12.6802884615385,788,92,118,33,151,33,16,200,17894,6,direct_2011_lsoa_code,1,Haringey 034B,2,2,4,4,10,10,9,9,,29,7,7,2,2,,22
E01001989,1718,296,17.2293364377183,274,15.9487776484284,760,96,158,18,176,25,12,213,19138,6,direct_2011_lsoa_code,1,Haringey 033D,5,5,14,14,5,5,10,10,,22,10,10,5,5,,20
E01001990,1948,298,15.2977412731006,173,8.88090349075975,934,67,93,24,117,58,17,192,18313,6,direct_2011_lsoa_code,1,Haringey 034C,6,6,0,0,10,10,5,5,,23,0,0,0,0,,17
E01001991,1659,330,19.8915009041591,196,11.8143459915612,736,76,136,29,165,60,10,235,18931,6,direct_2011_lsoa_code,1,Haringey 017A,9,9,6,6,7,7,3,3,,,5,5,4,4,,18
E01001992,1751,353,20.1599086236436,292,16.6761850371216,674,80,171,20,191,28,16,235,27577,9,direct_2011_lsoa_code,1,Haringey 017B,8,8,13,13,12,12,15,15,,,15,15,9,9,,19
E01001993,1669,390,23.3672857998802,287,17.1959257040144,603,78,196,14,210,17,13,240,28651,9,direct_2011_lsoa_code,1,Haringey 017C,1,1,9,9,6,6,10,10,,29,10,10,6,6,,18
E01001994,1806,308,17.0542635658915,331,18.327796234773,742,89,132,18,150,24,24,198,24362,8,direct_2011_lsoa_code,1,Haringey 030A,11,11,14,14,5,5,10,10,,26,10,10,8,8,9,9
E01001995,2681,650,24.2446848190974,243,9.06378217083178,945,77,207,40,247,116,50,413,10079,4,direct_2011_lsoa_code,1,Haringey 017D,6,6,,20,5,5,13,13,,,14,14,5,5,,
E01001996,1491,313,20.9926224010731,198,13.2796780684105,618,63,124,30,154,40,15,209,24875,8,direct_2011_lsoa_code,1,Haringey 014C,4,4,15,15,13,13,10,10,,,12,12,1,1,,22
E01001997,1781,302,16.9567658618754,153,8.5906793935991,703,57,138,25,163,44,17,224,19221,6,direct_2011_lsoa_code,1,Haringey 014D,7,7,6,6,,14,5,5,,29,7,7,2,2,,20
E01001998,1934,275,14.2192347466391,190,9.82419855222337,824,50,104,32,136,36,22,194,16516,6,direct_2011_lsoa_code,1,Haringey 023A,2,2,8,8,5,5,8,8,,28,8,8,8,8,13,13
E01001999,2436,416,17.0771756978654,199,8.16912972085386,963,55,135,37,172,58,53,283,9806,3,direct_2011_lsoa_code,1,Haringey 023B,6,6,2,2,8,8,3,3,,19,2,2,1,1,15,10
E01002000,1763,257,14.5774248440159,141,7.9977311401021,738,46,95,32,127,37,22,186,15505,5,direct_2011_lsoa_code,1,Haringey 031A,7,7,8,8,8,8,9,9,,26,8,8,7,7,,15
E01002001,1597,194,12.1477770820288,152,9.51784596117721,685,34,76,25,101,26,13,140,13735,5,direct_2011_lsoa_code,1,Haringey 031B,6,6,4,4,8,8,4,4,,27,5,5,3,3,,14
E01002002,1692,181,10.6973995271868,159,9.39716312056738,798,48,68,23,91,30,12,133,4676,2,direct_2011_lsoa_code,1,Haringey 031C,14,14,9,9,3,3,14,14,,25,9,9,8,8,8,8
E01002003,2556,385,15.0625978090767,143,5.59467918622848,1136,54,105,21,126,119,41,286,5261,2,direct_2011_lsoa_code,1,Haringey 023C,6,6,3,3,3,3,4,4,,21,8,8,1,1,7,7
E01002004,1810,260,14.3646408839779,218,12.0441988950276,721,55,92,32,124,33,24,181,15817,5,direct_2011_lsoa_code,1,Haringey 023D,4,4,7,7,4,4,5,5,,25,8,8,4,4,12,12
E01002005,1458,154,10.562414266118,107,7.33882030178327,737,39,70,14,84,23,7,114,17870,6,direct_2011_lsoa_code,1,Haringey 035A,6,6,5,5,,13,,15,,16,9,7,0,0,9,8
E01002006,1535,214,13.9413680781759,135,8.79478827361564,771,69,88,21,109,47,7,163,18324,6,direct_2011_lsoa_code,1,Haringey 035B,3,3,14,14,10,10,11,11,,17,,15,3,3,,15
E01002007,1440,209,14.5138888888889,249,17.2916666666667,686,75,98,16,114,24,3,141,22397,7,direct_2011_lsoa_code,1,Haringey 035C,6,6,6,6,13,13,12,12,,17,8,8,6,6,9,9
E01002008,1341,293,21.8493661446682,274,20.4325130499627,527,83,126,12,138,21,18,177,25611,8,direct_2011_lsoa_code,1,Haringey 030B,14,14,14,14,10,10,15,15,8,8,,23,8,8,,22
E01002009,1412,187,13.2436260623229,233,16.5014164305949,654,78,97,15,112,21,13,146,21826,7,direct_2011_lsoa_code,1,Haringey 035D,9,9,11,11,10,10,,17,12,12,14,13,3,3,14,13
E01002010,1594,282,17.6913425345044,291,18.2559598494354,698,91,111,24,135,52,16,203,14235,5,direct_2011_lsoa_code,1,Haringey 030C,4,4,12,12,8,8,10,10,12,12,15,16,5,5,,15
E01002011,1748,284,16.2471395881007,198,11.3272311212815,781,66,116,29,145,30,11,186,13214,5,direct_2011_lsoa_code,1,Haringey 030D,10,10,10,10,7,7,13,13,,20,6,6,2,2,6,6
E01002013,1360,278,20.4411764705882,179,13.1617647058824,569,58,110,30,140,36,9,185,22009,7,direct_2011_lsoa_code,1,Haringey 022A,8,8,12,10,4,4,15,15,,,,16,4,4,,21
E01002014,1731,235,13.5759676487579,183,10.5719237435009,838,82,82,31,113,47,17,177,13122,4,direct_2011_lsoa_code,1,Haringey 020B,3,3,7,7,3,3,10,10,,,5,5,4,4,,14
E01002015,1426,231,16.1991584852735,237,16.6199158485274,633,73,65,30,95,46,16,157,9999,4,direct_2011_lsoa_code,1,Haringey 020C,5,5,9,9,6,6,10,10,,,9,9,3,3,,21
E01002016,1913,307,16.048092002091,177,9.25248301097752,877,66,106,32,138,61,22,221,13101,4,direct_2011_lsoa_code,1,Haringey 028A,9,9,10,10,4,4,,15,,,5,5,4,4,,18
E01002017,1570,259,16.4968152866242,170,10.828025477707,651,57,94,28,122,46,17,185,11671,4,direct_2011_lsoa_code,1,Haringey 028B,3,3,2,2,5,5,9,9,,29,7,7,2,2,,16
E01002018,1375,257,18.6909090909091,186,13.5272727272727,595,81,88,28,116,51,17,184,9786,3,direct_2011_lsoa_code,1,Haringey 020D,6,6,7,7,5,5,,18,,,,19,7,7,,21
E01002019,1369,242,17.6771365960555,264,19.2841490138787,545,49,106,12,118,32,20,170,27449,9,direct_2011_lsoa_code,1,Haringey 022B,11,11,4,4,11,11,6,6,,,11,11,3,3,,22
E01002020,1547,245,15.8371040723982,214,13.8332255979315,701,77,95,23,118,37,21,176,16855,6,direct_2011_lsoa_code,1,Haringey 021A,8,8,7,7,14,11,5,5,,,7,7,1,1,,21
E01002021,1427,249,17.4491941135249,324,22.7049754730203,564,76,119,18,137,13,19,169,24077,8,direct_2011_lsoa_code,1,Haringey 022C,12,12,6,6,3,3,13,13,,,,14,3,3,,21
E01002022,2164,364,16.8207024029575,319,14.7412199630314,980,115,148,23,171,56,16,243,19545,6,direct_2011_lsoa_code,1,Haringey 021B,5,5,3,3,13,12,6,6,,25,6,6,0,0,,13
E01002023,1368,233,17.0321637426901,296,21.6374269005848,589,109,112,15,127,20,12,159,18466,6,direct_2011_lsoa_code,1,Haringey 021C,11,11,8,8,,14,9,9,,,10,10,7,7,,20
E01002024,1271,214,16.8371361132966,202,15.8929976396538,524,50,94,13,107,27,10,144,16274,5,direct_2011_lsoa_code,1,Haringey 022D,10,10,11,11,6,6,7,7,,,6,6,5,5,,24
E01002025,1478,275,18.6062246278755,264,17.8619756427605,600,61,141,20,161,17,12,190,27147,9,direct_2011_lsoa_code,1,Haringey 021D,12,12,14,14,15,21,14,14,,29,15,16,9,9,15,15
E01002026,1783,294,16.489063376332,185,10.3757711721817,757,63,64,18,82,84,30,196,2796,1,direct_2011_lsoa_code,1,Haringey 016A,6,6,2,2,12,11,13,12,,19,4,4,3,3,8,8
E01002027,1429,179,12.5262421273618,162,11.3365990202939,552,56,55,13,68,28,26,122,8044,3,direct_2011_lsoa_code,1,Haringey 010A,6,6,6,6,5,5,5,5,,24,9,9,6,6,10,10
E01002028,1657,251,15.1478575739288,154,9.29390464695232,625,41,81,14,95,46,31,172,9520,3,direct_2011_lsoa_code,1,Haringey 010B,9,9,9,9,3,3,7,7,,28,,16,4,4,,15
E01002029,2108,279,13.2352941176471,148,7.02087286527514,730,42,72,22,94,66,35,195,5426,2,direct_2011_lsoa_code,1,Haringey 016B,5,5,3,3,4,4,10,10,,18,7,7,3,3,6,6
E01002030,1563,214,13.6916186820218,161,10.3007037747921,640,43,50,18,68,52,27,147,12975,4,direct_2011_lsoa_code,1,Haringey 016C,9,9,3,3,0,0,6,6,,25,8,8,7,7,13,13
E01002031,1871,234,12.5066809192945,181,9.67397113842865,750,44,63,20,83,59,22,164,6590,3,direct_2011_lsoa_code,1,Haringey 016D,12,12,5,5,9,9,8,8,,20,5,5,3,3,4,4
E01002032,1843,282,15.3011394465545,145,7.86760716223549,731,51,83,21,104,80,29,213,5050,2,direct_2011_lsoa_code,1,Haringey 010C,6,6,11,11,6,6,9,9,,27,13,13,6,6,15,14
E01002033,1800,280,15.5555555555556,182,10.1111111111111,691,53,76,15,91,77,46,214,4748,2,direct_2011_lsoa_code,1,Haringey 010D,4,4,7,7,7,7,12,12,,19,7,7,6,6,7,7
E01002034,2490,714,28.6746987951807,134,5.38152610441767,1018,56,140,39,179,219,37,435,1966,1,direct_2011_lsoa_code,1,Haringey 037A,7,7,3,3,14,14,3,3,,21,3,3,0,0,,21
E01002036,1863,412,22.1148684916801,160,8.58829844337091,696,56,81,20,101,102,44,247,1464,1,direct_2011_lsoa_code,1,Haringey 002A,6,6,5,5,6,6,10,10,,26,8,8,0,0,,27
E01002037,1718,336,19.557625145518,175,10.186263096624,688,53,62,26,88,91,44,223,3076,1,direct_2011_lsoa_code,1,Haringey 002B,,22,,20,,19,,24,,,,20,2,2,,24
E01002038,1796,398,22.1603563474388,160,8.9086859688196,712,70,80,21,101,107,39,247,2736,1,direct_2011_lsoa_code,1,Haringey 037B,4,4,2,2,10,10,6,6,,23,6,6,0,0,,18
E01002039,1673,392,23.4309623430962,132,7.89001793185894,621,36,98,14,112,110,32,254,1411,1,direct_2011_lsoa_code,1,Haringey 002C,6,6,12,12,5,5,,15,,,4,4,2,2,,
E01002040,2269,454,20.0088144557074,246,10.8417805200529,876,104,83,29,112,109,71,292,2791,1,direct_2011_lsoa_code,1,Haringey 002D,9,9,12,12,8,8,,18,,,7,7,5,5,,27
E01002041,1868,398,21.3062098501071,225,12.0449678800857,731,77,82,27,109,89,47,245,4881,2,direct_2011_lsoa_code,1,Haringey 037C,3,3,7,7,4,4,8,8,,26,10,10,6,6,,24
E01002042,1566,253,16.1558109833972,152,9.70625798212005,592,51,76,26,102,30,28,160,15502,5,direct_2011_lsoa_code,1,Haringey 027A,5,5,7,7,9,9,9,9,11,11,7,7,1,1,,15
E01002043,1810,348,19.2265193370166,154,8.50828729281768,702,41,101,34,135,61,35,231,9360,3,direct_2011_lsoa_code,1,Haringey 026A,5,5,10,10,5,5,9,9,12,12,5,5,2,2,,17
E01002044,1784,251,14.0695067264574,145,8.12780269058296,710,38,62,12,74,46,53,173,11412,4,direct_2011_lsoa_code,1,Haringey 027B,6,6,2,2,10,10,5,5,14,14,2,2,2,2,,10
E01002045,2132,480,22.5140712945591,137,6.42589118198874,825,55,133,32,165,105,38,308,8899,3,direct_2011_lsoa_code,1,Haringey 026B,3,3,12,12,9,9,6,6,8,8,14,14,5,5,,15
E01002046,1618,262,16.1928306551298,223,13.7824474660074,662,78,58,14,72,68,37,177,7221,3,direct_2011_lsoa_code,1,Haringey 026C,6,6,14,12,3,3,9,9,11,11,14,12,1,1,10,9
E01002047,1657,210,12.6735063367532,119,7.18165359082679,629,30,66,23,89,28,18,135,11874,4,direct_2011_lsoa_code,1,Haringey 027C,9,9,8,8,2,2,6,6,,20,5,5,5,5,,14
E01002048,1905,246,12.9133858267717,178,9.34383202099738,739,55,76,15,91,51,34,176,10638,4,direct_2011_lsoa_code,1,Haringey 027D,4,4,5,5,4,4,7,7,,20,6,6,6,6,15,14
E01002049,1899,346,18.2201158504476,193,10.1632438125329,699,65,85,19,104,67,49,220,7343,3,direct_2011_lsoa_code,1,Haringey 026D,7,7,12,10,4,4,6,6,8,8,9,9,3,3,,15
E01002050,1990,805,40.4522613065327,136,6.83417085427136,473,25,180,9,189,25,21,235,11791,4,direct_2011_lsoa_code,1,Haringey 029A,5,5,,15,9,9,,14,,25,15,12,4,4,13,12
E01002051,1870,488,26.096256684492,141,7.54010695187166,684,50,98,9,107,72,33,212,5369,2,direct_2011_lsoa_code,1,Haringey 029B,5,5,12,10,6,6,11,9,,18,10,8,1,1,9,7
E01002052,2205,854,38.7301587301587,150,6.80272108843538,505,32,201,12,213,27,40,280,8956,3,direct_2011_lsoa_code,1,Haringey 029C,7,7,,19,7,7,,17,,,,16,4,4,,18
E01002053,2023,471,23.2822540781018,190,9.39199209095403,725,77,100,20,120,83,35,238,5534,2,direct_2011_lsoa_code,1,Haringey 032A,7,7,15,15,1,1,,14,,16,15,15,4,4,,14
E01002054,1693,374,22.0909627879504,120,7.08800945067927,678,45,77,11,88,114,32,234,5281,2,direct_2011_lsoa_code,1,Haringey 032B,8,8,,12,2,2,12,12,11,11,,12,2,2,13,9
E01002055,2102,907,43.1493815413892,128,6.08943862987631,500,22,176,29,205,28,33,266,11825,4,direct_2011_lsoa_code,1,Haringey 029D,4,4,11,11,10,7,9,9,,16,7,7,2,2,13,8
E01002056,2922,488,16.7008898015058,141,4.82546201232033,923,73,126,34,160,75,40,275,8479,3,direct_2011_lsoa_code,1,Haringey 032C,3,3,14,11,2,2,14,14,12,12,,11,0,0,,9
E01002057,1794,252,14.0468227424749,171,9.53177257525084,594,39,78,12,90,41,32,163,12189,4,direct_2011_lsoa_code,1,Haringey 032D,7,7,14,14,10,10,11,11,9,9,14,14,10,10,,17
E01002058,1572,213,13.5496183206107,138,8.77862595419847,648,42,79,15,94,37,29,160,10897,4,direct_2011_lsoa_code,1,Haringey 031D,14,14,7,7,15,16,10,10,,27,7,7,5,5,13,13
E01002059,1563,258,16.5067178502879,208,13.3077415227127,698,83,112,19,131,37,18,186,13380,5,direct_2011_lsoa_code,1,Haringey 028C,7,7,9,9,8,8,,17,,,13,13,3,3,,25
E01002060,1707,278,16.2858816637376,183,10.7205623901582,750,53,102,35,137,38,16,191,22247,7,direct_2011_lsoa_code,1,Haringey 028D,8,8,12,12,9,9,,16,,,10,10,6,6,,23
E01002061,1542,176,11.4137483787289,186,12.0622568093385,692,45,82,17,99,15,8,122,19827,7,direct_2011_lsoa_code,1,Haringey 036A,3,3,5,5,8,8,14,14,,,15,15,2,2,,21
E01002062,1741,233,13.3831131533601,188,10.7983917288914,826,58,83,24,107,35,19,161,18183,6,direct_2011_lsoa_code,1,Haringey 034D,9,9,14,14,11,11,8,8,,,9,9,6,6,,18
E01002063,1506,209,13.8778220451527,158,10.4913678618858,711,75,74,25,99,35,11,145,12876,4,direct_2011_lsoa_code,1,Haringey 036B,9,9,12,12,4,4,13,13,,,12,12,2,2,,18
E01002064,1478,197,13.3288227334235,149,10.0811907983762,652,43,63,11,74,44,11,129,7606,3,direct_2011_lsoa_code,1,Haringey 036C,10,10,6,6,7,7,5,5,,28,5,5,4,4,,13
E01002065,1597,202,12.6487163431434,123,7.70194113963682,740,58,72,15,87,23,15,125,9234,3,direct_2011_lsoa_code,1,Haringey 036D,0,0,6,6,5,5,9,9,,22,2,2,4,4,9,9
E01002066,2612,484,18.5298621745789,132,5.05359877488515,909,50,105,20,125,142,55,322,2497,1,direct_2011_lsoa_code,1,Haringey 025A,8,8,4,4,1,1,5,5,,23,8,7,0,0,8,8
E01002067,1739,251,14.4335825186889,224,12.8809660724554,734,87,50,22,72,59,43,174,4260,2,direct_2011_lsoa_code,1,Haringey 024A,8,8,12,12,6,6,,16,,22,9,9,1,1,,18
E01002068,2243,327,14.5786892554614,145,6.46455639768168,860,51,98,21,119,81,38,238,7220,3,direct_2011_lsoa_code,1,Haringey 025B,8,8,9,9,7,7,11,11,,,9,9,4,4,10,10
E01002069,2050,281,13.7073170731707,279,13.609756097561,967,147,70,17,87,88,28,203,4272,2,direct_2011_lsoa_code,1,Haringey 024B,12,12,4,4,6,6,15,15,,25,5,5,5,5,8,8
E01002070,2550,406,15.921568627451,226,8.86274509803922,1076,82,113,41,154,80,48,282,10051,4,direct_2011_lsoa_code,1,Haringey 024C,9,9,4,4,6,6,14,14,,20,6,6,0,0,13,10
E01002071,1777,365,20.5402363534046,151,8.49746764209342,700,73,66,36,102,97,41,240,1685,1,direct_2011_lsoa_code,1,Haringey 025C,4,4,8,8,6,6,4,4,,27,10,10,3,3,9,9
E01002072,1877,260,13.8518913159297,267,14.2248268513586,680,67,55,12,67,71,30,168,5544,2,direct_2011_lsoa_code,1,Haringey 025D,7,7,7,7,0,0,12,12,,21,8,8,3,3,5,5
E01002073,1644,291,17.7007299270073,154,9.36739659367397,660,45,71,11,82,86,31,199,4466,2,direct_2011_lsoa_code,1,Haringey 024D,12,12,3,3,1,1,,15,,20,4,4,4,4,5,5
E01002074,2248,583,25.9341637010676,209,9.29715302491103,856,82,112,25,137,112,54,303,4179,2,direct_2011_lsoa_code,1,Haringey 012A,6,6,4,4,10,10,10,9,,27,10,9,4,4,,19
E01002075,1972,428,21.7038539553753,171,8.67139959432049,723,68,86,41,127,121,25,273,6284,2,direct_2011_lsoa_code,1,Haringey 015A,6,6,,17,15,15,,19,,,14,14,3,3,,24
E01002076,1856,407,21.9288793103448,185,9.9676724137931,680,54,72,18,90,115,58,263,6556,2,direct_2011_lsoa_code,1,Haringey 015B,7,7,12,12,7,7,13,13,,,9,9,1,1,,21
E01002077,2271,450,19.8150594451783,182,8.01409070893879,856,49,94,27,121,141,63,325,4915,2,direct_2011_lsoa_code,1,Haringey 012B,6,6,4,4,11,11,4,4,,28,4,4,2,2,,15
E01002078,2552,391,15.3213166144201,202,7.9153605015674,1133,97,90,54,144,105,36,285,6136,2,direct_2011_lsoa_code,1,Haringey 015C,13,13,15,14,9,9,13,13,,,15,15,4,4,10,10
E01002079,1805,400,22.1606648199446,167,9.25207756232687,607,44,91,15,106,58,45,209,9991,4,direct_2011_lsoa_code,1,Haringey 012C,8,8,10,10,5,5,10,10,,,6,6,2,2,,21
E01002081,1927,342,17.7477944992216,246,12.7659574468085,680,78,54,23,77,75,54,206,2971,1,direct_2011_lsoa_code,1,Haringey 012D,5,5,5,5,8,8,5,5,,26,6,6,3,3,9,9
E01002082,1414,219,15.4879773691655,186,13.1541725601132,570,50,45,13,58,74,25,157,546,1,direct_2011_lsoa_code,1,Haringey 013A,14,14,9,9,9,9,9,9,,,,20,5,5,,22
E01002083,1393,210,15.0753768844221,193,13.8549892318737,535,50,55,21,76,28,47,151,16376,5,direct_2011_lsoa_code,1,Haringey 019A,5,5,5,5,10,10,4,4,,25,13,12,5,5,12,11
E01002084,1762,314,17.8206583427923,181,10.272417707151,656,53,96,22,118,53,36,207,9491,3,direct_2011_lsoa_code,1,Haringey 019B,6,6,2,2,7,7,11,11,,25,11,11,0,0,14,14
E01002085,2174,370,17.0193192272309,194,8.92364305427783,796,56,98,35,133,67,53,253,8908,3,direct_2011_lsoa_code,1,Haringey 019C,10,10,5,5,4,4,9,9,,21,9,9,3,3,7,7
E01002086,1498,194,12.9506008010681,162,10.8144192256342,618,30,70,25,95,37,24,156,6661,3,direct_2011_lsoa_code,1,Haringey 013B,9,9,8,8,7,7,,19,,25,13,13,2,2,,19
E01002087,1914,281,14.6812957157785,174,9.09090909090909,849,57,106,16,122,63,27,212,5776,2,direct_2011_lsoa_code,1,Haringey 019D,6,6,3,3,4,4,10,10,,21,8,8,4,4,10,10
E01002088,1797,318,17.6961602671119,226,12.5765164162493,668,52,86,20,106,61,49,216,11266,4,direct_2011_lsoa_code,1,Haringey 013C,11,11,10,10,6,6,6,6,,29,,17,6,6,,20
E01002089,1348,319,23.6646884272997,146,10.8308605341246,512,55,59,15,74,97,20,191,2662,1,direct_2011_lsoa_code,1,Haringey 013D,5,5,10,10,3,3,13,13,,,,15,0,0,,23
E01002090,1739,309,17.7688326624497,186,10.6958021851639,638,45,80,13,93,59,41,193,4418,2,direct_2011_lsoa_code,1,Haringey 005A,,24,,19,9,9,,23,,,,19,10,10,,26
E01002091,1842,334,18.1324647122693,259,14.0608034744843,635,85,74,18,92,69,62,223,3886,2,direct_2011_lsoa_code,1,Haringey 006A,3,3,9,9,14,14,12,12,,18,9,9,4,4,,24
E01002092,1598,383,23.9674593241552,121,7.57196495619524,648,41,86,14,100,136,32,268,5577,2,direct_2011_lsoa_code,1,Haringey 006B,11,11,14,13,,17,4,4,,18,5,5,2,2,,27
E01002093,1838,331,18.0087051142546,195,10.6093579978237,659,54,105,19,124,79,38,241,2674,1,direct_2011_lsoa_code,1,Haringey 005B,,20,7,7,12,12,,17,,24,6,6,5,5,,24
E01002094,1444,244,16.8975069252078,141,9.76454293628809,530,37,65,16,81,79,35,195,3922,2,direct_2011_lsoa_code,1,Haringey 006C,9,9,10,10,10,10,12,12,,24,14,14,4,4,,25
E01002095,1587,315,19.8487712665406,154,9.70384373030876,620,55,71,16,87,92,44,223,2671,1,direct_2011_lsoa_code,1,Haringey 006D,4,4,9,9,5,5,5,5,,24,9,9,5,5,,24
E01002096,1689,296,17.5251628182356,202,11.959739490823,585,72,72,22,94,68,49,211,3397,2,direct_2011_lsoa_code,1,Haringey 005C,14,14,8,8,3,3,12,12,,23,8,8,3,3,,20
E01002097,1598,318,19.8998748435544,124,7.75969962453066,592,45,83,21,104,80,32,216,3670,2,direct_2011_lsoa_code,1,Haringey 005D,10,10,14,13,6,6,7,7,,26,15,15,4,4,,17
E01002098,1528,258,16.8848167539267,162,10.6020942408377,649,65,80,40,120,34,23,177,12784,4,direct_2011_lsoa_code,1,Haringey 007A,2,2,5,5,4,4,3,3,,18,5,5,2,2,8,8
E01002099,2016,379,18.7996031746032,183,9.07738095238095,801,59,103,14,117,91,38,246,4119,2,direct_2011_lsoa_code,1,Haringey 008A,4,4,10,10,4,4,8,8,,23,9,9,3,3,13,12
E01002100,1785,337,18.8795518207283,187,10.4761904761905,659,49,87,23,110,71,40,221,6336,2,direct_2011_lsoa_code,1,Haringey 008B,5,5,15,12,2,2,8,8,,25,15,12,4,4,,18
E01002101,1982,385,19.4248234106963,165,8.32492431886983,738,63,125,33,158,40,65,263,13136,4,direct_2011_lsoa_code,1,Haringey 007B,13,13,7,7,9,9,,15,,26,14,12,3,3,,15
E01002102,1927,388,20.1349247535029,206,10.6901920083031,718,55,89,17,106,73,53,232,8989,3,direct_2011_lsoa_code,1,Haringey 007C,9,9,,17,8,8,,16,,26,,17,4,4,,16
E01002103,1853,298,16.082029141932,221,11.9266055045872,689,48,74,21,95,55,49,199,10425,4,direct_2011_lsoa_code,1,Haringey 008C,8,8,,15,5,5,13,13,,25,,14,4,4,,13
E01002104,1455,194,13.3333333333333,196,13.4707903780069,510,39,50,10,60,31,47,138,10478,4,direct_2011_lsoa_code,1,Haringey 008D,10,10,,15,3,3,13,13,,25,,14,2,2,,13
E01002105,2075,263,12.6746987951807,177,8.53012048192771,890,59,83,21,104,51,41,196,9038,3,direct_2011_lsoa_code,1,Haringey 007D,6,6,2,2,2,2,3,3,,17,2,2,3,3,5,5
E01002106,2032,408,20.0787401574803,354,17.4212598425197,645,56,137,12,149,19,69,237,23970,8,direct_2011_lsoa_code,1,Harrow 008A,6,6,,23,,23,9,9,,,10,10,6,6,,24
E01002107,1819,403,22.1550302363936,303,16.6575041231446,567,53,157,4,161,28,45,234,28989,9,direct_2011_lsoa_code,1,Harrow 012A,11,11,,17,10,10,,27,,27,13,13,6,6,,19
E01002108,1840,377,20.4891304347826,292,15.8695652173913,548,43,168,3,171,12,55,238,26452,9,direct_2011_lsoa_code,1,Harrow 008B,14,14,,23,13,13,15,15,,,12,12,4,4,,22
E01002109,1871,392,20.9513629075361,358,19.1341528594335,646,66,168,6,174,27,41,242,25766,8,direct_2011_lsoa_code,1,Harrow 008C,4,4,,23,,17,,25,,,,20,4,4,,21
E01002110,1663,298,17.919422730006,275,16.5363800360794,534,49,129,3,132,17,43,192,27531,9,direct_2011_lsoa_code,1,Harrow 008D,9,9,,19,7,7,,25,,29,11,11,5,5,,20
E01002111,2197,431,19.6176604460628,382,17.3873463814292,683,48,163,5,168,37,73,278,19020,6,direct_2011_lsoa_code,1,Harrow 008E,7,7,,20,15,15,7,7,,,4,4,2,2,,22
E01002112,1996,361,18.0861723446894,398,19.939879759519,735,93,172,11,183,25,35,243,29072,9,direct_2011_lsoa_code,1,Harrow 001A,,23,,20,,22,13,13,,28,11,11,5,5,12,12
E01002113,1561,268,17.1684817424728,303,19.4106342088405,595,75,118,7,125,24,29,178,18020,6,direct_2011_lsoa_code,1,Harrow 002A,15,15,,25,11,11,,,,,,25,11,11,15,24
E01002114,2229,388,17.4069089277703,565,25.347689546882,1013,260,145,9,154,57,36,247,12948,4,direct_2011_lsoa_code,1,Harrow 001B,,,,,,,,,,,,,7,7,,
E01002115,1464,231,15.7786885245902,276,18.8524590163934,509,59,104,3,107,12,29,148,21124,7,direct_2011_lsoa_code,1,Harrow 002B,11,11,13,13,,23,,23,,,,21,11,11,14,14
E01002116,1590,260,16.3522012578616,422,26.5408805031447,625,99,115,6,121,18,30,169,26311,9,direct_2011_lsoa_code,1,Harrow 002C,13,13,11,11,,16,,19,13,13,13,13,5,5,15,14
E01002118,1879,356,18.9462480042576,341,18.1479510377861,677,83,111,23,134,45,53,232,15531,5,direct_2011_lsoa_code,1,Harrow 002E,10,10,7,7,10,10,,14,9,8,10,9,0,0,13,8
E01002119,2508,539,21.4912280701754,231,9.21052631578947,870,48,175,11,186,68,83,337,14963,5,direct_2011_lsoa_code,1,Harrow 007A,10,10,8,8,6,6,,15,12,12,14,13,6,6,,13
E01002120,1363,306,22.450476889215,209,15.3338224504769,468,63,87,6,93,42,40,175,7228,3,direct_2011_lsoa_code,1,Harrow 007B,10,10,15,18,12,12,,24,,18,11,11,6,6,10,10
E01002121,1823,372,20.4059243006034,261,14.3170597915524,529,34,121,2,123,20,70,213,22384,7,direct_2011_lsoa_code,1,Harrow 007C,8,8,15,15,5,5,,21,,19,15,18,1,1,,15
E01002122,1860,353,18.9784946236559,256,13.7634408602151,561,54,124,6,130,28,77,235,18298,6,direct_2011_lsoa_code,1,Harrow 007D,8,8,13,13,15,15,13,13,15,19,,18,5,5,,18
E01002123,1715,350,20.4081632653061,217,12.6530612244898,513,39,87,4,91,23,80,194,16942,6,direct_2011_lsoa_code,1,Harrow 007E,11,11,8,8,,22,11,11,15,15,,17,7,7,14,14
E01002124,1792,360,20.0892857142857,220,12.2767857142857,495,38,100,10,110,25,77,212,19547,6,direct_2011_lsoa_code,1,Harrow 010A,4,4,7,7,13,13,,24,,25,7,7,6,6,,17
E01002125,1972,396,20.0811359026369,221,11.2068965517241,558,36,111,17,128,31,75,234,18470,6,direct_2011_lsoa_code,1,Harrow 010B,11,11,5,5,,16,,15,,22,6,6,1,1,15,14
E01002127,1837,308,16.7664670658683,319,17.3652694610778,648,89,139,11,150,15,37,202,20756,7,direct_2011_lsoa_code,1,Harrow 023B,5,5,10,10,,16,11,11,,21,12,11,6,6,9,9
E01002128,2115,391,18.4869976359338,214,10.1182033096927,807,56,145,21,166,52,48,266,16310,5,direct_2011_lsoa_code,1,Harrow 020A,2,2,8,8,10,10,7,7,,22,7,7,6,6,11,11
E01002129,2731,485,17.759062614427,225,8.23874038813621,1196,80,246,9,255,51,43,349,16216,5,direct_2011_lsoa_code,1,Harrow 023C,6,6,7,7,7,7,10,10,,23,11,11,6,6,8,8
E01002130,2907,656,22.5662194702442,190,6.5359477124183,1112,60,206,23,229,112,71,412,11018,4,direct_2011_lsoa_code,1,Harrow 020B,0,0,3,3,15,14,9,9,,21,3,3,1,1,11,10
E01002131,1712,342,19.9766355140187,280,16.3551401869159,611,101,84,12,96,41,53,190,8650,3,direct_2011_lsoa_code,1,Harrow 023D,11,11,14,14,12,12,,19,,28,13,13,11,11,5,5
E01002132,2037,387,18.9985272459499,258,12.6656848306333,817,82,162,11,173,53,36,262,25446,8,direct_2011_lsoa_code,1,Harrow 029A,2,2,12,12,11,11,14,14,15,15,9,9,1,1,15,12
E01002133,2043,426,20.8516886930984,276,13.5095447870778,807,112,108,8,116,93,55,264,6641,3,direct_2011_lsoa_code,1,Harrow 027A,,25,,,10,10,,,,16,,23,13,13,,
E01002134,1490,256,17.1812080536913,229,15.3691275167785,586,67,104,4,108,30,28,166,25562,8,direct_2011_lsoa_code,1,Harrow 029B,13,13,,24,,24,,22,11,11,14,14,9,9,,26
E01002135,2013,360,17.8837555886736,308,15.3005464480874,709,84,135,15,150,47,51,248,18752,6,direct_2011_lsoa_code,1,Harrow 029C,10,10,11,11,14,14,6,6,14,14,8,8,4,4,9,9
E01002136,2031,411,20.2363367799114,272,13.3924175283112,707,71,145,17,162,36,52,250,21233,7,direct_2011_lsoa_code,1,Harrow 027B,9,9,,15,3,3,4,4,,28,4,4,2,2,,15
E01002137,1748,470,26.8878718535469,120,6.8649885583524,446,39,75,10,85,18,8,111,30813,10,direct_2011_lsoa_code,1,Harrow 029D,10,10,14,14,10,10,,19,,17,10,10,3,3,13,13
E01002138,1610,334,20.7453416149068,192,11.9254658385093,507,46,128,2,130,31,49,210,16583,6,direct_2011_lsoa_code,1,Harrow 027C,14,14,15,15,4,4,3,3,,29,3,3,4,4,,15
E01002139,1502,305,20.306258322237,182,12.1171770972037,499,64,81,9,90,48,43,181,7669,3,direct_2011_lsoa_code,1,Harrow 006A,5,5,,16,11,11,,15,,,,15,5,5,,27
E01002140,1795,355,19.7771587743733,297,16.5459610027855,614,77,115,13,128,39,46,213,15873,5,direct_2011_lsoa_code,1,Harrow 005A,10,10,13,13,13,13,13,13,,,13,13,8,8,,27
E01002141,1792,331,18.4709821428571,378,21.09375,652,119,118,10,128,26,54,208,18818,6,direct_2011_lsoa_code,1,Harrow 005B,3,3,,,,,,21,,,,22,6,6,,
E01002142,1856,352,18.9655172413793,336,18.1034482758621,658,71,123,10,133,48,51,232,19554,6,direct_2011_lsoa_code,1,Harrow 005C,10,10,5,5,6,6,7,7,,,6,6,2,2,,19
E01002143,1629,365,22.4063842848373,200,12.2774708410068,536,38,109,14,123,42,37,202,14373,5,direct_2011_lsoa_code,1,Harrow 005D,10,10,14,14,15,15,12,12,,,12,12,5,5,,27
E01002144,1622,278,17.1393341553638,388,23.921085080148,573,82,112,12,124,26,24,174,20101,7,direct_2011_lsoa_code,1,Harrow 004A,,,,,,,,,,,,,,,,
E01002145,1685,293,17.3887240356083,440,26.1127596439169,623,118,96,10,106,39,33,178,18154,6,direct_2011_lsoa_code,1,Harrow 005E,,16,,17,,21,,19,,,,19,4,4,,28
E01002146,1466,273,18.6221009549795,311,21.2141882673943,508,58,141,5,146,12,26,184,31847,10,direct_2011_lsoa_code,1,Harrow 004B,9,9,,,12,12,,,,,,,,,,
E01002147,1356,178,13.1268436578171,399,29.424778761062,490,60,84,5,89,9,29,127,26037,8,direct_2011_lsoa_code,1,Harrow 004C,,,,,,,,,,,,,,,,
E01002148,1466,276,18.8267394270123,285,19.4406548431105,490,41,120,5,125,12,37,174,24001,8,direct_2011_lsoa_code,1,Harrow 006B,12,12,11,11,11,11,,14,,,,13,4,4,,26
E01002149,1317,207,15.7175398633257,383,29.081245254366,473,41,113,2,115,9,15,139,30915,10,direct_2011_lsoa_code,1,Harrow 004D,,18,,18,11,11,7,7,,,10,10,6,6,,23
E01002150,2402,675,28.1015820149875,374,15.5703580349709,895,140,215,18,233,44,29,306,23608,8,direct_2011_lsoa_code,1,Harrow 006C,,22,,18,,21,,17,,,12,12,10,10,,
E01002151,1566,302,19.2848020434227,258,16.4750957854406,526,82,90,14,104,47,49,200,6225,2,direct_2011_lsoa_code,1,Harrow 006D,3,3,,13,,15,,14,,,,14,3,3,,27
E01002152,1615,293,18.1424148606811,404,25.015479876161,634,107,157,8,165,28,19,212,28974,9,direct_2011_lsoa_code,1,Harrow 006E,,18,,14,14,14,5,5,,,7,7,1,1,,20
E01002153,1880,341,18.1382978723404,374,19.8936170212766,623,78,144,9,153,19,57,229,29775,10,direct_2011_lsoa_code,1,Harrow 019A,8,8,11,11,8,8,5,5,,,13,13,5,5,11,11
E01002155,1726,342,19.8146002317497,347,20.1042873696408,631,93,165,13,178,22,24,224,28451,9,direct_2011_lsoa_code,1,Harrow 019B,10,10,15,15,,27,,,,,,27,13,13,,24
E01002156,1565,274,17.5079872204473,320,20.4472843450479,521,45,119,6,125,13,35,173,28427,9,direct_2011_lsoa_code,1,Harrow 015B,12,12,,21,,25,,21,,,,25,6,6,,21
E01002157,1697,310,18.2675309369476,283,16.6764879198586,590,57,125,8,133,30,45,208,23409,8,direct_2011_lsoa_code,1,Harrow 019C,9,9,4,4,6,6,12,12,,25,,13,5,5,4,4
E01002158,1408,240,17.0454545454545,279,19.8153409090909,493,46,124,10,134,12,27,173,29427,9,direct_2011_lsoa_code,1,Harrow 019D,14,14,14,14,7,7,,21,,,15,19,8,8,12,12
E01002159,1927,364,18.8894654903996,296,15.3606642449403,686,47,158,10,168,36,33,237,21098,7,direct_2011_lsoa_code,1,Harrow 021A,14,14,,14,7,7,,21,,,,21,7,7,13,13
E01002160,2473,520,21.0270926000809,210,8.49171047310958,939,44,235,16,251,67,48,366,20906,7,direct_2011_lsoa_code,1,Harrow 021B,15,15,9,9,11,11,,19,,28,,17,4,4,15,15
E01002161,2059,403,19.5726080621661,297,14.4244779018941,712,67,141,13,154,51,53,258,19247,6,direct_2011_lsoa_code,1,Harrow 021C,,16,6,6,10,10,13,12,,29,,15,2,2,6,6
E01002162,1926,425,22.0664589823468,239,12.4091381100727,680,60,145,14,159,51,46,256,16353,5,direct_2011_lsoa_code,1,Harrow 015C,12,12,15,15,,20,,16,,,,16,1,1,,16
E01002163,1650,305,18.4848484848485,292,17.6969696969697,538,56,135,5,140,20,32,192,23147,8,direct_2011_lsoa_code,1,Harrow 015D,,21,,17,11,11,,17,,,,22,7,7,,17
E01002164,1923,404,21.0088403536141,251,13.052522100884,709,58,146,28,174,53,45,272,26005,8,direct_2011_lsoa_code,1,Harrow 021D,12,12,,20,7,7,12,12,,,12,12,6,6,,23
E01002165,1762,301,17.0828603859251,232,13.16685584563,533,40,84,11,95,25,69,189,19339,6,direct_2011_lsoa_code,1,Harrow 017A,13,13,10,10,10,10,10,10,10,10,15,15,5,5,,16
E01002166,1707,316,18.5120093731693,277,16.2272993555946,488,45,80,3,83,16,82,181,20715,7,direct_2011_lsoa_code,1,Harrow 017B,7,7,15,15,15,15,10,10,,27,12,12,8,8,,21
E01002167,1609,285,17.7128651336234,231,14.3567433188316,472,53,68,5,73,17,64,154,14079,5,direct_2011_lsoa_code,1,Harrow 017C,8,8,9,9,11,11,,20,,26,10,10,9,9,,19
E01002168,1546,294,19.0168175937904,190,12.2897800776197,508,61,97,8,105,35,41,181,10183,4,direct_2011_lsoa_code,1,Harrow 017D,2,2,8,8,4,4,,28,,26,14,14,8,8,,18
E01002169,1667,289,17.3365326934613,284,17.0365926814637,530,51,73,7,80,30,70,180,16024,5,direct_2011_lsoa_code,1,Harrow 017E,5,5,7,7,4,4,13,13,13,13,,16,6,6,9,9
E01002170,1370,261,19.051094890511,194,14.1605839416058,402,34,66,4,70,20,53,143,17473,6,direct_2011_lsoa_code,1,Harrow 033A,,13,,17,11,11,,18,,28,,15,4,4,,19
E01002171,1704,320,18.7793427230047,282,16.5492957746479,538,46,109,8,117,25,62,204,22823,7,direct_2011_lsoa_code,1,Harrow 033B,7,7,,20,14,14,11,11,,29,8,8,8,8,,20
E01002172,1611,332,20.6083178150217,224,13.9044072004966,490,47,98,9,107,21,68,196,21241,7,direct_2011_lsoa_code,1,Harrow 033C,9,9,14,14,9,9,,21,,,,16,1,1,14,14
E01002173,1910,295,15.4450261780105,401,20.9947643979058,568,43,87,7,94,10,69,173,20318,7,direct_2011_lsoa_code,1,Harrow 033D,10,10,,20,15,15,,22,,,,19,6,6,,23
E01002174,1569,235,14.9776927979605,355,22.6258763543658,494,39,80,5,85,14,60,159,24165,8,direct_2011_lsoa_code,1,Harrow 033E,10,10,,20,11,11,,21,,29,,18,3,3,,22
E01002175,1422,255,17.9324894514768,287,20.182841068917,402,35,61,0,61,12,63,136,22661,7,direct_2011_lsoa_code,1,Harrow 033F,14,14,,18,15,15,,17,,29,10,10,5,5,,20
E01002176,1698,273,16.0777385159011,312,18.3745583038869,514,36,94,6,100,14,53,167,21152,7,direct_2011_lsoa_code,1,Harrow 033G,14,14,12,12,9,9,13,13,,,14,14,13,13,8,8
E01002177,1478,251,16.9824086603518,248,16.7794316644114,475,35,89,7,96,14,50,160,20015,7,direct_2011_lsoa_code,1,Harrow 033H,14,14,,29,14,14,14,14,,,9,9,4,4,,26
E01002178,1635,256,15.6574923547401,286,17.4923547400612,508,36,103,2,105,17,47,169,24508,8,direct_2011_lsoa_code,1,Harrow 033I,10,10,,26,3,3,,21,,,12,12,9,9,,29
E01002179,2634,601,22.8170083523159,290,11.0098709187547,912,56,203,20,223,93,70,386,13474,5,direct_2011_lsoa_code,1,Harrow 013A,9,9,6,6,,22,13,13,,,9,9,3,3,7,7
E01002181,2335,480,20.5567451820128,233,9.97858672376874,848,53,194,25,219,41,48,308,21668,7,direct_2011_lsoa_code,1,Harrow 020C,8,8,14,14,,19,15,15,,,,16,4,4,,18
E01002182,2147,447,20.8197484862599,241,11.2249650675361,693,40,161,15,176,33,68,277,19260,6,direct_2011_lsoa_code,1,Harrow 020D,6,6,11,11,,20,2,2,,27,7,7,5,5,9,9
E01002183,2108,414,19.6394686907021,380,18.0265654648956,668,64,115,9,124,44,77,245,15115,5,direct_2011_lsoa_code,1,Harrow 013C,12,12,,19,15,15,15,15,,,,18,7,7,,22
E01002184,1927,414,21.4841722885314,259,13.4405812143228,650,73,127,13,140,47,69,256,15620,5,direct_2011_lsoa_code,1,Harrow 013D,8,8,,20,,16,11,11,,,12,12,7,7,,23
E01002185,1854,387,20.873786407767,194,10.4638619201726,642,56,128,13,141,63,39,243,7721,3,direct_2011_lsoa_code,1,Harrow 009A,9,9,13,13,,15,,24,,,,15,4,4,,19
E01002186,1933,412,21.3140196585618,296,15.3129849974133,786,118,152,19,171,61,33,265,15554,5,direct_2011_lsoa_code,1,Harrow 009B,12,12,6,6,5,5,,17,,,15,12,0,0,,14
E01002187,1984,398,20.0604838709677,437,22.0262096774194,757,116,175,13,188,39,38,265,21695,7,direct_2011_lsoa_code,1,Harrow 009C,,24,12,12,9,9,,18,,,13,13,6,6,,20
E01002188,1608,273,16.9776119402985,445,27.6741293532338,630,105,148,13,161,9,22,192,32125,10,direct_2011_lsoa_code,1,Harrow 016A,,24,12,12,14,14,,21,,,13,13,10,10,15,23
E01002189,1734,313,18.0507497116494,381,21.9723183391003,719,111,146,12,158,36,29,223,29842,10,direct_2011_lsoa_code,1,Harrow 016B,,16,6,6,8,8,,22,,,10,10,8,8,9,9
E01002190,1706,296,17.3505275498242,452,26.4947245017585,606,85,149,6,155,8,29,192,29270,9,direct_2011_lsoa_code,1,Harrow 009D,,24,,26,,25,,,,,,25,12,12,,27
E01002191,2022,443,21.9090009891197,308,15.2324431256182,657,56,211,7,218,26,42,286,28891,9,direct_2011_lsoa_code,1,Harrow 022A,15,15,,,,,,,,,,,,,,
E01002192,1684,326,19.3586698337292,414,24.58432304038,668,127,165,5,170,11,23,204,28705,9,direct_2011_lsoa_code,1,Harrow 016C,9,9,11,11,7,7,,25,,,11,11,9,9,13,13
E01002193,2047,512,25.0122129946263,275,13.4342940889106,742,77,214,15,229,61,36,326,23375,8,direct_2011_lsoa_code,1,Harrow 016D,9,9,11,11,8,8,,21,,,6,6,2,2,9,9
E01002194,1835,429,23.3787465940055,368,20.0544959128065,655,75,201,6,207,24,28,259,30112,10,direct_2011_lsoa_code,1,Harrow 022B,15,15,,19,7,7,,26,,,13,13,6,6,,20
E01002195,1656,321,19.3840579710145,302,18.2367149758454,601,76,185,5,190,21,18,229,29769,10,direct_2011_lsoa_code,1,Harrow 022C,15,15,,18,8,8,,16,,,,16,4,4,,19
E01002196,1825,416,22.7945205479452,368,20.1643835616438,607,57,198,9,207,12,32,251,30139,10,direct_2011_lsoa_code,1,Harrow 022D,,22,,19,,20,,25,,,,18,8,8,,21
E01002197,1416,267,18.8559322033898,276,19.4915254237288,419,45,88,3,91,13,53,157,22180,7,direct_2011_lsoa_code,1,Harrow 012B,8,8,,18,2,2,,20,,,,17,3,3,,23
E01002198,1814,312,17.199558985667,218,12.0176405733186,498,34,96,6,102,10,75,187,20803,7,direct_2011_lsoa_code,1,Harrow 010C,10,10,5,5,13,13,,23,,23,4,4,4,4,12,12
E01002199,1567,308,19.6553924696873,258,16.464582003829,477,38,95,8,103,20,57,180,23974,8,direct_2011_lsoa_code,1,Harrow 012C,14,14,,17,7,7,,21,,29,,18,3,3,,20
E01002200,2196,450,20.4918032786885,220,10.0182149362477,572,36,92,5,97,17,113,227,17997,6,direct_2011_lsoa_code,1,Harrow 010D,5,5,,18,15,15,,24,,22,,20,4,4,,17
E01002201,1714,286,16.6861143523921,301,17.561260210035,508,41,94,3,97,10,56,163,24820,8,direct_2011_lsoa_code,1,Harrow 012D,5,5,,20,5,5,,,,,,28,7,7,,26
E01002202,2198,547,24.8862602365787,220,10.0090991810737,702,50,183,19,202,65,82,349,15836,5,direct_2011_lsoa_code,1,Harrow 012E,10,10,5,5,14,14,,26,,21,,18,5,5,14,13
E01002203,1810,364,20.1104972375691,219,12.0994475138122,552,35,126,4,130,24,65,219,20984,7,direct_2011_lsoa_code,1,Harrow 010E,,21,13,13,10,10,,,,27,15,15,4,4,,20
E01002204,1880,416,22.1276595744681,198,10.531914893617,638,61,170,13,183,35,55,273,19969,7,direct_2011_lsoa_code,1,Harrow 032A,12,12,4,4,14,14,,16,,,2,2,1,1,8,8
E01002206,1390,293,21.0791366906475,208,14.9640287769784,455,49,104,8,112,14,40,166,19682,6,direct_2011_lsoa_code,1,Harrow 032B,12,12,6,6,9,9,,18,,,4,4,3,3,10,10
E01002207,1772,342,19.3002257336343,243,13.7133182844244,545,42,171,13,184,18,45,247,22350,7,direct_2011_lsoa_code,1,Harrow 032C,6,6,,17,,17,,21,,,14,14,9,9,,21
E01002208,1360,232,17.0588235294118,324,23.8235294117647,484,70,122,3,125,12,24,161,30543,10,direct_2011_lsoa_code,1,Harrow 025A,9,9,12,11,8,8,,21,,,13,12,5,5,14,14
E01002209,1868,329,17.6124197002141,273,14.6145610278373,666,50,141,11,152,32,49,233,24598,8,direct_2011_lsoa_code,1,Harrow 025B,8,8,4,4,8,8,,19,,29,6,6,4,4,7,7
E01002210,1548,273,17.6356589147287,276,17.8294573643411,491,38,116,5,121,14,50,185,26446,9,direct_2011_lsoa_code,1,Harrow 032D,13,13,8,8,,19,,21,,,7,7,6,6,13,13
E01002211,1483,291,19.6223870532704,181,12.2049898853675,469,33,88,17,105,52,34,191,9388,3,direct_2011_lsoa_code,1,Harrow 028A,,15,,13,7,7,15,15,,,,13,2,2,,14
E01002212,1888,444,23.5169491525424,205,10.8580508474576,646,65,168,14,182,44,50,276,14594,5,direct_2011_lsoa_code,1,Harrow 028B,6,6,,17,11,11,15,14,,29,15,15,2,2,,17
E01002214,1909,421,22.0534311157674,248,12.9910948140388,614,51,136,15,151,53,50,254,15825,5,direct_2011_lsoa_code,1,Harrow 031A,,18,,20,14,14,,19,,,11,11,8,8,,24
E01002215,1742,381,21.8714121699196,255,14.638346727899,615,92,144,8,152,61,45,258,9693,3,direct_2011_lsoa_code,1,Harrow 031B,3,3,,15,7,7,3,3,,29,3,3,2,2,,17
E01002216,1732,406,23.4411085450346,224,12.933025404157,518,31,170,14,184,23,50,257,21924,7,direct_2011_lsoa_code,1,Harrow 028C,7,7,,16,2,2,12,12,,,11,11,4,4,,20
E01002217,2205,497,22.5396825396825,143,6.48526077097506,782,43,172,17,189,76,48,313,6812,3,direct_2011_lsoa_code,1,Harrow 028D,11,11,14,13,3,3,14,14,,,12,12,4,4,,17
E01002218,1817,356,19.5927352779307,289,15.9053384700055,645,85,118,13,131,31,70,232,17413,6,direct_2011_lsoa_code,1,Harrow 030A,11,11,9,9,3,3,12,12,,,10,10,6,6,,14
E01002219,1930,387,20.0518134715026,258,13.3678756476684,624,64,118,14,132,42,70,244,14033,5,direct_2011_lsoa_code,1,Harrow 030B,5,5,4,4,13,13,8,8,,28,4,4,5,5,8,8
E01002220,1643,319,19.4157029823494,231,14.0596469872185,494,35,116,6,122,28,47,197,19337,6,direct_2011_lsoa_code,1,Harrow 031C,7,7,14,14,8,8,5,5,,,6,6,7,7,,21
E01002221,1628,272,16.7076167076167,217,13.3292383292383,520,39,106,9,115,36,45,196,17092,6,direct_2011_lsoa_code,1,Harrow 030C,11,11,7,7,9,9,11,10,,29,6,6,4,4,,13
E01002222,1606,319,19.8630136986301,214,13.3250311332503,496,34,118,8,126,22,52,200,20887,7,direct_2011_lsoa_code,1,Harrow 030D,11,11,7,7,10,10,8,8,,,7,7,7,7,,17
E01002223,1794,344,19.17502787068,258,14.38127090301,578,40,120,14,134,27,50,211,19692,6,direct_2011_lsoa_code,1,Harrow 031D,10,10,12,12,13,13,11,11,,,9,9,5,5,,20
E01002224,1623,307,18.9155884165126,189,11.645101663586,528,37,124,16,140,43,52,235,11629,4,direct_2011_lsoa_code,1,Harrow 031E,11,11,,23,7,7,,21,,,,19,7,7,,22
E01002225,1753,229,13.063320022818,669,38.1631488876212,692,115,116,3,119,17,21,157,28358,9,direct_2011_lsoa_code,1,Harrow 001C,,28,,27,,28,,,,,,,10,10,,29
E01002226,2621,441,16.8256390690576,574,21.9000381533766,1104,170,166,11,177,59,45,281,20044,7,direct_2011_lsoa_code,1,Harrow 001D,11,11,9,9,2,2,,20,,29,,19,2,2,,15
E01002227,2276,532,23.3743409490334,287,12.609841827768,650,68,95,9,104,59,85,248,4814,2,direct_2011_lsoa_code,1,Harrow 003A,10,10,,13,,16,,14,,,,14,3,3,,21
E01002228,2253,428,18.9968930315135,414,18.375499334221,784,77,182,9,191,32,49,272,20166,7,direct_2011_lsoa_code,1,Harrow 003B,,15,,14,3,3,,18,,,,18,3,3,,18
E01002229,1828,333,18.2166301969365,399,21.8271334792123,745,114,138,7,145,32,34,211,14052,5,direct_2011_lsoa_code,1,Harrow 003C,13,13,,16,,16,,,,,,24,5,5,,24
E01002230,1836,327,17.8104575163399,431,23.4749455337691,629,71,132,1,133,18,42,193,23954,8,direct_2011_lsoa_code,1,Harrow 003D,,21,,22,12,12,,22,,,,23,7,7,,27
E01002231,2058,485,23.5665694849368,222,10.7871720116618,665,49,176,15,191,46,50,287,12439,4,direct_2011_lsoa_code,1,Harrow 013E,2,2,,27,,,,15,,,,20,6,6,,29
E01002232,2153,385,17.8820250812819,363,16.8601950766373,737,86,112,17,129,51,44,224,14624,5,direct_2011_lsoa_code,1,Harrow 011A,9,9,11,11,,17,5,5,,,6,6,7,7,,20
E01002233,2422,529,21.8414533443435,270,11.1478117258464,829,86,158,16,174,73,72,319,10857,4,direct_2011_lsoa_code,1,Harrow 011B,7,7,9,9,,19,,14,,,12,12,5,5,,14
E01002234,1961,504,25.7011728709842,173,8.82202957674656,617,47,199,10,209,55,61,325,15352,5,direct_2011_lsoa_code,1,Harrow 011C,8,8,15,15,,21,12,12,,,13,13,11,11,,23
E01002235,1882,377,20.0318809776833,277,14.7183846971307,604,85,113,10,123,49,56,228,9047,3,direct_2011_lsoa_code,1,Harrow 011D,14,14,12,12,,22,,17,,,14,14,6,6,,18
E01002236,2327,564,24.2372152986678,200,8.59475719810915,759,40,184,20,204,71,58,333,16117,5,direct_2011_lsoa_code,1,Harrow 011E,11,11,13,13,,23,,16,,,,18,14,14,,22
E01002237,2115,336,15.886524822695,149,7.04491725768322,811,41,128,14,142,49,50,241,14308,5,direct_2011_lsoa_code,1,Harrow 024A,12,12,9,9,13,11,0,0,,26,,12,3,3,11,11
E01002238,1887,388,20.561738208797,252,13.3545310015898,618,64,136,25,161,22,53,236,23160,8,direct_2011_lsoa_code,1,Harrow 024B,11,11,,14,9,9,10,10,,22,,15,9,9,0,0
E01002239,1937,319,16.4687661331957,374,19.3082085699535,755,74,156,9,165,31,32,228,25612,8,direct_2011_lsoa_code,1,Harrow 025C,15,15,,18,15,15,9,9,,,,20,7,7,,18
E01002240,1958,371,18.9479060265577,259,13.2277834525026,667,78,103,12,115,29,73,217,14190,5,direct_2011_lsoa_code,1,Harrow 024C,9,9,12,12,10,10,6,6,,25,11,10,1,1,10,10
E01002241,1902,403,21.1882229232387,240,12.6182965299685,657,44,143,12,155,45,37,237,12828,4,direct_2011_lsoa_code,1,Harrow 025D,11,11,,21,8,8,8,8,,,12,12,11,11,,23
E01002242,1867,328,17.5682913765399,361,19.3358328869845,626,69,144,3,147,23,55,225,26617,9,direct_2011_lsoa_code,1,Harrow 024D,14,14,8,8,13,13,6,6,,,,17,5,5,9,9
E01002243,1972,456,23.1237322515213,245,12.4239350912779,833,114,110,43,153,111,26,290,7880,3,direct_2011_lsoa_code,1,Havering 013A,10,10,3,3,12,10,,24,,18,3,3,3,3,,
E01002244,1815,391,21.5426997245179,194,10.6887052341598,727,69,131,31,162,62,41,265,15215,5,direct_2011_lsoa_code,1,Havering 011A,12,12,9,9,14,14,,,,,7,7,4,4,,
E01002245,1645,327,19.8784194528875,284,17.2644376899696,627,97,113,34,147,32,35,214,16221,5,direct_2011_lsoa_code,1,Havering 011B,11,11,10,10,12,12,,,,29,7,7,6,6,,
E01002246,1843,297,16.1150298426479,449,24.3624525230602,635,73,99,19,118,27,41,186,19248,6,direct_2011_lsoa_code,1,Havering 017A,9,9,,18,15,15,,22,,28,,19,8,8,,
E01002247,2485,669,26.9215291750503,200,8.04828973843058,893,53,163,51,214,126,58,398,14389,5,direct_2011_lsoa_code,1,Havering 017B,6,6,,12,10,9,,15,,22,,13,1,1,,
E01002248,1749,455,26.0148656375072,210,12.0068610634648,630,62,104,29,133,98,47,278,13331,5,direct_2011_lsoa_code,1,Havering 017C,,19,,21,11,11,,26,,21,,21,5,5,,
E01002250,1832,380,20.7423580786026,203,11.0807860262009,699,57,120,30,150,62,33,245,13105,4,direct_2011_lsoa_code,1,Havering 017E,2,2,,15,9,9,,13,,27,,13,1,1,,
E01002251,1594,383,24.0276035131744,201,12.6097867001255,515,42,96,33,129,59,42,230,11069,4,direct_2011_lsoa_code,1,Havering 017F,,17,,17,,15,,22,,19,,15,5,5,,26
E01002252,1590,283,17.7987421383648,402,25.2830188679245,636,102,100,31,131,33,17,181,24057,8,direct_2011_lsoa_code,1,Havering 018A,,,,,8,8,,,,,,,7,7,,
E01002253,1580,285,18.0379746835443,397,25.126582278481,609,87,146,19,165,14,12,191,32507,10,direct_2011_lsoa_code,1,Havering 019A,13,13,,18,7,7,,17,,,15,11,3,3,,18
E01002254,1633,277,16.9626454378445,447,27.372933251684,634,109,141,18,159,12,13,184,32025,10,direct_2011_lsoa_code,1,Havering 019B,7,7,,27,15,15,10,10,,,11,11,5,5,,27
E01002255,1542,295,19.1309987029831,291,18.8715953307393,630,90,105,24,129,40,20,189,26637,9,direct_2011_lsoa_code,1,Havering 022A,,24,,29,,24,,25,,,,23,8,8,,23
E01002256,1517,269,17.7323665128543,345,22.7422544495715,612,107,115,27,142,32,14,188,28938,9,direct_2011_lsoa_code,1,Havering 018B,,23,,29,13,13,9,9,,,15,18,2,2,,29
E01002257,1736,317,18.2603686635945,429,24.7119815668203,654,124,173,17,190,11,13,214,31282,10,direct_2011_lsoa_code,1,Havering 019C,,12,9,9,,13,,15,,,15,11,1,1,9,9
E01002258,1839,400,21.7509516041327,353,19.1952147906471,769,130,114,38,152,87,19,258,19021,6,direct_2011_lsoa_code,1,Havering 018C,8,8,,19,8,8,13,9,,,1,1,1,1,,19
E01002259,1547,303,19.5862960568843,298,19.2630898513251,604,98,109,37,146,41,16,203,27753,9,direct_2011_lsoa_code,1,Havering 018D,,,,,,,,,,,,,,,,
E01002260,1810,371,20.4972375690608,314,17.3480662983425,623,54,120,30,150,37,40,227,22086,7,direct_2011_lsoa_code,1,Havering 026A,,18,,19,12,12,14,14,,,14,14,13,13,,22
E01002261,1787,369,20.6491326245104,274,15.3329602686066,655,81,123,27,150,45,32,227,20263,7,direct_2011_lsoa_code,1,Havering 026B,6,6,5,5,9,9,10,10,,23,5,5,3,3,4,4
E01002262,1761,315,17.8875638841567,312,17.717206132879,675,81,107,24,131,46,25,202,17924,6,direct_2011_lsoa_code,1,Havering 026C,7,7,9,9,13,13,7,7,,29,13,12,5,5,11,11
E01002263,1611,304,18.8702669149597,334,20.7324643078833,607,73,102,32,134,21,22,177,27243,9,direct_2011_lsoa_code,1,Havering 026D,13,13,14,14,7,7,,22,,22,,21,7,7,,22
E01002264,1670,408,24.4311377245509,248,14.8502994011976,701,125,79,49,128,105,27,260,7061,3,direct_2011_lsoa_code,1,Havering 026E,8,8,12,12,1,1,4,4,,24,12,12,6,6,,17
E01002265,1508,268,17.7718832891247,297,19.6949602122016,623,88,77,40,117,22,28,167,22582,7,direct_2011_lsoa_code,1,Havering 025A,12,12,9,9,6,6,,22,,20,,20,8,8,,20
E01002266,1543,288,18.6649384316267,302,19.5722618276086,605,97,98,27,125,36,25,186,18799,6,direct_2011_lsoa_code,1,Havering 027A,8,8,,18,12,12,,17,,,8,8,8,8,,21
E01002267,1797,342,19.0317195325543,365,20.3116304952699,752,147,98,35,133,61,31,225,10117,4,direct_2011_lsoa_code,1,Havering 027B,9,9,,16,2,2,12,12,,24,6,6,5,5,,19
E01002268,1488,313,21.0349462365591,248,16.6666666666667,531,60,105,24,129,34,28,191,22617,7,direct_2011_lsoa_code,1,Havering 010A,,,,,,,,,,,,,,,,
E01002269,1854,370,19.9568500539374,335,18.0690399137001,680,94,137,22,159,41,30,230,26160,8,direct_2011_lsoa_code,1,Havering 010B,13,13,,,,24,,,,,,29,4,4,,29
E01002270,1740,274,15.7471264367816,476,27.3563218390805,647,124,101,8,109,22,53,184,28801,9,direct_2011_lsoa_code,1,Havering 015A,,16,12,12,14,14,,17,,28,,19,6,6,,22
E01002271,1589,246,15.4814348646948,419,26.3687853996224,521,50,102,10,112,10,36,158,27175,9,direct_2011_lsoa_code,1,Havering 015B,13,13,,,,,,,,,,,10,10,,
E01002272,1358,246,18.1148748159057,273,20.1030927835052,539,67,93,33,126,21,20,167,25437,8,direct_2011_lsoa_code,1,Havering 014A,6,6,7,7,14,14,6,6,,28,,22,3,3,,27
E01002273,1337,198,14.8092744951384,366,27.3747195213164,484,59,85,18,103,17,21,141,23998,8,direct_2011_lsoa_code,1,Havering 015C,8,8,,,,26,,27,,,,25,5,5,,25
E01002274,1664,254,15.2644230769231,359,21.5745192307692,678,107,110,23,133,25,24,182,27628,9,direct_2011_lsoa_code,1,Havering 014B,,16,8,8,14,14,,15,,,,18,4,4,,24
E01002275,1315,178,13.5361216730038,402,30.5703422053232,503,74,74,4,78,7,31,116,26667,9,direct_2011_lsoa_code,1,Havering 015D,,15,,,10,10,,27,,,,25,10,10,,25
E01002276,2072,401,19.3532818532819,378,18.2432432432432,692,57,97,44,141,77,49,267,8185,3,direct_2011_lsoa_code,1,Havering 001A,6,6,,,,22,,,,,,,,,,
E01002277,1620,333,20.5555555555556,239,14.7530864197531,614,73,66,33,99,60,47,206,6499,2,direct_2011_lsoa_code,1,Havering 002A,,,,,,,,,,,,,14,14,,
E01002278,1726,420,24.3337195828505,201,11.6454229432213,628,74,102,34,136,97,30,263,6660,3,direct_2011_lsoa_code,1,Havering 001B,7,7,14,14,12,12,13,13,,,,17,4,4,,
E01002279,1746,383,21.9358533791524,213,12.1993127147766,653,65,95,45,140,62,39,241,10596,4,direct_2011_lsoa_code,1,Havering 002B,9,9,,18,10,10,,18,,,,17,2,2,,
E01002280,1860,551,29.6236559139785,122,6.55913978494624,663,47,92,56,148,124,28,300,2185,1,direct_2011_lsoa_code,1,Havering 004A,12,12,10,10,,17,,14,,,11,11,5,5,,
E01002281,2460,736,29.9186991869919,150,6.09756097560976,970,80,185,71,256,141,36,433,6352,2,direct_2011_lsoa_code,1,Havering 002C,11,11,,19,0,0,,18,,,12,12,6,6,,
E01002282,1958,593,30.2860061287028,135,6.89479060265577,719,54,110,51,161,135,30,326,4217,2,direct_2011_lsoa_code,1,Havering 004B,10,10,6,6,11,11,5,5,,,3,3,5,5,,
E01002283,1701,394,23.1628453850676,207,12.1693121693122,604,77,96,31,127,59,39,225,7779,3,direct_2011_lsoa_code,1,Havering 002D,13,13,,23,10,10,,22,,,10,10,4,4,,
E01002284,2065,522,25.2784503631961,213,10.3147699757869,771,89,138,39,177,90,49,316,8184,3,direct_2011_lsoa_code,1,Havering 004C,11,11,10,10,11,11,12,12,,,8,8,3,3,,
E01002285,1365,207,15.1648351648352,368,26.959706959707,544,84,85,28,113,14,12,139,28150,9,direct_2011_lsoa_code,1,Havering 025B,9,9,,14,,20,,15,2,2,,13,5,5,,13
E01002286,1617,250,15.460729746444,388,23.9950525664811,605,76,120,29,149,16,22,187,30183,10,direct_2011_lsoa_code,1,Havering 025C,11,11,11,11,15,15,11,11,,20,,20,12,12,,20
E01002287,1597,282,17.6581089542893,318,19.912335629305,602,74,110,28,138,22,25,185,25723,8,direct_2011_lsoa_code,1,Havering 023A,4,4,6,6,8,8,6,6,,24,9,9,5,5,13,13
E01002288,1595,284,17.8056426332288,325,20.3761755485893,609,67,108,20,128,35,17,180,28877,9,direct_2011_lsoa_code,1,Havering 025D,5,5,7,7,13,13,,15,11,11,,13,5,5,,13
E01002289,1667,313,18.7762447510498,297,17.8164367126575,633,75,126,33,159,26,19,204,25405,8,direct_2011_lsoa_code,1,Havering 022B,,16,,21,11,11,,17,,22,,15,3,3,,15
E01002290,1491,226,15.1576123407109,415,27.8336686787391,621,127,98,23,121,18,13,152,27373,9,direct_2011_lsoa_code,1,Havering 025E,7,7,,18,13,13,10,10,,21,8,8,6,6,8,8
E01002291,1513,188,12.4256444150694,399,26.3714474553866,753,120,60,27,87,41,5,133,24957,8,direct_2011_lsoa_code,1,Havering 023B,8,8,,18,,18,10,10,,20,7,7,7,7,4,4
E01002292,1704,363,21.3028169014085,289,16.9600938967136,649,83,132,31,163,57,26,246,15963,5,direct_2011_lsoa_code,1,Havering 022C,10,10,,17,7,7,,13,,18,,11,0,0,,11
E01002294,1540,264,17.1428571428571,393,25.5194805194805,632,106,110,31,141,20,13,174,25787,8,direct_2011_lsoa_code,1,Havering 007B,,27,,21,9,9,,28,,,,,11,11,,
E01002295,2002,394,19.6803196803197,329,16.4335664335664,806,71,137,47,184,65,22,271,17761,6,direct_2011_lsoa_code,1,Havering 010C,12,12,,15,,23,,13,,,,15,5,5,,29
E01002296,1691,277,16.3808397397989,426,25.1921939680662,693,112,95,27,122,29,20,171,20805,7,direct_2011_lsoa_code,1,Havering 007C,,,,,4,4,,,,,,,12,12,,
E01002297,1639,354,21.5985356924954,165,10.0671140939597,674,62,63,28,91,85,41,217,4699,2,direct_2011_lsoa_code,1,Havering 004D,7,7,14,14,1,1,14,14,,,,15,4,4,,
E01002298,1608,278,17.2885572139303,325,20.2114427860697,642,94,95,33,128,46,31,205,22608,7,direct_2011_lsoa_code,1,Havering 007D,4,4,13,12,15,15,,23,,,,19,2,2,,
E01002299,1817,378,20.8035222894882,193,10.6219042377545,659,55,128,45,173,45,35,253,14348,5,direct_2011_lsoa_code,1,Havering 002E,12,12,,15,6,6,,15,,,14,14,5,5,,
E01002300,2001,318,15.8920539730135,427,21.3393303348326,842,131,114,31,145,40,27,212,23899,8,direct_2011_lsoa_code,1,Havering 007E,,17,9,9,12,12,,13,,29,,19,3,3,,
E01002301,1638,284,17.3382173382173,381,23.2600732600733,624,72,92,27,119,23,35,177,22015,7,direct_2011_lsoa_code,1,Havering 003A,9,9,13,12,14,14,,,,,10,10,4,4,,
E01002302,1724,358,20.7656612529002,267,15.4872389791183,627,60,126,32,158,42,29,229,15819,5,direct_2011_lsoa_code,1,Havering 005A,10,10,12,12,15,15,,,,,9,9,6,6,,
E01002303,2153,468,21.737111007896,314,14.5843009753832,815,103,116,41,157,110,34,301,7536,3,direct_2011_lsoa_code,1,Havering 003B,11,11,,18,,21,,29,,,,19,5,5,,
E01002304,1543,228,14.7764095917045,411,26.6364225534673,530,75,77,25,102,26,20,148,12535,4,direct_2011_lsoa_code,1,Havering 003C,,,,,,,,,,,,,,,,
E01002305,1712,377,22.0210280373832,310,18.107476635514,615,72,106,36,142,49,41,232,16007,5,direct_2011_lsoa_code,1,Havering 005B,14,14,,26,,29,,,,,,26,13,13,,
E01002306,1841,494,26.8332428028246,206,11.1895708853884,665,53,87,58,145,117,25,287,7421,3,direct_2011_lsoa_code,1,Havering 003D,,20,,15,,21,,,,,,16,3,3,,
E01002307,1894,460,24.2872228088701,213,11.2460401267159,666,56,122,36,158,87,38,283,14231,5,direct_2011_lsoa_code,1,Havering 003E,13,13,,12,,19,,,,,,11,0,0,,
E01002308,1854,411,22.168284789644,346,18.6623516720604,670,80,117,26,143,66,40,249,11054,4,direct_2011_lsoa_code,1,Havering 005C,,18,,15,,18,,,,,,15,3,3,,
E01002309,1785,435,24.3697478991597,275,15.406162464986,653,85,93,53,146,61,44,251,12175,4,direct_2011_lsoa_code,1,Havering 006A,,15,,19,12,12,,21,,29,12,12,5,5,,
E01002310,1876,382,20.362473347548,330,17.590618336887,729,101,96,34,130,79,33,242,4401,2,direct_2011_lsoa_code,1,Havering 006B,4,4,,18,,26,,27,,27,8,8,6,6,,
E01002311,1892,475,25.1057082452431,256,13.5306553911205,676,69,116,50,166,75,43,284,10025,4,direct_2011_lsoa_code,1,Havering 006C,,,,,,,,,,,,,,,,
E01002312,1698,344,20.2591283863369,390,22.9681978798587,702,126,100,37,137,55,29,221,9194,3,direct_2011_lsoa_code,1,Havering 001C,,21,,27,,27,,26,,,,27,11,11,,
E01002313,2260,527,23.3185840707965,252,11.1504424778761,850,99,155,43,198,73,50,321,10387,4,direct_2011_lsoa_code,1,Havering 001D,9,9,,16,,19,,18,,,,19,2,2,,
E01002314,1855,493,26.5768194070081,226,12.1832884097035,646,84,95,48,143,92,37,272,4287,2,direct_2011_lsoa_code,1,Havering 004E,8,8,11,11,,16,,13,,,12,12,4,4,,
E01002315,1730,408,23.5838150289017,219,12.6589595375723,639,65,113,27,140,78,41,259,12112,4,direct_2011_lsoa_code,1,Havering 006D,2,2,,23,15,22,,23,,,,17,7,7,,
E01002316,2075,581,28,254,12.2409638554217,812,116,93,66,159,136,39,334,4045,2,direct_2011_lsoa_code,1,Havering 004F,9,9,,19,14,14,,22,,,12,12,5,5,,
E01002317,1546,233,15.0711513583441,334,21.6041397153946,552,73,111,17,128,17,21,166,30042,10,direct_2011_lsoa_code,1,Havering 014C,14,14,,19,5,5,11,11,,,,20,4,4,,29
E01002318,1655,290,17.5226586102719,410,24.773413897281,624,82,115,27,142,27,21,190,26458,9,direct_2011_lsoa_code,1,Havering 014D,3,3,,17,9,9,,20,,,,17,2,2,,23
E01002319,1857,371,19.9784598815293,287,15.4550350026925,731,96,108,31,139,77,34,250,17177,6,direct_2011_lsoa_code,1,Havering 016A,7,7,1,1,4,4,,16,,16,4,4,0,0,,18
E01002320,1496,270,18.048128342246,241,16.1096256684492,540,59,112,26,138,15,22,175,25875,8,direct_2011_lsoa_code,1,Havering 021A,7,7,13,13,14,14,,24,,23,12,12,6,6,,24
E01002321,1794,299,16.6666666666667,367,20.4570791527313,703,100,138,28,166,27,24,217,25096,8,direct_2011_lsoa_code,1,Havering 021B,13,13,,15,,16,,22,,23,,15,5,5,,22
E01002322,1932,364,18.8405797101449,320,16.5631469979296,729,84,126,44,170,40,33,243,27418,9,direct_2011_lsoa_code,1,Havering 021C,,18,,16,8,8,11,11,,24,11,11,5,5,,16
E01002323,1725,310,17.9710144927536,275,15.9420289855072,628,69,133,26,159,37,24,220,22290,7,direct_2011_lsoa_code,1,Havering 021D,,21,15,15,9,9,,18,,23,,18,7,7,,20
E01002324,1541,246,15.9636599610642,359,23.2965606748864,656,108,76,23,99,36,26,161,12735,4,direct_2011_lsoa_code,1,Havering 021E,5,5,,23,8,8,,27,,,,22,13,13,,25
E01002325,2142,522,24.3697478991597,358,16.7133520074697,829,157,98,60,158,110,54,322,9804,3,direct_2011_lsoa_code,1,Havering 011C,6,6,,15,,18,,,,,,17,5,5,,
E01002326,1697,361,21.2728344136712,258,15.2032999410725,645,71,105,32,137,67,31,235,14732,5,direct_2011_lsoa_code,1,Havering 005D,10,10,8,8,10,10,,,,,10,10,4,4,,
E01002327,1556,266,17.0951156812339,320,20.5655526992288,604,89,97,18,115,41,28,184,18495,6,direct_2011_lsoa_code,1,Havering 009A,13,13,9,9,11,11,,,,,11,11,3,3,,
E01002328,1792,383,21.3727678571429,262,14.6205357142857,639,68,125,26,151,54,37,242,24496,8,direct_2011_lsoa_code,1,Havering 009B,13,13,,15,8,8,,,,29,,15,5,5,,
E01002329,1735,320,18.4438040345821,309,17.8097982708934,649,90,127,26,153,36,31,220,18401,6,direct_2011_lsoa_code,1,Havering 011D,,14,10,10,10,10,,,,29,7,7,2,2,,
E01002330,1845,422,22.8726287262873,266,14.4173441734417,704,81,134,34,168,73,33,274,15284,5,direct_2011_lsoa_code,1,Havering 011E,,26,,16,,28,,,,,15,22,14,14,,
E01002331,1663,333,20.0240529164161,299,17.9795550210463,610,80,112,21,133,42,26,201,18514,6,direct_2011_lsoa_code,1,Havering 005E,,23,15,17,,20,,,,,,19,8,8,,
E01002332,1754,340,19.3842645381984,380,21.6647662485747,690,101,118,32,150,49,26,225,19097,6,direct_2011_lsoa_code,1,Havering 009C,,21,14,14,4,4,,,,,13,13,5,5,,
E01002333,1330,191,14.3609022556391,356,26.7669172932331,518,96,80,14,94,18,17,129,26426,9,direct_2011_lsoa_code,1,Havering 008A,6,6,,25,10,10,,,,,,25,8,8,,
E01002334,1733,284,16.3877668782458,440,25.3894979803808,667,95,103,21,124,30,25,179,22951,7,direct_2011_lsoa_code,1,Havering 008B,,16,,,10,10,,,,,,,13,13,,
E01002335,1478,316,21.3802435723951,316,21.3802435723951,572,85,89,27,116,56,24,196,17529,6,direct_2011_lsoa_code,1,Havering 009D,13,13,,15,11,11,,,,,,15,6,6,,
E01002336,1631,276,16.9221336603311,370,22.6854690374004,617,90,94,25,119,39,26,184,21056,7,direct_2011_lsoa_code,1,Havering 008C,10,10,,21,7,7,,29,,,,21,4,4,,
E01002337,1322,166,12.5567322239032,418,31.6187594553707,494,69,77,14,91,7,12,110,20266,7,direct_2011_lsoa_code,1,Havering 012A,10,10,,24,15,15,,,,23,8,8,8,8,,
E01002338,1410,285,20.2127659574468,232,16.4539007092199,517,66,112,25,137,28,33,198,22621,7,direct_2011_lsoa_code,1,Havering 009E,1,1,,12,7,7,,,,26,,12,3,3,,
E01002339,1650,292,17.6969696969697,374,22.6666666666667,597,73,145,16,161,15,20,196,29691,10,direct_2011_lsoa_code,1,Havering 008D,10,10,,19,,16,,,10,10,,21,6,6,,
E01002340,1476,314,21.2737127371274,230,15.5826558265583,508,50,123,16,139,20,23,182,26207,8,direct_2011_lsoa_code,1,Havering 009F,11,11,10,10,9,9,,26,,24,10,9,2,2,,
E01002341,1480,294,19.8648648648649,335,22.6351351351351,544,88,118,25,143,16,25,184,23558,8,direct_2011_lsoa_code,1,Havering 008E,12,12,,24,4,4,,29,,,,25,5,5,,
E01002342,1724,404,23.4338747099768,241,13.9791183294664,615,94,95,35,130,60,42,232,14597,5,direct_2011_lsoa_code,1,Havering 030A,9,9,3,3,9,9,7,7,,,2,2,3,3,,
E01002343,1757,295,16.7899829254411,410,23.3352305065453,634,86,105,26,131,31,29,191,20839,7,direct_2011_lsoa_code,1,Havering 029A,8,8,15,15,,18,13,13,,,5,5,7,7,,
E01002344,1968,418,21.239837398374,334,16.9715447154472,745,91,117,36,153,75,33,261,14484,5,direct_2011_lsoa_code,1,Havering 029B,,,,,,,,,,,,,,,,
E01002345,1957,516,26.3668880940215,167,8.5334695963209,789,60,105,52,157,141,36,334,7882,3,direct_2011_lsoa_code,1,Havering 030B,6,6,4,4,10,10,5,5,,,6,6,3,3,,28
E01002346,1551,346,22.3081882656351,188,12.1212121212121,552,52,82,38,120,55,41,216,10436,4,direct_2011_lsoa_code,1,Havering 030C,7,7,13,11,15,13,9,9,,,3,3,0,0,,29
E01002347,1503,287,19.0951430472389,268,17.831004657352,547,74,100,27,127,24,36,187,19605,6,direct_2011_lsoa_code,1,Havering 030D,4,4,,24,,22,,26,,,14,14,1,1,,
E01002348,1561,241,15.4388212684177,405,25.9449071108264,645,120,81,37,118,22,24,164,24372,8,direct_2011_lsoa_code,1,Havering 029C,,25,,24,9,9,,22,,,,22,13,13,,
E01002349,1548,248,16.0206718346253,356,22.9974160206718,597,99,76,25,101,32,24,157,20045,7,direct_2011_lsoa_code,1,Havering 029D,,17,,16,2,2,7,7,,,,14,1,1,,
E01002350,1725,365,21.1594202898551,210,12.1739130434783,681,70,99,28,127,74,33,234,9974,4,direct_2011_lsoa_code,1,Havering 016B,11,11,7,6,11,9,,11,13,13,14,12,0,0,,20
E01002351,1768,348,19.683257918552,206,11.6515837104072,696,60,123,42,165,62,27,254,22391,7,direct_2011_lsoa_code,1,Havering 016C,3,3,,16,9,9,,15,,24,15,15,7,7,,28
E01002352,1987,423,21.2883744338198,230,11.57523905385,809,85,135,39,174,77,29,280,16177,5,direct_2011_lsoa_code,1,Havering 016D,7,7,,13,14,14,8,8,,23,,18,2,2,,25
E01002353,2044,320,15.6555772994129,405,19.8140900195695,859,131,128,21,149,57,34,240,18644,6,direct_2011_lsoa_code,1,Havering 013B,6,6,14,14,13,13,,29,15,15,13,13,9,9,,
E01002354,1395,246,17.6344086021505,346,24.8028673835126,568,84,113,16,129,27,12,168,30485,10,direct_2011_lsoa_code,1,Havering 012B,4,4,,19,12,12,,29,,18,9,9,5,5,,
E01002355,1493,298,19.959812458138,259,17.3476222371065,570,55,129,28,157,28,12,197,28979,9,direct_2011_lsoa_code,1,Havering 014E,12,12,,24,12,12,,25,,25,14,14,12,12,,
E01002356,2112,484,22.9166666666667,138,6.53409090909091,945,63,124,53,177,122,41,340,6369,2,direct_2011_lsoa_code,1,Havering 013C,13,13,1,1,10,10,,23,,13,1,1,3,3,,
E01002358,2110,440,20.8530805687204,176,8.34123222748815,873,63,136,53,189,85,29,303,17520,6,direct_2011_lsoa_code,1,Havering 016E,10,10,10,10,13,13,,15,,20,15,15,5,5,,29
E01002359,1310,202,15.4198473282443,308,23.5114503816794,519,116,99,25,124,13,20,157,28300,9,direct_2011_lsoa_code,1,Havering 020A,7,7,13,13,10,10,9,9,,26,13,13,8,8,,19
E01002360,1485,212,14.2760942760943,484,32.5925925925926,730,235,67,23,90,33,18,141,20161,7,direct_2011_lsoa_code,1,Havering 020B,8,8,,18,15,15,15,15,,26,14,14,7,7,,15
E01002361,1984,381,19.2036290322581,340,17.1370967741936,898,142,106,47,153,82,21,256,14950,5,direct_2011_lsoa_code,1,Havering 020C,12,12,3,3,5,5,13,12,,23,4,4,3,3,,15
E01002362,1508,254,16.8435013262599,310,20.5570291777188,628,90,107,20,127,34,15,176,28491,9,direct_2011_lsoa_code,1,Havering 022D,14,14,,15,12,12,5,5,,27,,15,5,5,6,6
E01002363,1482,268,18.0836707152497,297,20.0404858299595,627,108,87,26,113,59,16,188,15822,5,direct_2011_lsoa_code,1,Havering 020D,12,10,14,7,10,10,,12,,24,15,8,1,1,,13
E01002364,1352,170,12.5739644970414,407,30.103550295858,538,84,84,24,108,8,8,124,28386,9,direct_2011_lsoa_code,1,Havering 023C,,14,14,14,,16,8,8,,19,11,11,5,5,12,12
E01002365,1343,247,18.391660461653,234,17.4236783320923,531,83,80,16,96,39,22,157,20464,7,direct_2011_lsoa_code,1,Havering 023D,6,6,6,6,,16,,14,,26,6,6,4,4,9,9
E01002366,1548,300,19.3798449612403,234,15.1162790697674,564,64,103,29,132,30,30,192,23269,8,direct_2011_lsoa_code,1,Havering 023E,1,1,12,8,13,13,13,12,,27,12,8,1,1,,11
E01002367,1743,301,17.2690763052209,292,16.7527251864601,702,72,108,36,144,44,26,214,24902,8,direct_2011_lsoa_code,1,Havering 020E,12,12,8,8,5,5,7,7,,25,9,9,7,7,,19
E01002368,2486,616,24.7787610619469,210,8.4473049074819,982,68,122,60,182,155,48,385,4538,2,direct_2011_lsoa_code,1,Havering 028A,6,6,,21,6,6,7,7,,,2,2,3,3,,28
E01002369,2044,425,20.7925636007828,323,15.8023483365949,737,75,116,25,141,84,53,278,13245,5,direct_2011_lsoa_code,1,Havering 028B,10,10,,23,14,14,1,1,,,10,10,2,2,,
E01002370,2469,579,23.4507897934386,235,9.51802349129202,867,85,153,54,207,87,57,351,8228,3,direct_2011_lsoa_code,1,Havering 028C,,15,,28,,13,,15,,,,19,2,2,,
E01002371,1706,333,19.5193434935522,334,19.57796014068,653,84,110,13,123,50,45,218,17717,6,direct_2011_lsoa_code,1,Havering 028D,15,15,,18,12,12,13,13,,,8,8,5,5,,25
E01002372,1697,341,20.0942840306423,306,18.0318208603418,613,83,115,31,146,35,27,208,23525,8,direct_2011_lsoa_code,1,Havering 027C,9,9,,16,11,11,11,11,,26,10,10,2,2,,19
E01002373,1699,356,20.9535020600353,297,17.4808711006474,629,90,112,36,148,41,33,222,20103,7,direct_2011_lsoa_code,1,Havering 027D,7,7,,21,10,10,8,8,,,13,13,6,6,,25
E01002374,1734,366,21.1072664359862,243,14.0138408304498,633,71,91,40,131,65,34,230,17267,6,direct_2011_lsoa_code,1,Havering 027E,14,14,,24,10,10,15,15,,,,19,11,11,,28
E01002375,1933,435,22.5038799793068,269,13.9161924469736,693,82,109,46,155,82,25,262,8523,3,direct_2011_lsoa_code,1,Havering 028E,11,11,,22,9,9,15,15,,29,,14,5,5,,22
E01002376,1454,236,16.2310866574966,309,21.251719394773,526,43,123,19,142,19,13,174,28536,9,direct_2011_lsoa_code,1,Havering 012C,3,3,,24,,23,,25,,24,11,11,7,7,,
E01002377,1774,339,19.1093573844419,303,17.0800450958286,748,96,118,49,167,43,31,241,21172,7,direct_2011_lsoa_code,1,Havering 010D,3,3,,16,,19,5,5,,,6,6,4,4,,24
E01002378,1705,360,21.1143695014663,249,14.6041055718475,604,52,152,30,182,33,27,242,27059,9,direct_2011_lsoa_code,1,Havering 010E,9,9,,20,,16,6,6,,,9,9,8,8,,29
E01002379,1601,293,18.3010618363523,303,18.9256714553404,666,97,113,28,141,48,19,208,28821,9,direct_2011_lsoa_code,1,Havering 012D,12,10,11,9,,21,,12,,28,14,14,0,0,,28
E01002380,2286,454,19.8600174978128,343,15.0043744531934,1069,127,119,47,166,96,25,287,17013,6,direct_2011_lsoa_code,1,Havering 012E,11,11,,18,,26,10,10,,,12,12,3,3,,
E01002381,1562,312,19.9743918053777,330,21.1267605633803,623,77,85,28,113,71,15,199,20683,7,direct_2011_lsoa_code,1,Havering 012F,14,14,14,14,6,6,,17,,,,24,7,7,,28
E01002382,1813,329,18.1467181467181,298,16.4368450082736,754,87,123,32,155,51,29,235,26841,9,direct_2011_lsoa_code,1,Havering 014F,8,8,12,11,,19,10,10,,26,,20,0,0,,26
E01002383,1666,336,20.1680672268908,322,19.327731092437,649,71,131,27,158,40,16,214,26684,9,direct_2011_lsoa_code,1,Havering 010F,,20,,24,,25,,28,,26,,17,5,5,,
E01002384,1636,299,18.2762836185819,366,22.3716381418093,678,124,141,28,169,29,12,210,28313,9,direct_2011_lsoa_code,1,Havering 019D,7,7,8,8,6,6,5,5,,,10,10,0,0,14,14
E01002385,1578,233,14.765525982256,417,26.425855513308,600,85,106,20,126,19,14,159,20191,7,direct_2011_lsoa_code,1,Havering 024A,,,,,,,,,,,,,,,,
E01002386,2059,368,17.8727537639631,409,19.8640116561438,914,132,141,21,162,71,14,247,27280,9,direct_2011_lsoa_code,1,Havering 022E,8,8,12,12,5,5,,15,,,10,10,9,9,,16
E01002387,1605,281,17.5077881619938,435,27.1028037383178,603,86,135,21,156,14,13,183,30996,10,direct_2011_lsoa_code,1,Havering 024B,,,,,,,,,,,,,13,13,,
E01002388,1649,293,17.7683444511825,398,24.1358399029715,596,74,151,20,171,10,13,194,32563,10,direct_2011_lsoa_code,1,Havering 024C,13,13,,19,,16,,25,,,13,13,3,3,,21
E01002389,1596,226,14.1604010025063,488,30.5764411027569,618,89,112,9,121,11,18,150,31077,10,direct_2011_lsoa_code,1,Havering 024D,,25,,27,,28,,,,,,25,12,12,,29
E01002390,1488,282,18.9516129032258,336,22.5806451612903,526,54,140,17,157,13,11,181,32137,10,direct_2011_lsoa_code,1,Havering 024E,13,13,15,19,13,13,,25,,,9,9,6,6,,21
E01002391,1738,321,18.4695051783659,429,24.6835443037975,630,94,127,25,152,18,24,194,23815,8,direct_2011_lsoa_code,1,Havering 018E,,,,,,,,,,,,,11,11,,
E01002392,1762,480,27.2417707150965,130,7.37797956867196,615,43,126,30,156,109,28,293,5845,2,direct_2011_lsoa_code,1,Hillingdon 020A,15,15,,22,,,,20,,,,23,5,5,,
E01002393,2135,502,23.5128805620609,207,9.69555035128806,716,40,164,28,192,71,61,324,12206,4,direct_2011_lsoa_code,1,Hillingdon 020B,15,15,,17,15,15,4,4,,,,17,4,4,,27
E01002394,1747,415,23.7550085861477,187,10.7040641099027,518,40,129,20,149,31,67,247,15258,5,direct_2011_lsoa_code,1,Hillingdon 021A,12,12,,22,,24,,24,,,,28,12,12,,
E01002395,1385,299,21.5884476534296,153,11.0469314079422,429,26,100,8,108,24,50,182,13140,5,direct_2011_lsoa_code,1,Hillingdon 021B,8,8,,16,11,11,15,14,,28,,18,4,4,,
E01002396,1836,397,21.6230936819172,268,14.5969498910675,574,75,107,11,118,39,74,231,8694,3,direct_2011_lsoa_code,1,Hillingdon 026A,8,8,,18,2,2,,14,,27,,20,5,5,,
E01002397,1960,419,21.3775510204082,197,10.0510204081633,576,23,125,18,143,38,65,246,9958,4,direct_2011_lsoa_code,1,Hillingdon 021C,8,8,14,13,9,9,,17,,26,,16,2,2,,
E01002398,1851,401,21.6639654240951,198,10.6969205834684,511,24,130,8,138,27,73,238,13411,5,direct_2011_lsoa_code,1,Hillingdon 021D,12,12,12,12,,15,,18,,26,,19,4,4,,
E01002399,1677,359,21.407274895647,216,12.8801431127013,494,38,108,10,118,21,72,211,14662,5,direct_2011_lsoa_code,1,Hillingdon 021E,,23,11,11,,21,,20,,,,24,10,10,,
E01002400,1996,422,21.1422845691383,312,15.6312625250501,638,71,132,22,154,41,57,252,9745,3,direct_2011_lsoa_code,1,Hillingdon 024A,12,12,,25,9,9,,20,,27,,24,5,5,,
E01002401,2337,605,25.887890457852,247,10.5691056910569,762,60,195,20,215,79,69,363,9807,3,direct_2011_lsoa_code,1,Hillingdon 024B,5,5,,17,7,7,,27,,,,27,6,6,,
E01002402,1641,324,19.7440585009141,188,11.4564290067032,516,33,100,12,112,38,45,195,11133,4,direct_2011_lsoa_code,1,Hillingdon 024C,9,9,,22,9,9,,25,,,,26,6,6,,
E01002403,2472,653,26.415857605178,228,9.22330097087379,730,45,187,26,213,59,93,365,9823,3,direct_2011_lsoa_code,1,Hillingdon 024D,6,6,,24,11,11,,24,,,,23,5,5,,
E01002404,2023,522,25.8032624814632,173,8.55165595650025,680,60,141,24,165,89,55,309,8171,3,direct_2011_lsoa_code,1,Hillingdon 024E,9,9,,20,7,7,,21,,,,19,3,3,,
E01002405,1961,451,22.9984701682815,222,11.3207547169811,643,64,128,22,150,53,68,271,11728,4,direct_2011_lsoa_code,1,Hillingdon 027A,7,7,,17,6,6,,18,,,,16,5,5,,
E01002408,1650,360,21.8181818181818,185,11.2121212121212,662,68,95,24,119,54,41,214,7544,3,direct_2011_lsoa_code,1,Hillingdon 019A,14,14,,16,,19,2,2,15,15,,21,4,4,,26
E01002409,2009,456,22.6978596316575,270,13.4395221503235,702,90,138,19,157,62,58,277,12495,4,direct_2011_lsoa_code,1,Hillingdon 019B,13,13,15,14,5,5,,25,,,,28,6,6,,
E01002410,1937,412,21.2700051626226,282,14.5585957666495,678,71,139,25,164,44,52,260,18114,6,direct_2011_lsoa_code,1,Hillingdon 017A,13,13,11,11,13,13,15,15,,26,,22,2,2,,23
E01002411,2129,437,20.5260685767966,205,9.62893377172382,712,55,161,36,197,64,26,287,11386,4,direct_2011_lsoa_code,1,Hillingdon 022A,9,9,,19,4,4,,20,,22,11,11,7,7,,26
E01002412,2324,399,17.1686746987952,267,11.4888123924269,795,59,157,23,180,39,36,255,20749,7,direct_2011_lsoa_code,1,Hillingdon 017B,11,11,,17,,17,13,11,13,13,,18,3,3,,23
E01002413,1635,403,24.6483180428135,196,11.9877675840979,598,72,104,22,126,72,29,227,7705,3,direct_2011_lsoa_code,1,Hillingdon 022B,9,9,12,12,3,3,,21,,,,15,4,4,,
E01002414,2694,192,7.12694877505568,184,6.82999257609503,531,56,67,12,79,26,23,128,26080,8,direct_2011_lsoa_code,1,Hillingdon 015A,11,11,,19,9,9,8,8,,19,9,9,1,1,,19
E01002415,1715,357,20.8163265306122,249,14.5189504373178,640,73,157,22,179,31,27,237,28382,9,direct_2011_lsoa_code,1,Hillingdon 010A,12,12,11,11,3,3,,27,,,,27,9,9,,21
E01002416,1744,384,22.0183486238532,275,15.7683486238532,595,55,149,23,172,38,29,239,28002,9,direct_2011_lsoa_code,1,Hillingdon 008A,3,3,9,9,2,2,,28,,,,23,11,11,,23
E01002417,1781,299,16.7883211678832,363,20.3818079730489,753,113,142,13,155,31,25,211,28823,9,direct_2011_lsoa_code,1,Hillingdon 008B,13,13,9,9,6,6,,29,,,7,7,6,6,6,6
E01002418,1776,332,18.6936936936937,298,16.7792792792793,658,85,156,16,172,28,22,222,22256,7,direct_2011_lsoa_code,1,Hillingdon 006A,13,13,,23,,15,,,,,,21,10,10,,20
E01002419,1691,333,19.692489651094,267,15.7894736842105,644,63,169,15,184,25,24,233,30025,10,direct_2011_lsoa_code,1,Hillingdon 006B,7,7,12,12,8,8,,28,,,10,10,1,1,7,7
E01002420,1616,334,20.6683168316832,249,15.4084158415842,672,90,134,20,154,46,18,218,20174,7,direct_2011_lsoa_code,1,Hillingdon 008C,,26,14,14,7,7,,,,,,21,7,7,,20
E01002421,1703,338,19.8473282442748,335,19.6711685261304,626,80,149,21,170,35,19,224,25809,8,direct_2011_lsoa_code,1,Hillingdon 008D,11,11,4,4,5,5,,29,,,,18,6,6,,17
E01002422,1565,334,21.3418530351438,206,13.1629392971246,493,42,112,10,122,38,46,206,18115,6,direct_2011_lsoa_code,1,Hillingdon 018A,9,9,5,5,9,9,,27,,,6,6,5,5,,
E01002423,1820,355,19.5054945054945,236,12.967032967033,602,53,153,11,164,17,52,233,20224,7,direct_2011_lsoa_code,1,Hillingdon 018B,,22,,19,15,15,,,,,,28,9,9,,
E01002424,1700,408,24,185,10.8823529411765,537,40,138,15,153,38,52,243,20546,7,direct_2011_lsoa_code,1,Hillingdon 018C,9,9,8,8,,17,,20,,,7,7,2,2,,
E01002425,1691,417,24.6599645180367,186,10.9994086339444,604,54,131,22,153,56,33,242,11402,4,direct_2011_lsoa_code,1,Hillingdon 018D,6,6,11,11,2,2,,,,,12,12,4,4,,
E01002426,2055,552,26.8613138686131,224,10.9002433090024,653,57,211,15,226,50,69,345,16368,5,direct_2011_lsoa_code,1,Hillingdon 021F,5,5,15,12,12,12,,19,,,14,11,0,0,,
E01002427,1597,301,18.8478396994364,290,18.1590482154039,516,67,121,11,132,24,44,200,20845,7,direct_2011_lsoa_code,1,Hillingdon 018E,13,13,15,15,8,8,,24,,,,20,5,5,,
E01002428,1565,318,20.3194888178914,214,13.6741214057508,511,47,109,13,122,41,54,217,21987,7,direct_2011_lsoa_code,1,Hillingdon 018F,12,12,,21,11,11,,,,,,22,9,9,,
E01002429,1571,352,22.4061107574793,142,9.03882877148313,521,37,99,18,117,56,41,214,7970,3,direct_2011_lsoa_code,1,Hillingdon 019C,13,12,,17,,18,,,,,,18,2,2,,
E01002430,1392,213,15.301724137931,344,24.7126436781609,525,65,123,5,128,10,14,152,29334,9,direct_2011_lsoa_code,1,Hillingdon 007A,,15,,,,27,,,,,,,14,14,,
E01002431,1339,245,18.2972367438387,317,23.6743838685586,489,62,128,13,141,8,18,167,30573,10,direct_2011_lsoa_code,1,Hillingdon 006C,,22,9,9,,20,,,,,11,11,8,8,13,13
E01002432,1503,260,17.2987358616101,330,21.9560878243513,635,109,109,15,124,23,19,166,28738,9,direct_2011_lsoa_code,1,Hillingdon 006D,,18,4,4,12,12,,29,,,6,6,2,2,10,10
E01002433,2501,507,20.2718912435026,370,14.7940823670532,1013,126,178,31,209,79,32,320,17059,6,direct_2011_lsoa_code,1,Hillingdon 004A,13,13,14,14,4,4,,,,,,16,5,5,,18
E01002434,1329,205,15.4251316779534,350,26.3355906696765,495,69,92,14,106,12,16,134,30000,10,direct_2011_lsoa_code,1,Hillingdon 007B,,23,,21,14,14,,,,,,20,7,7,,24
E01002435,1534,283,18.4485006518905,368,23.9895697522816,574,92,135,10,145,15,21,181,31339,10,direct_2011_lsoa_code,1,Hillingdon 007C,9,9,,19,11,11,,,,,,19,3,3,12,12
E01002436,1679,339,20.1905896366885,341,20.3097081596188,677,104,132,22,154,37,27,218,23393,8,direct_2011_lsoa_code,1,Hillingdon 004B,5,5,,20,10,10,,,,,,21,7,7,,21
E01002437,1421,189,13.3004926108374,503,35.3976073187896,592,130,102,4,106,3,25,134,29735,10,direct_2011_lsoa_code,1,Hillingdon 006E,,21,,18,12,12,,26,,,,16,4,4,,19
E01002438,1440,253,17.5694444444444,269,18.6805555555556,564,58,112,18,130,28,16,174,21531,7,direct_2011_lsoa_code,1,Hillingdon 003A,,,,,,,,,,,,,,,,
E01002439,1549,291,18.786313750807,298,19.2382182052937,622,108,90,27,117,60,9,186,16990,6,direct_2011_lsoa_code,1,Hillingdon 003B,9,9,4,4,5,5,,,5,5,6,6,4,4,,
E01002440,1583,310,19.5830701200253,302,19.0777005685407,632,103,85,41,126,41,23,190,14167,5,direct_2011_lsoa_code,1,Hillingdon 003C,,26,,24,9,9,,,,,,22,6,6,,
E01002441,1597,273,17.0945522855354,337,21.1020663744521,706,111,78,30,108,61,15,184,11576,4,direct_2011_lsoa_code,1,Hillingdon 003D,,,,,,,,,,,,,,,,
E01002442,1625,289,17.7846153846154,260,16,653,62,95,41,136,49,17,202,11533,4,direct_2011_lsoa_code,1,Hillingdon 003E,,,,,,,,,,,,,,,,
E01002443,2043,386,18.8937836514929,179,8.76162506118453,686,31,127,22,149,47,66,262,14430,5,direct_2011_lsoa_code,1,Hillingdon 032A,,19,,15,,19,,27,,,,16,4,4,,16
E01002444,1895,297,15.6728232189974,253,13.3509234828496,664,62,81,14,95,38,53,186,12349,4,direct_2011_lsoa_code,1,Hillingdon 031A,,,,,,,,,,,,,,,,
E01002445,1769,482,27.2470322215941,171,9.66647823629169,625,51,116,34,150,100,38,288,7835,3,direct_2011_lsoa_code,1,Hillingdon 029A,10,10,,21,13,13,,20,,,,17,3,3,,27
E01002446,1963,434,22.1090168110036,196,9.98471726948548,630,59,115,19,134,42,66,242,12848,4,direct_2011_lsoa_code,1,Hillingdon 031B,,24,,,,,,,,,,,14,14,,
E01002447,2073,396,19.1027496382055,139,6.70525808007718,717,31,113,30,143,50,68,261,11245,4,direct_2011_lsoa_code,1,Hillingdon 031C,,,15,,8,8,,,,,15,15,,,,
E01002448,2152,487,22.6301115241636,257,11.9423791821561,762,90,143,25,168,55,71,294,15919,5,direct_2011_lsoa_code,1,Hillingdon 032B,8,8,3,3,6,6,,15,,,3,3,1,1,,17
E01002449,2144,466,21.7350746268657,156,7.27611940298508,732,49,160,16,176,50,78,304,13247,5,direct_2011_lsoa_code,1,Hillingdon 032C,5,5,15,15,9,9,,26,,,15,15,6,6,,17
E01002450,1497,348,23.2464929859719,160,10.688042752171,496,39,139,25,164,31,25,220,27513,9,direct_2011_lsoa_code,1,Hillingdon 014A,11,11,,26,3,3,,19,,,,17,5,5,,21
E01002451,1503,318,21.1576846307385,218,14.5043246839654,502,42,115,15,130,33,27,190,28166,9,direct_2011_lsoa_code,1,Hillingdon 014B,9,9,,19,,21,8,8,,,11,11,1,1,,22
E01002452,1538,293,19.0507152145644,192,12.4837451235371,510,43,121,10,131,24,39,194,25275,8,direct_2011_lsoa_code,1,Hillingdon 014C,,16,,24,8,8,,17,,,5,5,0,0,12,12
E01002453,1782,404,22.6711560044893,239,13.4118967452301,620,58,158,22,180,36,33,249,23046,8,direct_2011_lsoa_code,1,Hillingdon 014D,7,7,,23,,19,8,8,,,,21,4,4,,25
E01002454,1920,477,24.84375,272,14.1666666666667,653,78,154,39,193,62,37,292,14666,5,direct_2011_lsoa_code,1,Hillingdon 014E,,,,,13,13,,,,,,,,,,
E01002455,1983,483,24.357034795764,248,12.5063035804337,696,72,151,22,173,70,48,291,14192,5,direct_2011_lsoa_code,1,Hillingdon 019D,8,8,13,13,15,15,,25,,,,20,4,4,,
E01002456,1735,399,22.9971181556196,287,16.5417867435159,637,104,133,19,152,48,29,229,15086,5,direct_2011_lsoa_code,1,Hillingdon 017C,5,5,,20,,23,15,15,,,,28,7,7,,
E01002457,1605,356,22.1806853582555,146,9.09657320872274,525,29,114,20,134,58,31,223,9683,3,direct_2011_lsoa_code,1,Hillingdon 019E,4,4,12,12,,19,,19,,,,28,8,8,,
E01002458,1435,267,18.6062717770035,333,23.205574912892,532,66,118,12,130,12,21,163,28217,9,direct_2011_lsoa_code,1,Hillingdon 011A,,,,,,25,,,,,,22,12,12,,27
E01002459,1670,300,17.9640718562874,417,24.9700598802395,630,98,145,20,165,15,21,201,31719,10,direct_2011_lsoa_code,1,Hillingdon 011B,9,9,,28,10,10,,,,,9,9,9,9,,25
E01002460,1424,242,16.9943820224719,328,23.0337078651685,615,129,105,17,122,17,14,153,28811,9,direct_2011_lsoa_code,1,Hillingdon 011C,11,11,,19,2,2,,,,,9,9,4,4,8,8
E01002461,1510,257,17.0198675496689,330,21.8543046357616,532,47,94,5,99,22,41,162,24176,8,direct_2011_lsoa_code,1,Hillingdon 013A,,,,,,,,,,,,,,,,
E01002462,1496,342,22.8609625668449,237,15.8422459893048,522,45,146,20,166,19,22,207,28397,9,direct_2011_lsoa_code,1,Hillingdon 011D,14,14,,28,14,14,,,,,,20,8,8,,25
E01002463,1491,244,16.3648558014755,345,23.1388329979879,523,65,113,12,125,19,23,167,27916,9,direct_2011_lsoa_code,1,Hillingdon 013B,9,9,,24,13,13,,27,,,15,17,1,1,10,10
E01002464,1617,339,20.9647495361781,246,15.2133580705009,622,73,158,18,176,28,17,221,29027,9,direct_2011_lsoa_code,1,Hillingdon 011E,7,7,,25,12,12,,,,,,27,4,4,12,12
E01002465,1714,366,21.3535589264877,192,11.2018669778296,641,60,134,27,161,69,29,259,23956,8,direct_2011_lsoa_code,1,Hillingdon 009A,8,8,,16,9,9,,29,,,,18,2,2,10,10
E01002466,1724,358,20.7656612529002,238,13.8051044083527,630,61,162,37,199,25,25,249,27551,9,direct_2011_lsoa_code,1,Hillingdon 010B,13,13,13,13,6,6,,24,,,,22,4,4,,15
E01002467,1604,325,20.2618453865337,393,24.501246882793,627,121,137,35,172,25,17,214,29710,10,direct_2011_lsoa_code,1,Hillingdon 009B,2,2,15,19,,23,,,,,,19,6,6,13,13
E01002468,1715,332,19.3586005830904,247,14.402332361516,637,64,146,25,171,29,32,232,28529,9,direct_2011_lsoa_code,1,Hillingdon 010C,6,6,,16,11,11,,22,,,,19,2,2,12,12
E01002469,1656,275,16.6062801932367,289,17.451690821256,642,70,132,21,153,21,18,192,27093,9,direct_2011_lsoa_code,1,Hillingdon 010D,13,13,,21,11,11,,29,,,,22,7,7,13,13
E01002470,1833,337,18.3851609383524,332,18.1123840698309,711,97,116,23,139,55,30,224,23632,8,direct_2011_lsoa_code,1,Hillingdon 007D,13,13,14,14,1,1,,26,,,,17,4,4,6,6
E01002471,1632,312,19.1176470588235,277,16.9730392156863,632,72,154,22,176,29,16,221,27928,9,direct_2011_lsoa_code,1,Hillingdon 008E,13,13,,20,9,9,,29,,,,21,6,6,2,2
E01002472,1673,278,16.6168559473999,407,24.3275552898984,800,172,112,19,131,57,17,205,26768,9,direct_2011_lsoa_code,1,Hillingdon 002A,6,6,11,11,,21,13,13,,17,10,10,2,2,12,12
E01002473,1683,260,15.4486036838978,443,26.3220439691028,680,91,119,4,123,18,32,173,17981,6,direct_2011_lsoa_code,1,Hillingdon 001A,,26,,27,,,,26,,,,26,9,9,,25
E01002474,1742,348,19.9770378874857,339,19.4603903559127,691,95,140,20,160,35,34,229,23911,8,direct_2011_lsoa_code,1,Hillingdon 002B,,21,,19,,16,,19,,25,15,14,7,7,,19
E01002475,1631,296,18.1483752299203,394,24.1569589209074,710,112,126,11,137,40,18,195,16423,6,direct_2011_lsoa_code,1,Hillingdon 001B,14,14,,19,,22,6,6,5,5,,19,6,6,,18
E01002476,1633,280,17.1463563992652,431,26.3931414574403,633,84,145,6,151,23,27,201,30955,10,direct_2011_lsoa_code,1,Hillingdon 001C,9,9,14,14,,22,15,19,,21,13,13,11,11,15,15
E01002477,1351,238,17.6165803108808,325,24.0562546262028,568,85,111,4,115,23,26,164,24561,8,direct_2011_lsoa_code,1,Hillingdon 001D,7,7,13,13,5,5,10,10,,18,13,13,5,5,12,12
E01002478,1603,315,19.6506550218341,329,20.5240174672489,668,90,121,12,133,38,27,198,27666,9,direct_2011_lsoa_code,1,Hillingdon 002C,8,8,8,8,5,5,8,8,,15,7,7,5,5,5,5
E01002479,1840,387,21.0326086956522,291,15.8152173913043,655,67,141,24,165,44,26,235,14690,5,direct_2011_lsoa_code,1,Hillingdon 004C,10,10,,24,6,6,,,,,,25,5,5,,24
E01002480,1859,373,20.0645508337816,390,20.979020979021,694,91,178,18,196,26,23,245,31432,10,direct_2011_lsoa_code,1,Hillingdon 004D,11,11,15,15,4,4,,,,,,24,11,11,,26
E01002481,1642,313,19.0621193666261,290,17.6613885505481,653,102,109,20,129,54,22,205,15178,5,direct_2011_lsoa_code,1,Hillingdon 004E,,16,,15,11,11,,26,,,,16,4,4,,16
E01002482,1664,295,17.7283653846154,394,23.6778846153846,623,83,166,8,174,12,26,212,32164,10,direct_2011_lsoa_code,1,Hillingdon 001E,6,6,,16,10,10,,19,,25,12,12,2,2,,14
E01002483,1945,388,19.9485861182519,341,17.5321336760925,728,107,167,19,186,34,42,262,25352,8,direct_2011_lsoa_code,1,Hillingdon 002D,7,7,6,6,12,12,,16,,25,5,5,1,1,8,8
E01002484,1429,288,20.1539538138558,240,16.7949615115465,580,94,103,23,126,41,22,189,13323,5,direct_2011_lsoa_code,1,Hillingdon 002E,9,9,12,12,11,11,,20,,25,9,9,6,6,14,14
E01002485,2031,416,20.4825209256524,287,14.1309699655342,840,91,160,21,181,68,30,279,18663,6,direct_2011_lsoa_code,1,Hillingdon 002F,12,12,5,5,,17,,17,,27,6,6,3,3,4,4
E01002486,2243,511,22.7819884083816,198,8.82746321890325,692,39,149,18,167,59,74,300,10820,4,direct_2011_lsoa_code,1,Hillingdon 028A,10,10,,25,9,9,,29,,,,25,5,5,,
E01002487,1922,402,20.9157127991675,213,11.0822060353798,627,56,122,10,132,34,78,244,11335,4,direct_2011_lsoa_code,1,Hillingdon 028B,14,14,,15,11,11,,23,,,,19,3,3,,
E01002488,1766,380,21.5175537938845,196,11.0985277463194,528,40,112,12,124,35,67,226,15580,5,direct_2011_lsoa_code,1,Hillingdon 030B,5,5,,20,7,7,,22,,,,18,1,1,,
E01002489,1934,382,19.7518097207859,193,9.97931747673216,553,44,124,11,135,25,84,244,17959,6,direct_2011_lsoa_code,1,Hillingdon 030C,,14,7,7,11,11,13,11,,,4,4,2,2,,27
E01002490,2139,436,20.3833567087424,227,10.6124357176251,677,46,143,19,162,47,63,272,12914,4,direct_2011_lsoa_code,1,Hillingdon 030D,9,9,,15,14,14,,16,,,15,13,2,2,,28
E01002491,1722,425,24.6806039488966,162,9.40766550522648,531,36,93,22,115,72,62,249,10125,4,direct_2011_lsoa_code,1,Hillingdon 032D,11,11,,17,12,12,,18,,,15,15,4,4,,
E01002492,1699,352,20.7180694526192,168,9.88816951147734,498,26,111,9,120,32,70,222,13506,5,direct_2011_lsoa_code,1,Hillingdon 030E,14,14,14,14,14,14,,18,,,,16,2,2,,
E01002493,2003,596,29.7553669495756,156,7.78831752371443,610,29,163,21,184,89,48,321,7115,3,direct_2011_lsoa_code,1,Hillingdon 032E,8,8,,17,3,3,,18,,,14,14,5,5,,
E01002494,1803,403,22.3516361619523,209,11.59179145868,639,51,141,27,168,44,41,253,23112,8,direct_2011_lsoa_code,1,Hillingdon 009C,12,12,,,13,13,,,,,,,,,,
E01002495,1878,412,21.9382321618743,198,10.5431309904153,701,55,157,20,177,45,36,258,24471,8,direct_2011_lsoa_code,1,Hillingdon 010E,,14,,20,11,11,,29,,,,22,2,2,10,10
E01002496,1958,431,22.0122574055158,235,12.0020429009193,777,69,175,36,211,59,29,299,17182,6,direct_2011_lsoa_code,1,Hillingdon 033A,,18,7,7,,19,,20,,,12,12,6,6,,20
E01002497,2476,528,21.3247172859451,287,11.5912762520194,990,84,196,37,233,91,45,369,18915,6,direct_2011_lsoa_code,1,Hillingdon 033B,6,6,9,9,12,12,,21,,,,21,5,5,10,10
E01002498,1413,255,18.0467091295117,268,18.966737438075,524,63,125,17,142,14,23,179,26697,9,direct_2011_lsoa_code,1,Hillingdon 033C,2,2,12,12,5,5,,22,,,,20,8,8,14,14
E01002499,2055,379,18.4428223844282,260,12.6520681265207,679,77,145,24,169,44,35,248,21340,7,direct_2011_lsoa_code,1,Hillingdon 033D,10,10,,26,7,7,,,,,,28,4,4,,20
E01002501,1739,329,18.9189189189189,228,13.1109833237493,513,41,85,8,93,31,80,204,13368,5,direct_2011_lsoa_code,1,Hillingdon 026B,8,8,11,11,6,6,7,7,,,,16,4,4,,
E01002502,2007,570,28.4005979073244,158,7.87244643746886,568,37,144,15,159,74,75,308,8401,3,direct_2011_lsoa_code,1,Hillingdon 026C,,16,,17,14,14,11,11,,,,16,6,6,,
E01002503,1934,438,22.6473629782834,182,9.4105480868666,550,52,110,12,122,49,77,248,7561,3,direct_2011_lsoa_code,1,Hillingdon 027C,8,8,7,7,11,11,3,3,,,12,11,3,3,,
E01002505,1782,407,22.8395061728395,183,10.2693602693603,659,59,126,15,141,73,43,257,5524,2,direct_2011_lsoa_code,1,Hillingdon 026D,10,10,,15,12,12,,23,,20,,17,6,6,,
E01002506,2076,509,24.5183044315992,149,7.17726396917148,648,41,113,18,131,68,78,277,6678,3,direct_2011_lsoa_code,1,Hillingdon 027E,9,9,5,5,,16,5,5,,,6,6,6,6,,
E01002507,1971,445,22.5773718924404,189,9.58904109589041,551,28,112,7,119,37,109,265,13549,5,direct_2011_lsoa_code,1,Hillingdon 027F,,,,,,,,,,,,,,,,
E01002508,2190,532,24.2922374429224,308,14.0639269406393,708,108,135,18,153,62,71,286,6038,2,direct_2011_lsoa_code,1,Hillingdon 026E,14,14,9,9,15,15,,19,,27,,20,6,6,,
E01002509,1492,270,18.0965147453083,292,19.5710455764075,509,61,121,11,132,7,38,177,26850,9,direct_2011_lsoa_code,1,Hillingdon 017D,,20,,20,10,10,,27,,,,24,8,8,,28
E01002511,1627,322,19.7910264290105,264,16.2261831591887,643,100,112,20,132,49,32,213,11647,4,direct_2011_lsoa_code,1,Hillingdon 017E,11,11,,15,10,10,15,15,,,,21,6,6,,26
E01002512,2052,386,18.8109161793372,394,19.2007797270955,766,84,190,19,209,35,30,274,29384,9,direct_2011_lsoa_code,1,Hillingdon 013C,13,13,,21,8,8,,,,,,22,10,10,,21
E01002513,1438,238,16.5507649513213,357,24.8261474269819,585,99,81,5,86,25,26,137,21967,7,direct_2011_lsoa_code,1,Hillingdon 013D,,21,,25,,16,,26,,,10,10,5,5,13,13
E01002514,1960,340,17.3469387755102,256,13.0612244897959,883,131,123,27,150,63,25,238,21785,7,direct_2011_lsoa_code,1,Hillingdon 015C,15,15,8,8,14,14,,,,,,16,9,9,,19
E01002516,1471,257,17.4711080897349,318,21.617946974847,496,45,95,9,104,10,42,156,27668,9,direct_2011_lsoa_code,1,Hillingdon 013E,9,9,,27,5,5,,,,,,21,9,9,,23
E01002518,1318,213,16.1608497723824,217,16.464339908953,484,52,79,12,91,16,24,131,24260,8,direct_2011_lsoa_code,1,Hillingdon 022C,,16,,15,13,13,14,14,,21,11,11,2,2,,24
E01002519,1981,346,17.4659262998486,254,12.8218071680969,955,127,90,41,131,59,26,216,8067,3,direct_2011_lsoa_code,1,Hillingdon 022D,12,12,,18,6,6,,25,,,9,9,6,6,,28
E01002520,2036,479,23.5265225933202,167,8.20235756385069,785,52,121,33,154,91,53,298,14591,5,direct_2011_lsoa_code,1,Hillingdon 016B,7,7,,23,,22,,,,,,24,5,5,,24
E01002521,2055,367,17.8588807785888,253,12.3114355231144,1020,141,114,23,137,73,22,232,8385,3,direct_2011_lsoa_code,1,Hillingdon 016C,8,8,13,13,3,3,,26,,,12,11,2,2,12,12
E01002523,1557,297,19.0751445086705,166,10.6615285806037,545,38,97,23,120,23,44,187,16868,6,direct_2011_lsoa_code,1,Hillingdon 016D,4,4,14,14,10,10,,26,,29,14,14,3,3,,15
E01002525,1804,353,19.5676274944568,317,17.5720620842572,688,71,120,20,140,50,36,226,15013,5,direct_2011_lsoa_code,1,Hillingdon 029B,8,8,,20,2,2,8,8,,,,16,8,8,,29
E01002526,2963,661,22.3084711441107,237,7.99865001687479,1000,32,250,28,278,84,59,421,8626,3,direct_2011_lsoa_code,1,Hillingdon 028C,13,13,,21,6,6,,24,,,6,6,2,2,,
E01002527,1602,345,21.5355805243446,262,16.354556803995,625,73,92,23,115,70,24,209,9202,3,direct_2011_lsoa_code,1,Hillingdon 031D,13,13,,21,14,14,12,12,,,,17,3,3,,
E01002528,1888,424,22.4576271186441,208,11.0169491525424,579,43,113,21,134,53,46,233,5861,2,direct_2011_lsoa_code,1,Hillingdon 028D,,16,,29,1,1,,,,,12,12,9,9,,
E01002529,2533,612,24.1610738255034,174,6.86932491117252,907,37,196,39,235,90,58,383,13991,5,direct_2011_lsoa_code,1,Hillingdon 029C,7,7,,15,8,8,11,11,,28,8,8,2,2,,27
E01002530,1788,452,25.2796420581656,164,9.17225950782998,616,65,112,23,135,81,45,261,5774,2,direct_2011_lsoa_code,1,Hillingdon 029D,6,6,,22,11,11,,17,,,,17,3,3,,27
E01002531,1686,284,16.8446026097272,308,18.2680901542112,651,85,110,13,123,28,36,187,16512,6,direct_2011_lsoa_code,1,Hillingdon 029E,,21,,18,,26,,21,,,10,10,11,11,,
E01002533,1457,290,19.9039121482498,203,13.9327385037749,583,52,95,29,124,52,18,194,16920,6,direct_2011_lsoa_code,1,Hillingdon 005A,,23,,29,,29,,,,,,,13,13,,
E01002534,1525,302,19.8032786885246,338,22.1639344262295,596,104,126,16,142,26,21,189,24926,8,direct_2011_lsoa_code,1,Hillingdon 005B,9,9,,21,13,13,,,,,15,15,2,2,,21
E01002535,2188,321,14.6709323583181,407,18.6014625228519,1002,139,145,21,166,37,20,223,26634,9,direct_2011_lsoa_code,1,Hillingdon 007E,,20,4,4,7,7,,,,,3,3,2,2,7,7
E01002536,1329,280,21.0684725357412,161,12.1143717080512,587,73,120,18,138,25,15,178,25715,8,direct_2011_lsoa_code,1,Hillingdon 009D,,23,13,13,,20,,,,,,16,7,7,13,13
E01002537,2487,533,21.4314435062324,400,16.0836349014877,1034,153,213,34,247,50,35,332,28136,9,direct_2011_lsoa_code,1,Hillingdon 009E,7,7,,16,8,8,,29,,,,15,4,4,6,6
E01002538,1689,300,17.7619893428064,411,24.3339253996448,763,142,115,24,139,37,24,200,21973,7,direct_2011_lsoa_code,1,Hillingdon 005C,,,,,,,,,,,,,,,,
E01002539,1708,307,17.9742388758782,424,24.824355971897,694,113,145,22,167,29,17,213,28177,9,direct_2011_lsoa_code,1,Hillingdon 005D,6,6,,14,8,8,,,,,,15,2,2,,16
E01002540,1825,463,25.3698630136986,149,8.16438356164384,643,41,135,31,166,69,37,272,9149,3,direct_2011_lsoa_code,1,Hillingdon 020C,3,3,14,14,7,7,,20,,,,24,2,2,,
E01002541,2008,387,19.2729083665339,237,11.8027888446215,804,82,153,14,167,60,40,267,19169,6,direct_2011_lsoa_code,1,Hillingdon 023A,9,9,13,13,10,10,,20,,,,24,7,7,,
E01002542,2120,634,29.9056603773585,161,7.59433962264151,703,46,201,27,228,93,45,366,8115,3,direct_2011_lsoa_code,1,Hillingdon 020D,11,11,,17,11,11,4,4,,,,17,2,2,,27
E01002543,1923,503,26.1570462818513,155,8.06032241289652,646,55,158,16,174,84,47,305,7704,3,direct_2011_lsoa_code,1,Hillingdon 020E,6,6,11,11,1,1,,20,,,,24,2,2,,
E01002544,1693,352,20.7914943886592,213,12.5812167749557,557,52,119,16,135,29,64,228,19620,6,direct_2011_lsoa_code,1,Hillingdon 023B,,25,13,13,13,13,,23,,,,,9,9,,
E01002545,1496,402,26.8716577540107,122,8.15508021390374,492,21,75,14,89,109,43,241,3488,2,direct_2011_lsoa_code,1,Hillingdon 023C,,16,,,9,9,,,,,,,14,14,,
E01002546,1735,394,22.7089337175793,158,9.10662824207493,456,14,117,6,123,24,80,227,14713,5,direct_2011_lsoa_code,1,Hillingdon 023D,10,10,,21,13,13,,,,26,,23,11,11,,
E01002547,1716,405,23.6013986013986,163,9.4988344988345,507,22,110,14,124,45,82,251,10730,4,direct_2011_lsoa_code,1,Hillingdon 023E,,17,13,13,,23,,22,,19,,16,5,5,,
E01002548,2120,668,31.5094339622642,230,10.8490566037736,734,96,110,19,129,140,39,308,7083,3,direct_2011_lsoa_code,1,Hillingdon 025A,,,,28,,26,,,,,,27,4,4,,
E01002549,1871,411,21.9668626402993,298,15.9273115980759,715,112,124,23,147,67,35,249,13435,5,direct_2011_lsoa_code,1,Hillingdon 025B,9,9,,19,7,7,,16,,21,,20,6,6,,28
E01002550,1847,409,22.1440173253925,126,6.82187330806714,799,56,125,31,156,85,29,270,8239,3,direct_2011_lsoa_code,1,Hillingdon 022E,6,6,14,12,,25,12,12,,24,,13,7,7,,
E01002551,2136,424,19.8501872659176,234,10.9550561797753,686,66,119,26,145,89,53,287,12906,4,direct_2011_lsoa_code,1,Hillingdon 025C,2,2,,19,,27,,22,,21,,20,7,7,,
E01002552,1745,403,23.0945558739255,188,10.7736389684814,568,40,120,27,147,56,41,244,8365,3,direct_2011_lsoa_code,1,Hillingdon 025D,10,10,9,9,,24,11,11,,23,13,13,5,5,,
E01002553,1760,354,20.1136363636364,184,10.4545454545455,628,66,95,26,121,70,38,229,5488,2,direct_2011_lsoa_code,1,Hillingdon 025E,9,9,,10,,22,14,14,,21,,11,2,2,,
E01002555,2068,357,17.2630560928433,298,14.4100580270793,702,71,124,19,143,39,58,240,19332,6,direct_2011_lsoa_code,1,Hounslow 022A,8,8,,25,,20,,24,,,,18,2,2,,12
E01002556,1855,412,22.2102425876011,228,12.2911051212938,663,64,134,35,169,68,52,289,17019,6,direct_2011_lsoa_code,1,Hounslow 022B,12,12,,19,9,9,,18,,,5,5,4,4,,25
E01002557,2077,467,22.4843524313914,237,11.4106884930188,732,75,132,22,154,49,50,253,10494,4,direct_2011_lsoa_code,1,Hounslow 023A,,14,,25,13,13,,20,,,,11,1,1,,15
E01002558,2197,497,22.6217569412836,241,10.9695038689122,819,84,155,31,186,81,40,307,11490,4,direct_2011_lsoa_code,1,Hounslow 023B,,15,,19,14,13,13,13,,,7,7,2,2,,19
E01002559,2575,592,22.9902912621359,218,8.46601941747573,918,58,160,47,207,83,73,363,10334,4,direct_2011_lsoa_code,1,Hounslow 023C,,20,,25,11,11,,29,,,,21,5,5,,28
E01002560,2010,414,20.5970149253731,309,15.3731343283582,654,84,98,26,124,50,58,232,8721,3,direct_2011_lsoa_code,1,Hounslow 023D,12,12,,24,7,7,6,6,,,14,14,9,9,,
E01002561,1710,479,28.0116959064328,87,5.08771929824561,598,31,67,32,99,89,58,246,5999,2,direct_2011_lsoa_code,1,Hounslow 023E,6,6,,27,5,5,6,6,,,,29,9,9,,
E01002562,1483,307,20.7012811867835,183,12.3398516520566,523,52,88,20,108,47,26,181,6744,3,direct_2011_lsoa_code,1,Hounslow 030D,13,13,,24,1,1,,27,,,,22,11,11,,23
E01002563,1909,348,18.2294394971189,266,13.9339968569932,746,67,131,21,152,44,33,229,18140,6,direct_2011_lsoa_code,1,Hounslow 006A,14,14,14,14,11,10,,17,,23,,17,3,3,9,9
E01002564,1897,401,21.1386399578282,212,11.1755403268318,726,63,110,34,144,73,34,251,6163,2,direct_2011_lsoa_code,1,Hounslow 031E,,16,14,14,6,6,9,9,11,11,10,10,3,3,,16
E01002565,2506,529,21.1093375897845,271,10.8140462889066,1054,108,204,28,232,76,28,336,15965,5,direct_2011_lsoa_code,1,Hounslow 006B,7,7,7,7,12,12,8,8,,22,14,13,0,0,,18
E01002567,1826,316,17.3055859802848,257,14.0744797371303,871,95,111,21,132,50,10,192,13287,5,direct_2011_lsoa_code,1,Hounslow 006C,6,6,11,11,6,6,10,10,,26,13,13,6,6,,18
E01002569,2120,359,16.9339622641509,299,14.1037735849057,961,82,178,24,202,33,18,253,25541,8,direct_2011_lsoa_code,1,Hounslow 001A,7,7,13,13,6,6,,19,,,12,12,3,3,,18
E01002570,1625,241,14.8307692307692,180,11.0769230769231,667,56,95,14,109,28,16,153,20610,7,direct_2011_lsoa_code,1,Hounslow 001B,12,12,7,7,11,11,12,10,,,4,4,3,3,11,11
E01002571,1281,218,17.0179547228728,269,20.9992193598751,590,100,100,19,119,13,11,143,30161,10,direct_2011_lsoa_code,1,Hounslow 007A,13,13,,25,10,10,,26,,,,21,5,5,,28
E01002572,1544,347,22.4740932642487,205,13.2772020725389,619,71,101,17,118,76,30,224,7879,3,direct_2011_lsoa_code,1,Hounslow 007B,12,12,,18,15,15,,21,,28,,21,10,10,,
E01002573,1548,281,18.1524547803618,252,16.2790697674419,638,66,139,11,150,18,15,183,22030,7,direct_2011_lsoa_code,1,Hounslow 001C,8,8,10,10,7,7,,15,,,6,6,5,5,8,8
E01002574,1732,313,18.0715935334873,226,13.0484988452656,682,67,189,11,200,20,13,233,23534,8,direct_2011_lsoa_code,1,Hounslow 001D,10,10,13,12,2,2,,15,,26,11,10,4,4,2,2
E01002575,1617,273,16.8831168831169,266,16.4502164502165,663,70,139,14,153,24,14,191,27891,9,direct_2011_lsoa_code,1,Hounslow 001E,13,13,12,12,6,6,,13,,,10,10,4,4,9,9
E01002576,1683,345,20.4991087344029,204,12.1212121212121,700,63,116,25,141,59,13,213,12986,4,direct_2011_lsoa_code,1,Hounslow 008A,6,6,,16,10,10,15,15,,,10,10,5,5,12,12
E01002577,1661,265,15.9542444310656,239,14.3889223359422,681,66,124,16,140,20,17,177,21840,7,direct_2011_lsoa_code,1,Hounslow 007C,9,9,,25,2,2,,26,,,,22,9,9,,28
E01002578,1546,322,20.8279430789133,276,17.8525226390686,591,65,145,12,157,38,21,216,23903,8,direct_2011_lsoa_code,1,Hounslow 007D,6,6,,16,13,13,,17,,,7,7,0,0,,21
E01002579,1726,328,19.0034762456547,390,22.5955967555041,769,138,135,26,161,32,14,207,24691,8,direct_2011_lsoa_code,1,Hounslow 008B,14,14,,24,,24,,25,,,8,8,2,2,,28
E01002580,1450,265,18.2758620689655,194,13.3793103448276,677,89,106,16,122,43,16,181,10987,4,direct_2011_lsoa_code,1,Hounslow 008C,4,4,15,13,2,2,,20,,,,20,4,4,9,9
E01002581,1881,334,17.7565124933546,233,12.3870281765019,843,81,155,29,184,40,14,238,22834,7,direct_2011_lsoa_code,1,Hounslow 008D,7,7,14,14,3,3,14,14,,,,23,9,9,4,4
E01002582,1662,363,21.841155234657,260,15.6438026474128,692,101,155,27,182,39,15,236,22012,7,direct_2011_lsoa_code,1,Hounslow 008E,9,9,,,12,12,,,,,,,15,15,1,1
E01002583,1811,340,18.774157923799,237,13.0866924351187,541,39,97,8,105,36,83,224,11602,4,direct_2011_lsoa_code,1,Hounslow 013A,1,1,,22,15,15,,24,,,10,10,3,3,,24
E01002584,2128,383,17.9981203007519,211,9.91541353383459,633,37,118,8,126,32,98,256,15419,5,direct_2011_lsoa_code,1,Hounslow 013B,3,3,,16,8,8,,16,,24,3,3,2,2,,18
E01002585,1829,342,18.6987424822307,207,11.3176599234554,525,40,108,10,118,27,72,217,8782,3,direct_2011_lsoa_code,1,Hounslow 013C,13,13,,17,13,13,12,12,,22,11,11,3,3,,19
E01002586,1840,336,18.2608695652174,245,13.3152173913044,498,38,78,7,85,9,105,199,17327,6,direct_2011_lsoa_code,1,Hounslow 013D,14,14,,24,6,6,,24,,,10,10,11,11,,27
E01002587,2386,457,19.1533948030176,383,16.0519698239732,740,52,134,15,149,34,91,274,11297,4,direct_2011_lsoa_code,1,Hounslow 016A,,18,10,10,12,12,6,6,,19,4,4,0,0,,16
E01002588,2027,523,25.8016773556981,162,7.99210656142082,745,57,147,29,176,103,51,330,4946,2,direct_2011_lsoa_code,1,Hounslow 016B,12,12,5,5,6,6,7,7,,27,6,6,6,6,,21
E01002589,2505,543,21.6766467065868,220,8.78243512974052,815,74,164,24,188,72,76,336,11917,4,direct_2011_lsoa_code,1,Hounslow 013E,12,12,12,12,9,9,,27,,,,24,4,4,,24
E01002590,2665,612,22.9643527204503,386,14.484052532833,999,205,163,29,192,69,81,342,15491,5,direct_2011_lsoa_code,1,Hounslow 022C,12,12,,16,6,6,,27,,,,18,7,7,,29
E01002591,1903,381,20.0210194429848,221,11.6132422490804,614,52,122,22,144,46,49,239,12963,4,direct_2011_lsoa_code,1,Hounslow 024A,6,6,,17,14,14,,,,,,17,0,0,,25
E01002592,2152,469,21.7936802973978,295,13.7081784386617,776,116,133,29,162,75,56,293,11100,4,direct_2011_lsoa_code,1,Hounslow 022D,,22,13,13,,19,,29,,,,21,6,6,,14
E01002593,2261,386,17.0720919946926,372,16.452896948253,698,71,116,18,134,31,82,247,11534,4,direct_2011_lsoa_code,1,Hounslow 024B,14,14,10,10,3,3,,20,,,13,13,4,4,,18
E01002594,2315,469,20.2591792656588,285,12.3110151187905,647,72,123,13,136,28,80,244,12881,4,direct_2011_lsoa_code,1,Hounslow 024C,7,7,14,14,8,8,,22,,29,,14,1,1,,19
E01002595,2260,505,22.3451327433628,239,10.5752212389381,714,57,116,26,142,70,82,294,9557,3,direct_2011_lsoa_code,1,Hounslow 022E,13,13,,20,6,6,,21,,29,15,12,2,2,,21
E01002596,2142,469,21.8954248366013,79,3.68814192343604,760,22,140,38,178,100,27,305,11229,4,direct_2011_lsoa_code,1,Hounslow 027A,2,2,,24,4,4,,,,,,27,9,9,,
E01002598,1927,413,21.4322781525688,187,9.70420342501297,656,43,127,32,159,48,56,263,10352,4,direct_2011_lsoa_code,1,Hounslow 025B,5,5,4,4,3,3,,26,,,11,10,2,2,,25
E01002599,1577,341,21.6233354470514,162,10.2726696258719,559,55,104,22,126,66,27,219,9854,4,direct_2011_lsoa_code,1,Hounslow 025C,11,11,9,9,2,2,,,,,,17,3,3,,
E01002600,1656,337,20.3502415458937,178,10.7487922705314,512,37,104,19,123,41,47,211,9513,3,direct_2011_lsoa_code,1,Hounslow 025D,8,8,12,12,9,9,,,,,,19,4,4,,
E01002601,1874,447,23.8527214514408,134,7.15048025613661,666,45,163,40,203,54,39,296,17139,6,direct_2011_lsoa_code,1,Hounslow 027B,15,14,,15,11,11,,,,,,21,1,1,,
E01002602,1493,310,20.7635632953784,185,12.3911587407904,549,46,121,26,147,29,30,206,18387,6,direct_2011_lsoa_code,1,Hounslow 027C,15,15,,18,12,12,,,,,,23,7,7,,
E01002603,1948,441,22.6386036960986,138,7.08418891170431,645,34,147,34,181,49,52,282,9819,3,direct_2011_lsoa_code,1,Hounslow 025E,6,6,,17,5,5,,27,,,,18,3,3,,29
E01002604,1636,423,25.8557457212714,130,7.94621026894866,555,24,88,29,117,85,36,238,5805,2,direct_2011_lsoa_code,1,Hounslow 026A,14,14,,20,10,10,14,14,,,,21,2,2,,
E01002605,2356,608,25.8064516129032,255,10.8234295415959,832,76,145,40,185,99,74,358,7338,3,direct_2011_lsoa_code,1,Hounslow 026B,15,15,11,11,9,9,11,10,,,,17,2,2,,28
E01002606,1689,386,22.8537596210776,205,12.137359384251,611,88,112,14,126,71,31,228,4811,2,direct_2011_lsoa_code,1,Hounslow 026C,10,10,,16,15,15,11,11,,,,23,5,5,,
E01002607,2447,550,22.4765018389865,226,9.23579893747446,778,55,150,36,186,67,77,330,13493,5,direct_2011_lsoa_code,1,Hounslow 026D,8,8,,17,11,11,5,5,,,,19,3,3,,27
E01002608,1899,448,23.5913638757241,217,11.4270668773038,668,57,116,39,155,64,50,269,7837,3,direct_2011_lsoa_code,1,Hounslow 028A,11,11,,21,4,4,,13,,,,20,1,1,,
E01002609,1821,387,21.2520593080725,283,15.5409115870401,664,81,128,23,151,46,37,234,17978,6,direct_2011_lsoa_code,1,Hounslow 028B,13,13,,18,1,1,,19,,,,19,2,2,,
E01002610,1760,444,25.2272727272727,217,12.3295454545455,634,73,120,29,149,85,29,263,9741,3,direct_2011_lsoa_code,1,Hounslow 028C,7,7,,28,,19,,25,,,,,7,7,,
E01002611,2029,377,18.5805815672745,250,12.3213405618531,674,59,127,16,143,69,48,260,13547,5,direct_2011_lsoa_code,1,Hounslow 024D,14,14,,23,9,9,13,13,,,,15,4,4,,
E01002612,2102,428,20.3615604186489,268,12.7497621313035,824,91,140,22,162,66,47,275,9664,3,direct_2011_lsoa_code,1,Hounslow 024E,3,3,11,11,7,7,,16,,,8,8,4,4,,20
E01002613,1926,381,19.7819314641745,218,11.318795430945,631,55,118,18,136,44,65,245,15529,5,direct_2011_lsoa_code,1,Hounslow 024F,,16,,18,11,11,10,10,,,,19,4,4,,27
E01002614,2122,513,24.1753063147974,235,11.0744580584354,821,73,170,41,211,54,46,311,19316,6,direct_2011_lsoa_code,1,Hounslow 027D,14,14,7,7,7,7,,,,,,17,6,6,,
E01002615,1624,358,22.0443349753695,198,12.192118226601,632,83,84,24,108,75,31,214,5539,2,direct_2011_lsoa_code,1,Hounslow 026E,10,10,,20,7,7,,21,,,,24,7,7,,
E01002616,1631,331,20.2942979767014,238,14.5922746781116,564,64,114,16,130,43,38,211,16858,6,direct_2011_lsoa_code,1,Hounslow 027E,9,9,10,10,6,6,,,,,,17,6,6,,
E01002617,1635,322,19.6941896024465,264,16.1467889908257,634,74,124,33,157,29,28,214,20968,7,direct_2011_lsoa_code,1,Hounslow 028D,14,14,,18,14,14,,28,,,,22,5,5,,
E01002618,2060,408,19.8058252427185,248,12.0388349514563,558,34,149,4,153,17,75,245,17916,6,direct_2011_lsoa_code,1,Hounslow 011A,9,9,,17,9,9,,24,,21,,21,3,3,,22
E01002619,2094,404,19.2932187201528,368,17.5740210124164,634,94,99,9,108,20,105,233,15394,5,direct_2011_lsoa_code,1,Hounslow 010A,7,7,,14,5,5,,25,,28,,25,5,5,,25
E01002620,2754,733,26.6158315177923,219,7.9520697167756,898,50,263,24,287,84,69,440,10260,4,direct_2011_lsoa_code,1,Hounslow 004A,7,7,,14,8,8,,17,,27,,18,1,1,,20
E01002621,2007,436,21.723966118585,207,10.3139013452915,607,38,132,11,143,42,82,267,14294,5,direct_2011_lsoa_code,1,Hounslow 011B,5,5,,17,5,5,,26,14,14,,19,2,2,,17
E01002622,1921,386,20.0937011972931,235,12.2332118688183,573,35,136,13,149,31,67,247,12136,4,direct_2011_lsoa_code,1,Hounslow 010B,12,12,12,12,14,14,10,10,,20,10,10,6,6,,16
E01002623,1926,342,17.7570093457944,272,14.122533748702,535,26,82,0,82,39,86,207,8903,3,direct_2011_lsoa_code,1,Hounslow 011C,9,9,9,9,5,5,,20,,18,13,13,0,0,12,11
E01002624,1778,344,19.347581552306,196,11.0236220472441,515,38,112,6,118,30,79,227,13021,4,direct_2011_lsoa_code,1,Hounslow 017A,12,12,8,8,13,13,,16,11,11,11,11,4,4,8,8
E01002625,1712,297,17.3481308411215,256,14.9532710280374,487,40,90,3,93,24,77,194,17517,6,direct_2011_lsoa_code,1,Hounslow 004B,10,10,12,12,8,8,8,8,,,7,7,10,10,,28
E01002626,1624,280,17.2413793103448,267,16.4408866995074,484,33,84,8,92,12,61,165,15569,5,direct_2011_lsoa_code,1,Hounslow 004C,10,10,,20,10,10,4,4,,27,5,5,1,1,,20
E01002627,1792,464,25.8928571428572,172,9.59821428571429,608,44,135,22,157,81,37,275,8506,3,direct_2011_lsoa_code,1,Hounslow 004D,7,7,,26,,18,11,11,,,11,11,8,8,,22
E01002628,2167,374,17.258883248731,339,15.6437471158283,651,48,123,14,137,35,117,289,16819,6,direct_2011_lsoa_code,1,Hounslow 011D,10,10,,24,11,11,,20,,24,,19,7,7,,20
E01002629,2679,582,21.7245240761478,315,11.7581187010078,883,65,200,31,231,77,76,384,11979,4,direct_2011_lsoa_code,1,Hounslow 011E,2,2,,18,7,7,10,10,,22,14,12,4,4,14,13
E01002630,2070,340,16.4251207729469,237,11.4492753623188,680,43,123,9,132,47,57,236,16936,6,direct_2011_lsoa_code,1,Hounslow 012A,6,6,,15,11,11,,18,,25,,17,5,5,14,14
E01002631,1836,386,21.0239651416122,199,10.838779956427,556,26,118,7,125,23,112,260,11568,4,direct_2011_lsoa_code,1,Hounslow 004E,7,7,5,5,9,9,,22,,,,23,2,2,,27
E01002632,1916,325,16.9624217118998,350,18.2672233820459,624,116,121,5,126,15,66,207,14926,5,direct_2011_lsoa_code,1,Hounslow 010C,11,11,15,13,9,9,,24,,,,23,5,5,,27
E01002633,2229,569,25.5271422162405,194,8.70345446388515,745,69,159,16,175,83,74,332,4802,2,direct_2011_lsoa_code,1,Hounslow 005A,10,10,,15,,21,,19,,,,13,1,1,,24
E01002634,1767,492,27.8438030560272,123,6.96095076400679,544,23,127,16,143,91,35,269,6742,3,direct_2011_lsoa_code,1,Hounslow 005B,8,8,,22,,14,,29,,,,15,1,1,,26
E01002635,2001,399,19.9400299850075,265,13.2433783108446,557,41,103,8,111,21,98,230,14005,5,direct_2011_lsoa_code,1,Hounslow 010D,,22,,,,26,,,,,,,10,10,,
E01002636,2122,427,20.1225259189444,298,14.0433553251649,618,54,122,9,131,35,95,261,17423,6,direct_2011_lsoa_code,1,Hounslow 010E,7,7,,20,11,11,,29,,,,23,2,2,,27
E01002637,1914,454,23.7199582027168,194,10.1358411703239,615,43,106,8,114,43,74,231,7357,3,direct_2011_lsoa_code,1,Hounslow 005C,,19,9,9,,25,,22,,,,25,7,7,,
E01002638,2213,566,25.5761409850881,211,9.53456845910529,618,34,156,12,168,61,80,309,7635,3,direct_2011_lsoa_code,1,Hounslow 005D,14,14,11,11,12,12,,24,,,,26,8,8,,
E01002639,1786,315,17.6371780515118,254,14.2217245240761,548,39,92,7,99,18,77,194,19136,6,direct_2011_lsoa_code,1,Hounslow 012B,10,10,11,11,9,9,,18,,23,13,13,4,4,7,7
E01002640,2255,393,17.4279379157428,223,9.88913525498891,622,41,122,9,131,22,121,274,15615,5,direct_2011_lsoa_code,1,Hounslow 012C,1,1,11,11,6,6,12,12,,23,13,13,5,5,7,7
E01002641,2691,529,19.6581196581197,255,9.47603121516165,985,59,167,13,180,115,60,355,10104,4,direct_2011_lsoa_code,1,Hounslow 018A,12,12,13,13,13,12,4,4,,16,5,5,2,2,5,5
E01002643,2735,580,21.2065813528336,368,13.45521023766,1044,161,183,25,208,102,59,369,12090,4,direct_2011_lsoa_code,1,Hounslow 015B,4,4,11,8,11,11,,16,,17,13,7,0,0,,13
E01002645,2258,467,20.682019486271,237,10.4960141718335,781,80,132,18,150,57,83,290,10526,4,direct_2011_lsoa_code,1,Hounslow 015C,8,8,9,9,7,7,15,15,,18,13,13,7,7,,16
E01002646,2324,587,25.2581755593804,198,8.5197934595525,749,70,188,17,205,74,62,341,8074,3,direct_2011_lsoa_code,1,Hounslow 017B,6,6,11,11,11,11,7,7,,22,8,8,7,7,,22
E01002647,2214,568,25.6549232158988,204,9.21409214092141,757,63,191,22,213,74,46,333,11448,4,direct_2011_lsoa_code,1,Hounslow 021A,7,7,,17,10,10,,17,,25,8,8,4,4,,26
E01002649,2054,474,23.0769230769231,166,8.08179162609542,733,41,167,19,186,58,51,295,9818,3,direct_2011_lsoa_code,1,Hounslow 018D,,16,6,6,14,14,11,11,,21,7,7,4,4,,18
E01002650,2525,651,25.7821782178218,207,8.1980198019802,793,44,203,24,227,80,92,399,11539,4,direct_2011_lsoa_code,1,Hounslow 021B,,26,,25,,22,,25,,,,21,13,13,,
E01002651,1909,367,19.2247249869041,251,13.1482451545312,564,45,119,12,131,27,79,237,15066,5,direct_2011_lsoa_code,1,Hounslow 021C,7,7,,17,,16,12,12,,23,13,13,4,4,,21
E01002652,1921,318,16.5538781884435,266,13.846954711088,562,39,93,14,107,17,78,202,15782,5,direct_2011_lsoa_code,1,Hounslow 021D,5,5,,16,9,9,,16,,22,15,15,3,3,,21
E01002653,1899,336,17.6935229067931,267,14.0600315955766,598,42,138,10,148,17,61,226,19227,6,direct_2011_lsoa_code,1,Hounslow 019A,7,7,,17,10,10,,18,,28,,22,4,4,,22
E01002654,1911,332,17.3731030873888,327,17.1114599686028,660,64,130,16,146,25,52,223,19284,6,direct_2011_lsoa_code,1,Hounslow 019B,,16,15,15,9,9,,19,,27,,18,3,3,,23
E01002655,1867,336,17.9967862881628,286,15.3186930905196,626,64,131,12,143,26,52,221,21413,7,direct_2011_lsoa_code,1,Hounslow 019C,8,8,13,13,,21,12,12,,25,14,14,3,3,,23
E01002656,1419,256,18.0408738548273,237,16.7019027484144,525,50,118,14,132,24,27,183,18955,6,direct_2011_lsoa_code,1,Hounslow 019D,8,8,13,13,7,7,,25,,,,18,4,4,,25
E01002657,1930,358,18.5492227979275,274,14.1968911917098,682,61,153,17,170,36,41,247,26151,8,direct_2011_lsoa_code,1,Hounslow 018E,,18,2,2,9,9,6,6,,22,2,2,2,2,,23
E01002658,1348,253,18.7685459940653,205,15.2077151335312,496,48,101,21,122,21,25,168,24569,8,direct_2011_lsoa_code,1,Hounslow 015D,15,15,,20,9,9,,24,,27,10,10,9,9,,25
E01002659,1457,283,19.423472889499,208,14.2759094028826,512,46,112,15,127,14,35,176,19183,6,direct_2011_lsoa_code,1,Hounslow 019E,6,6,,16,9,9,,17,,27,,19,3,3,,21
E01002660,2088,376,18.007662835249,233,11.1590038314176,616,53,116,16,132,20,91,243,15408,5,direct_2011_lsoa_code,1,Hounslow 016C,3,3,12,12,8,8,,20,12,12,,16,5,5,12,12
E01002661,2369,458,19.3330519206416,279,11.7771211481638,613,44,97,6,103,19,140,262,17440,6,direct_2011_lsoa_code,1,Hounslow 016D,11,11,8,8,4,4,7,7,,19,9,9,9,9,11,11
E01002662,2510,395,15.7370517928287,325,12.9482071713147,916,70,123,17,140,30,97,267,16786,6,direct_2011_lsoa_code,1,Hounslow 017C,8,8,8,8,11,11,11,11,10,10,7,7,7,7,9,9
E01002663,2160,415,19.212962962963,294,13.6111111111111,690,98,103,16,119,34,110,263,12810,4,direct_2011_lsoa_code,1,Hounslow 017D,1,1,13,13,10,10,,16,6,6,8,8,2,2,,15
E01002665,1743,353,20.2524383247275,239,13.7119908204246,566,64,96,10,106,38,66,210,11944,4,direct_2011_lsoa_code,1,Hounslow 016E,6,6,,13,6,6,,13,,18,11,9,2,2,,22
E01002666,1865,340,18.230563002681,219,11.7426273458445,481,32,96,13,109,21,74,204,16317,5,direct_2011_lsoa_code,1,Hounslow 021E,11,11,,18,7,7,,19,,24,,15,4,4,,25
E01002667,2192,410,18.7043795620438,344,15.6934306569343,917,97,131,34,165,75,39,279,13586,5,direct_2011_lsoa_code,1,Hounslow 020A,3,3,4,4,3,3,11,11,,20,,15,4,4,,28
E01002668,2282,463,20.2892199824715,275,12.0508326029798,980,84,166,41,207,85,25,317,18494,6,direct_2011_lsoa_code,1,Hounslow 014A,8,8,11,11,5,5,6,6,,22,,17,5,5,,
E01002669,1913,419,21.9027705175118,165,8.62519602718244,713,55,124,32,156,85,33,274,4666,2,direct_2011_lsoa_code,1,Hounslow 014B,14,14,,19,5,5,12,12,,25,12,12,3,3,,28
E01002670,1950,436,22.3589743589744,247,12.6666666666667,730,60,163,34,197,39,39,275,18118,6,direct_2011_lsoa_code,1,Hounslow 020B,15,15,11,11,12,12,15,18,,25,,19,4,4,,
E01002671,1847,433,23.4434217650244,259,14.0227395776936,668,51,161,25,186,76,32,294,16369,5,direct_2011_lsoa_code,1,Hounslow 020C,10,10,8,8,7,7,12,12,,25,,18,3,3,,
E01002672,1589,299,18.8168659534298,167,10.509754562618,659,72,91,17,108,58,28,194,9767,3,direct_2011_lsoa_code,1,Hounslow 020D,,19,4,4,14,14,,21,,,,27,4,4,,
E01002673,1658,512,30.8805790108565,117,7.05669481302775,586,43,102,25,127,121,26,274,2294,1,direct_2011_lsoa_code,1,Hounslow 020E,,20,5,5,11,11,,18,,,,25,1,1,,
E01002674,2088,446,21.360153256705,279,13.3620689655172,748,57,202,17,219,34,45,298,19371,6,direct_2011_lsoa_code,1,Hounslow 012D,8,8,,25,13,13,,25,,,9,9,4,4,13,13
E01002675,2570,543,21.1284046692607,313,12.1789883268482,876,53,204,27,231,50,63,344,20123,7,direct_2011_lsoa_code,1,Hounslow 009A,4,4,,19,6,6,,27,,24,10,10,1,1,,22
E01002676,1651,217,13.1435493640218,341,20.6541490006057,558,45,69,13,82,14,54,150,18291,6,direct_2011_lsoa_code,1,Hounslow 012E,,24,,26,,19,,24,,,13,13,10,10,11,11
E01002677,2077,413,19.8844487241213,167,8.04044294655754,839,51,141,36,177,67,41,285,14763,5,direct_2011_lsoa_code,1,Hounslow 015E,10,10,,11,10,10,,20,,23,9,8,1,1,,16
E01002678,2056,343,16.6828793774319,323,15.7101167315175,759,53,149,16,165,23,46,234,22847,7,direct_2011_lsoa_code,1,Hounslow 009B,,,,,13,13,,,,,,,,,,
E01002679,1856,342,18.426724137931,281,15.1400862068966,624,49,133,21,154,21,46,221,20674,7,direct_2011_lsoa_code,1,Hounslow 009C,14,14,14,14,10,10,,23,,25,,16,3,3,,17
E01002680,2078,393,18.9124157844081,257,12.3676612127045,741,64,162,18,180,38,46,264,17764,6,direct_2011_lsoa_code,1,Hounslow 009D,4,4,,21,10,10,,27,,29,11,11,6,6,15,17
E01002681,2438,504,20.6726825266612,199,8.16242821985234,875,42,143,39,182,87,46,315,9916,4,direct_2011_lsoa_code,1,Hounslow 014C,3,3,14,13,8,8,14,11,6,6,,10,0,0,,24
E01002682,2338,474,20.2737382378101,251,10.7356715141146,896,84,183,40,223,56,35,314,15987,5,direct_2011_lsoa_code,1,Hounslow 014D,2,2,,13,7,6,,17,,16,,7,0,0,,19
E01002686,1776,371,20.8896396396396,206,11.5990990990991,666,58,95,24,119,63,37,219,4940,2,direct_2011_lsoa_code,1,Hounslow 006E,,16,,18,5,5,,25,,26,,16,8,8,,28
E01002687,1672,308,18.4210526315789,198,11.8421052631579,756,81,147,19,166,31,11,208,22842,7,direct_2011_lsoa_code,1,Hounslow 029A,8,8,10,10,9,9,4,4,,,12,12,5,5,6,6
E01002689,1560,292,18.7179487179487,267,17.1153846153846,754,123,103,13,116,56,14,186,15036,5,direct_2011_lsoa_code,1,Hounslow 007E,4,4,9,9,13,13,10,10,,,8,8,9,9,14,14
E01002690,1384,248,17.9190751445087,217,15.6791907514451,583,44,117,15,132,19,12,163,24196,8,direct_2011_lsoa_code,1,Hounslow 007F,8,8,12,12,13,13,13,13,,,12,12,5,5,,18
E01002691,1628,192,11.7936117936118,214,13.1449631449631,587,56,106,11,117,23,19,159,23626,8,direct_2011_lsoa_code,1,Hounslow 029B,9,9,,28,,23,,29,,,14,14,12,12,15,23
E01002692,2104,344,16.3498098859316,222,10.5513307984791,1013,95,144,19,163,49,17,229,17842,6,direct_2011_lsoa_code,1,Hounslow 029C,11,11,10,10,10,10,,19,,,,19,7,7,11,11
E01002693,1795,265,14.7632311977716,407,22.6740947075209,884,208,121,12,133,35,11,179,18443,6,direct_2011_lsoa_code,1,Hounslow 029D,8,8,1,1,6,6,3,3,,,3,3,1,1,9,9
E01002694,1665,324,19.4594594594595,171,10.2702702702703,664,59,57,17,74,109,24,207,3487,2,direct_2011_lsoa_code,1,Islington 019A,8,8,6,6,3,3,9,9,,16,5,5,3,3,15,12
E01002695,1473,132,8.96130346232179,169,11.4731839782756,745,47,41,8,49,32,13,94,12467,4,direct_2011_lsoa_code,1,Islington 021A,5,5,8,8,5,5,6,6,12,12,7,7,4,4,12,11
E01002696,1747,173,9.90269032627361,219,12.5357756153406,860,69,72,13,85,39,7,131,14178,5,direct_2011_lsoa_code,1,Islington 020A,8,8,5,5,3,3,4,4,,20,6,6,2,2,9,9
E01002697,1969,287,14.5759268664297,184,9.34484509903504,829,73,59,20,79,75,28,182,7142,3,direct_2011_lsoa_code,1,Islington 019B,6,6,3,3,5,5,7,7,,16,4,4,2,2,10,10
E01002698,2041,278,13.6207741303283,156,7.64331210191083,1037,50,72,17,89,69,16,174,16593,6,direct_2011_lsoa_code,1,Islington 017A,7,7,10,10,3,3,6,6,,19,9,9,1,1,11,11
E01002699,1484,190,12.8032345013477,200,13.4770889487871,746,81,55,21,76,45,5,126,14586,5,direct_2011_lsoa_code,1,Islington 017B,2,2,10,10,0,0,11,11,,24,9,9,8,8,,16
E01002700,1376,209,15.1889534883721,246,17.8779069767442,615,51,90,16,106,20,17,143,20562,7,direct_2011_lsoa_code,1,Islington 017C,4,4,12,12,2,2,11,11,,24,12,12,7,7,,20
E01002701,1468,200,13.6239782016349,196,13.3514986376022,675,89,44,16,60,63,12,135,9154,3,direct_2011_lsoa_code,1,Islington 023A,5,5,3,3,5,5,3,3,4,4,4,4,3,3,5,5
E01002702,2470,429,17.3684210526316,126,5.10121457489879,1116,59,92,20,112,146,20,278,8242,3,direct_2011_lsoa_code,1,Islington 023B,6,6,4,4,4,4,6,6,7,7,10,10,3,3,5,5
E01002703,2338,387,16.5526090675791,200,8.55431993156544,1128,82,81,24,105,128,22,255,9396,3,direct_2011_lsoa_code,1,Islington 023C,3,3,6,6,3,3,10,10,13,13,7,7,2,2,10,10
E01002704,2355,332,14.0976645435244,193,8.19532908704883,1119,88,81,26,107,106,17,230,12549,4,direct_2011_lsoa_code,1,Islington 023D,9,9,5,5,5,5,6,6,12,12,5,5,4,4,8,8
E01002706,2041,346,16.952474277315,206,10.093091621754,915,92,67,31,98,110,16,224,10815,4,direct_2011_lsoa_code,1,Islington 023E,6,6,5,5,6,6,3,3,11,11,6,6,3,3,8,8
E01002707,1817,229,12.6031920748487,163,8.97083104017612,894,69,49,16,65,53,15,133,10377,4,direct_2011_lsoa_code,1,Islington 022B,4,4,6,6,3,3,14,11,,13,11,11,2,2,5,5
E01002708,2116,324,15.3119092627599,162,7.65595463137996,1001,67,82,16,98,99,19,216,8035,3,direct_2011_lsoa_code,1,Islington 015A,12,12,,16,10,10,,18,,22,,19,4,4,11,11
E01002709,1688,220,13.0331753554502,212,12.5592417061611,702,72,62,13,75,43,23,141,5835,2,direct_2011_lsoa_code,1,Islington 019C,3,3,5,5,4,4,2,2,,18,5,5,4,4,7,7
E01002710,1600,253,15.8125,171,10.6875,644,53,68,12,80,56,23,159,7574,3,direct_2011_lsoa_code,1,Islington 019D,1,1,5,5,4,4,7,7,,16,6,6,4,4,8,8
E01002711,2032,198,9.74409448818898,174,8.56299212598425,964,45,61,8,69,53,17,139,12915,4,direct_2011_lsoa_code,1,Islington 021B,5,5,9,9,3,3,3,3,9,9,7,7,2,2,5,5
E01002712,1378,236,17.1262699564586,118,8.56313497822932,613,65,49,12,61,61,16,138,9562,3,direct_2011_lsoa_code,1,Islington 015B,9,9,5,5,1,1,4,4,,19,8,8,3,3,11,9
E01002713,2815,405,14.3872113676732,290,10.3019538188277,1051,132,93,17,110,112,20,242,3166,1,direct_2011_lsoa_code,1,Islington 015C,9,9,4,4,7,7,9,8,,20,10,9,2,2,6,6
E01002714,1541,202,13.1083711875406,158,10.2530824140169,719,48,75,19,94,24,20,138,19913,7,direct_2011_lsoa_code,1,Islington 017D,5,5,5,5,1,1,6,6,,19,5,5,4,4,13,11
E01002715,1690,372,22.0118343195266,120,7.10059171597633,687,48,79,20,99,93,20,212,4721,2,direct_2011_lsoa_code,1,Islington 019E,7,7,4,4,1,1,1,1,,18,2,2,3,3,7,7
E01002716,2264,369,16.2985865724382,245,10.821554770318,1034,111,80,24,104,109,31,244,6033,2,direct_2011_lsoa_code,1,Islington 014A,3,3,,10,3,3,2,2,,19,5,5,0,0,,15
E01002717,1206,208,17.2470978441128,141,11.6915422885572,535,39,65,17,82,42,8,132,12461,4,direct_2011_lsoa_code,1,Islington 016A,7,7,12,12,7,7,13,13,,26,11,11,7,7,13,13
E01002718,1577,184,11.6677235256817,146,9.25808497146481,750,42,60,15,75,23,24,122,14929,5,direct_2011_lsoa_code,1,Islington 014B,10,10,14,12,8,8,3,3,,15,6,6,3,3,,20
E01002719,1491,244,16.3648558014755,220,14.7551978537894,689,83,102,21,123,28,10,161,17270,6,direct_2011_lsoa_code,1,Islington 016B,5,5,10,10,5,5,8,8,,20,9,9,6,6,11,11
E01002720,2124,460,21.6572504708098,173,8.14500941619586,934,80,77,26,103,164,24,291,4250,2,direct_2011_lsoa_code,1,Islington 016C,10,10,11,10,4,4,7,7,,21,3,3,2,2,,16
E01002721,1632,242,14.828431372549,166,10.171568627451,799,61,78,38,116,48,15,179,8938,3,direct_2011_lsoa_code,1,Islington 014C,6,6,12,11,4,4,6,6,14,14,11,11,1,1,,21
E01002722,1444,240,16.6204986149585,134,9.2797783933518,698,64,81,22,103,63,17,183,5269,2,direct_2011_lsoa_code,1,Islington 018A,4,4,10,10,2,2,4,4,14,14,6,6,3,3,,17
E01002723,1639,263,16.0463697376449,136,8.29774252593045,732,75,60,16,76,84,8,168,8750,3,direct_2011_lsoa_code,1,Islington 022C,3,3,9,9,4,4,9,9,,18,9,9,2,2,8,8
E01002724,1923,158,8.21632865314613,141,7.33229329173167,964,62,55,11,66,44,6,116,19372,6,direct_2011_lsoa_code,1,Islington 022D,9,8,6,6,3,3,6,6,7,7,7,7,0,0,4,4
E01002725,1358,256,18.8512518409426,105,7.7319587628866,559,39,42,16,58,79,11,148,8458,3,direct_2011_lsoa_code,1,Islington 022E,3,3,6,6,5,5,6,6,13,13,6,6,1,1,13,13
E01002726,1711,284,16.5984804208065,156,9.11747516072472,788,68,99,12,111,51,11,173,11070,4,direct_2011_lsoa_code,1,Islington 022F,6,6,9,8,4,4,3,3,11,10,2,2,0,0,12,11
E01002727,1511,159,10.5228325612177,162,10.7213765718068,801,55,36,19,55,54,7,116,10165,4,direct_2011_lsoa_code,1,Islington 021C,6,6,9,9,4,4,8,8,,15,6,6,3,3,5,5
E01002728,1315,140,10.6463878326996,87,6.61596958174905,438,34,31,12,43,35,13,91,9446,3,direct_2011_lsoa_code,1,Islington 021D,7,7,12,10,1,1,8,8,5,5,9,9,2,2,7,7
E01002729,1501,179,11.925383077948,218,14.5236508994004,658,65,59,16,75,35,9,119,7539,3,direct_2011_lsoa_code,1,Islington 021E,4,4,13,13,2,2,3,3,9,9,4,4,2,2,12,12
E01002730,1754,182,10.3762827822121,144,8.20980615735462,795,52,46,14,60,47,22,129,7841,3,direct_2011_lsoa_code,1,Islington 007A,1,1,6,6,1,1,6,6,,25,7,7,2,2,14,12
E01002732,1805,277,15.3462603878116,178,9.86149584487535,816,83,60,11,71,74,26,171,2650,1,direct_2011_lsoa_code,1,Islington 005A,8,8,12,8,1,1,10,10,,24,9,9,2,2,11,11
E01002733,1443,202,13.998613998614,116,8.03880803880804,604,37,57,22,79,34,15,128,15654,5,direct_2011_lsoa_code,1,Islington 007C,10,10,7,7,1,1,8,8,,21,5,5,4,4,,16
E01002734,2366,474,20.0338123415046,114,4.81825866441251,936,42,92,15,107,132,45,284,4096,2,direct_2011_lsoa_code,1,Islington 005B,6,6,5,5,7,7,13,11,,20,10,10,4,4,6,6
E01002735,2955,363,12.2842639593909,169,5.71912013536379,1132,49,72,14,86,80,50,216,6465,2,direct_2011_lsoa_code,1,Islington 003A,5,5,4,4,0,0,10,10,,21,5,5,3,3,7,7
E01002736,1477,298,20.1760324983074,232,15.7075152335816,572,68,62,14,76,73,23,172,3060,1,direct_2011_lsoa_code,1,Islington 005C,3,3,10,10,8,8,9,9,,25,11,11,7,7,12,12
E01002737,1945,398,20.4627249357327,173,8.89460154241645,759,66,90,27,117,93,20,230,5609,2,direct_2011_lsoa_code,1,Islington 005D,7,7,14,14,7,7,4,4,,29,,15,4,4,,16
E01002738,1872,275,14.6901709401709,215,11.4850427350427,847,95,98,15,113,57,18,188,10960,4,direct_2011_lsoa_code,1,Islington 009A,3,3,5,5,2,2,14,14,,24,4,4,0,0,11,11
E01002739,1837,315,17.1475231355471,225,12.2482308111051,818,79,106,27,133,50,11,194,16660,6,direct_2011_lsoa_code,1,Islington 013A,5,5,6,6,8,8,4,4,,25,6,6,6,6,11,11
E01002740,2258,392,17.3604960141718,206,9.12311780336581,979,63,166,30,196,41,12,249,17843,6,direct_2011_lsoa_code,1,Islington 013B,5,5,10,10,7,7,7,7,,18,7,7,6,6,4,4
E01002741,1534,299,19.4915254237288,145,9.45241199478488,634,63,71,20,91,69,20,180,5946,2,direct_2011_lsoa_code,1,Islington 009B,10,10,14,14,9,9,9,9,,28,7,7,2,2,,16
E01002742,1998,356,17.8178178178178,168,8.40840840840841,715,45,149,28,177,21,7,205,18132,6,direct_2011_lsoa_code,1,Islington 006A,3,3,9,6,4,4,14,14,,23,5,5,1,1,15,10
E01002743,1525,280,18.3606557377049,183,12,629,55,88,22,110,47,17,174,15181,5,direct_2011_lsoa_code,1,Islington 009C,5,5,10,10,10,10,6,6,,27,4,4,1,1,,16
E01002744,1314,147,11.1872146118721,158,12.0243531202435,676,70,74,12,86,22,9,117,16228,5,direct_2011_lsoa_code,1,Islington 009D,5,5,5,5,10,10,10,10,,28,6,6,3,3,,15
E01002745,1413,173,12.2434536447275,163,11.5357395612173,683,69,57,26,83,36,7,126,18128,6,direct_2011_lsoa_code,1,Islington 013C,9,9,6,6,8,8,,20,,29,5,5,5,5,15,15
E01002747,1557,280,17.9833012202954,169,10.854206807964,650,47,102,26,128,37,13,178,20714,7,direct_2011_lsoa_code,1,Islington 006B,2,2,7,7,8,8,,15,,19,8,8,4,4,6,6
E01002748,1654,315,19.0447400241838,116,7.01330108827086,692,38,77,11,88,71,30,189,4293,2,direct_2011_lsoa_code,1,Islington 006C,11,11,8,8,2,2,,15,,19,12,12,6,6,6,6
E01002749,1524,326,21.3910761154856,132,8.66141732283465,602,42,98,16,114,67,19,200,12160,4,direct_2011_lsoa_code,1,Islington 006D,5,5,12,10,3,3,,19,,26,5,5,3,3,11,11
E01002751,1838,371,20.1849836779108,150,8.16104461371056,873,70,63,30,93,105,22,220,4870,2,direct_2011_lsoa_code,1,Islington 005E,6,6,6,6,5,5,2,2,,24,1,1,4,4,9,9
E01002752,1621,224,13.8186304750154,149,9.19185687847008,703,48,73,23,96,50,13,159,12440,4,direct_2011_lsoa_code,1,Islington 009E,5,5,5,5,11,11,14,14,,26,7,7,3,3,13,13
E01002753,1447,203,14.0290255701451,189,13.0615065653075,625,65,43,9,52,55,22,129,8283,3,direct_2011_lsoa_code,1,Islington 002A,5,5,8,8,0,0,6,6,,18,12,12,7,7,11,11
E01002754,1552,287,18.4922680412371,165,10.6314432989691,634,60,111,16,127,32,18,177,17536,6,direct_2011_lsoa_code,1,Islington 002B,5,5,10,7,6,6,11,11,8,8,10,7,1,1,9,7
E01002755,1318,239,18.133535660091,154,11.6843702579666,613,73,60,11,71,63,23,157,4303,2,direct_2011_lsoa_code,1,Islington 001A,3,3,12,10,1,1,4,4,,20,10,10,3,3,,14
E01002756,1317,211,16.0212604403948,133,10.0987091875475,586,45,70,22,92,33,14,139,9162,3,direct_2011_lsoa_code,1,Islington 001B,7,7,10,10,5,5,9,9,,24,10,10,1,1,,17
E01002757,1449,303,20.9109730848861,165,11.3871635610766,598,53,84,12,96,70,16,182,11321,4,direct_2011_lsoa_code,1,Islington 002C,4,4,,14,8,8,10,10,,19,,14,4,4,,14
E01002758,1736,391,22.5230414746544,133,7.66129032258065,755,52,82,29,111,129,9,249,3231,1,direct_2011_lsoa_code,1,Islington 001C,9,8,,9,2,2,2,2,,18,,9,1,1,15,11
E01002759,1506,217,14.4090305444887,239,15.8698539176627,614,56,69,22,91,38,14,143,13811,5,direct_2011_lsoa_code,1,Islington 002D,5,5,11,10,1,1,4,4,15,15,11,10,2,2,11,10
E01002760,1739,372,21.3916043703278,159,9.14318573893042,690,58,88,28,116,81,27,224,4631,2,direct_2011_lsoa_code,1,Islington 002E,6,6,12,11,4,4,6,6,,18,14,11,2,2,13,11
E01002762,1872,171,9.13461538461538,192,10.2564102564103,857,59,56,18,74,39,18,131,13764,5,direct_2011_lsoa_code,1,Islington 011C,15,13,10,10,5,5,8,8,,23,6,6,2,2,10,9
E01002763,1303,172,13.2003069838833,147,11.2816577129701,571,58,47,12,59,39,6,104,6622,3,direct_2011_lsoa_code,1,Islington 007D,9,9,7,7,3,3,4,4,,24,8,8,3,3,13,13
E01002764,1817,306,16.8409466152999,188,10.3467253714915,797,70,74,16,90,94,18,202,7581,3,direct_2011_lsoa_code,1,Islington 010A,6,6,8,8,7,7,6,6,,26,7,7,2,2,14,14
E01002765,2858,397,13.8908327501749,184,6.43806857942617,1071,81,70,30,100,115,29,244,8909,3,direct_2011_lsoa_code,1,Islington 015D,11,11,9,9,8,8,10,10,,19,4,4,3,3,5,5
E01002766,2179,394,18.0816888480955,205,9.40798531436439,934,78,104,20,124,78,27,229,7264,3,direct_2011_lsoa_code,1,Islington 015E,4,4,7,7,1,1,4,4,,26,7,7,2,2,12,12
E01002767,2155,273,12.6682134570766,236,10.9512761020882,941,96,56,12,68,88,20,176,5275,2,direct_2011_lsoa_code,1,Islington 011D,13,13,7,7,5,5,5,5,,23,8,8,5,5,7,7
E01002768,1612,217,13.4615384615385,210,13.0272952853598,852,102,54,26,80,54,15,149,8350,3,direct_2011_lsoa_code,1,Islington 004A,6,6,9,8,9,9,4,4,,15,4,4,1,1,3,3
E01002769,1856,306,16.4870689655172,234,12.6077586206897,710,78,93,28,121,38,26,185,14242,5,direct_2011_lsoa_code,1,Islington 008A,13,13,12,12,12,12,11,11,,21,11,11,8,8,10,10
E01002770,1844,214,11.6052060737527,195,10.5748373101952,910,68,84,16,100,39,13,152,8029,3,direct_2011_lsoa_code,1,Islington 004B,6,6,4,4,4,4,9,8,4,4,4,4,0,0,3,3
E01002771,1546,233,15.0711513583441,154,9.96119016817594,670,57,55,18,73,62,11,146,9390,3,direct_2011_lsoa_code,1,Islington 004C,7,7,9,9,4,4,14,12,13,13,8,8,3,3,8,8
E01002772,1886,225,11.9300106044539,170,9.01378579003181,874,76,52,20,72,61,14,147,8637,3,direct_2011_lsoa_code,1,Islington 002F,1,1,3,3,2,2,7,7,12,12,6,6,3,3,5,5
E01002773,1645,366,22.2492401215805,192,11.6717325227964,684,89,57,10,67,62,25,154,2164,1,direct_2011_lsoa_code,1,Islington 004D,3,3,5,5,1,1,12,10,8,8,5,5,3,3,5,5
E01002774,2140,294,13.7383177570093,191,8.92523364485981,1027,80,76,25,101,93,14,208,7608,3,direct_2011_lsoa_code,1,Islington 004E,5,5,4,4,7,7,8,8,14,14,8,8,3,3,7,7
E01002775,1409,174,12.3491838183109,100,7.097232079489,663,44,59,14,73,32,18,123,12620,4,direct_2011_lsoa_code,1,Islington 014D,11,11,,15,8,8,,15,,29,11,11,5,5,,19
E01002776,1858,308,16.5769644779333,166,8.93433799784715,885,72,78,18,96,94,12,202,7029,3,direct_2011_lsoa_code,1,Islington 014E,8,8,14,13,6,6,5,5,,18,5,5,2,2,,19
E01002777,1677,222,13.2379248658318,170,10.1371496720334,765,51,66,21,87,52,11,150,9255,3,direct_2011_lsoa_code,1,Islington 012A,4,4,9,9,5,5,6,6,,19,8,8,3,3,,23
E01002778,1939,395,20.3713254254771,143,7.3749355337803,754,63,72,18,90,113,27,230,4551,2,direct_2011_lsoa_code,1,Islington 012B,5,5,6,6,1,1,13,13,,24,5,5,4,4,,27
E01002779,1752,251,14.3264840182648,115,6.56392694063927,778,42,80,23,103,63,6,172,15584,5,direct_2011_lsoa_code,1,Islington 012C,7,7,,16,2,2,6,6,,23,4,4,4,4,,18
E01002780,1698,212,12.4852767962309,152,8.95170789163722,764,45,57,16,73,47,18,138,9965,4,direct_2011_lsoa_code,1,Islington 014F,8,8,,14,5,5,7,7,,23,3,3,1,1,,18
E01002781,1740,256,14.7126436781609,135,7.75862068965517,639,51,65,12,77,60,16,153,8526,3,direct_2011_lsoa_code,1,Islington 012D,7,7,14,14,7,7,13,13,,29,9,9,2,2,,19
E01002782,1433,301,21.0048848569435,102,7.11793440334962,558,40,57,22,79,85,25,189,5157,2,direct_2011_lsoa_code,1,Islington 012E,6,6,9,9,8,8,7,7,,24,9,9,3,3,,23
E01002783,1702,273,16.0399529964747,192,11.2808460634548,795,87,48,12,60,99,10,169,2766,1,direct_2011_lsoa_code,1,Islington 010B,7,7,4,4,9,9,12,12,,25,7,7,4,4,,15
E01002784,1755,307,17.4928774928775,198,11.2820512820513,752,88,74,17,91,90,19,200,6145,2,direct_2011_lsoa_code,1,Islington 010C,2,2,4,4,5,5,11,11,,24,12,12,4,4,12,12
E01002785,1859,274,14.7391070467994,217,11.6729424421732,780,51,102,25,127,42,21,190,15334,5,direct_2011_lsoa_code,1,Islington 008B,8,8,7,7,7,7,7,7,,20,6,6,4,4,,15
E01002786,1941,328,16.898505924781,174,8.9644513137558,888,78,76,28,104,89,19,212,5495,2,direct_2011_lsoa_code,1,Islington 010D,8,8,8,8,6,6,15,12,,23,8,8,3,3,,16
E01002787,1471,230,15.6356220258328,94,6.39021074099252,625,40,57,17,74,57,18,149,7051,3,direct_2011_lsoa_code,1,Islington 010E,8,8,11,9,1,1,7,7,,24,12,10,3,3,,15
E01002788,1822,233,12.788144895719,192,10.5378704720088,888,70,78,31,109,46,10,165,17004,6,direct_2011_lsoa_code,1,Islington 008C,5,5,6,6,8,8,12,12,,23,13,13,4,4,12,12
E01002789,1848,286,15.4761904761905,265,14.3398268398268,783,64,128,19,147,30,17,194,20257,7,direct_2011_lsoa_code,1,Islington 008D,9,9,7,7,9,9,6,6,,17,6,6,4,4,6,6
E01002790,1408,247,17.5426136363636,179,12.7130681818182,692,78,40,17,57,95,13,165,3653,2,direct_2011_lsoa_code,1,Islington 016D,7,7,3,3,1,1,7,7,,19,5,5,4,4,8,8
E01002791,1859,296,15.9225389994621,192,10.3281334050565,850,70,111,25,136,48,11,195,20072,7,direct_2011_lsoa_code,1,Islington 016E,3,3,4,4,1,1,9,9,,18,6,6,1,1,7,7
E01002792,1849,255,13.7912385073012,187,10.1135749053542,885,49,81,21,102,56,14,172,17852,6,direct_2011_lsoa_code,1,Islington 017E,7,7,6,6,4,4,12,12,,23,2,2,4,4,13,11
E01002793,1845,250,13.550135501355,175,9.48509485094851,902,96,44,25,69,87,20,176,5450,2,direct_2011_lsoa_code,1,Islington 016F,5,5,2,2,1,1,5,5,,19,4,4,1,1,,11
E01002794,2040,210,10.2941176470588,192,9.41176470588235,1016,75,66,21,87,52,11,150,12607,4,direct_2011_lsoa_code,1,Islington 020B,6,6,5,5,2,2,5,5,,18,6,6,1,1,9,8
E01002795,1936,283,14.6177685950413,160,8.26446280991736,853,47,80,19,99,66,20,185,10755,4,direct_2011_lsoa_code,1,Islington 013D,5,5,10,10,6,6,4,4,,18,6,6,2,2,5,5
E01002796,1109,154,13.8863841298467,128,11.5419296663661,505,35,50,11,61,27,12,100,11641,4,direct_2011_lsoa_code,1,Islington 013E,4,4,14,14,4,4,8,8,,21,9,9,2,2,10,10
E01002797,1824,242,13.2675438596491,174,9.53947368421053,871,67,48,20,68,77,12,157,7039,3,direct_2011_lsoa_code,1,Islington 018B,2,2,5,5,1,1,3,3,12,12,2,2,0,0,,13
E01002798,1979,314,15.866599292572,206,10.4092976250632,901,79,144,17,161,39,10,210,13193,5,direct_2011_lsoa_code,1,Islington 018C,8,8,5,5,2,2,6,6,7,7,4,4,1,1,,17
E01002799,1910,349,18.2722513089005,172,9.00523560209424,857,73,92,28,120,114,20,254,6972,3,direct_2011_lsoa_code,1,Islington 018D,4,4,4,4,2,2,3,3,14,14,3,3,4,4,,12
E01002800,1766,276,15.6285390713477,144,8.15402038505096,796,60,57,14,71,79,44,194,4590,2,direct_2011_lsoa_code,1,Islington 018E,5,5,9,9,1,1,5,5,10,10,5,5,6,6,,17
E01002801,1461,155,10.6091718001369,186,12.7310061601643,757,70,62,9,71,23,5,99,17133,6,direct_2011_lsoa_code,1,Islington 020C,3,3,8,8,5,5,2,2,,22,3,3,4,4,10,10
E01002802,1851,275,14.8568341437061,191,10.3187466234468,821,48,78,27,105,54,16,175,10255,4,direct_2011_lsoa_code,1,Islington 020D,4,4,8,8,5,5,6,6,15,15,3,3,8,8,9,9
E01002804,1537,260,16.9160702667534,149,9.69420949902407,712,62,57,19,76,72,22,170,5087,2,direct_2011_lsoa_code,1,Islington 001D,8,8,,10,1,1,4,4,,20,11,8,3,3,,14
E01002805,1435,150,10.4529616724739,110,7.66550522648084,715,46,38,15,53,39,7,99,12161,4,direct_2011_lsoa_code,1,Islington 003B,6,6,2,2,3,3,6,6,,24,4,4,2,2,11,11
E01002806,1646,275,16.7071688942892,164,9.96354799513973,701,69,99,24,123,34,18,175,9620,3,direct_2011_lsoa_code,1,Islington 003C,1,1,10,10,3,3,4,4,,24,8,8,4,4,,15
E01002807,1708,272,15.9250585480094,136,7.96252927400469,807,65,53,23,76,86,17,179,7258,3,direct_2011_lsoa_code,1,Islington 001E,5,5,11,11,2,2,9,9,,22,,11,4,4,,16
E01002808,1911,297,15.541601255887,183,9.57613814756672,868,63,78,27,105,78,21,204,10985,4,direct_2011_lsoa_code,1,Islington 003D,6,6,12,12,5,5,8,8,,28,14,14,5,5,,19
E01002809,1698,259,15.2532391048292,173,10.188457008245,735,74,62,14,76,45,37,158,7327,3,direct_2011_lsoa_code,1,Islington 003E,7,7,9,9,3,3,8,8,,20,14,14,6,6,14,14
E01002810,1749,263,15.0371640937679,154,8.80503144654088,786,60,54,17,71,51,18,140,6536,2,direct_2011_lsoa_code,1,Islington 003F,9,9,3,3,1,1,4,4,,18,7,7,2,2,,13
E01002811,1745,348,19.9426934097421,173,9.91404011461318,736,71,85,43,128,74,12,214,4691,2,direct_2011_lsoa_code,1,Islington 001F,10,10,10,10,8,8,4,4,,25,6,6,0,0,,15
E01002812,1502,187,12.4500665778961,154,10.2529960053262,735,62,87,10,97,24,9,130,22698,7,direct_2011_lsoa_code,1,Kensington and Chelsea 013A,8,8,8,8,,19,8,8,5,5,4,4,7,7,11,11
E01002813,1482,224,15.114709851552,245,16.531713900135,682,79,103,8,111,31,16,158,24398,8,direct_2011_lsoa_code,1,Kensington and Chelsea 011A,9,9,9,9,13,13,4,4,7,7,3,3,4,4,11,11
E01002814,2230,382,17.1300448430493,258,11.5695067264574,1016,81,138,10,148,81,25,254,10748,4,direct_2011_lsoa_code,1,Kensington and Chelsea 015A,4,4,5,5,9,9,7,7,,18,6,6,4,4,12,12
E01002815,1160,108,9.31034482758621,178,15.3448275862069,633,87,54,6,60,15,4,79,15885,5,direct_2011_lsoa_code,1,Kensington and Chelsea 011B,6,6,9,8,13,13,4,4,7,7,7,7,1,1,8,8
E01002816,1059,167,15.7695939565628,131,12.3701605288008,546,49,82,6,88,19,6,113,22718,7,direct_2011_lsoa_code,1,Kensington and Chelsea 011C,9,9,4,4,8,8,2,2,12,12,3,3,4,4,7,7
E01002817,1346,197,14.6359583952452,258,19.1679049034175,608,78,94,6,100,17,13,130,24015,8,direct_2011_lsoa_code,1,Kensington and Chelsea 011D,7,7,6,6,5,5,4,4,15,15,8,8,4,4,14,12
E01002818,1385,154,11.1191335740072,164,11.841155234657,716,67,60,4,64,22,18,104,21429,7,direct_2011_lsoa_code,1,Kensington and Chelsea 012A,4,4,5,5,,14,2,2,,15,4,4,2,2,5,5
E01002819,1091,148,13.5655362053162,134,12.282309807516,573,51,71,6,77,15,14,106,23245,8,direct_2011_lsoa_code,1,Kensington and Chelsea 012B,9,9,,18,,15,5,5,,16,4,4,3,3,2,2
E01002821,1080,114,10.5555555555556,152,14.0740740740741,538,47,59,7,66,13,5,84,23418,8,direct_2011_lsoa_code,1,Kensington and Chelsea 014A,6,6,13,13,12,12,3,3,11,11,6,6,3,3,4,4
E01002823,1223,163,13.3278822567457,230,18.8062142273099,607,95,54,10,64,42,17,123,8812,3,direct_2011_lsoa_code,1,Kensington and Chelsea 014B,5,5,14,11,9,9,4,4,6,6,7,7,3,3,6,6
E01002824,1227,162,13.2029339853301,203,16.5444172779136,552,59,90,3,93,21,13,127,24462,8,direct_2011_lsoa_code,1,Kensington and Chelsea 008A,7,7,9,9,9,9,4,4,,23,9,9,3,3,8,8
E01002825,1785,349,19.5518207282913,262,14.6778711484594,728,81,147,12,159,58,25,242,24885,8,direct_2011_lsoa_code,1,Kensington and Chelsea 008B,5,5,12,12,12,12,12,12,,,13,13,10,10,14,14
E01002826,1256,191,15.2070063694268,200,15.9235668789809,636,72,91,5,96,28,8,132,23594,8,direct_2011_lsoa_code,1,Kensington and Chelsea 008C,4,4,5,5,7,7,3,3,,22,4,4,3,3,10,10
E01002827,1717,288,16.7734420500874,215,12.5218404193361,793,81,130,14,144,32,12,188,22084,7,direct_2011_lsoa_code,1,Kensington and Chelsea 008D,6,6,5,5,14,14,9,9,,21,6,6,2,2,6,6
E01002828,1190,185,15.546218487395,207,17.3949579831933,626,86,79,9,88,23,12,123,17715,6,direct_2011_lsoa_code,1,Kensington and Chelsea 008E,6,6,5,5,,15,8,8,,20,6,6,4,4,6,6
E01002829,1393,149,10.6963388370424,226,16.2239770279971,722,79,50,8,58,30,10,98,6055,2,direct_2011_lsoa_code,1,Kensington and Chelsea 004A,2,2,7,7,4,4,7,7,,24,6,6,1,1,9,9
E01002830,1723,205,11.8978525827046,277,16.0766105629716,822,114,43,16,59,61,43,163,5764,2,direct_2011_lsoa_code,1,Kensington and Chelsea 004B,5,5,2,2,2,2,4,4,,21,5,5,3,3,8,8
E01002831,1721,215,12.4927367809413,233,13.5386403253922,889,124,66,20,86,52,19,157,5299,2,direct_2011_lsoa_code,1,Kensington and Chelsea 004C,5,5,3,3,6,6,2,2,,20,3,3,1,1,7,7
E01002832,1632,223,13.6642156862745,228,13.9705882352941,790,94,57,13,70,62,24,156,7367,3,direct_2011_lsoa_code,1,Kensington and Chelsea 004D,2,2,8,8,4,4,3,3,,25,3,3,2,2,14,14
E01002833,1209,152,12.5723738626964,155,12.8205128205128,650,73,63,8,71,30,13,114,15083,5,direct_2011_lsoa_code,1,Kensington and Chelsea 007A,7,7,7,7,5,5,5,5,,20,3,3,1,1,10,10
E01002834,1242,194,15.6199677938808,147,11.8357487922705,612,66,89,9,98,15,13,126,18346,6,direct_2011_lsoa_code,1,Kensington and Chelsea 013B,2,2,6,6,12,12,3,3,8,8,6,6,6,6,8,8
E01002835,1408,201,14.2755681818182,137,9.73011363636364,644,57,91,7,98,17,14,129,23929,8,direct_2011_lsoa_code,1,Kensington and Chelsea 016C,2,2,5,5,,13,1,1,14,14,1,1,2,2,4,4
E01002836,1309,175,13.3689839572193,152,11.6119174942704,708,68,82,6,88,24,9,121,23221,8,direct_2011_lsoa_code,1,Kensington and Chelsea 016D,2,2,8,8,13,13,2,2,,15,6,6,2,2,6,6
E01002837,1046,162,15.4875717017208,145,13.8623326959847,491,39,64,5,69,18,14,101,20942,7,direct_2011_lsoa_code,1,Kensington and Chelsea 016E,3,3,11,11,,15,6,6,13,13,6,6,2,2,10,10
E01002839,1540,119,7.72727272727273,149,9.67532467532468,856,80,68,5,73,11,9,93,10320,4,direct_2011_lsoa_code,1,Kensington and Chelsea 013C,5,5,5,5,15,14,2,2,7,7,6,6,4,4,7,7
E01002840,1046,167,15.9655831739962,246,23.5181644359465,537,116,37,6,43,50,16,109,4981,2,direct_2011_lsoa_code,1,Kensington and Chelsea 021A,4,4,6,6,6,6,4,4,11,11,4,4,3,3,,19
E01002841,1216,163,13.4046052631579,177,14.5559210526316,608,66,58,10,68,27,17,112,9898,4,direct_2011_lsoa_code,1,Kensington and Chelsea 021B,4,4,6,6,3,3,6,6,6,6,5,5,4,4,,17
E01002842,1011,175,17.3095944609298,188,18.595450049456,401,65,44,5,49,41,20,110,2593,1,direct_2011_lsoa_code,1,Kensington and Chelsea 021C,3,3,6,6,3,3,7,7,10,10,6,6,5,5,,20
E01002843,1295,196,15.1351351351351,241,18.6100386100386,631,119,51,18,69,55,10,134,3564,2,direct_2011_lsoa_code,1,Kensington and Chelsea 021D,5,5,9,9,2,2,2,2,2,2,3,3,2,2,14,14
E01002844,1149,140,12.1845082680592,242,21.0617928633594,614,98,66,7,73,9,15,97,16966,6,direct_2011_lsoa_code,1,Kensington and Chelsea 019A,7,7,8,8,7,7,7,7,14,14,7,7,6,6,,19
E01002845,1173,155,13.2139812446718,195,16.6240409207161,613,79,54,5,59,22,15,96,13544,5,direct_2011_lsoa_code,1,Kensington and Chelsea 019B,2,2,5,5,6,6,7,7,,14,5,5,2,2,,20
E01002846,1288,90,6.98757763975155,124,9.62732919254658,716,68,23,6,29,35,5,69,7626,3,direct_2011_lsoa_code,1,Kensington and Chelsea 017A,4,4,7,7,8,8,7,7,,20,7,7,3,3,6,6
E01002847,1393,145,10.4091888011486,126,9.04522613065327,716,55,63,5,68,14,7,89,12666,4,direct_2011_lsoa_code,1,Kensington and Chelsea 015B,1,1,4,4,13,10,3,3,10,10,2,2,2,2,0,0
E01002848,1251,131,10.4716227018385,135,10.7913669064748,710,64,52,8,60,25,10,95,8243,3,direct_2011_lsoa_code,1,Kensington and Chelsea 015C,6,6,5,5,,17,10,10,,15,4,4,4,4,9,9
E01002849,1540,257,16.6883116883117,179,11.6233766233766,739,77,125,2,127,23,14,164,16808,6,direct_2011_lsoa_code,1,Kensington and Chelsea 017B,3,3,3,3,8,8,4,4,12,12,4,4,2,2,5,5
E01002850,1407,158,11.2295664534471,113,8.03127221037669,628,45,53,5,58,19,19,96,11573,4,direct_2011_lsoa_code,1,Kensington and Chelsea 013D,5,5,4,4,13,12,3,3,6,6,3,3,3,3,3,3
E01002851,1338,107,7.99701046337818,255,19.0582959641256,793,151,29,8,37,28,8,73,4330,2,direct_2011_lsoa_code,1,Kensington and Chelsea 015D,2,2,5,5,13,13,6,6,10,10,5,5,3,3,8,8
E01002852,2213,335,15.1378219611387,209,9.44419340262088,845,84,78,18,96,101,32,229,3797,2,direct_2011_lsoa_code,1,Kensington and Chelsea 001A,12,12,6,6,,19,,19,,22,,20,10,10,,20
E01002853,1429,168,11.7564730580826,162,11.3365990202939,588,52,50,5,55,43,21,119,1212,1,direct_2011_lsoa_code,1,Kensington and Chelsea 001B,4,4,7,7,3,3,6,6,12,12,5,5,4,4,13,12
E01002854,1103,192,17.4070716228468,159,14.41523118767,461,56,56,5,61,53,22,136,3030,1,direct_2011_lsoa_code,1,Kensington and Chelsea 001C,7,7,3,3,6,6,3,3,,23,5,5,1,1,7,7
E01002855,1593,227,14.2498430634024,252,15.819209039548,723,87,52,12,64,59,23,146,2975,1,direct_2011_lsoa_code,1,Kensington and Chelsea 001D,5,5,6,6,5,5,5,5,15,15,3,3,6,6,8,8
E01002856,1432,159,11.1033519553073,169,11.8016759776536,768,79,39,10,49,43,18,110,4928,2,direct_2011_lsoa_code,1,Kensington and Chelsea 004E,5,5,7,7,6,6,3,3,12,12,3,3,0,0,6,6
E01002857,1377,214,15.5410312273057,154,11.1837327523602,556,48,47,9,56,64,24,144,1012,1,direct_2011_lsoa_code,1,Kensington and Chelsea 001E,4,4,3,3,3,3,1,1,,21,2,2,2,2,11,11
E01002858,1323,175,13.2275132275132,221,16.7044595616024,639,78,36,6,42,33,38,113,11753,4,direct_2011_lsoa_code,1,Kensington and Chelsea 014C,2,2,7,7,8,8,3,3,11,11,5,5,0,0,10,10
E01002859,1250,142,11.36,183,14.64,661,60,68,6,74,26,10,110,24280,8,direct_2011_lsoa_code,1,Kensington and Chelsea 012C,2,2,9,9,11,11,5,5,,11,4,4,2,2,6,6
E01002860,1144,188,16.4335664335664,175,15.2972027972028,565,62,87,4,91,15,6,112,22839,7,direct_2011_lsoa_code,1,Kensington and Chelsea 012D,4,4,11,11,13,13,6,6,,15,9,9,5,5,10,10
E01002861,1258,229,18.2034976152623,184,14.6263910969793,553,69,65,4,69,17,44,130,18886,6,direct_2011_lsoa_code,1,Kensington and Chelsea 014D,7,7,3,3,4,4,9,9,11,11,3,3,2,2,11,11
E01002862,1092,66,6.04395604395604,213,19.5054945054945,714,121,24,3,27,16,8,51,10169,4,direct_2011_lsoa_code,1,Kensington and Chelsea 014E,5,5,8,8,6,6,4,4,9,9,4,4,3,3,11,11
E01002863,1117,153,13.6974037600716,199,17.8155774395703,555,66,69,6,75,19,16,110,24615,8,direct_2011_lsoa_code,1,Kensington and Chelsea 012E,2,2,9,9,14,14,3,3,,15,6,6,2,2,10,10
E01002864,1480,313,21.1486486486487,221,14.9324324324324,531,64,119,2,121,22,52,195,25115,8,direct_2011_lsoa_code,1,Kensington and Chelsea 009A,10,10,9,9,5,5,11,11,,23,11,11,5,5,,14
E01002865,1448,241,16.6436464088398,171,11.8093922651934,563,34,99,6,105,25,30,160,27993,9,direct_2011_lsoa_code,1,Kensington and Chelsea 011E,7,7,3,3,8,8,4,4,,19,3,3,3,3,8,8
E01002866,1830,223,12.1857923497268,181,9.89071038251366,769,63,77,7,84,40,56,180,13786,5,direct_2011_lsoa_code,1,Kensington and Chelsea 009B,7,7,12,12,14,14,11,11,,25,13,13,2,2,11,11
E01002867,1674,182,10.8721624850657,215,12.8434886499403,811,87,84,3,87,47,19,153,12519,4,direct_2011_lsoa_code,1,Kensington and Chelsea 009C,5,5,4,4,9,9,3,3,,24,4,4,2,2,6,6
E01002868,1354,292,21.5657311669129,229,16.9128508124077,529,71,93,9,102,16,46,164,25448,8,direct_2011_lsoa_code,1,Kensington and Chelsea 009D,9,9,,14,5,5,10,10,,26,8,8,7,7,10,10
E01002869,1740,363,20.8620689655172,200,11.4942528735632,749,74,94,16,110,35,49,194,14640,5,direct_2011_lsoa_code,1,Kensington and Chelsea 009E,4,4,8,8,10,10,9,9,,22,8,8,2,2,8,8
E01002870,1594,211,13.237139272271,237,14.8682559598494,695,104,50,8,58,66,13,137,3890,2,direct_2011_lsoa_code,1,Kensington and Chelsea 005A,6,6,9,9,6,6,14,14,,22,8,8,3,3,8,8
E01002871,1468,239,16.2806539509537,206,14.0326975476839,643,67,116,8,124,21,16,161,22944,7,direct_2011_lsoa_code,1,Kensington and Chelsea 007B,7,7,10,9,8,8,1,1,,21,3,3,5,5,5,5
E01002872,1347,214,15.887156644395,298,22.1232368225687,655,151,55,13,68,47,25,140,4605,2,direct_2011_lsoa_code,1,Kensington and Chelsea 005B,5,5,8,8,2,2,8,8,,27,10,10,5,5,11,11
E01002873,1362,151,11.086637298091,216,15.8590308370044,656,54,68,6,74,22,17,113,14480,5,direct_2011_lsoa_code,1,Kensington and Chelsea 007C,3,3,11,11,4,4,11,11,,24,5,5,2,2,7,7
E01002874,1135,166,14.625550660793,127,11.1894273127753,587,67,58,3,61,30,13,104,14325,5,direct_2011_lsoa_code,1,Kensington and Chelsea 007D,4,4,5,5,9,9,7,7,,20,6,6,2,2,9,9
E01002875,1260,192,15.2380952380952,221,17.5396825396825,579,97,71,5,76,16,21,113,18986,6,direct_2011_lsoa_code,1,Kensington and Chelsea 007E,8,8,7,7,8,8,9,9,,23,9,9,4,4,7,7
E01002876,1831,375,20.4806116876024,355,19.3883123975969,693,80,102,22,124,36,63,223,14225,5,direct_2011_lsoa_code,1,Kensington and Chelsea 003A,6,6,,19,9,9,4,4,15,19,7,7,6,6,15,16
E01002877,2187,438,20.0274348422497,199,9.09922267946959,765,60,85,19,104,99,77,280,3925,2,direct_2011_lsoa_code,1,Kensington and Chelsea 003B,4,4,15,14,3,3,13,13,,21,13,13,4,4,6,6
E01002878,1446,153,10.5809128630705,207,14.3153526970954,754,113,70,11,81,35,14,130,6319,2,direct_2011_lsoa_code,1,Kensington and Chelsea 003C,6,6,8,8,1,1,11,11,,17,6,6,1,1,8,7
E01002879,1946,362,18.6022610483042,264,13.5662898252826,704,91,73,46,119,61,52,232,3808,2,direct_2011_lsoa_code,1,Kensington and Chelsea 005C,4,4,5,5,5,5,12,12,,22,8,8,7,7,8,8
E01002880,1145,206,17.9912663755459,138,12.0524017467249,455,35,47,7,54,49,19,122,3215,1,direct_2011_lsoa_code,1,Kensington and Chelsea 005D,4,4,14,11,5,5,15,13,,21,15,10,3,3,2,2
E01002881,1362,248,18.208516886931,160,11.7474302496329,516,51,73,13,86,54,23,163,4113,2,direct_2011_lsoa_code,1,Kensington and Chelsea 005E,5,5,6,6,2,2,14,14,,25,13,13,6,6,7,7
E01002882,1046,169,16.1567877629063,190,18.1644359464627,562,110,65,9,74,29,9,112,16904,6,direct_2011_lsoa_code,1,Kensington and Chelsea 006A,7,7,11,11,11,11,8,8,,23,8,8,1,1,10,10
E01002883,1475,219,14.8474576271186,242,16.4067796610169,653,80,93,8,101,27,15,143,22472,7,direct_2011_lsoa_code,1,Kensington and Chelsea 006B,5,5,5,5,15,14,4,4,,19,4,4,3,3,5,5
E01002884,1385,106,7.65342960288809,199,14.3682310469314,593,74,46,6,52,14,9,75,13100,4,direct_2011_lsoa_code,1,Kensington and Chelsea 006C,3,3,3,3,13,12,4,4,,18,4,4,3,3,4,4
E01002885,1318,125,9.48406676783005,127,9.63581183611533,805,78,59,9,68,31,4,103,14695,5,direct_2011_lsoa_code,1,Kensington and Chelsea 006D,1,1,5,5,,15,8,8,,20,5,5,3,3,5,5
E01002886,1320,200,15.1515151515152,217,16.4393939393939,667,70,85,1,86,17,17,120,19099,6,direct_2011_lsoa_code,1,Kensington and Chelsea 006E,3,3,8,8,9,9,2,2,,22,5,5,2,2,8,8
E01002887,1043,118,11.313518696069,112,10.738255033557,556,53,51,5,56,9,8,73,21530,7,direct_2011_lsoa_code,1,Kensington and Chelsea 010A,5,5,3,3,,14,2,2,13,13,5,5,1,1,5,5
E01002888,1563,154,9.85284708893154,134,8.57325655790147,827,60,65,10,75,18,8,101,23449,8,direct_2011_lsoa_code,1,Kensington and Chelsea 013E,10,10,6,6,,18,7,7,14,14,7,7,4,4,5,5
E01002889,1562,159,10.179257362356,137,8.7708066581306,565,48,75,2,77,19,12,108,26867,9,direct_2011_lsoa_code,1,Kensington and Chelsea 010B,5,5,4,4,5,5,5,5,,20,5,5,3,3,6,6
E01002890,1398,292,20.8869814020029,256,18.3118741058655,564,67,131,6,137,20,20,177,25832,8,direct_2011_lsoa_code,1,Kensington and Chelsea 010C,1,1,7,7,13,13,3,3,11,11,8,8,7,7,12,12
E01002891,1184,140,11.8243243243243,156,13.1756756756757,558,56,69,3,72,16,8,96,25103,8,direct_2011_lsoa_code,1,Kensington and Chelsea 010D,8,8,7,7,,13,10,10,,22,10,8,3,3,15,15
E01002892,1293,194,15.0038669760248,149,11.523588553751,641,50,79,7,86,31,10,127,26365,9,direct_2011_lsoa_code,1,Kensington and Chelsea 010E,1,1,5,5,,17,5,5,,22,9,9,2,2,9,9
E01002893,1576,165,10.4695431472081,204,12.9441624365482,905,100,61,13,74,36,5,115,12935,4,direct_2011_lsoa_code,1,Kensington and Chelsea 017C,9,9,13,13,5,5,4,4,15,15,7,7,3,3,10,10
E01002894,1317,152,11.5413819286257,116,8.8078967350038,654,55,65,4,69,14,10,93,14414,5,direct_2011_lsoa_code,1,Kensington and Chelsea 017D,7,7,8,8,5,5,2,2,,16,3,3,2,2,8,8
E01002896,1586,213,13.4300126103405,155,9.77301387137453,754,66,110,8,118,26,12,156,24135,8,direct_2011_lsoa_code,1,Kensington and Chelsea 020C,6,6,6,6,6,6,4,4,10,10,7,7,4,4,,15
E01002897,1494,167,11.1780455153949,157,10.5087014725569,697,65,56,7,63,27,40,130,18277,6,direct_2011_lsoa_code,1,Kensington and Chelsea 020D,10,10,9,9,10,10,5,5,9,9,8,8,3,3,14,10
E01002898,1668,267,16.0071942446043,191,11.4508393285372,674,111,126,17,143,27,67,237,25185,8,direct_2011_lsoa_code,1,Kensington and Chelsea 017E,0,0,10,10,7,7,5,5,,18,5,5,3,3,12,12
E01002899,1245,165,13.2530120481928,249,20,636,115,56,6,62,33,17,112,13213,5,direct_2011_lsoa_code,1,Kensington and Chelsea 018A,3,3,4,4,1,1,1,1,11,11,6,6,2,2,,14
E01002900,1688,140,8.29383886255924,448,26.5402843601896,569,73,62,4,66,17,10,93,26730,9,direct_2011_lsoa_code,1,Kensington and Chelsea 018B,2,2,11,11,9,9,7,7,,15,12,12,0,0,,15
E01002901,1042,83,7.96545105566219,468,44.9136276391555,438,112,39,3,42,9,6,57,17464,6,direct_2011_lsoa_code,1,Kensington and Chelsea 018C,7,7,,17,7,7,,19,11,11,,19,4,4,,17
E01002902,1226,135,11.0114192495922,256,20.8809135399674,713,107,55,8,63,31,6,100,23591,8,direct_2011_lsoa_code,1,Kensington and Chelsea 018D,2,2,5,5,6,6,6,6,15,12,4,4,3,3,7,7
E01002903,1278,194,15.1799687010955,230,17.9968701095462,567,72,90,7,97,25,17,139,27528,9,direct_2011_lsoa_code,1,Kensington and Chelsea 018E,9,9,4,4,7,7,7,7,13,13,3,3,2,2,,13
E01002904,1296,243,18.75,150,11.5740740740741,497,52,41,13,54,75,29,158,3043,1,direct_2011_lsoa_code,1,Kensington and Chelsea 002A,12,12,,19,3,3,12,12,12,12,11,11,5,5,,22
E01002905,1673,270,16.1386730424387,216,12.910938433951,651,55,46,12,58,63,64,185,3154,1,direct_2011_lsoa_code,1,Kensington and Chelsea 002B,4,4,14,13,5,5,9,9,6,6,8,8,4,4,14,12
E01002906,1753,267,15.2310325156874,287,16.3719338277239,646,55,75,15,90,65,34,189,6647,3,direct_2011_lsoa_code,1,Kensington and Chelsea 002C,6,6,,17,3,3,7,7,6,6,9,9,2,2,,16
E01002907,1287,309,24.009324009324,161,12.5097125097125,514,70,47,16,63,106,35,204,1794,1,direct_2011_lsoa_code,1,Kensington and Chelsea 002D,12,12,,19,7,7,11,11,14,14,8,8,6,6,,22
E01002908,1394,233,16.7144906743185,207,14.8493543758967,589,67,76,18,94,45,20,159,9637,3,direct_2011_lsoa_code,1,Kensington and Chelsea 003D,9,9,,16,6,6,7,7,14,14,3,3,2,2,,19
E01002909,2137,311,14.5531118390267,265,12.400561534862,1021,117,74,9,83,50,49,182,8155,3,direct_2011_lsoa_code,1,Kensington and Chelsea 003E,4,4,10,10,7,7,7,7,15,15,7,7,4,4,10,10
E01002910,1370,189,13.7956204379562,257,18.7591240875912,635,123,59,6,65,19,31,115,17632,6,direct_2011_lsoa_code,1,Kensington and Chelsea 019C,7,7,11,11,10,10,9,9,5,5,6,6,3,3,14,13
E01002911,1285,210,16.3424124513619,202,15.7198443579767,594,60,85,6,91,26,21,138,21556,7,direct_2011_lsoa_code,1,Kensington and Chelsea 019D,4,4,4,4,9,9,6,6,11,11,4,4,1,1,,17
E01002912,1480,158,10.6756756756757,262,17.7027027027027,683,81,47,10,57,39,16,112,20040,7,direct_2011_lsoa_code,1,Kensington and Chelsea 020E,1,1,3,3,14,14,5,5,4,4,2,2,4,4,,13
E01002913,1762,271,15.3802497162316,192,10.8967082860386,814,73,97,18,115,46,23,184,16091,5,direct_2011_lsoa_code,1,Kensington and Chelsea 021E,9,9,8,8,5,5,4,4,4,4,3,3,1,1,,15
E01002914,1195,182,15.2301255230126,230,19.2468619246862,572,77,69,7,76,18,18,112,25957,8,direct_2011_lsoa_code,1,Kensington and Chelsea 019E,4,4,6,6,1,1,7,7,6,6,6,6,2,2,13,13
E01002915,1390,262,18.8489208633094,310,22.3021582733813,483,58,97,16,113,23,29,165,26998,9,direct_2011_lsoa_code,1,Kingston upon Thames 014A,14,14,,19,9,9,7,7,,28,,16,3,3,,
E01002916,1481,295,19.9189736664416,289,19.5138419986496,533,75,136,12,148,17,29,194,26782,9,direct_2011_lsoa_code,1,Kingston upon Thames 014B,11,11,9,9,4,4,9,9,,19,14,14,7,7,,
E01002917,1430,281,19.6503496503497,308,21.5384615384615,495,50,138,16,154,10,21,185,31433,10,direct_2011_lsoa_code,1,Kingston upon Thames 014C,6,6,,18,15,15,11,11,,26,15,16,5,5,,
E01002918,1797,401,22.3149693934335,201,11.1853088480801,609,55,139,25,164,53,31,248,21946,7,direct_2011_lsoa_code,1,Kingston upon Thames 017A,,16,,,,28,,,,,,,14,14,,
E01002919,1990,387,19.4472361809045,237,11.9095477386935,797,76,131,21,152,62,45,259,18341,6,direct_2011_lsoa_code,1,Kingston upon Thames 017B,,21,,21,15,15,,21,,,,18,12,12,,
E01002920,1593,340,21.3433772755807,295,18.5185185185185,587,74,163,26,189,21,15,225,30459,10,direct_2011_lsoa_code,1,Kingston upon Thames 014D,10,10,,25,5,5,,24,,,10,10,6,6,,
E01002921,1727,226,13.0862767805443,179,10.3647944412276,906,99,91,34,125,35,10,170,18698,6,direct_2011_lsoa_code,1,Kingston upon Thames 011A,11,11,14,12,9,9,,16,,24,9,9,2,2,,
E01002922,1642,298,18.1485992691839,332,20.2192448233861,718,104,150,15,165,20,9,194,25712,8,direct_2011_lsoa_code,1,Kingston upon Thames 010A,9,9,,17,9,9,,22,,29,13,13,5,5,,
E01002923,1671,230,13.7642130460802,283,16.9359664871335,857,181,53,20,73,58,22,153,7999,3,direct_2011_lsoa_code,1,Kingston upon Thames 013A,9,9,13,11,4,4,,16,,23,4,4,3,3,,
E01002924,1545,311,20.1294498381877,333,21.5533980582524,555,55,168,16,184,4,14,202,32012,10,direct_2011_lsoa_code,1,Kingston upon Thames 014E,10,10,,24,10,10,,23,,,9,9,6,6,,
E01002925,1570,217,13.8216560509554,158,10.0636942675159,794,82,93,28,121,36,6,163,22790,7,direct_2011_lsoa_code,1,Kingston upon Thames 013B,6,6,7,7,4,4,,14,,22,7,7,4,4,,
E01002926,1604,371,23.1296758104738,232,14.4638403990025,600,65,178,23,201,23,16,240,27879,9,direct_2011_lsoa_code,1,Kingston upon Thames 010B,,23,,24,13,13,,23,,,13,13,4,4,,
E01002927,1681,313,18.6198691255205,295,17.5490779298037,640,94,143,18,161,38,23,222,21448,7,direct_2011_lsoa_code,1,Kingston upon Thames 008A,13,13,9,9,9,9,,17,,,,17,0,0,,
E01002928,1940,378,19.4845360824742,306,15.7731958762887,742,107,146,27,173,47,23,243,17328,6,direct_2011_lsoa_code,1,Kingston upon Thames 008B,7,7,11,11,,15,11,11,,25,11,11,2,2,,
E01002929,1698,337,19.8468786808009,323,19.0223792697291,675,73,172,15,187,21,12,220,26011,8,direct_2011_lsoa_code,1,Kingston upon Thames 007A,14,14,12,12,6,6,,18,,22,15,16,10,10,,
E01002930,1968,374,19.0040650406504,245,12.4491869918699,795,73,147,26,173,57,28,258,23273,8,direct_2011_lsoa_code,1,Kingston upon Thames 007B,9,9,5,5,14,14,11,11,,17,7,7,5,5,,
E01002931,2014,482,23.9324726911619,267,13.2571996027805,720,55,204,34,238,38,27,303,22804,7,direct_2011_lsoa_code,1,Kingston upon Thames 007C,6,6,6,6,4,4,12,12,,24,8,8,6,6,,
E01002932,2045,429,20.9779951100245,184,8.99755501222494,677,37,117,24,141,96,32,269,9799,3,direct_2011_lsoa_code,1,Kingston upon Thames 006A,8,8,9,9,10,10,,18,,29,,18,4,4,,
E01002933,2035,478,23.4889434889435,233,11.4496314496314,809,106,183,40,223,60,17,300,18511,6,direct_2011_lsoa_code,1,Kingston upon Thames 004A,2,2,11,11,5,5,8,8,,25,,20,4,4,,
E01002934,1899,501,26.3823064770932,203,10.6898367561875,660,49,251,22,273,26,21,320,31781,10,direct_2011_lsoa_code,1,Kingston upon Thames 004B,9,9,,18,9,9,,21,,25,,19,2,2,,
E01002935,1902,390,20.5047318611987,181,9.51629863301788,810,81,175,17,192,47,21,260,26771,9,direct_2011_lsoa_code,1,Kingston upon Thames 003A,5,5,9,9,11,11,5,5,8,8,5,5,1,1,,
E01002937,1825,475,26.027397260274,165,9.04109589041096,661,49,238,27,265,31,12,308,30452,10,direct_2011_lsoa_code,1,Kingston upon Thames 004D,8,8,10,10,11,11,7,7,,17,7,7,7,7,,
E01002938,2000,498,24.9,268,13.4,784,92,238,25,263,42,20,325,30727,10,direct_2011_lsoa_code,1,Kingston upon Thames 003B,7,7,,17,8,8,,15,,21,,15,3,3,,
E01002939,1647,349,21.1900425015179,197,11.9611414693382,599,63,113,29,142,55,29,226,21310,7,direct_2011_lsoa_code,1,Kingston upon Thames 018A,,17,,20,6,6,9,9,,,9,9,2,2,,
E01002940,1673,323,19.3066347878063,281,16.7961745367603,614,75,118,31,149,36,31,216,16076,5,direct_2011_lsoa_code,1,Kingston upon Thames 020A,15,14,12,10,14,14,10,10,,,11,11,2,2,,
E01002941,1652,314,19.0072639225182,308,18.6440677966102,639,101,115,31,146,34,25,205,25233,8,direct_2011_lsoa_code,1,Kingston upon Thames 018B,15,15,,21,15,18,,22,,,,22,12,12,,
E01002942,1399,276,19.7283774124375,265,18.9421015010722,531,70,128,12,140,19,19,178,23570,8,direct_2011_lsoa_code,1,Kingston upon Thames 018C,14,14,,18,10,10,4,4,,,8,8,4,4,,
E01002943,1477,315,21.3270142180095,225,15.2335815842925,510,60,110,15,125,39,27,191,17230,6,direct_2011_lsoa_code,1,Kingston upon Thames 020B,7,7,,19,10,10,,19,,,,25,6,6,,
E01002944,1333,282,21.1552888222056,182,13.6534133533383,530,59,104,20,124,48,15,187,20667,7,direct_2011_lsoa_code,1,Kingston upon Thames 019A,7,7,,23,,19,,15,,,14,14,6,6,,
E01002945,1573,304,19.3261284170375,226,14.3674507310871,640,67,116,39,155,41,20,216,25677,8,direct_2011_lsoa_code,1,Kingston upon Thames 019B,12,12,,18,,17,,19,,,9,9,3,3,,
E01002946,1508,279,18.501326259947,268,17.7718832891247,604,70,109,33,142,24,12,178,26145,8,direct_2011_lsoa_code,1,Kingston upon Thames 019C,11,11,,19,,17,,19,,,,17,5,5,,
E01002947,1647,320,19.4292653309047,262,15.9077109896782,614,58,149,21,170,38,20,228,27952,9,direct_2011_lsoa_code,1,Kingston upon Thames 019D,6,6,,19,,18,,20,,,8,8,6,6,,
E01002948,2214,420,18.970189701897,319,14.4083107497742,819,76,147,49,196,54,35,285,16244,5,direct_2011_lsoa_code,1,Kingston upon Thames 020C,,22,,24,,22,,25,,,,,1,1,,
E01002949,1849,368,19.9026500811249,279,15.0892374256355,690,77,142,41,183,38,30,251,24825,8,direct_2011_lsoa_code,1,Kingston upon Thames 020D,6,6,2,2,13,11,6,6,,,15,15,1,1,,
E01002950,1651,342,20.7147183525136,277,16.7777104784979,711,103,94,36,130,58,32,220,16145,5,direct_2011_lsoa_code,1,Kingston upon Thames 020E,13,13,,20,,21,,23,,,,23,10,10,,
E01002951,1501,354,23.5842771485676,243,16.1892071952032,574,68,165,19,184,29,16,229,30100,10,direct_2011_lsoa_code,1,Kingston upon Thames 003C,5,5,,17,,17,10,10,10,10,14,14,8,8,,
E01002952,1393,250,17.9468772433597,337,24.1923905240488,474,48,110,5,115,8,24,147,29133,9,direct_2011_lsoa_code,1,Kingston upon Thames 002A,9,9,,26,,25,,24,,21,,20,10,10,,
E01002953,1333,215,16.1290322580645,312,23.4058514628657,436,39,94,8,102,17,28,147,28241,9,direct_2011_lsoa_code,1,Kingston upon Thames 002B,,19,,22,,24,,23,8,8,13,13,5,5,,
E01002954,1371,248,18.0889861415026,257,18.7454412837345,630,90,101,13,114,58,11,183,21932,7,direct_2011_lsoa_code,1,Kingston upon Thames 003D,11,10,15,12,11,11,6,6,9,9,12,11,1,1,,
E01002955,1504,250,16.6223404255319,257,17.0877659574468,529,54,102,13,115,31,28,174,19611,6,direct_2011_lsoa_code,1,Kingston upon Thames 002C,11,11,,13,8,7,,20,,20,,13,0,0,,
E01002956,1391,226,16.2473040977714,317,22.7893601725377,441,65,84,9,93,21,32,146,27909,9,direct_2011_lsoa_code,1,Kingston upon Thames 002D,10,10,,24,,18,,20,,24,,23,3,3,,
E01002957,1590,321,20.188679245283,147,9.24528301886792,572,40,89,17,106,82,20,208,19621,6,direct_2011_lsoa_code,1,Kingston upon Thames 003E,8,8,,17,,17,11,11,,15,,14,2,2,,
E01002958,1740,408,23.448275862069,221,12.7011494252874,652,59,194,26,220,23,19,262,28518,9,direct_2011_lsoa_code,1,Kingston upon Thames 008C,3,3,15,15,6,6,,19,15,20,,19,9,9,,
E01002959,1391,282,20.2731847591661,304,21.8547807332854,477,50,162,8,170,8,15,193,32171,10,direct_2011_lsoa_code,1,Kingston upon Thames 002E,11,11,,25,11,11,,26,13,13,,24,8,8,,
E01002960,1589,303,19.0685966016363,260,16.3624921334172,583,63,150,16,166,23,23,212,29368,9,direct_2011_lsoa_code,1,Kingston upon Thames 006B,13,13,,17,1,1,14,14,15,14,,14,1,1,,
E01002961,1757,375,21.3431986340353,299,17.0176437108708,597,52,187,19,206,17,22,245,27855,9,direct_2011_lsoa_code,1,Kingston upon Thames 008D,2,2,,15,3,3,,17,4,4,,15,0,0,,
E01002962,1612,340,21.0918114143921,236,14.6401985111663,526,48,126,20,146,39,41,226,21110,7,direct_2011_lsoa_code,1,Kingston upon Thames 006C,11,11,,20,4,4,,21,14,14,,20,5,5,,
E01002963,1845,386,20.9214092140921,236,12.7913279132791,774,93,172,21,193,52,20,265,24659,8,direct_2011_lsoa_code,1,Kingston upon Thames 007D,8,8,11,11,12,12,,16,,17,13,13,6,6,,
E01002964,2514,354,14.0811455847255,257,10.2227525855211,1050,149,137,24,161,62,14,237,16736,6,direct_2011_lsoa_code,1,Kingston upon Thames 005A,7,7,,16,9,9,,20,,23,7,7,3,3,,
E01002965,2519,355,14.0928940055578,298,11.8300913060738,1142,104,158,20,178,58,19,255,21096,7,direct_2011_lsoa_code,1,Kingston upon Thames 009A,7,7,,11,7,7,,14,,26,2,2,1,1,,
E01002966,1985,363,18.287153652393,162,8.16120906801008,778,48,163,39,202,34,13,249,25187,8,direct_2011_lsoa_code,1,Kingston upon Thames 010C,14,14,,19,6,6,,21,,,,20,7,7,,
E01002967,1857,258,13.8933764135703,260,14.0010770059235,953,123,112,28,140,41,8,189,30191,10,direct_2011_lsoa_code,1,Kingston upon Thames 009B,8,8,12,12,7,7,,15,,,13,12,4,4,,
E01002968,2909,316,10.8628394637332,257,8.83465108284634,1149,100,140,24,164,47,26,237,19427,6,direct_2011_lsoa_code,1,Kingston upon Thames 009C,9,9,4,4,2,2,11,11,,20,5,5,1,1,,
E01002969,1890,471,24.9206349206349,149,7.88359788359789,660,56,104,32,136,125,21,282,4000,2,direct_2011_lsoa_code,1,Kingston upon Thames 005B,11,11,12,12,13,13,15,15,,20,7,7,4,4,,
E01002970,1811,376,20.7620099392601,173,9.55273329652126,645,38,121,37,158,54,38,250,13439,5,direct_2011_lsoa_code,1,Kingston upon Thames 006D,13,13,,13,9,9,,17,,23,15,14,0,0,,
E01002971,1800,383,21.2777777777778,166,9.22222222222222,727,52,161,33,194,39,16,249,21686,7,direct_2011_lsoa_code,1,Kingston upon Thames 005C,4,4,11,11,11,11,15,16,,19,1,1,4,4,,
E01002972,2053,410,19.970774476376,203,9.88796882610813,892,103,138,33,171,65,24,260,20357,7,direct_2011_lsoa_code,1,Kingston upon Thames 005D,8,8,8,8,8,8,12,12,,17,7,7,1,1,,
E01002973,1582,338,21.3653603034134,151,9.5448798988622,525,27,107,24,131,55,36,222,11982,4,direct_2011_lsoa_code,1,Kingston upon Thames 006E,5,5,9,9,7,7,,18,,22,,18,3,3,,
E01002974,2057,434,21.0986874088478,257,12.4939231891104,718,53,176,16,192,40,33,265,20020,7,direct_2011_lsoa_code,1,Kingston upon Thames 005E,7,7,12,12,12,12,6,6,11,11,9,9,5,5,,
E01002975,1489,287,19.2746809939557,273,18.3344526527871,500,45,112,10,122,32,37,191,22021,7,direct_2011_lsoa_code,1,Kingston upon Thames 012A,10,10,,21,13,13,,17,,,,20,6,6,,
E01002976,1712,347,20.268691588785,299,17.464953271028,652,74,163,22,185,37,14,236,26898,9,direct_2011_lsoa_code,1,Kingston upon Thames 015A,8,8,,28,4,4,,22,,,,26,10,10,,
E01002977,1701,357,20.9876543209877,259,15.2263374485597,648,82,111,20,131,61,30,222,15741,5,direct_2011_lsoa_code,1,Kingston upon Thames 012B,9,9,,21,13,13,,18,,,9,9,9,9,,
E01002978,1858,340,18.2992465016146,403,21.6899892357374,722,90,150,21,171,25,22,218,27790,9,direct_2011_lsoa_code,1,Kingston upon Thames 015B,12,12,14,14,3,3,4,4,,28,8,8,3,3,,
E01002979,1527,272,17.8127046496398,314,20.5631958087754,597,51,115,14,129,26,22,177,25153,8,direct_2011_lsoa_code,1,Kingston upon Thames 015C,4,4,,19,14,12,,14,,,11,11,4,4,,
E01002980,1405,219,15.5871886120996,302,21.4946619217082,480,57,109,11,120,5,27,152,27764,9,direct_2011_lsoa_code,1,Kingston upon Thames 012C,13,13,,20,15,20,,21,,29,11,11,7,7,,
E01002981,1602,288,17.9775280898876,298,18.601747815231,523,61,116,5,121,15,36,172,22235,7,direct_2011_lsoa_code,1,Kingston upon Thames 012D,,20,,17,,20,,17,,,,17,3,3,,
E01002982,1486,238,16.0161507402423,387,26.043068640646,516,72,114,7,121,16,24,161,20323,7,direct_2011_lsoa_code,1,Kingston upon Thames 015D,11,11,11,10,,12,9,9,,19,11,10,0,0,,
E01002983,1669,289,17.3157579388856,348,20.8508088675854,598,70,160,19,179,9,17,205,27807,9,direct_2011_lsoa_code,1,Kingston upon Thames 015E,,25,14,14,,21,,21,,29,14,14,3,3,,
E01002984,1431,265,18.5185185185185,300,20.9643605870021,589,105,104,16,120,33,22,175,16828,6,direct_2011_lsoa_code,1,Kingston upon Thames 012E,8,8,6,6,11,11,5,5,,20,6,6,4,4,,
E01002985,1722,379,22.0092915214866,220,12.7758420441347,600,59,157,19,176,42,33,251,22446,7,direct_2011_lsoa_code,1,Kingston upon Thames 007E,10,10,7,7,2,2,5,5,,22,7,7,6,6,,
E01002986,1371,269,19.6207148067104,304,22.1735959153902,478,60,106,8,114,24,26,164,21459,7,direct_2011_lsoa_code,1,Kingston upon Thames 008E,12,12,,23,13,13,,24,,,,23,6,6,,
E01002987,1894,201,10.6124604012672,218,11.5100316789863,956,127,79,22,101,41,9,151,15568,5,direct_2011_lsoa_code,1,Kingston upon Thames 011B,9,8,3,3,6,6,7,7,,25,4,4,1,1,,
E01002988,1679,224,13.3412745681954,139,8.27873734365694,627,46,97,16,113,35,5,153,28712,9,direct_2011_lsoa_code,1,Kingston upon Thames 011C,12,12,12,12,7,7,7,7,,,9,9,2,2,,
E01002989,1900,308,16.2105263157895,169,8.89473684210526,914,61,152,25,177,27,4,208,26262,8,direct_2011_lsoa_code,1,Kingston upon Thames 011D,6,6,7,7,4,4,8,8,,29,6,6,5,5,,
E01002990,1709,222,12.9900526623757,195,11.4101813926273,886,86,102,27,129,24,9,162,27514,9,direct_2011_lsoa_code,1,Kingston upon Thames 009D,0,0,11,11,2,2,,13,,28,8,8,2,2,,
E01002991,1562,281,17.9897567221511,180,11.5236875800256,679,59,129,13,142,28,18,188,27489,9,direct_2011_lsoa_code,1,Kingston upon Thames 009E,8,8,,17,7,7,,19,,,12,12,3,3,,
E01002992,1567,191,12.1888959795788,127,8.10465858328015,487,50,81,15,96,16,20,132,28743,9,direct_2011_lsoa_code,1,Kingston upon Thames 010D,,,,,14,14,,,,,,,3,3,,
E01002993,1577,250,15.852885225111,174,11.0336081166772,817,83,103,26,129,36,10,175,24286,8,direct_2011_lsoa_code,1,Kingston upon Thames 013C,14,13,12,11,12,10,6,6,,26,9,9,4,4,,
E01002994,1508,285,18.8992042440318,337,22.3474801061008,597,53,131,28,159,26,5,190,27206,9,direct_2011_lsoa_code,1,Kingston upon Thames 016A,8,8,15,15,12,12,,18,,28,,19,8,8,,
E01002995,1600,261,16.3125,350,21.875,634,67,125,11,136,25,12,173,29593,10,direct_2011_lsoa_code,1,Kingston upon Thames 013D,11,11,14,14,6,6,13,13,,26,15,16,7,7,,
E01002996,1543,334,21.6461438755671,187,12.1192482177576,594,48,142,31,173,36,16,225,27598,9,direct_2011_lsoa_code,1,Kingston upon Thames 016B,3,3,8,8,8,8,10,10,12,12,,14,5,5,,
E01002997,1523,298,19.5666447800394,191,12.5410374261326,602,44,154,17,171,23,10,204,26649,9,direct_2011_lsoa_code,1,Kingston upon Thames 016C,9,9,4,4,4,4,13,13,,21,15,15,5,5,,
E01002998,1612,428,26.5508684863524,161,9.98759305210918,601,48,158,35,193,62,22,277,19514,6,direct_2011_lsoa_code,1,Kingston upon Thames 016D,3,3,9,9,,16,7,7,6,6,,14,2,2,,
E01002999,1534,273,17.7966101694915,100,6.51890482398957,766,63,96,24,120,66,12,198,19575,6,direct_2011_lsoa_code,1,Kingston upon Thames 013E,3,3,10,10,5,5,10,10,,24,4,4,4,4,,
E01003000,1873,408,21.7832354511479,242,12.9204484783769,671,51,156,31,187,38,30,255,14887,5,direct_2011_lsoa_code,1,Kingston upon Thames 017C,,19,,20,,17,,15,,27,,16,2,2,,
E01003001,1918,374,19.4994786235662,286,14.9113660062565,634,63,150,23,173,25,44,242,21262,7,direct_2011_lsoa_code,1,Kingston upon Thames 017D,15,15,14,14,11,11,12,12,14,14,9,9,8,8,,
E01003002,1909,418,21.896280775275,268,14.0387637506548,800,102,147,35,182,73,21,276,16518,6,direct_2011_lsoa_code,1,Kingston upon Thames 016E,5,5,,18,10,9,,16,,26,5,5,2,2,,
E01003003,1726,333,19.2931633835458,216,12.5144843568946,658,64,139,21,160,48,26,234,18639,6,direct_2011_lsoa_code,1,Kingston upon Thames 017E,10,10,9,9,,16,7,7,15,15,11,11,7,7,,
E01003004,1641,339,20.6581352833638,235,14.320536258379,607,65,139,23,162,32,25,219,23478,8,direct_2011_lsoa_code,1,Kingston upon Thames 018D,4,4,,23,10,10,,23,15,15,9,9,9,9,,
E01003005,1542,312,20.2334630350195,249,16.147859922179,581,56,126,28,154,36,22,212,27643,9,direct_2011_lsoa_code,1,Kingston upon Thames 018E,11,11,,21,3,3,14,14,,,13,13,10,10,,
E01003006,1525,313,20.5245901639344,292,19.1475409836066,597,76,158,7,165,24,11,200,27297,9,direct_2011_lsoa_code,1,Kingston upon Thames 001A,11,11,,20,6,6,,23,12,12,7,7,3,3,,29
E01003007,1624,397,24.4458128078818,260,16.0098522167488,558,56,199,10,209,35,14,258,30778,10,direct_2011_lsoa_code,1,Kingston upon Thames 001B,13,13,,22,8,8,,20,14,14,9,9,1,1,,
E01003008,1446,365,25.2420470262794,229,15.8367911479945,507,68,182,15,197,21,18,236,32136,10,direct_2011_lsoa_code,1,Kingston upon Thames 001C,10,10,,22,8,8,,24,,19,,16,3,3,,
E01003009,2059,530,25.7406508013599,283,13.7445361826129,777,94,211,29,240,59,24,323,25452,8,direct_2011_lsoa_code,1,Kingston upon Thames 001D,10,10,,17,11,11,,15,,18,,15,1,1,,
E01003010,1439,294,20.4308547602502,225,15.6358582348853,530,50,159,10,169,25,18,212,31189,10,direct_2011_lsoa_code,1,Kingston upon Thames 001E,3,3,,14,11,11,,17,,20,15,14,2,2,,
E01003011,1693,359,21.2049616066155,307,18.1334908446545,701,94,173,11,184,37,15,236,28534,9,direct_2011_lsoa_code,1,Kingston upon Thames 004E,11,11,12,12,6,6,11,11,,23,,17,4,4,,
E01003013,1946,97,4.98458376156218,78,4.0082219938335,717,26,32,2,34,17,25,76,21865,7,direct_2011_lsoa_code,1,Lambeth 036A,1,1,3,3,5,5,7,7,7,7,7,7,2,2,8,8
E01003014,1505,196,13.0232558139535,226,15.0166112956811,640,96,57,17,74,51,16,141,10007,4,direct_2011_lsoa_code,1,Lambeth 036B,4,4,4,4,8,8,4,4,6,6,2,2,2,2,3,3
E01003015,1721,253,14.7007553747821,174,10.110400929692,803,86,54,11,65,60,28,153,9771,3,direct_2011_lsoa_code,1,Lambeth 002A,1,1,9,9,6,6,3,3,9,9,5,5,4,4,11,11
E01003016,1202,84,6.98835274542429,115,9.56738768718802,422,34,22,5,27,18,18,63,20774,7,direct_2011_lsoa_code,1,Lambeth 036C,6,6,9,9,3,3,10,10,,17,8,8,2,2,9,9
E01003017,1632,177,10.8455882352941,239,14.6446078431373,768,97,38,15,53,44,19,116,11736,4,direct_2011_lsoa_code,1,Lambeth 036D,2,2,6,6,4,4,5,5,,13,9,9,3,3,4,4
E01003018,2019,177,8.7667161961367,133,6.58741951461119,934,41,55,19,74,27,20,121,12382,4,direct_2011_lsoa_code,1,Lambeth 020A,4,4,11,11,4,4,,17,,28,4,4,4,4,,13
E01003019,2035,187,9.18918918918919,143,7.02702702702703,887,47,52,18,70,45,11,126,15377,5,direct_2011_lsoa_code,1,Lambeth 015A,6,6,9,9,10,10,12,12,,,12,12,8,8,,16
E01003020,1821,256,14.058209774849,122,6.69961559582647,826,45,56,18,74,79,15,168,11385,4,direct_2011_lsoa_code,1,Lambeth 016A,8,8,3,3,7,7,13,12,,24,12,12,2,2,11,11
E01003021,2151,220,10.2278010227801,224,10.4137610413761,638,55,46,21,67,53,16,136,6537,2,direct_2011_lsoa_code,1,Lambeth 021A,8,8,7,7,9,9,,15,,,13,13,5,5,,20
E01003022,1620,210,12.962962962963,131,8.08641975308642,729,48,66,15,81,42,10,133,13937,5,direct_2011_lsoa_code,1,Lambeth 021B,8,8,6,6,8,8,13,13,,,11,11,3,3,,19
E01003023,2591,373,14.3959861057507,129,4.978772674643,1104,54,96,21,117,99,38,254,14996,5,direct_2011_lsoa_code,1,Lambeth 021C,2,2,6,6,5,5,4,4,,,4,4,3,3,,17
E01003024,1840,342,18.5869565217391,98,5.32608695652174,787,48,65,12,77,123,23,223,7290,3,direct_2011_lsoa_code,1,Lambeth 021D,9,9,7,7,0,0,12,12,,28,5,5,1,1,,13
E01003025,2046,352,17.2043010752688,153,7.47800586510264,847,59,87,22,109,94,25,228,12965,4,direct_2011_lsoa_code,1,Lambeth 021E,3,3,13,13,1,1,6,6,,,6,6,5,5,,19
E01003026,1501,192,12.7914723517655,105,6.99533644237175,624,44,61,8,69,14,33,116,16610,6,direct_2011_lsoa_code,1,Lambeth 019A,8,8,10,10,3,3,,14,,24,14,11,2,2,9,9
E01003027,1394,251,18.0057388809182,149,10.6886657101865,523,22,126,10,136,5,10,151,24423,8,direct_2011_lsoa_code,1,Lambeth 019B,8,8,10,10,11,11,10,10,,,,16,7,7,15,15
E01003028,1484,265,17.8571428571429,111,7.47978436657682,601,36,101,20,121,36,13,170,14540,5,direct_2011_lsoa_code,1,Lambeth 019C,7,7,8,8,6,6,8,8,,,,21,5,5,,19
E01003029,1828,197,10.7768052516411,148,8.09628008752735,895,64,59,15,74,45,16,135,15084,5,direct_2011_lsoa_code,1,Lambeth 017A,5,5,14,12,13,13,5,5,,28,11,11,4,4,13,13
E01003030,1722,196,11.3821138211382,104,6.03948896631824,748,43,72,10,82,24,12,118,17315,6,direct_2011_lsoa_code,1,Lambeth 019D,7,7,3,3,7,7,,11,,21,,8,2,2,4,4
E01003031,1574,216,13.722998729352,85,5.4002541296061,709,48,49,14,63,70,9,142,11631,4,direct_2011_lsoa_code,1,Lambeth 023A,5,5,6,6,9,9,10,10,,27,,14,1,1,9,9
E01003032,1721,207,12.0278907611854,196,11.3887274840209,817,97,47,14,61,57,24,142,7269,3,direct_2011_lsoa_code,1,Lambeth 017B,5,5,8,8,2,2,10,10,,24,8,8,3,3,7,7
E01003033,1618,307,18.9740420271941,145,8.96168108776267,588,34,103,15,118,34,25,177,19006,6,direct_2011_lsoa_code,1,Lambeth 019E,4,4,5,5,12,12,13,13,,29,,16,7,7,,16
E01003034,1641,271,16.5143205362584,131,7.98293723339427,696,50,81,16,97,53,21,171,15690,5,direct_2011_lsoa_code,1,Lambeth 012A,6,6,,15,3,3,10,10,,,10,10,1,1,,16
E01003035,1688,166,9.83412322274881,117,6.93127962085308,765,52,49,14,63,28,18,109,10802,4,direct_2011_lsoa_code,1,Lambeth 012B,6,6,7,7,9,9,3,3,,16,4,4,2,2,6,5
E01003036,1760,169,9.60227272727273,128,7.27272727272727,756,59,59,12,71,37,10,118,11220,4,direct_2011_lsoa_code,1,Lambeth 012C,5,5,9,9,5,5,5,5,,25,4,4,7,7,10,10
E01003037,1439,205,14.2460041695622,142,9.8679638637943,596,51,45,12,57,64,15,136,4779,2,direct_2011_lsoa_code,1,Lambeth 013A,6,6,,13,6,6,14,14,,25,6,6,3,3,,18
E01003038,1702,188,11.0458284371328,209,12.2796709753232,771,51,77,8,85,28,13,126,18982,6,direct_2011_lsoa_code,1,Lambeth 013B,10,10,13,13,8,8,9,9,,28,9,9,3,3,14,13
E01003039,2042,257,12.5857002938296,166,8.12928501469148,963,55,95,19,114,34,13,161,23724,8,direct_2011_lsoa_code,1,Lambeth 013C,8,8,6,6,4,4,4,4,,24,8,8,1,1,8,8
E01003040,1246,163,13.0818619582665,124,9.95184590690209,591,43,58,9,67,26,9,102,13326,5,direct_2011_lsoa_code,1,Lambeth 013D,9,9,12,11,7,7,12,12,,28,10,10,4,4,13,11
E01003041,1521,212,13.9381985535832,155,10.1906640368179,679,50,50,7,57,70,13,140,6008,2,direct_2011_lsoa_code,1,Lambeth 017C,4,4,0,0,8,8,4,4,,15,1,1,1,1,0,0
E01003042,1109,114,10.2795311091073,90,8.11541929666366,507,41,34,12,46,31,8,85,10188,4,direct_2011_lsoa_code,1,Lambeth 013E,2,2,,13,5,5,,17,,25,8,8,4,4,,14
E01003043,1618,190,11.7428924598269,164,10.1359703337454,675,64,69,11,80,40,32,152,11557,4,direct_2011_lsoa_code,1,Lambeth 018A,13,13,9,9,10,10,,18,,26,9,9,4,4,14,14
E01003044,1410,273,19.3617021276596,93,6.59574468085106,683,43,46,17,63,99,11,173,3464,2,direct_2011_lsoa_code,1,Lambeth 018B,7,7,,21,10,10,,20,,24,,17,3,3,,20
E01003045,1989,355,17.8481649069884,181,9.10005027652086,699,62,41,8,49,117,46,212,4629,2,direct_2011_lsoa_code,1,Lambeth 011A,5,5,12,12,2,2,,16,,21,12,12,4,4,,13
E01003046,1681,306,18.2034503271862,94,5.59190957763236,744,38,48,16,64,114,24,202,6296,2,direct_2011_lsoa_code,1,Lambeth 009A,2,2,,19,4,4,11,11,,18,9,9,4,4,,20
E01003047,1788,209,11.6890380313199,125,6.9910514541387,818,59,41,12,53,72,15,140,4378,2,direct_2011_lsoa_code,1,Lambeth 011B,8,8,6,6,6,6,,12,,17,3,3,2,2,6,6
E01003048,1913,469,24.5164662833246,115,6.01150026136958,739,46,92,23,115,117,34,266,4904,2,direct_2011_lsoa_code,1,Lambeth 009B,7,7,,15,3,3,6,6,,14,3,3,1,1,,16
E01003049,1767,294,16.6383701188455,118,6.67798528579513,753,49,54,21,75,86,25,186,4341,2,direct_2011_lsoa_code,1,Lambeth 011C,5,5,13,13,6,6,12,12,,19,9,9,5,5,13,13
E01003050,1584,141,8.90151515151515,117,7.38636363636364,748,63,28,7,35,49,10,94,9105,3,direct_2011_lsoa_code,1,Lambeth 016B,11,11,10,10,6,6,,18,,24,11,9,4,4,10,10
E01003051,2096,231,11.0209923664122,90,4.29389312977099,880,33,48,9,57,69,33,159,5442,2,direct_2011_lsoa_code,1,Lambeth 018C,7,7,,15,5,5,8,8,,15,5,5,1,1,,14
E01003052,2225,388,17.438202247191,161,7.23595505617978,784,64,50,14,64,83,78,225,4060,2,direct_2011_lsoa_code,1,Lambeth 016C,2,2,10,10,5,5,,16,,20,10,10,1,1,10,10
E01003053,1674,97,5.79450418160096,107,6.39187574671446,742,31,36,11,47,21,8,76,11901,4,direct_2011_lsoa_code,1,Lambeth 015B,5,5,6,6,3,3,12,12,12,12,6,6,4,4,9,9
E01003054,2193,134,6.11035111719106,87,3.9671682626539,1003,28,31,9,40,35,8,83,12938,4,direct_2011_lsoa_code,1,Lambeth 015C,5,5,7,7,9,9,3,3,,18,4,4,3,3,6,6
E01003055,1602,147,9.17602996254682,164,10.2372034956305,828,100,23,15,38,41,18,97,6234,2,direct_2011_lsoa_code,1,Lambeth 016D,12,11,5,5,2,2,,13,,20,6,6,3,3,5,5
E01003056,1708,110,6.44028103044497,96,5.62060889929742,766,30,29,14,43,33,10,86,8059,3,direct_2011_lsoa_code,1,Lambeth 015D,11,11,6,6,3,3,6,6,,26,5,5,5,5,10,10
E01003057,1705,264,15.4838709677419,121,7.09677419354839,723,42,39,16,55,74,21,150,5352,2,direct_2011_lsoa_code,1,Lambeth 017D,5,5,9,9,3,3,1,1,,23,1,1,1,1,8,8
E01003058,1979,160,8.08489135927236,124,6.26579080343608,856,51,42,12,54,45,12,111,11169,4,direct_2011_lsoa_code,1,Lambeth 015E,11,11,3,3,7,7,10,10,,27,9,9,2,2,14,12
E01003059,2210,287,12.9864253393665,165,7.46606334841629,872,57,50,25,75,84,49,208,4517,2,direct_2011_lsoa_code,1,Lambeth 011D,4,4,7,7,3,3,15,15,,21,8,8,4,4,13,13
E01003060,1698,277,16.3133097762073,140,8.24499411071849,685,35,53,12,65,81,32,178,5258,2,direct_2011_lsoa_code,1,Lambeth 011E,4,4,4,4,1,1,,14,,19,5,5,4,4,11,11
E01003061,1329,124,9.33032355154251,141,10.6094808126411,649,56,26,8,34,34,16,84,4907,2,direct_2011_lsoa_code,1,Lambeth 011F,6,6,3,3,3,3,,13,,18,4,4,1,1,8,8
E01003062,1836,298,16.2309368191721,136,7.40740740740741,861,56,83,27,110,70,21,201,12428,4,direct_2011_lsoa_code,1,Lambeth 033A,2,2,8,8,2,2,13,13,8,8,4,4,0,0,,
E01003063,1363,256,18.7820983125459,116,8.51063829787234,601,43,49,17,66,64,29,159,4968,2,direct_2011_lsoa_code,1,Lambeth 033B,9,9,13,13,9,9,,22,,18,9,9,4,4,,
E01003064,1465,321,21.9112627986348,136,9.28327645051194,626,36,122,24,146,58,9,213,21253,7,direct_2011_lsoa_code,1,Lambeth 028A,8,8,,13,5,5,,17,,27,8,8,1,1,,
E01003065,1670,446,26.7065868263473,157,9.40119760479042,685,75,78,27,105,121,30,256,3955,2,direct_2011_lsoa_code,1,Lambeth 031A,8,8,,18,3,3,14,14,,25,13,13,3,3,,
E01003066,1887,365,19.3428722840488,152,8.05511393746688,807,58,82,44,126,102,26,254,5079,2,direct_2011_lsoa_code,1,Lambeth 028B,7,7,12,12,8,8,,17,,20,12,12,6,6,,
E01003067,1555,349,22.443729903537,154,9.90353697749196,634,54,120,33,153,65,19,237,13955,5,direct_2011_lsoa_code,1,Lambeth 033C,8,8,,25,5,5,7,7,,26,6,6,6,6,,
E01003068,1572,366,23.2824427480916,143,9.09669211195929,642,62,91,25,116,93,21,230,8594,3,direct_2011_lsoa_code,1,Lambeth 031B,5,5,,20,4,4,13,13,,20,12,12,6,6,,
E01003069,1368,299,21.8567251461988,131,9.57602339181287,520,39,75,37,112,73,17,202,6797,3,direct_2011_lsoa_code,1,Lambeth 033D,8,8,,19,5,5,12,12,,19,10,10,5,5,,
E01003070,1548,299,19.3152454780362,187,12.0801033591731,660,48,55,24,79,82,36,197,3295,2,direct_2011_lsoa_code,1,Lambeth 033E,10,10,,23,6,6,12,12,15,15,12,12,3,3,,
E01003071,2326,341,14.6603611349957,157,6.74978503869304,1004,49,122,32,154,51,15,220,17838,6,direct_2011_lsoa_code,1,Lambeth 018D,8,8,,19,11,11,7,7,,21,7,7,6,6,,24
E01003072,1737,306,17.6165803108808,261,15.0259067357513,703,87,128,10,138,29,22,189,17496,6,direct_2011_lsoa_code,1,Lambeth 014A,11,11,,18,11,11,10,10,,18,6,6,4,4,,26
E01003073,1601,291,18.1761399125547,152,9.49406620861961,662,49,70,15,85,72,33,190,7919,3,direct_2011_lsoa_code,1,Lambeth 014B,1,1,,19,3,3,12,12,,19,9,9,7,7,,23
E01003074,2360,301,12.7542372881356,184,7.79661016949153,1094,75,92,38,130,65,23,218,11024,4,direct_2011_lsoa_code,1,Lambeth 018E,8,8,13,13,6,6,13,13,,26,10,10,5,5,,20
E01003075,1713,341,19.9065966141273,126,7.35551663747811,674,52,59,20,79,104,41,224,3565,2,direct_2011_lsoa_code,1,Lambeth 009C,7,7,14,13,4,4,8,8,11,11,6,6,5,5,,20
E01003076,2701,437,16.1791928915217,105,3.88744909292855,968,25,83,38,121,68,67,256,15651,5,direct_2011_lsoa_code,1,Lambeth 014C,9,9,14,11,,14,7,7,2,2,7,7,5,5,,24
E01003077,1862,230,12.3523093447905,104,5.58539205155747,789,30,58,27,85,49,30,164,14746,5,direct_2011_lsoa_code,1,Lambeth 014D,8,8,,12,7,7,4,4,12,11,4,4,1,1,,14
E01003078,1627,307,18.8690842040565,207,12.7228027043639,621,70,117,25,142,36,24,202,23508,8,direct_2011_lsoa_code,1,Lambeth 014E,14,14,,13,12,12,,14,,13,,12,5,5,,29
E01003079,1683,346,20.5585264408794,121,7.18954248366013,732,44,81,26,107,92,27,226,7655,3,direct_2011_lsoa_code,1,Lambeth 027A,13,13,11,11,12,12,13,13,,24,10,10,4,4,,
E01003080,1680,375,22.3214285714286,135,8.03571428571429,676,45,110,35,145,68,24,237,15676,5,direct_2011_lsoa_code,1,Lambeth 027B,11,11,10,10,9,9,15,15,,22,11,11,2,2,,
E01003081,1864,355,19.0450643776824,121,6.49141630901288,817,43,104,32,136,76,27,239,8157,3,direct_2011_lsoa_code,1,Lambeth 028C,7,7,10,9,7,7,,13,,14,11,10,1,1,,
E01003082,1375,258,18.7636363636364,211,15.3454545454545,634,61,69,17,86,73,17,176,7936,3,direct_2011_lsoa_code,1,Lambeth 031C,7,7,10,10,4,4,,17,10,10,8,8,3,3,,
E01003083,1541,287,18.624269954575,212,13.7573004542505,573,73,98,26,124,41,37,202,14658,5,direct_2011_lsoa_code,1,Lambeth 030A,8,8,14,14,12,12,,17,,19,,13,2,2,,
E01003084,1506,275,18.2602921646746,154,10.2257636122178,632,50,108,26,134,40,15,189,14997,5,direct_2011_lsoa_code,1,Lambeth 030B,8,8,11,9,8,8,,13,,15,12,10,3,3,,
E01003085,1797,389,21.6471897607123,266,14.80244852532,693,96,127,39,166,48,30,244,17595,6,direct_2011_lsoa_code,1,Lambeth 030C,9,9,15,15,9,9,,22,15,15,14,14,6,6,,
E01003086,1559,304,19.4996792815908,124,7.95381654906992,623,34,75,30,105,67,25,197,7351,3,direct_2011_lsoa_code,1,Lambeth 031D,3,3,12,12,4,4,,22,13,13,10,10,2,2,,
E01003087,1641,381,23.217550274223,145,8.83607556368068,601,37,69,23,92,120,37,249,3600,2,direct_2011_lsoa_code,1,Lambeth 031E,0,0,11,11,5,5,,21,11,11,9,9,6,6,,
E01003088,1587,257,16.1940768746062,90,5.6710775047259,657,44,50,17,67,73,20,160,6905,3,direct_2011_lsoa_code,1,Lambeth 010A,11,11,14,10,13,12,10,10,9,9,6,6,3,3,5,5
E01003089,1935,351,18.1395348837209,95,4.90956072351421,737,24,61,12,73,100,30,203,7326,3,direct_2011_lsoa_code,1,Lambeth 008A,8,8,,12,4,4,6,6,,26,4,4,3,3,,12
E01003090,2382,203,8.52225020990764,135,5.66750629722922,1104,48,51,11,62,43,33,138,10501,4,direct_2011_lsoa_code,1,Lambeth 012D,10,10,8,8,7,7,8,8,13,13,6,6,2,2,2,2
E01003091,1712,290,16.9392523364486,99,5.78271028037383,675,42,45,16,61,78,24,163,11741,4,direct_2011_lsoa_code,1,Lambeth 008B,10,10,,14,7,7,9,9,,29,11,10,4,4,14,14
E01003092,2350,426,18.1276595744681,130,5.53191489361702,950,26,75,22,97,116,39,252,5334,2,direct_2011_lsoa_code,1,Lambeth 008C,5,5,12,12,3,3,5,5,,26,6,6,6,6,13,13
E01003093,2297,442,19.2424902046147,199,8.6634740966478,954,65,71,32,103,156,35,294,6561,2,direct_2011_lsoa_code,1,Lambeth 010B,7,7,3,3,4,4,3,3,13,13,5,5,3,3,3,3
E01003094,1484,147,9.90566037735849,150,10.1078167115903,654,53,38,9,47,35,24,106,7822,3,direct_2011_lsoa_code,1,Lambeth 010C,2,2,5,5,6,6,5,5,8,8,7,7,4,4,7,7
E01003095,1642,213,12.9719853836784,120,7.30816077953715,690,34,77,9,86,26,18,130,14572,5,direct_2011_lsoa_code,1,Lambeth 012E,11,11,14,12,11,11,11,11,,23,7,7,6,6,7,7
E01003096,2095,121,5.77565632458234,135,6.44391408114559,859,53,39,14,53,18,14,85,10488,4,direct_2011_lsoa_code,1,Lambeth 010D,4,4,9,9,9,9,9,9,7,7,6,6,3,3,11,11
E01003097,1558,203,13.0295250320924,222,14.2490372272144,688,94,43,10,53,68,17,138,7024,3,direct_2011_lsoa_code,1,Lambeth 006A,3,3,5,5,4,4,4,4,,21,5,5,3,3,5,5
E01003098,1482,202,13.6302294197031,157,10.5937921727395,646,66,57,12,69,53,15,137,11756,4,direct_2011_lsoa_code,1,Lambeth 005A,7,7,,13,6,6,12,12,,24,6,6,4,4,9,9
E01003099,1699,241,14.1848145968217,153,9.00529723366686,758,82,59,13,72,72,17,161,9835,3,direct_2011_lsoa_code,1,Lambeth 005B,8,8,15,13,2,2,10,10,,21,6,6,4,4,6,6
E01003100,2014,146,7.24925521350546,70,3.47567030784508,890,23,38,15,53,28,19,100,17071,6,direct_2011_lsoa_code,1,Lambeth 005C,5,5,,10,3,3,,10,,18,3,3,2,2,3,3
E01003101,1433,187,13.049546406141,96,6.69923237962317,637,34,35,12,47,80,19,146,8915,3,direct_2011_lsoa_code,1,Lambeth 003A,3,3,4,4,8,8,9,9,,21,4,4,4,4,10,10
E01003102,1702,139,8.1668625146886,205,12.0446533490012,783,46,30,12,42,32,12,86,10233,4,direct_2011_lsoa_code,1,Lambeth 004A,6,6,12,12,1,1,5,5,,17,12,11,4,4,8,8
E01003104,1733,197,11.3675706866705,159,9.17484131563762,871,81,38,29,67,72,11,150,10988,4,direct_2011_lsoa_code,1,Lambeth 004C,3,3,11,11,6,6,6,6,,21,7,7,4,4,11,11
E01003105,1708,277,16.2177985948478,220,12.8805620608899,747,100,49,13,62,83,29,174,8374,3,direct_2011_lsoa_code,1,Lambeth 003B,3,3,6,6,4,4,8,8,,17,6,6,3,3,14,14
E01003106,2136,365,17.0880149812734,209,9.78464419475655,970,81,78,16,94,111,24,229,9487,3,direct_2011_lsoa_code,1,Lambeth 003C,8,8,10,10,4,4,5,5,,16,10,10,2,2,3,3
E01003107,1851,183,9.88654781199352,173,9.34629929767693,885,71,47,15,62,47,16,125,16537,6,direct_2011_lsoa_code,1,Lambeth 003D,7,7,7,7,5,5,3,3,,16,6,6,3,3,6,6
E01003108,1556,290,18.6375321336761,182,11.6966580976864,711,78,60,12,72,88,31,191,6591,3,direct_2011_lsoa_code,1,Lambeth 002B,7,7,12,12,3,3,4,4,,17,14,10,1,1,4,4
E01003110,2051,245,11.9453924914676,264,12.8717698683569,923,92,74,14,88,46,26,160,16598,6,direct_2011_lsoa_code,1,Lambeth 002C,2,2,,14,5,5,9,9,13,13,11,11,5,5,12,12
E01003111,1980,422,21.3131313131313,219,11.0606060606061,804,88,72,14,86,119,37,242,5781,2,direct_2011_lsoa_code,1,Lambeth 002D,5,5,8,8,3,3,10,10,,14,12,12,5,5,14,14
E01003112,1797,332,18.4752365052866,153,8.51419031719533,815,63,66,17,83,102,26,211,8065,3,direct_2011_lsoa_code,1,Lambeth 002E,7,7,3,3,3,3,8,8,14,14,11,11,3,3,14,14
E01003113,1794,298,16.6109253065775,154,8.58416945373467,740,38,69,35,104,55,25,184,11942,4,direct_2011_lsoa_code,1,Lambeth 032A,11,11,9,9,10,10,,19,,26,14,14,6,6,,26
E01003114,2424,397,16.3778877887789,128,5.28052805280528,1006,40,128,36,164,63,24,251,12492,4,direct_2011_lsoa_code,1,Lambeth 032B,12,12,10,10,11,11,11,11,,26,10,10,9,9,,
E01003115,1618,303,18.7268232385661,126,7.78739184177998,667,43,81,27,108,69,22,199,13952,5,direct_2011_lsoa_code,1,Lambeth 034A,7,7,10,10,8,8,9,9,,20,8,8,4,4,,
E01003116,1786,317,17.7491601343785,244,13.6618141097424,634,49,108,24,132,41,49,222,13964,5,direct_2011_lsoa_code,1,Lambeth 029A,7,7,,21,11,11,,23,,,,20,8,8,,27
E01003117,1850,289,15.6216216216216,169,9.13513513513514,822,64,77,19,96,69,21,186,12619,4,direct_2011_lsoa_code,1,Lambeth 029B,7,7,6,6,,14,13,11,,25,5,5,4,4,,26
E01003118,1862,394,21.1600429645542,198,10.6337271750806,703,70,148,19,167,69,33,269,12194,4,direct_2011_lsoa_code,1,Lambeth 029C,10,10,7,7,12,12,7,7,,26,8,8,5,5,,21
E01003119,2065,350,16.9491525423729,196,9.49152542372881,852,40,119,22,141,70,28,239,12753,4,direct_2011_lsoa_code,1,Lambeth 032C,3,3,8,8,5,5,,14,,24,10,10,1,1,,21
E01003120,2413,334,13.8416908412764,145,6.00911728139246,1111,60,92,29,121,97,25,243,6716,3,direct_2011_lsoa_code,1,Lambeth 032D,12,12,7,7,7,7,11,11,,23,6,6,1,1,,24
E01003121,1570,298,18.9808917197452,132,8.40764331210191,639,49,53,17,70,113,18,201,6760,3,direct_2011_lsoa_code,1,Lambeth 006B,7,7,8,8,4,4,8,8,,25,6,6,2,2,9,9
E01003122,1905,220,11.5485564304462,131,6.87664041994751,896,58,55,14,69,62,15,146,10330,4,direct_2011_lsoa_code,1,Lambeth 004D,12,12,12,12,3,3,13,13,,27,8,8,5,5,12,12
E01003123,1596,161,10.0877192982456,161,10.0877192982456,699,41,57,15,72,36,21,129,15107,5,direct_2011_lsoa_code,1,Lambeth 006C,8,8,10,10,2,2,7,7,,21,8,8,2,2,8,8
E01003124,1353,194,14.3385070214339,141,10.4212860310421,612,32,31,11,42,64,20,126,8081,3,direct_2011_lsoa_code,1,Lambeth 006D,8,8,6,6,5,5,4,4,,18,5,5,0,0,6,6
E01003125,1782,351,19.6969696969697,146,8.19304152637486,697,54,58,18,76,100,36,212,7884,3,direct_2011_lsoa_code,1,Lambeth 006E,5,5,8,8,5,5,9,9,,22,8,7,2,2,11,7
E01003126,1665,242,14.5345345345345,111,6.66666666666667,713,44,37,14,51,69,33,153,8668,3,direct_2011_lsoa_code,1,Lambeth 008D,7,7,5,5,3,3,2,2,,16,5,5,2,2,3,3
E01003127,2091,331,15.8297465327594,175,8.36920133907221,795,50,79,13,92,64,52,208,10122,4,direct_2011_lsoa_code,1,Lambeth 010E,10,10,8,8,7,7,8,8,15,15,8,8,3,3,6,6
E01003128,1643,299,18.1984175289105,121,7.36457699330493,710,44,52,20,72,81,34,187,6116,2,direct_2011_lsoa_code,1,Lambeth 008E,4,4,3,3,2,2,4,4,,17,3,3,4,4,4,4
E01003129,1797,198,11.0183639398998,144,8.01335559265442,795,40,49,11,60,51,23,134,11167,4,direct_2011_lsoa_code,1,Lambeth 004E,5,5,11,11,8,8,4,4,,20,2,2,3,3,11,11
E01003130,1868,335,17.9336188436831,175,9.36830835117773,785,55,93,23,116,53,36,205,16679,6,direct_2011_lsoa_code,1,Lambeth 026A,5,5,8,8,12,12,9,9,,26,8,8,3,3,,23
E01003131,2152,312,14.4981412639405,143,6.64498141263941,945,45,109,23,132,51,14,197,15900,5,direct_2011_lsoa_code,1,Lambeth 026B,12,12,8,8,12,12,,15,,25,12,12,4,4,,27
E01003132,1451,240,16.5403170227429,205,14.1281874569263,541,43,46,22,68,67,32,167,7016,3,direct_2011_lsoa_code,1,Lambeth 024A,4,4,,16,1,1,6,6,,,5,5,5,5,,27
E01003133,1660,278,16.7469879518072,116,6.98795180722892,705,43,87,24,111,65,23,199,11078,4,direct_2011_lsoa_code,1,Lambeth 027C,8,8,6,6,10,10,6,6,,23,6,6,4,4,,23
E01003134,1597,277,17.3450219160927,150,9.39261114589856,619,43,91,24,115,48,17,180,14757,5,direct_2011_lsoa_code,1,Lambeth 027D,6,6,13,13,4,4,13,13,,29,14,14,0,0,,29
E01003135,1931,258,13.3609528741585,131,6.78404971517348,754,50,67,10,77,45,57,179,7255,3,direct_2011_lsoa_code,1,Lambeth 026C,9,9,8,8,8,8,15,15,,25,13,13,5,5,,28
E01003136,1659,237,14.2857142857143,129,7.77576853526221,748,40,63,20,83,67,23,173,11860,4,direct_2011_lsoa_code,1,Lambeth 022A,9,9,13,13,13,13,5,5,,,11,11,4,4,,22
E01003137,1580,241,15.253164556962,128,8.10126582278481,749,51,39,14,53,99,22,174,8364,3,direct_2011_lsoa_code,1,Lambeth 022B,3,3,12,10,6,6,4,4,,28,4,4,3,3,,20
E01003138,1478,233,15.7645466847091,90,6.0893098782138,642,35,96,18,114,23,13,150,23730,8,direct_2011_lsoa_code,1,Lambeth 026D,6,6,14,14,11,11,,21,,,,17,4,4,,22
E01003139,1529,297,19.4244604316547,171,11.1837802485285,538,40,101,14,115,37,41,193,20521,7,direct_2011_lsoa_code,1,Lambeth 035A,11,11,11,11,7,7,6,6,,,7,7,6,6,,
E01003140,1509,303,20.0795228628231,195,12.9224652087475,493,52,86,9,95,29,53,177,17091,6,direct_2011_lsoa_code,1,Lambeth 035B,12,12,14,14,0,0,8,8,12,12,12,12,9,9,,
E01003141,1844,370,20.0650759219089,230,12.472885032538,741,79,99,36,135,70,44,249,11366,4,direct_2011_lsoa_code,1,Lambeth 034B,14,14,3,3,11,11,8,8,10,10,,15,1,1,,
E01003142,1374,254,18.4861717612809,180,13.1004366812227,451,48,72,14,86,31,46,163,15996,5,direct_2011_lsoa_code,1,Lambeth 035C,7,7,5,5,11,11,10,10,,26,5,5,3,3,,
E01003143,1503,275,18.2967398536261,251,16.6999334664005,511,44,60,11,71,68,42,181,8591,3,direct_2011_lsoa_code,1,Lambeth 035D,2,2,12,12,7,7,10,10,,29,11,10,3,3,,
E01003144,1547,229,14.8028442146089,292,18.8752424046542,524,43,103,18,121,14,21,156,16659,6,direct_2011_lsoa_code,1,Lambeth 034C,,21,11,11,8,8,12,12,,18,,22,8,8,,
E01003145,1656,256,15.4589371980676,169,10.2053140096618,748,62,84,22,106,57,19,182,11635,4,direct_2011_lsoa_code,1,Lambeth 034D,2,2,8,8,11,11,8,8,,20,8,8,5,5,,
E01003146,1649,268,16.2522741055185,143,8.6719223771983,549,34,72,15,87,42,42,171,10705,4,direct_2011_lsoa_code,1,Lambeth 035E,12,12,,14,14,14,5,5,,29,5,5,4,4,,
E01003147,2075,372,17.9277108433735,193,9.30120481927711,801,63,110,27,137,56,57,250,13846,5,direct_2011_lsoa_code,1,Lambeth 034E,5,5,8,8,12,12,9,9,,19,8,8,5,5,,
E01003148,1836,323,17.5925925925926,134,7.29847494553377,758,46,113,31,144,62,24,230,15274,5,direct_2011_lsoa_code,1,Lambeth 032E,5,5,10,10,5,5,3,3,,26,10,10,3,3,,29
E01003149,1755,272,15.4985754985755,269,15.3276353276353,693,59,102,23,125,40,18,183,18720,6,direct_2011_lsoa_code,1,Lambeth 030D,2,2,,17,15,15,12,12,,17,,18,7,7,,
E01003150,1941,357,18.3925811437403,173,8.91293147861927,838,79,74,24,98,82,32,212,9888,4,direct_2011_lsoa_code,1,Lambeth 032F,3,3,8,8,10,10,14,14,,18,,14,6,6,,27
E01003151,1956,358,18.3026584867076,185,9.45807770961145,815,97,61,21,82,115,25,222,6636,3,direct_2011_lsoa_code,1,Lambeth 026E,4,4,9,9,13,13,13,13,,19,9,9,1,1,,28
E01003152,1909,328,17.1817705605029,189,9.90047145102148,759,46,109,26,135,44,44,223,21006,7,direct_2011_lsoa_code,1,Lambeth 027E,2,2,12,12,12,12,13,13,,21,9,9,0,0,,
E01003153,2172,236,10.865561694291,114,5.24861878453039,1021,46,62,35,97,35,22,154,19158,6,direct_2011_lsoa_code,1,Lambeth 029D,8,8,4,4,,11,10,9,,22,2,2,3,3,,24
E01003154,1999,439,21.9609804902451,189,9.45472736368184,823,73,112,23,135,127,29,291,8914,3,direct_2011_lsoa_code,1,Lambeth 030E,8,8,,18,2,2,4,4,,23,,19,3,3,,29
E01003155,1827,298,16.3108921729611,203,11.1111111111111,727,59,118,31,149,34,18,201,15185,5,direct_2011_lsoa_code,1,Lambeth 029E,8,8,5,5,11,11,5,5,,24,6,6,6,6,,26
E01003156,1598,265,16.5832290362954,137,8.57321652065081,657,45,94,20,114,45,15,174,15573,5,direct_2011_lsoa_code,1,Lambeth 023B,6,6,,19,7,7,15,15,,,9,9,1,1,,19
E01003157,1582,364,23.0088495575221,118,7.45891276864728,569,35,137,33,170,39,14,223,20129,7,direct_2011_lsoa_code,1,Lambeth 023C,3,3,13,13,9,9,,20,,,8,8,5,5,,16
E01003158,1624,244,15.0246305418719,119,7.32758620689655,728,50,101,37,138,23,6,167,27507,9,direct_2011_lsoa_code,1,Lambeth 023D,9,9,,22,14,14,,27,,,13,13,9,9,,
E01003159,1774,181,10.2029312288613,155,8.73731679819617,841,58,52,15,67,43,23,133,5458,2,direct_2011_lsoa_code,1,Lambeth 022C,3,3,12,12,3,3,6,6,,,,19,6,6,,20
E01003160,1450,177,12.2068965517241,81,5.58620689655172,643,25,42,10,52,59,17,128,8375,3,direct_2011_lsoa_code,1,Lambeth 022D,7,7,13,13,4,4,6,6,,,,17,5,5,,20
E01003161,1313,220,16.7555217060168,117,8.91089108910891,530,54,68,14,82,33,16,131,15308,5,direct_2011_lsoa_code,1,Lambeth 023E,7,7,12,12,5,5,13,13,,,14,14,5,5,,18
E01003162,1856,329,17.7262931034483,128,6.89655172413793,744,48,79,19,98,74,40,212,9410,3,direct_2011_lsoa_code,1,Lambeth 022E,6,6,10,10,8,8,5,5,,,9,9,0,0,,20
E01003163,1598,270,16.8961201501877,204,12.7659574468085,603,50,95,16,111,42,20,173,18787,6,direct_2011_lsoa_code,1,Lambeth 023F,4,4,,15,7,7,11,11,,,15,16,2,2,,19
E01003164,2242,342,15.2542372881356,155,6.91347011596789,1011,58,95,24,119,103,26,248,8977,3,direct_2011_lsoa_code,1,Lambeth 025A,9,9,5,5,,12,5,5,,22,3,3,1,1,,23
E01003165,1642,320,19.4884287454324,253,15.4080389768575,701,91,101,26,127,63,20,210,12526,4,direct_2011_lsoa_code,1,Lambeth 025B,7,7,,20,10,10,,21,,,2,2,6,6,,
E01003166,2566,414,16.1340607950117,179,6.97583787996882,1115,50,118,33,151,100,35,286,16219,5,direct_2011_lsoa_code,1,Lambeth 028D,7,7,7,7,10,9,4,4,,21,4,4,1,1,,25
E01003167,1758,375,21.3310580204778,247,14.0500568828214,680,62,167,33,200,38,14,252,19446,6,direct_2011_lsoa_code,1,Lambeth 028E,6,6,9,9,12,12,13,13,,24,7,7,7,7,,
E01003168,1658,304,18.335343787696,206,12.4246079613993,663,54,41,19,60,109,33,202,4141,2,direct_2011_lsoa_code,1,Lambeth 025C,13,13,,19,1,1,9,9,,28,15,18,8,8,,28
E01003169,2355,414,17.5796178343949,161,6.83651804670913,1029,50,131,40,171,85,24,280,11737,4,direct_2011_lsoa_code,1,Lambeth 025D,2,2,,14,8,8,12,12,,27,15,13,5,5,,23
E01003170,1906,409,21.4585519412382,303,15.897166841553,770,143,174,26,200,26,23,249,21658,7,direct_2011_lsoa_code,1,Lambeth 025E,3,3,,21,13,13,10,10,,29,,19,5,5,,28
E01003171,1650,226,13.6969696969697,120,7.27272727272727,784,44,60,21,81,48,19,148,10536,4,direct_2011_lsoa_code,1,Lambeth 020B,7,7,11,11,5,5,,15,,,9,8,4,4,,15
E01003172,1943,450,23.1600617601647,125,6.43335048893464,780,52,89,21,110,98,21,229,7715,3,direct_2011_lsoa_code,1,Lambeth 024B,7,7,14,11,3,3,,11,,28,15,10,2,2,,17
E01003173,1633,215,13.16595223515,157,9.61420698101653,671,52,67,19,86,32,39,157,18535,6,direct_2011_lsoa_code,1,Lambeth 020C,1,1,,13,8,8,14,14,,,12,12,5,5,,19
E01003174,2040,421,20.6372549019608,117,5.73529411764706,829,43,61,26,87,147,50,284,6425,2,direct_2011_lsoa_code,1,Lambeth 024C,7,7,13,13,8,8,10,10,,29,11,11,4,4,,22
E01003175,1577,306,19.4039315155358,138,8.75079264426126,612,42,64,19,83,82,36,201,5531,2,direct_2011_lsoa_code,1,Lambeth 024D,9,9,,16,2,2,10,10,,,10,10,3,3,,25
E01003176,1930,383,19.8445595854922,148,7.66839378238342,763,63,64,22,86,102,45,233,5818,2,direct_2011_lsoa_code,1,Lambeth 016E,6,6,8,8,2,2,,16,,23,8,8,3,3,10,9
E01003177,1603,203,12.6637554585153,100,6.23830318153462,669,25,46,17,63,45,33,141,10365,4,direct_2011_lsoa_code,1,Lambeth 020D,4,4,1,1,3,3,,15,,27,3,3,2,2,,12
E01003178,1500,174,11.6,116,7.73333333333333,650,37,66,19,85,20,9,114,12993,4,direct_2011_lsoa_code,1,Lambeth 020E,7,7,9,9,8,8,,16,,28,4,4,4,4,,13
E01003179,1622,387,23.8594327990136,101,6.2268803945746,637,42,59,15,74,119,34,227,7576,3,direct_2011_lsoa_code,1,Lambeth 024E,1,1,6,6,7,7,,14,,29,7,7,1,1,,14
E01003180,1600,227,14.1875,146,9.125,654,38,60,18,78,38,23,139,12452,4,direct_2011_lsoa_code,1,Lambeth 005D,3,3,6,6,4,4,10,10,,20,2,2,3,3,,14
E01003181,1521,192,12.6232741617357,166,10.913872452334,697,61,36,17,53,59,23,135,5124,2,direct_2011_lsoa_code,1,Lambeth 007A,2,2,15,12,7,7,15,12,,21,2,2,2,2,10,9
E01003182,1787,293,16.3961947397874,157,8.78567431449357,743,49,63,22,85,81,37,203,9827,3,direct_2011_lsoa_code,1,Lambeth 009D,6,6,12,12,5,5,15,15,,23,11,11,7,7,,22
E01003183,1602,231,14.4194756554307,195,12.1722846441948,681,56,47,13,60,77,22,159,8600,3,direct_2011_lsoa_code,1,Lambeth 005E,6,6,7,7,2,2,11,11,,23,6,6,3,3,9,9
E01003184,1424,273,19.1713483146067,97,6.81179775280899,599,32,47,21,68,95,17,180,6491,2,direct_2011_lsoa_code,1,Lambeth 007B,5,5,15,14,3,3,,14,,23,6,6,1,1,14,12
E01003185,1930,232,12.020725388601,110,5.69948186528497,794,63,47,11,58,74,30,162,9547,3,direct_2011_lsoa_code,1,Lambeth 007C,5,5,,14,6,6,,15,,23,7,7,3,3,14,12
E01003186,2440,259,10.6147540983607,147,6.02459016393443,1191,52,63,16,79,78,15,172,14548,5,direct_2011_lsoa_code,1,Lambeth 007D,1,1,10,10,2,2,14,14,,25,11,11,5,5,13,13
E01003187,2316,413,17.832469775475,146,6.30397236614853,990,51,89,29,118,86,28,232,5622,2,direct_2011_lsoa_code,1,Lambeth 007E,4,4,10,10,2,2,15,15,,22,2,2,3,3,,16
E01003188,1268,164,12.9337539432177,117,9.22712933753943,552,49,29,15,44,57,22,123,4753,2,direct_2011_lsoa_code,1,Lambeth 009E,8,8,,18,8,8,,16,,21,10,10,3,3,,17
E01003189,1763,434,24.6171298922292,144,8.1678956324447,652,57,84,20,104,80,53,237,3400,2,direct_2011_lsoa_code,1,Lewisham 034A,3,3,8,8,7,7,,18,,29,,18,2,2,,
E01003190,2316,597,25.7772020725389,145,6.26079447322971,950,58,103,34,137,198,47,382,5993,2,direct_2011_lsoa_code,1,Lewisham 034B,3,3,10,10,11,11,,23,,,,17,6,6,,
E01003191,1663,371,22.3090799759471,158,9.5009019843656,701,69,83,26,109,99,28,236,5923,2,direct_2011_lsoa_code,1,Lewisham 034C,9,9,3,3,5,5,,19,,,,19,2,2,,
E01003192,1787,390,21.8242865137101,145,8.11415780637941,743,63,69,36,105,104,45,254,2371,1,direct_2011_lsoa_code,1,Lewisham 034D,7,7,,23,5,5,,21,,28,,21,7,7,,
E01003193,1797,411,22.8714524207012,236,13.132999443517,684,72,128,32,160,67,28,255,7450,3,direct_2011_lsoa_code,1,Lewisham 029A,10,10,2,2,12,12,,18,,,,16,2,2,,
E01003194,1767,352,19.9207696661007,253,14.3180531975099,725,87,79,15,94,88,44,226,6054,2,direct_2011_lsoa_code,1,Lewisham 029B,8,8,8,8,,18,10,10,,22,8,8,3,3,,
E01003195,1486,287,19.3135935397039,171,11.507402422611,623,66,90,34,124,58,18,200,13849,5,direct_2011_lsoa_code,1,Lewisham 029C,6,6,14,14,4,4,12,12,,29,10,10,4,4,,
E01003196,1765,411,23.28611898017,179,10.1416430594901,672,74,81,17,98,81,49,228,3631,2,direct_2011_lsoa_code,1,Lewisham 029D,7,7,3,3,5,5,15,14,,21,,14,1,1,,
E01003197,1658,339,20.4463208685163,182,10.9770808202654,652,66,58,21,79,90,39,208,3348,2,direct_2011_lsoa_code,1,Lewisham 029E,7,7,9,9,5,5,,20,,,,20,5,5,,
E01003198,1493,278,18.6202277294039,207,13.8647019423979,643,66,105,15,120,51,20,191,15575,5,direct_2011_lsoa_code,1,Lewisham 009A,7,7,,18,,18,10,10,5,5,11,11,3,3,,
E01003199,1969,341,17.3184357541899,185,9.39563230066023,902,65,132,27,159,52,15,226,20519,7,direct_2011_lsoa_code,1,Lewisham 007A,2,2,14,14,,15,4,4,,13,11,10,4,4,,
E01003200,1475,212,14.3728813559322,185,12.5423728813559,691,59,84,29,113,22,16,151,22667,7,direct_2011_lsoa_code,1,Lewisham 009B,4,4,,18,1,1,9,9,,16,7,7,5,5,,
E01003201,1680,253,15.0595238095238,185,11.0119047619048,687,47,81,22,103,55,16,174,8912,3,direct_2011_lsoa_code,1,Lewisham 007B,11,11,7,7,7,7,,16,,23,5,5,2,2,,
E01003202,1559,231,14.8171905067351,300,19.2431045542014,747,115,99,16,115,30,15,160,25548,8,direct_2011_lsoa_code,1,Lewisham 009C,6,6,12,12,12,12,9,9,8,8,6,6,5,5,,
E01003203,1966,361,18.3621566632757,157,7.98575788402848,968,72,84,40,124,88,27,239,10983,4,direct_2011_lsoa_code,1,Lewisham 009D,5,5,13,13,10,10,15,15,13,13,5,5,4,4,,
E01003204,1613,296,18.3508989460632,122,7.56354618722877,735,51,56,24,80,91,9,180,13701,5,direct_2011_lsoa_code,1,Lewisham 007C,14,14,13,13,7,7,15,19,,25,11,11,2,2,,
E01003205,1390,276,19.8561151079137,113,8.1294964028777,580,42,63,24,87,72,21,180,5441,2,direct_2011_lsoa_code,1,Lewisham 007D,7,7,11,11,12,12,11,11,,25,8,8,4,4,,
E01003206,1413,225,15.9235668789809,171,12.1019108280255,636,33,87,16,103,32,14,149,19655,6,direct_2011_lsoa_code,1,Lewisham 007E,14,14,14,14,13,13,,19,,24,11,11,7,7,,
E01003207,2330,374,16.0515021459227,207,8.88412017167382,998,72,72,23,95,99,31,225,5288,2,direct_2011_lsoa_code,1,Lewisham 005A,4,4,5,5,6,6,4,4,,29,4,4,5,5,,29
E01003209,1897,312,16.4470216130733,114,6.00948866631523,724,39,60,24,84,98,24,206,10315,4,direct_2011_lsoa_code,1,Lewisham 005B,10,10,15,14,7,7,14,14,,29,8,8,2,2,,
E01003210,1773,304,17.1460800902425,104,5.86576424139876,805,35,91,23,114,48,30,192,12574,4,direct_2011_lsoa_code,1,Lewisham 005C,7,7,14,14,4,4,13,13,,28,5,5,4,4,,
E01003211,1556,225,14.4601542416452,83,5.33419023136247,702,30,67,27,94,43,21,158,11780,4,direct_2011_lsoa_code,1,Lewisham 008B,7,7,14,11,5,5,8,8,,24,8,7,3,3,,
E01003212,2011,327,16.2605668821482,202,10.0447538538041,825,79,88,32,120,54,28,202,12114,4,direct_2011_lsoa_code,1,Lewisham 005D,6,6,10,10,7,7,,18,,29,9,9,2,2,,
E01003213,1963,368,18.7468160978095,120,6.11309220580744,792,46,114,34,148,66,15,229,13684,5,direct_2011_lsoa_code,1,Lewisham 008C,12,12,9,9,10,10,,18,,28,10,10,3,3,,
E01003214,1780,308,17.3033707865169,120,6.74157303370787,764,43,84,23,107,76,17,200,10004,4,direct_2011_lsoa_code,1,Lewisham 008D,8,8,5,5,12,12,14,14,,28,5,5,1,1,,
E01003215,1893,237,12.5198098256735,98,5.1769677760169,638,39,51,16,67,49,35,151,10868,4,direct_2011_lsoa_code,1,Lewisham 005E,6,6,13,13,10,10,13,13,,,6,6,2,2,,
E01003216,1673,311,18.5893604303646,190,11.3568439928273,617,25,92,23,115,52,31,198,12238,4,direct_2011_lsoa_code,1,Lewisham 025A,4,4,6,6,3,3,11,11,,21,,17,6,6,,
E01003217,1930,404,20.9326424870466,191,9.89637305699482,655,55,126,28,154,44,51,249,13562,5,direct_2011_lsoa_code,1,Lewisham 022A,8,8,7,7,11,11,12,12,,23,,17,5,5,,
E01003218,1552,321,20.6829896907216,185,11.9201030927835,549,47,118,26,144,43,27,214,18170,6,direct_2011_lsoa_code,1,Lewisham 022B,6,6,,12,11,11,,17,,26,,19,2,2,,
E01003219,1722,328,19.0476190476191,270,15.6794425087108,661,112,112,18,130,47,26,203,15835,5,direct_2011_lsoa_code,1,Lewisham 025B,9,9,11,11,15,15,,16,,28,,21,8,8,,
E01003220,1668,292,17.5059952038369,238,14.2685851318945,598,46,87,19,106,46,36,188,10734,4,direct_2011_lsoa_code,1,Lewisham 022C,4,4,15,11,9,9,,15,,21,,19,2,2,,
E01003221,2160,469,21.712962962963,270,12.5,764,50,104,53,157,68,54,279,7242,3,direct_2011_lsoa_code,1,Lewisham 025C,11,11,11,10,11,11,,13,,15,,12,3,3,,
E01003222,1570,285,18.1528662420382,187,11.9108280254777,618,50,100,13,113,52,29,194,12694,4,direct_2011_lsoa_code,1,Lewisham 022D,10,10,,16,6,6,,21,,23,,22,6,6,,
E01003223,1659,244,14.7076552139843,304,18.3242917420133,596,51,84,12,96,31,30,157,17192,6,direct_2011_lsoa_code,1,Lewisham 025D,11,11,10,10,13,13,,15,,21,,15,7,7,,
E01003224,1734,364,20.9919261822376,203,11.7070357554787,640,47,122,34,156,52,36,244,12703,4,direct_2011_lsoa_code,1,Lewisham 022E,9,9,8,8,12,12,7,7,,25,,19,5,5,,
E01003225,1598,371,23.2165206508135,174,10.8886107634543,586,48,158,36,194,25,21,240,25222,8,direct_2011_lsoa_code,1,Lewisham 015A,4,4,13,13,5,5,,20,,22,13,13,1,1,,
E01003226,1838,372,20.2393906420022,167,9.08596300326442,705,38,119,46,165,40,30,235,17209,6,direct_2011_lsoa_code,1,Lewisham 019A,11,11,11,11,14,13,,20,,29,10,10,3,3,,
E01003227,1639,322,19.6461256863941,187,11.4093959731544,658,63,137,40,177,24,13,214,19214,6,direct_2011_lsoa_code,1,Lewisham 019B,7,7,14,14,5,5,,18,,,14,13,5,5,,
E01003228,1579,315,19.9493350221659,131,8.29639012032932,667,44,129,32,161,38,12,211,16022,5,direct_2011_lsoa_code,1,Lewisham 019C,9,9,12,12,6,6,12,12,,29,,12,3,3,,
E01003229,1687,332,19.6799051570836,183,10.8476585655009,781,75,71,29,100,101,21,222,6878,3,direct_2011_lsoa_code,1,Lewisham 019D,3,3,6,6,0,0,8,8,,24,,14,4,4,,
E01003230,1995,405,20.3007518796993,173,8.67167919799499,870,55,107,51,158,98,25,281,12776,4,direct_2011_lsoa_code,1,Lewisham 019E,4,4,9,9,9,9,10,10,,23,14,14,5,5,,
E01003231,1552,277,17.8479381443299,131,8.44072164948454,647,53,85,36,121,47,19,187,11609,4,direct_2011_lsoa_code,1,Lewisham 015B,4,4,8,8,6,6,6,6,,26,6,6,4,4,,
E01003232,1704,360,21.1267605633803,201,11.7957746478873,622,58,137,39,176,23,30,229,21837,7,direct_2011_lsoa_code,1,Lewisham 015C,9,9,2,2,6,6,12,12,,25,2,2,2,2,,
E01003233,1837,343,18.6717474142624,180,9.79858464888405,666,49,125,31,156,65,34,255,17613,6,direct_2011_lsoa_code,1,Lewisham 015D,10,10,6,6,7,7,,17,,22,6,6,0,0,,
E01003235,1421,303,21.3230119634061,176,12.3856439127375,524,42,80,22,102,45,32,179,8806,3,direct_2011_lsoa_code,1,Lewisham 038A,,22,7,7,11,11,,21,,,7,7,7,7,,
E01003236,1685,371,22.0178041543027,179,10.6231454005935,651,52,94,27,121,91,38,250,5272,2,direct_2011_lsoa_code,1,Lewisham 037A,5,5,12,12,15,15,9,9,15,12,11,11,4,4,,
E01003237,1688,400,23.696682464455,149,8.82701421800948,614,48,109,28,137,76,28,241,7764,3,direct_2011_lsoa_code,1,Lewisham 037B,3,3,5,5,14,14,6,6,,16,6,6,3,3,,
E01003238,1477,378,25.5924170616114,126,8.53080568720379,566,39,96,26,122,99,24,245,5339,2,direct_2011_lsoa_code,1,Lewisham 037C,5,5,8,8,7,7,7,7,,16,5,5,3,3,,
E01003239,1613,421,26.1004339739616,133,8.24550526968382,576,42,95,25,120,89,39,248,6092,2,direct_2011_lsoa_code,1,Lewisham 037D,7,7,13,13,4,4,11,11,,25,13,12,1,1,,
E01003240,1996,455,22.7955911823647,209,10.4709418837675,715,61,104,36,140,99,54,293,6899,3,direct_2011_lsoa_code,1,Lewisham 038B,6,6,9,9,4,4,14,14,,24,8,8,2,2,,
E01003241,1591,236,14.833438089252,374,23.507228158391,696,165,74,17,91,42,34,167,6627,3,direct_2011_lsoa_code,1,Lewisham 038C,5,5,13,13,6,6,12,12,,22,12,12,1,1,,
E01003243,1508,320,21.2201591511936,166,11.0079575596817,589,70,75,22,97,76,30,203,5046,2,direct_2011_lsoa_code,1,Lewisham 038D,13,13,6,6,5,5,,16,,27,6,6,5,5,,
E01003244,1902,449,23.6067297581493,78,4.10094637223975,730,27,90,29,119,118,27,264,8412,3,direct_2011_lsoa_code,1,Lewisham 001A,6,6,9,9,4,4,4,4,,,3,3,1,1,,19
E01003245,1990,430,21.608040201005,102,5.12562814070352,637,27,116,20,136,115,35,286,5786,2,direct_2011_lsoa_code,1,Lewisham 001B,7,7,11,11,5,5,,22,,,9,9,6,6,,17
E01003246,2411,421,17.4616341766902,109,4.52094566569888,1017,27,66,25,91,118,32,241,3988,2,direct_2011_lsoa_code,1,Lewisham 002A,9,9,,19,5,5,9,9,,,8,8,7,7,,22
E01003247,2103,227,10.794103661436,126,5.99144079885877,874,36,61,18,79,35,34,148,16096,5,direct_2011_lsoa_code,1,Lewisham 001C,,,,,,,,,,,,,,,,
E01003248,1642,330,20.0974421437272,85,5.17661388550548,681,29,49,27,76,103,31,210,7672,3,direct_2011_lsoa_code,1,Lewisham 002B,5,5,8,8,3,3,10,10,,,9,9,3,3,,17
E01003249,2057,308,14.9732620320856,147,7.14632960622265,855,50,88,20,108,87,32,227,11039,4,direct_2011_lsoa_code,1,Lewisham 001D,9,9,11,11,2,2,5,5,,,4,4,3,3,,22
E01003251,1734,407,23.4717416378316,112,6.45905420991926,642,36,70,19,89,122,28,239,8929,3,direct_2011_lsoa_code,1,Lewisham 002C,8,8,14,14,4,4,7,7,,,4,4,3,3,,23
E01003252,1578,385,24.3979721166033,131,8.30164765525982,606,50,51,18,69,111,41,221,4413,2,direct_2011_lsoa_code,1,Lewisham 002D,5,5,,15,2,2,2,2,,,3,3,3,3,,21
E01003253,1422,228,16.0337552742616,145,10.196905766526,651,62,53,17,70,57,20,147,5562,2,direct_2011_lsoa_code,1,Lewisham 002E,3,3,8,8,4,4,6,6,,,7,6,1,1,,21
E01003254,1436,297,20.6824512534819,233,16.2256267409471,604,69,95,26,121,41,20,182,21913,7,direct_2011_lsoa_code,1,Lewisham 021A,3,3,13,13,4,4,,21,,,,19,6,6,,
E01003255,1990,295,14.8241206030151,114,5.7286432160804,984,51,86,45,131,77,13,221,16542,6,direct_2011_lsoa_code,1,Lewisham 021B,8,8,6,6,10,10,,12,,25,,10,0,0,,
E01003256,2132,464,21.7636022514071,207,9.70919324577861,934,73,127,31,158,97,22,277,7863,3,direct_2011_lsoa_code,1,Lewisham 028A,2,2,11,11,5,5,11,10,,29,9,8,1,1,,
E01003257,1603,332,20.7111665626949,225,14.0361821584529,632,53,98,29,127,59,20,206,12841,4,direct_2011_lsoa_code,1,Lewisham 028B,11,11,,16,8,8,,17,,28,,17,5,5,,
E01003258,1547,349,22.5597931480284,123,7.95087265675501,591,29,63,20,83,115,27,225,7446,3,direct_2011_lsoa_code,1,Lewisham 028C,9,9,,17,8,8,12,12,,19,13,13,2,2,,
E01003259,1754,381,21.7217787913341,163,9.29304446978335,757,53,120,38,158,65,28,251,13495,5,direct_2011_lsoa_code,1,Lewisham 028D,4,4,,16,5,5,8,8,,25,6,6,2,2,,
E01003260,1663,344,20.6855081178593,192,11.5453998797354,635,41,139,28,167,38,21,226,19513,6,direct_2011_lsoa_code,1,Lewisham 021C,6,6,,25,8,8,,17,,,,16,6,6,,
E01003261,1529,290,18.9666448659254,154,10.0719424460432,607,52,110,21,131,43,12,186,18301,6,direct_2011_lsoa_code,1,Lewisham 021D,7,7,,21,13,13,,21,,,,20,4,4,,
E01003262,1525,288,18.8852459016393,112,7.34426229508197,661,46,88,32,120,54,14,188,15134,5,direct_2011_lsoa_code,1,Lewisham 021E,11,11,14,14,8,8,,20,,,,20,4,4,,
E01003263,1800,392,21.7777777777778,214,11.8888888888889,741,71,106,31,137,96,36,269,8997,3,direct_2011_lsoa_code,1,Lewisham 023A,7,7,,12,6,6,9,9,2,2,,10,0,0,,
E01003264,1645,280,17.0212765957447,255,15.5015197568389,720,135,78,27,105,62,35,202,9917,4,direct_2011_lsoa_code,1,Lewisham 031A,13,13,5,5,8,8,9,9,13,12,6,6,2,2,,
E01003265,1646,375,22.7825030376671,121,7.35115431348724,665,44,79,29,108,98,34,240,8272,3,direct_2011_lsoa_code,1,Lewisham 031B,,18,11,11,6,6,8,8,,17,10,10,5,5,,
E01003266,1717,338,19.6854979615609,235,13.6866627839255,732,96,82,29,111,80,34,225,4473,2,direct_2011_lsoa_code,1,Lewisham 031C,5,5,7,7,,16,,15,,17,7,7,4,4,,
E01003267,1757,361,20.5463858850313,199,11.3261240751281,609,70,105,21,126,69,33,228,5847,2,direct_2011_lsoa_code,1,Lewisham 031D,7,7,13,12,11,11,15,15,,18,14,12,2,2,,
E01003268,1853,397,21.4247166756611,213,11.4948731786293,766,74,113,28,141,83,17,241,12132,4,direct_2011_lsoa_code,1,Lewisham 023B,7,7,,15,9,9,,17,,15,6,6,5,5,,
E01003269,1602,326,20.3495630461923,226,14.1073657927591,639,54,88,30,118,59,23,200,9214,3,direct_2011_lsoa_code,1,Lewisham 023C,12,12,13,13,,18,,18,,19,13,13,4,4,,
E01003270,1645,273,16.5957446808511,221,13.4346504559271,655,54,87,31,118,38,27,183,22714,7,direct_2011_lsoa_code,1,Lewisham 023D,11,11,,19,2,2,,20,,15,8,8,6,6,,
E01003271,1625,304,18.7076923076923,335,20.6153846153846,621,73,114,20,134,32,31,197,26075,8,direct_2011_lsoa_code,1,Lewisham 023E,12,12,,19,10,10,,20,14,14,,19,5,5,,
E01003272,1995,341,17.0927318295739,167,8.37092731829574,791,36,118,31,149,48,22,219,15368,5,direct_2011_lsoa_code,1,Lewisham 014A,7,7,2,2,11,11,13,13,,26,1,1,1,1,,
E01003273,1506,264,17.5298804780877,180,11.9521912350598,580,46,87,26,113,44,24,181,16925,6,direct_2011_lsoa_code,1,Lewisham 011A,10,10,15,15,8,8,12,12,,21,13,13,2,2,,
E01003274,1590,307,19.3081761006289,144,9.05660377358491,662,43,95,33,128,63,19,210,16957,6,direct_2011_lsoa_code,1,Lewisham 014B,9,9,13,10,5,5,6,6,12,12,4,4,2,2,,
E01003275,1698,330,19.434628975265,254,14.9587750294464,621,62,77,27,104,55,41,200,7727,3,direct_2011_lsoa_code,1,Lewisham 014C,2,2,,15,5,5,13,13,,17,11,11,3,3,,
E01003276,1906,447,23.4522560335782,171,8.97166841552991,663,30,146,37,183,51,35,269,13770,5,direct_2011_lsoa_code,1,Lewisham 014D,9,9,9,9,12,12,10,10,,21,10,10,3,3,,
E01003277,1674,234,13.9784946236559,132,7.88530465949821,758,43,87,18,105,47,12,164,12566,4,direct_2011_lsoa_code,1,Lewisham 011B,10,10,14,14,9,9,9,9,,21,9,9,1,1,,
E01003278,2085,353,16.9304556354916,138,6.61870503597122,883,51,95,24,119,75,35,229,10084,4,direct_2011_lsoa_code,1,Lewisham 011C,11,11,9,9,9,9,3,3,,24,3,3,2,2,,
E01003279,1531,290,18.9418680600914,215,14.0431090790333,602,65,90,29,119,39,26,184,17690,6,direct_2011_lsoa_code,1,Lewisham 011D,10,10,13,12,11,11,12,12,14,14,12,11,5,5,,
E01003280,1646,390,23.6938031591738,191,11.6038882138518,625,58,125,16,141,75,35,251,9617,3,direct_2011_lsoa_code,1,Lewisham 016A,14,14,8,8,15,15,,18,,23,8,8,5,5,,
E01003281,1498,334,22.2963951935915,201,13.4178905206943,584,59,139,27,166,38,18,222,16775,6,direct_2011_lsoa_code,1,Lewisham 016B,8,8,10,10,13,13,15,15,,22,8,8,5,5,,
E01003282,2414,363,15.0372825186413,212,8.7821043910522,1020,88,122,35,157,56,32,245,11731,4,direct_2011_lsoa_code,1,Lewisham 013A,4,4,9,9,4,4,10,10,,19,7,7,6,6,,
E01003283,2126,466,21.9190968955786,246,11.5710253998119,869,79,209,43,252,35,16,303,22979,7,direct_2011_lsoa_code,1,Lewisham 013B,6,6,6,6,1,1,12,12,,21,6,6,5,5,,
E01003284,1877,394,20.9909429941396,185,9.85615343633458,757,52,133,34,167,60,32,259,14973,5,direct_2011_lsoa_code,1,Lewisham 013C,9,9,12,12,3,3,,15,,26,6,6,0,0,,
E01003285,1752,368,21.0045662100457,186,10.6164383561644,752,85,129,25,154,61,28,243,20277,7,direct_2011_lsoa_code,1,Lewisham 016C,6,6,10,10,7,7,9,9,,21,8,8,6,6,,
E01003286,1735,359,20.6916426512968,236,13.6023054755043,770,95,131,28,159,98,19,276,7935,3,direct_2011_lsoa_code,1,Lewisham 013D,9,9,12,12,1,1,8,8,,22,13,13,3,3,,
E01003287,1969,477,24.2254951752159,220,11.1731843575419,762,62,205,40,245,44,20,309,21549,7,direct_2011_lsoa_code,1,Lewisham 016D,3,3,12,12,9,9,8,8,,23,10,10,3,3,,
E01003288,2156,360,16.6975881261596,281,13.0333951762523,946,122,77,26,103,91,46,240,7648,3,direct_2011_lsoa_code,1,Lewisham 041A,13,13,5,5,12,12,10,10,,19,6,6,4,4,,
E01003290,1909,322,16.8674698795181,135,7.0717653221582,815,56,70,22,92,87,36,215,2875,1,direct_2011_lsoa_code,1,Lewisham 041E,9,9,6,6,11,11,9,9,,19,7,7,5,5,,
E01003291,1544,313,20.2720207253886,148,9.58549222797927,651,68,58,20,78,104,27,209,3061,1,direct_2011_lsoa_code,1,Lewisham 041D,4,4,9,9,4,4,11,11,5,5,4,4,2,2,,
E01003292,1787,343,19.194180190263,158,8.84163402350308,734,45,94,33,127,69,32,228,13870,5,direct_2011_lsoa_code,1,Lewisham 017A,1,1,7,7,14,14,8,8,,25,6,6,6,6,,
E01003293,1568,308,19.6428571428571,114,7.27040816326531,637,40,55,26,81,61,36,178,9001,3,direct_2011_lsoa_code,1,Lewisham 017B,9,9,3,3,9,9,6,6,14,14,4,4,2,2,,
E01003295,1787,357,19.9776161163962,198,11.0800223838836,726,26,98,25,123,72,19,214,8362,3,direct_2011_lsoa_code,1,Lewisham 017D,10,10,10,10,13,13,7,7,,24,8,8,3,3,,
E01003297,1704,301,17.6643192488263,91,5.34037558685446,787,23,75,35,110,53,8,171,8320,3,direct_2011_lsoa_code,1,Lewisham 003A,10,10,,15,2,2,,29,,,,21,6,6,,29
E01003298,1281,245,19.1256830601093,111,8.66510538641686,472,28,38,13,51,85,28,164,7030,3,direct_2011_lsoa_code,1,Lewisham 039A,4,4,,17,6,6,,17,,,14,14,3,3,,21
E01003299,1790,262,14.6368715083799,113,6.31284916201117,701,30,54,32,86,71,21,178,6679,3,direct_2011_lsoa_code,1,Lewisham 003B,7,7,10,10,4,4,,18,,,7,7,3,3,,29
E01003300,1491,301,20.1877934272301,132,8.85311871227364,600,35,43,21,64,75,43,182,6321,2,direct_2011_lsoa_code,1,Lewisham 039B,4,4,,15,5,5,11,11,,,9,9,2,2,,23
E01003301,2631,412,15.6594450779171,125,4.75104522995059,935,29,90,19,109,69,57,235,10338,4,direct_2011_lsoa_code,1,Lewisham 003C,8,8,,18,9,9,,18,,,14,14,5,5,,25
E01003302,1868,372,19.9143468950749,137,7.33404710920771,801,60,62,22,84,108,43,235,7226,3,direct_2011_lsoa_code,1,Lewisham 003D,9,9,13,13,9,9,,23,,,,16,8,8,,
E01003303,1720,258,15,149,8.66279069767442,646,41,49,15,64,72,33,169,4228,2,direct_2011_lsoa_code,1,Lewisham 039C,5,5,13,11,1,1,14,11,,,6,6,3,3,,24
E01003304,2244,330,14.7058823529412,111,4.94652406417112,1081,38,77,17,94,83,32,209,5552,2,direct_2011_lsoa_code,1,Lewisham 039D,4,4,2,2,2,2,7,7,,,6,6,5,5,,29
E01003305,2294,540,23.539668700959,128,5.57977332170881,790,43,92,39,131,101,45,277,3393,2,direct_2011_lsoa_code,1,Lewisham 003E,7,7,12,12,3,3,,19,,,11,11,5,5,,
E01003307,1598,307,19.2115143929912,178,11.1389236545682,650,56,117,30,147,46,15,208,14975,5,direct_2011_lsoa_code,1,Lewisham 024A,6,6,5,5,10,10,11,11,,28,,18,5,5,,
E01003308,1789,356,19.8993851313583,174,9.7261039686976,708,56,116,32,148,68,25,241,11739,4,direct_2011_lsoa_code,1,Lewisham 024B,8,8,9,9,,18,4,4,,23,3,3,3,3,,
E01003309,1618,366,22.6205191594561,160,9.88875154511743,654,78,76,27,103,93,24,220,7032,3,direct_2011_lsoa_code,1,Lewisham 027A,6,6,7,7,9,9,,18,,,,19,4,4,,
E01003310,1591,251,15.7762413576367,110,6.91389063482087,732,50,68,32,100,58,13,171,8220,3,direct_2011_lsoa_code,1,Lewisham 027B,3,3,3,3,2,2,,13,,26,,16,2,2,,
E01003311,1597,356,22.2917971195993,258,16.1552911709455,593,47,122,23,145,29,30,204,16689,6,direct_2011_lsoa_code,1,Lewisham 027C,4,4,6,6,12,12,12,12,,28,13,13,4,4,,
E01003312,1758,360,20.4778156996587,254,14.448236632537,774,116,110,32,142,58,28,228,16478,6,direct_2011_lsoa_code,1,Lewisham 027D,6,6,7,7,,20,,20,,,,19,3,3,,
E01003313,1572,392,24.9363867684478,105,6.6793893129771,624,33,79,36,115,103,31,249,5772,2,direct_2011_lsoa_code,1,Lewisham 027E,9,9,14,14,3,3,,23,,,,18,5,5,,
E01003314,1645,408,24.8024316109423,127,7.72036474164134,660,41,137,37,174,70,24,268,16906,6,direct_2011_lsoa_code,1,Lewisham 024C,4,4,11,11,13,13,8,8,,23,8,8,5,5,,
E01003315,1303,220,16.8841135840368,115,8.82578664620107,592,40,61,23,84,55,13,152,9376,3,direct_2011_lsoa_code,1,Lewisham 024D,5,5,7,7,8,8,13,13,,26,,19,3,3,,
E01003316,1476,278,18.8346883468835,156,10.5691056910569,575,43,100,36,136,33,17,186,16797,6,direct_2011_lsoa_code,1,Lewisham 024E,9,9,7,7,9,9,5,5,,23,15,15,3,3,,
E01003318,2076,398,19.1714836223507,167,8.04431599229287,775,31,85,25,110,112,42,264,2640,1,direct_2011_lsoa_code,1,Lewisham 020B,,19,14,14,,23,,22,,20,14,14,8,8,,
E01003319,1792,349,19.4754464285714,199,11.1049107142857,750,81,65,26,91,93,38,222,7432,3,direct_2011_lsoa_code,1,Lewisham 018A,11,11,6,6,13,13,11,11,,16,9,9,3,3,,
E01003320,1586,301,18.9785624211854,117,7.37704918032787,620,42,65,19,84,78,34,196,5862,2,direct_2011_lsoa_code,1,Lewisham 018B,12,12,1,1,5,5,0,0,,21,13,13,0,0,,
E01003321,1746,323,18.4994272623139,156,8.93470790378007,760,53,71,35,106,79,29,214,7006,3,direct_2011_lsoa_code,1,Lewisham 020C,4,4,3,3,13,13,10,10,,15,8,8,1,1,,
E01003322,1634,288,17.625458996328,150,9.17992656058751,608,46,71,27,98,44,59,201,11144,4,direct_2011_lsoa_code,1,Lewisham 020D,5,5,10,10,12,12,,14,7,7,7,7,4,4,,
E01003323,1507,261,17.3191771731918,148,9.82083609820836,622,50,64,19,83,64,31,178,6210,2,direct_2011_lsoa_code,1,Lewisham 018C,13,13,9,9,9,9,10,10,,14,9,9,8,8,,
E01003324,1685,402,23.8575667655786,138,8.18991097922849,723,58,93,25,118,118,25,261,5192,2,direct_2011_lsoa_code,1,Lewisham 020E,7,7,4,4,,16,,17,13,10,5,5,3,3,,
E01003325,1817,402,22.1243808475509,182,10.0165107319758,787,77,65,32,97,144,41,282,5420,2,direct_2011_lsoa_code,1,Lewisham 018D,11,11,4,4,9,9,12,12,15,12,7,7,4,4,,
E01003326,1814,442,24.3660418963616,245,13.5060639470783,697,86,94,22,116,73,45,234,8566,3,direct_2011_lsoa_code,1,Lewisham 035A,4,4,0,0,7,7,,17,,27,7,7,1,1,,
E01003327,1629,295,18.109269490485,205,12.5844076120319,690,66,101,32,133,48,17,198,17542,6,direct_2011_lsoa_code,1,Lewisham 035B,10,8,1,1,11,11,,16,,27,2,2,2,2,,
E01003328,1774,288,16.2344983089064,237,13.3596392333709,827,103,76,29,105,79,23,207,9994,4,direct_2011_lsoa_code,1,Lewisham 035C,12,12,9,9,8,8,14,11,,26,5,5,0,0,,
E01003329,1639,346,21.1104331909701,168,10.2501525320317,657,57,117,30,147,70,23,240,15104,5,direct_2011_lsoa_code,1,Lewisham 033A,10,10,,15,9,9,6,6,,27,6,6,5,5,,
E01003330,1590,401,25.2201257861635,184,11.5723270440252,667,74,101,24,125,117,19,261,6223,2,direct_2011_lsoa_code,1,Lewisham 033B,14,14,,19,14,14,,17,,19,,18,6,6,,
E01003331,1520,285,18.75,289,19.0131578947368,587,91,78,26,104,54,19,177,9668,3,direct_2011_lsoa_code,1,Lewisham 033C,2,2,12,12,5,5,9,9,,24,8,8,1,1,,
E01003332,1592,319,20.0376884422111,184,11.5577889447236,708,81,94,23,117,59,25,201,9292,3,direct_2011_lsoa_code,1,Lewisham 033D,7,7,,16,6,6,13,13,,23,13,13,4,4,,
E01003333,1536,293,19.0755208333333,167,10.8723958333333,632,48,95,28,123,60,26,209,10875,4,direct_2011_lsoa_code,1,Lewisham 035D,3,3,5,5,3,3,,20,,29,13,10,2,2,,
E01003334,1786,320,17.9171332586786,168,9.40649496080627,792,73,62,23,85,80,38,203,8598,3,direct_2011_lsoa_code,1,Lewisham 033E,,13,5,5,8,8,,16,,28,6,6,5,5,,
E01003335,1514,330,21.7965653896962,172,11.3606340819022,619,49,70,23,93,99,24,216,6377,2,direct_2011_lsoa_code,1,Lewisham 035E,7,7,6,6,10,10,,23,,,12,12,5,5,,
E01003336,1529,349,22.8253760627861,131,8.56769130150425,580,50,69,30,99,85,26,210,6255,2,direct_2011_lsoa_code,1,Lewisham 010A,4,4,4,4,8,8,6,6,,,6,6,0,0,,
E01003337,1430,340,23.7762237762238,118,8.25174825174825,566,33,49,24,73,103,39,215,6555,2,direct_2011_lsoa_code,1,Lewisham 010B,6,6,4,4,11,11,4,4,,29,4,4,2,2,,
E01003338,2027,372,18.352244696596,170,8.38677849037987,843,64,62,20,82,109,50,241,6016,2,direct_2011_lsoa_code,1,Lewisham 006A,4,4,10,9,5,5,,17,,,9,9,3,3,,28
E01003339,1691,276,16.3217031342401,137,8.10171496156121,678,41,74,21,95,53,30,178,9904,4,direct_2011_lsoa_code,1,Lewisham 006B,7,7,,15,9,9,,14,,,6,6,3,3,,
E01003340,2069,228,11.0198163363944,126,6.08989850169164,762,31,73,17,90,32,27,149,15279,5,direct_2011_lsoa_code,1,Lewisham 006C,5,5,11,11,10,10,,19,,,9,9,3,3,,
E01003341,1383,207,14.9674620390456,152,10.9906001446132,565,32,64,28,92,29,19,140,13761,5,direct_2011_lsoa_code,1,Lewisham 006D,5,5,,15,2,2,,17,,,12,12,5,5,,
E01003342,1696,323,19.0448113207547,95,5.60141509433962,696,28,89,53,142,56,21,219,14816,5,direct_2011_lsoa_code,1,Lewisham 010C,6,6,11,10,6,6,15,13,,,15,13,2,2,,
E01003343,1451,244,16.815988973122,144,9.92419021364576,610,39,62,38,100,55,12,167,12904,4,direct_2011_lsoa_code,1,Lewisham 006E,6,6,,19,7,7,,19,,,15,14,6,6,,
E01003344,1674,275,16.4277180406213,144,8.60215053763441,677,39,92,24,116,44,27,187,14722,5,direct_2011_lsoa_code,1,Lewisham 010D,5,5,10,10,6,6,,17,,,,16,0,0,,
E01003345,1960,409,20.8673469387755,117,5.96938775510204,783,28,123,33,156,59,34,249,17292,6,direct_2011_lsoa_code,1,Lewisham 010E,2,2,5,5,7,7,13,13,,,13,13,5,5,,
E01003346,1670,310,18.562874251497,227,13.5928143712575,649,61,72,12,84,75,37,196,6095,2,direct_2011_lsoa_code,1,Lewisham 026A,4,4,,17,10,10,,16,,18,,15,0,0,,
E01003347,1750,507,28.9714285714286,115,6.57142857142857,654,42,75,38,113,178,19,310,3111,1,direct_2011_lsoa_code,1,Lewisham 030A,2,2,,14,,17,,19,,24,,20,1,1,,
E01003348,1785,391,21.9047619047619,202,11.3165266106443,619,69,99,18,117,73,44,234,10341,4,direct_2011_lsoa_code,1,Lewisham 030B,6,6,13,13,4,4,6,6,,25,7,7,5,5,,
E01003349,1545,408,26.4077669902913,99,6.40776699029126,544,37,98,29,127,94,22,243,6581,3,direct_2011_lsoa_code,1,Lewisham 026B,4,4,,16,6,6,12,12,,15,,16,7,7,,
E01003350,1322,270,20.4236006051437,134,10.1361573373676,475,39,54,13,67,62,43,172,6323,2,direct_2011_lsoa_code,1,Lewisham 030C,7,7,,21,4,4,15,15,,,,15,6,6,,
E01003351,1689,427,25.2812314979278,172,10.1835405565423,598,68,81,23,104,83,52,239,5161,2,direct_2011_lsoa_code,1,Lewisham 026C,5,5,15,15,5,5,13,13,,18,13,13,6,6,,
E01003352,2286,553,24.1907261592301,259,11.3298337707787,843,85,125,21,146,141,39,326,7572,3,direct_2011_lsoa_code,1,Lewisham 030D,8,8,8,8,10,10,6,6,,22,6,6,5,5,,
E01003353,1786,376,21.0526315789474,239,13.3818589025756,627,71,121,29,150,41,44,235,13110,4,direct_2011_lsoa_code,1,Lewisham 030E,10,10,13,13,5,5,13,13,,24,13,13,8,8,,
E01003354,2055,485,23.6009732360097,169,8.22384428223844,825,58,86,31,117,108,61,286,12732,4,direct_2011_lsoa_code,1,Lewisham 026D,14,14,,19,5,5,,22,,22,,21,5,5,,
E01003355,1766,248,14.0430351075878,129,7.30464326160815,821,56,116,21,137,21,21,179,26208,8,direct_2011_lsoa_code,1,Merton 009A,6,6,,11,8,8,6,6,,22,6,6,1,1,5,5
E01003356,1835,371,20.2179836512262,184,10.0272479564033,704,63,184,18,202,28,23,253,29487,9,direct_2011_lsoa_code,1,Merton 009B,4,4,15,14,6,6,,15,,21,11,11,2,2,10,10
E01003357,1867,451,24.1564006427424,148,7.9271558650241,724,59,105,30,135,103,25,263,9578,3,direct_2011_lsoa_code,1,Merton 012A,12,12,,18,9,9,,21,,28,,16,7,7,13,13
E01003358,1793,287,16.0066926938093,148,8.25432236475181,793,64,153,13,166,28,15,209,30058,10,direct_2011_lsoa_code,1,Merton 009C,4,4,11,11,13,13,0,0,,25,5,5,5,5,10,10
E01003359,1745,282,16.1604584527221,210,12.0343839541547,797,108,128,17,145,34,15,194,17931,6,direct_2011_lsoa_code,1,Merton 006A,6,6,6,6,5,5,4,4,,23,4,4,4,4,11,11
E01003360,1788,325,18.1767337807606,119,6.65548098434005,746,44,145,29,174,24,20,218,27696,9,direct_2011_lsoa_code,1,Merton 006B,4,4,13,13,5,5,8,8,,26,8,8,4,4,7,7
E01003361,1672,343,20.5143540669856,229,13.6961722488038,616,58,129,23,152,38,31,221,25156,8,direct_2011_lsoa_code,1,Merton 015A,13,13,,16,2,2,,19,,,,15,4,4,,16
E01003362,1382,254,18.3791606367583,269,19.4645441389291,503,60,118,11,129,24,14,167,26874,9,direct_2011_lsoa_code,1,Merton 021A,,20,,23,4,4,14,14,,,,21,5,5,,26
E01003363,1698,373,21.9670200235571,271,15.9599528857479,595,74,159,23,182,22,26,230,29530,9,direct_2011_lsoa_code,1,Merton 021B,10,10,,13,14,11,,23,,25,,13,2,2,,13
E01003364,1813,355,19.580805295091,352,19.415333701048,662,99,157,27,184,11,31,226,28695,9,direct_2011_lsoa_code,1,Merton 021C,14,14,,16,,20,,25,,,,15,7,7,,22
E01003365,1490,295,19.7986577181208,286,19.1946308724832,501,60,113,20,133,7,31,171,28557,9,direct_2011_lsoa_code,1,Merton 021D,9,9,,10,10,8,,20,,24,,10,1,1,,10
E01003366,1738,305,17.5489067894131,214,12.313003452244,647,58,122,17,139,31,40,210,15790,5,direct_2011_lsoa_code,1,Merton 016A,8,8,,22,8,8,12,12,,,,18,7,7,,25
E01003368,1675,278,16.5970149253731,198,11.8208955223881,582,42,95,13,108,24,48,180,17401,6,direct_2011_lsoa_code,1,Merton 008A,,15,,16,12,12,14,14,,25,,16,3,3,,20
E01003369,1640,222,13.5365853658537,128,7.80487804878049,745,48,79,32,111,31,28,170,21838,7,direct_2011_lsoa_code,1,Merton 005B,5,5,15,13,8,8,5,5,11,11,8,8,4,4,8,8
E01003370,1989,303,15.2337858220211,151,7.59175465057818,878,45,101,28,129,51,31,211,20897,7,direct_2011_lsoa_code,1,Merton 005C,2,2,11,9,7,7,0,0,14,13,5,5,1,1,4,4
E01003371,1552,185,11.9201030927835,203,13.0798969072165,630,51,80,14,94,14,21,129,21593,7,direct_2011_lsoa_code,1,Merton 005D,8,8,9,9,6,6,7,7,,21,10,10,8,8,9,9
E01003372,1704,318,18.6619718309859,135,7.92253521126761,642,43,85,18,103,60,44,207,9855,4,direct_2011_lsoa_code,1,Merton 008B,,14,12,12,12,12,13,13,,24,,15,6,6,,18
E01003373,1549,374,24.1446094254358,146,9.42543576500968,545,30,65,17,82,101,45,228,6620,3,direct_2011_lsoa_code,1,Merton 018A,1,1,,18,10,10,9,9,9,9,9,9,3,3,,18
E01003374,1811,384,21.2037548315848,251,13.8597459966869,667,70,106,21,127,74,34,235,7469,3,direct_2011_lsoa_code,1,Merton 022A,3,3,,15,3,3,12,12,10,10,12,12,2,2,,23
E01003375,1775,335,18.8732394366197,323,18.1971830985916,721,139,141,24,165,31,28,224,15124,5,direct_2011_lsoa_code,1,Merton 022B,9,9,,19,6,6,,19,6,6,,18,0,0,,25
E01003376,1573,317,20.1525746980292,191,12.142403051494,589,57,80,15,95,47,46,188,10678,4,direct_2011_lsoa_code,1,Merton 012B,8,8,,20,10,10,,17,,16,5,5,3,3,,18
E01003377,1641,373,22.7300426569165,115,7.00792199878123,548,28,69,27,96,83,47,226,7399,3,direct_2011_lsoa_code,1,Merton 012C,10,8,,16,8,8,13,11,,13,6,6,2,2,,15
E01003378,2239,510,22.7780259044216,191,8.53059401518535,769,47,156,36,192,65,66,323,15791,5,direct_2011_lsoa_code,1,Merton 018B,4,4,10,10,6,6,5,5,4,4,5,5,3,3,,22
E01003379,2022,492,24.3323442136499,194,9.5944609297725,742,78,123,28,151,86,60,297,7481,3,direct_2011_lsoa_code,1,Merton 018C,7,7,5,5,6,6,14,13,14,14,8,8,5,5,,23
E01003380,1741,414,23.779437105112,204,11.7174037909248,666,71,193,23,216,15,18,249,29688,10,direct_2011_lsoa_code,1,Merton 011A,10,10,,15,0,0,,15,,28,14,14,4,4,,26
E01003381,1569,274,17.4633524537922,187,11.9184193753983,708,96,131,27,158,18,17,193,27169,9,direct_2011_lsoa_code,1,Merton 016B,,13,5,5,12,11,7,7,,20,5,5,1,1,,26
E01003382,1782,388,21.7732884399551,192,10.7744107744108,726,70,180,26,206,31,17,254,27635,9,direct_2011_lsoa_code,1,Merton 011B,11,11,13,10,4,4,14,13,,22,12,11,1,1,,24
E01003383,1648,321,19.4781553398058,123,7.46359223300971,667,40,150,25,175,24,17,216,28697,9,direct_2011_lsoa_code,1,Merton 009D,5,5,7,7,8,8,4,4,,25,12,12,6,6,10,10
E01003384,1683,336,19.9643493761141,156,9.26916221033868,680,41,153,18,171,34,10,215,27029,9,direct_2011_lsoa_code,1,Merton 009E,10,10,8,8,13,10,11,10,,23,5,5,0,0,13,12
E01003385,1634,419,25.6425948592411,189,11.5667074663403,583,33,222,13,235,12,15,262,31665,10,direct_2011_lsoa_code,1,Merton 011C,7,7,15,15,7,7,9,9,,29,9,9,8,8,,17
E01003386,2273,506,22.2613286405631,212,9.32688077430708,759,57,175,23,198,68,66,332,18023,6,direct_2011_lsoa_code,1,Merton 013A,7,7,11,11,0,0,10,10,,25,12,12,3,3,,26
E01003387,2085,460,22.0623501199041,214,10.2637889688249,784,72,118,32,150,80,55,285,7930,3,direct_2011_lsoa_code,1,Merton 014A,9,9,,18,1,1,15,15,,23,11,11,4,4,,
E01003388,1728,340,19.6759259259259,259,14.9884259259259,618,87,97,16,113,45,58,216,10292,4,direct_2011_lsoa_code,1,Merton 013B,6,6,12,12,7,7,7,7,,19,7,7,4,4,,25
E01003389,1793,354,19.7434467373118,225,12.5488008923592,642,59,96,23,119,42,55,216,12084,4,direct_2011_lsoa_code,1,Merton 013C,1,1,10,10,2,2,,13,,16,8,8,1,1,,26
E01003390,1788,464,25.9507829977629,116,6.48769574944072,638,36,110,26,136,105,37,278,6427,2,direct_2011_lsoa_code,1,Merton 018D,2,2,7,7,5,5,6,6,,13,5,5,1,1,,21
E01003391,1321,349,26.4193792581378,118,8.93262679788039,481,36,64,18,82,90,27,199,4736,2,direct_2011_lsoa_code,1,Merton 014B,9,9,,20,5,5,,19,,,,20,3,3,,
E01003392,1417,251,17.7134791813691,168,11.8560338743825,513,43,84,28,112,30,40,182,16933,6,direct_2011_lsoa_code,1,Merton 013D,4,4,7,7,3,3,10,10,,22,,14,3,3,,22
E01003393,1621,294,18.1369524984577,113,6.97100555212832,689,35,102,22,124,40,32,196,19916,7,direct_2011_lsoa_code,1,Merton 008C,12,12,8,8,12,12,9,9,,24,,15,3,3,,15
E01003394,2065,358,17.3365617433414,245,11.864406779661,674,49,91,24,115,34,78,227,17864,6,direct_2011_lsoa_code,1,Merton 007A,12,12,14,14,7,7,,14,,25,,16,6,6,,22
E01003395,1638,294,17.948717948718,230,14.041514041514,539,40,95,10,105,19,57,181,22275,7,direct_2011_lsoa_code,1,Merton 007B,10,10,12,12,12,12,,15,,25,,16,5,5,,26
E01003396,1509,277,18.3565275016567,207,13.7176938369781,527,53,85,20,105,17,42,164,21834,7,direct_2011_lsoa_code,1,Merton 007C,5,5,10,10,10,10,9,9,,25,,12,5,5,,15
E01003397,1522,232,15.2431011826544,218,14.323258869908,544,47,78,17,95,31,37,163,19838,7,direct_2011_lsoa_code,1,Merton 007D,3,3,12,12,4,4,12,12,,27,11,11,7,7,,17
E01003398,1909,350,18.3342063907805,211,11.0529072812991,656,51,99,22,121,29,59,209,18705,6,direct_2011_lsoa_code,1,Merton 007E,13,13,,17,10,10,,17,,27,11,11,5,5,,24
E01003399,1407,207,14.7121535181237,188,13.361762615494,630,66,103,14,117,29,7,153,25722,8,direct_2011_lsoa_code,1,Merton 011D,5,5,,13,4,4,,14,,22,15,13,4,4,,18
E01003400,1461,247,16.9062286105407,150,10.2669404517454,629,50,124,8,132,19,17,168,28565,9,direct_2011_lsoa_code,1,Merton 003A,5,5,3,3,6,6,2,2,,24,12,12,1,1,2,2
E01003401,1411,264,18.7101346562722,202,14.3160878809355,625,104,123,11,134,21,13,168,31444,10,direct_2011_lsoa_code,1,Merton 004A,5,5,9,9,2,2,10,10,,20,14,13,6,6,10,10
E01003402,1487,273,18.3591123066577,260,17.4848688634835,680,98,136,13,149,23,15,187,30815,10,direct_2011_lsoa_code,1,Merton 004B,4,4,5,5,8,8,5,5,,20,11,11,4,4,11,11
E01003403,1481,220,14.8548278190412,338,22.8224172856178,676,99,106,12,118,10,12,140,29724,10,direct_2011_lsoa_code,1,Merton 004C,8,8,15,15,,19,14,14,,25,5,5,5,5,,20
E01003404,1831,258,14.0906608410705,317,17.3129437465866,914,160,122,21,143,30,11,184,25994,8,direct_2011_lsoa_code,1,Merton 004D,4,4,,13,12,12,,14,,26,10,10,4,4,,17
E01003405,2430,539,22.1810699588477,215,8.8477366255144,840,59,152,41,193,66,71,330,10386,4,direct_2011_lsoa_code,1,Merton 018E,4,4,2,2,7,7,9,9,,18,9,9,1,1,,19
E01003406,1691,290,17.1496156120639,119,7.03725606150207,569,19,88,22,110,44,44,198,12088,4,direct_2011_lsoa_code,1,Merton 008D,13,13,14,14,4,4,7,7,,28,13,13,6,6,,22
E01003407,1946,375,19.2702980472765,125,6.42343268242549,786,41,123,27,150,59,38,247,22329,7,direct_2011_lsoa_code,1,Merton 008E,11,11,13,13,6,6,10,10,,26,12,12,6,6,,20
E01003408,1949,332,17.0343766033864,170,8.72242175474602,869,63,123,40,163,46,21,230,22311,7,direct_2011_lsoa_code,1,Merton 012D,12,12,10,10,4,4,15,15,,23,9,9,6,6,,14
E01003409,1800,345,19.1666666666667,186,10.3333333333333,580,57,90,18,108,41,69,218,11085,4,direct_2011_lsoa_code,1,Merton 013E,11,11,12,12,6,6,4,4,,24,,16,8,8,,25
E01003410,1632,327,20.0367647058824,157,9.62009803921569,626,29,102,22,124,53,38,215,13118,4,direct_2011_lsoa_code,1,Merton 012E,8,8,13,13,5,5,12,12,,19,9,9,3,3,,14
E01003411,2035,509,25.012285012285,186,9.14004914004914,742,45,162,36,198,66,58,322,17900,6,direct_2011_lsoa_code,1,Merton 014C,9,9,11,11,5,5,,10,,26,8,8,2,2,,
E01003412,1756,368,20.9567198177677,161,9.16856492027335,621,44,97,11,108,81,54,243,12249,4,direct_2011_lsoa_code,1,Merton 014D,11,11,,15,1,1,,18,,,15,15,5,5,,
E01003413,2082,458,21.9980787704131,224,10.7588856868396,732,54,120,33,153,63,61,277,18563,6,direct_2011_lsoa_code,1,Merton 017A,14,14,13,13,9,9,,14,,24,9,9,6,6,,
E01003414,1724,293,16.9953596287703,321,18.6194895591647,565,61,86,19,105,36,42,183,20261,7,direct_2011_lsoa_code,1,Merton 017B,9,9,,16,15,17,,14,,24,12,12,4,4,,
E01003415,2390,511,21.3807531380753,248,10.3765690376569,791,57,162,22,184,52,80,316,14583,5,direct_2011_lsoa_code,1,Merton 017C,9,8,15,7,5,5,10,6,,21,6,6,1,1,,
E01003416,1587,243,15.3119092627599,248,15.6269691241336,534,58,78,20,98,18,50,166,19804,7,direct_2011_lsoa_code,1,Merton 017D,,20,,19,14,14,,18,,,,18,11,11,,
E01003417,1589,323,20.3272498426683,285,17.9358086847074,603,83,113,30,143,35,22,200,25536,8,direct_2011_lsoa_code,1,Merton 025A,15,15,7,7,,15,6,6,,18,,21,5,5,,21
E01003418,1442,227,15.7420249653259,278,19.2787794729542,528,65,101,27,128,25,17,170,28652,9,direct_2011_lsoa_code,1,Merton 025B,15,15,13,13,12,12,14,14,,25,13,13,9,9,,27
E01003419,1824,378,20.7236842105263,240,13.1578947368421,666,60,137,39,176,42,36,254,22958,7,direct_2011_lsoa_code,1,Merton 025C,,16,12,12,,16,,25,,21,10,10,3,3,,24
E01003420,1483,312,21.0384356035064,207,13.9581928523264,505,35,128,27,155,19,31,205,25563,8,direct_2011_lsoa_code,1,Merton 025D,12,12,13,13,5,5,14,14,15,15,,20,3,3,,27
E01003421,1594,293,18.3814303638645,253,15.8720200752823,612,67,121,16,137,31,33,201,24701,8,direct_2011_lsoa_code,1,Merton 021E,7,7,3,3,,18,,15,,21,5,5,4,4,,22
E01003422,1464,262,17.896174863388,325,22.1994535519126,532,70,106,12,118,26,32,176,25586,8,direct_2011_lsoa_code,1,Merton 025E,4,4,11,11,12,12,,11,,20,9,9,2,2,,22
E01003423,1644,343,20.8637469586375,230,13.9902676399027,650,71,162,23,185,16,26,227,29630,10,direct_2011_lsoa_code,1,Merton 011E,7,7,,16,6,6,6,6,,29,5,5,4,4,,20
E01003424,1533,305,19.8956294846706,361,23.5485975212003,574,84,158,15,173,14,15,202,31683,10,direct_2011_lsoa_code,1,Merton 015B,3,3,15,19,6,6,,21,,28,14,14,5,5,,19
E01003425,1488,326,21.9086021505376,306,20.5645161290323,517,55,146,10,156,13,29,198,31463,10,direct_2011_lsoa_code,1,Merton 015C,9,9,,14,7,7,15,24,,,15,13,5,5,,14
E01003426,1756,298,16.9703872437358,320,18.2232346241458,602,61,125,15,140,23,32,195,24238,8,direct_2011_lsoa_code,1,Merton 015D,8,8,5,5,3,3,,18,,26,4,4,2,2,8,8
E01003427,1976,402,20.3441295546559,222,11.2348178137652,729,62,150,20,170,40,53,263,19865,7,direct_2011_lsoa_code,1,Merton 023A,7,7,10,9,7,7,,20,,26,10,9,2,2,10,9
E01003428,1517,313,20.6328279499011,246,16.2162162162162,632,97,151,15,166,25,9,200,25298,8,direct_2011_lsoa_code,1,Merton 015E,8,8,,18,4,4,7,7,,,6,6,2,2,,21
E01003429,1632,328,20.0980392156863,193,11.8259803921569,526,49,97,17,114,36,52,202,19712,7,direct_2011_lsoa_code,1,Merton 019A,11,11,,20,10,10,,21,,,15,15,11,11,,
E01003430,1674,393,23.4767025089606,141,8.42293906810036,577,29,74,16,90,97,56,243,7614,3,direct_2011_lsoa_code,1,Merton 019B,8,8,11,11,1,1,14,13,,28,10,10,2,2,,
E01003431,1707,393,23.0228471001757,162,9.49033391915641,570,40,87,17,104,81,51,236,8324,3,direct_2011_lsoa_code,1,Merton 019C,,16,12,12,5,5,,13,,21,12,12,5,5,,
E01003432,1705,409,23.9882697947214,146,8.56304985337243,527,39,87,25,112,86,51,249,4161,2,direct_2011_lsoa_code,1,Merton 019D,11,11,,20,4,4,,21,,29,,21,6,6,,
E01003433,1593,291,18.2674199623352,230,14.4381669805399,576,63,79,20,99,58,47,204,16455,6,direct_2011_lsoa_code,1,Merton 019E,4,4,6,4,7,7,0,0,,18,4,4,0,0,,
E01003434,1544,302,19.559585492228,225,14.5725388601036,500,40,84,19,103,24,52,179,21055,7,direct_2011_lsoa_code,1,Merton 017E,5,5,13,13,8,8,7,7,,29,11,11,6,6,,
E01003435,2126,510,23.9887111947319,228,10.7243650047037,738,49,134,30,164,77,49,290,16472,6,direct_2011_lsoa_code,1,Merton 014E,14,14,,20,15,14,10,10,,24,,17,4,4,,
E01003436,1743,371,21.285140562249,203,11.6465863453815,606,57,118,24,142,46,41,229,10411,4,direct_2011_lsoa_code,1,Merton 023B,13,13,,19,6,6,,17,,26,13,13,8,8,,22
E01003437,2032,345,16.9783464566929,364,17.9133858267717,769,96,120,21,141,36,58,235,17944,6,direct_2011_lsoa_code,1,Merton 022C,12,12,,17,1,1,,20,,21,15,15,5,5,,20
E01003438,1827,389,21.2917350848385,201,11.0016420361248,657,76,108,31,139,59,42,240,9642,3,direct_2011_lsoa_code,1,Merton 024A,5,5,,13,4,4,7,7,,17,7,7,1,1,,19
E01003439,1584,318,20.0757575757576,140,8.83838383838384,573,37,89,18,107,64,37,208,9363,3,direct_2011_lsoa_code,1,Merton 023C,14,14,5,5,5,5,,15,,24,7,7,2,2,9,8
E01003440,1668,362,21.7026378896883,213,12.7697841726619,630,56,92,23,115,66,42,223,11998,4,direct_2011_lsoa_code,1,Merton 022D,9,9,,18,10,10,3,3,14,14,3,3,1,1,,19
E01003441,1898,382,20.1264488935722,252,13.277133825079,646,47,110,27,137,59,54,250,12131,4,direct_2011_lsoa_code,1,Merton 022E,13,12,,18,10,10,12,12,,17,12,12,3,3,,20
E01003442,1679,326,19.4163192376415,352,20.9648600357356,676,97,164,8,172,25,22,219,30296,10,direct_2011_lsoa_code,1,Merton 010A,2,2,,14,10,10,,15,,24,14,14,4,4,,20
E01003443,1628,401,24.6314496314496,268,16.4619164619165,634,82,207,8,215,29,10,254,30966,10,direct_2011_lsoa_code,1,Merton 010B,6,6,9,9,7,7,6,6,,24,5,5,5,5,,27
E01003444,1612,322,19.9751861042184,255,15.818858560794,673,74,156,21,177,27,11,215,30129,10,direct_2011_lsoa_code,1,Merton 010C,9,9,12,12,4,4,14,13,,21,11,11,6,6,,
E01003445,1807,385,21.306032097399,283,15.661317100166,652,57,168,24,192,35,22,249,25201,8,direct_2011_lsoa_code,1,Merton 010D,12,12,,14,12,12,,15,,17,11,11,3,3,,
E01003446,1968,329,16.7174796747968,199,10.1117886178862,901,63,146,17,163,48,19,230,24364,8,direct_2011_lsoa_code,1,Merton 016C,12,12,4,4,14,11,3,3,,18,1,1,2,2,,24
E01003447,1608,318,19.7761194029851,182,11.318407960199,681,59,90,23,113,86,18,217,11113,4,direct_2011_lsoa_code,1,Merton 016D,8,8,11,11,,21,,15,,24,13,13,7,7,,29
E01003448,2299,466,20.2696824706394,171,7.43801652892562,885,57,155,33,188,61,55,304,11020,4,direct_2011_lsoa_code,1,Merton 023D,13,13,,14,1,1,9,9,,22,6,6,4,4,,14
E01003449,1873,351,18.7399893219434,238,12.7068873465029,663,75,119,20,139,39,52,230,15717,5,direct_2011_lsoa_code,1,Merton 024B,6,6,,19,10,10,14,14,,26,10,10,4,4,,18
E01003450,1798,422,23.4705228031146,181,10.0667408231368,610,61,132,28,160,54,44,258,8982,3,direct_2011_lsoa_code,1,Merton 024C,7,7,12,12,2,2,4,4,,19,4,4,2,2,,18
E01003451,1943,379,19.5059186824498,351,18.0648481729285,664,59,134,25,159,33,36,228,21481,7,direct_2011_lsoa_code,1,Merton 024D,9,9,,11,4,4,,13,,19,,17,4,4,,18
E01003452,2223,478,21.5024741340531,280,12.59559154296,815,104,143,28,171,64,50,285,9580,3,direct_2011_lsoa_code,1,Merton 024E,4,4,,12,4,4,9,9,,16,9,9,0,0,,17
E01003453,1836,356,19.3899782135076,182,9.91285403050109,662,63,124,19,143,50,44,237,11146,4,direct_2011_lsoa_code,1,Merton 023E,9,9,8,8,3,3,,18,,28,5,5,5,5,12,12
E01003454,1362,223,16.3729809104258,241,17.6945668135095,575,74,107,19,126,20,8,154,29968,10,direct_2011_lsoa_code,1,Merton 003B,6,6,12,12,5,5,,16,,29,10,10,2,2,11,11
E01003455,1670,293,17.5449101796407,102,6.10778443113772,747,38,116,28,144,34,15,193,23343,8,direct_2011_lsoa_code,1,Merton 005E,6,6,,17,1,1,7,7,,26,10,10,10,10,12,12
E01003456,1602,247,15.41822721598,154,9.61298377028714,666,45,116,15,131,21,14,166,21283,7,direct_2011_lsoa_code,1,Merton 003C,6,6,7,7,4,4,11,11,,25,6,6,2,2,10,10
E01003457,1628,407,25,140,8.5995085995086,614,46,219,17,236,22,12,270,29971,10,direct_2011_lsoa_code,1,Merton 006C,4,4,,17,5,5,13,13,,,8,8,6,6,,16
E01003458,1758,355,20.193401592719,151,8.58930602957907,719,47,161,25,186,32,9,227,29454,9,direct_2011_lsoa_code,1,Merton 006D,8,8,,20,8,8,13,13,,,7,7,5,5,,18
E01003459,2182,389,17.8276810265811,203,9.30339138405133,959,69,125,25,150,90,24,264,17877,6,direct_2011_lsoa_code,1,Merton 006E,5,5,15,15,3,3,5,5,,28,3,3,2,2,13,13
E01003460,1402,206,14.6932952924394,375,26.7475035663338,647,127,88,12,100,23,13,136,25790,8,direct_2011_lsoa_code,1,Merton 002A,8,8,,,9,9,,,,,,,,,,
E01003461,1449,176,12.1463077984817,253,17.4603174603175,675,71,87,18,105,22,10,137,31737,10,direct_2011_lsoa_code,1,Merton 004E,11,11,13,11,10,10,7,7,,13,4,4,1,1,,13
E01003462,1418,269,18.9703808180536,361,25.4583921015515,575,83,134,15,149,19,15,183,28468,9,direct_2011_lsoa_code,1,Merton 002B,10,10,,18,8,8,,18,,,,18,3,3,,28
E01003463,1505,331,21.9933554817276,296,19.6677740863787,547,59,152,9,161,30,25,216,31211,10,direct_2011_lsoa_code,1,Merton 010E,8,8,,20,10,10,,20,,24,12,12,8,8,,
E01003464,1389,232,16.7026637868971,383,27.5737940964723,540,80,125,8,133,12,18,163,29339,9,direct_2011_lsoa_code,1,Merton 002C,,22,,22,,23,,27,,,,22,9,9,,21
E01003465,1312,240,18.2926829268293,311,23.7042682926829,465,50,109,9,118,15,15,148,30822,10,direct_2011_lsoa_code,1,Merton 002D,,21,,19,8,8,12,12,14,14,14,14,8,8,,22
E01003466,1715,349,20.3498542274053,265,15.4518950437318,626,71,161,18,179,18,23,220,30901,10,direct_2011_lsoa_code,1,Merton 020A,13,13,11,11,3,3,3,3,,,12,12,5,5,,28
E01003467,1767,380,21.505376344086,307,17.3740803621958,667,80,172,17,189,35,19,243,28169,9,direct_2011_lsoa_code,1,Merton 020B,12,12,15,15,8,8,9,9,,,,16,3,3,,27
E01003468,1761,410,23.28222600795,293,16.6382737081204,638,69,189,16,205,18,23,246,31001,10,direct_2011_lsoa_code,1,Merton 020C,8,8,6,6,12,12,14,14,,,7,7,7,7,,
E01003469,1651,331,20.0484554815263,178,10.7813446396124,576,33,129,24,153,41,33,227,17934,6,direct_2011_lsoa_code,1,Merton 020D,7,7,7,7,12,12,,12,,24,13,12,3,3,,
E01003470,1999,347,17.3586793396698,216,10.8054027013507,749,55,173,20,193,31,34,258,25091,8,direct_2011_lsoa_code,1,Merton 020E,9,9,11,11,,18,,15,,27,11,11,5,5,,29
E01003471,1726,350,20.2780996523754,297,17.20741599073,635,71,150,18,168,28,30,226,27014,9,direct_2011_lsoa_code,1,Merton 016E,10,10,15,15,2,2,5,5,,29,,16,4,4,,29
E01003472,1349,375,27.7983691623425,152,11.2676056338028,473,39,184,20,204,15,13,232,31671,10,direct_2011_lsoa_code,1,Merton 001A,9,9,,19,11,11,15,15,,,8,8,7,7,5,5
E01003473,1471,291,19.7824609109449,179,12.1685927940177,563,43,145,10,155,23,14,192,30253,10,direct_2011_lsoa_code,1,Merton 001B,11,11,,9,13,13,5,5,,29,0,0,4,4,2,2
E01003474,1355,295,21.7712177121771,180,13.2841328413284,470,32,159,4,163,15,18,196,30969,10,direct_2011_lsoa_code,1,Merton 001C,15,15,,17,,23,11,11,,,10,10,14,14,10,10
E01003476,1335,293,21.9475655430712,117,8.76404494382022,490,37,122,11,133,32,21,186,22492,7,direct_2011_lsoa_code,1,Merton 003D,12,12,9,9,11,11,12,12,,29,,18,4,4,4,4
E01003477,1598,329,20.5882352941176,171,10.7008760951189,592,50,160,22,182,30,10,222,26305,9,direct_2011_lsoa_code,1,Merton 003E,12,12,14,14,8,8,,14,,,,18,4,4,11,11
E01003478,1911,498,26.0596546310832,151,7.90162218733647,666,38,215,19,234,28,28,290,28880,9,direct_2011_lsoa_code,1,Merton 001E,5,5,,16,3,3,,16,,,4,4,5,5,13,13
E01003479,1546,344,22.2509702457956,133,8.60284605433376,609,36,101,28,129,70,33,232,7984,3,direct_2011_lsoa_code,1,Newham 035A,9,9,10,10,8,8,12,12,,20,9,9,6,6,,27
E01003480,2011,291,14.4704127299851,174,8.652411735455,585,48,91,23,114,54,44,212,11375,4,direct_2011_lsoa_code,1,Newham 033A,9,9,11,11,5,5,7,7,12,12,6,6,2,2,,24
E01003481,1474,273,18.5210312075984,135,9.15875169606513,482,46,76,15,91,45,39,175,8693,3,direct_2011_lsoa_code,1,Newham 035B,1,1,11,11,2,2,6,6,10,10,6,6,5,5,,28
E01003483,1653,282,17.059891107078,160,9.67937084089534,600,58,80,15,95,60,51,206,5149,2,direct_2011_lsoa_code,1,Newham 032A,8,8,14,10,2,2,,11,,18,,14,4,4,,29
E01003484,1797,414,23.0383973288815,98,5.45353366722315,555,21,102,26,128,56,79,263,12241,4,direct_2011_lsoa_code,1,Newham 032B,5,5,5,5,7,7,7,7,,17,11,11,4,4,,
E01003485,1686,345,20.4626334519573,144,8.54092526690392,570,40,97,21,118,54,50,222,11327,4,direct_2011_lsoa_code,1,Newham 035C,7,7,6,6,4,4,9,9,,18,8,8,4,4,,
E01003486,1206,210,17.4129353233831,157,13.0182421227197,442,65,38,10,48,55,40,143,2519,1,direct_2011_lsoa_code,1,Newham 033C,9,9,5,5,6,6,5,5,11,11,4,4,2,2,,27
E01003487,1352,282,20.8579881656805,114,8.43195266272189,412,18,72,14,86,41,51,178,3338,2,direct_2011_lsoa_code,1,Newham 033D,6,6,13,13,2,2,12,12,3,3,12,12,3,3,,28
E01003488,1985,448,22.5692695214106,176,8.86649874055416,671,54,113,11,124,78,59,261,4059,2,direct_2011_lsoa_code,1,Newham 019A,2,2,9,9,1,1,10,10,,22,10,10,7,7,11,11
E01003489,2992,682,22.7941176470588,163,5.44786096256685,961,33,240,18,258,64,63,385,6119,2,direct_2011_lsoa_code,1,Newham 019B,1,1,11,11,5,5,13,13,,22,11,11,6,6,11,11
E01003490,1994,506,25.3761283851555,117,5.86760280842528,564,22,168,9,177,53,54,284,7543,3,direct_2011_lsoa_code,1,Newham 019C,4,4,12,12,3,3,7,7,,23,14,13,6,6,15,15
E01003491,1983,424,21.381744831064,253,12.7584467977811,632,97,95,13,108,32,89,229,8256,3,direct_2011_lsoa_code,1,Newham 022A,3,3,8,8,11,11,14,13,,20,5,5,4,4,7,7
E01003492,2033,478,23.5120511559272,154,7.57501229709788,528,33,122,26,148,33,80,261,10800,4,direct_2011_lsoa_code,1,Newham 025A,4,4,,13,11,11,10,10,,16,7,7,1,1,,17
E01003494,2113,545,25.7927117841931,140,6.62565073355419,608,25,183,15,198,39,79,316,13284,5,direct_2011_lsoa_code,1,Newham 025C,7,7,,17,12,12,13,13,14,14,10,10,4,4,,19
E01003495,2076,539,25.9633911368015,158,7.61078998073218,609,45,172,34,206,39,60,305,16134,5,direct_2011_lsoa_code,1,Newham 025D,5,5,15,15,7,7,10,10,,18,13,13,4,4,,23
E01003496,1342,239,17.8092399403875,95,7.07898658718331,555,34,51,13,64,52,36,152,8737,3,direct_2011_lsoa_code,1,Newham 027A,8,8,,15,14,14,,15,,27,,14,6,6,6,6
E01003497,1648,299,18.1432038834951,189,11.4684466019417,588,49,73,20,93,63,40,196,6552,2,direct_2011_lsoa_code,1,Newham 034A,12,12,,20,9,9,,22,,,,21,6,6,,16
E01003498,1866,376,20.1500535905681,104,5.57341907824223,687,36,103,20,123,65,56,244,6586,3,direct_2011_lsoa_code,1,Newham 027B,4,4,14,13,8,8,10,10,,25,10,10,1,1,12,11
E01003499,2372,530,22.3440134907251,214,9.02192242833052,815,90,123,22,145,128,64,337,4081,2,direct_2011_lsoa_code,1,Newham 030A,8,8,7,7,8,8,6,6,,16,3,3,1,1,,16
E01003500,2047,393,19.1988275525159,173,8.4513922813874,723,57,93,15,108,80,55,243,6133,2,direct_2011_lsoa_code,1,Newham 027C,10,10,,16,,18,,17,,29,,16,1,1,9,9
E01003501,2354,485,20.6032285471538,181,7.68903993203059,791,46,147,24,171,83,58,312,5437,2,direct_2011_lsoa_code,1,Newham 030B,4,4,8,8,3,3,10,10,,24,9,9,4,4,,17
E01003502,2672,576,21.5568862275449,168,6.2874251497006,812,45,124,20,144,101,83,328,5384,2,direct_2011_lsoa_code,1,Newham 030C,6,6,5,5,4,4,8,8,,17,5,5,1,1,,13
E01003503,2885,462,16.0138648180243,138,4.78336221837088,1155,42,116,21,137,88,61,286,4459,2,direct_2011_lsoa_code,1,Newham 030D,8,8,4,4,3,3,5,5,,23,6,6,2,2,10,10
E01003506,1425,306,21.4736842105263,115,8.07017543859649,480,40,68,12,80,55,31,166,3005,1,direct_2011_lsoa_code,1,Newham 034D,8,8,,17,7,7,7,7,,25,6,6,2,2,,18
E01003507,2260,465,20.5752212389381,209,9.24778761061947,832,67,120,20,140,66,66,272,6282,2,direct_2011_lsoa_code,1,Newham 031A,5,5,7,7,2,2,4,4,,19,5,5,0,0,,16
E01003508,2554,566,22.1613155833986,140,5.48159749412686,963,38,108,27,135,113,76,324,5231,2,direct_2011_lsoa_code,1,Newham 031B,3,3,7,7,2,2,10,10,,18,9,9,3,3,,16
E01003509,2062,511,24.7817652764307,149,7.22599418040737,777,63,83,38,121,154,50,325,5736,2,direct_2011_lsoa_code,1,Newham 031C,4,4,8,8,2,2,7,7,,24,8,8,3,3,,18
E01003511,1922,384,19.9791883454735,130,6.76378772112383,670,38,104,27,131,66,56,253,5790,2,direct_2011_lsoa_code,1,Newham 036A,3,3,13,13,3,3,12,12,,,13,13,7,7,,25
E01003512,1980,378,19.0909090909091,186,9.39393939393939,685,61,81,31,112,84,62,258,5783,2,direct_2011_lsoa_code,1,Newham 036B,6,6,,20,8,8,12,12,,18,5,5,2,2,,22
E01003513,1561,350,22.4215246636771,96,6.14990390775144,551,22,104,24,128,63,48,239,12640,4,direct_2011_lsoa_code,1,Newham 035D,9,9,,11,14,12,,12,,17,,15,1,1,,24
E01003514,1656,362,21.8599033816425,115,6.94444444444445,528,29,80,24,104,88,58,250,5315,2,direct_2011_lsoa_code,1,Newham 036C,3,3,,18,5,5,,18,,21,11,11,8,8,,26
E01003515,2108,428,20.303605313093,181,8.58633776091082,814,65,80,22,102,100,58,260,2533,1,direct_2011_lsoa_code,1,Newham 036D,10,10,,13,4,4,14,9,,20,12,8,2,2,,12
E01003516,1889,419,22.1810481736368,149,7.88777130757014,651,46,85,22,107,108,58,273,4284,2,direct_2011_lsoa_code,1,Newham 032C,6,6,,15,8,8,15,11,,14,9,9,1,1,,21
E01003517,1882,463,24.6014877789586,152,8.07651434643996,633,34,80,27,107,121,46,274,2706,1,direct_2011_lsoa_code,1,Newham 036E,9,9,,17,6,6,9,9,,25,9,9,3,3,,23
E01003518,1638,382,23.3211233211233,123,7.50915750915751,571,24,109,25,134,56,57,247,12298,4,direct_2011_lsoa_code,1,Newham 032D,2,2,,11,8,8,,12,,15,13,13,1,1,,23
E01003519,1622,295,18.1874229346486,132,8.13810110974106,494,29,57,13,70,39,69,178,8298,3,direct_2011_lsoa_code,1,Newham 032E,8,8,,20,8,8,,15,,18,4,4,4,4,,24
E01003520,1978,437,22.093023255814,183,9.25176946410516,573,52,123,9,132,28,83,243,9784,3,direct_2011_lsoa_code,1,Newham 018A,12,12,12,12,13,13,13,13,,26,8,8,8,8,13,13
E01003521,2171,472,21.7411331183786,154,7.09350529709811,647,33,151,10,161,37,93,291,8772,3,direct_2011_lsoa_code,1,Newham 018B,5,5,1,1,9,9,5,5,,26,0,0,0,0,8,8
E01003522,1853,438,23.6373448461954,165,8.90447922288181,528,32,147,13,160,34,63,257,7371,3,direct_2011_lsoa_code,1,Newham 018C,8,8,7,7,12,12,7,7,,28,8,8,5,5,10,10
E01003523,2462,555,22.5426482534525,238,9.66693744922827,709,54,137,13,150,58,120,328,7292,3,direct_2011_lsoa_code,1,Newham 024A,6,6,7,7,4,4,6,6,,24,3,3,3,3,,16
E01003524,1928,445,23.0809128630705,165,8.55809128630705,558,37,148,9,157,41,73,271,8734,3,direct_2011_lsoa_code,1,Newham 019D,5,5,7,7,9,9,6,6,,26,8,8,4,4,,16
E01003525,2074,516,24.8794599807136,190,9.16104146576663,534,37,142,15,157,32,81,270,7708,3,direct_2011_lsoa_code,1,Newham 018D,3,3,0,0,7,7,1,1,,22,2,2,1,1,,14
E01003526,1881,456,24.2424242424242,183,9.72886762360447,485,31,95,16,111,32,85,228,7996,3,direct_2011_lsoa_code,1,Newham 018E,8,8,4,4,4,4,5,5,,24,4,4,3,3,,15
E01003527,1828,445,24.3435448577681,158,8.64332603938731,555,37,140,12,152,36,65,253,14394,5,direct_2011_lsoa_code,1,Newham 024B,9,9,12,12,6,6,10,10,,25,8,8,6,6,,22
E01003528,1360,387,28.4558823529412,125,9.19117647058824,409,27,95,5,100,56,44,200,7853,3,direct_2011_lsoa_code,1,Newham 005A,9,9,,21,2,2,13,13,,,15,15,8,8,15,15
E01003529,2418,469,19.3961952026468,260,10.752688172043,627,21,133,10,143,26,122,291,11784,4,direct_2011_lsoa_code,1,Newham 010A,8,8,12,12,10,10,6,6,,,13,12,2,2,10,10
E01003530,1892,391,20.6659619450317,173,9.14376321353065,482,29,105,12,117,21,83,221,12818,4,direct_2011_lsoa_code,1,Newham 010B,7,7,,17,8,8,9,9,,,15,15,4,4,12,12
E01003531,2251,560,24.8778320746335,222,9.86228342958685,561,31,115,5,120,42,109,271,8410,3,direct_2011_lsoa_code,1,Newham 010C,3,3,9,9,2,2,4,4,,25,6,6,2,2,7,7
E01003532,2311,442,19.1259195153613,208,9.00043271311121,564,38,89,6,95,20,129,244,10613,4,direct_2011_lsoa_code,1,Newham 010D,5,5,9,9,10,10,0,0,,29,13,13,1,1,7,7
E01003533,2314,549,23.7251512532411,207,8.94554883318928,566,34,134,14,148,34,103,285,9258,3,direct_2011_lsoa_code,1,Newham 011A,7,7,11,11,11,11,7,7,,23,2,2,3,3,14,14
E01003534,2324,563,24.2254733218589,196,8.43373493975904,630,33,154,12,166,50,95,311,10661,4,direct_2011_lsoa_code,1,Newham 010E,4,4,,15,14,14,6,6,,,6,6,2,2,,13
E01003535,1853,478,25.7960064759849,159,8.58067997841338,569,33,131,14,145,78,51,274,3580,2,direct_2011_lsoa_code,1,Newham 023A,14,14,,,,24,,,,,,25,11,11,,
E01003536,2121,605,28.5242809995285,130,6.12918434700613,617,27,163,19,182,67,68,317,8245,3,direct_2011_lsoa_code,1,Newham 023B,12,12,13,13,4,4,,17,,26,14,14,1,1,,22
E01003537,2160,557,25.787037037037,159,7.36111111111111,641,39,169,30,199,50,72,321,10573,4,direct_2011_lsoa_code,1,Newham 024C,8,8,,15,12,12,,15,,24,7,7,6,6,,21
E01003538,2137,486,22.7421619092185,195,9.12494150678521,665,50,139,15,154,78,61,293,7064,3,direct_2011_lsoa_code,1,Newham 029A,7,7,,14,15,14,,13,,19,8,8,3,3,,20
E01003539,2518,665,26.4098490865767,169,6.71167593328038,707,39,165,23,188,61,116,365,9378,3,direct_2011_lsoa_code,1,Newham 029B,7,7,,19,8,8,,15,8,8,12,12,5,5,,21
E01003540,2032,550,27.0669291338583,125,6.15157480314961,602,33,120,19,139,72,86,297,4673,2,direct_2011_lsoa_code,1,Newham 029C,11,11,14,14,12,12,,16,,18,12,11,3,3,,22
E01003541,2025,550,27.1604938271605,120,5.92592592592593,552,27,135,19,154,65,78,297,9496,3,direct_2011_lsoa_code,1,Newham 029D,9,9,,16,11,11,,19,,17,,17,4,4,,25
E01003542,2229,566,25.3925527142216,145,6.50515926424406,665,44,166,16,182,73,61,316,6748,3,direct_2011_lsoa_code,1,Newham 024D,5,5,15,14,11,11,10,10,,24,5,5,2,2,,20
E01003543,2333,470,20.145735105015,194,8.3154736390913,839,42,145,34,179,61,62,302,11912,4,direct_2011_lsoa_code,1,Newham 001A,6,6,8,8,13,13,4,4,,,4,4,2,2,,22
E01003544,1811,373,20.5963556046383,144,7.95140806184429,623,32,105,30,135,43,45,223,8651,3,direct_2011_lsoa_code,1,Newham 001B,5,5,13,13,2,2,10,10,,,12,12,6,6,,26
E01003545,1751,331,18.9034837235865,122,6.96744717304398,634,40,81,16,97,62,44,203,9504,3,direct_2011_lsoa_code,1,Newham 006A,2,2,11,11,1,1,10,10,,,12,12,4,4,,24
E01003546,1788,390,21.8120805369128,124,6.93512304250559,572,31,96,16,112,67,61,240,6455,2,direct_2011_lsoa_code,1,Newham 001C,6,6,6,6,7,7,2,2,,,4,4,3,3,,22
E01003547,1956,349,17.8425357873211,219,11.1963190184049,675,50,110,25,135,36,47,218,15291,5,direct_2011_lsoa_code,1,Newham 007A,7,7,14,14,,24,11,11,,,11,11,10,10,,
E01003548,2246,371,16.5182546749777,213,9.48352626892253,809,87,103,20,123,48,68,239,12546,4,direct_2011_lsoa_code,1,Newham 006B,3,3,6,6,11,11,12,12,,,6,6,6,6,,21
E01003549,2120,405,19.1037735849057,142,6.69811320754717,780,42,131,25,156,70,54,280,10418,4,direct_2011_lsoa_code,1,Newham 006C,8,8,8,8,10,10,13,13,,,10,10,2,2,,20
E01003550,1780,408,22.9213483146067,143,8.03370786516854,609,39,117,15,132,46,59,237,9615,3,direct_2011_lsoa_code,1,Newham 001D,14,14,12,12,11,11,8,8,,,9,9,2,2,,21
E01003551,1830,326,17.8142076502732,180,9.83606557377049,620,52,88,18,106,57,46,209,5894,2,direct_2011_lsoa_code,1,Newham 009A,10,10,12,11,0,0,,14,,,15,13,6,6,,18
E01003552,1597,329,20.6011271133375,156,9.7683155917345,528,37,95,13,108,37,49,194,8113,3,direct_2011_lsoa_code,1,Newham 016A,8,8,10,10,7,7,11,11,,,11,11,6,6,,20
E01003553,2022,417,20.6231454005935,129,6.37982195845697,734,48,130,28,158,68,38,264,5596,2,direct_2011_lsoa_code,1,Newham 009B,10,10,12,11,12,12,12,12,,,12,12,5,5,,17
E01003554,1899,261,13.7440758293839,185,9.74196945760927,690,51,64,19,83,29,58,170,12839,4,direct_2011_lsoa_code,1,Newham 009C,2,2,15,13,10,10,9,9,,,8,8,6,6,,17
E01003555,1886,403,21.3679745493107,208,11.0286320254507,485,32,72,11,83,18,101,202,10282,4,direct_2011_lsoa_code,1,Newham 007B,7,7,10,10,,20,6,6,,,6,6,6,6,,21
E01003556,1966,502,25.5340793489318,127,6.45981688708037,651,34,144,19,163,69,59,291,3646,2,direct_2011_lsoa_code,1,Newham 008A,11,11,3,3,,16,3,3,,,2,2,3,3,,19
E01003557,1957,397,20.2861522738886,131,6.69391926417987,652,25,103,15,118,59,65,242,5271,2,direct_2011_lsoa_code,1,Newham 006D,1,1,10,10,10,10,10,10,,,12,12,5,5,,20
E01003558,1716,419,24.4172494172494,127,7.4009324009324,543,28,117,14,131,47,59,237,4804,2,direct_2011_lsoa_code,1,Newham 008B,13,13,6,6,13,13,12,12,,,9,9,4,4,,18
E01003559,2389,384,16.0736709920469,136,5.69275847634994,898,46,104,32,136,61,59,256,13767,5,direct_2011_lsoa_code,1,Newham 009D,9,9,10,10,14,14,7,7,,,7,7,4,4,,14
E01003560,1673,355,21.2193664076509,141,8.42797369994023,445,29,93,13,106,29,78,213,9022,3,direct_2011_lsoa_code,1,Newham 011B,6,6,9,9,13,13,7,7,,,6,6,4,4,,19
E01003561,1714,413,24.095682613769,155,9.04317386231038,467,29,107,4,111,25,74,210,11544,4,direct_2011_lsoa_code,1,Newham 007C,7,7,11,11,,17,3,3,,27,5,5,1,1,,17
E01003562,2102,420,19.9809705042816,220,10.4662226450999,586,29,121,11,132,22,91,245,10266,4,direct_2011_lsoa_code,1,Newham 014A,8,8,11,11,11,11,7,7,,24,3,3,2,2,,14
E01003563,2622,844,32.1891685736079,153,5.83524027459954,587,21,150,15,165,41,127,333,9532,3,direct_2011_lsoa_code,1,Newham 011C,1,1,13,13,8,8,7,7,,,6,6,4,4,,18
E01003564,2367,553,23.3629066328686,156,6.59062103929024,655,26,155,20,175,44,113,332,9354,3,direct_2011_lsoa_code,1,Newham 014B,2,2,5,5,8,8,8,8,,22,6,6,4,4,12,12
E01003565,2090,514,24.5933014354067,130,6.2200956937799,513,22,149,10,159,23,92,274,10503,4,direct_2011_lsoa_code,1,Newham 014C,4,4,7,7,12,12,9,9,,22,3,3,2,2,11,11
E01003566,1963,543,27.6617422312787,133,6.77534386143658,533,43,148,11,159,27,88,274,7833,3,direct_2011_lsoa_code,1,Newham 014D,7,7,0,0,9,9,5,5,,21,1,1,1,1,7,7
E01003567,1935,480,24.8062015503876,114,5.89147286821705,507,20,131,10,141,44,86,271,7033,3,direct_2011_lsoa_code,1,Newham 007D,4,4,10,10,,17,3,3,,27,5,5,3,3,,17
E01003568,2587,469,18.1291070738307,262,10.1275608813297,626,33,106,5,111,29,127,267,11361,4,direct_2011_lsoa_code,1,Newham 017A,10,10,8,8,9,9,6,6,,22,7,7,4,4,7,7
E01003569,2465,569,23.0831643002028,170,6.89655172413793,591,21,114,8,122,33,145,300,9189,3,direct_2011_lsoa_code,1,Newham 017B,10,10,5,5,10,10,3,3,,22,4,4,3,3,4,4
E01003570,1909,454,23.7820848611839,143,7.49083289680461,546,22,133,8,141,28,72,241,7384,3,direct_2011_lsoa_code,1,Newham 008C,7,7,5,5,,16,3,3,,,5,5,5,5,,18
E01003571,2278,524,23.0026338893767,197,8.64793678665496,579,31,114,8,122,35,107,264,9039,3,direct_2011_lsoa_code,1,Newham 008D,8,8,7,7,13,13,3,3,,25,3,3,4,4,,16
E01003572,1674,367,21.9235364396655,141,8.42293906810036,447,20,89,6,95,24,84,203,9158,3,direct_2011_lsoa_code,1,Newham 008E,4,4,7,7,9,9,5,5,,28,4,4,1,1,,18
E01003573,2336,590,25.2568493150685,187,8.00513698630137,577,28,120,5,125,39,124,288,9549,3,direct_2011_lsoa_code,1,Newham 017C,6,6,9,9,6,6,7,7,,,6,6,4,4,,16
E01003574,2549,580,22.7540211847784,290,11.3770105923892,772,71,163,16,179,44,106,329,8339,3,direct_2011_lsoa_code,1,Newham 017D,5,5,10,10,6,6,5,5,,26,3,3,4,4,,15
E01003575,1660,423,25.4819277108434,134,8.07228915662651,470,28,128,10,138,32,64,234,8100,3,direct_2011_lsoa_code,1,Newham 005B,0,0,,17,11,11,8,8,,,8,8,2,2,,15
E01003576,1799,489,27.1817676486937,129,7.17065036131184,633,57,142,19,161,68,44,273,4849,2,direct_2011_lsoa_code,1,Newham 002A,4,4,15,12,15,12,6,6,,,1,1,1,1,,22
E01003577,2384,660,27.6845637583893,133,5.57885906040269,759,63,222,29,251,99,47,397,4012,2,direct_2011_lsoa_code,1,Newham 005C,11,11,,15,6,6,,14,,,9,9,7,7,,25
E01003578,1995,581,29.1228070175439,96,4.81203007518797,592,24,185,18,203,63,58,324,10059,4,direct_2011_lsoa_code,1,Newham 003A,,,,,,,,,,,,,15,15,,
E01003579,1986,549,27.6435045317221,164,8.25780463242699,491,31,133,8,141,38,95,274,8778,3,direct_2011_lsoa_code,1,Newham 004A,7,7,,16,,18,6,6,,,6,6,4,4,,18
E01003580,2001,526,26.2868565717142,133,6.64667666166917,612,41,168,13,181,74,50,305,6741,3,direct_2011_lsoa_code,1,Newham 005D,9,9,,25,10,10,,19,,,,19,8,8,,24
E01003581,1802,462,25.638179800222,136,7.54716981132076,475,19,120,8,128,44,72,244,9714,3,direct_2011_lsoa_code,1,Newham 002B,7,7,,14,,14,4,4,,,8,8,4,4,,22
E01003582,1597,440,27.5516593613024,117,7.32623669380088,452,29,107,9,116,55,56,227,7600,3,direct_2011_lsoa_code,1,Newham 002C,7,7,,18,9,9,15,15,,,10,10,5,5,,22
E01003583,2097,588,28.0400572246066,179,8.53600381497377,532,23,159,13,172,65,73,310,8779,3,direct_2011_lsoa_code,1,Newham 002D,2,2,,16,10,10,8,8,,,8,8,2,2,,17
E01003584,1914,384,20.0626959247649,247,12.9049111807732,606,47,109,8,117,41,58,216,8266,3,direct_2011_lsoa_code,1,Newham 003B,11,11,,15,,24,,18,,,11,11,10,10,,24
E01003585,1630,354,21.7177914110429,140,8.58895705521472,409,14,81,7,88,25,89,202,9049,3,direct_2011_lsoa_code,1,Newham 004B,11,11,,13,,16,5,5,,,5,5,5,5,,21
E01003586,1828,414,22.6477024070022,131,7.16630196936543,530,20,110,17,127,37,73,237,8043,3,direct_2011_lsoa_code,1,Newham 003C,13,13,8,8,,24,11,11,,,14,13,8,8,,29
E01003587,2486,672,27.0313757039421,191,7.68302493966211,806,65,203,19,222,99,75,396,9006,3,direct_2011_lsoa_code,1,Newham 004C,9,9,14,13,,16,8,8,,,8,8,3,3,,13
E01003588,1561,346,22.1652786675208,131,8.39205637411915,427,23,99,12,111,21,72,204,8411,3,direct_2011_lsoa_code,1,Newham 011D,6,6,9,9,12,12,11,11,,,10,10,7,7,,16
E01003589,1857,429,23.1017770597738,138,7.4313408723748,510,30,135,7,142,29,87,258,9696,3,direct_2011_lsoa_code,1,Newham 011E,7,7,,16,8,8,9,9,,,13,13,7,7,14,14
E01003590,1608,384,23.8805970149254,169,10.5099502487562,572,52,96,12,108,108,38,254,4780,2,direct_2011_lsoa_code,1,Newham 003D,10,10,,14,,18,15,9,,,7,7,1,1,,16
E01003591,2254,569,25.2440106477374,152,6.7435669920142,682,51,161,11,172,66,80,318,6209,2,direct_2011_lsoa_code,1,Newham 004D,5,5,12,8,,14,9,7,,,3,3,1,1,,15
E01003592,1888,382,20.2330508474576,161,8.52754237288136,635,41,103,14,117,54,71,242,6110,2,direct_2011_lsoa_code,1,Newham 022B,4,4,13,13,3,3,10,10,,25,7,7,7,7,14,14
E01003593,1508,281,18.6339522546419,142,9.41644562334218,536,36,80,10,90,52,39,181,6804,3,direct_2011_lsoa_code,1,Newham 027D,8,8,,16,3,3,9,9,,26,7,7,4,4,7,7
E01003594,1827,370,20.2517788724685,125,6.84181718664477,578,24,110,11,121,47,52,220,8396,3,direct_2011_lsoa_code,1,Newham 026A,7,7,,17,5,5,8,8,,24,8,8,3,3,10,10
E01003595,1813,355,19.580805295091,188,10.3695532266961,669,86,85,15,100,46,75,221,8140,3,direct_2011_lsoa_code,1,Newham 026B,3,3,14,14,8,8,8,8,,20,3,3,2,2,9,8
E01003596,1716,425,24.7668997668998,153,8.91608391608392,532,44,115,24,139,39,56,234,10626,4,direct_2011_lsoa_code,1,Newham 016B,7,7,,13,3,3,9,9,,26,8,8,4,4,12,12
E01003597,2191,545,24.8744865358284,247,11.2733911455956,531,33,78,9,87,29,117,233,10384,4,direct_2011_lsoa_code,1,Newham 016C,2,2,,14,7,7,5,5,,27,6,6,4,4,15,15
E01003598,1894,425,22.4392819429778,137,7.23336853220697,636,37,109,10,119,93,52,264,7435,3,direct_2011_lsoa_code,1,Newham 021A,7,7,,16,1,1,5,5,,26,4,4,4,4,9,9
E01003599,1650,381,23.0909090909091,143,8.66666666666667,473,44,96,13,109,44,65,218,7477,3,direct_2011_lsoa_code,1,Newham 022C,6,6,10,10,12,12,,15,,22,10,10,8,8,6,6
E01003600,1627,315,19.360786724032,132,8.11309157959435,591,48,85,6,91,54,57,202,6130,2,direct_2011_lsoa_code,1,Newham 021B,9,9,,13,4,4,1,1,,20,2,2,1,1,5,5
E01003601,2201,489,22.2171740118128,184,8.35983643798273,714,42,121,34,155,67,68,290,5153,2,direct_2011_lsoa_code,1,Newham 028A,8,8,9,9,7,7,2,2,5,5,6,6,0,0,,13
E01003602,2191,457,20.8580556823368,140,6.38977635782748,631,26,130,14,144,48,83,275,10115,4,direct_2011_lsoa_code,1,Newham 026C,8,8,8,8,6,6,5,5,9,9,4,4,2,2,,14
E01003603,1942,506,26.0556127703399,127,6.53964984552008,609,32,146,25,171,56,62,289,12180,4,direct_2011_lsoa_code,1,Newham 028B,1,1,11,11,9,9,14,14,9,9,11,11,4,4,,19
E01003604,2290,554,24.1921397379913,151,6.5938864628821,752,46,154,32,186,91,58,335,5642,2,direct_2011_lsoa_code,1,Newham 031D,7,7,,16,7,7,7,7,13,13,11,11,4,4,,20
E01003605,2073,482,23.251326579836,193,9.31017848528702,685,52,136,23,159,62,57,278,8278,3,direct_2011_lsoa_code,1,Newham 028C,8,8,10,10,3,3,13,11,,19,5,5,3,3,15,16
E01003607,1898,444,23.3930453108535,124,6.5331928345627,605,22,101,56,157,61,64,282,7786,3,direct_2011_lsoa_code,1,Newham 026D,9,9,6,6,4,4,1,1,14,14,4,4,0,0,14,10
E01003608,2031,475,23.3874938453964,149,7.33628754308223,677,29,151,21,172,62,63,297,11406,4,direct_2011_lsoa_code,1,Newham 028D,3,3,6,6,4,4,9,9,15,15,7,7,7,7,,18
E01003611,1962,521,26.5545361875637,128,6.52395514780836,712,56,124,33,157,123,38,318,7348,3,direct_2011_lsoa_code,1,Newham 041C,7,7,,16,3,3,13,13,,25,4,4,2,2,,21
E01003615,1706,320,18.757327080891,153,8.968347010551,622,70,91,15,106,45,40,191,9394,3,direct_2011_lsoa_code,1,Newham 039A,4,4,4,4,4,4,9,9,,,3,3,3,3,,17
E01003616,1847,308,16.6756903086086,139,7.52571737953438,679,47,102,22,124,45,42,211,8296,3,direct_2011_lsoa_code,1,Newham 012A,5,5,3,3,8,8,5,5,,,4,4,4,4,,16
E01003618,2270,331,14.5814977973568,163,7.18061674008811,828,62,96,23,119,54,62,235,9706,3,direct_2011_lsoa_code,1,Newham 012C,4,4,6,6,8,8,3,3,,,3,3,3,3,,13
E01003619,2482,487,19.621273166801,163,6.56728444802579,1062,89,113,27,140,176,40,356,5784,2,direct_2011_lsoa_code,1,Newham 012D,5,5,9,9,5,5,8,8,,28,9,9,3,3,11,11
E01003621,1651,411,24.8940036341611,119,7.20775287704422,444,18,121,13,134,28,66,228,12000,4,direct_2011_lsoa_code,1,Newham 023C,6,6,12,12,8,8,13,13,,,3,3,4,4,,17
E01003622,1817,499,27.4628508530545,95,5.22839845899835,535,25,144,10,154,59,63,276,6357,2,direct_2011_lsoa_code,1,Newham 023D,11,11,7,7,5,5,,13,,,7,7,1,1,,18
E01003623,1756,409,23.2915717539863,112,6.37813211845103,485,27,124,10,134,48,59,241,7356,3,direct_2011_lsoa_code,1,Newham 023E,5,5,,21,14,14,,23,,,11,11,8,8,,25
E01003624,1694,421,24.8524203069658,137,8.08736717827627,495,24,125,9,134,35,61,230,7229,3,direct_2011_lsoa_code,1,Newham 024E,3,3,13,13,7,7,5,5,,26,6,6,3,3,,18
E01003625,1682,405,24.0784780023781,113,6.71819262782402,485,21,119,13,132,35,83,250,8697,3,direct_2011_lsoa_code,1,Newham 015A,,25,,26,,17,,24,,,,23,13,13,,
E01003626,1684,323,19.1805225653207,115,6.82897862232779,460,21,120,8,128,19,56,203,11413,4,direct_2011_lsoa_code,1,Newham 015B,11,11,11,11,,20,10,10,,,15,20,8,8,10,10
E01003627,1525,319,20.9180327868852,143,9.37704918032787,453,29,100,8,108,15,59,182,8805,3,direct_2011_lsoa_code,1,Newham 015C,5,5,10,10,12,12,9,9,,,11,11,8,8,12,12
E01003628,1692,372,21.9858156028369,142,8.39243498817967,429,11,118,8,126,17,62,205,13234,5,direct_2011_lsoa_code,1,Newham 015D,9,9,14,14,9,9,,20,,,9,9,7,7,,23
E01003629,1946,449,23.0729701952724,150,7.70811921891059,508,22,130,6,136,37,100,273,9618,3,direct_2011_lsoa_code,1,Newham 015E,3,3,5,5,11,11,6,6,,29,6,6,4,4,9,9
E01003630,1890,362,19.1534391534392,177,9.36507936507937,681,59,84,27,111,49,56,216,8101,3,direct_2011_lsoa_code,1,Newham 021C,4,4,12,12,5,5,8,8,,22,2,2,1,1,7,7
E01003631,1866,299,16.0235798499464,142,7.60986066452304,691,36,75,19,94,58,49,201,9440,3,direct_2011_lsoa_code,1,Newham 020A,3,3,6,6,13,13,11,11,,29,7,7,2,2,7,7
E01003632,2425,392,16.1649484536082,230,9.48453608247423,797,41,99,21,120,50,79,249,13571,5,direct_2011_lsoa_code,1,Newham 020B,7,7,11,11,12,12,13,12,,28,6,6,4,4,13,13
E01003633,1860,406,21.8279569892473,125,6.72043010752688,685,48,97,27,124,82,44,250,4440,2,direct_2011_lsoa_code,1,Newham 020C,6,6,2,2,8,8,5,5,,27,2,2,2,2,6,6
E01003634,1751,337,19.2461450599657,172,9.82295830953741,589,42,85,20,105,49,54,208,7499,3,direct_2011_lsoa_code,1,Newham 020D,9,9,7,7,0,0,3,3,,28,6,6,6,6,9,9
E01003635,1825,270,14.7945205479452,193,10.5753424657534,609,41,75,13,88,24,57,169,10995,4,direct_2011_lsoa_code,1,Newham 016D,11,11,,16,6,6,15,15,,,12,12,4,4,,16
E01003636,2196,467,21.2659380692168,141,6.4207650273224,692,43,107,11,118,105,54,277,6945,3,direct_2011_lsoa_code,1,Newham 020E,5,5,12,12,2,2,8,8,,27,5,5,2,2,15,12
E01003637,1890,308,16.2962962962963,145,7.67195767195767,579,40,74,15,89,33,85,207,12791,4,direct_2011_lsoa_code,1,Newham 021D,3,3,15,16,8,8,9,9,,26,6,6,4,4,10,10
E01003638,1907,405,21.2375458835868,308,16.1510225485055,662,109,157,8,165,19,52,236,16400,5,direct_2011_lsoa_code,1,Redbridge 017A,9,9,7,7,11,11,11,11,,,13,13,6,6,,20
E01003639,2257,516,22.8622064687638,282,12.4944616747895,788,103,202,22,224,50,70,344,14102,5,direct_2011_lsoa_code,1,Redbridge 013A,11,11,,20,15,23,,28,,,,20,11,11,12,12
E01003640,1957,444,22.6877874297394,234,11.9570771589167,623,51,172,6,178,37,59,274,16305,5,direct_2011_lsoa_code,1,Redbridge 013B,,,,,,,,,,,,,,,,
E01003641,2034,386,18.9773844641101,272,13.3726647000983,610,39,123,13,136,31,62,229,19658,6,direct_2011_lsoa_code,1,Redbridge 013C,9,9,,16,13,13,,17,,27,,16,4,4,,19
E01003642,1766,331,18.7429218573046,202,11.4382785956965,556,43,125,14,139,36,51,226,17430,6,direct_2011_lsoa_code,1,Redbridge 013D,7,7,,16,,24,15,15,,29,,25,9,9,,28
E01003643,2275,506,22.2417582417582,339,14.9010989010989,704,104,195,6,201,29,70,300,22934,7,direct_2011_lsoa_code,1,Redbridge 017B,9,9,11,11,14,14,8,8,,,9,9,3,3,,19
E01003644,1654,352,21.2817412333736,225,13.6033857315599,501,43,129,6,135,23,51,209,21466,7,direct_2011_lsoa_code,1,Redbridge 017C,11,11,10,10,,14,12,12,,,8,8,4,4,,17
E01003645,2787,689,24.7219232149264,246,8.82669537136706,906,41,305,20,325,59,62,446,14895,5,direct_2011_lsoa_code,1,Redbridge 017D,2,2,5,5,10,10,2,2,,,3,3,3,3,14,14
E01003646,1916,363,18.9457202505219,277,14.4572025052192,602,70,129,8,137,21,58,216,21747,7,direct_2011_lsoa_code,1,Redbridge 012A,5,5,15,15,14,14,,19,,23,14,14,7,7,11,11
E01003647,1964,418,21.2830957230143,228,11.6089613034623,633,37,160,6,166,44,61,271,20532,7,direct_2011_lsoa_code,1,Redbridge 015A,10,10,12,12,,16,12,12,,29,9,9,6,6,11,11
E01003648,1513,279,18.4401850627892,293,19.3654990085922,517,88,99,8,107,20,48,175,27567,9,direct_2011_lsoa_code,1,Redbridge 012B,11,11,,17,13,13,7,7,,,15,15,6,6,,19
E01003649,1674,320,19.115890083632,254,15.1732377538829,513,50,128,2,130,29,49,208,25780,8,direct_2011_lsoa_code,1,Redbridge 012C,10,10,,18,11,11,6,6,,,,18,3,3,,21
E01003650,1779,377,21.1916807195053,253,14.221472737493,590,71,141,7,148,36,47,231,17738,6,direct_2011_lsoa_code,1,Redbridge 015B,5,5,15,10,,15,3,3,,,,10,0,0,,13
E01003651,1513,252,16.6556510244547,277,18.3079973562459,476,72,101,2,103,13,44,160,22972,7,direct_2011_lsoa_code,1,Redbridge 012D,8,8,13,10,13,13,,18,,22,10,10,3,3,11,11
E01003652,1615,320,19.8142414860681,203,12.5696594427245,478,40,128,6,134,19,57,210,26981,9,direct_2011_lsoa_code,1,Redbridge 015C,7,7,15,15,,23,7,7,,28,12,12,7,7,14,14
E01003653,2160,563,26.0648148148148,172,7.96296296296296,723,40,149,10,159,95,82,336,19591,6,direct_2011_lsoa_code,1,Redbridge 015D,7,7,11,11,,18,12,12,,27,8,8,3,3,9,9
E01003654,1699,351,20.6592113007652,204,12.0070629782225,599,52,118,39,157,44,39,240,15907,5,direct_2011_lsoa_code,1,Redbridge 004A,12,12,,20,2,2,15,19,,,10,10,7,7,12,12
E01003655,1569,261,16.6347992351816,242,15.4238368387508,637,69,115,20,135,19,26,180,24380,8,direct_2011_lsoa_code,1,Redbridge 004B,12,12,9,9,12,12,8,8,,,2,2,1,1,5,5
E01003656,1558,297,19.0629011553273,221,14.1848523748395,653,89,100,21,121,52,34,207,9053,3,direct_2011_lsoa_code,1,Redbridge 005A,,23,,28,5,5,,28,,,9,9,7,7,,26
E01003657,2169,388,17.8884278469341,373,17.1968649147072,900,104,141,30,171,55,43,269,21818,7,direct_2011_lsoa_code,1,Redbridge 005B,,16,,28,13,13,,28,,,7,7,5,5,,26
E01003658,1715,324,18.8921282798834,231,13.469387755102,682,86,90,31,121,71,30,222,12182,4,direct_2011_lsoa_code,1,Redbridge 004C,7,7,,15,3,3,14,14,,,9,9,2,2,11,11
E01003659,1757,388,22.0830961866818,204,11.6107000569152,636,54,142,40,182,50,32,264,23697,8,direct_2011_lsoa_code,1,Redbridge 005C,,22,,25,14,14,,27,,,14,14,1,1,,25
E01003660,1775,372,20.9577464788732,258,14.5352112676056,672,60,163,30,193,24,29,246,28631,9,direct_2011_lsoa_code,1,Redbridge 004D,,,,25,7,7,,24,,,,25,5,5,,24
E01003661,2221,518,23.3228275551553,276,12.4268347591175,696,60,188,20,208,57,56,321,16106,5,direct_2011_lsoa_code,1,Redbridge 038A,9,9,12,12,,17,4,4,,20,4,4,4,4,,
E01003662,2141,524,24.4745446053246,156,7.28631480616534,761,50,177,22,199,51,53,303,16077,5,direct_2011_lsoa_code,1,Redbridge 038C,8,8,5,5,,16,11,11,,19,4,4,2,2,,
E01003663,1962,427,21.7635066258919,359,18.2976554536188,640,123,165,12,177,30,54,261,18844,6,direct_2011_lsoa_code,1,Redbridge 037A,3,3,,17,,24,14,13,,12,14,13,3,3,,28
E01003664,1913,482,25.196027182436,181,9.46157867224255,562,41,178,17,195,34,49,278,18219,6,direct_2011_lsoa_code,1,Redbridge 037B,9,9,,23,13,13,11,11,,26,11,11,12,12,,
E01003665,1711,408,23.8457042665108,207,12.0981881940386,513,46,144,10,154,22,53,229,22292,7,direct_2011_lsoa_code,1,Redbridge 037E,1,1,,16,,16,6,6,,14,6,6,3,3,,
E01003666,2904,850,29.2699724517906,140,4.82093663911846,1067,56,252,38,290,183,50,523,14098,5,direct_2011_lsoa_code,1,Redbridge 038B,6,6,14,14,,22,10,10,,21,10,10,7,7,,
E01003668,1719,255,14.8342059336824,284,16.52123327516,800,103,103,24,127,36,22,185,25877,8,direct_2011_lsoa_code,1,Redbridge 007A,7,7,7,7,10,10,5,5,,25,6,6,5,5,8,8
E01003669,1549,306,19.7546804389929,225,14.5255003227889,625,48,137,24,161,36,17,214,29252,9,direct_2011_lsoa_code,1,Redbridge 007B,12,12,15,15,12,12,8,8,,28,5,5,4,4,,23
E01003670,1532,315,20.5613577023499,260,16.9712793733681,581,61,122,20,142,32,25,199,25058,8,direct_2011_lsoa_code,1,Redbridge 007C,7,7,,15,10,10,4,4,,,8,8,4,4,,20
E01003671,1561,327,20.9481101857783,262,16.7841127482383,554,60,167,20,187,14,24,225,31809,10,direct_2011_lsoa_code,1,Redbridge 007D,13,13,14,14,2,2,13,13,,,14,14,8,8,,27
E01003672,1696,350,20.6367924528302,206,12.1462264150943,754,101,122,30,152,58,27,237,16827,6,direct_2011_lsoa_code,1,Redbridge 007E,9,9,8,8,9,9,2,2,,25,2,2,1,1,15,14
E01003673,1915,360,18.798955613577,199,10.3916449086162,797,70,162,52,214,33,31,278,23653,8,direct_2011_lsoa_code,1,Redbridge 007F,,16,,16,,19,12,12,,25,10,10,4,4,,24
E01003674,2422,465,19.1990090834021,258,10.6523534269199,1063,99,198,30,228,75,29,332,25801,8,direct_2011_lsoa_code,1,Redbridge 007G,12,12,7,7,10,10,7,7,,25,6,6,5,5,13,13
E01003675,1721,333,19.3492155723417,253,14.7007553747821,502,33,101,4,105,24,71,200,19264,6,direct_2011_lsoa_code,1,Redbridge 036A,13,13,,16,,16,,21,,22,,15,3,3,6,6
E01003676,1940,399,20.5670103092783,246,12.680412371134,520,36,124,4,128,29,81,238,24174,8,direct_2011_lsoa_code,1,Redbridge 036B,5,5,,18,,19,,23,,17,,17,3,3,11,11
E01003677,1808,306,16.924778761062,297,16.4269911504425,525,46,124,3,127,15,52,194,25226,8,direct_2011_lsoa_code,1,Redbridge 036C,8,8,15,19,11,11,,21,5,5,15,15,1,1,,18
E01003678,1640,297,18.109756097561,276,16.8292682926829,474,21,115,10,125,24,51,200,24850,8,direct_2011_lsoa_code,1,Redbridge 036D,12,12,14,14,,15,,15,,27,13,13,10,10,,21
E01003679,1758,337,19.1695108077361,260,14.7895335608646,494,33,136,5,141,15,61,217,25777,8,direct_2011_lsoa_code,1,Redbridge 036E,8,8,13,13,13,13,14,14,,29,13,13,5,5,,24
E01003680,1667,321,19.256148770246,242,14.5170965806839,484,36,123,6,129,19,60,208,27414,9,direct_2011_lsoa_code,1,Redbridge 036F,3,3,,21,14,14,8,8,,,,19,5,5,,28
E01003681,2022,351,17.3590504451039,337,16.6666666666667,678,107,127,8,135,76,52,263,18092,6,direct_2011_lsoa_code,1,Redbridge 036G,4,4,15,14,,15,,15,14,14,15,13,4,4,,19
E01003682,1856,352,18.9655172413793,262,14.1163793103448,510,31,140,4,144,15,63,222,26704,9,direct_2011_lsoa_code,1,Redbridge 036H,8,8,,20,,24,,21,15,15,,19,7,7,,23
E01003683,2187,588,26.8861454046639,181,8.27617741197988,572,34,161,19,180,42,88,310,14189,5,direct_2011_lsoa_code,1,Redbridge 040C,7,7,,19,13,13,,20,,,6,6,1,1,,
E01003684,1866,490,26.2593783494105,160,8.57449088960343,503,30,131,15,146,33,65,244,15771,5,direct_2011_lsoa_code,1,Redbridge 040E,7,7,,16,9,9,,14,,,10,10,2,2,,
E01003685,1925,444,23.0649350649351,175,9.09090909090909,546,27,128,4,132,27,75,234,13604,5,direct_2011_lsoa_code,1,Redbridge 040D,8,8,13,13,11,11,11,11,,,4,4,4,4,,29
E01003686,2021,454,22.4641266699654,231,11.4299851558634,577,40,117,8,125,37,95,257,9947,4,direct_2011_lsoa_code,1,Redbridge 040A,5,5,13,13,8,8,13,13,,,12,12,1,1,,28
E01003688,1840,468,25.4347826086957,197,10.7065217391304,525,21,105,8,113,66,89,268,10610,4,direct_2011_lsoa_code,1,Redbridge 040B,8,8,8,8,5,5,6,6,,,5,5,5,5,,24
E01003689,2226,469,21.0691823899371,217,9.74842767295597,728,77,188,8,196,35,69,300,7418,3,direct_2011_lsoa_code,1,Redbridge 039C,3,3,8,8,6,6,2,2,,,3,3,5,5,,23
E01003690,2154,429,19.91643454039,303,14.066852367688,748,61,180,21,201,44,46,291,15629,5,direct_2011_lsoa_code,1,Redbridge 035A,9,9,12,12,4,4,,19,,28,,17,8,8,15,15
E01003691,1608,338,21.0199004975124,172,10.6965174129353,459,32,106,3,109,27,58,194,20419,7,direct_2011_lsoa_code,1,Redbridge 035B,2,2,,20,5,5,,29,,,,21,8,8,,24
E01003692,1639,359,21.9035997559488,202,12.3245881635143,474,35,126,7,133,23,58,214,19306,6,direct_2011_lsoa_code,1,Redbridge 035C,12,12,15,15,14,14,,20,,29,,17,7,7,,16
E01003693,1702,362,21.2690951821387,213,12.5146886016451,444,22,96,4,100,12,85,197,19697,6,direct_2011_lsoa_code,1,Redbridge 035D,,,,,12,12,,,,,,,,,,
E01003694,1466,253,17.2578444747613,279,19.031377899045,446,58,84,2,86,24,52,162,17773,6,direct_2011_lsoa_code,1,Redbridge 035E,6,6,,11,7,7,,20,,28,,12,0,0,,15
E01003695,1518,318,20.9486166007905,208,13.7022397891963,494,34,101,5,106,27,50,183,12102,4,direct_2011_lsoa_code,1,Redbridge 035F,9,9,13,10,11,11,,19,,29,14,11,2,2,,16
E01003696,1779,293,16.4699269252389,274,15.4019111860596,522,54,111,2,113,22,53,188,22750,7,direct_2011_lsoa_code,1,Redbridge 035G,12,12,14,14,,20,,20,,28,14,14,5,5,11,11
E01003697,1727,322,18.6450492182976,219,12.6809496236248,508,35,127,7,134,19,65,218,16185,5,direct_2011_lsoa_code,1,Redbridge 035H,,17,,19,,17,,22,,24,,18,8,8,8,8
E01003698,1526,345,22.608125819135,201,13.1716906946265,521,51,124,18,142,27,41,210,19482,6,direct_2011_lsoa_code,1,Redbridge 006A,7,7,6,6,,17,7,7,,,4,4,5,5,,17
E01003699,1555,327,21.0289389067524,223,14.3408360128617,591,90,105,24,129,34,43,206,20047,7,direct_2011_lsoa_code,1,Redbridge 006B,,22,,22,6,6,,22,,,,19,8,8,,20
E01003700,2526,520,20.5859065716548,336,13.3016627078385,866,108,188,16,204,41,74,319,16080,5,direct_2011_lsoa_code,1,Redbridge 006C,9,9,11,11,,16,9,9,,,12,9,4,4,14,14
E01003701,2053,437,21.2859230394545,247,12.0311738918656,684,63,163,9,172,50,70,292,17540,6,direct_2011_lsoa_code,1,Redbridge 006D,7,7,4,4,12,12,,15,,,5,5,5,5,11,11
E01003702,2254,457,20.2750665483585,226,10.0266193433895,916,103,192,16,208,66,49,323,17235,6,direct_2011_lsoa_code,1,Redbridge 006E,,,,,,,,,,,,,,,,
E01003703,2648,531,20.0528700906344,395,14.916918429003,978,82,167,25,192,103,59,354,19424,6,direct_2011_lsoa_code,1,Redbridge 006F,,,,,,,,,,,,,14,14,,
E01003704,2031,468,23.0428360413589,226,11.1275233874938,693,86,145,19,164,51,85,300,15466,5,direct_2011_lsoa_code,1,Redbridge 006G,7,7,10,10,,16,5,5,,,6,6,5,5,13,13
E01003705,2421,519,21.4374225526642,280,11.5654688145394,822,67,210,14,224,59,63,346,19660,6,direct_2011_lsoa_code,1,Redbridge 010A,3,3,7,7,,14,,15,,,9,9,2,2,14,14
E01003706,1702,388,22.7967097532315,237,13.924794359577,622,72,132,14,146,64,39,249,17640,6,direct_2011_lsoa_code,1,Redbridge 010B,6,6,,14,,12,,22,,,,14,1,1,,22
E01003707,1527,307,20.1047806155861,244,15.9790438768828,488,44,113,8,121,27,37,185,18419,6,direct_2011_lsoa_code,1,Redbridge 008A,1,1,15,15,7,7,13,13,,,,21,4,4,,28
E01003708,2062,492,23.8603297769156,170,8.24442289039767,754,56,161,15,176,83,60,319,8492,3,direct_2011_lsoa_code,1,Redbridge 008B,8,8,,18,5,5,,24,,,,18,3,3,,26
E01003709,1772,370,20.8803611738149,291,16.4221218961625,571,63,143,13,156,25,48,229,24915,8,direct_2011_lsoa_code,1,Redbridge 008C,7,7,,20,13,13,,19,,,,20,7,7,,28
E01003710,1520,261,17.171052631579,310,20.3947368421053,505,83,82,7,89,13,61,163,23433,8,direct_2011_lsoa_code,1,Redbridge 008D,8,8,10,10,15,15,8,8,,,11,11,5,5,,24
E01003711,1912,381,19.9267782426778,330,17.2594142259414,636,76,158,11,169,43,39,251,17087,6,direct_2011_lsoa_code,1,Redbridge 010C,6,6,8,8,5,5,14,14,,,5,5,4,4,,16
E01003712,1500,329,21.9333333333333,207,13.8,543,88,80,14,94,49,47,190,4305,2,direct_2011_lsoa_code,1,Redbridge 010D,9,9,,17,,23,11,11,,,,18,5,5,,27
E01003713,1885,409,21.6976127320955,212,11.2466843501326,492,32,109,6,115,20,91,226,16721,6,direct_2011_lsoa_code,1,Redbridge 034A,14,10,,16,13,13,12,12,,25,7,7,2,2,,
E01003714,2418,581,24.0281224152192,190,7.85773366418528,684,47,202,14,216,32,103,351,15160,5,direct_2011_lsoa_code,1,Redbridge 034B,9,9,,15,14,14,3,3,,,5,5,4,4,,
E01003715,2217,510,23.0040595399188,212,9.56247180875056,627,33,134,12,146,33,91,270,14846,5,direct_2011_lsoa_code,1,Redbridge 034C,9,9,,18,,18,6,6,,,3,3,2,2,,
E01003716,1819,369,20.2858713578889,242,13.3040131940627,593,65,110,6,116,24,62,202,12597,4,direct_2011_lsoa_code,1,Redbridge 034D,7,7,9,9,9,9,,26,,26,12,12,2,2,,
E01003718,2004,522,26.0479041916168,141,7.03592814371257,659,26,210,14,224,66,47,337,15521,5,direct_2011_lsoa_code,1,Redbridge 034E,5,5,,15,13,13,,20,,23,9,9,5,5,,
E01003719,2405,574,23.8669438669439,269,11.1850311850312,720,44,177,16,193,63,91,347,11868,4,direct_2011_lsoa_code,1,Redbridge 034F,4,4,,18,6,6,,17,,26,10,10,4,4,,
E01003720,1922,362,18.834547346514,327,17.0135275754422,790,133,113,16,129,60,48,237,7685,3,direct_2011_lsoa_code,1,Redbridge 002A,4,4,11,11,7,7,,20,,,12,12,6,6,,18
E01003721,1897,405,21.3494992092778,287,15.1291512915129,659,80,121,17,138,84,52,274,14768,5,direct_2011_lsoa_code,1,Redbridge 003A,8,8,12,12,6,6,,17,,,8,8,5,5,11,11
E01003722,2419,618,25.5477470028938,238,9.83877635386523,824,62,176,40,216,69,71,356,11062,4,direct_2011_lsoa_code,1,Redbridge 002B,12,12,,19,,14,,22,,,,19,3,3,,20
E01003723,1915,402,20.9921671018277,247,12.8981723237598,721,75,119,29,148,64,51,263,8981,3,direct_2011_lsoa_code,1,Redbridge 002C,8,8,10,10,7,7,,19,,,11,11,3,3,,17
E01003724,1482,309,20.8502024291498,200,13.4952766531714,506,41,118,16,134,29,42,205,15922,5,direct_2011_lsoa_code,1,Redbridge 003B,,18,,18,,17,,24,,,,18,5,5,,24
E01003725,1761,427,24.2475865985236,180,10.221465076661,668,57,119,15,134,95,37,266,10042,4,direct_2011_lsoa_code,1,Redbridge 003C,7,7,11,11,4,4,,24,,,10,10,3,3,,23
E01003726,2528,617,24.4066455696203,140,5.5379746835443,936,43,212,48,260,70,53,383,7199,3,direct_2011_lsoa_code,1,Redbridge 002D,,25,,22,,24,,,,,,23,7,7,,
E01003727,1784,399,22.3654708520179,199,11.1547085201794,639,62,107,17,124,59,51,234,8070,3,direct_2011_lsoa_code,1,Redbridge 003D,9,9,9,9,3,3,,24,,,8,8,5,5,,22
E01003729,1773,444,25.0423011844332,139,7.83981951494642,496,40,130,8,138,33,63,234,8275,3,direct_2011_lsoa_code,1,Redbridge 032B,8,8,10,10,4,4,11,11,,,6,6,2,2,,25
E01003730,1839,448,24.3610657966286,145,7.8847199564981,457,13,130,9,139,33,73,245,11709,4,direct_2011_lsoa_code,1,Redbridge 032C,8,8,15,15,12,12,14,13,,,3,3,4,4,,
E01003731,1415,320,22.6148409893993,112,7.91519434628975,418,29,98,9,107,37,46,190,9924,4,direct_2011_lsoa_code,1,Redbridge 033A,3,3,,20,3,3,9,9,,,7,7,4,4,,
E01003732,1829,545,29.7977036632039,146,7.98250410060142,632,14,155,24,179,113,31,323,6300,2,direct_2011_lsoa_code,1,Redbridge 032D,6,6,,20,15,15,9,9,,,,19,8,8,,
E01003733,1839,465,25.2854812398042,141,7.66721044045677,492,24,128,9,137,40,69,246,10523,4,direct_2011_lsoa_code,1,Redbridge 032E,5,5,,16,9,9,12,12,,,12,12,5,5,,
E01003734,1835,482,26.267029972752,157,8.5558583106267,500,32,117,9,126,38,85,249,12747,4,direct_2011_lsoa_code,1,Redbridge 033B,7,7,,12,7,7,2,2,,,,10,0,0,,29
E01003735,2108,535,25.3795066413662,183,8.68121442125237,705,86,130,15,145,104,64,313,6134,2,direct_2011_lsoa_code,1,Redbridge 033C,5,5,,18,6,6,8,8,,,14,14,1,1,,
E01003736,2036,613,30.1080550098232,75,3.68369351669941,492,15,128,15,143,43,110,296,10763,4,direct_2011_lsoa_code,1,Redbridge 033D,8,8,,17,8,8,5,5,,,,16,5,5,,
E01003737,2976,844,28.3602150537634,328,11.0215053763441,668,63,135,7,142,41,134,317,19340,6,direct_2011_lsoa_code,1,Redbridge 031A,3,3,,19,,20,,21,,29,13,13,6,6,,
E01003738,2377,529,22.2549432057215,266,11.1905763567522,654,53,170,12,182,33,91,306,19783,7,direct_2011_lsoa_code,1,Redbridge 031B,13,13,15,12,,13,,23,,,,13,4,4,,
E01003739,2398,587,24.4787322768974,224,9.34111759799833,673,62,184,8,192,43,85,320,14512,5,direct_2011_lsoa_code,1,Redbridge 031C,9,9,,21,15,14,,12,,29,12,12,0,0,,
E01003740,2222,467,21.017101710171,273,12.2862286228623,616,49,143,8,151,27,87,265,15804,5,direct_2011_lsoa_code,1,Redbridge 031D,9,9,,20,11,11,10,10,,,13,13,3,3,,
E01003741,2046,494,24.1446725317693,305,14.9071358748778,667,96,139,10,149,72,61,282,17671,6,direct_2011_lsoa_code,1,Redbridge 031E,14,14,,15,9,9,,21,,,11,11,6,6,,
E01003742,2374,581,24.4734625105308,161,6.78180286436394,643,35,184,11,195,36,104,335,18836,6,direct_2011_lsoa_code,1,Redbridge 031F,3,3,,21,13,13,5,5,,,6,6,5,5,,
E01003743,1903,453,23.8045191802417,215,11.297950604309,517,36,126,8,134,39,78,251,13901,5,direct_2011_lsoa_code,1,Redbridge 031G,4,4,,19,11,11,,20,,,13,13,5,5,,
E01003744,1453,257,17.6875430144529,373,25.6710254645561,618,111,117,14,131,20,17,168,26576,9,direct_2011_lsoa_code,1,Redbridge 001A,14,14,,19,,17,,18,,,,18,4,4,,
E01003745,1413,251,17.7636234961076,286,20.2406227883935,476,41,124,11,135,13,29,177,29754,10,direct_2011_lsoa_code,1,Redbridge 001B,13,13,,26,,18,,25,,,,25,7,7,,
E01003746,1618,284,17.5525339925834,428,26.4524103831891,679,122,126,17,143,22,21,186,31386,10,direct_2011_lsoa_code,1,Redbridge 001C,3,3,,24,12,11,,20,,,,22,5,5,,
E01003747,1359,272,20.0147167034584,275,20.2354672553348,483,66,143,4,147,9,20,176,29547,9,direct_2011_lsoa_code,1,Redbridge 001D,13,13,15,15,15,15,12,12,,,15,15,14,14,15,15
E01003748,1637,283,17.2877214416616,384,23.4575442883323,624,71,138,13,151,17,24,192,30568,10,direct_2011_lsoa_code,1,Redbridge 001E,13,13,11,11,10,10,7,7,,,11,11,12,12,11,11
E01003749,1765,341,19.3201133144476,292,16.5439093484419,684,83,115,25,140,60,37,237,26609,9,direct_2011_lsoa_code,1,Redbridge 001F,11,11,8,8,9,9,10,10,,,7,7,3,3,11,11
E01003750,1915,331,17.2845953002611,385,20.1044386422977,878,197,132,25,157,42,17,216,21971,7,direct_2011_lsoa_code,1,Redbridge 001G,7,7,,21,5,5,14,14,,,,18,2,2,,26
E01003751,2274,486,21.3720316622691,242,10.6420404573439,673,44,155,11,166,45,101,312,17637,6,direct_2011_lsoa_code,1,Redbridge 020A,13,13,,19,13,13,,20,,29,,19,7,7,,22
E01003752,2773,553,19.9423007573026,303,10.9267940858276,823,43,221,6,227,32,96,355,21341,7,direct_2011_lsoa_code,1,Redbridge 023A,12,12,14,14,12,12,,19,,,13,13,6,6,,16
E01003753,1988,447,22.4849094567404,200,10.0603621730382,626,49,185,18,203,37,53,293,20656,7,direct_2011_lsoa_code,1,Redbridge 020B,12,12,12,12,7,7,10,10,,29,12,12,6,6,11,11
E01003754,1720,311,18.0813953488372,299,17.3837209302326,556,75,100,4,104,25,62,191,21046,7,direct_2011_lsoa_code,1,Redbridge 020C,5,5,,23,12,12,,25,,,2,2,11,11,,26
E01003755,2413,601,24.9067550766681,207,8.57853294653958,661,30,205,10,215,43,80,338,19173,6,direct_2011_lsoa_code,1,Redbridge 023B,14,14,10,10,12,12,14,14,,,10,10,4,4,,19
E01003756,2497,559,22.3868642370845,253,10.1321585903084,755,51,189,10,199,71,83,353,17117,6,direct_2011_lsoa_code,1,Redbridge 023C,4,4,15,14,8,8,,16,,,,13,1,1,,21
E01003757,2141,472,22.0457730032695,239,11.1630079402149,640,41,144,15,159,49,86,294,14062,5,direct_2011_lsoa_code,1,Redbridge 020D,5,5,,18,7,7,,22,,,10,10,8,8,,
E01003759,1584,345,21.780303030303,276,17.4242424242424,556,62,158,18,176,12,28,216,30489,10,direct_2011_lsoa_code,1,Redbridge 009A,9,9,10,10,12,12,11,11,9,9,15,16,2,2,12,12
E01003760,1894,380,20.0633579725449,208,10.9820485744456,672,45,137,21,158,53,48,259,18912,6,direct_2011_lsoa_code,1,Redbridge 009B,8,8,,23,13,13,,24,,,,16,3,3,,22
E01003761,1822,479,26.2897914379802,118,6.47639956092206,683,47,131,19,150,128,29,307,4343,2,direct_2011_lsoa_code,1,Redbridge 009C,,16,,21,13,13,,20,,,,14,1,1,,18
E01003762,1731,359,20.7394569612941,193,11.1496244945118,652,64,155,29,184,39,23,246,19879,7,direct_2011_lsoa_code,1,Redbridge 009D,10,10,,20,5,5,,20,,29,15,15,3,3,15,19
E01003763,2010,440,21.8905472636816,302,15.0248756218905,661,73,163,23,186,34,56,276,22891,7,direct_2011_lsoa_code,1,Redbridge 009E,,19,12,12,,23,15,15,,23,15,14,6,6,,21
E01003764,2105,437,20.7600950118765,229,10.8788598574822,857,82,168,47,215,60,28,303,19839,7,direct_2011_lsoa_code,1,Redbridge 009F,10,10,,19,4,4,,19,,,,21,9,9,,18
E01003765,1939,398,20.5260443527592,173,8.92212480660134,740,43,171,23,194,55,27,276,26421,9,direct_2011_lsoa_code,1,Redbridge 009G,4,4,8,8,2,2,10,10,,25,14,14,2,2,11,11
E01003766,2175,519,23.8620689655172,224,10.2988505747126,624,41,183,24,207,27,72,306,14798,5,direct_2011_lsoa_code,1,Redbridge 024A,11,11,,18,11,11,,23,,,12,12,10,10,,
E01003767,2196,556,25.3187613843352,186,8.46994535519126,662,54,161,25,186,79,81,346,12449,4,direct_2011_lsoa_code,1,Redbridge 024B,11,11,4,4,10,10,,18,,25,10,10,3,3,,
E01003768,1922,438,22.7887617065557,207,10.7700312174818,653,47,124,26,150,57,70,277,8376,3,direct_2011_lsoa_code,1,Redbridge 024C,12,12,,17,,16,,23,,,9,9,9,9,,
E01003769,1876,410,21.8550106609808,182,9.70149253731343,584,26,151,12,163,51,56,270,10920,4,direct_2011_lsoa_code,1,Redbridge 022A,3,3,3,3,4,4,,17,,14,6,6,1,1,,
E01003770,2888,679,23.51108033241,230,7.96398891966759,877,37,243,17,260,65,104,429,17295,6,direct_2011_lsoa_code,1,Redbridge 022B,10,10,,22,,21,,27,4,4,,22,5,5,,
E01003771,1796,434,24.1648106904232,233,12.9732739420935,525,35,121,12,133,43,61,237,17062,6,direct_2011_lsoa_code,1,Redbridge 022C,8,8,13,13,9,9,,25,,16,,14,5,5,,
E01003772,1816,439,24.1740088105727,214,11.784140969163,524,31,140,10,150,29,57,236,16747,6,direct_2011_lsoa_code,1,Redbridge 024D,5,5,,24,8,8,,29,,,6,6,,18,,
E01003773,1827,457,25.0136836343733,188,10.2900930487137,557,46,162,11,173,29,61,263,18922,6,direct_2011_lsoa_code,1,Redbridge 022D,9,9,8,8,3,3,,19,,17,14,14,6,6,,
E01003774,1934,393,20.3205791106515,258,13.3402275077559,853,108,178,35,213,42,15,270,25937,8,direct_2011_lsoa_code,1,Redbridge 014A,15,14,,15,11,11,,15,11,11,,13,2,2,13,13
E01003775,1658,287,17.3100120627262,308,18.5765983112183,640,75,106,15,121,33,42,196,27588,9,direct_2011_lsoa_code,1,Redbridge 014B,12,12,,25,,24,,24,,,,22,9,9,,23
E01003776,1730,245,14.1618497109827,403,23.2947976878613,900,247,79,16,95,48,25,168,11451,4,direct_2011_lsoa_code,1,Redbridge 014C,10,10,,16,10,10,,16,,23,,14,0,0,10,10
E01003777,1824,265,14.5285087719298,266,14.5833333333333,846,103,107,27,134,25,21,180,27288,9,direct_2011_lsoa_code,1,Redbridge 014D,8,8,9,9,2,2,5,5,8,8,4,4,3,3,9,9
E01003778,1946,313,16.0842754367934,290,14.9023638232271,899,133,142,25,167,32,17,216,24959,8,direct_2011_lsoa_code,1,Redbridge 014E,4,4,8,8,4,4,3,3,,20,5,5,3,3,9,9
E01003779,1647,273,16.5755919854281,329,19.9757134183364,719,142,119,20,139,38,8,185,19836,7,direct_2011_lsoa_code,1,Redbridge 014F,4,4,15,14,11,11,13,13,,23,15,13,4,4,13,12
E01003780,1565,280,17.8913738019169,326,20.8306709265176,508,44,128,6,134,14,29,177,29644,10,direct_2011_lsoa_code,1,Redbridge 014G,13,13,,23,,24,15,22,,26,14,14,10,10,,26
E01003781,2018,403,19.9702675916749,180,8.9197224975223,653,28,164,9,173,53,50,276,16875,6,direct_2011_lsoa_code,1,Redbridge 026A,4,4,6,6,13,12,9,9,,,7,7,5,5,,18
E01003782,1739,488,28.0621046578493,152,8.74065554916619,482,27,148,9,157,39,62,258,12806,4,direct_2011_lsoa_code,1,Redbridge 026B,3,3,9,9,11,11,4,4,,,11,11,2,2,,25
E01003783,2529,631,24.9505733491499,226,8.93633847370502,885,83,207,27,234,94,64,392,6193,2,direct_2011_lsoa_code,1,Redbridge 029A,7,7,6,6,9,9,6,6,,,6,6,4,4,,17
E01003784,2008,451,22.4601593625498,180,8.96414342629482,593,25,133,7,140,37,76,253,15774,5,direct_2011_lsoa_code,1,Redbridge 029B,10,10,13,13,13,13,,25,,,12,12,8,8,,19
E01003785,2044,479,23.4344422700587,170,8.31702544031311,670,32,148,15,163,55,74,292,10363,4,direct_2011_lsoa_code,1,Redbridge 029C,8,8,12,12,14,13,,19,,,11,11,9,9,,20
E01003786,1636,399,24.3887530562347,186,11.3691931540342,455,22,135,11,146,19,48,213,21062,7,direct_2011_lsoa_code,1,Redbridge 026C,12,12,,18,10,10,,22,,,,20,9,9,,23
E01003787,1647,385,23.3758348512447,204,12.3861566484517,491,39,124,5,129,24,58,211,18548,6,direct_2011_lsoa_code,1,Redbridge 026D,6,6,13,13,12,12,9,9,,,14,14,8,8,,25
E01003788,1835,440,23.9782016348774,185,10.0817438692098,633,32,166,20,186,63,44,293,10819,4,direct_2011_lsoa_code,1,Redbridge 029D,6,6,10,9,15,15,,19,,29,11,11,3,3,,16
E01003789,1425,246,17.2631578947368,259,18.1754385964912,588,72,103,10,113,25,21,159,24187,8,direct_2011_lsoa_code,1,Redbridge 018A,13,13,12,12,4,4,13,13,,23,12,12,5,5,7,7
E01003790,1496,307,20.5213903743316,248,16.5775401069519,546,65,125,31,156,24,26,206,17735,6,direct_2011_lsoa_code,1,Redbridge 027A,14,14,,,3,3,14,14,,,,,14,14,,
E01003791,1499,321,21.4142761841228,317,21.1474316210807,540,59,112,26,138,18,29,185,18271,6,direct_2011_lsoa_code,1,Redbridge 027B,10,10,14,14,4,4,,19,,,,21,10,10,,20
E01003792,1422,284,19.971870604782,219,15.4008438818565,503,43,126,20,146,17,20,183,22984,7,direct_2011_lsoa_code,1,Redbridge 027C,14,12,,19,,16,6,6,,,,14,1,1,,18
E01003793,1580,316,20,222,14.0506329113924,734,120,99,36,135,64,15,214,10782,4,direct_2011_lsoa_code,1,Redbridge 027D,8,8,,19,15,15,10,10,,,,18,3,3,,18
E01003794,1548,349,22.5452196382429,262,16.9250645994832,580,98,158,18,176,28,24,228,27130,9,direct_2011_lsoa_code,1,Redbridge 018B,12,12,,,11,11,,,,,,,12,12,,25
E01003795,1236,270,21.8446601941748,234,18.9320388349515,433,42,123,13,136,12,19,167,26624,9,direct_2011_lsoa_code,1,Redbridge 018C,4,4,,17,13,13,,18,,27,,17,4,4,11,11
E01003796,1580,305,19.3037974683544,270,17.0886075949367,605,65,141,15,156,28,19,203,25148,8,direct_2011_lsoa_code,1,Redbridge 018D,11,11,11,11,5,5,14,14,,24,12,12,6,6,6,6
E01003797,1424,282,19.8033707865169,364,25.561797752809,515,82,155,10,165,19,11,195,29529,9,direct_2011_lsoa_code,1,Richmond upon Thames 001A,15,15,,17,,19,,20,,28,15,15,3,3,,
E01003798,1406,244,17.3541963015647,317,22.5462304409673,649,112,106,13,119,33,15,167,26405,9,direct_2011_lsoa_code,1,Richmond upon Thames 001B,8,8,10,10,8,8,9,9,,23,9,9,4,4,,29
E01003799,1574,332,21.0927573062262,259,16.4548919949174,641,70,146,20,166,19,11,196,28093,9,direct_2011_lsoa_code,1,Richmond upon Thames 001C,,21,,19,5,5,,19,,27,9,9,6,6,,
E01003800,1502,284,18.9081225033289,255,16.9773635153129,604,81,116,20,136,42,19,197,20893,7,direct_2011_lsoa_code,1,Richmond upon Thames 001D,5,5,,16,,15,,16,,26,14,12,3,3,,
E01003801,1282,215,16.7706708268331,219,17.0826833073323,541,74,116,8,124,17,10,151,31478,10,direct_2011_lsoa_code,1,Richmond upon Thames 001E,12,12,,21,14,14,,21,,29,6,6,5,5,,
E01003802,1394,243,17.4318507890961,271,19.4404591104735,627,96,134,12,146,29,7,182,30831,10,direct_2011_lsoa_code,1,Richmond upon Thames 001F,,23,,24,,22,,28,,,10,10,9,9,,
E01003803,1555,322,20.7073954983923,199,12.7974276527331,607,72,106,15,121,58,17,196,11485,4,direct_2011_lsoa_code,1,Richmond upon Thames 001G,3,3,,20,,20,,21,,,,13,3,3,,
E01003804,1907,483,25.3277399056109,247,12.9522810697431,753,83,215,26,241,40,18,299,29734,10,direct_2011_lsoa_code,1,Richmond upon Thames 005A,6,6,11,11,8,8,,16,,24,5,5,3,3,,23
E01003805,1727,438,25.3618992472496,365,21.1349160393746,599,64,216,17,233,12,15,260,31751,10,direct_2011_lsoa_code,1,Richmond upon Thames 012A,12,12,,,,,,,,,,,9,9,,
E01003806,1472,358,24.320652173913,278,18.8858695652174,511,52,166,9,175,15,12,202,27043,9,direct_2011_lsoa_code,1,Richmond upon Thames 012B,14,14,,,,,,,,,,,14,14,,
E01003807,1967,402,20.4372140315201,244,12.4046771733604,839,96,183,25,208,36,24,268,27275,9,direct_2011_lsoa_code,1,Richmond upon Thames 005B,9,9,6,6,12,12,,19,,24,7,7,5,5,,26
E01003808,1888,456,24.1525423728814,249,13.1885593220339,783,117,225,25,250,34,14,298,29480,9,direct_2011_lsoa_code,1,Richmond upon Thames 005C,8,8,10,10,10,10,,20,13,13,8,8,3,3,,27
E01003809,1712,386,22.5467289719626,372,21.7289719626168,637,74,189,9,198,20,20,238,29373,9,direct_2011_lsoa_code,1,Richmond upon Thames 005D,4,4,,16,9,9,,23,,25,15,17,8,8,,
E01003810,1633,389,23.8211879975505,235,14.3906919779547,620,52,175,14,189,35,13,237,27730,9,direct_2011_lsoa_code,1,Richmond upon Thames 019A,15,15,,17,7,7,9,9,15,15,10,10,2,2,,
E01003811,1842,490,26.6015200868621,183,9.93485342019544,718,65,220,36,256,51,8,315,30014,10,direct_2011_lsoa_code,1,Richmond upon Thames 018A,6,6,,16,,15,,16,2,2,12,12,5,5,,
E01003812,1856,399,21.4978448275862,203,10.9375,749,60,189,30,219,38,15,272,27315,9,direct_2011_lsoa_code,1,Richmond upon Thames 018B,6,6,11,11,15,19,,18,12,12,,13,3,3,,
E01003813,1620,329,20.3086419753086,348,21.4814814814815,621,83,162,18,180,25,9,214,30765,10,direct_2011_lsoa_code,1,Richmond upon Thames 019B,11,11,,21,9,9,9,9,,21,7,7,7,7,,
E01003814,1786,261,14.6136618141097,344,19.2609182530795,797,102,125,25,150,29,12,191,25837,8,direct_2011_lsoa_code,1,Richmond upon Thames 019C,15,15,,17,10,10,12,12,15,14,8,8,5,5,,
E01003815,1990,383,19.2462311557789,340,17.0854271356784,934,165,150,34,184,67,15,266,25903,8,direct_2011_lsoa_code,1,Richmond upon Thames 019D,10,10,,19,7,7,6,6,,16,3,3,4,4,,
E01003816,1739,425,24.4393329499713,308,17.7113283496262,617,83,198,12,210,31,22,263,21996,7,direct_2011_lsoa_code,1,Richmond upon Thames 012C,,,,,13,13,,,,,,,4,4,,
E01003817,1988,413,20.7746478873239,427,21.4788732394366,859,168,174,19,193,45,27,265,23338,8,direct_2011_lsoa_code,1,Richmond upon Thames 012D,,,,,,16,,,,,,,10,10,,
E01003818,1603,381,23.7679351216469,304,18.9644416718653,665,111,148,29,177,52,15,244,28188,9,direct_2011_lsoa_code,1,Richmond upon Thames 017A,5,5,,27,,14,,25,,15,2,2,1,1,,
E01003819,1774,403,22.71702367531,266,14.9943630214205,728,98,120,26,146,75,27,248,8640,3,direct_2011_lsoa_code,1,Richmond upon Thames 017B,,,,,,16,,,,,,,,,,
E01003820,2032,500,24.6062992125984,296,14.5669291338583,757,92,181,36,217,76,27,320,22800,7,direct_2011_lsoa_code,1,Richmond upon Thames 017C,6,6,,24,10,10,,23,8,8,9,9,1,1,,
E01003821,1694,335,19.775678866588,214,12.6328217237308,765,92,169,22,191,33,11,235,30378,10,direct_2011_lsoa_code,1,Richmond upon Thames 008A,9,9,,15,0,0,14,11,,25,9,9,3,3,,15
E01003822,1476,256,17.3441734417344,376,25.4742547425474,521,48,135,14,149,14,13,176,32237,10,direct_2011_lsoa_code,1,Richmond upon Thames 023A,3,3,14,14,10,10,13,13,,28,7,7,8,8,,
E01003823,1703,207,12.1550205519671,426,25.014679976512,804,125,93,15,108,20,19,147,28018,9,direct_2011_lsoa_code,1,Richmond upon Thames 023B,,14,,12,7,7,,16,,29,,19,2,2,,
E01003824,1633,355,21.7391304347826,325,19.9020208205756,628,80,176,24,200,27,10,237,30910,10,direct_2011_lsoa_code,1,Richmond upon Thames 023C,7,7,12,12,12,12,3,3,,,8,8,5,5,,
E01003825,1776,415,23.3671171171171,296,16.6666666666667,653,65,209,19,228,23,21,272,32070,10,direct_2011_lsoa_code,1,Richmond upon Thames 023D,10,10,,18,6,6,12,12,,,,18,6,6,,
E01003826,1784,362,20.2914798206278,304,17.0403587443946,770,110,121,26,147,68,22,237,12129,4,direct_2011_lsoa_code,1,Richmond upon Thames 023E,7,7,14,14,,16,,21,,,,17,2,2,,
E01003827,1934,364,18.8210961737332,287,14.8397104446743,883,121,169,28,197,55,12,264,26433,9,direct_2011_lsoa_code,1,Richmond upon Thames 023F,9,9,8,8,7,7,13,13,,,9,9,3,3,,
E01003828,1527,298,19.5153896529142,396,25.9332023575639,617,86,136,16,152,32,14,198,29370,9,direct_2011_lsoa_code,1,Richmond upon Thames 020A,1,1,11,11,12,12,,17,,,12,12,3,3,,
E01003829,1692,349,20.6264775413712,277,16.371158392435,698,113,112,21,133,65,33,231,9764,3,direct_2011_lsoa_code,1,Richmond upon Thames 020B,9,9,11,11,,17,14,14,,,15,15,7,7,,
E01003830,1855,366,19.7304582210243,330,17.7897574123989,751,87,165,27,192,43,21,256,25199,8,direct_2011_lsoa_code,1,Richmond upon Thames 020C,6,6,,20,13,13,,24,,,,20,5,5,,
E01003831,1681,345,20.523497917906,312,18.5603807257585,687,95,133,35,168,55,19,242,24306,8,direct_2011_lsoa_code,1,Richmond upon Thames 020D,6,6,11,11,5,5,,24,,,10,10,7,7,,
E01003832,1483,266,17.9366149696561,238,16.0485502360081,680,105,66,27,93,61,21,175,5206,2,direct_2011_lsoa_code,1,Richmond upon Thames 020E,8,8,13,13,7,7,,22,,,12,12,1,1,,
E01003833,1473,269,18.2620502376103,264,17.9226069246436,666,91,88,26,114,49,13,176,17419,6,direct_2011_lsoa_code,1,Richmond upon Thames 020F,6,6,1,1,2,2,,16,,,1,1,2,2,,
E01003834,1602,232,14.481897627965,272,16.9787765293383,783,82,93,22,115,43,11,169,27946,9,direct_2011_lsoa_code,1,Richmond upon Thames 022A,,,,,,,,,,,,,,,,
E01003835,1639,373,22.7577791336181,244,14.8871262965223,595,40,199,19,218,24,8,250,31040,10,direct_2011_lsoa_code,1,Richmond upon Thames 022B,12,12,12,12,11,11,,20,,19,12,11,5,5,,
E01003836,1380,274,19.8550724637681,282,20.4347826086957,578,121,117,16,133,39,10,182,21069,7,direct_2011_lsoa_code,1,Richmond upon Thames 022C,7,7,10,10,6,6,,20,,19,10,10,5,5,,
E01003837,2058,379,18.4159378036929,426,20.6997084548105,886,118,180,26,206,52,13,271,27266,9,direct_2011_lsoa_code,1,Richmond upon Thames 022D,1,1,13,13,3,3,,28,,,13,13,3,3,,
E01003838,1791,360,20.1005025125628,237,13.2328308207705,749,79,176,20,196,36,18,250,27892,9,direct_2011_lsoa_code,1,Richmond upon Thames 022E,8,8,12,12,11,11,14,14,,28,12,12,11,11,,
E01003839,2282,419,18.3610867659947,356,15.6003505696757,1031,114,172,53,225,77,8,310,20899,7,direct_2011_lsoa_code,1,Richmond upon Thames 022F,13,13,,14,13,13,,18,,24,,13,5,5,,
E01003840,1825,411,22.5205479452055,230,12.6027397260274,586,50,145,21,166,26,56,248,19113,6,direct_2011_lsoa_code,1,Richmond upon Thames 013A,10,10,,20,5,5,,20,,26,14,14,6,6,,24
E01003841,2163,524,24.2256125751271,206,9.52380952380952,820,84,144,45,189,100,41,330,10173,4,direct_2011_lsoa_code,1,Richmond upon Thames 013B,,15,,21,12,12,,18,,27,4,4,3,3,,26
E01003842,1716,368,21.4452214452214,257,14.97668997669,607,57,137,27,164,52,31,247,14040,5,direct_2011_lsoa_code,1,Richmond upon Thames 013C,4,4,,22,6,6,9,9,,,9,9,6,6,,
E01003843,2216,452,20.3971119133574,373,16.8321299638989,798,99,144,17,161,73,50,284,18212,6,direct_2011_lsoa_code,1,Richmond upon Thames 013D,,18,,25,,15,,15,,,5,5,2,2,,28
E01003844,1462,281,19.2202462380301,343,23.4610123119015,547,71,126,7,133,24,16,173,25517,8,direct_2011_lsoa_code,1,Richmond upon Thames 013E,12,12,9,9,14,14,10,10,,,6,6,3,3,,
E01003845,1707,287,16.813122437024,382,22.3784417106034,623,95,129,27,156,15,31,202,25364,8,direct_2011_lsoa_code,1,Richmond upon Thames 013F,8,8,,26,7,7,11,11,,,14,14,9,9,,
E01003846,1709,369,21.5915740198947,311,18.1977764774722,615,67,181,13,194,16,24,234,31335,10,direct_2011_lsoa_code,1,Richmond upon Thames 002A,9,9,5,5,10,10,6,6,,,5,5,1,1,3,3
E01003847,1692,228,13.4751773049645,293,17.3167848699764,831,132,121,17,138,20,10,168,28640,9,direct_2011_lsoa_code,1,Richmond upon Thames 002B,7,7,13,13,13,13,,23,,,12,12,6,6,14,14
E01003848,1907,382,20.0314630309387,224,11.7461982170949,816,70,178,27,205,40,22,267,22916,7,direct_2011_lsoa_code,1,Richmond upon Thames 004A,6,6,10,10,4,4,14,14,,,11,11,5,5,6,6
E01003849,1530,277,18.1045751633987,314,20.5228758169935,641,87,139,18,157,20,13,190,26496,9,direct_2011_lsoa_code,1,Richmond upon Thames 002C,15,15,12,12,7,7,12,12,,,11,11,3,3,8,8
E01003851,1601,281,17.5515302935665,370,23.1105559025609,656,92,155,13,168,14,17,199,29595,10,direct_2011_lsoa_code,1,Richmond upon Thames 002D,8,8,15,15,8,8,,25,,,15,15,6,6,7,7
E01003852,1360,204,15,258,18.9705882352941,657,112,104,12,116,20,7,143,20334,7,direct_2011_lsoa_code,1,Richmond upon Thames 003A,15,15,,18,3,3,14,14,,16,12,12,3,3,,28
E01003853,1432,288,20.1117318435754,327,22.8351955307263,594,100,123,12,135,32,17,184,22779,7,direct_2011_lsoa_code,1,Richmond upon Thames 003B,14,14,14,14,5,5,11,11,,23,9,9,6,6,,
E01003854,1417,281,19.8306280875088,216,15.2434721242061,637,78,111,20,131,33,12,176,27287,9,direct_2011_lsoa_code,1,Richmond upon Thames 003C,8,8,5,5,7,7,8,8,,16,8,8,2,2,,26
E01003855,1930,380,19.6891191709845,255,13.2124352331606,895,105,118,25,143,89,18,250,15099,5,direct_2011_lsoa_code,1,Richmond upon Thames 003D,5,5,14,14,3,3,,20,,21,11,11,1,1,,18
E01003856,1692,401,23.6997635933806,161,9.51536643026005,738,71,157,29,186,56,18,260,29104,9,direct_2011_lsoa_code,1,Richmond upon Thames 003E,5,5,,12,4,4,,15,10,10,,15,1,1,,21
E01003857,1884,477,25.3184713375796,189,10.031847133758,750,89,224,32,256,38,18,312,29987,10,direct_2011_lsoa_code,1,Richmond upon Thames 003F,5,5,15,15,10,10,14,14,6,6,15,15,8,8,,29
E01003858,1657,416,25.1056125528063,210,12.6735063367532,665,78,203,27,230,25,13,268,31608,10,direct_2011_lsoa_code,1,Richmond upon Thames 003G,8,8,,12,8,8,,15,6,6,,15,4,4,,27
E01003859,1622,396,24.4143033292232,247,15.2281134401973,607,72,191,23,214,29,15,258,28619,9,direct_2011_lsoa_code,1,Richmond upon Thames 005E,12,12,12,11,3,3,,14,,24,6,6,3,3,,21
E01003860,1714,286,16.6861143523921,233,13.5939323220537,778,64,139,18,157,19,16,192,25436,8,direct_2011_lsoa_code,1,Richmond upon Thames 002E,,,,27,4,4,14,14,,,,,12,12,,25
E01003861,1957,356,18.1911088400613,181,9.24885028104241,889,91,178,21,199,34,13,246,26791,9,direct_2011_lsoa_code,1,Richmond upon Thames 004C,9,9,11,9,11,9,8,8,,,2,2,1,1,3,3
E01003862,1929,448,23.2244686365993,225,11.6640746500778,809,87,154,28,182,82,24,288,16325,5,direct_2011_lsoa_code,1,Richmond upon Thames 004D,7,7,,13,8,8,,11,,26,12,11,3,3,,18
E01003863,1452,309,21.2809917355372,291,20.0413223140496,623,138,138,15,153,31,15,199,15504,5,direct_2011_lsoa_code,1,Richmond upon Thames 004E,4,4,9,9,6,6,7,7,,29,9,9,3,3,7,7
E01003864,1462,282,19.2886456908345,278,19.015047879617,644,91,144,16,160,22,13,195,28154,9,direct_2011_lsoa_code,1,Richmond upon Thames 002F,,19,,19,15,15,,20,,,13,13,7,7,,17
E01003865,1444,316,21.8836565096953,200,13.8504155124654,590,60,121,19,140,46,17,203,22780,7,direct_2011_lsoa_code,1,Richmond upon Thames 004F,13,13,,16,6,6,,15,,25,13,13,4,4,15,17
E01003866,1697,406,23.9245727754862,201,11.8444313494402,670,60,211,28,239,19,8,266,31675,10,direct_2011_lsoa_code,1,Richmond upon Thames 007A,2,2,12,12,10,10,7,7,,26,11,11,0,0,,23
E01003867,1602,343,21.4107365792759,222,13.8576779026217,596,53,150,17,167,27,16,210,22428,7,direct_2011_lsoa_code,1,Richmond upon Thames 011A,8,8,15,14,14,14,,23,,,,14,2,2,,
E01003868,1568,337,21.4923469387755,183,11.6709183673469,656,60,157,26,183,22,11,216,29924,10,direct_2011_lsoa_code,1,Richmond upon Thames 007B,7,7,13,13,10,10,11,11,,,3,3,3,3,,21
E01003869,1663,327,19.6632591701744,224,13.4696331930247,687,79,157,15,172,39,12,223,30455,10,direct_2011_lsoa_code,1,Richmond upon Thames 011B,14,14,15,15,9,9,13,13,,,,17,9,9,,
E01003870,2099,470,22.391615054788,211,10.052405907575,817,62,231,36,267,31,16,314,29667,10,direct_2011_lsoa_code,1,Richmond upon Thames 011C,7,7,11,11,10,10,15,15,,,13,13,4,4,,
E01003871,1759,396,22.5127913587266,210,11.9386014781126,696,59,181,26,207,49,16,272,30677,10,direct_2011_lsoa_code,1,Richmond upon Thames 007C,12,12,15,12,13,11,5,5,,24,,16,4,4,,27
E01003872,1566,292,18.6462324393359,180,11.4942528735632,683,57,134,21,155,31,14,200,27501,9,direct_2011_lsoa_code,1,Richmond upon Thames 007D,5,5,,17,14,14,8,8,,28,11,11,5,5,,27
E01003873,1633,285,17.4525413349663,249,15.2480097979179,795,122,128,14,142,28,13,183,27732,9,direct_2011_lsoa_code,1,Richmond upon Thames 006A,9,9,4,4,9,9,4,4,,29,3,3,2,2,8,8
E01003874,1524,250,16.4041994750656,183,12.007874015748,768,93,131,23,154,21,6,181,30274,10,direct_2011_lsoa_code,1,Richmond upon Thames 006B,2,2,14,12,11,11,6,6,,,6,6,4,4,14,14
E01003875,1673,378,22.5941422594142,297,17.7525403466826,647,86,184,16,200,32,20,252,27905,9,direct_2011_lsoa_code,1,Richmond upon Thames 006C,8,8,,15,9,9,13,13,,28,15,14,6,6,,21
E01003876,1867,229,12.2656668452062,346,18.5324049276915,941,122,107,24,131,24,13,168,28654,9,direct_2011_lsoa_code,1,Richmond upon Thames 008B,9,9,7,7,4,4,4,4,,28,13,8,2,2,10,9
E01003877,1497,313,20.9084836339345,264,17.6352705410822,684,120,146,18,164,15,10,189,29443,9,direct_2011_lsoa_code,1,Richmond upon Thames 008C,4,4,10,10,7,7,3,3,,,7,7,6,6,15,16
E01003878,1467,233,15.8827539195637,353,24.0627130197682,628,103,92,15,107,30,20,157,14734,5,direct_2011_lsoa_code,1,Richmond upon Thames 006D,12,12,,29,13,13,,,,,,27,12,12,,
E01003879,1413,294,20.8067940552017,180,12.7388535031847,577,63,151,12,163,26,8,197,29573,10,direct_2011_lsoa_code,1,Richmond upon Thames 008D,9,9,,15,7,7,9,9,,28,3,3,3,3,,21
E01003880,1559,339,21.7447081462476,242,15.5227710070558,581,45,165,19,184,22,25,231,29338,9,direct_2011_lsoa_code,1,Richmond upon Thames 016A,5,5,11,11,4,4,11,11,,21,8,8,3,3,,29
E01003881,1768,181,10.237556561086,222,12.5565610859729,476,70,101,8,109,14,10,133,30902,10,direct_2011_lsoa_code,1,Richmond upon Thames 016B,10,10,,17,15,14,,15,,20,13,13,5,5,,
E01003882,2000,415,20.75,264,13.2,849,101,198,39,237,25,13,275,29211,9,direct_2011_lsoa_code,1,Richmond upon Thames 014A,7,7,3,3,11,10,8,8,,24,8,8,2,2,,26
E01003883,2024,492,24.3083003952569,215,10.6225296442688,877,93,216,45,261,54,7,322,30722,10,direct_2011_lsoa_code,1,Richmond upon Thames 014B,10,10,13,13,7,7,10,10,,28,8,8,6,6,,
E01003884,1733,327,18.869013271783,356,20.5424120023081,739,119,153,20,173,32,11,216,29942,10,direct_2011_lsoa_code,1,Richmond upon Thames 016C,4,4,12,12,8,8,8,8,,24,6,6,5,5,,
E01003885,1536,277,18.0338541666667,241,15.6901041666667,644,73,132,22,154,36,10,200,29344,9,direct_2011_lsoa_code,1,Richmond upon Thames 016D,5,5,15,14,2,2,,16,,24,10,10,6,6,,
E01003886,1646,343,20.8383961117861,232,14.0947752126367,671,59,156,25,181,31,15,227,31939,10,direct_2011_lsoa_code,1,Richmond upon Thames 021A,,17,8,8,4,4,11,11,,14,3,3,4,4,,
E01003887,1793,296,16.5086447295036,274,15.281650864473,804,107,160,28,188,26,4,218,30928,10,direct_2011_lsoa_code,1,Richmond upon Thames 021B,,18,6,6,7,7,8,8,15,15,4,4,4,4,,
E01003888,2047,365,17.8309721543723,356,17.3913043478261,937,158,145,32,177,57,16,250,20383,7,direct_2011_lsoa_code,1,Richmond upon Thames 021C,,24,13,13,,21,13,13,13,13,13,13,11,11,,
E01003889,1664,280,16.8269230769231,382,22.9567307692308,752,107,135,21,156,22,13,191,30675,10,direct_2011_lsoa_code,1,Richmond upon Thames 021D,,,,28,11,11,,24,,28,,23,8,8,,
E01003890,1669,349,20.910724985021,241,14.4397843019772,690,79,171,26,197,26,12,235,28798,9,direct_2011_lsoa_code,1,Richmond upon Thames 018C,5,5,,16,10,10,,15,8,8,13,12,2,2,,
E01003891,1745,257,14.7277936962751,428,24.5272206303725,857,150,132,18,150,32,4,186,32410,10,direct_2011_lsoa_code,1,Richmond upon Thames 018D,13,13,7,7,4,4,,19,,18,11,11,3,3,,
E01003892,2090,424,20.2870813397129,434,20.7655502392345,890,134,209,26,235,36,14,285,31691,10,direct_2011_lsoa_code,1,Richmond upon Thames 009A,9,9,10,10,12,12,7,7,,,8,8,5,5,,19
E01003893,1622,245,15.1048088779285,315,19.4204685573366,752,104,128,14,142,19,7,168,28660,9,direct_2011_lsoa_code,1,Richmond upon Thames 009B,5,5,6,6,7,7,6,6,,,4,4,4,4,,16
E01003894,1662,286,17.208182912154,232,13.9590854392298,737,84,156,15,171,19,12,202,30678,10,direct_2011_lsoa_code,1,Richmond upon Thames 009C,6,6,7,7,12,12,4,4,,,4,4,2,2,,16
E01003895,1773,410,23.1246474901297,288,16.243654822335,720,76,160,25,185,54,16,255,27050,9,direct_2011_lsoa_code,1,Richmond upon Thames 009D,2,2,5,5,10,10,9,9,,27,8,8,3,3,,20
E01003896,1884,306,16.2420382165605,252,13.3757961783439,880,93,136,13,149,38,15,202,27626,9,direct_2011_lsoa_code,1,Richmond upon Thames 014C,10,9,5,5,2,2,2,2,,23,1,1,2,2,,23
E01003897,1963,374,19.0524707080998,203,10.3413143148242,873,93,166,29,195,36,14,245,26696,9,direct_2011_lsoa_code,1,Richmond upon Thames 014D,8,8,6,6,6,6,6,6,,27,6,6,3,3,,29
E01003898,1691,356,21.0526315789474,220,13.010053222945,732,69,145,32,177,50,8,235,27203,9,direct_2011_lsoa_code,1,Richmond upon Thames 015A,2,2,7,7,7,7,13,13,,24,12,12,4,4,,
E01003899,1485,347,23.3670033670034,191,12.8619528619529,621,66,151,30,181,48,13,242,30374,10,direct_2011_lsoa_code,1,Richmond upon Thames 015B,6,6,4,4,7,7,7,7,,28,10,8,0,0,,
E01003900,1686,345,20.4626334519573,254,15.0652431791222,621,76,135,23,158,41,29,228,13430,5,direct_2011_lsoa_code,1,Richmond upon Thames 015C,10,10,11,11,14,14,9,9,,22,8,8,2,2,,
E01003901,1791,446,24.9022892238973,188,10.4969290898939,611,54,214,41,255,31,19,305,28252,9,direct_2011_lsoa_code,1,Richmond upon Thames 015D,11,11,,15,7,7,,18,,,,18,3,3,,
E01003902,1374,328,23.8719068413392,205,14.919941775837,499,66,161,23,184,24,15,223,29580,10,direct_2011_lsoa_code,1,Richmond upon Thames 015E,13,13,15,15,7,7,8,8,,29,6,6,5,5,,
E01003903,1656,379,22.8864734299517,240,14.4927536231884,585,46,155,23,178,50,21,249,20852,7,direct_2011_lsoa_code,1,Richmond upon Thames 015F,,21,,15,13,13,5,5,,,11,11,2,2,,
E01003904,1624,412,25.3694581280788,176,10.8374384236453,653,74,171,42,213,42,10,265,23624,8,direct_2011_lsoa_code,1,Richmond upon Thames 015G,2,2,9,9,5,5,,14,,,14,12,4,4,,
E01003905,1283,237,18.4723304754482,197,15.3546375681995,532,72,94,19,113,29,14,156,27587,9,direct_2011_lsoa_code,1,Richmond upon Thames 010A,13,13,15,15,10,10,,24,,,14,14,6,6,,
E01003906,1702,325,19.0951821386604,292,17.1562867215041,652,83,132,28,160,37,22,219,22093,7,direct_2011_lsoa_code,1,Richmond upon Thames 010B,13,13,7,7,7,7,14,14,,24,8,8,2,2,,25
E01003907,1672,349,20.8732057416268,259,15.4904306220096,646,77,113,25,138,52,24,214,13572,5,direct_2011_lsoa_code,1,Richmond upon Thames 010C,12,12,,17,9,9,,25,,29,14,14,6,6,,28
E01003908,1814,323,17.805953693495,323,17.805953693495,663,93,147,18,165,18,27,210,28447,9,direct_2011_lsoa_code,1,Richmond upon Thames 010D,1,1,6,6,14,14,,24,,,8,8,4,4,,
E01003909,1635,307,18.7767584097859,327,20,636,85,130,20,150,33,22,205,27502,9,direct_2011_lsoa_code,1,Richmond upon Thames 010E,10,10,2,2,,15,,20,,,3,3,1,1,,28
E01003910,1655,329,19.8791540785499,355,21.4501510574018,661,111,166,23,189,21,16,226,28889,9,direct_2011_lsoa_code,1,Richmond upon Thames 011D,13,13,,26,11,11,,,,,15,28,2,2,,
E01003911,2086,407,19.5110258868648,127,6.08820709491851,752,42,60,30,90,111,48,249,8105,3,direct_2011_lsoa_code,1,Southwark 020A,6,6,4,4,3,3,10,9,14,14,7,7,0,0,,21
E01003912,1953,501,25.652841781874,142,7.27086533538147,668,30,75,26,101,160,37,298,4076,2,direct_2011_lsoa_code,1,Southwark 019A,5,5,11,11,7,7,8,8,,24,8,8,3,3,,28
E01003913,2043,285,13.9500734214391,187,9.15320606950563,840,59,94,20,114,77,23,214,15082,5,direct_2011_lsoa_code,1,Southwark 024A,6,6,5,5,6,6,1,1,8,8,6,6,4,4,,21
E01003914,1856,233,12.5538793103448,167,8.99784482758621,717,62,75,30,105,40,20,165,13168,5,direct_2011_lsoa_code,1,Southwark 024B,6,6,13,11,7,7,10,10,,20,3,3,5,5,,25
E01003915,1848,269,14.5562770562771,150,8.11688311688312,798,52,59,16,75,74,34,183,9013,3,direct_2011_lsoa_code,1,Southwark 024C,2,2,10,10,6,6,10,10,10,10,3,3,8,8,,25
E01003916,2412,351,14.5522388059702,156,6.46766169154229,912,50,79,25,104,74,46,224,10919,4,direct_2011_lsoa_code,1,Southwark 020B,3,3,14,11,8,8,15,12,,25,15,11,2,2,,24
E01003917,1884,286,15.1804670912951,214,11.3588110403397,872,100,52,23,75,79,19,173,7948,3,direct_2011_lsoa_code,1,Southwark 020C,8,8,8,8,2,2,13,12,,19,10,10,6,6,,23
E01003918,1466,241,16.4392905866303,168,11.4597544338336,647,105,42,10,52,75,19,146,6042,2,direct_2011_lsoa_code,1,Southwark 020D,4,4,6,6,3,3,4,4,,12,4,4,3,3,,20
E01003919,1566,197,12.5798212005109,150,9.57854406130268,681,56,48,23,71,38,25,134,11638,4,direct_2011_lsoa_code,1,Southwark 021A,3,3,4,4,1,1,7,7,,14,7,7,1,1,,14
E01003920,2107,377,17.8927384907451,163,7.73611770289511,909,61,73,20,93,129,41,263,6969,3,direct_2011_lsoa_code,1,Southwark 021B,5,5,8,7,2,2,6,6,,11,6,6,1,1,,17
E01003921,1917,239,12.4673969744392,122,6.3641105894627,992,55,58,21,79,90,10,179,4355,2,direct_2011_lsoa_code,1,Southwark 021C,5,5,3,3,0,0,1,1,12,9,1,1,0,0,,17
E01003922,2234,422,18.8898836168308,222,9.9373321396598,968,68,76,23,99,144,34,277,7717,3,direct_2011_lsoa_code,1,Southwark 021D,1,1,6,6,10,10,8,8,8,8,6,6,2,2,,20
E01003923,1634,187,11.4443084455324,148,9.05752753977968,726,61,46,15,61,57,27,145,9783,3,direct_2011_lsoa_code,1,Southwark 017A,9,9,6,6,7,7,8,8,,15,8,8,4,4,,18
E01003924,2092,483,23.0879541108987,189,9.03441682600382,905,104,71,27,98,136,54,288,7459,3,direct_2011_lsoa_code,1,Southwark 021E,5,5,10,10,6,6,6,6,,15,5,5,5,5,,19
E01003925,2031,349,17.1836533727228,156,7.68094534711965,839,63,85,29,114,86,25,225,6790,3,direct_2011_lsoa_code,1,Southwark 020E,5,5,13,12,5,5,12,12,,15,11,11,6,6,,22
E01003926,1396,220,15.7593123209169,167,11.9627507163324,567,62,46,16,62,68,28,158,7330,3,direct_2011_lsoa_code,1,Southwark 021F,2,2,3,3,1,1,3,3,,19,4,4,3,3,15,12
E01003929,1998,200,10.01001001001,146,7.30730730730731,1072,64,51,13,64,49,16,129,12077,4,direct_2011_lsoa_code,1,Southwark 002B,4,4,7,7,3,3,8,8,12,10,6,6,3,3,7,7
E01003930,1969,238,12.0873539867953,111,5.63737938039614,746,47,54,21,75,84,12,171,8533,3,direct_2011_lsoa_code,1,Southwark 034A,4,4,7,7,2,2,7,7,10,10,8,8,2,2,6,6
E01003932,1539,270,17.5438596491228,102,6.62768031189084,690,32,40,8,48,94,19,161,4581,2,direct_2011_lsoa_code,1,Southwark 034B,6,6,7,7,4,4,3,3,13,12,3,3,0,0,2,2
E01003933,2368,233,9.83952702702703,145,6.12331081081081,1015,50,47,17,64,56,29,149,6417,2,direct_2011_lsoa_code,1,Southwark 034C,4,4,13,12,1,1,7,7,12,12,8,8,5,5,9,9
E01003934,1952,128,6.55737704918033,269,13.780737704918,1117,116,47,7,54,33,4,91,15563,5,direct_2011_lsoa_code,1,Southwark 002C,5,5,5,5,4,4,3,3,,13,7,7,1,1,4,4
E01003935,1283,139,10.833982852689,113,8.8074824629774,422,53,31,18,49,24,24,97,13553,5,direct_2011_lsoa_code,1,Southwark 002D,8,8,7,7,7,7,11,11,15,14,9,9,2,2,11,11
E01003936,1661,140,8.42865743527995,91,5.47862733293197,582,39,66,9,75,11,4,90,19694,6,direct_2011_lsoa_code,1,Southwark 009A,9,9,10,10,5,5,6,6,,16,,14,3,3,7,7
E01003937,1534,131,8.53976531942634,70,4.5632333767927,768,31,37,9,46,29,11,86,11190,4,direct_2011_lsoa_code,1,Southwark 009B,9,9,8,8,0,0,8,8,,14,11,11,4,4,8,8
E01003938,1830,298,16.2841530054645,112,6.12021857923497,754,39,44,18,62,75,48,185,7465,3,direct_2011_lsoa_code,1,Southwark 006A,3,3,11,11,3,3,9,9,11,11,12,12,2,2,8,8
E01003939,1975,180,9.11392405063291,61,3.08860759493671,881,25,44,11,55,50,11,116,13960,5,direct_2011_lsoa_code,1,Southwark 002E,5,5,8,8,3,3,7,7,9,9,8,8,3,3,5,5
E01003940,1588,284,17.8841309823678,161,10.1385390428212,631,49,44,12,56,85,33,174,6510,2,direct_2011_lsoa_code,1,Southwark 006B,3,3,11,11,2,2,5,5,13,13,7,7,4,4,12,12
E01003941,1986,256,12.8902316213494,106,5.33736153071501,964,48,70,16,86,63,16,165,15923,5,direct_2011_lsoa_code,1,Southwark 006C,4,4,9,9,4,4,4,4,,21,3,3,2,2,,13
E01003942,1885,415,22.0159151193634,114,6.04774535809019,637,50,72,15,87,87,34,208,7382,3,direct_2011_lsoa_code,1,Southwark 006D,4,4,12,12,6,6,10,10,,20,11,11,2,2,12,12
E01003943,1495,256,17.123745819398,104,6.95652173913044,586,41,58,18,76,61,19,156,4225,2,direct_2011_lsoa_code,1,Southwark 009C,9,9,4,4,3,3,9,9,,13,8,8,3,3,7,7
E01003945,1734,367,21.1649365628604,250,14.4175317185698,727,70,124,34,158,65,18,241,17553,6,direct_2011_lsoa_code,1,Southwark 033A,,15,,23,15,15,,17,,24,,18,5,5,,
E01003946,1895,419,22.1108179419525,283,14.934036939314,753,99,141,30,171,60,37,268,16984,6,direct_2011_lsoa_code,1,Southwark 033B,10,10,,22,6,6,4,4,,22,5,5,4,4,,
E01003947,1604,452,28.1795511221945,113,7.04488778054863,601,41,67,22,89,149,40,278,5479,2,direct_2011_lsoa_code,1,Southwark 033C,3,3,,21,14,14,14,14,,23,13,13,5,5,,
E01003948,1753,338,19.281232173417,177,10.0969766115231,800,71,105,33,138,83,14,235,16743,6,direct_2011_lsoa_code,1,Southwark 033D,,18,,18,,18,,18,,18,,17,5,5,,
E01003949,1878,339,18.0511182108626,203,10.8093716719915,863,63,123,27,150,57,20,227,16916,6,direct_2011_lsoa_code,1,Southwark 032A,,18,,21,14,14,,15,,27,,14,2,2,,
E01003950,1992,386,19.3775100401606,189,9.48795180722892,811,60,104,24,128,96,54,278,9317,3,direct_2011_lsoa_code,1,Southwark 032B,13,13,,16,9,9,12,12,,26,11,10,2,2,,
E01003951,1489,288,19.341840161182,256,17.1927468099396,554,73,91,20,111,35,13,159,17898,6,direct_2011_lsoa_code,1,Southwark 033E,11,11,,,,26,,,,,,,13,13,,
E01003952,1657,321,19.3723596861798,143,8.63005431502716,686,48,123,21,144,41,19,204,18363,6,direct_2011_lsoa_code,1,Southwark 030A,5,5,1,1,6,6,8,7,8,8,1,1,0,0,,
E01003953,2016,286,14.1865079365079,209,10.3670634920635,945,72,121,28,149,28,16,193,15542,5,direct_2011_lsoa_code,1,Southwark 028A,6,6,4,4,7,7,4,4,5,5,6,6,1,1,,
E01003954,1591,343,21.558768070396,162,10.1822752985544,658,50,138,36,174,25,20,219,16753,6,direct_2011_lsoa_code,1,Southwark 030B,4,4,6,6,11,9,6,6,13,13,5,5,3,3,,
E01003955,1891,349,18.455843469064,171,9.04283447911158,815,76,137,39,176,33,16,225,15889,5,direct_2011_lsoa_code,1,Southwark 028B,8,8,14,14,9,9,7,7,,23,11,11,2,2,,
E01003956,1844,384,20.824295010846,162,8.78524945770065,726,50,167,30,197,30,24,251,22374,7,direct_2011_lsoa_code,1,Southwark 030C,1,1,12,12,,13,5,5,,19,10,10,4,4,,
E01003957,1791,373,20.8263539921831,175,9.77107761027359,699,42,158,36,194,30,12,236,19823,7,direct_2011_lsoa_code,1,Southwark 032C,1,1,,20,8,8,10,10,,27,11,11,4,4,,
E01003958,1936,360,18.5950413223141,183,9.45247933884298,773,55,127,31,158,44,23,225,17627,6,direct_2011_lsoa_code,1,Southwark 032D,4,4,,14,13,13,4,4,,21,4,4,0,0,,
E01003960,1774,208,11.7249154453213,123,6.93348365276212,766,51,59,8,67,60,16,143,9373,3,direct_2011_lsoa_code,1,Southwark 012A,6,6,8,8,2,2,9,9,,21,11,11,4,4,,14
E01003961,2074,380,18.3220829315333,232,11.1861137897782,885,120,74,23,97,119,29,245,4927,2,direct_2011_lsoa_code,1,Southwark 012B,6,6,6,6,4,4,5,5,,22,8,8,3,3,,16
E01003963,1718,332,19.3247962747381,112,6.51920838183935,687,43,54,23,77,100,35,212,4510,2,direct_2011_lsoa_code,1,Southwark 016A,3,3,7,7,2,2,8,8,,22,7,7,5,5,,15
E01003966,2135,319,14.9414519906323,195,9.13348946135831,825,74,62,26,88,82,42,212,6529,2,direct_2011_lsoa_code,1,Southwark 015B,5,5,7,7,6,6,3,3,,23,4,4,4,4,,16
E01003969,2461,324,13.165379926859,173,7.0296627387241,1016,71,64,22,86,71,42,199,11322,4,direct_2011_lsoa_code,1,Southwark 017B,5,5,10,10,3,3,9,9,,18,11,11,1,1,,22
E01003971,1426,358,25.1051893408135,87,6.10098176718093,512,30,41,25,66,124,26,216,2115,1,direct_2011_lsoa_code,1,Southwark 015D,3,3,12,12,3,3,7,7,,27,9,9,3,3,,18
E01003972,1468,318,21.6621253405995,87,5.92643051771117,615,36,44,23,67,106,26,199,9184,3,direct_2011_lsoa_code,1,Southwark 016D,4,4,10,10,4,4,3,3,,23,9,9,6,6,,19
E01003973,1652,289,17.4939467312349,112,6.77966101694915,753,62,61,16,77,88,21,186,8110,3,direct_2011_lsoa_code,1,Southwark 016E,1,1,5,5,2,2,7,7,,19,5,5,5,5,,15
E01003975,1778,348,19.5725534308211,101,5.68053993250844,737,39,65,18,83,110,20,213,7524,3,direct_2011_lsoa_code,1,Southwark 004A,9,9,4,4,6,6,8,8,,20,4,4,2,2,13,13
E01003976,2395,393,16.4091858037578,129,5.38622129436326,1145,63,77,24,101,123,19,243,7826,3,direct_2011_lsoa_code,1,Southwark 036D,9,9,5,5,9,9,8,8,,19,2,2,1,1,,14
E01003977,1869,295,15.7838416265383,168,8.98876404494382,827,68,74,20,94,81,22,197,9324,3,direct_2011_lsoa_code,1,Southwark 010A,6,6,8,8,8,8,11,11,,24,6,6,3,3,12,12
E01003979,1988,238,11.9718309859155,245,12.3239436619718,885,45,39,37,76,66,25,167,8253,3,direct_2011_lsoa_code,1,Southwark 006E,3,3,4,4,7,7,7,7,,22,5,5,4,4,,15
E01003980,2000,270,13.5,164,8.2,887,84,58,22,80,79,18,177,6731,3,direct_2011_lsoa_code,1,Southwark 013A,11,11,8,8,12,12,6,6,,27,6,6,4,4,,19
E01003981,1506,180,11.9521912350598,112,7.43691899070385,658,69,39,9,48,49,15,112,9885,4,direct_2011_lsoa_code,1,Southwark 006F,3,3,5,5,4,4,7,7,2,2,8,8,5,5,7,7
E01003983,1868,501,26.8201284796574,131,7.01284796573876,673,31,68,27,95,145,43,283,7479,3,direct_2011_lsoa_code,1,Southwark 018A,2,2,9,9,2,2,11,11,,,13,13,5,5,,26
E01003984,2289,343,14.9847094801223,238,10.3975535168196,1004,106,81,26,107,83,36,226,5815,2,direct_2011_lsoa_code,1,Southwark 023A,2,2,8,8,6,6,7,7,,,10,10,2,2,,28
E01003986,1591,304,19.1074795725959,169,10.6222501571339,696,91,62,19,81,92,21,194,4827,2,direct_2011_lsoa_code,1,Southwark 011A,8,8,,13,11,11,,20,,,13,13,4,4,,18
E01003987,1840,326,17.7173913043478,208,11.304347826087,823,93,63,16,79,100,38,217,6166,2,direct_2011_lsoa_code,1,Southwark 011B,5,5,,13,2,2,,21,,,8,8,3,3,,20
E01003988,2025,294,14.5185185185185,244,12.0493827160494,870,118,52,14,66,112,39,217,7224,3,direct_2011_lsoa_code,1,Southwark 018B,10,10,3,3,8,8,,16,,,,14,3,3,,25
E01003989,2258,478,21.1691762621789,103,4.56155890168291,878,43,82,35,117,116,39,272,8567,3,direct_2011_lsoa_code,1,Southwark 018C,6,6,15,15,6,6,,18,,,14,14,5,5,,28
E01003990,2306,426,18.4735472679965,183,7.93581960104076,823,60,67,45,112,123,41,276,7510,3,direct_2011_lsoa_code,1,Southwark 018D,7,7,,12,8,8,10,10,,,,11,4,4,,24
E01003991,1278,186,14.5539906103286,207,16.1971830985916,584,104,42,11,53,48,18,119,4497,2,direct_2011_lsoa_code,1,Southwark 017C,3,3,8,8,5,5,5,5,,21,5,5,3,3,,18
E01003992,1588,354,22.2921914357683,174,10.9571788413098,648,105,67,16,83,95,21,199,6909,3,direct_2011_lsoa_code,1,Southwark 014A,8,8,14,14,3,3,4,4,,24,4,4,4,4,11,11
E01003993,2022,432,21.3649851632047,134,6.6271018793274,796,56,62,24,86,135,43,264,8831,3,direct_2011_lsoa_code,1,Southwark 017D,8,8,9,9,3,3,4,4,,22,5,5,2,2,12,12
E01003994,1829,204,11.1536358665938,159,8.69327501366867,861,61,54,10,64,62,22,148,5652,2,direct_2011_lsoa_code,1,Southwark 012E,2,2,6,6,4,4,4,4,,21,6,6,1,1,10,10
E01003995,1377,210,15.2505446623094,137,9.94916485112564,738,75,40,15,55,69,16,140,5860,2,direct_2011_lsoa_code,1,Southwark 014B,4,4,7,7,3,3,7,7,,20,8,8,3,3,7,7
E01003997,1296,241,18.5956790123457,94,7.25308641975309,505,36,38,6,44,60,27,131,7905,3,direct_2011_lsoa_code,1,Southwark 017E,5,5,8,8,2,2,7,7,,22,8,8,1,1,11,11
E01003998,1425,176,12.3508771929825,153,10.7368421052632,657,55,38,23,61,48,16,125,10677,4,direct_2011_lsoa_code,1,Southwark 014D,9,9,,12,8,8,12,12,,18,10,10,6,6,5,5
E01003999,1498,269,17.9572763684913,97,6.47530040053405,598,41,58,19,77,77,22,176,11075,4,direct_2011_lsoa_code,1,Southwark 014E,7,7,11,11,2,2,5,5,,24,5,5,2,2,11,11
E01004000,1949,327,16.7778347870703,188,9.64597229348384,875,74,86,35,121,76,20,217,9040,3,direct_2011_lsoa_code,1,Southwark 026A,5,5,,18,8,8,14,12,,,11,9,1,1,,
E01004001,1769,299,16.9022046353872,280,15.8281514980215,755,96,68,30,98,73,26,197,5613,2,direct_2011_lsoa_code,1,Southwark 026B,11,11,,21,6,6,8,8,,29,6,6,6,6,,
E01004002,1706,385,22.567409144197,173,10.1406799531067,656,55,150,31,181,42,19,242,16486,6,direct_2011_lsoa_code,1,Southwark 029A,7,7,,17,,20,,21,,,,20,6,6,,
E01004003,1824,314,17.2149122807018,174,9.53947368421053,793,72,64,24,88,86,24,198,5683,2,direct_2011_lsoa_code,1,Southwark 023B,8,8,5,5,2,2,13,13,,,,13,4,4,,26
E01004004,2626,461,17.5552170601676,200,7.61614623000762,1148,84,96,25,121,141,47,309,7230,3,direct_2011_lsoa_code,1,Southwark 023C,8,8,,14,2,2,15,13,,,11,9,3,3,,
E01004005,2329,432,18.5487333619579,211,9.05968226706741,1007,78,61,22,83,139,36,258,3029,1,direct_2011_lsoa_code,1,Southwark 023D,3,3,11,11,1,1,7,7,,,7,7,5,5,,
E01004006,1860,301,16.1827956989247,160,8.60215053763441,789,58,87,42,129,63,19,211,9908,4,direct_2011_lsoa_code,1,Southwark 023E,5,5,14,14,6,6,12,12,,,12,12,7,7,,
E01004007,1446,328,22.6832641770401,105,7.26141078838174,543,41,50,14,64,101,32,197,4448,2,direct_2011_lsoa_code,1,Southwark 018E,7,7,12,12,4,4,4,4,,,12,12,4,4,,24
E01004008,2086,402,19.2713326941515,157,7.52636625119847,803,53,67,32,99,114,32,245,5948,2,direct_2011_lsoa_code,1,Southwark 022B,5,5,9,9,8,8,6,6,,,5,5,3,3,,26
E01004010,1507,268,17.7836761778368,110,7.2992700729927,633,44,59,21,80,81,33,194,6961,3,direct_2011_lsoa_code,1,Southwark 022D,5,5,5,5,2,2,5,5,,25,6,6,3,3,,26
E01004011,2115,391,18.4869976359338,179,8.46335697399527,827,61,64,20,84,114,45,243,7560,3,direct_2011_lsoa_code,1,Southwark 019B,7,7,11,11,4,4,7,7,,25,8,8,5,5,,29
E01004012,2347,365,15.5517682147422,118,5.02769492969749,919,37,71,32,103,102,61,266,9413,3,direct_2011_lsoa_code,1,Southwark 019C,2,2,,15,4,4,13,13,,,14,14,7,7,,27
E01004013,1684,232,13.7767220902613,166,9.85748218527316,660,33,48,13,61,76,30,167,4531,2,direct_2011_lsoa_code,1,Southwark 019D,5,5,6,6,3,3,4,4,,23,3,3,4,4,,28
E01004014,2128,506,23.7781954887218,167,7.84774436090226,813,59,93,23,116,125,50,291,6313,2,direct_2011_lsoa_code,1,Southwark 019E,2,2,,13,1,1,9,9,,,,12,3,3,,21
E01004015,1807,327,18.0962921970116,156,8.63309352517986,708,49,106,18,124,54,20,198,12177,4,direct_2011_lsoa_code,1,Southwark 028C,7,7,,18,4,4,10,10,,27,9,9,5,5,,
E01004016,2589,610,23.5612205484743,203,7.8408651989185,991,73,194,43,237,76,57,370,14185,5,direct_2011_lsoa_code,1,Southwark 029B,10,10,13,10,11,11,,14,,27,,14,3,3,,
E01004017,1641,344,20.9628275441804,159,9.68921389396709,650,40,134,22,156,50,25,231,18340,6,direct_2011_lsoa_code,1,Southwark 029C,10,10,,20,11,11,9,9,,29,10,10,4,4,,
E01004018,1899,405,21.3270142180095,176,9.26803580832017,781,57,162,38,200,46,16,262,22986,7,direct_2011_lsoa_code,1,Southwark 032E,10,10,,20,9,9,6,6,,27,6,6,3,3,,
E01004019,2123,403,18.9825718323128,157,7.39519547809703,841,52,122,23,145,76,27,248,11364,4,direct_2011_lsoa_code,1,Southwark 026C,8,8,,15,5,5,6,6,,23,6,6,3,3,,
E01004020,1750,400,22.8571428571429,145,8.28571428571429,739,73,73,32,105,134,23,262,9018,3,direct_2011_lsoa_code,1,Southwark 029D,7,7,,13,10,10,,17,,25,,17,3,3,,
E01004021,2116,323,15.2646502835539,152,7.18336483931947,999,60,113,44,157,52,16,225,19109,6,direct_2011_lsoa_code,1,Southwark 028D,11,11,,13,8,8,3,3,,21,14,12,4,4,,
E01004023,1647,264,16.0291438979964,185,11.2325440194293,711,75,50,26,76,57,24,157,8739,3,direct_2011_lsoa_code,1,Southwark 004D,6,6,5,5,8,7,,11,,15,10,9,1,1,3,3
E01004024,1968,337,17.1239837398374,214,10.8739837398374,814,80,61,14,75,105,24,204,7463,3,direct_2011_lsoa_code,1,Southwark 011C,6,6,2,2,8,8,,19,,20,11,11,3,3,8,8
E01004028,2417,408,16.8804302854779,142,5.87505171700455,1100,58,111,25,136,115,27,278,9929,4,direct_2011_lsoa_code,1,Southwark 004E,4,4,4,4,7,7,14,14,,15,5,5,0,0,9,9
E01004029,1997,261,13.0696044066099,81,4.05608412618928,930,26,94,28,122,61,16,199,21736,7,direct_2011_lsoa_code,1,Southwark 001A,9,9,,15,6,6,7,7,,22,10,10,7,7,8,8
E01004030,1486,209,14.064602960969,168,11.3055181695828,743,64,43,17,60,58,14,132,10804,4,direct_2011_lsoa_code,1,Southwark 007A,7,7,10,10,4,4,4,4,,24,6,6,3,3,12,12
E01004031,2600,336,12.9230769230769,159,6.11538461538462,1082,65,76,31,107,64,27,198,10212,4,direct_2011_lsoa_code,1,Southwark 007B,0,0,12,10,4,4,14,14,,20,8,8,2,2,7,7
E01004032,1492,179,11.9973190348525,96,6.4343163538874,656,26,91,9,100,13,14,127,26745,9,direct_2011_lsoa_code,1,Southwark 001B,5,5,,16,7,7,11,11,,22,14,14,7,7,8,8
E01004033,2419,396,16.3704009921455,153,6.32492765605622,1141,82,76,28,104,105,24,233,9550,3,direct_2011_lsoa_code,1,Southwark 007C,1,1,10,10,6,6,4,4,,23,2,2,3,3,9,9
E01004034,1603,309,19.276356830942,98,6.11353711790393,653,39,49,25,74,101,17,192,10360,4,direct_2011_lsoa_code,1,Southwark 007D,11,9,2,2,5,5,13,11,,20,9,9,3,3,9,9
E01004035,1427,256,17.9397337070778,175,12.2634898388227,591,78,57,12,69,46,28,143,5462,2,direct_2011_lsoa_code,1,Southwark 011D,6,6,10,10,7,7,,23,,,13,13,6,6,15,16
E01004036,2118,454,21.4353163361662,141,6.65722379603399,860,57,76,30,106,134,34,274,7294,3,direct_2011_lsoa_code,1,Southwark 007E,4,4,8,8,4,4,,16,,24,2,2,2,2,14,10
E01004037,2022,419,20.7220573689416,85,4.20375865479723,876,38,81,55,136,95,28,259,10262,4,direct_2011_lsoa_code,1,Southwark 010B,1,1,10,9,6,6,,17,,,10,9,2,2,,17
E01004038,2399,441,18.3826594414339,93,3.87661525635682,1032,25,100,25,125,121,35,281,12539,4,direct_2011_lsoa_code,1,Southwark 010C,5,5,10,9,7,7,,17,,,5,5,0,0,,20
E01004039,1542,233,15.1102464332036,75,4.86381322957199,636,18,64,24,88,53,17,158,12335,4,direct_2011_lsoa_code,1,Southwark 013B,7,7,8,8,3,3,11,11,,,10,10,7,7,,23
E01004040,1886,413,21.898197242842,171,9.06680805938494,779,89,56,20,76,142,59,277,4297,2,direct_2011_lsoa_code,1,Southwark 013C,5,5,4,4,7,7,5,5,,23,5,5,2,2,,16
E01004041,1631,330,20.232985898222,132,8.09319435928878,694,54,76,37,113,59,27,199,9349,3,direct_2011_lsoa_code,1,Southwark 013D,3,3,7,7,3,3,14,12,,29,7,7,5,5,,22
E01004042,1955,323,16.5217391304348,235,12.0204603580563,824,86,50,21,71,87,27,185,2987,1,direct_2011_lsoa_code,1,Southwark 010D,6,6,1,1,3,3,15,12,,25,1,1,1,1,12,12
E01004043,1357,173,12.7487103905674,181,13.3382461311717,579,52,49,20,69,31,20,120,9939,4,direct_2011_lsoa_code,1,Southwark 010E,2,2,4,4,5,5,13,13,,,4,4,3,3,,20
E01004044,1441,300,20.8188757807078,118,8.18875780707842,563,35,49,16,65,83,25,173,7490,3,direct_2011_lsoa_code,1,Southwark 013E,6,6,9,9,8,8,6,6,,29,5,5,2,2,,21
E01004045,1588,373,23.4886649874055,119,7.49370277078086,638,35,70,29,99,114,23,236,9397,3,direct_2011_lsoa_code,1,Southwark 027A,7,7,6,6,5,5,14,14,14,14,13,10,0,0,,
E01004046,1561,300,19.2184497117233,145,9.28891736066624,642,35,119,20,139,27,20,186,16709,6,direct_2011_lsoa_code,1,Southwark 028E,4,4,11,11,5,5,12,12,,19,8,8,7,7,,
E01004047,1643,299,18.1984175289105,129,7.85149117468046,619,52,64,14,78,70,43,191,11150,4,direct_2011_lsoa_code,1,Southwark 027B,9,9,,12,11,11,,12,,12,12,11,2,2,,26
E01004048,1630,364,22.3312883435583,99,6.07361963190184,691,40,111,33,144,65,21,230,13921,5,direct_2011_lsoa_code,1,Southwark 027C,7,7,11,11,9,9,14,14,15,15,,16,7,7,,
E01004049,1348,313,23.2195845697329,94,6.973293768546,515,29,77,15,92,73,21,186,17287,6,direct_2011_lsoa_code,1,Southwark 027D,5,5,8,8,7,7,,16,,14,15,12,4,4,,
E01004050,1389,175,12.5989920806336,142,10.2231821454284,630,37,65,18,83,26,15,124,19440,6,direct_2011_lsoa_code,1,Southwark 024D,6,6,15,12,13,13,11,11,11,11,12,12,5,5,,29
E01004051,1285,194,15.0972762645914,162,12.6070038910506,584,66,72,23,95,31,8,134,24843,8,direct_2011_lsoa_code,1,Southwark 027E,13,13,,12,6,6,,14,11,11,12,11,5,5,,28
E01004052,1748,280,16.0183066361556,132,7.55148741418764,772,54,102,26,128,41,16,185,18182,6,direct_2011_lsoa_code,1,Southwark 024E,6,6,7,7,8,8,14,14,14,14,8,8,2,2,,
E01004053,1873,220,11.7458622530699,148,7.90176187933796,890,43,105,20,125,25,14,164,26189,8,direct_2011_lsoa_code,1,Southwark 001C,6,6,,12,3,3,10,10,,26,14,11,1,1,,14
E01004054,1529,167,10.922171353826,122,7.97907128842381,726,33,81,18,99,27,10,136,26623,9,direct_2011_lsoa_code,1,Southwark 001D,9,9,,15,6,6,,13,,28,,14,2,2,,16
E01004055,1327,232,17.4830444611907,212,15.9758854559156,531,69,48,24,72,53,28,153,4596,2,direct_2011_lsoa_code,1,Southwark 001E,5,5,,18,4,4,,16,,,,17,3,3,,20
E01004056,2316,331,14.2918825561313,205,8.85146804835924,1023,58,114,27,141,43,40,224,14645,5,direct_2011_lsoa_code,1,Southwark 008A,7,7,,16,3,3,,17,,29,,18,2,2,,15
E01004057,2240,415,18.5267857142857,146,6.51785714285714,949,48,149,33,182,65,28,275,13026,4,direct_2011_lsoa_code,1,Southwark 008B,3,3,,15,8,8,12,12,,23,12,12,6,6,9,9
E01004058,1694,135,7.96930342384888,83,4.89964580873672,847,28,68,13,81,15,8,104,26547,9,direct_2011_lsoa_code,1,Southwark 008C,,17,,21,6,6,12,12,,,12,12,7,7,,20
E01004059,2071,273,13.1820376629648,59,2.84886528247224,897,19,81,27,108,46,13,167,16765,6,direct_2011_lsoa_code,1,Southwark 008D,9,9,9,9,11,11,,17,,27,11,11,2,2,15,12
E01004060,1969,266,13.5093956323007,195,9.90350431691214,870,56,64,16,80,81,31,192,7088,3,direct_2011_lsoa_code,1,Southwark 008E,6,6,9,9,9,9,15,15,,28,5,5,2,2,,14
E01004061,1660,235,14.1566265060241,160,9.63855421686747,737,53,91,24,115,40,12,167,13156,5,direct_2011_lsoa_code,1,Southwark 025A,6,6,10,10,4,4,3,3,,26,3,3,2,2,,
E01004062,2212,387,17.49547920434,141,6.374321880651,981,61,88,25,113,107,25,245,8321,3,direct_2011_lsoa_code,1,Southwark 025B,5,5,8,6,7,7,2,2,,19,4,4,0,0,,
E01004063,1883,276,14.6574614976102,202,10.7275624004249,856,94,109,25,134,44,14,192,9345,3,direct_2011_lsoa_code,1,Southwark 025C,5,5,8,8,9,9,6,6,,25,3,3,3,3,,
E01004064,1939,345,17.792676637442,162,8.35482207323363,816,77,74,28,102,88,37,227,7778,3,direct_2011_lsoa_code,1,Southwark 026D,2,2,,12,5,5,2,2,,22,4,4,3,3,,
E01004065,1508,242,16.0477453580902,143,9.48275862068965,630,37,99,21,120,17,13,150,15020,5,direct_2011_lsoa_code,1,Southwark 025D,4,4,14,14,6,6,10,10,,19,11,11,5,5,,
E01004066,2092,421,20.1242829827916,186,8.89101338432123,852,48,101,28,129,101,33,263,11418,4,direct_2011_lsoa_code,1,Southwark 025E,5,5,8,8,10,10,7,7,,25,6,6,7,7,,
E01004067,2210,386,17.4660633484163,156,7.05882352941176,932,48,75,33,108,108,35,251,5696,2,direct_2011_lsoa_code,1,Southwark 022E,5,5,3,3,6,6,8,8,,21,1,1,0,0,,28
E01004068,1900,293,15.4210526315789,262,13.7894736842105,817,129,60,20,80,74,27,181,6118,2,direct_2011_lsoa_code,1,Southwark 026E,3,3,10,10,2,2,6,6,,25,8,8,5,5,,
E01004069,1295,285,22.007722007722,262,20.2316602316602,481,54,136,11,147,15,5,167,25346,8,direct_2011_lsoa_code,1,Southwark 031A,10,10,,29,,18,15,25,,29,11,11,6,6,,
E01004070,1955,444,22.7109974424552,245,12.5319693094629,730,67,186,27,213,51,22,286,20902,7,direct_2011_lsoa_code,1,Southwark 031B,3,3,,19,2,2,15,15,,17,10,10,2,2,,24
E01004071,1526,295,19.3315858453473,177,11.5989515072084,634,64,98,29,127,47,23,197,15938,5,direct_2011_lsoa_code,1,Southwark 030D,5,5,11,11,12,12,6,6,7,7,12,12,4,4,,
E01004072,1673,333,19.9043634190078,221,13.2098027495517,622,50,163,21,184,30,14,228,25533,8,direct_2011_lsoa_code,1,Southwark 030E,9,9,14,13,,15,5,5,,20,12,12,6,6,,
E01004073,1894,475,25.0791974656811,221,11.6684266103485,701,61,189,34,223,38,24,285,26350,9,direct_2011_lsoa_code,1,Southwark 031C,4,4,,20,12,12,7,7,,20,6,6,5,5,,24
E01004074,1708,363,21.2529274004684,277,16.2177985948478,616,73,155,23,178,30,15,223,24794,8,direct_2011_lsoa_code,1,Southwark 031D,8,8,,16,13,13,7,7,,20,3,3,3,3,,22
E01004075,1713,403,23.5259778166959,286,16.6958552247519,623,63,188,26,214,36,16,266,26265,8,direct_2011_lsoa_code,1,Southwark 031E,11,11,,17,6,6,11,11,,25,8,8,8,8,,
E01004076,1630,349,21.4110429447853,237,14.5398773006135,622,86,110,29,139,44,36,219,15853,5,direct_2011_lsoa_code,1,Sutton 011A,,,,,15,15,,,,,,,,,,
E01004077,1624,310,19.0886699507389,301,18.5344827586207,638,74,125,31,156,41,17,214,20472,7,direct_2011_lsoa_code,1,Sutton 011B,5,5,,17,,15,,17,,,,17,1,1,,
E01004078,1766,413,23.3861834654587,189,10.7021517553794,698,48,134,41,175,77,26,278,18343,6,direct_2011_lsoa_code,1,Sutton 011C,9,9,14,14,9,9,,22,,,13,13,3,3,,
E01004079,1394,240,17.2166427546628,247,17.7187948350072,493,39,126,9,135,14,21,170,26349,9,direct_2011_lsoa_code,1,Sutton 011D,10,10,,22,15,15,,22,,,,24,7,7,,
E01004080,1397,243,17.394416607015,308,22.0472440944882,511,76,100,14,114,12,32,158,24684,8,direct_2011_lsoa_code,1,Sutton 011E,4,4,,18,14,14,,20,,,,19,2,2,,
E01004081,1641,384,23.400365630713,175,10.6642291285801,636,56,155,29,184,53,12,249,21699,7,direct_2011_lsoa_code,1,Sutton 011F,5,5,,17,7,7,13,13,,,10,10,3,3,,
E01004082,1388,241,17.3631123919308,231,16.64265129683,500,51,116,19,135,20,27,182,30200,10,direct_2011_lsoa_code,1,Sutton 011G,5,5,10,10,14,14,,14,,,,19,4,4,,
E01004083,1503,305,20.292747837658,185,12.3087159015303,610,77,68,19,87,96,21,204,3200,1,direct_2011_lsoa_code,1,Sutton 019A,4,4,,22,12,12,6,6,,,6,6,3,3,,
E01004084,1446,223,15.4218533886584,395,27.3167358229599,514,59,100,10,110,8,35,153,29715,10,direct_2011_lsoa_code,1,Sutton 024A,13,13,,20,7,7,,22,,,,19,6,6,,
E01004085,1609,281,17.4642635177129,362,22.4984462399006,578,69,119,7,126,15,35,176,26443,9,direct_2011_lsoa_code,1,Sutton 024B,11,11,,29,10,10,13,13,,,14,14,9,9,,
E01004086,2017,494,24.4918195339613,269,13.3366385721368,726,53,173,29,202,61,48,311,18662,6,direct_2011_lsoa_code,1,Sutton 019B,5,5,,17,13,13,4,4,,,,16,4,4,,
E01004087,1567,270,17.230376515635,360,22.97383535418,538,56,124,5,129,16,26,171,29772,10,direct_2011_lsoa_code,1,Sutton 017A,13,13,,21,11,11,10,10,,,9,9,4,4,,
E01004088,1941,473,24.3688820195775,170,8.75837197320969,748,72,75,31,106,130,39,275,3420,2,direct_2011_lsoa_code,1,Sutton 019C,9,9,,19,10,10,7,7,,,14,14,5,5,,
E01004089,1343,343,25.5398361876396,136,10.126582278481,552,52,78,20,98,100,19,217,5694,2,direct_2011_lsoa_code,1,Sutton 019D,7,7,,22,10,10,2,2,,,3,3,4,4,,
E01004090,1343,330,24.5718540580789,171,12.7326880119136,570,86,81,25,106,76,22,204,6100,2,direct_2011_lsoa_code,1,Sutton 021A,4,4,,16,3,3,7,7,11,11,10,10,1,1,,
E01004091,1284,211,16.4330218068536,341,26.5576323987539,481,60,106,12,118,15,13,146,30940,10,direct_2011_lsoa_code,1,Sutton 022A,7,7,,20,1,1,,18,,22,,21,1,1,,
E01004092,1505,248,16.4784053156146,346,22.9900332225914,581,68,129,13,142,18,16,176,27650,9,direct_2011_lsoa_code,1,Sutton 022B,12,12,,22,13,13,,20,,24,,21,8,8,,
E01004093,1715,438,25.5393586005831,304,17.7259475218659,617,68,182,21,203,33,20,256,30099,10,direct_2011_lsoa_code,1,Sutton 025A,12,12,,,14,14,,,,,14,14,8,8,,
E01004094,1864,417,22.3712446351931,248,13.3047210300429,777,91,173,32,205,50,25,280,31028,10,direct_2011_lsoa_code,1,Sutton 025B,9,9,,19,5,5,4,4,14,14,1,1,2,2,,
E01004095,1560,281,18.0128205128205,340,21.7948717948718,625,77,138,14,152,22,21,195,29884,10,direct_2011_lsoa_code,1,Sutton 025C,9,9,,,14,14,,,,,,,8,8,,
E01004096,1559,293,18.79409878127,175,11.2251443232842,751,79,97,33,130,53,12,195,15331,5,direct_2011_lsoa_code,1,Sutton 021B,5,5,,12,4,4,,12,,16,,11,0,0,,
E01004097,1654,361,21.825876662636,263,15.90084643289,623,72,148,32,180,29,18,227,30702,10,direct_2011_lsoa_code,1,Sutton 015A,,20,10,10,5,5,10,10,,,11,11,7,7,,
E01004098,1298,252,19.4144838212635,224,17.2573189522342,512,58,115,18,133,23,13,169,29482,9,direct_2011_lsoa_code,1,Sutton 015B,10,10,13,13,10,10,15,16,,,8,8,5,5,,
E01004099,1617,312,19.2949907235622,227,14.0383426097712,770,111,105,33,138,77,9,224,13483,5,direct_2011_lsoa_code,1,Sutton 015C,7,7,7,7,4,4,,15,,25,7,7,3,3,,
E01004100,1529,346,22.6291693917593,259,16.9391759319817,577,62,151,28,179,37,19,235,27872,9,direct_2011_lsoa_code,1,Sutton 015D,9,9,14,14,13,13,11,11,,24,13,11,4,4,,
E01004101,1412,277,19.6175637393768,280,19.8300283286119,538,80,126,14,140,24,15,179,30821,10,direct_2011_lsoa_code,1,Sutton 013A,,15,7,7,10,10,12,12,,23,6,6,4,4,,
E01004102,1518,316,20.8168642951252,236,15.5467720685112,597,69,144,29,173,25,18,216,23530,8,direct_2011_lsoa_code,1,Sutton 015E,9,9,7,7,3,3,,18,,29,8,8,7,7,,
E01004103,1776,369,20.777027027027,216,12.1621621621622,748,81,158,29,187,44,24,255,26783,9,direct_2011_lsoa_code,1,Sutton 013B,14,14,10,10,8,8,9,9,,24,4,4,3,3,,
E01004104,1569,328,20.9050350541746,328,20.9050350541746,553,59,157,19,176,19,20,215,31420,10,direct_2011_lsoa_code,1,Sutton 020A,7,7,13,13,4,4,,19,,,8,8,7,7,,
E01004105,1875,439,23.4133333333333,318,16.96,682,60,190,24,214,42,18,274,30436,10,direct_2011_lsoa_code,1,Sutton 022C,7,7,12,12,5,5,,16,,26,8,8,2,2,,
E01004106,1627,282,17.3325138291334,404,24.8309772587585,552,40,156,8,164,12,13,189,32179,10,direct_2011_lsoa_code,1,Sutton 022D,14,14,,21,15,15,,25,,29,,21,1,1,,
E01004107,1622,359,22.1331689272503,228,14.0567200986437,620,64,133,34,167,53,15,235,21595,7,direct_2011_lsoa_code,1,Sutton 020B,5,5,13,13,4,4,,15,,,5,5,4,4,,
E01004108,1962,407,20.7441386340469,324,16.5137614678899,695,66,196,23,219,34,24,277,20903,7,direct_2011_lsoa_code,1,Sutton 024C,,,,,,15,,,,,,,10,10,,
E01004109,1714,368,21.4702450408401,273,15.9276546091015,632,65,124,31,155,63,18,236,19191,6,direct_2011_lsoa_code,1,Sutton 024D,,27,,19,14,14,,20,,,,20,2,2,,
E01004110,2037,386,18.9494354442808,346,16.985763377516,862,106,140,24,164,68,20,252,25524,8,direct_2011_lsoa_code,1,Sutton 016A,11,11,4,4,3,3,,22,,,5,5,4,4,,
E01004111,1686,333,19.7508896797153,325,19.276393831554,683,151,145,29,174,27,23,224,23943,8,direct_2011_lsoa_code,1,Sutton 016B,13,13,14,13,1,1,,25,,,14,11,3,3,,
E01004112,1667,306,18.3563287342532,410,24.5950809838032,674,103,158,13,171,19,14,204,32340,10,direct_2011_lsoa_code,1,Sutton 016C,,24,,23,7,7,,,,,8,8,5,5,,
E01004114,1780,264,14.8314606741573,526,29.5505617977528,592,47,132,9,141,9,32,182,30843,10,direct_2011_lsoa_code,1,Sutton 025D,,,,,,,,,,,,,3,3,,
E01004115,1838,400,21.7627856365615,268,14.5810663764962,671,83,169,35,204,29,29,262,29262,9,direct_2011_lsoa_code,1,Sutton 009A,11,11,,21,12,12,,,,28,,18,6,6,,
E01004116,1586,267,16.8348045397226,443,27.9319041614124,639,146,120,20,140,20,20,180,29001,9,direct_2011_lsoa_code,1,Sutton 008A,,18,14,14,3,3,,25,,21,10,10,3,3,,
E01004117,1429,278,19.4541637508747,208,14.555633310007,513,47,126,21,147,13,21,181,31456,10,direct_2011_lsoa_code,1,Sutton 006A,,,,,,,,,,,,,12,12,,
E01004118,1811,384,21.2037548315848,293,16.1789066813915,693,102,147,22,169,46,30,245,24781,8,direct_2011_lsoa_code,1,Sutton 009B,,16,10,10,9,9,,24,,20,7,7,5,5,,
E01004119,1440,318,22.0833333333333,234,16.25,499,40,126,27,153,23,28,204,25024,8,direct_2011_lsoa_code,1,Sutton 009C,12,12,8,8,10,10,,23,,19,,24,7,7,,
E01004120,1514,284,18.7582562747688,312,20.6076618229855,544,72,125,20,145,9,24,178,30753,10,direct_2011_lsoa_code,1,Sutton 016D,,16,,18,11,11,,28,,24,12,12,7,7,,
E01004121,1584,348,21.969696969697,257,16.2247474747475,625,84,148,22,170,26,15,211,26686,9,direct_2011_lsoa_code,1,Sutton 006B,4,4,5,5,12,12,,19,,,8,8,6,6,,
E01004122,1388,260,18.7319884726225,323,23.2708933717579,531,83,133,8,141,10,23,174,30197,10,direct_2011_lsoa_code,1,Sutton 008B,8,8,10,10,12,12,,22,,29,,17,3,3,,
E01004123,2279,523,22.9486616937253,179,7.85432207108381,814,50,159,39,198,85,49,332,8947,3,direct_2011_lsoa_code,1,Sutton 002A,10,10,8,8,2,2,,17,10,10,6,6,5,5,,23
E01004124,2007,477,23.7668161434978,211,10.5132037867464,669,50,142,33,175,67,51,293,11900,4,direct_2011_lsoa_code,1,Sutton 002B,5,5,11,11,11,11,,22,,20,11,11,8,8,,26
E01004125,1608,366,22.7611940298507,200,12.4378109452736,617,82,101,28,129,66,36,231,7232,3,direct_2011_lsoa_code,1,Sutton 001A,8,8,12,12,7,7,,19,,16,8,8,4,4,,26
E01004126,1570,350,22.2929936305733,149,9.49044585987261,569,43,113,32,145,70,32,247,7374,3,direct_2011_lsoa_code,1,Sutton 002C,10,10,11,11,4,4,,19,10,10,11,11,4,4,,26
E01004127,1844,434,23.5357917570499,204,11.0629067245119,651,61,127,51,178,58,33,269,14552,5,direct_2011_lsoa_code,1,Sutton 005A,11,11,13,13,6,6,,20,,21,14,14,4,4,,29
E01004128,1445,280,19.3771626297578,150,10.3806228373702,525,44,79,24,103,59,28,190,11588,4,direct_2011_lsoa_code,1,Sutton 002D,,15,9,9,7,7,,17,11,11,12,12,1,1,,26
E01004129,1891,409,21.6287678476996,245,12.9561078794289,726,95,120,32,152,78,38,268,6218,2,direct_2011_lsoa_code,1,Sutton 002E,8,8,8,8,4,4,14,14,14,14,7,7,3,3,,23
E01004130,1765,332,18.8101983002833,342,19.3767705382436,655,94,131,26,157,30,28,215,24239,8,direct_2011_lsoa_code,1,Sutton 003A,,16,11,11,4,4,,24,,,,23,7,7,,
E01004131,1887,415,21.9925808161102,235,12.4536301006889,676,65,163,39,202,44,26,272,23157,8,direct_2011_lsoa_code,1,Sutton 003B,8,8,8,8,13,13,,14,7,7,,21,1,1,,29
E01004132,1489,312,20.9536601746138,194,13.0288784419073,510,52,155,18,173,25,16,214,28726,9,direct_2011_lsoa_code,1,Sutton 009D,8,8,9,9,10,10,,23,,19,,23,3,3,,
E01004133,1564,339,21.6751918158568,250,15.9846547314578,538,55,161,18,179,19,20,218,28894,9,direct_2011_lsoa_code,1,Sutton 009E,4,4,14,14,13,13,,28,,26,,27,5,5,,
E01004134,1609,303,18.8315724052206,319,19.8259788688627,560,53,116,17,133,33,34,200,22364,7,direct_2011_lsoa_code,1,Sutton 003C,15,15,5,5,15,14,4,4,,16,,19,3,3,,20
E01004135,1451,286,19.710544452102,287,19.7794624396968,508,63,122,17,139,12,30,181,27624,9,direct_2011_lsoa_code,1,Sutton 003D,10,10,14,14,,16,,19,,26,,21,2,2,,24
E01004136,1564,269,17.1994884910486,288,18.4143222506394,556,57,115,22,137,23,20,180,26564,9,direct_2011_lsoa_code,1,Sutton 003E,5,5,12,12,10,10,13,13,,18,,22,8,8,,29
E01004137,2553,521,20.4073638856248,195,7.63807285546416,1161,81,223,33,256,72,31,359,17926,6,direct_2011_lsoa_code,1,Sutton 012A,4,4,10,10,6,6,9,9,,28,9,9,4,4,,
E01004138,1808,420,23.2300884955752,185,10.2323008849558,751,61,153,38,191,70,25,286,19774,7,direct_2011_lsoa_code,1,Sutton 013C,8,8,12,12,8,8,9,9,,23,6,6,3,3,,
E01004139,1542,325,21.0765239948119,187,12.1271076523995,635,62,122,19,141,48,29,218,24997,8,direct_2011_lsoa_code,1,Sutton 013D,9,9,13,13,5,5,11,11,,,7,7,3,3,,
E01004140,1881,430,22.8601807549176,187,9.94152046783626,794,85,128,32,160,81,31,272,6273,2,direct_2011_lsoa_code,1,Sutton 012B,11,11,4,4,7,7,6,6,,22,4,4,2,2,,28
E01004141,1823,452,24.7942951179375,210,11.5194733955019,756,115,122,38,160,102,35,297,13497,5,direct_2011_lsoa_code,1,Sutton 012C,8,8,9,9,11,11,9,9,,16,9,9,0,0,,29
E01004143,1534,321,20.9256844850065,188,12.2555410691004,626,82,140,25,165,31,21,217,22419,7,direct_2011_lsoa_code,1,Sutton 014A,6,6,8,8,8,8,13,13,,26,10,10,5,5,,
E01004144,1771,334,18.8594014680971,322,18.1818181818182,652,69,147,21,168,22,34,224,26088,8,direct_2011_lsoa_code,1,Sutton 007A,8,8,,17,15,15,,19,,25,,17,9,9,,28
E01004145,2279,527,23.1241772707328,301,13.2075471698113,808,89,217,38,255,49,37,341,21863,7,direct_2011_lsoa_code,1,Sutton 007B,12,12,,19,15,15,,22,,,,22,6,6,,
E01004146,1983,425,21.4321734745335,275,13.8678769541099,732,92,174,28,202,43,43,288,21632,7,direct_2011_lsoa_code,1,Sutton 007C,8,8,10,8,3,3,,10,,21,7,7,1,1,,23
E01004147,1579,267,16.9094363521216,385,24.3825205826473,594,89,119,20,139,26,23,188,25229,8,direct_2011_lsoa_code,1,Sutton 007D,7,7,13,12,12,12,,20,,13,12,12,2,2,,26
E01004148,1820,499,27.4175824175824,220,12.0879120879121,676,98,164,37,201,90,22,313,11799,4,direct_2011_lsoa_code,1,Sutton 014B,7,7,15,14,4,4,,16,,29,,14,3,3,,
E01004149,1860,371,19.9462365591398,357,19.1935483870968,785,119,131,35,166,55,27,248,24557,8,direct_2011_lsoa_code,1,Sutton 012E,6,6,14,14,11,11,13,13,,28,12,12,5,5,,
E01004150,1989,341,17.1442936148819,325,16.3398692810458,1057,238,131,37,168,58,23,249,13054,4,direct_2011_lsoa_code,1,Sutton 021C,12,12,9,9,2,2,12,12,,23,8,8,1,1,,
E01004151,1962,381,19.4189602446483,272,13.8634046890928,845,77,150,31,181,56,19,256,19066,6,direct_2011_lsoa_code,1,Sutton 021D,,19,,19,10,10,,23,,26,,18,4,4,,
E01004152,1774,332,18.7147688838782,337,18.9966178128523,838,160,130,32,162,55,17,234,19010,6,direct_2011_lsoa_code,1,Sutton 018A,9,9,7,7,6,6,7,7,,23,7,7,2,2,,
E01004153,1928,428,22.1991701244813,220,11.4107883817427,891,118,188,45,233,43,12,288,20936,7,direct_2011_lsoa_code,1,Sutton 021E,3,3,,17,11,11,,19,,23,,16,6,6,,
E01004154,1485,294,19.7979797979798,338,22.7609427609428,566,75,141,12,153,17,16,186,30626,10,direct_2011_lsoa_code,1,Sutton 022E,10,10,10,10,13,13,,21,,25,13,13,6,6,,
E01004155,1903,396,20.8092485549133,271,14.2406726221755,834,95,156,43,199,62,21,282,26924,9,direct_2011_lsoa_code,1,Sutton 018B,10,10,,18,9,9,13,13,,24,,17,5,5,,
E01004156,2018,390,19.3260654112983,269,13.3300297324083,944,119,191,25,216,57,14,287,25793,8,direct_2011_lsoa_code,1,Sutton 018C,1,1,4,4,6,6,10,10,,27,4,4,4,4,,
E01004157,1296,264,20.3703703703704,249,19.212962962963,447,47,118,14,132,13,17,162,32021,10,direct_2011_lsoa_code,1,Sutton 016E,,18,14,14,4,4,,20,,,11,11,4,4,,
E01004158,1605,254,15.8255451713396,323,20.1246105919003,718,106,106,19,125,34,23,182,27179,9,direct_2011_lsoa_code,1,Sutton 018D,,23,,20,,18,9,9,,,15,19,10,10,,
E01004159,1649,364,22.0739842328684,256,15.5245603395998,617,71,139,25,164,43,30,237,19763,7,direct_2011_lsoa_code,1,Sutton 014C,13,13,,19,6,6,,21,,26,,20,1,1,,
E01004160,1650,352,21.3333333333333,191,11.5757575757576,680,53,147,18,165,45,31,241,25344,8,direct_2011_lsoa_code,1,Sutton 014D,2,2,,19,13,13,,23,,27,,21,8,8,,
E01004161,1516,322,21.2401055408971,208,13.7203166226913,604,63,141,26,167,45,18,230,27062,9,direct_2011_lsoa_code,1,Sutton 014E,,16,,22,13,13,,27,,,,24,5,5,,
E01004162,1691,343,20.2838557066824,193,11.4133648728563,747,90,145,25,170,56,23,249,22768,7,direct_2011_lsoa_code,1,Sutton 018E,5,5,10,10,6,6,15,15,,27,9,9,3,3,,
E01004163,1725,354,20.5217391304348,263,15.2463768115942,631,65,132,34,166,42,24,232,19347,6,direct_2011_lsoa_code,1,Sutton 005B,11,11,6,6,3,3,,18,,21,10,10,1,1,,29
E01004164,1443,248,17.1864171864172,225,15.5925155925156,617,80,116,16,132,33,11,176,22050,7,direct_2011_lsoa_code,1,Sutton 004A,,18,11,11,6,6,,20,,27,,17,7,7,,
E01004165,1775,370,20.8450704225352,195,10.9859154929577,707,64,111,30,141,78,26,245,17583,6,direct_2011_lsoa_code,1,Sutton 005C,12,12,13,13,6,6,6,6,,18,3,3,3,3,,29
E01004166,1564,303,19.3734015345269,260,16.6240409207161,674,87,130,29,159,36,6,201,22837,7,direct_2011_lsoa_code,1,Sutton 004B,10,10,,18,7,7,,16,,24,12,12,5,5,,
E01004167,1632,398,24.3872549019608,185,11.3357843137255,583,79,110,24,134,85,34,253,7353,3,direct_2011_lsoa_code,1,Sutton 005D,9,9,2,2,10,10,10,10,,10,1,1,0,0,,25
E01004168,1611,329,20.4220980757294,276,17.1322160148976,582,74,128,31,159,30,24,213,26183,8,direct_2011_lsoa_code,1,Sutton 013E,14,14,10,10,3,3,12,12,,19,8,8,7,7,,
E01004169,1807,527,29.1643608190371,99,5.4786939679026,700,40,169,57,226,89,14,329,9475,3,direct_2011_lsoa_code,1,Sutton 004C,11,11,2,2,4,4,13,13,,28,,17,1,1,,
E01004170,2207,493,22.3380154055279,292,13.2306298142275,909,83,179,37,216,69,33,318,24245,8,direct_2011_lsoa_code,1,Sutton 017B,2,2,6,6,6,6,5,5,,,11,11,3,3,,
E01004171,1609,355,22.0633934120572,302,18.769422001243,576,66,134,31,165,22,28,215,29030,9,direct_2011_lsoa_code,1,Sutton 010A,1,1,,14,7,7,,14,,,,16,4,4,,
E01004172,1940,494,25.4639175257732,191,9.84536082474227,845,87,164,30,194,113,16,323,13642,5,direct_2011_lsoa_code,1,Sutton 010B,8,8,11,11,3,3,8,8,,,14,13,4,4,,
E01004173,1365,228,16.7032967032967,270,19.7802197802198,524,81,104,15,119,35,18,172,20426,7,direct_2011_lsoa_code,1,Sutton 010C,5,5,,16,3,3,11,11,,,,18,8,8,,
E01004174,1573,309,19.6439923712651,215,13.6681500317864,682,76,127,26,153,48,20,221,16717,6,direct_2011_lsoa_code,1,Sutton 017C,11,11,8,8,9,9,9,9,,,13,13,7,7,,
E01004175,1738,335,19.2750287686997,244,14.0391254315305,694,72,129,36,165,47,27,239,23458,8,direct_2011_lsoa_code,1,Sutton 010D,15,15,11,11,7,7,11,11,,,,22,6,6,,
E01004176,1527,326,21.3490504256713,204,13.3595284872299,615,54,124,34,158,35,14,207,22267,7,direct_2011_lsoa_code,1,Sutton 010E,6,6,6,6,5,5,14,12,,27,7,7,4,4,,
E01004177,1807,341,18.8710570005534,496,27.4488101826231,910,286,103,30,133,75,15,223,15288,5,direct_2011_lsoa_code,1,Sutton 020C,12,12,9,9,6,6,8,8,,,7,7,3,3,,
E01004178,2367,545,23.0249260667512,301,12.716518800169,1060,144,189,46,235,98,26,359,16834,6,direct_2011_lsoa_code,1,Sutton 017D,10,10,9,9,10,10,12,12,,,6,6,2,2,,
E01004179,1619,318,19.6417541692403,286,17.6652254478073,605,60,151,18,169,19,20,208,28027,9,direct_2011_lsoa_code,1,Sutton 017E,,17,10,10,11,11,13,13,,,12,12,6,6,,
E01004180,1762,294,16.6855845629966,409,23.2122587968218,623,76,136,12,148,17,26,191,30475,10,direct_2011_lsoa_code,1,Sutton 020D,11,11,,17,13,13,14,14,,,13,13,9,9,,
E01004181,1732,333,19.2263279445728,339,19.5727482678984,781,144,127,21,148,66,19,233,17510,6,direct_2011_lsoa_code,1,Sutton 020E,9,9,,12,8,8,,13,,,,11,1,1,,
E01004182,1767,450,25.4668930390492,180,10.1867572156197,672,61,141,32,173,103,22,298,10724,4,direct_2011_lsoa_code,1,Sutton 019E,5,5,11,11,8,8,14,14,,,2,2,1,1,,
E01004183,1777,398,22.397298818233,164,9.2290377039955,680,63,118,29,147,66,39,252,8769,3,direct_2011_lsoa_code,1,Sutton 001B,5,5,,14,2,2,,15,,18,8,8,2,2,,22
E01004184,1704,477,27.9929577464789,141,8.27464788732394,605,49,138,36,174,89,29,292,8136,3,direct_2011_lsoa_code,1,Sutton 001C,11,11,,25,3,3,14,14,,25,12,12,6,6,,
E01004185,2117,529,24.9881908360888,117,5.5266887104393,806,31,143,46,189,115,25,329,3424,2,direct_2011_lsoa_code,1,Sutton 001D,6,6,,16,3,3,12,12,,15,,13,0,0,,
E01004186,1719,368,21.4077952297848,134,7.79522978475858,770,51,136,42,178,62,16,256,20200,7,direct_2011_lsoa_code,1,Sutton 004D,6,6,14,14,2,2,6,6,,22,,25,6,6,,
E01004187,1674,346,20.6690561529271,220,13.142174432497,640,78,125,22,147,48,28,223,12367,4,direct_2011_lsoa_code,1,Sutton 005E,,16,10,10,9,9,12,12,,23,,17,8,8,,
E01004189,2116,485,22.9206049149338,223,10.538752362949,772,82,128,42,170,87,42,299,8713,3,direct_2011_lsoa_code,1,Sutton 001E,7,7,,16,5,5,,22,,22,,15,4,4,,28
E01004190,1386,245,17.6767676767677,290,20.9235209235209,505,53,121,10,131,8,19,158,30846,10,direct_2011_lsoa_code,1,Sutton 008C,10,10,10,10,,19,,22,,,,18,7,7,,
E01004191,1888,407,21.5572033898305,295,15.625,719,87,164,33,197,47,31,275,27350,9,direct_2011_lsoa_code,1,Sutton 008D,15,15,10,10,10,10,,22,,19,13,12,4,4,,
E01004192,1865,401,21.5013404825737,214,11.4745308310992,729,60,176,30,206,52,13,271,22933,7,direct_2011_lsoa_code,1,Sutton 006C,6,6,,25,7,7,,22,,,,26,5,5,,
E01004193,2846,745,26.1770906535488,221,7.76528460997892,1055,80,277,71,348,96,34,478,21744,7,direct_2011_lsoa_code,1,Sutton 006D,6,6,,24,11,11,,23,,,,27,5,5,,
E01004194,1593,336,21.0922787193974,236,14.8148148148148,694,91,115,31,146,53,21,220,23291,8,direct_2011_lsoa_code,1,Sutton 008E,14,14,,18,15,15,,20,,18,,24,10,10,,
E01004195,1695,346,20.4129793510324,247,14.5722713864307,683,97,127,26,153,51,28,232,25116,8,direct_2011_lsoa_code,1,Sutton 006E,10,10,9,9,14,14,,18,,,12,12,7,7,,
E01004196,1578,321,20.3422053231939,322,20.4055766793409,607,75,141,23,164,24,17,205,29706,10,direct_2011_lsoa_code,1,Sutton 008F,11,11,6,6,12,12,,21,15,17,,21,5,5,,
E01004198,1488,273,18.3467741935484,163,10.9543010752688,578,73,65,13,78,48,35,161,3698,2,direct_2011_lsoa_code,1,Tower Hamlets 002B,2,2,10,10,6,6,3,3,,20,3,3,2,2,6,6
E01004199,1696,363,21.4033018867925,126,7.42924528301887,557,45,92,12,104,45,30,179,3280,1,direct_2011_lsoa_code,1,Tower Hamlets 002C,1,1,7,7,3,3,4,4,,19,4,4,5,5,9,9
E01004200,1502,140,9.32090545938748,69,4.59387483355526,575,15,51,17,68,15,13,96,9443,3,direct_2011_lsoa_code,1,Tower Hamlets 005A,6,6,10,10,2,2,9,9,,14,9,9,1,1,13,13
E01004201,1688,299,17.7132701421801,146,8.64928909952607,677,53,66,27,93,46,30,169,10249,4,direct_2011_lsoa_code,1,Tower Hamlets 002D,3,3,,14,2,2,11,11,,25,11,11,2,2,12,11
E01004202,2018,369,18.2854311199207,82,4.06342913776016,820,35,110,28,138,36,25,199,10499,4,direct_2011_lsoa_code,1,Tower Hamlets 005B,8,8,11,11,8,8,8,8,,18,8,8,4,4,14,12
E01004203,1809,261,14.4278606965174,105,5.80431177446103,676,42,82,8,90,32,27,149,8880,3,direct_2011_lsoa_code,1,Tower Hamlets 005C,5,5,4,4,2,2,8,8,,20,3,3,2,2,7,7
E01004204,1865,322,17.2654155495979,180,9.6514745308311,715,58,107,18,125,41,32,198,6274,2,direct_2011_lsoa_code,1,Tower Hamlets 005D,4,4,9,9,3,3,6,6,,18,6,6,6,6,14,13
E01004205,2205,496,22.4943310657596,113,5.12471655328798,767,31,150,14,164,48,54,266,4905,2,direct_2011_lsoa_code,1,Tower Hamlets 013A,7,7,14,14,7,7,9,9,14,14,10,10,5,5,11,11
E01004206,1467,276,18.8139059304704,108,7.36196319018405,548,23,83,9,92,33,38,163,3446,2,direct_2011_lsoa_code,1,Tower Hamlets 013B,5,5,7,7,0,0,7,7,,15,4,4,2,2,9,9
E01004207,1426,277,19.4249649368864,105,7.3632538569425,512,39,68,10,78,69,25,172,5973,2,direct_2011_lsoa_code,1,Tower Hamlets 011A,4,4,8,8,2,2,12,12,11,11,8,8,3,3,6,6
E01004208,1979,245,12.3799898938858,70,3.53713996968166,722,22,54,10,64,41,9,114,10715,4,direct_2011_lsoa_code,1,Tower Hamlets 013C,8,8,4,4,5,5,4,4,11,11,6,6,1,1,8,8
E01004209,1387,365,26.3157894736842,76,5.47945205479452,455,19,111,14,125,41,31,197,3602,2,direct_2011_lsoa_code,1,Tower Hamlets 011B,3,3,10,10,2,2,11,11,,16,4,4,2,2,4,4
E01004211,1629,221,13.5666052793125,85,5.21792510742787,741,32,51,14,65,34,23,122,7276,3,direct_2011_lsoa_code,1,Tower Hamlets 013D,6,6,7,7,1,1,6,6,,24,5,5,5,5,11,11
E01004212,2230,379,16.9955156950673,79,3.54260089686099,785,31,114,20,134,36,23,193,10838,4,direct_2011_lsoa_code,1,Tower Hamlets 011D,5,5,7,7,5,5,11,11,,20,7,7,3,3,5,5
E01004214,1618,378,23.3621755253399,127,7.84919653893696,635,58,102,20,122,70,32,224,5686,2,direct_2011_lsoa_code,1,Tower Hamlets 030A,8,8,11,11,2,2,4,4,,,5,5,3,3,,22
E01004216,1788,342,19.1275167785235,127,7.10290827740492,732,63,131,21,152,42,20,214,19837,7,direct_2011_lsoa_code,1,Tower Hamlets 030B,9,9,,17,6,6,15,11,,,11,11,3,3,,24
E01004217,2076,398,19.1714836223507,187,9.00770712909441,834,68,126,23,149,55,33,237,12388,4,direct_2011_lsoa_code,1,Tower Hamlets 030C,6,6,11,11,4,4,12,11,,,9,9,4,4,,17
E01004218,1927,313,16.2428645563051,152,7.88790866632071,788,55,140,18,158,40,14,212,21427,7,direct_2011_lsoa_code,1,Tower Hamlets 030D,1,1,,15,7,7,,13,,,4,4,3,3,,22
E01004219,2719,631,23.2070614196396,94,3.4571533652078,1027,20,177,15,192,91,48,331,6380,2,direct_2011_lsoa_code,1,Tower Hamlets 035B,5,5,3,3,4,4,7,7,,,1,1,0,0,,15
E01004221,1977,358,18.1082448153768,120,6.06980273141123,820,47,117,16,133,56,24,213,15260,5,direct_2011_lsoa_code,1,Tower Hamlets 036A,6,6,,16,5,5,5,5,,,7,7,3,3,14,14
E01004222,2730,491,17.985347985348,292,10.6959706959707,1120,129,121,40,161,88,30,279,4966,2,direct_2011_lsoa_code,1,Tower Hamlets 001A,6,6,,17,4,4,9,9,,,8,8,3,3,,22
E01004223,2216,457,20.6227436823105,258,11.6425992779783,938,128,116,41,157,78,26,261,5705,2,direct_2011_lsoa_code,1,Tower Hamlets 001B,14,14,14,14,2,2,11,11,,28,13,13,7,7,,27
E01004226,2409,543,22.5404732254047,112,4.64923204649232,910,39,142,35,177,89,40,306,8684,3,direct_2011_lsoa_code,1,Tower Hamlets 001D,8,8,,17,5,5,2,2,,28,3,3,3,3,,18
E01004228,1948,278,14.2710472279261,202,10.3696098562628,815,58,86,32,118,46,20,184,12849,4,direct_2011_lsoa_code,1,Tower Hamlets 003A,7,7,,19,0,0,3,3,,25,6,6,3,3,14,14
E01004229,1418,228,16.0789844851904,106,7.475317348378,537,29,77,8,85,27,24,136,10339,4,direct_2011_lsoa_code,1,Tower Hamlets 004C,1,1,,15,4,4,6,6,,19,5,5,4,4,9,9
E01004230,2146,383,17.8471575023299,188,8.76048462255359,830,71,127,18,145,54,26,225,9165,3,direct_2011_lsoa_code,1,Tower Hamlets 003B,4,4,,17,7,7,1,1,,22,12,11,2,2,11,11
E01004231,1648,311,18.871359223301,131,7.94902912621359,592,51,93,8,101,44,32,177,6874,3,direct_2011_lsoa_code,1,Tower Hamlets 004D,6,6,9,9,7,7,7,7,,18,5,5,3,3,5,5
E01004232,1787,346,19.3620593172916,143,8.00223838836038,633,41,91,19,110,21,32,163,13752,5,direct_2011_lsoa_code,1,Tower Hamlets 003C,8,8,,12,4,4,9,9,,15,4,4,2,2,3,3
E01004233,2202,371,16.8483197093551,200,9.08265213442325,931,107,96,19,115,62,40,217,7486,3,direct_2011_lsoa_code,1,Tower Hamlets 003D,6,6,,19,3,3,8,8,,,7,7,3,3,,19
E01004234,2559,479,18.7182493161391,169,6.6041422430637,939,49,135,32,167,47,66,280,11218,4,direct_2011_lsoa_code,1,Tower Hamlets 003E,9,9,,15,8,8,12,12,,27,11,11,3,3,,17
E01004235,1312,315,24.0091463414634,93,7.08841463414634,485,34,108,14,122,52,25,199,6856,3,direct_2011_lsoa_code,1,Tower Hamlets 008A,4,4,6,6,2,2,6,6,,25,7,7,2,2,11,11
E01004236,1560,355,22.7564102564103,109,6.98717948717949,492,25,123,9,132,42,36,210,4668,2,direct_2011_lsoa_code,1,Tower Hamlets 008B,4,4,7,7,0,0,2,2,,21,6,6,1,1,6,6
E01004237,1532,390,25.4569190600522,87,5.67885117493473,619,33,105,20,125,65,23,213,8147,3,direct_2011_lsoa_code,1,Tower Hamlets 008C,5,5,5,5,6,6,7,7,,25,4,4,6,6,12,12
E01004239,1775,435,24.5070422535211,182,10.2535211267606,537,40,90,9,99,54,61,214,3901,2,direct_2011_lsoa_code,1,Tower Hamlets 008E,5,5,10,10,2,2,4,4,,24,3,3,3,3,9,9
E01004240,1681,374,22.2486615110054,141,8.38786436644854,542,32,123,10,133,61,34,228,7203,3,direct_2011_lsoa_code,1,Tower Hamlets 012A,8,8,14,14,3,3,14,14,,,13,13,5,5,15,15
E01004241,1673,425,25.403466826061,134,8.00956365809922,543,34,126,15,141,69,33,243,5227,2,direct_2011_lsoa_code,1,Tower Hamlets 012B,5,5,,20,4,4,8,8,,28,8,8,4,4,,20
E01004243,1555,396,25.4662379421222,62,3.98713826366559,462,25,100,9,109,34,50,193,5485,2,direct_2011_lsoa_code,1,Tower Hamlets 020A,4,4,13,13,5,5,3,3,,,1,1,2,2,,19
E01004244,2051,374,18.2350073135056,201,9.80009751340809,708,72,108,12,120,56,37,213,3416,2,direct_2011_lsoa_code,1,Tower Hamlets 020B,1,1,,13,3,3,6,6,,29,4,4,3,3,,19
E01004245,2966,650,21.9150370869858,88,2.96695886716116,1069,26,182,22,204,112,42,358,2763,1,direct_2011_lsoa_code,1,Tower Hamlets 018A,11,11,15,15,5,5,9,9,,,8,8,4,4,,17
E01004247,2639,639,24.2137173171656,149,5.64607805987116,863,45,166,21,187,84,66,337,3824,2,direct_2011_lsoa_code,1,Tower Hamlets 020C,7,7,10,10,1,1,5,5,,,4,4,3,3,,17
E01004248,1888,529,28.0190677966102,94,4.97881355932203,620,36,129,19,148,97,43,288,3465,2,direct_2011_lsoa_code,1,Tower Hamlets 018C,6,6,,15,5,5,12,12,,25,11,11,4,4,10,10
E01004249,2439,607,24.8872488724887,177,7.25707257072571,778,41,163,22,185,101,48,334,3447,2,direct_2011_lsoa_code,1,Tower Hamlets 018D,4,4,,18,3,3,8,8,,,9,9,2,2,,19
E01004251,2578,647,25.0969743987587,130,5.04266873545384,931,51,190,20,210,81,48,339,8675,3,direct_2011_lsoa_code,1,Tower Hamlets 023A,5,5,4,4,2,2,11,11,,28,10,10,5,5,,19
E01004255,1587,292,18.3994959042218,87,5.4820415879017,618,34,90,12,102,36,39,177,5983,2,direct_2011_lsoa_code,1,Tower Hamlets 023C,3,3,9,9,2,2,3,3,,24,4,4,2,2,,13
E01004256,1689,398,23.5642391947898,142,8.40734162226169,599,52,118,14,132,43,40,215,5676,2,direct_2011_lsoa_code,1,Tower Hamlets 024C,4,4,14,14,0,0,9,9,,26,10,10,4,4,,16
E01004257,2234,565,25.2909579230081,121,5.41629364368845,752,32,172,12,184,95,38,317,6674,3,direct_2011_lsoa_code,1,Tower Hamlets 024D,6,6,10,10,3,3,9,9,,,8,8,6,6,,20
E01004258,1475,208,14.1016949152542,156,10.5762711864407,691,57,77,17,94,21,14,129,12802,4,direct_2011_lsoa_code,1,Tower Hamlets 023D,6,6,11,11,2,2,9,9,,29,11,11,7,7,,18
E01004259,1755,286,16.2962962962963,95,5.41310541310541,783,44,79,26,105,40,14,159,10040,4,direct_2011_lsoa_code,1,Tower Hamlets 007A,4,4,11,11,4,4,12,12,15,15,2,2,2,2,6,6
E01004260,1782,412,23.1200897867565,96,5.38720538720539,603,36,128,20,148,42,29,219,6995,3,direct_2011_lsoa_code,1,Tower Hamlets 007B,4,4,,13,3,3,6,6,12,12,3,3,2,2,11,10
E01004263,1381,271,19.6234612599566,132,9.55829109341057,483,45,85,5,90,44,27,161,6689,3,direct_2011_lsoa_code,1,Tower Hamlets 007C,4,4,14,14,3,3,8,8,8,8,11,11,3,3,7,7
E01004264,1441,338,23.4559333795975,96,6.66204024982651,446,31,111,4,115,37,29,181,6140,2,direct_2011_lsoa_code,1,Tower Hamlets 010C,6,6,,15,3,3,7,7,11,11,7,7,2,2,10,10
E01004266,1449,242,16.7011732229124,167,11.5251897860594,555,55,72,10,82,42,15,139,9652,3,direct_2011_lsoa_code,1,Tower Hamlets 007D,6,6,14,13,8,8,13,13,,23,6,6,5,5,9,9
E01004267,2193,370,16.8718650250798,110,5.01595987232102,902,35,106,24,130,67,38,235,6672,3,direct_2011_lsoa_code,1,Tower Hamlets 012D,4,4,13,13,2,2,6,6,,21,8,8,7,7,8,8
E01004268,1766,320,18.1200453001133,102,5.7757644394111,733,40,107,9,116,62,35,213,6121,2,direct_2011_lsoa_code,1,Tower Hamlets 012E,5,5,,17,4,4,5,5,,20,6,6,4,4,8,8
E01004270,2421,383,15.8199091284593,94,3.88269310202396,841,21,108,19,127,44,38,209,12534,4,direct_2011_lsoa_code,1,Tower Hamlets 014B,4,4,,10,7,7,10,10,,19,8,8,0,0,8,8
E01004271,2464,596,24.1883116883117,99,4.01785714285714,905,36,186,29,215,73,42,330,7538,3,direct_2011_lsoa_code,1,Tower Hamlets 014C,5,5,11,10,1,1,8,8,,25,7,7,4,4,,16
E01004272,2669,632,23.6792806294492,138,5.17047583364556,870,34,213,20,233,72,61,366,5842,2,direct_2011_lsoa_code,1,Tower Hamlets 014D,4,4,10,10,5,5,1,1,,25,0,0,0,0,,19
E01004274,1956,378,19.3251533742331,140,7.15746421267894,666,25,97,18,115,44,52,211,11260,4,direct_2011_lsoa_code,1,Tower Hamlets 031A,5,5,8,8,6,6,5,5,,,5,5,3,3,,20
E01004275,2512,659,26.234076433121,137,5.45382165605096,889,38,190,38,228,93,45,366,20159,7,direct_2011_lsoa_code,1,Tower Hamlets 031B,6,6,13,12,7,7,11,11,,,12,12,3,3,,19
E01004276,2048,290,14.16015625,87,4.248046875,959,25,153,31,184,29,8,221,30144,10,direct_2011_lsoa_code,1,Tower Hamlets 031C,6,6,13,13,2,2,11,11,,,11,11,2,2,,21
E01004277,1591,144,9.05091137649277,69,4.33689503456945,854,14,78,7,85,21,8,114,27157,9,direct_2011_lsoa_code,1,Tower Hamlets 033A,15,15,4,4,5,5,4,4,,23,3,3,3,3,6,6
E01004280,1956,401,20.5010224948875,124,6.33946830265849,750,46,131,9,140,61,36,237,10692,4,direct_2011_lsoa_code,1,Tower Hamlets 032A,3,3,6,6,4,4,6,6,,,6,6,1,1,,14
E01004281,1993,298,14.9523331660813,47,2.35825388861014,811,17,114,20,134,38,36,208,26798,9,direct_2011_lsoa_code,1,Tower Hamlets 031D,7,7,12,12,3,3,8,8,,,8,8,3,3,,20
E01004283,2184,423,19.3681318681319,168,7.69230769230769,734,47,126,14,140,46,45,231,8223,3,direct_2011_lsoa_code,1,Tower Hamlets 016A,8,8,11,11,1,1,12,12,7,7,10,10,4,4,9,9
E01004286,2474,500,20.2101859337106,204,8.24575586095392,851,53,129,20,149,68,68,285,5381,2,direct_2011_lsoa_code,1,Tower Hamlets 019C,0,0,8,8,4,4,7,7,,26,7,7,7,7,,20
E01004287,2250,518,23.0222222222222,264,11.7333333333333,878,147,177,16,193,53,31,277,8047,3,direct_2011_lsoa_code,1,Tower Hamlets 016B,5,5,6,6,4,4,4,4,15,18,3,3,3,3,,19
E01004288,1851,456,24.6353322528363,164,8.860075634792,608,32,113,14,127,104,38,269,4874,2,direct_2011_lsoa_code,1,Tower Hamlets 019D,4,4,,13,4,4,11,10,,15,9,9,3,3,,17
E01004289,1933,346,17.899637868598,167,8.63942058975685,662,61,112,10,122,31,48,201,6032,2,direct_2011_lsoa_code,1,Tower Hamlets 016C,5,5,11,11,2,2,7,7,13,13,6,6,4,4,,22
E01004290,1974,385,19.5035460992908,138,6.99088145896657,774,63,113,11,124,46,39,209,8732,3,direct_2011_lsoa_code,1,Tower Hamlets 016D,7,7,11,11,1,1,13,13,1,1,12,9,3,3,4,4
E01004291,1909,206,10.7909900471451,152,7.96228391828182,1008,66,91,22,113,27,7,147,24676,8,direct_2011_lsoa_code,1,Tower Hamlets 027A,6,6,15,15,2,2,3,3,,29,2,2,2,2,,26
E01004292,1670,209,12.5149700598802,114,6.82634730538922,766,36,101,10,111,8,12,131,27385,9,direct_2011_lsoa_code,1,Tower Hamlets 026A,5,5,6,6,7,7,7,7,,,9,9,4,4,,21
E01004293,1985,190,9.57178841309824,193,9.72292191435768,1007,74,81,24,105,18,20,143,26059,8,direct_2011_lsoa_code,1,Tower Hamlets 027B,9,9,7,7,6,6,6,6,,24,12,12,2,2,10,10
E01004295,2002,555,27.7222777222777,114,5.6943056943057,664,38,160,17,177,58,32,267,7506,3,direct_2011_lsoa_code,1,Tower Hamlets 026C,3,3,3,3,2,2,11,11,,24,9,9,3,3,,19
E01004296,2430,380,15.6378600823045,137,5.63786008230453,1102,59,131,19,150,57,28,235,10142,4,direct_2011_lsoa_code,1,Tower Hamlets 026D,8,8,10,10,3,3,3,3,,28,4,4,1,1,,19
E01004297,1913,246,12.8593831677993,170,8.88656560376372,879,44,84,15,99,19,31,149,25393,8,direct_2011_lsoa_code,1,Tower Hamlets 027C,6,6,15,15,4,4,9,9,,29,9,9,3,3,,20
E01004298,1602,337,21.0362047440699,143,8.92634207240949,566,44,69,6,75,41,45,161,3911,2,direct_2011_lsoa_code,1,Tower Hamlets 022A,6,6,7,7,9,9,5,5,,20,5,5,5,5,,20
E01004300,1452,319,21.969696969697,131,9.02203856749311,534,55,95,11,106,52,29,187,5313,2,direct_2011_lsoa_code,1,Tower Hamlets 022B,10,10,15,16,5,5,5,5,,24,10,10,5,5,,22
E01004301,1418,280,19.7461212976023,99,6.98166431593794,478,25,88,10,98,23,34,155,5604,2,direct_2011_lsoa_code,1,Tower Hamlets 025B,5,5,8,8,2,2,9,9,,15,2,2,0,0,,12
E01004302,1670,442,26.4670658682635,45,2.69461077844311,554,7,134,10,144,49,38,231,10599,4,direct_2011_lsoa_code,1,Tower Hamlets 025C,3,3,6,6,3,3,7,7,,18,2,2,2,2,,8
E01004303,2871,632,22.0132358063393,168,5.85161964472309,1007,67,193,26,219,79,53,351,11397,4,direct_2011_lsoa_code,1,Tower Hamlets 025D,9,9,,16,7,7,6,6,,24,11,11,2,2,,20
E01004304,2133,476,22.3159868729489,158,7.40740740740741,624,47,116,16,132,37,49,218,4740,2,direct_2011_lsoa_code,1,Tower Hamlets 022C,1,1,5,5,1,1,6,6,13,13,5,5,4,4,,14
E01004305,1865,418,22.4128686327078,169,9.06166219839142,665,73,129,11,140,40,33,213,7611,3,direct_2011_lsoa_code,1,Tower Hamlets 022D,3,3,10,10,1,1,5,5,,20,4,4,2,2,,21
E01004306,1840,292,15.8695652173913,145,7.8804347826087,687,35,67,12,79,21,63,163,5304,2,direct_2011_lsoa_code,1,Tower Hamlets 015A,1,1,1,1,4,4,3,3,,19,5,5,3,3,8,8
E01004307,2333,128,5.48649807115302,71,3.04329189884269,1027,29,47,8,55,23,8,86,19910,7,direct_2011_lsoa_code,1,Tower Hamlets 015B,7,7,5,5,4,4,3,3,,15,5,5,3,3,8,8
E01004308,1441,241,16.7244968771686,115,7.98056904927134,508,25,84,4,88,23,31,142,8621,3,direct_2011_lsoa_code,1,Tower Hamlets 015C,5,5,7,7,4,4,6,6,13,13,8,8,6,6,7,7
E01004309,2792,475,17.012893982808,147,5.26504297994269,943,37,134,19,153,40,44,237,4749,2,direct_2011_lsoa_code,1,Tower Hamlets 015D,2,2,7,7,5,5,1,1,10,10,4,4,2,2,3,3
E01004310,2017,284,14.0803173029251,116,5.75111551809618,842,30,88,4,92,38,31,161,5125,2,direct_2011_lsoa_code,1,Tower Hamlets 015E,3,3,7,7,3,3,6,6,,15,7,7,3,3,5,5
E01004311,1845,368,19.9457994579946,145,7.85907859078591,756,74,100,18,118,54,26,198,4644,2,direct_2011_lsoa_code,1,Tower Hamlets 006A,5,5,4,4,3,3,2,2,5,5,4,4,4,4,,18
E01004312,1522,322,21.1563731931669,145,9.526938239159,492,28,89,12,101,46,28,175,4384,2,direct_2011_lsoa_code,1,Tower Hamlets 009A,6,6,5,5,3,3,8,8,11,11,7,7,3,3,,13
E01004313,2125,408,19.2,91,4.28235294117647,804,40,145,12,157,84,24,265,11032,4,direct_2011_lsoa_code,1,Tower Hamlets 009B,6,6,0,0,3,3,4,4,15,15,2,2,0,0,13,11
E01004315,1581,244,15.4332700822264,147,9.29791271347248,661,68,90,9,99,24,31,154,6850,3,direct_2011_lsoa_code,1,Tower Hamlets 006C,5,5,7,7,2,2,7,7,6,6,6,6,4,4,,15
E01004316,1039,163,15.6881616939365,58,5.5822906641001,440,17,60,6,66,22,16,104,4542,2,direct_2011_lsoa_code,1,Tower Hamlets 009C,7,7,9,9,4,4,11,11,8,8,13,13,3,3,,15
E01004319,2505,527,21.0379241516966,159,6.34730538922156,841,23,144,14,158,45,84,287,6845,3,direct_2011_lsoa_code,1,Tower Hamlets 021A,3,3,1,1,7,7,8,8,12,12,8,8,3,3,12,12
E01004321,2146,404,18.8257222739981,139,6.47716682199441,845,56,116,11,127,47,46,220,6345,2,direct_2011_lsoa_code,1,Tower Hamlets 021C,1,1,6,6,6,6,10,10,6,6,7,7,3,3,10,10
E01004322,1402,240,17.1184022824536,86,6.13409415121255,525,44,85,4,89,25,22,136,6983,3,direct_2011_lsoa_code,1,Tower Hamlets 017A,6,6,7,7,4,4,4,4,4,4,4,4,1,1,4,4
E01004323,1629,376,23.0816451810927,111,6.81399631675875,473,24,83,6,89,33,37,159,9137,3,direct_2011_lsoa_code,1,Tower Hamlets 017B,2,2,9,9,2,2,8,8,7,7,7,7,5,5,10,10
E01004324,1600,335,20.9375,99,6.1875,517,31,101,4,105,31,46,182,5052,2,direct_2011_lsoa_code,1,Tower Hamlets 017C,5,5,5,5,5,5,8,8,12,12,10,10,5,5,12,12
E01004326,1889,362,19.1635786130228,93,4.92323980942298,766,38,117,19,136,57,30,223,10008,4,direct_2011_lsoa_code,1,Tower Hamlets 017D,2,2,8,8,1,1,6,6,8,8,3,3,2,2,11,11
E01004327,1507,358,23.7558062375581,144,9.55540809555408,475,62,62,14,76,31,72,179,7992,3,direct_2011_lsoa_code,1,Waltham Forest 028A,8,8,9,9,9,9,8,8,,,10,10,6,6,,21
E01004328,1870,397,21.2299465240642,136,7.27272727272727,659,35,106,30,136,59,47,242,11954,4,direct_2011_lsoa_code,1,Waltham Forest 028B,4,4,3,3,2,2,3,3,,,3,3,2,2,,18
E01004329,1811,366,20.2098288238542,132,7.28879072335726,642,41,100,28,128,54,58,240,11575,4,direct_2011_lsoa_code,1,Waltham Forest 028C,11,11,15,15,3,3,13,13,,,7,7,2,2,,21
E01004330,1676,302,18.019093078759,172,10.2625298329356,611,52,113,29,142,32,46,220,17056,6,direct_2011_lsoa_code,1,Waltham Forest 028D,4,4,9,9,9,9,6,6,,,2,2,3,3,,20
E01004331,1656,357,21.5579710144928,130,7.85024154589372,604,39,97,27,124,62,46,232,12158,4,direct_2011_lsoa_code,1,Waltham Forest 028E,14,14,,14,8,8,12,11,,,12,10,2,2,,21
E01004332,1945,356,18.3033419023136,143,7.35218508997429,650,28,98,23,121,54,57,232,8927,3,direct_2011_lsoa_code,1,Waltham Forest 028F,7,7,3,3,8,8,7,7,,,3,3,3,3,,19
E01004333,1698,417,24.5583038869258,122,7.1849234393404,583,38,130,26,156,69,42,267,9066,3,direct_2011_lsoa_code,1,Waltham Forest 024A,7,7,4,4,9,9,14,13,,29,5,5,3,3,15,15
E01004334,1892,411,21.723044397463,149,7.87526427061311,616,70,74,19,93,93,78,264,3119,1,direct_2011_lsoa_code,1,Waltham Forest 024B,9,9,6,6,12,12,6,6,,,6,6,5,5,,17
E01004335,1737,381,21.9343696027634,129,7.426597582038,608,33,73,20,93,95,50,238,4362,2,direct_2011_lsoa_code,1,Waltham Forest 027A,4,4,5,5,5,5,2,2,,,2,2,4,4,11,11
E01004336,1554,213,13.7065637065637,173,11.1325611325611,583,77,51,23,74,30,39,143,11164,4,direct_2011_lsoa_code,1,Waltham Forest 026A,14,13,11,10,8,8,11,11,,26,11,10,2,2,7,7
E01004337,1744,323,18.5206422018349,167,9.5756880733945,646,63,93,21,114,53,35,202,10118,4,direct_2011_lsoa_code,1,Waltham Forest 027B,7,7,10,10,5,5,9,9,,,9,9,2,2,14,13
E01004338,2020,294,14.5544554455446,165,8.16831683168317,644,33,75,18,93,36,67,196,14941,5,direct_2011_lsoa_code,1,Waltham Forest 027C,10,10,11,11,10,10,6,6,,28,6,6,3,3,8,8
E01004339,1882,405,21.519659936238,119,6.3230605738576,697,35,106,61,167,41,32,240,11057,4,direct_2011_lsoa_code,1,Waltham Forest 027D,7,7,5,5,9,9,11,11,,27,4,4,4,4,,15
E01004340,1877,341,18.1672882258924,171,9.11028236547683,715,58,84,11,95,97,46,238,3432,2,direct_2011_lsoa_code,1,Waltham Forest 027E,14,14,,18,15,15,10,10,,,10,10,12,12,11,11
E01004341,1933,330,17.0719089498189,175,9.0532850491464,742,66,67,13,80,76,52,208,7036,3,direct_2011_lsoa_code,1,Waltham Forest 027F,7,7,4,4,4,4,5,5,,28,3,3,2,2,,15
E01004342,2094,497,23.7344794651385,153,7.30659025787966,715,42,138,38,176,70,59,305,12475,4,direct_2011_lsoa_code,1,Waltham Forest 011A,10,10,14,13,12,12,,22,,23,15,11,4,4,,18
E01004343,1871,397,21.2185996793159,219,11.7049706039551,650,50,135,23,158,43,37,238,18190,6,direct_2011_lsoa_code,1,Waltham Forest 008A,13,13,15,10,9,9,15,13,,17,,10,2,2,,
E01004344,1903,474,24.9080399369417,134,7.0415133998949,662,44,128,41,169,79,51,299,7780,3,direct_2011_lsoa_code,1,Waltham Forest 008B,12,12,14,14,12,12,,18,,22,,16,7,7,,24
E01004345,1796,377,20.9910913140312,144,8.01781737193764,615,45,131,23,154,41,43,238,13646,5,direct_2011_lsoa_code,1,Waltham Forest 010A,11,11,,15,9,9,9,9,,16,,16,4,4,,
E01004346,1799,424,23.5686492495831,162,9.00500277932185,567,41,140,39,179,52,47,278,15972,5,direct_2011_lsoa_code,1,Waltham Forest 011B,10,10,13,13,9,9,7,7,,29,15,15,8,8,,24
E01004347,2184,535,24.496336996337,151,6.91391941391941,802,64,176,58,234,70,40,344,18452,6,direct_2011_lsoa_code,1,Waltham Forest 011C,2,2,14,14,6,6,10,10,,25,14,13,7,7,,20
E01004348,2944,617,20.9578804347826,188,6.38586956521739,1197,56,180,50,230,123,57,410,15993,5,direct_2011_lsoa_code,1,Waltham Forest 010B,3,3,6,6,8,8,3,3,8,8,11,11,0,0,,22
E01004349,1548,339,21.8992248062016,233,15.0516795865633,552,58,109,21,130,48,30,208,8091,3,direct_2011_lsoa_code,1,Waltham Forest 001A,8,8,,24,,,,20,,,,23,10,10,,
E01004350,1901,294,15.4655444502893,575,30.2472382956339,920,309,94,27,121,55,28,204,8698,3,direct_2011_lsoa_code,1,Waltham Forest 001B,,17,,16,,23,5,5,,,,15,4,4,,
E01004351,1645,308,18.7234042553192,358,21.7629179331307,637,85,119,24,143,28,21,192,18892,6,direct_2011_lsoa_code,1,Waltham Forest 001C,12,12,,18,,25,10,10,,,,17,9,9,,
E01004352,1883,262,13.9139670738184,509,27.0313329792884,794,130,109,26,135,24,21,180,23995,8,direct_2011_lsoa_code,1,Waltham Forest 002A,10,10,,12,,19,,16,,,15,13,5,5,,
E01004353,1815,291,16.0330578512397,408,22.4793388429752,792,125,117,26,143,37,15,195,17875,6,direct_2011_lsoa_code,1,Waltham Forest 002B,,18,,17,,17,,18,,,,18,2,2,,
E01004354,1966,433,22.0244150559512,263,13.3774160732452,775,70,151,40,191,53,26,270,20330,7,direct_2011_lsoa_code,1,Waltham Forest 002C,3,3,5,5,15,15,8,8,,,5,5,4,4,,
E01004355,1688,382,22.6303317535545,229,13.5663507109005,681,79,106,33,139,87,30,256,10657,4,direct_2011_lsoa_code,1,Waltham Forest 004A,9,9,,16,4,4,10,10,,,,17,4,4,,
E01004356,1698,326,19.1990577149588,287,16.9022379269729,594,65,110,16,126,46,42,214,10256,4,direct_2011_lsoa_code,1,Waltham Forest 001D,13,13,,15,6,6,12,12,,,,17,2,2,,
E01004357,1582,266,16.8141592920354,291,18.3944374209861,576,72,89,27,116,39,32,187,16459,6,direct_2011_lsoa_code,1,Waltham Forest 001E,10,10,,16,11,11,8,8,,,,15,8,8,,
E01004358,1954,361,18.474923234391,324,16.5813715455476,881,139,127,34,161,64,31,256,12717,4,direct_2011_lsoa_code,1,Waltham Forest 002D,5,5,11,11,10,10,10,10,,,12,11,2,2,,
E01004359,1712,335,19.5677570093458,273,15.946261682243,599,65,132,22,154,30,33,217,21404,7,direct_2011_lsoa_code,1,Waltham Forest 002E,11,11,12,12,11,11,5,5,,,13,11,6,6,,
E01004360,1333,237,17.7794448612153,332,24.9062265566392,479,59,84,22,106,21,27,154,20890,7,direct_2011_lsoa_code,1,Waltham Forest 004B,14,14,15,15,10,10,9,9,,,,18,5,5,,
E01004361,1385,261,18.8447653429603,253,18.2671480144404,495,61,100,20,120,18,25,163,18552,6,direct_2011_lsoa_code,1,Waltham Forest 005A,13,13,14,14,12,12,,18,,,,17,2,2,,
E01004362,1608,303,18.8432835820896,173,10.7587064676617,677,57,115,30,145,39,26,210,11856,4,direct_2011_lsoa_code,1,Waltham Forest 021A,11,11,,17,10,10,,16,15,20,,15,3,3,,17
E01004363,1665,385,23.1231231231231,195,11.7117117117117,519,44,105,29,134,33,49,216,14952,5,direct_2011_lsoa_code,1,Waltham Forest 019A,14,12,,14,15,11,8,8,6,6,9,9,1,1,,18
E01004364,1981,451,22.766279656739,195,9.84351337708228,620,37,117,26,143,63,55,261,7069,3,direct_2011_lsoa_code,1,Waltham Forest 019B,5,5,12,12,8,8,10,10,,14,7,7,6,6,,18
E01004365,2542,560,22.029897718332,171,6.72698662470496,795,40,104,26,130,81,105,316,8358,3,direct_2011_lsoa_code,1,Waltham Forest 020A,8,8,4,4,9,9,9,9,,19,4,4,3,3,,14
E01004366,1935,333,17.2093023255814,293,15.1421188630491,667,63,110,34,144,19,52,215,14761,5,direct_2011_lsoa_code,1,Waltham Forest 019C,11,11,,20,,17,,14,5,5,,14,4,4,,18
E01004367,1609,339,21.0689869484152,155,9.63331261653201,533,39,107,21,128,28,46,202,9423,3,direct_2011_lsoa_code,1,Waltham Forest 019D,10,10,9,9,6,6,3,3,,17,2,2,2,2,,16
E01004368,2450,592,24.1632653061225,229,9.3469387755102,779,48,106,37,143,40,87,270,12888,4,direct_2011_lsoa_code,1,Waltham Forest 019E,9,9,,17,6,6,8,8,,13,9,9,5,5,,15
E01004369,1755,334,19.031339031339,102,5.81196581196581,636,23,107,32,139,40,47,226,18122,6,direct_2011_lsoa_code,1,Waltham Forest 023A,3,3,,15,12,11,2,2,,25,9,9,3,3,,12
E01004370,2107,408,19.3640246796393,132,6.26483151400095,805,42,134,40,174,48,51,273,19459,6,direct_2011_lsoa_code,1,Waltham Forest 023B,5,5,,17,11,11,10,10,,22,12,12,5,5,,18
E01004371,1649,316,19.1631291691935,164,9.94542146755609,608,36,82,32,114,44,44,202,13836,5,direct_2011_lsoa_code,1,Waltham Forest 025A,6,6,14,14,3,3,2,2,,19,9,9,2,2,13,12
E01004372,1644,277,16.8491484184915,101,6.14355231143552,690,41,95,33,128,30,31,189,22386,7,direct_2011_lsoa_code,1,Waltham Forest 023C,5,5,,22,8,8,6,6,,25,5,5,8,8,,19
E01004373,1804,357,19.7893569844789,150,8.31485587583149,677,39,105,29,134,41,42,217,10432,4,direct_2011_lsoa_code,1,Waltham Forest 025B,3,3,,17,8,8,6,6,,27,4,4,5,5,,13
E01004374,1966,349,17.7517802644964,154,7.83316378433367,703,41,115,30,145,30,48,223,16899,6,direct_2011_lsoa_code,1,Waltham Forest 025C,8,8,15,15,4,4,8,8,,23,7,7,2,2,13,13
E01004375,1930,320,16.580310880829,146,7.56476683937824,709,35,107,24,131,37,46,214,13709,5,direct_2011_lsoa_code,1,Waltham Forest 025D,6,6,14,14,1,1,6,6,,28,6,6,4,4,11,11
E01004376,1891,277,14.6483342147012,190,10.0475938656795,659,39,67,19,86,34,61,181,12644,4,direct_2011_lsoa_code,1,Waltham Forest 025E,10,10,9,9,9,9,8,8,,25,8,8,1,1,7,7
E01004377,1835,392,21.3623978201635,242,13.1880108991826,617,53,138,25,163,47,51,261,14476,5,direct_2011_lsoa_code,1,Waltham Forest 010C,12,12,,21,11,11,,21,,24,,21,10,10,,
E01004378,1848,380,20.5627705627706,203,10.9848484848485,674,47,128,32,160,47,38,245,12064,4,direct_2011_lsoa_code,1,Waltham Forest 010D,3,3,15,15,8,8,8,8,,17,,20,4,4,,27
E01004379,1928,371,19.2427385892116,214,11.0995850622407,727,45,143,49,192,35,24,251,22382,7,direct_2011_lsoa_code,1,Waltham Forest 007A,9,9,6,6,,16,8,8,,19,5,5,1,1,,
E01004380,1793,380,21.1935303959844,224,12.4930284439487,625,54,124,34,158,55,38,251,12272,4,direct_2011_lsoa_code,1,Waltham Forest 007B,5,5,,22,8,8,,21,,,,22,12,12,,
E01004381,1985,397,20,209,10.5289672544081,741,41,144,37,181,57,31,269,18539,6,direct_2011_lsoa_code,1,Waltham Forest 007C,9,9,7,7,10,10,9,9,,19,9,9,3,3,,
E01004382,1755,460,26.2108262108262,121,6.8945868945869,628,38,117,21,138,102,36,276,4663,2,direct_2011_lsoa_code,1,Waltham Forest 008C,2,2,9,9,,23,13,13,,24,10,10,8,8,,
E01004383,1687,361,21.3989330171903,226,13.3965619442798,582,51,145,30,175,35,29,239,18959,6,direct_2011_lsoa_code,1,Waltham Forest 007D,9,9,10,10,5,5,12,12,,22,12,11,1,1,,
E01004384,2002,416,20.7792207792208,280,13.986013986014,747,85,113,37,150,101,35,286,7043,3,direct_2011_lsoa_code,1,Waltham Forest 003A,8,8,9,9,1,1,10,10,,,10,10,7,7,,
E01004385,1534,308,20.0782268578879,203,13.2333767926988,654,96,90,37,127,66,22,215,6481,2,direct_2011_lsoa_code,1,Waltham Forest 003B,12,12,15,15,12,12,,21,,,,22,7,7,,
E01004386,1695,305,17.9941002949853,330,19.4690265486726,648,92,122,27,149,16,28,193,25868,8,direct_2011_lsoa_code,1,Waltham Forest 003C,,16,10,10,12,12,,15,,25,11,11,3,3,,
E01004387,1438,248,17.2461752433936,274,19.0542420027816,523,49,121,25,146,17,15,178,28095,9,direct_2011_lsoa_code,1,Waltham Forest 007E,14,14,11,11,,16,13,13,,23,12,11,2,2,,
E01004388,1655,341,20.6042296072508,259,15.6495468277946,660,60,105,33,138,59,27,224,14955,5,direct_2011_lsoa_code,1,Waltham Forest 007F,9,9,8,8,,20,8,8,,26,8,8,7,7,,
E01004389,1735,348,20.0576368876081,270,15.5619596541787,691,83,95,29,124,54,31,209,7533,3,direct_2011_lsoa_code,1,Waltham Forest 003D,1,1,14,14,2,2,,15,,,,16,6,6,,
E01004390,1602,319,19.9126092384519,228,14.2322097378277,628,84,108,19,127,59,26,212,5903,2,direct_2011_lsoa_code,1,Waltham Forest 003E,9,9,8,8,4,4,,16,,29,10,10,4,4,,
E01004391,2325,424,18.236559139785,132,5.67741935483871,977,52,105,41,146,95,39,280,13300,5,direct_2011_lsoa_code,1,Waltham Forest 014A,,,,,,,,,,,,,,,,
E01004392,2566,523,20.381917381138,159,6.19641465315667,985,41,159,33,192,74,61,327,10024,4,direct_2011_lsoa_code,1,Waltham Forest 017A,8,8,5,5,11,11,12,12,,,7,7,5,5,,16
E01004393,1690,307,18.1656804733728,184,10.887573964497,769,93,72,20,92,82,30,204,12894,4,direct_2011_lsoa_code,1,Waltham Forest 014B,2,2,6,6,3,3,13,11,,27,7,7,1,1,6,6
E01004394,2003,358,17.873190214678,179,8.93659510733899,789,53,89,31,120,75,50,245,5529,2,direct_2011_lsoa_code,1,Waltham Forest 017B,7,7,4,4,5,5,7,7,,29,4,4,2,2,,11
E01004395,1698,362,21.319199057715,158,9.30506478209658,595,40,122,39,161,24,40,225,16750,6,direct_2011_lsoa_code,1,Waltham Forest 018A,,,,,4,4,,,,,,,,,,
E01004396,1992,419,21.0341365461847,183,9.18674698795181,698,50,115,41,156,37,61,254,14422,5,direct_2011_lsoa_code,1,Waltham Forest 012A,7,7,6,6,7,7,14,14,,23,5,5,3,3,12,12
E01004397,2905,495,17.039586919105,206,7.09122203098107,1131,50,145,34,179,80,69,328,9666,3,direct_2011_lsoa_code,1,Waltham Forest 017C,12,12,3,3,,16,,17,,22,6,6,5,5,7,7
E01004398,2028,393,19.3786982248521,212,10.4536489151874,666,69,91,26,117,76,64,257,4902,2,direct_2011_lsoa_code,1,Waltham Forest 009A,,21,,22,2,2,,26,,,,24,8,8,,28
E01004399,1889,440,23.292747485442,152,8.04658549497088,595,39,90,31,121,82,67,270,2576,1,direct_2011_lsoa_code,1,Waltham Forest 009B,12,12,13,13,7,7,,22,,,,20,6,6,,28
E01004400,1898,425,22.3919915700738,147,7.7449947312961,655,42,131,35,166,50,45,261,8395,3,direct_2011_lsoa_code,1,Waltham Forest 009C,5,5,12,12,6,6,7,7,,,8,8,2,2,,18
E01004401,2367,520,21.9687367976341,150,6.33713561470216,890,55,176,45,221,70,47,338,12638,4,direct_2011_lsoa_code,1,Waltham Forest 014C,3,3,,15,10,10,11,11,,,15,15,7,7,,17
E01004402,1873,419,22.3705285638014,183,9.77042178323545,655,60,121,32,153,63,38,254,6798,3,direct_2011_lsoa_code,1,Waltham Forest 009D,11,11,12,12,4,4,3,3,,,6,6,5,5,,22
E01004403,2587,626,24.1979126401237,166,6.41669887901044,898,45,182,53,235,93,62,390,7659,3,direct_2011_lsoa_code,1,Waltham Forest 009E,4,4,3,3,5,5,8,8,,,12,12,2,2,,19
E01004404,2851,733,25.7102770957559,139,4.87548228691687,1105,59,174,53,227,173,54,454,8644,3,direct_2011_lsoa_code,1,Waltham Forest 014D,8,8,14,14,12,12,6,6,,,4,4,4,4,,16
E01004405,1715,351,20.466472303207,165,9.62099125364431,608,32,126,20,146,44,33,223,8814,3,direct_2011_lsoa_code,1,Waltham Forest 020B,6,6,6,6,6,6,4,4,,14,5,5,2,2,,18
E01004406,1843,342,18.5567010309278,166,9.00705371676614,735,40,106,17,123,48,43,214,12412,4,direct_2011_lsoa_code,1,Waltham Forest 016A,13,13,9,8,8,8,6,6,,18,5,5,1,1,11,9
E01004407,1634,362,22.1542227662179,95,5.81395348837209,664,47,65,23,88,88,52,228,3915,2,direct_2011_lsoa_code,1,Waltham Forest 013A,5,5,9,9,,15,12,12,8,8,10,10,3,3,,18
E01004408,1735,299,17.2334293948127,148,8.53025936599424,708,50,106,29,135,61,19,215,11853,4,direct_2011_lsoa_code,1,Waltham Forest 016B,7,7,7,7,15,15,,16,,16,5,5,4,4,14,14
E01004409,1776,377,21.2274774774775,218,12.2747747747748,752,81,83,25,108,88,24,220,9342,3,direct_2011_lsoa_code,1,Waltham Forest 016C,4,4,7,7,12,12,12,12,,18,10,10,2,2,9,9
E01004410,1846,349,18.9057421451788,260,14.0845070422535,824,117,98,35,133,71,25,229,6167,2,direct_2011_lsoa_code,1,Waltham Forest 013B,8,8,14,14,12,12,6,6,,16,12,12,4,4,12,12
E01004411,1980,352,17.7777777777778,151,7.62626262626263,767,31,127,68,195,35,40,270,9899,4,direct_2011_lsoa_code,1,Waltham Forest 016D,11,11,10,10,9,9,10,10,,22,10,10,3,3,5,5
E01004412,1786,329,18.4210526315789,151,8.45464725643897,751,50,102,60,162,41,21,224,15738,5,direct_2011_lsoa_code,1,Waltham Forest 015A,9,9,10,10,3,3,5,5,,23,5,5,2,2,11,11
E01004413,1546,254,16.4294954721863,324,20.9573091849935,703,154,64,27,91,56,29,176,6997,3,direct_2011_lsoa_code,1,Waltham Forest 004C,12,12,11,11,12,12,8,8,,27,13,13,3,3,,
E01004414,1817,375,20.6384149697303,247,13.5938359933957,636,75,115,24,139,51,54,244,13165,5,direct_2011_lsoa_code,1,Waltham Forest 005B,,16,6,6,9,9,8,8,,,10,10,5,5,,
E01004415,1617,304,18.8002473716759,277,17.13048855906,621,106,92,11,103,35,47,185,9922,4,direct_2011_lsoa_code,1,Waltham Forest 004D,8,8,,12,15,16,14,13,,,15,12,3,3,,
E01004416,1826,349,19.1128148959474,268,14.6768893756846,718,69,138,26,164,43,26,233,12086,4,direct_2011_lsoa_code,1,Waltham Forest 004E,8,8,14,14,14,14,15,15,,26,13,13,4,4,,
E01004417,1885,355,18.8328912466844,356,18.8859416445623,700,98,130,20,150,41,31,222,12004,4,direct_2011_lsoa_code,1,Waltham Forest 005C,8,8,7,7,2,2,8,8,,,9,9,7,7,,
E01004418,1780,378,21.2359550561798,244,13.7078651685393,650,55,113,36,149,67,39,255,14916,5,direct_2011_lsoa_code,1,Waltham Forest 008D,10,10,6,6,9,9,9,9,,,7,7,5,5,,
E01004419,2652,668,25.1885369532428,213,8.0316742081448,925,48,193,39,232,93,67,392,13460,5,direct_2011_lsoa_code,1,Waltham Forest 008E,12,12,9,9,,17,,15,,,14,13,5,5,,27
E01004420,2256,386,17.1099290780142,193,8.55496453900709,736,43,101,14,115,55,63,233,3684,2,direct_2011_lsoa_code,1,Waltham Forest 020C,13,13,3,3,6,6,10,10,,20,4,4,1,1,,14
E01004421,2132,397,18.6210131332083,269,12.6172607879925,597,38,114,13,127,14,88,229,10740,4,direct_2011_lsoa_code,1,Waltham Forest 018B,7,7,4,4,5,5,7,7,,27,5,5,5,5,,21
E01004422,2647,559,21.1182470721572,208,7.8579523989422,984,37,144,43,187,81,67,335,9657,3,direct_2011_lsoa_code,1,Waltham Forest 022A,,19,,15,10,10,,15,,,,17,5,5,,22
E01004423,2102,456,21.6936251189344,228,10.8468125594672,717,64,97,37,134,79,68,281,5540,2,direct_2011_lsoa_code,1,Waltham Forest 020D,7,7,9,9,5,5,7,7,,25,7,7,5,5,,20
E01004424,2121,373,17.5860443187176,127,5.98774163130599,735,33,91,25,116,64,74,254,5128,2,direct_2011_lsoa_code,1,Waltham Forest 022B,8,8,0,0,5,5,9,9,,,4,4,2,2,,18
E01004425,1989,421,21.1664152840623,104,5.22875816993464,835,39,113,51,164,99,28,291,10288,4,direct_2011_lsoa_code,1,Waltham Forest 022C,8,8,6,6,12,12,5,5,,28,10,10,4,4,,23
E01004426,1832,333,18.1768558951965,210,11.4628820960699,602,41,96,17,113,34,56,203,10530,4,direct_2011_lsoa_code,1,Waltham Forest 022D,8,8,7,7,2,2,9,9,,,9,9,5,5,,21
E01004427,1972,400,20.2839756592292,113,5.73022312373225,828,45,123,37,160,73,36,269,13096,4,direct_2011_lsoa_code,1,Waltham Forest 022E,9,9,7,7,7,7,9,9,,,15,15,4,4,,29
E01004428,2090,465,22.2488038277512,167,7.99043062200957,710,48,115,15,130,102,48,280,4387,2,direct_2011_lsoa_code,1,Waltham Forest 026B,9,9,,14,6,6,11,11,,,11,11,2,2,,16
E01004429,1831,376,20.5352266521027,147,8.02839978154014,699,37,83,20,103,83,43,229,11880,4,direct_2011_lsoa_code,1,Waltham Forest 026C,,23,,21,10,10,15,15,,,15,15,9,9,,21
E01004430,2676,404,15.0971599402093,206,7.69805680119581,1076,61,116,23,139,60,54,253,11129,4,direct_2011_lsoa_code,1,Waltham Forest 026D,,17,4,4,13,13,14,14,,28,2,2,3,3,8,8
E01004432,1932,414,21.4285714285714,165,8.54037267080745,708,53,141,19,160,47,52,259,9936,4,direct_2011_lsoa_code,1,Waltham Forest 023D,3,3,15,16,3,3,9,9,,26,9,9,6,6,,19
E01004434,2143,468,21.8385440970602,202,9.42603826411572,748,75,129,28,157,88,50,295,9155,3,direct_2011_lsoa_code,1,Waltham Forest 026E,2,2,12,12,9,9,,15,,,13,11,2,2,,17
E01004435,2148,440,20.4841713221602,164,7.63500931098697,818,56,117,37,154,70,49,273,8481,3,direct_2011_lsoa_code,1,Waltham Forest 023E,7,7,,16,12,12,6,6,,27,7,7,4,4,,15
E01004436,1534,251,16.3624511082138,191,12.4511082138201,576,37,82,21,103,32,32,167,9833,3,direct_2011_lsoa_code,1,Waltham Forest 021B,,17,2,2,7,7,3,3,,21,4,4,4,4,14,12
E01004437,1794,327,18.2274247491639,170,9.47603121516165,748,68,80,46,126,56,38,220,10395,4,direct_2011_lsoa_code,1,Waltham Forest 021C,11,11,,15,12,12,2,2,,13,14,14,2,2,11,11
E01004438,2146,341,15.8900279589935,178,8.29450139794967,794,37,93,30,123,39,46,208,13609,5,direct_2011_lsoa_code,1,Waltham Forest 024C,12,12,6,6,6,6,6,6,,19,2,2,2,2,7,7
E01004439,1636,276,16.8704156479218,214,13.080684596577,662,46,75,32,107,45,32,184,15233,5,direct_2011_lsoa_code,1,Waltham Forest 021D,6,6,12,12,6,6,6,6,,16,10,10,3,3,7,7
E01004440,2066,345,16.6989351403679,177,8.56727976766699,806,45,102,30,132,75,34,241,10223,4,direct_2011_lsoa_code,1,Waltham Forest 024D,1,1,7,7,10,10,10,10,,19,6,6,3,3,5,5
E01004441,1527,260,17.0268500327439,192,12.573673870334,608,54,99,16,115,33,30,178,15444,5,direct_2011_lsoa_code,1,Waltham Forest 024E,9,9,14,14,5,5,14,14,,26,9,9,8,8,12,12
E01004442,1544,261,16.9041450777202,180,11.6580310880829,617,37,84,32,116,30,23,169,20152,7,direct_2011_lsoa_code,1,Waltham Forest 021E,9,9,12,12,14,14,9,9,,20,12,12,9,9,13,13
E01004443,2232,417,18.6827956989247,180,8.06451612903226,783,31,115,28,143,56,52,251,7369,3,direct_2011_lsoa_code,1,Waltham Forest 016E,9,9,11,11,13,13,6,6,,24,6,6,5,5,6,6
E01004444,2819,490,17.3820503724725,168,5.95956012770486,1150,51,122,36,158,104,67,329,6152,2,direct_2011_lsoa_code,1,Waltham Forest 017D,7,7,11,11,12,12,12,12,,29,11,11,4,4,14,14
E01004445,2085,431,20.6714628297362,183,8.77697841726619,679,44,115,28,143,39,78,260,8617,3,direct_2011_lsoa_code,1,Waltham Forest 018C,4,4,,20,9,9,9,9,,,8,8,10,10,,18
E01004446,2669,725,27.1637317347321,179,6.70663169726489,798,49,159,38,197,55,89,341,11752,4,direct_2011_lsoa_code,1,Waltham Forest 017E,8,8,9,9,8,8,8,8,,,9,9,4,4,,15
E01004447,1862,360,19.3340494092374,185,9.93555316863588,651,39,124,31,155,27,35,217,17154,6,direct_2011_lsoa_code,1,Waltham Forest 016F,7,7,12,12,6,6,8,8,,23,7,7,8,8,,17
E01004448,1929,393,20.3732503888025,118,6.11715914981856,765,33,112,44,156,74,36,266,9772,3,direct_2011_lsoa_code,1,Waltham Forest 018D,12,12,,14,7,7,,19,,,,15,2,2,,17
E01004449,1892,395,20.877378435518,198,10.4651162790698,637,54,85,19,104,82,50,236,2803,1,direct_2011_lsoa_code,1,Waltham Forest 018E,8,8,9,9,7,7,12,12,,,10,10,7,7,,20
E01004450,1708,320,18.7353629976581,286,16.7447306791569,606,75,136,20,156,31,36,223,18040,6,direct_2011_lsoa_code,1,Waltham Forest 006A,12,12,7,7,14,14,7,7,,,9,9,4,4,,
E01004451,1842,346,18.7839305103149,290,15.7437567861021,632,66,108,20,128,49,44,221,17874,6,direct_2011_lsoa_code,1,Waltham Forest 005D,14,14,7,7,7,7,5,5,,,9,9,7,7,,
E01004452,1885,370,19.6286472148541,271,14.3766578249337,767,123,125,33,158,58,37,253,10862,4,direct_2011_lsoa_code,1,Waltham Forest 005E,6,6,4,4,10,10,2,2,,,5,5,1,1,,
E01004453,1819,410,22.5398570643211,239,13.1390874106652,658,52,106,21,127,58,60,245,10327,4,direct_2011_lsoa_code,1,Waltham Forest 006B,,21,6,6,11,11,14,14,,,,18,2,2,,
E01004454,1972,482,24.4421906693712,241,12.2210953346856,687,83,132,28,160,80,55,295,11139,4,direct_2011_lsoa_code,1,Waltham Forest 006C,9,9,10,10,8,8,7,7,,,10,10,8,8,,
E01004455,1793,387,21.5839375348578,204,11.377579475739,604,58,107,23,130,56,41,227,8328,3,direct_2011_lsoa_code,1,Waltham Forest 006D,7,7,6,6,,17,14,14,,,5,5,6,6,,29
E01004456,1682,331,19.678953626635,196,11.6527942925089,561,47,60,16,76,83,56,215,3536,2,direct_2011_lsoa_code,1,Waltham Forest 006E,,22,11,11,,21,,19,,,,20,5,5,,
E01004457,1904,356,18.6974789915966,126,6.61764705882353,753,36,109,42,151,50,32,233,13953,5,direct_2011_lsoa_code,1,Waltham Forest 012B,3,3,10,10,5,5,3,3,,18,8,8,2,2,,16
E01004458,2037,409,20.0785468826706,175,8.59106529209622,760,41,122,30,152,58,40,250,10047,4,direct_2011_lsoa_code,1,Waltham Forest 012C,8,8,10,10,4,4,6,6,,20,1,1,0,0,,14
E01004459,1665,425,25.5255255255255,138,8.28828828828829,521,37,95,30,125,84,41,250,3379,2,direct_2011_lsoa_code,1,Waltham Forest 012D,11,11,15,15,6,6,10,10,,27,4,4,2,2,,20
E01004460,2047,437,21.3483146067416,158,7.71861260381045,700,45,116,28,144,57,81,282,8097,3,direct_2011_lsoa_code,1,Waltham Forest 011D,10,10,6,6,7,7,10,10,,14,3,3,1,1,,15
E01004462,2356,570,24.1935483870968,185,7.85229202037352,832,68,190,30,220,43,56,319,11471,4,direct_2011_lsoa_code,1,Waltham Forest 011E,3,3,13,13,8,8,6,6,,20,11,11,5,5,15,15
E01004463,2047,444,21.6902784562775,101,4.93404982901808,893,51,131,41,172,113,19,304,18935,6,direct_2011_lsoa_code,1,Waltham Forest 012E,6,6,14,14,5,5,9,9,,22,11,11,7,7,,22
E01004464,1725,457,26.4927536231884,76,4.40579710144928,682,28,106,25,131,106,29,266,5047,2,direct_2011_lsoa_code,1,Waltham Forest 013C,9,9,10,10,13,13,6,6,15,15,6,6,1,1,,23
E01004465,1607,362,22.5264467952707,157,9.76975731176105,570,39,126,34,160,34,35,229,16047,5,direct_2011_lsoa_code,1,Waltham Forest 015B,4,4,13,13,14,14,7,7,,15,8,8,3,3,,23
E01004466,1719,352,20.4770215241419,173,10.0639906922629,672,56,140,37,177,35,24,236,19125,6,direct_2011_lsoa_code,1,Waltham Forest 015C,4,4,13,13,9,9,4,4,,18,8,8,2,2,,22
E01004467,2355,573,24.3312101910828,159,6.7515923566879,910,60,140,42,182,116,47,345,8188,3,direct_2011_lsoa_code,1,Waltham Forest 015D,11,11,,16,11,11,6,6,,12,6,6,4,4,,20
E01004468,1779,368,20.6857785272625,189,10.6239460370995,667,48,135,30,165,36,44,245,16258,5,direct_2011_lsoa_code,1,Waltham Forest 015E,,16,,23,9,9,,17,,20,,17,2,2,,
E01004469,1920,472,24.5833333333333,126,6.5625,640,47,122,26,148,108,45,301,4431,2,direct_2011_lsoa_code,1,Waltham Forest 013D,,21,,20,8,8,,17,,23,,16,4,4,,
E01004470,1669,383,22.947872977831,127,7.60934691431995,596,52,119,33,152,63,24,239,6157,2,direct_2011_lsoa_code,1,Waltham Forest 013E,2,2,3,3,10,10,9,9,9,9,8,8,4,4,,20
E01004471,1776,415,23.3671171171171,157,8.84009009009009,657,42,113,34,147,84,30,261,6772,3,direct_2011_lsoa_code,1,Waltham Forest 013F,12,12,6,6,15,15,3,3,15,15,4,4,4,4,,25
E01004472,1782,257,14.4219977553311,190,10.662177328844,756,64,118,11,129,23,16,168,24666,8,direct_2011_lsoa_code,1,Wandsworth 021A,4,4,6,6,7,7,10,10,,29,13,13,6,6,10,10
E01004473,1774,238,13.4160090191657,174,9.80834272829763,756,56,118,14,132,15,16,163,22310,7,direct_2011_lsoa_code,1,Wandsworth 026A,5,5,6,6,13,13,,15,,28,6,6,4,4,10,10
E01004474,2018,211,10.4558969276511,97,4.80673934588702,984,42,66,18,84,46,16,146,16534,6,direct_2011_lsoa_code,1,Wandsworth 021B,8,8,2,2,13,13,11,11,,21,3,3,2,2,4,4
E01004475,1511,233,15.4202514890801,132,8.73593646591661,634,40,88,15,103,31,15,149,17970,6,direct_2011_lsoa_code,1,Wandsworth 026B,7,7,8,8,,19,10,10,,27,6,6,6,6,8,8
E01004476,1812,178,9.8233995584989,140,7.72626931567329,882,65,72,10,82,31,9,122,20382,7,direct_2011_lsoa_code,1,Wandsworth 021C,1,1,5,5,9,9,8,8,,22,,9,2,2,3,3
E01004477,1658,384,23.1604342581423,220,13.2689987937274,610,64,158,18,176,17,32,225,30427,10,direct_2011_lsoa_code,1,Wandsworth 017A,7,7,11,11,10,10,5,5,,,,16,6,6,11,11
E01004478,1568,433,27.6147959183673,139,8.86479591836735,521,32,191,16,207,14,21,242,31143,10,direct_2011_lsoa_code,1,Wandsworth 017B,4,4,11,11,,22,7,7,,,11,11,2,2,,16
E01004479,1516,277,18.2717678100264,155,10.2242744063325,609,46,131,10,141,18,10,169,24219,8,direct_2011_lsoa_code,1,Wandsworth 017C,4,4,,17,11,11,8,8,,,13,13,3,3,,16
E01004480,1718,222,12.9220023282887,138,8.0325960419092,669,31,81,9,90,19,28,137,28021,9,direct_2011_lsoa_code,1,Wandsworth 026C,6,6,6,6,11,11,,17,,27,12,12,5,5,8,8
E01004481,1637,174,10.6291997556506,127,7.75809407452657,688,50,58,13,71,24,15,110,18761,6,direct_2011_lsoa_code,1,Wandsworth 029A,3,3,3,3,,12,7,7,,19,4,4,3,3,2,2
E01004482,1558,215,13.7997432605905,156,10.012836970475,607,45,68,11,79,28,22,129,18803,6,direct_2011_lsoa_code,1,Wandsworth 030A,11,11,12,12,12,12,6,6,,28,5,5,4,4,12,12
E01004483,2101,287,13.6601618277011,161,7.66301761066159,963,62,111,22,133,54,19,206,19926,7,direct_2011_lsoa_code,1,Wandsworth 026D,14,14,,14,8,8,13,13,,23,,13,3,3,,15
E01004484,1499,193,12.8752501667779,118,7.87191460973983,625,36,78,6,84,26,13,123,15837,5,direct_2011_lsoa_code,1,Wandsworth 026E,12,12,,27,6,6,,26,,,11,11,11,11,,27
E01004485,1733,235,13.5603000577034,211,12.1754183496826,748,88,80,9,89,36,23,148,17817,6,direct_2011_lsoa_code,1,Wandsworth 030B,4,4,10,10,,20,6,6,,27,7,7,5,5,9,9
E01004486,1428,153,10.7142857142857,157,10.9943977591036,737,75,59,4,63,21,7,91,16426,6,direct_2011_lsoa_code,1,Wandsworth 026F,,13,,18,8,8,10,10,,,14,14,4,4,,17
E01004487,1493,184,12.3241795043537,131,8.77427997320831,701,36,75,13,88,22,18,128,13248,5,direct_2011_lsoa_code,1,Wandsworth 030C,10,10,14,14,12,12,7,7,,,9,9,3,3,14,14
E01004488,1330,243,18.2706766917293,131,9.84962406015038,559,41,98,16,114,16,19,149,19364,6,direct_2011_lsoa_code,1,Wandsworth 029B,7,7,11,11,15,15,10,10,,26,8,8,5,5,9,9
E01004489,1364,267,19.574780058651,102,7.47800586510264,597,35,98,8,106,41,13,160,9627,3,direct_2011_lsoa_code,1,Wandsworth 030D,11,11,13,13,11,11,7,7,,29,11,11,5,5,12,12
E01004490,1570,330,21.0191082802548,119,7.5796178343949,597,39,155,22,177,19,13,209,28015,9,direct_2011_lsoa_code,1,Wandsworth 031A,7,7,13,13,5,5,9,9,,21,9,9,3,3,,16
E01004491,2510,340,13.5458167330677,126,5.0199203187251,1127,46,119,9,128,56,23,207,19740,7,direct_2011_lsoa_code,1,Wandsworth 031B,6,6,13,13,8,8,,18,,20,,14,3,3,,16
E01004492,1740,300,17.2413793103448,150,8.62068965517242,743,43,133,16,149,40,18,207,18414,6,direct_2011_lsoa_code,1,Wandsworth 031C,7,7,11,11,3,3,9,9,,22,9,9,3,3,,17
E01004493,1948,343,17.6078028747433,143,7.34086242299795,846,54,129,16,145,39,21,205,20364,7,direct_2011_lsoa_code,1,Wandsworth 019A,6,6,9,9,12,12,,15,,,5,5,5,5,,25
E01004494,1787,270,15.1091214325686,135,7.55456071628428,802,44,97,21,118,55,19,192,15151,5,direct_2011_lsoa_code,1,Wandsworth 018A,5,5,1,1,5,5,,15,,26,3,3,2,2,,23
E01004495,1586,269,16.9609079445145,114,7.18789407313998,522,33,71,16,87,50,31,168,11697,4,direct_2011_lsoa_code,1,Wandsworth 024A,8,8,5,5,,11,14,11,,28,8,8,2,2,,21
E01004496,1929,211,10.938310005184,117,6.06531881804044,933,63,96,21,117,26,8,151,22187,7,direct_2011_lsoa_code,1,Wandsworth 024B,4,4,3,3,13,10,7,7,,23,5,5,1,1,,18
E01004497,1497,362,24.1816967267869,134,8.95123580494322,520,47,165,18,183,25,11,219,17512,6,direct_2011_lsoa_code,1,Wandsworth 024C,5,5,13,13,10,10,10,10,,27,8,8,5,5,,23
E01004498,1689,278,16.4594434576673,102,6.03907637655417,744,39,133,16,149,29,13,191,26162,8,direct_2011_lsoa_code,1,Wandsworth 031D,3,3,8,8,7,7,1,1,,21,0,0,0,0,,15
E01004499,1610,214,13.2919254658385,140,8.69565217391304,705,53,86,18,104,29,17,150,20104,7,direct_2011_lsoa_code,1,Wandsworth 020A,10,10,,16,10,10,10,10,,19,10,10,2,2,11,11
E01004500,1930,186,9.63730569948187,223,11.5544041450777,984,124,84,12,96,28,9,133,23432,8,direct_2011_lsoa_code,1,Wandsworth 014A,5,5,,15,6,6,12,12,14,14,12,12,3,3,7,7
E01004501,1535,219,14.2671009771987,165,10.7491856677524,664,84,79,9,88,39,15,142,16374,5,direct_2011_lsoa_code,1,Wandsworth 014B,8,8,,17,14,13,5,5,,25,5,5,1,1,,20
E01004502,1642,278,16.9305724725944,193,11.7539585870889,684,50,133,13,146,17,17,180,25288,8,direct_2011_lsoa_code,1,Wandsworth 020B,7,7,13,13,6,6,7,7,,18,9,9,5,5,13,13
E01004503,1698,226,13.3097762073027,184,10.8362779740872,718,60,92,9,101,30,13,144,15634,5,direct_2011_lsoa_code,1,Wandsworth 014C,9,9,,20,5,5,,17,12,12,11,11,3,3,3,3
E01004504,1525,318,20.8524590163934,167,10.9508196721311,554,51,152,13,165,18,16,199,24721,8,direct_2011_lsoa_code,1,Wandsworth 020C,6,6,12,12,6,6,15,15,,20,,18,8,8,6,6
E01004505,1616,229,14.1707920792079,228,14.1089108910891,783,102,99,19,118,28,17,163,27364,9,direct_2011_lsoa_code,1,Wandsworth 014D,7,7,,25,5,5,,20,8,8,,17,3,3,12,12
E01004506,2217,227,10.2390617952188,246,11.0960757780785,1104,109,115,14,129,22,10,161,25152,8,direct_2011_lsoa_code,1,Wandsworth 011A,8,8,7,7,14,12,5,5,,23,8,8,0,0,11,11
E01004507,2587,356,13.7611132586007,185,7.15114031696946,1239,88,159,24,183,53,16,252,26239,8,direct_2011_lsoa_code,1,Wandsworth 014E,8,8,14,14,13,11,13,11,,22,6,6,1,1,5,5
E01004508,2003,173,8.63704443334997,170,8.48726909635547,978,57,72,10,82,23,7,112,23599,8,direct_2011_lsoa_code,1,Wandsworth 012A,2,2,12,9,8,7,5,5,,20,5,4,2,2,,20
E01004510,1844,217,11.7678958785249,163,8.83947939262473,862,45,92,13,105,25,14,144,26091,8,direct_2011_lsoa_code,1,Wandsworth 012B,7,7,,13,4,4,5,5,,24,4,4,4,4,,20
E01004511,1596,244,15.2882205513784,111,6.95488721804511,651,36,104,18,122,29,9,160,26969,9,direct_2011_lsoa_code,1,Wandsworth 010B,5,5,15,15,9,9,8,8,,20,8,8,5,5,14,14
E01004512,1452,272,18.732782369146,137,9.43526170798898,608,39,125,9,134,20,18,172,21622,7,direct_2011_lsoa_code,1,Wandsworth 019B,5,5,11,11,7,7,,14,,26,9,9,8,8,,22
E01004513,1931,304,15.7431382703263,163,8.44122216468151,845,63,82,27,109,73,22,204,15875,5,direct_2011_lsoa_code,1,Wandsworth 018B,9,9,5,5,3,3,,15,,26,3,3,4,4,,22
E01004514,1821,283,15.5409115870401,165,9.06095551894563,799,56,128,16,144,26,14,184,25454,8,direct_2011_lsoa_code,1,Wandsworth 012C,5,5,13,12,5,5,13,11,,24,7,7,4,4,,20
E01004515,1686,169,10.0237247924081,139,8.24436536180308,768,48,53,10,63,30,16,109,19074,6,direct_2011_lsoa_code,1,Wandsworth 012D,8,8,,15,1,1,5,5,,26,6,6,5,5,,24
E01004516,1743,322,18.4738955823293,211,12.1055651176133,502,40,124,25,149,24,24,197,21815,7,direct_2011_lsoa_code,1,Wandsworth 036A,3,3,,22,2,2,15,15,,,14,14,7,7,,22
E01004517,2261,390,17.2490048651039,137,6.05926581158779,887,37,135,35,170,57,51,278,18989,6,direct_2011_lsoa_code,1,Wandsworth 037A,8,8,,17,,14,14,14,,29,12,10,2,2,,22
E01004518,1731,332,19.1796649335644,225,12.998266897747,650,55,121,37,158,48,18,224,20999,7,direct_2011_lsoa_code,1,Wandsworth 036B,3,3,,19,9,9,,21,,,8,8,3,3,,21
E01004519,1754,349,19.8973774230331,213,12.1436716077537,614,51,124,16,140,35,31,206,17332,6,direct_2011_lsoa_code,1,Wandsworth 036C,9,9,14,12,11,11,9,9,,22,,10,2,2,,12
E01004520,1405,284,20.2135231316726,171,12.1708185053381,440,42,82,15,97,41,37,175,17433,6,direct_2011_lsoa_code,1,Wandsworth 036D,5,5,,14,13,13,15,14,,26,10,9,2,2,,14
E01004521,2036,440,21.6110019646365,184,9.03732809430256,765,47,135,33,168,64,35,267,17534,6,direct_2011_lsoa_code,1,Wandsworth 037B,5,5,,20,,15,13,13,,,9,9,4,4,,22
E01004522,1730,333,19.2485549132948,137,7.91907514450867,639,40,98,17,115,58,44,217,15866,5,direct_2011_lsoa_code,1,Wandsworth 037C,6,6,,17,10,10,,17,,27,3,3,2,2,,17
E01004523,1638,294,17.948717948718,300,18.3150183150183,706,126,92,10,102,42,22,166,15182,5,direct_2011_lsoa_code,1,Wandsworth 036E,12,12,,18,8,8,13,13,,28,15,16,0,0,,18
E01004524,1840,386,20.9782608695652,250,13.5869565217391,817,125,68,16,84,110,33,227,5868,2,direct_2011_lsoa_code,1,Wandsworth 037D,,16,,17,,15,,16,,27,,16,3,3,,18
E01004525,1925,324,16.8311688311688,123,6.38961038961039,725,42,86,12,98,63,27,188,13131,4,direct_2011_lsoa_code,1,Wandsworth 035A,4,4,2,2,8,8,8,8,,14,5,5,0,0,2,2
E01004526,1775,294,16.5633802816901,136,7.66197183098592,753,47,83,23,106,50,16,172,12185,4,direct_2011_lsoa_code,1,Wandsworth 035B,4,4,6,6,1,1,4,4,12,12,3,3,2,2,5,5
E01004527,1659,256,15.4309825195901,208,12.537673297167,601,66,100,13,113,25,22,160,18676,6,direct_2011_lsoa_code,1,Wandsworth 035C,1,1,9,9,9,9,10,10,,20,9,9,5,5,10,10
E01004528,1651,299,18.1102362204724,156,9.44881889763779,713,67,89,12,101,64,21,186,8673,3,direct_2011_lsoa_code,1,Wandsworth 035D,7,7,,15,8,8,11,11,,25,14,14,3,3,,15
E01004529,2103,341,16.2149310508797,158,7.5130765572991,887,52,116,24,140,61,30,231,20554,7,direct_2011_lsoa_code,1,Wandsworth 035E,9,9,8,8,10,10,1,1,,22,13,13,2,2,,12
E01004530,1744,219,12.5573394495413,188,10.7798165137615,737,58,87,17,104,25,10,139,18736,6,direct_2011_lsoa_code,1,Wandsworth 035F,5,5,11,11,6,6,7,7,14,14,6,6,5,5,11,11
E01004531,1760,350,19.8863636363636,180,10.2272727272727,651,49,81,35,116,82,25,223,10579,4,direct_2011_lsoa_code,1,Wandsworth 033A,6,6,8,8,12,12,8,8,,24,7,7,7,7,13,13
E01004532,1438,257,17.8720445062587,155,10.778859527121,621,57,92,20,112,44,11,167,17810,6,direct_2011_lsoa_code,1,Wandsworth 032A,9,9,14,14,5,5,12,12,,,6,6,4,4,,20
E01004533,1449,266,18.3574879227053,158,10.904071773637,611,38,63,15,78,78,13,169,9564,3,direct_2011_lsoa_code,1,Wandsworth 033B,5,5,11,11,11,11,10,10,,26,8,8,6,6,15,16
E01004534,1919,283,14.7472642001042,177,9.2235539343408,789,68,120,10,130,31,15,176,20468,7,direct_2011_lsoa_code,1,Wandsworth 008A,5,5,14,14,1,1,9,9,10,10,8,8,8,8,,27
E01004535,1856,521,28.0711206896552,102,5.49568965517241,707,39,78,13,91,171,30,292,4970,2,direct_2011_lsoa_code,1,Wandsworth 007A,2,2,,13,2,2,4,4,,18,9,9,3,3,,
E01004536,2351,325,13.8239047213952,114,4.84900042535092,881,60,84,14,98,102,14,214,11674,4,direct_2011_lsoa_code,1,Wandsworth 008B,4,4,8,8,3,3,6,6,,14,5,5,2,2,,24
E01004537,2074,339,16.3452266152363,155,7.47348119575699,931,78,72,12,84,112,26,222,6489,2,direct_2011_lsoa_code,1,Wandsworth 007B,8,8,12,12,8,8,5,5,,19,11,11,4,4,,29
E01004538,2478,407,16.4245359160613,262,10.5730427764326,1084,103,94,29,123,91,24,238,10702,4,direct_2011_lsoa_code,1,Wandsworth 007C,7,7,,15,2,2,9,9,,23,6,6,3,3,,25
E01004539,2092,487,23.2791586998088,150,7.17017208413002,780,50,116,17,133,135,28,296,6208,2,direct_2011_lsoa_code,1,Wandsworth 003A,3,3,,21,10,10,,13,,16,9,9,5,5,,22
E01004540,2236,319,14.2665474060823,207,9.25760286225402,1046,89,96,24,120,78,14,212,9942,4,direct_2011_lsoa_code,1,Wandsworth 003B,10,10,,18,2,2,10,9,10,10,8,8,4,4,,24
E01004541,1697,277,16.3229228049499,236,13.9068945197407,769,112,65,7,72,85,25,182,4700,2,direct_2011_lsoa_code,1,Wandsworth 007D,3,3,15,15,6,6,5,5,,13,6,6,4,4,,27
E01004542,1572,304,19.3384223918575,159,10.1145038167939,595,46,137,20,157,21,9,187,28352,9,direct_2011_lsoa_code,1,Wandsworth 021D,8,8,,20,11,11,13,13,,,10,10,5,5,15,19
E01004543,1744,261,14.9655963302752,142,8.14220183486239,722,43,120,10,130,23,15,168,27182,9,direct_2011_lsoa_code,1,Wandsworth 027A,11,11,15,17,12,12,9,9,,,8,8,7,7,14,14
E01004544,1539,275,17.8687459389214,167,10.8512020792723,590,30,132,10,142,13,16,171,22063,7,direct_2011_lsoa_code,1,Wandsworth 021E,4,4,8,8,6,6,13,13,,26,8,8,8,8,7,7
E01004545,1935,137,7.08010335917313,125,6.45994832041344,1020,72,53,27,80,15,6,101,23829,8,direct_2011_lsoa_code,1,Wandsworth 027B,0,0,8,8,,18,6,6,,26,7,7,4,4,6,6
E01004546,1499,226,15.0767178118746,147,9.80653769179453,613,31,98,17,115,16,10,141,28753,9,direct_2011_lsoa_code,1,Wandsworth 027C,8,8,12,12,,22,8,8,,28,6,6,8,8,11,11
E01004547,1424,193,13.5533707865169,206,14.4662921348315,554,48,83,8,91,29,16,136,14054,5,direct_2011_lsoa_code,1,Wandsworth 029C,7,7,12,12,,21,10,10,,25,10,10,4,4,12,12
E01004548,2035,238,11.6953316953317,183,8.99262899262899,1029,94,73,18,91,69,16,176,16560,6,direct_2011_lsoa_code,1,Wandsworth 029D,3,3,10,10,,18,5,5,,23,4,4,3,3,9,9
E01004549,1663,250,15.0330727600722,175,10.5231509320505,666,48,105,10,115,18,17,150,14976,5,direct_2011_lsoa_code,1,Wandsworth 027D,6,6,6,6,,15,10,10,,16,7,7,2,2,6,6
E01004550,1361,256,18.8096987509184,256,18.8096987509184,519,61,89,7,96,67,7,170,20846,7,direct_2011_lsoa_code,1,Wandsworth 017D,7,7,,20,14,14,15,15,,,14,14,4,4,,19
E01004551,1565,148,9.45686900958466,104,6.64536741214058,787,45,45,9,54,30,11,95,16564,6,direct_2011_lsoa_code,1,Wandsworth 012E,6,6,6,6,9,9,1,1,,17,8,7,0,0,,23
E01004552,1972,185,9.38133874239351,77,3.90466531440162,887,29,83,10,93,14,6,113,23714,8,direct_2011_lsoa_code,1,Wandsworth 008C,8,8,2,2,7,7,9,9,,19,2,2,0,0,,20
E01004553,1762,271,15.3802497162316,128,7.2644721906924,776,55,116,10,126,28,13,167,23022,8,direct_2011_lsoa_code,1,Wandsworth 015A,11,11,8,8,6,6,13,13,,25,6,6,5,5,,26
E01004554,1654,351,21.2212817412334,109,6.590084643289,620,33,161,13,174,21,16,211,28864,9,direct_2011_lsoa_code,1,Wandsworth 009A,11,11,12,12,5,5,,21,,,14,14,6,6,13,13
E01004555,1725,474,27.4782608695652,136,7.88405797101449,580,39,209,23,232,18,22,272,30653,10,direct_2011_lsoa_code,1,Wandsworth 017E,7,7,9,9,13,13,,15,,,13,13,5,5,,22
E01004556,1646,485,29.4653705953827,119,7.22964763061968,586,36,215,19,234,26,12,272,30796,10,direct_2011_lsoa_code,1,Wandsworth 009B,2,2,10,10,,17,7,7,,26,6,6,4,4,,22
E01004557,1732,403,23.2678983833718,145,8.37182448036952,661,45,151,60,211,27,15,253,26658,9,direct_2011_lsoa_code,1,Wandsworth 015B,4,4,11,11,13,13,6,6,,26,2,2,4,4,,28
E01004558,1843,462,25.0678241996744,134,7.27075420510038,671,36,201,25,226,38,17,281,29652,10,direct_2011_lsoa_code,1,Wandsworth 015C,2,2,14,11,14,14,10,10,,24,5,5,1,1,,22
E01004559,1468,343,23.3651226158038,137,9.33242506811989,519,32,167,8,175,19,15,209,27575,9,direct_2011_lsoa_code,1,Wandsworth 015D,7,7,,20,7,7,14,14,,,13,13,5,5,,22
E01004560,1935,300,15.5038759689922,176,9.09560723514212,880,67,96,17,113,72,19,204,16606,6,direct_2011_lsoa_code,1,Wandsworth 001A,10,10,11,11,5,5,,19,,21,13,13,10,10,,26
E01004563,2180,420,19.2660550458716,136,6.23853211009174,869,46,64,21,85,135,31,251,7775,3,direct_2011_lsoa_code,1,Wandsworth 039E,9,9,,16,11,11,7,7,,19,6,6,6,6,,17
E01004564,1873,213,11.3721302722904,150,8.00854244527496,833,49,64,11,75,41,24,140,15699,5,direct_2011_lsoa_code,1,Wandsworth 039D,13,13,,18,9,9,12,12,,22,,12,6,6,,19
E01004565,1659,196,11.8143459915612,132,7.95660036166365,780,59,65,8,73,41,16,130,15043,5,direct_2011_lsoa_code,1,Wandsworth 005A,8,8,,15,3,3,14,14,,20,5,5,3,3,,17
E01004566,1680,227,13.5119047619048,200,11.9047619047619,785,96,71,11,82,26,30,138,22476,7,direct_2011_lsoa_code,1,Wandsworth 001B,8,8,10,10,11,11,6,6,,16,6,6,3,3,15,15
E01004567,2362,473,20.0254022015241,168,7.11261642675699,980,52,96,21,117,139,36,292,7246,3,direct_2011_lsoa_code,1,Wandsworth 039A,1,1,13,13,5,5,2,2,,26,14,13,2,2,10,10
E01004568,1762,371,21.05561861521,84,4.76730987514188,456,40,80,17,97,97,12,206,11579,4,direct_2011_lsoa_code,1,Wandsworth 013A,8,8,,24,9,9,9,9,6,6,13,12,4,4,,
E01004569,2380,458,19.2436974789916,247,10.3781512605042,723,69,105,17,122,84,39,245,10975,4,direct_2011_lsoa_code,1,Wandsworth 023A,6,6,,17,4,4,14,12,5,5,0,0,2,2,,25
E01004570,1933,440,22.7625452664252,208,10.7604759441283,718,117,126,13,139,99,24,262,6433,2,direct_2011_lsoa_code,1,Wandsworth 023B,3,3,,17,2,2,,14,5,5,7,7,2,2,,
E01004571,1845,366,19.8373983739837,165,8.94308943089431,687,72,80,17,97,76,34,207,11003,4,direct_2011_lsoa_code,1,Wandsworth 023C,7,7,,17,2,2,,15,5,5,7,7,2,2,,
E01004572,1686,344,20.4033214709371,216,12.8113879003559,667,69,102,23,125,56,32,213,12072,4,direct_2011_lsoa_code,1,Wandsworth 016A,11,11,,18,13,13,,23,,22,15,15,3,3,,26
E01004573,1685,307,18.2195845697329,182,10.8011869436202,632,56,103,12,115,63,35,213,9403,3,direct_2011_lsoa_code,1,Wandsworth 023D,15,15,,18,2,2,,27,,21,,20,9,9,,
E01004574,2116,573,27.0793950850662,93,4.39508506616257,702,42,95,32,127,167,23,317,5928,2,direct_2011_lsoa_code,1,Wandsworth 013B,7,7,,28,13,13,5,5,11,11,13,12,3,3,,
E01004575,1888,301,15.9427966101695,335,17.7436440677966,681,141,72,9,81,73,22,176,8305,3,direct_2011_lsoa_code,1,Wandsworth 013C,12,12,,24,12,12,13,13,15,15,,17,6,6,,
E01004576,1604,387,24.1271820448878,176,10.9725685785536,595,65,101,14,115,79,36,230,9829,3,direct_2011_lsoa_code,1,Wandsworth 013D,12,12,14,14,11,11,,,13,13,15,15,12,12,,
E01004577,1848,272,14.7186147186147,226,12.2294372294372,819,105,118,15,133,34,15,182,19652,6,direct_2011_lsoa_code,1,Wandsworth 003C,9,9,10,10,10,10,9,9,4,4,6,6,4,4,,25
E01004579,1872,291,15.5448717948718,222,11.8589743589744,826,81,103,13,116,50,12,178,15348,5,direct_2011_lsoa_code,1,Wandsworth 004B,6,6,15,15,4,4,4,4,5,5,6,6,4,4,,26
E01004580,2114,343,16.2251655629139,170,8.04162724692526,893,51,96,18,114,50,19,183,15480,5,direct_2011_lsoa_code,1,Wandsworth 004C,4,4,,16,4,4,6,6,8,8,8,8,5,5,,26
E01004581,1781,215,12.0718697361033,226,12.6895002807412,837,99,74,21,95,31,13,139,18520,6,direct_2011_lsoa_code,1,Wandsworth 004D,1,1,12,12,5,5,13,13,13,13,11,11,3,3,,29
E01004582,2203,266,12.0744439400817,427,19.3826600090785,986,157,111,16,127,34,18,179,25733,8,direct_2011_lsoa_code,1,Wandsworth 001C,11,11,3,3,9,9,15,15,10,10,4,4,4,4,,28
E01004583,1710,200,11.6959064327485,430,25.1461988304094,815,136,64,10,74,48,8,130,21872,7,direct_2011_lsoa_code,1,Wandsworth 001D,3,3,3,3,4,4,,14,15,14,7,7,1,1,,23
E01004584,1725,338,19.5942028985507,170,9.85507246376812,717,28,63,13,76,131,25,232,7042,3,direct_2011_lsoa_code,1,Wandsworth 003D,3,3,7,7,7,7,11,11,8,8,4,4,4,4,,26
E01004585,1825,207,11.3424657534247,175,9.58904109589041,824,68,79,15,94,35,13,142,24327,8,direct_2011_lsoa_code,1,Wandsworth 008D,10,10,4,4,5,5,,13,,15,9,9,2,2,,22
E01004586,1895,210,11.0817941952507,130,6.86015831134565,854,44,82,18,100,21,12,133,24309,8,direct_2011_lsoa_code,1,Wandsworth 009C,10,10,3,3,9,9,15,13,,24,7,7,4,4,,17
E01004587,1820,340,18.6813186813187,139,7.63736263736264,699,48,137,17,154,18,27,199,26459,9,direct_2011_lsoa_code,1,Wandsworth 009D,2,2,14,14,6,6,,18,,28,8,8,4,4,,16
E01004588,2015,231,11.4640198511166,112,5.55831265508685,882,47,103,16,119,14,13,146,21164,7,direct_2011_lsoa_code,1,Wandsworth 008E,14,10,3,3,3,3,9,8,,19,5,5,1,1,,20
E01004589,1796,323,17.9844097995546,91,5.06681514476615,735,28,137,18,155,26,14,195,27504,9,direct_2011_lsoa_code,1,Wandsworth 009E,7,7,10,10,7,7,,16,,27,4,4,4,4,,17
E01004590,1850,270,14.5945945945946,261,14.1081081081081,814,96,90,15,105,60,14,179,10520,4,direct_2011_lsoa_code,1,Wandsworth 005B,4,4,,14,6,6,,19,,26,6,6,2,2,,19
E01004591,1900,243,12.7894736842105,188,9.89473684210526,859,66,82,20,102,52,17,171,15550,5,direct_2011_lsoa_code,1,Wandsworth 005C,7,7,8,6,1,1,,11,,22,1,1,0,0,,17
E01004592,1683,260,15.4486036838978,213,12.6559714795009,778,90,76,19,95,65,15,175,10399,4,direct_2011_lsoa_code,1,Wandsworth 005D,5,5,10,10,6,6,,16,,22,7,7,1,1,,21
E01004593,1938,376,19.4014447884417,177,9.13312693498452,835,75,154,31,185,37,19,241,26376,9,direct_2011_lsoa_code,1,Wandsworth 025A,5,5,4,4,5,5,,15,,,13,13,2,2,11,11
E01004594,1702,355,20.8578143360752,212,12.4559341950646,631,55,171,11,182,31,20,233,30272,10,direct_2011_lsoa_code,1,Wandsworth 020D,5,5,5,5,10,10,,17,,27,6,6,2,2,6,6
E01004595,1799,308,17.1206225680934,161,8.94941634241245,794,69,137,28,165,30,6,201,26770,9,direct_2011_lsoa_code,1,Wandsworth 025B,3,3,11,11,8,8,,18,,,12,12,6,6,14,14
E01004596,1614,341,21.1276332094176,181,11.2143742255266,640,66,177,21,198,15,17,230,29297,9,direct_2011_lsoa_code,1,Wandsworth 020E,10,10,7,7,11,11,,17,,27,5,5,7,7,5,5
E01004597,1888,390,20.656779661017,189,10.010593220339,767,78,170,24,194,45,21,260,22210,7,direct_2011_lsoa_code,1,Wandsworth 025C,8,8,13,13,10,10,,21,,,6,6,3,3,7,7
E01004598,2147,350,16.301816488123,103,4.7973917093619,953,36,176,28,204,25,13,242,26755,9,direct_2011_lsoa_code,1,Wandsworth 025D,11,11,6,6,14,14,15,13,,,8,8,5,5,,21
E01004599,1565,393,25.111821086262,164,10.4792332268371,566,45,195,22,217,12,13,242,31858,10,direct_2011_lsoa_code,1,Wandsworth 025E,13,13,12,12,13,13,,23,,,9,9,9,9,6,6
E01004601,2464,386,15.6655844155844,237,9.61850649350649,1095,96,148,24,172,45,26,243,14917,5,direct_2011_lsoa_code,1,Wandsworth 018D,10,10,7,7,4,4,11,11,,27,7,7,3,3,,17
E01004602,1647,237,14.3897996357013,209,12.6897389192471,712,41,105,14,119,23,20,162,25029,8,direct_2011_lsoa_code,1,Wandsworth 010C,4,4,6,6,10,10,7,7,,27,5,5,5,5,9,9
E01004604,1561,321,20.5637411915439,242,15.5028827674568,592,51,172,9,181,18,15,214,27298,9,direct_2011_lsoa_code,1,Wandsworth 006A,5,5,,18,5,5,,19,,25,15,15,3,3,,21
E01004605,1821,340,18.6710598572213,293,16.0900604063701,806,121,142,16,158,46,17,221,21436,7,direct_2011_lsoa_code,1,Wandsworth 006B,4,4,,17,2,2,,17,,22,,17,2,2,,20
E01004606,1673,259,15.4811715481172,139,8.30842797369994,753,47,124,16,140,21,6,167,29425,9,direct_2011_lsoa_code,1,Wandsworth 006C,5,5,12,12,5,5,14,14,,23,13,13,1,1,,19
E01004607,1629,278,17.0656844689994,223,13.6893799877225,691,62,134,9,143,19,16,178,28435,9,direct_2011_lsoa_code,1,Wandsworth 006D,1,1,9,9,9,9,7,7,,26,11,11,6,6,,21
E01004608,1669,205,12.282804074296,206,12.3427201917316,789,103,85,8,93,31,14,138,18238,6,direct_2011_lsoa_code,1,Wandsworth 006E,8,8,5,5,4,4,12,12,,29,6,6,3,3,15,15
E01004609,2137,232,10.8563406644829,192,8.98455779129621,1013,82,108,18,126,21,14,161,23061,8,direct_2011_lsoa_code,1,Wandsworth 010E,5,5,4,4,11,11,5,5,,25,5,5,1,1,15,16
E01004610,1983,252,12.7080181543117,246,12.4054462934947,716,44,88,7,95,26,35,156,14415,5,direct_2011_lsoa_code,1,Wandsworth 033C,5,5,12,12,14,14,11,11,,17,8,8,6,6,14,13
E01004611,1545,234,15.1456310679612,190,12.2977346278317,552,37,85,13,98,26,22,146,18072,6,direct_2011_lsoa_code,1,Wandsworth 032B,2,2,7,7,12,12,7,7,,24,7,7,6,6,10,10
E01004612,1604,230,14.3391521197008,167,10.4114713216958,541,35,70,7,77,22,40,139,13529,5,direct_2011_lsoa_code,1,Wandsworth 032C,4,4,3,3,,18,6,6,14,14,7,7,3,3,10,9
E01004613,1694,287,16.9421487603306,166,9.79929161747343,698,88,105,6,111,71,24,206,6866,3,direct_2011_lsoa_code,1,Wandsworth 033D,5,5,3,3,,15,3,3,,18,3,3,3,3,8,8
E01004614,1971,260,13.1912734652461,157,7.96549974632166,834,65,90,25,115,45,14,174,16536,6,direct_2011_lsoa_code,1,Wandsworth 034A,6,6,12,11,8,8,,15,10,10,5,5,2,2,11,10
E01004615,1644,352,21.4111922141119,156,9.48905109489051,707,67,65,14,79,100,24,203,5177,2,direct_2011_lsoa_code,1,Wandsworth 034B,1,1,9,9,12,12,,18,13,13,13,13,4,4,,14
E01004616,1894,219,11.5628299894403,119,6.28299894403379,764,32,73,11,84,33,27,144,17793,6,direct_2011_lsoa_code,1,Wandsworth 034C,9,7,4,4,6,6,7,7,11,11,3,3,2,2,2,2
E01004617,1909,223,11.6815086432687,118,6.18124672603457,727,43,56,10,66,53,21,140,12245,4,direct_2011_lsoa_code,1,Wandsworth 034D,10,10,13,13,4,4,12,12,5,5,7,7,1,1,11,11
E01004618,1507,241,15.9920371599204,200,13.271400132714,532,49,98,14,112,15,22,149,20722,7,direct_2011_lsoa_code,1,Wandsworth 032D,5,5,6,6,,17,4,4,10,10,6,6,1,1,7,7
E01004619,1357,296,21.8128224023581,104,7.66396462785556,504,25,131,7,138,22,22,182,20376,7,direct_2011_lsoa_code,1,Wandsworth 015E,9,9,,21,4,4,12,12,,,11,11,7,7,,21
E01004620,1697,341,20.0942840306423,141,8.30878020035357,681,50,139,17,156,23,39,218,20379,7,direct_2011_lsoa_code,1,Wandsworth 019C,5,5,13,13,9,9,,19,,,14,14,11,11,,
E01004621,1720,312,18.1395348837209,169,9.82558139534884,696,52,118,20,138,26,26,190,17769,6,direct_2011_lsoa_code,1,Wandsworth 019D,4,4,,15,2,2,,17,,,11,11,2,2,,24
E01004622,1848,167,9.03679653679654,121,6.54761904761905,519,42,51,9,60,41,10,111,13491,5,direct_2011_lsoa_code,1,Wandsworth 024D,8,8,,16,7,7,,16,,,,16,3,3,,23
E01004623,1771,348,19.6499153020892,154,8.69565217391304,705,48,154,18,172,33,18,223,25996,8,direct_2011_lsoa_code,1,Wandsworth 019E,9,9,13,12,12,12,,15,,,11,11,1,1,,25
E01004624,1573,276,17.546090273363,160,10.1716465352829,608,41,120,20,140,39,9,188,14815,5,direct_2011_lsoa_code,1,Wandsworth 024E,3,3,12,12,10,10,15,15,,27,13,13,9,9,,25
E01004625,1315,306,23.2699619771863,237,18.0228136882129,475,58,148,6,154,10,10,174,27625,9,direct_2011_lsoa_code,1,Wandsworth 027E,14,14,,21,12,12,12,12,,,15,15,7,7,,21
E01004626,1844,337,18.2754880694143,222,12.0390455531453,768,69,144,54,198,31,8,237,19942,7,direct_2011_lsoa_code,1,Wandsworth 027F,8,8,,18,7,7,15,15,9,9,,19,1,1,,18
E01004627,1586,347,21.8789407313998,150,9.4577553593947,603,36,158,12,170,22,15,207,24322,8,direct_2011_lsoa_code,1,Wandsworth 019F,5,5,,15,8,8,12,11,,25,5,5,4,4,,21
E01004628,2340,389,16.6239316239316,219,9.35897435897436,888,62,138,25,163,66,23,252,11763,4,direct_2011_lsoa_code,1,Wandsworth 022A,9,9,,24,7,7,,19,2,2,,18,4,4,8,8
E01004629,1594,298,18.6951066499373,268,16.8130489335006,605,66,125,11,136,26,28,190,26152,8,direct_2011_lsoa_code,1,Wandsworth 020F,9,9,7,7,11,11,,16,,25,6,6,6,6,6,6
E01004630,1760,408,23.1818181818182,171,9.71590909090909,657,82,106,16,122,102,29,253,8066,3,direct_2011_lsoa_code,1,Wandsworth 022B,6,6,,15,4,4,,24,13,13,14,14,1,1,10,10
E01004631,1882,356,18.9160467587673,177,9.40488841657811,742,54,122,23,145,62,17,224,13693,5,direct_2011_lsoa_code,1,Wandsworth 022C,3,3,,18,2,2,,17,,17,,17,4,4,,16
E01004632,1517,287,18.9189189189189,162,10.6789716545814,574,51,111,25,136,25,16,177,26566,9,direct_2011_lsoa_code,1,Wandsworth 028A,11,11,14,12,11,11,,22,,25,13,11,4,4,8,8
E01004633,1656,383,23.1280193236715,142,8.57487922705314,599,61,79,32,111,87,24,222,10006,4,direct_2011_lsoa_code,1,Wandsworth 022D,8,8,11,11,2,2,,21,,18,10,10,3,3,10,10
E01004634,1480,244,16.4864864864865,198,13.3783783783784,678,74,92,17,109,46,11,166,21202,7,direct_2011_lsoa_code,1,Wandsworth 028B,11,11,,18,2,2,,16,,16,,16,4,4,,18
E01004635,1660,298,17.9518072289157,198,11.9277108433735,666,77,109,24,133,36,21,190,20830,7,direct_2011_lsoa_code,1,Wandsworth 028C,3,3,15,15,6,6,,25,,20,14,14,3,3,14,14
E01004636,1461,277,18.9596167008898,166,11.3620807665982,620,55,111,7,118,45,12,175,18240,6,direct_2011_lsoa_code,1,Wandsworth 028D,8,8,,19,6,6,,19,,19,,19,5,5,,18
E01004637,1466,256,17.462482946794,158,10.7776261937244,569,47,85,20,105,34,20,159,19001,6,direct_2011_lsoa_code,1,Wandsworth 028E,7,7,,15,8,8,,24,,19,,15,1,1,,14
E01004638,1373,261,19.0094683175528,261,19.0094683175528,501,51,124,14,138,15,20,173,28633,9,direct_2011_lsoa_code,1,Wandsworth 011B,5,5,,27,9,9,6,6,,25,6,6,7,7,,29
E01004639,1707,262,15.3485647334505,216,12.6537785588752,771,86,124,12,136,28,15,179,24017,8,direct_2011_lsoa_code,1,Wandsworth 011C,2,2,,23,4,4,,15,,25,10,10,7,7,,27
E01004640,1680,258,15.3571428571429,226,13.452380952381,770,77,124,15,139,11,14,164,30360,10,direct_2011_lsoa_code,1,Wandsworth 011D,10,10,,18,14,14,11,11,,25,11,11,3,3,,21
E01004641,1888,323,17.1080508474576,306,16.2076271186441,790,124,122,17,139,55,21,215,14652,5,direct_2011_lsoa_code,1,Wandsworth 011E,9,9,,20,8,8,,14,,15,7,7,4,4,,28
E01004642,2111,423,20.0378967314069,251,11.8900994789199,828,102,146,25,171,52,27,250,12645,4,direct_2011_lsoa_code,1,Wandsworth 016B,10,10,,23,4,4,14,13,11,11,12,11,2,2,,28
E01004643,2351,516,21.9481071884305,260,11.0591237771161,972,100,158,32,190,90,36,316,12940,4,direct_2011_lsoa_code,1,Wandsworth 016C,3,3,,23,8,8,12,12,,18,8,8,3,3,,21
E01004644,2504,443,17.6916932907348,339,13.538338658147,1062,131,195,23,218,47,33,298,15979,5,direct_2011_lsoa_code,1,Wandsworth 016D,12,12,,27,4,4,14,14,9,9,12,12,3,3,,
E01004645,2120,447,21.0849056603774,320,15.0943396226415,814,95,114,25,139,99,29,267,8654,3,direct_2011_lsoa_code,1,Wandsworth 016E,5,5,,25,4,4,10,10,,20,2,2,4,4,,25
E01004646,1722,319,18.5249709639954,212,12.3112659698026,640,64,143,8,151,32,38,221,19570,6,direct_2011_lsoa_code,1,Westminster 002A,6,6,12,12,11,11,,16,13,13,7,7,3,3,11,11
E01004647,1390,233,16.7625899280576,225,16.1870503597122,619,81,103,15,118,16,18,152,17624,6,direct_2011_lsoa_code,1,Westminster 001A,4,4,7,7,5,5,10,10,13,13,6,6,7,7,11,11
E01004648,2323,410,17.6495910460611,237,10.2023245802841,1037,97,161,10,171,40,35,246,23935,8,direct_2011_lsoa_code,1,Westminster 002B,10,10,10,10,12,12,13,13,,20,10,10,6,6,,16
E01004649,1409,281,19.9432221433641,223,15.8268275372605,594,64,135,3,138,22,21,181,29012,9,direct_2011_lsoa_code,1,Westminster 001B,3,3,9,9,13,12,11,11,8,8,11,10,3,3,3,3
E01004650,1815,294,16.198347107438,261,14.3801652892562,858,108,148,11,159,24,18,201,29514,9,direct_2011_lsoa_code,1,Westminster 002C,3,3,8,8,3,3,6,6,12,12,0,0,4,4,8,8
E01004651,1774,214,12.0631341600902,259,14.5997745208568,1012,109,116,9,125,13,8,146,25503,8,direct_2011_lsoa_code,1,Westminster 003A,5,5,9,9,9,9,9,9,6,6,6,6,2,2,7,7
E01004652,1615,146,9.04024767801858,174,10.7739938080495,851,68,64,6,70,21,12,103,18062,6,direct_2011_lsoa_code,1,Westminster 017A,5,5,0,0,9,9,4,4,,16,1,1,0,0,5,5
E01004653,1958,243,12.4106230847804,250,12.7681307456588,797,94,105,9,114,30,20,164,23503,8,direct_2011_lsoa_code,1,Westminster 014A,2,2,3,3,8,8,8,8,,23,8,8,3,3,11,11
E01004654,2446,288,11.7743254292723,231,9.44399018806214,1198,98,110,9,119,24,55,198,21266,7,direct_2011_lsoa_code,1,Westminster 014B,2,2,0,0,13,13,4,4,,18,3,3,2,2,11,11
E01004656,1963,220,11.207335710647,211,10.7488537952114,1102,109,80,14,94,49,13,156,11625,4,direct_2011_lsoa_code,1,Westminster 014D,8,8,3,3,8,8,7,7,,18,2,2,2,2,5,5
E01004657,1215,112,9.21810699588477,164,13.4979423868313,600,59,66,1,67,9,7,83,22741,7,direct_2011_lsoa_code,1,Westminster 012A,3,3,6,6,4,4,7,7,13,13,6,6,3,3,7,7
E01004658,1524,126,8.26771653543307,101,6.62729658792651,773,46,41,16,57,13,8,78,18296,6,direct_2011_lsoa_code,1,Westminster 012B,3,3,2,2,6,6,5,5,13,13,1,1,3,3,8,8
E01004659,1630,120,7.36196319018405,187,11.4723926380368,844,68,49,6,55,29,13,97,27574,9,direct_2011_lsoa_code,1,Westminster 008A,8,8,8,8,12,12,12,12,7,7,9,9,4,4,3,3
E01004660,1431,187,13.067784765898,209,14.6051712089448,667,54,90,18,108,25,13,146,26318,9,direct_2011_lsoa_code,1,Westminster 008B,4,4,0,0,9,9,9,9,7,7,1,1,1,1,2,2
E01004661,1998,225,11.2612612612613,190,9.50950950950951,844,46,64,7,71,22,53,146,14144,5,direct_2011_lsoa_code,1,Westminster 012C,5,5,9,9,12,12,4,4,6,6,3,3,6,6,7,7
E01004662,1318,109,8.2701062215478,151,11.4567526555387,781,80,52,4,56,18,10,84,22170,7,direct_2011_lsoa_code,1,Westminster 012D,4,4,3,3,11,11,6,6,6,6,5,5,1,1,3,3
E01004663,1418,151,10.6488011283498,204,14.3864598025388,719,79,66,10,76,17,10,103,16131,5,direct_2011_lsoa_code,1,Westminster 012E,2,2,6,6,6,6,3,3,10,10,5,5,6,6,9,9
E01004665,1453,279,19.2016517549897,183,12.5946317962836,576,68,76,12,88,62,20,170,5376,2,direct_2011_lsoa_code,1,Westminster 024A,4,4,13,13,4,4,15,15,14,14,3,3,3,3,11,11
E01004668,1420,224,15.7746478873239,193,13.5915492957747,590,65,88,9,97,35,18,150,15757,5,direct_2011_lsoa_code,1,Westminster 023D,4,4,12,12,2,2,12,12,9,9,4,4,1,1,12,12
E01004669,1721,295,17.1411969785009,203,11.7954677513074,729,85,76,8,84,63,16,163,7591,3,direct_2011_lsoa_code,1,Westminster 024B,2,2,13,13,2,2,,18,14,14,5,5,3,3,9,9
E01004670,2709,494,18.2355112587671,407,15.0239940937615,927,129,90,8,98,117,78,293,2488,1,direct_2011_lsoa_code,1,Westminster 009A,6,6,4,4,1,1,,18,12,12,7,7,5,5,10,10
E01004674,1903,298,15.6594850236469,229,12.0336311087756,773,95,83,13,96,68,24,188,6143,2,direct_2011_lsoa_code,1,Westminster 005A,3,3,6,6,3,3,7,7,,28,5,5,5,5,11,11
E01004675,2353,368,15.6396090097748,262,11.1347216319592,1070,139,101,16,117,97,33,247,6646,3,direct_2011_lsoa_code,1,Westminster 005B,6,6,10,10,4,4,4,4,,27,3,3,4,4,15,15
E01004676,1501,209,13.9240506329114,117,7.7948034643571,714,44,71,12,83,51,18,152,13382,5,direct_2011_lsoa_code,1,Westminster 006A,3,3,11,11,1,1,5,5,,26,4,4,5,5,,14
E01004677,1717,253,14.7350029120559,161,9.37682003494467,805,62,58,13,71,78,24,173,12092,4,direct_2011_lsoa_code,1,Westminster 005C,3,3,7,7,7,7,7,7,,24,9,9,3,3,9,9
E01004678,1965,291,14.8091603053435,184,9.36386768447837,834,76,87,13,100,92,28,220,10961,4,direct_2011_lsoa_code,1,Westminster 005D,7,7,9,9,6,6,5,5,,27,5,5,2,2,14,13
E01004679,1976,288,14.5748987854251,176,8.90688259109312,921,69,80,16,96,97,15,208,7034,3,direct_2011_lsoa_code,1,Westminster 005E,5,5,2,2,6,6,3,3,,26,2,2,1,1,10,10
E01004680,1240,118,9.51612903225806,218,17.5806451612903,565,71,60,4,64,9,9,82,23309,8,direct_2011_lsoa_code,1,Westminster 015A,5,5,5,5,9,9,4,4,,15,4,4,5,5,10,10
E01004681,1837,160,8.70985302123027,165,8.98203592814371,919,63,69,7,76,33,38,147,22113,7,direct_2011_lsoa_code,1,Westminster 016A,9,9,9,8,9,9,8,8,13,12,7,7,0,0,7,7
E01004682,1281,92,7.18188914910226,104,8.11865729898517,673,48,40,3,43,18,4,65,19698,6,direct_2011_lsoa_code,1,Westminster 016B,10,10,8,8,15,12,5,5,12,12,5,5,2,2,5,5
E01004683,1488,195,13.1048387096774,185,12.4327956989247,626,55,82,6,88,11,40,139,26341,9,direct_2011_lsoa_code,1,Westminster 015B,11,11,7,7,14,13,11,11,11,11,7,7,4,4,6,6
E01004684,1342,201,14.9776453055142,147,10.9538002980626,472,39,64,0,64,26,9,99,13307,5,direct_2011_lsoa_code,1,Westminster 015C,3,3,4,4,6,6,9,9,9,8,4,4,1,1,8,6
E01004686,1399,137,9.79270907791279,181,12.9378127233738,746,89,58,0,58,25,12,95,11469,4,direct_2011_lsoa_code,1,Westminster 015E,6,6,6,6,10,10,5,5,15,14,2,2,4,4,11,11
E01004687,1321,149,11.2793338380015,274,20.7418622255867,672,76,67,7,74,20,17,111,28371,9,direct_2011_lsoa_code,1,Westminster 019A,1,1,11,11,7,7,7,7,12,12,4,4,0,0,6,6
E01004690,1066,154,14.4465290806754,185,17.3545966228893,438,36,52,9,61,14,22,97,30073,10,direct_2011_lsoa_code,1,Westminster 019D,5,5,14,13,4,4,5,5,6,6,4,4,4,4,7,7
E01004691,1151,137,11.9026933101651,200,17.3761946133797,475,64,37,4,41,19,23,83,23381,8,direct_2011_lsoa_code,1,Westminster 019E,10,10,3,3,15,15,7,7,11,11,5,5,7,7,7,7
E01004692,1021,164,16.0626836434868,177,17.335945151812,450,54,50,7,57,15,22,94,28779,9,direct_2011_lsoa_code,1,Westminster 019F,5,5,,21,12,12,5,5,,25,12,12,7,7,10,10
E01004693,1210,186,15.3719008264463,137,11.3223140495868,589,58,79,6,85,21,6,112,21478,7,direct_2011_lsoa_code,1,Westminster 017B,1,1,7,7,,14,11,11,,19,9,9,2,2,5,5
E01004694,1472,111,7.54076086956522,210,14.2663043478261,774,47,43,7,50,20,11,81,26491,9,direct_2011_lsoa_code,1,Westminster 016C,2,2,12,11,,13,4,4,,17,3,3,4,4,5,5
E01004695,1072,71,6.62313432835821,108,10.0746268656716,548,58,27,5,32,9,9,50,21342,7,direct_2011_lsoa_code,1,Westminster 017C,7,7,0,0,14,10,9,7,,15,7,5,1,1,2,2
E01004696,1446,207,14.3153526970954,214,14.7994467496542,692,92,56,6,62,54,18,134,6924,3,direct_2011_lsoa_code,1,Westminster 017D,8,8,5,5,14,14,6,6,,17,5,5,4,4,11,11
E01004697,1342,145,10.8047690014903,147,10.9538002980626,666,56,62,16,78,21,6,105,17722,6,direct_2011_lsoa_code,1,Westminster 016D,8,8,8,8,14,14,4,4,,17,7,7,6,6,13,13
E01004698,1335,119,8.91385767790262,141,10.561797752809,635,46,69,5,74,12,16,102,14384,5,direct_2011_lsoa_code,1,Westminster 017E,6,6,7,7,,15,4,4,,20,6,6,5,5,7,7
E01004699,1754,190,10.8323831242873,141,8.0387685290764,895,61,82,5,87,28,15,130,19200,6,direct_2011_lsoa_code,1,Westminster 017F,6,6,6,6,,17,8,8,,19,3,3,1,1,5,5
E01004700,1485,155,10.4377104377104,125,8.41750841750842,768,49,67,8,75,20,12,107,22989,7,direct_2011_lsoa_code,1,Westminster 016E,8,8,11,11,,17,3,3,,17,3,3,7,7,10,10
E01004701,1538,220,14.3042912873862,200,13.0039011703511,771,100,113,7,120,22,11,153,25245,8,direct_2011_lsoa_code,1,Westminster 007A,5,5,10,10,10,10,5,5,,20,5,5,5,5,9,9
E01004702,2805,467,16.6488413547237,349,12.4420677361854,1071,116,132,11,143,103,66,312,3687,2,direct_2011_lsoa_code,1,Westminster 009E,2,2,5,5,4,4,4,4,15,15,4,4,3,3,9,8
E01004703,1994,327,16.3991975927783,281,14.0922768304915,864,87,189,16,205,30,16,251,23871,8,direct_2011_lsoa_code,1,Westminster 007B,10,10,8,8,7,7,6,6,,16,5,5,4,4,5,5
E01004705,1244,198,15.9163987138264,166,13.3440514469453,587,52,104,12,116,16,8,140,30175,10,direct_2011_lsoa_code,1,Westminster 007D,7,7,11,11,10,10,5,5,,16,5,5,4,4,5,5
E01004706,1476,197,13.3468834688347,139,9.41734417344173,684,61,94,15,109,25,8,142,27823,9,direct_2011_lsoa_code,1,Westminster 006B,6,6,9,9,3,3,9,9,,22,9,9,8,8,9,9
E01004707,1839,277,15.0625339858619,145,7.8847199564981,752,52,142,10,152,26,12,190,31583,10,direct_2011_lsoa_code,1,Westminster 006C,8,8,8,8,10,10,8,8,,20,8,8,8,8,7,7
E01004708,1538,199,12.9388816644994,159,10.3381014304291,724,67,84,12,96,34,11,141,12143,4,direct_2011_lsoa_code,1,Westminster 006D,2,2,13,13,7,7,12,11,,25,5,5,4,4,12,12
E01004709,1694,259,15.2892561983471,189,11.1570247933884,721,63,104,9,113,34,18,165,14236,5,direct_2011_lsoa_code,1,Westminster 007E,5,5,3,3,9,9,4,4,,15,3,3,3,3,3,3
E01004710,1959,365,18.631955079122,183,9.34150076569678,721,72,112,21,133,72,40,245,7483,3,direct_2011_lsoa_code,1,Westminster 002D,3,3,6,6,2,2,8,8,,21,9,9,5,5,8,8
E01004711,2000,410,20.5,176,8.8,817,74,119,17,136,105,17,258,11199,4,direct_2011_lsoa_code,1,Westminster 002E,1,1,5,5,6,6,5,5,,19,5,5,3,3,6,6
E01004712,1445,133,9.20415224913495,197,13.6332179930796,733,73,71,9,80,12,9,101,23263,8,direct_2011_lsoa_code,1,Westminster 008C,5,5,7,7,2,2,6,6,7,7,1,1,1,1,4,4
E01004713,1315,166,12.6235741444867,195,14.828897338403,695,95,71,8,79,16,11,106,27672,9,direct_2011_lsoa_code,1,Westminster 011A,2,2,6,6,8,8,1,1,3,3,2,2,5,5,12,12
E01004714,1668,182,10.9112709832134,156,9.35251798561151,817,54,96,7,103,16,6,125,24181,8,direct_2011_lsoa_code,1,Westminster 011B,2,2,6,6,9,9,8,8,3,3,3,3,4,4,7,7
E01004715,1805,166,9.19667590027701,233,12.9085872576177,834,92,43,8,51,43,12,106,18090,6,direct_2011_lsoa_code,1,Westminster 013A,3,3,10,10,9,9,2,2,1,1,1,1,2,2,3,3
E01004716,1045,126,12.0574162679426,197,18.8516746411483,532,60,56,12,68,16,11,95,27864,9,direct_2011_lsoa_code,1,Westminster 011C,6,6,12,11,12,12,2,2,6,6,9,9,2,2,3,3
E01004717,1264,99,7.83227848101266,157,12.4208860759494,745,66,47,9,56,10,5,71,22125,7,direct_2011_lsoa_code,1,Westminster 011D,3,3,4,4,3,3,2,2,3,3,1,1,5,5,7,7
E01004718,1859,265,14.2549757934373,206,11.0812264658419,793,57,84,11,95,56,36,187,8120,3,direct_2011_lsoa_code,1,Westminster 004A,6,6,9,9,6,6,3,3,,28,6,6,5,5,13,13
E01004719,1825,284,15.5616438356164,225,12.3287671232877,783,72,84,20,104,78,19,201,8731,3,direct_2011_lsoa_code,1,Westminster 004B,8,8,10,10,7,7,11,11,,28,11,11,4,4,13,12
E01004720,2274,424,18.6455584872471,248,10.9058927000879,857,66,113,23,136,73,47,256,7066,3,direct_2011_lsoa_code,1,Westminster 004C,5,5,3,3,2,2,14,12,,21,9,9,3,3,8,8
E01004721,1882,381,20.2444208289054,276,14.6652497343252,840,101,77,14,91,114,32,237,4722,2,direct_2011_lsoa_code,1,Westminster 004D,3,3,8,8,2,2,7,7,,23,6,6,2,2,,14
E01004722,2685,524,19.5158286778399,211,7.8584729981378,869,52,141,15,156,111,72,339,5553,2,direct_2011_lsoa_code,1,Westminster 004E,6,6,10,10,7,7,6,6,,27,8,8,7,7,11,11
E01004723,2236,356,15.9212880143113,236,10.5545617173524,963,68,102,18,120,98,26,244,8354,3,direct_2011_lsoa_code,1,Westminster 005F,5,5,7,7,8,8,5,5,,24,9,9,4,4,8,8
E01004724,1894,235,12.4076029567054,242,12.7771911298838,868,72,89,13,102,34,19,155,23490,8,direct_2011_lsoa_code,1,Westminster 001C,4,4,6,6,4,4,9,9,12,12,2,2,5,5,8,8
E01004725,1294,182,14.064914992272,143,11.0510046367852,583,51,65,2,67,47,6,120,9498,3,direct_2011_lsoa_code,1,Westminster 003B,3,3,9,9,2,2,10,10,13,13,3,3,1,1,3,3
E01004726,1687,246,14.5820983995258,245,14.5228215767635,792,80,111,7,118,18,29,165,25261,8,direct_2011_lsoa_code,1,Westminster 003C,12,12,8,8,14,14,7,7,13,13,11,11,4,4,12,12
E01004727,1545,186,12.0388349514563,205,13.2686084142395,764,62,90,5,95,15,12,122,24363,8,direct_2011_lsoa_code,1,Westminster 008D,,22,,22,5,5,,25,,25,,21,13,13,15,15
E01004728,1454,155,10.6602475928473,276,18.9821182943604,729,122,64,9,73,32,12,117,19059,6,direct_2011_lsoa_code,1,Westminster 003D,6,6,8,8,7,7,8,8,15,17,6,6,2,2,12,12
E01004729,1492,178,11.9302949061662,318,21.313672922252,738,182,78,5,83,31,11,125,10420,4,direct_2011_lsoa_code,1,Westminster 003E,9,9,8,8,7,7,6,6,,19,4,4,4,4,12,12
E01004730,1460,183,12.5342465753425,287,19.6575342465753,697,108,93,5,98,25,14,137,28806,9,direct_2011_lsoa_code,1,Westminster 001D,13,13,,23,13,13,,27,,29,,18,7,7,,20
E01004731,2002,216,10.7892107892108,166,8.29170829170829,1042,54,98,12,110,32,18,160,24520,8,direct_2011_lsoa_code,1,Westminster 020A,12,12,,16,9,9,9,9,7,7,11,11,4,4,13,11
E01004732,1308,167,12.7675840978593,208,15.9021406727829,689,95,41,10,51,60,11,122,3324,2,direct_2011_lsoa_code,1,Westminster 020B,3,3,,10,5,5,,15,,19,5,5,2,2,6,6
E01004733,2101,253,12.0418848167539,254,12.0894811994288,946,71,68,10,78,31,8,117,15991,5,direct_2011_lsoa_code,1,Westminster 020C,8,8,9,7,5,5,,9,,13,12,7,0,0,0,0
E01004734,1690,93,5.50295857988166,237,14.0236686390533,1007,121,26,9,35,19,11,65,7933,3,direct_2011_lsoa_code,1,Westminster 018A,8,8,5,5,4,4,10,8,9,7,6,6,1,1,2,2
E01004735,2024,207,10.2272727272727,208,10.2766798418972,1157,115,55,30,85,32,16,133,5794,2,direct_2011_lsoa_code,1,Westminster 018B,5,5,7,7,5,5,4,4,,16,5,5,2,2,6,6
E01004736,1466,73,4.97953615279673,155,10.5729877216917,582,52,33,4,37,5,6,48,24862,8,direct_2011_lsoa_code,1,Westminster 018C,15,15,13,13,8,8,,20,,20,14,14,3,3,8,8
E01004737,1218,224,18.3908045977012,211,17.3234811165846,600,88,71,15,86,50,10,146,14145,5,direct_2011_lsoa_code,1,Westminster 024C,5,5,6,6,2,2,14,13,10,10,8,8,3,3,6,6
E01004740,1305,156,11.9540229885057,274,20.9961685823755,653,159,58,9,67,34,9,110,6426,2,direct_2011_lsoa_code,1,Westminster 021A,5,5,6,6,6,6,,13,2,2,5,5,2,2,5,5
E01004741,1288,161,12.5,171,13.276397515528,671,87,50,12,62,31,16,109,13839,5,direct_2011_lsoa_code,1,Westminster 024F,4,4,4,4,4,4,,8,5,5,0,0,2,2,1,1
E01004742,1257,101,8.03500397772474,138,10.9785202863962,711,43,45,5,50,14,9,73,23098,8,direct_2011_lsoa_code,1,Westminster 022A,3,3,7,7,7,7,,15,7,7,3,3,2,2,4,4
E01004743,1502,211,14.0479360852197,189,12.5832223701731,726,47,68,12,80,44,13,137,13668,5,direct_2011_lsoa_code,1,Westminster 021B,6,6,11,11,3,3,,18,9,9,3,3,1,1,13,11
E01004744,1452,190,13.0853994490358,222,15.2892561983471,732,117,80,7,87,35,7,129,10482,4,direct_2011_lsoa_code,1,Westminster 020D,3,3,7,7,7,7,14,14,7,7,5,5,4,4,9,9
E01004746,1249,165,13.2105684547638,192,15.3722978382706,672,101,43,12,55,50,6,111,9216,3,direct_2011_lsoa_code,1,Westminster 021D,5,5,7,7,4,4,,18,6,6,6,6,4,4,10,10
E01004747,2184,212,9.70695970695971,305,13.9652014652015,1048,129,78,15,93,53,30,176,12655,4,direct_2011_lsoa_code,1,Westminster 021E,0,0,4,4,3,3,,15,2,2,6,6,2,2,7,7
E01004748,1217,176,14.4617912900575,221,18.1594083812654,519,63,58,1,59,14,11,84,26006,8,direct_2011_lsoa_code,1,Westminster 020E,0,0,8,8,7,7,11,11,9,9,5,5,4,4,6,6
E01004749,2185,237,10.8466819221968,231,10.5720823798627,1052,88,87,12,99,58,14,171,20814,7,direct_2011_lsoa_code,1,Westminster 022B,1,1,2,2,10,10,11,11,7,7,1,1,2,2,7,7
E01004750,1584,164,10.3535353535354,316,19.949494949495,839,153,50,5,55,51,22,128,15320,5,direct_2011_lsoa_code,1,Westminster 023E,6,6,10,10,4,4,5,5,,14,3,3,0,0,8,8
E01004751,1712,143,8.35280373831776,194,11.3317757009346,770,64,62,4,66,18,17,101,24060,8,direct_2011_lsoa_code,1,Westminster 022C,5,5,7,7,8,8,8,8,12,12,6,6,5,5,13,12
E01004752,1363,135,9.9046221570066,174,12.7659574468085,707,75,51,14,65,22,11,98,12381,4,direct_2011_lsoa_code,1,Westminster 022D,6,6,6,6,5,5,15,15,8,8,4,4,4,4,7,7
E01004753,1756,132,7.51708428246014,202,11.503416856492,923,107,42,21,63,26,8,97,17568,6,direct_2011_lsoa_code,1,Westminster 022E,6,6,9,9,5,5,11,11,13,13,3,3,3,3,11,11
E01004754,1874,306,16.3287086446105,252,13.4471718249733,679,78,105,15,120,77,16,213,2865,1,direct_2011_lsoa_code,1,Westminster 010A,5,5,12,11,6,6,5,5,,22,5,5,4,4,10,10
E01004755,2453,393,16.0211985324093,191,7.78638401956788,990,50,116,18,134,70,38,242,8689,3,direct_2011_lsoa_code,1,Westminster 010B,6,6,8,8,6,6,6,6,,23,5,5,2,2,11,11
E01004756,1522,197,12.9434954007884,110,7.22733245729304,754,53,66,11,77,57,7,141,12183,4,direct_2011_lsoa_code,1,Westminster 006E,4,4,,10,6,6,10,10,,21,5,5,3,3,10,10
E01004757,1658,320,19.3003618817853,163,9.83112183353438,624,52,86,14,100,72,26,198,4110,2,direct_2011_lsoa_code,1,Westminster 010C,5,5,12,12,5,5,7,7,,17,9,9,2,2,7,7
E01004760,1688,221,13.0924170616114,178,10.5450236966825,698,75,87,4,91,45,24,160,10773,4,direct_2011_lsoa_code,1,Westminster 014E,5,5,6,6,7,7,9,9,,23,8,8,2,2,6,6
E01004761,1205,92,7.63485477178423,233,19.3360995850622,697,70,35,2,37,23,13,73,26464,9,direct_2011_lsoa_code,1,Westminster 018D,7,7,5,5,6,6,,14,,16,2,2,4,4,4,4
E01004762,1553,143,9.20798454603992,282,18.158403090792,762,93,47,7,54,30,19,103,23921,8,direct_2011_lsoa_code,1,Westminster 011E,7,7,11,11,5,5,7,7,,14,2,2,3,3,11,11
E01004763,2015,117,5.80645161290323,104,5.16129032258065,1117,57,37,10,47,22,9,78,11768,4,direct_2011_lsoa_code,1,Westminster 013B,5,5,5,5,3,3,3,3,7,7,3,3,1,1,2,2
E01004765,1869,143,7.65115034777956,225,12.0385232744783,1045,80,58,6,64,24,21,109,15472,5,direct_2011_lsoa_code,1,Westminster 013D,3,3,8,8,7,7,5,5,7,7,1,1,2,2,3,3
E01032512,2384,511,21.4345637583893,173,7.25671140939597,894,64,120,15,135,161,27,323,3326,2,direct_2011_lsoa_code,1,Westminster 010F,5,5,6,6,10,10,7,7,,23,6,6,5,5,10,10
E01032513,1233,238,19.3025141930251,153,12.4087591240876,532,62,59,15,74,68,13,155,5605,2,direct_2011_lsoa_code,1,Westminster 010G,4,4,5,5,8,8,6,6,,21,10,10,1,1,2,2
E01032562,1615,424,26.2538699690403,146,9.04024767801858,619,56,86,31,117,109,24,250,6897,3,direct_2011_lsoa_code,1,Bromley 040D,3,3,14,14,7,7,7,7,,23,15,15,2,2,,
E01032563,1449,260,17.9434092477571,373,25.7418909592823,563,85,99,15,114,17,31,162,25895,8,direct_2011_lsoa_code,1,Bromley 040E,,21,,18,13,13,15,15,,27,15,15,8,8,,
E01032564,1301,303,23.2897770945427,107,8.22444273635665,490,33,54,24,78,94,17,189,4245,2,direct_2011_lsoa_code,1,Lewisham 037E,7,7,10,10,6,6,9,9,,21,13,9,0,0,,
E01032565,1451,308,21.2267401791868,191,13.1633356305996,605,87,81,20,101,74,24,199,5131,2,direct_2011_lsoa_code,1,Lewisham 038E,14,14,12,12,2,2,,20,,28,12,12,7,7,,
E01032566,1887,379,20.084790673026,260,13.7784843667197,752,81,121,33,154,58,44,256,10669,4,direct_2011_lsoa_code,1,Bexley 029D,15,15,,23,10,10,,28,,,,27,9,9,,
E01032567,1594,261,16.3739021329987,250,15.6838143036386,600,65,63,23,86,51,44,181,15449,5,direct_2011_lsoa_code,1,Greenwich 033D,7,7,,15,7,7,,20,,,,19,1,1,,
E01032568,1525,288,18.8852459016393,211,13.8360655737705,641,83,93,22,115,57,27,199,10457,4,direct_2011_lsoa_code,1,Bromley 041E,5,5,14,14,4,4,14,14,,19,15,15,9,9,,
E01032569,1792,485,27.0647321428572,143,7.97991071428571,682,45,85,30,115,137,36,288,3024,1,direct_2011_lsoa_code,1,Croydon 045E,13,13,15,15,13,13,,18,,25,9,9,4,4,,
E01032570,1736,322,18.5483870967742,489,28.168202764977,730,137,96,37,133,60,14,207,21598,7,direct_2011_lsoa_code,1,Bromley 042D,,24,2,2,13,13,,,12,12,,,3,3,,
E01032572,1608,219,13.6194029850746,181,11.2562189054726,754,71,113,14,127,29,13,169,17645,6,direct_2011_lsoa_code,1,Ealing 040D,11,11,12,12,2,2,8,8,,,8,8,3,3,7,7
E01032573,1805,228,12.6315789473684,239,13.2409972299169,899,111,115,14,129,35,7,171,22713,7,direct_2011_lsoa_code,1,Hounslow 029E,4,4,7,7,5,5,5,5,,,4,4,2,2,7,7
E01032574,2070,506,24.4444444444444,221,10.6763285024155,693,64,115,26,141,99,53,293,7300,3,direct_2011_lsoa_code,1,Enfield 037E,12,12,2,2,12,12,,21,5,5,13,13,2,2,,
E01032575,2134,503,23.5707591377695,163,7.63823805060919,663,46,85,17,102,122,66,290,4997,2,direct_2011_lsoa_code,1,Haringey 037D,7,7,9,9,13,13,3,3,,23,1,1,3,3,,26
E01032576,1678,337,20.0834326579261,247,14.7199046483909,513,37,133,9,142,17,50,209,27758,9,direct_2011_lsoa_code,1,Harrow 032E,9,9,14,14,,20,,20,,,12,12,7,7,,18
E01032577,1785,381,21.3445378151261,235,13.1652661064426,610,54,174,22,196,35,23,254,24122,8,direct_2011_lsoa_code,1,Hillingdon 033E,6,6,,17,2,2,,19,,,10,10,1,1,,16
E01032579,2156,340,15.7699443413729,100,4.63821892393321,972,54,76,35,111,94,19,224,5514,2,direct_2011_lsoa_code,1,Lewisham 039E,7,7,7,7,2,2,8,8,,,6,6,2,2,,29
E01032580,1544,424,27.4611398963731,111,7.18911917098446,487,25,121,20,141,51,47,239,6215,2,direct_2011_lsoa_code,1,Barking and Dagenham 023F,5,5,,16,13,13,12,12,,27,15,12,2,2,,26
E01032581,1931,443,22.9414810978768,154,7.97514241325738,743,65,145,29,174,86,42,302,9264,3,direct_2011_lsoa_code,1,Redbridge 034G,9,9,,18,,15,,16,,29,,14,6,6,,
E01032582,2281,262,11.4861902674266,195,8.54888206926787,1169,72,56,13,69,71,23,163,8211,3,direct_2011_lsoa_code,1,Lambeth 036E,10,10,6,6,6,6,8,8,,11,7,7,3,3,2,2
E01032583,2052,305,14.8635477582846,110,5.36062378167641,919,44,60,19,79,98,16,193,7940,3,direct_2011_lsoa_code,1,Southwark 034D,4,4,8,8,0,0,8,8,14,14,12,11,1,1,4,4
E01032584,1347,162,12.0267260579065,128,9.50259836674091,566,43,39,21,60,40,21,121,8963,3,direct_2011_lsoa_code,1,Southwark 034E,5,5,7,7,6,6,8,8,7,7,8,8,1,1,8,8
E01032623,1799,302,16.787103946637,501,27.8488048916065,607,68,149,7,156,7,31,194,32359,10,direct_2011_lsoa_code,1,Sutton 025E,14,14,,19,,20,,22,,,,18,6,6,,
E01032637,1050,32,3.04761904761905,32,3.04761904761905,567,8,19,5,24,3,3,30,24490,8,direct_2011_lsoa_code,1,Southwark 035E,5,5,4,4,7,7,,15,,16,6,6,4,4,,14
E01032638,1103,63,5.7116953762466,85,7.70625566636446,596,26,33,13,46,9,0,55,29878,10,direct_2011_lsoa_code,1,Southwark 035D,5,5,5,5,12,12,,18,,21,9,9,5,5,13,13
E01032639,1915,178,9.29503916449086,89,4.64751958224543,783,45,37,17,54,52,13,119,12228,4,direct_2011_lsoa_code,1,Southwark 014F,5,5,4,4,4,4,5,5,,19,4,4,3,3,10,9
E01032640,1035,49,4.73429951690821,64,6.18357487922705,611,18,31,6,37,6,0,43,24817,8,direct_2011_lsoa_code,1,Southwark 035B,6,6,8,8,5,5,15,14,,15,2,2,4,4,,15
E01032646,1513,143,9.45142101784534,94,6.2128222075347,807,37,44,10,54,33,7,94,19949,7,direct_2011_lsoa_code,1,Southwark 036B,6,6,2,2,1,1,8,8,10,10,8,8,4,4,13,13
E01032719,1445,198,13.7024221453287,92,6.36678200692042,801,46,34,11,45,65,14,124,10176,4,direct_2011_lsoa_code,1,Southwark 014G,4,4,8,8,3,3,6,6,,16,9,9,0,0,6,6
E01032739,1622,73,4.50061652281134,66,4.06905055487053,879,17,27,1,28,7,4,39,20391,7,direct_2011_lsoa_code,1,City of London 001F,12,12,3,3,8,8,2,2,,15,1,1,1,1,5,5
E01032740,1396,51,3.65329512893983,107,7.6647564469914,877,42,24,4,28,8,3,39,18089,6,direct_2011_lsoa_code,1,City of London 001G,13,13,,18,4,4,4,4,12,12,6,6,3,3,9,9
E01032741,1471,246,16.7233174711081,109,7.40992522093814,730,54,83,31,114,47,20,181,15465,5,direct_2011_lsoa_code,1,Havering 013E,,12,9,5,2,2,,15,,13,5,5,0,0,,26
E01032742,1765,304,17.2237960339943,309,17.5070821529745,832,137,111,34,145,59,15,219,15714,5,direct_2011_lsoa_code,1,Havering 013F,13,13,11,11,4,4,,26,,21,15,15,11,11,,
E01032743,2281,602,26.3919333625603,86,3.77027619465147,818,17,212,32,244,128,37,409,9353,3,direct_2011_lsoa_code,1,Ealing 010F,8,8,10,10,6,6,8,8,,29,,17,5,5,,24
E01032744,1613,348,21.5747055176689,228,14.1351518908865,524,35,120,14,134,43,34,211,6338,2,direct_2011_lsoa_code,1,Ealing 010G,7,7,3,3,3,3,3,3,,23,13,11,2,2,,21
E01032764,2360,306,12.9661016949153,81,3.43220338983051,1054,36,91,26,117,67,12,196,12594,4,direct_2011_lsoa_code,1,Tower Hamlets 004E,9,9,13,13,8,8,11,11,,,11,11,2,2,,22
E01032765,1754,265,15.1083238312429,110,6.27137970353478,739,35,58,20,78,73,24,175,8918,3,direct_2011_lsoa_code,1,Tower Hamlets 004F,8,8,,17,4,4,12,12,,,7,7,3,3,15,15
E01032767,1566,63,4.02298850574713,34,2.17113665389527,799,12,27,8,35,10,8,53,22328,7,direct_2011_lsoa_code,1,Tower Hamlets 021F,3,3,3,3,3,3,3,3,,17,8,8,4,4,6,6
E01032768,1318,128,9.71168437025797,50,3.79362670713202,688,16,63,9,72,15,5,92,21107,7,direct_2011_lsoa_code,1,Tower Hamlets 025E,9,9,13,13,6,6,14,14,,26,15,13,7,7,,17
E01032769,1338,209,15.6203288490284,72,5.38116591928251,632,18,77,5,82,17,16,115,16124,5,direct_2011_lsoa_code,1,Tower Hamlets 025F,7,7,13,13,0,0,11,11,,23,14,8,2,2,,13
E01032770,2126,234,11.0065851364064,87,4.09219190968956,1084,34,94,9,103,43,24,170,17320,6,direct_2011_lsoa_code,1,Tower Hamlets 032B,6,6,5,5,0,0,5,5,,,9,9,7,7,,20
E01032771,1544,182,11.7875647668394,49,3.17357512953368,779,19,72,8,80,24,18,122,20860,7,direct_2011_lsoa_code,1,Tower Hamlets 033B,14,14,4,4,4,4,3,3,,20,3,3,2,2,3,3
E01032772,2407,403,16.7428334025758,85,3.53136684669713,1179,29,118,14,132,72,38,242,11466,4,direct_2011_lsoa_code,1,Tower Hamlets 032C,7,7,6,6,2,2,5,5,,,11,11,5,5,,18
E01032774,1803,350,19.4120909595119,66,3.66056572379368,727,21,101,17,118,75,16,209,7916,3,direct_2011_lsoa_code,1,Tower Hamlets 032E,4,4,5,5,2,2,7,7,,,12,12,7,7,,19
E01032775,1187,184,15.5012636899747,44,3.70682392586352,564,15,118,4,122,13,3,138,25292,8,direct_2011_lsoa_code,1,Tower Hamlets 031F,3,3,10,10,7,7,9,9,,,9,9,5,5,,17
E01032776,2068,248,11.9922630560928,28,1.35396518375242,1050,4,93,16,109,34,20,163,24799,8,direct_2011_lsoa_code,1,Tower Hamlets 034D,15,15,9,9,6,6,13,13,,,10,10,2,2,,13
E01032777,1278,205,16.0406885758998,30,2.34741784037559,577,7,71,9,80,38,17,135,15657,5,direct_2011_lsoa_code,1,Tower Hamlets 035A,10,10,6,6,5,5,6,6,,,7,7,4,4,,13
E01032779,1405,248,17.6512455516014,21,1.49466192170819,658,3,67,26,93,40,8,141,16738,6,direct_2011_lsoa_code,1,Tower Hamlets 035C,7,7,8,8,6,6,8,8,,,9,9,2,2,,16
E01032780,2059,274,13.3074307916464,64,3.10830500242836,1010,9,99,12,111,37,17,165,17778,6,direct_2011_lsoa_code,1,Tower Hamlets 035D,4,4,10,10,3,3,4,4,,27,10,10,5,5,8,8
E01032781,1688,236,13.9810426540284,76,4.50236966824645,764,13,100,17,117,29,19,165,21416,7,direct_2011_lsoa_code,1,Tower Hamlets 033C,10,10,15,10,6,6,5,5,,,5,5,4,4,,15
E01032782,2247,303,13.4846461949266,39,1.73564753004005,1133,14,95,12,107,61,14,182,14749,5,direct_2011_lsoa_code,1,Tower Hamlets 033D,10,10,11,9,3,3,7,6,,27,7,7,2,2,12,11
E01032783,1306,180,13.7825421133231,102,7.81010719754977,582,45,64,14,78,38,15,131,16421,5,direct_2011_lsoa_code,1,Tower Hamlets 031G,6,6,4,4,6,6,6,6,,,6,6,0,0,,15
E01032784,1707,226,13.2396016403046,85,4.97949619214997,745,45,73,13,86,42,15,143,12196,4,direct_2011_lsoa_code,1,Tower Hamlets 004G,9,9,,17,4,4,8,8,,25,7,7,3,3,12,12
E01032785,2517,601,23.8776321017084,44,1.74811283273739,1027,9,158,39,197,94,20,311,13712,5,direct_2011_lsoa_code,1,Tower Hamlets 010E,10,10,,17,3,3,2,2,,24,6,6,4,4,,14
E01032786,1614,411,25.4646840148699,101,6.25774473358117,621,46,127,17,144,48,26,218,9758,3,direct_2011_lsoa_code,1,Tower Hamlets 010F,7,7,,13,6,6,6,6,,20,3,3,2,2,13,10
E01032787,2452,518,21.1256117455139,138,5.62805872756933,774,34,179,14,193,55,49,297,6192,2,direct_2011_lsoa_code,1,Tower Hamlets 011F,4,4,13,13,4,4,14,14,14,14,7,7,2,2,7,7
E01032788,1590,263,16.5408805031447,101,6.35220125786164,716,34,90,14,104,68,14,186,9722,3,direct_2011_lsoa_code,1,Hammersmith and Fulham 023D,4,4,3,3,7,7,10,10,,17,10,10,0,0,,20
E01032789,1202,217,18.0532445923461,46,3.82695507487521,594,10,75,8,83,70,11,164,16892,6,direct_2011_lsoa_code,1,Hammersmith and Fulham 023E,6,6,12,12,8,8,15,15,15,15,,14,2,2,,21
E01032790,1130,226,20,108,9.55752212389381,488,41,73,15,88,55,9,152,16130,5,direct_2011_lsoa_code,1,Hammersmith and Fulham 023F,4,4,9,9,3,3,,17,,17,13,13,3,3,,22
E01032803,1505,153,10.1661129568106,65,4.31893687707641,788,21,47,8,55,40,9,104,17880,6,direct_2011_lsoa_code,1,Southwark 036C,3,3,4,4,5,5,5,5,12,12,7,7,4,4,14,14
E01032834,1022,41,4.01174168297456,74,7.24070450097847,620,23,24,3,27,6,0,33,25667,8,direct_2011_lsoa_code,1,Southwark 035C,8,8,4,4,11,11,,17,,17,12,12,4,4,,15
E01033000,1751,457,26.09937178755,140,7.99543118218161,619,40,105,27,132,107,35,274,5512,2,direct_2011_lsoa_code,1,Hounslow 025F,10,10,5,5,10,10,,22,,,7,7,7,7,,23
E01033030,1851,494,26.6882766072393,38,2.05294435440303,719,9,244,30,274,48,32,354,15806,5,direct_2011_lsoa_code,1,Hounslow 025G,6,6,1,1,5,5,,19,,,1,1,2,2,,20
E01033081,1596,284,17.7944862155388,155,9.71177944862155,777,81,109,19,128,53,10,191,11177,4,direct_2011_lsoa_code,1,Hounslow 031D,4,4,6,6,4,4,,15,,25,7,7,1,1,,20
E01033082,1261,210,16.6534496431404,280,22.2045995241872,652,142,55,16,71,48,11,130,10592,4,direct_2011_lsoa_code,1,Hounslow 031C,7,7,7,7,10,10,15,15,,26,6,6,6,6,,20
E01033083,2216,566,25.5415162454874,28,1.26353790613718,788,11,315,10,325,32,49,406,14649,5,direct_2011_lsoa_code,1,Hounslow 018F,4,4,3,3,11,11,13,12,,13,6,6,0,0,12,12
E01033084,1975,501,25.3670886075949,124,6.27848101265823,707,28,148,23,171,109,52,332,9962,4,direct_2011_lsoa_code,1,Hounslow 018G,9,9,10,8,11,11,11,11,,12,12,9,2,2,15,13
E01033086,1189,228,19.1757779646762,105,8.8309503784693,512,43,59,16,75,59,19,153,3764,2,direct_2011_lsoa_code,1,Haringey 020F,4,4,5,5,2,2,15,16,,,,18,5,5,,19
E01033098,1710,199,11.6374269005848,56,3.27485380116959,946,21,96,12,108,31,6,145,16588,6,direct_2011_lsoa_code,1,Wandsworth 038C,14,14,5,5,8,8,13,13,13,13,,17,5,5,,13
E01033099,1886,269,14.2629904559915,104,5.51431601272534,911,39,65,10,75,83,14,172,13403,5,direct_2011_lsoa_code,1,Wandsworth 004E,7,7,,17,6,6,8,8,14,14,8,8,4,4,,28
E01033100,1870,201,10.7486631016043,153,8.18181818181818,849,73,42,21,63,46,21,130,9545,3,direct_2011_lsoa_code,1,Wandsworth 039B,4,4,9,9,8,8,4,4,,13,9,9,2,2,11,11
E01033132,2037,241,11.8311242022582,80,3.9273441335297,1149,29,89,14,103,49,17,169,8273,3,direct_2011_lsoa_code,1,Wandsworth 038D,12,12,2,2,6,6,10,10,,20,,16,3,3,2,2
E01033133,1194,132,11.0552763819095,72,6.03015075376884,648,29,41,11,52,31,3,86,21289,7,direct_2011_lsoa_code,1,Wandsworth 004G,8,8,,19,4,4,13,13,,21,9,9,4,4,,
E01033135,1189,224,18.8393608074012,94,7.905803195963,464,25,106,11,117,12,6,135,29855,10,direct_2011_lsoa_code,1,Wandsworth 010G,1,1,14,12,7,7,13,13,,,11,11,2,2,10,10
E01033146,1538,403,26.2028608582575,116,7.54226267880364,559,34,82,20,102,99,41,242,5022,2,direct_2011_lsoa_code,1,Enfield 025F,13,13,,20,12,12,,22,,,,19,7,7,,
E01033148,2216,542,24.4584837545126,127,5.73104693140794,675,36,104,21,125,145,82,352,5551,2,direct_2011_lsoa_code,1,Enfield 003F,14,14,,25,9,9,4,4,,,5,5,3,3,,
E01033150,1690,529,31.301775147929,58,3.43195266272189,647,18,92,19,111,198,31,340,9725,3,direct_2011_lsoa_code,1,Enfield 003G,,19,,23,5,5,8,8,,,7,7,2,2,,
E01033151,1456,388,26.6483516483517,143,9.82142857142857,502,41,77,21,98,104,26,228,4365,2,direct_2011_lsoa_code,1,Enfield 025G,,,,,,,,,,,,,,,,
E01033208,1709,183,10.7080163838502,60,3.51082504388531,953,21,62,11,73,51,3,127,15397,5,direct_2011_lsoa_code,1,Lambeth 004G,11,9,10,9,5,5,4,4,,12,14,7,2,2,2,2
E01033320,1569,287,18.2919056724028,142,9.05035054174633,637,45,90,25,115,53,25,193,12864,4,direct_2011_lsoa_code,1,Lewisham 017E,14,14,7,7,7,7,6,6,,25,6,6,5,5,,
E01033322,1255,233,18.5657370517928,54,4.30278884462151,574,17,65,22,87,52,14,153,12310,4,direct_2011_lsoa_code,1,Lewisham 017F,10,10,7,7,8,8,3,3,,23,4,4,2,2,,
E01033324,1538,268,17.4252275682705,216,14.0442132639792,629,63,70,19,89,49,26,164,6828,3,direct_2011_lsoa_code,1,Lewisham 008E,2,2,10,10,4,4,9,9,,27,9,9,3,3,,
E01033325,1368,145,10.5994152046784,13,0.950292397660819,719,3,69,13,82,33,8,123,14504,5,direct_2011_lsoa_code,1,Lewisham 008F,12,12,5,5,7,7,10,10,,29,10,10,5,5,,27
E01033327,2206,315,14.2792384406165,127,5.7570262919311,1006,44,84,23,107,57,44,208,6379,2,direct_2011_lsoa_code,1,Lewisham 041B,9,9,3,3,14,14,6,6,13,11,4,4,4,4,,
E01033341,1324,262,19.7885196374622,104,7.85498489425982,568,32,48,19,67,73,25,165,7263,3,direct_2011_lsoa_code,1,Lewisham 041C,10,10,4,4,9,9,1,1,14,11,5,5,3,3,,
E01033455,1148,238,20.7317073170732,105,9.14634146341463,495,31,69,14,83,69,11,163,3699,2,direct_2011_lsoa_code,1,Brent 031G,7,7,4,4,6,6,6,6,,22,5,5,3,3,10,10
E01033456,2625,596,22.7047619047619,266,10.1333333333333,876,78,113,23,136,146,64,346,1738,1,direct_2011_lsoa_code,1,Brent 027F,5,5,,13,9,9,,17,,26,5,5,4,4,10,10
E01033457,1984,373,18.8004032258065,169,8.51814516129032,581,38,128,3,131,24,81,236,14149,5,direct_2011_lsoa_code,1,Brent 035A,5,5,10,10,10,10,,17,,27,13,13,5,5,13,12
E01033463,3157,502,15.901171998733,545,17.2632245802978,909,84,134,5,139,26,143,308,20396,7,direct_2011_lsoa_code,1,Brent 003G,4,4,,20,14,14,11,11,,29,9,9,9,9,,20
E01033485,1637,273,16.6768478924863,163,9.95723885155773,708,49,60,15,75,91,26,192,6307,2,direct_2011_lsoa_code,1,Brent 031H,11,11,5,5,5,5,6,6,,21,5,5,3,3,4,4
E01033486,1032,162,15.6976744186047,67,6.4922480620155,422,25,47,8,55,46,15,116,5005,2,direct_2011_lsoa_code,1,Islington 011E,2,2,5,5,6,6,4,4,,23,7,7,3,3,8,8
E01033487,1197,137,11.4452798663325,14,1.16959064327485,596,7,49,12,61,33,5,99,23623,8,direct_2011_lsoa_code,1,Islington 011F,4,4,5,5,8,8,8,8,,22,11,11,5,5,7,7
E01033488,1644,189,11.4963503649635,99,6.02189781021898,618,47,42,12,54,55,12,121,6677,3,direct_2011_lsoa_code,1,Islington 011G,2,2,5,5,7,7,7,7,,22,10,10,4,4,7,7
E01033489,1463,100,6.83526999316473,71,4.85304169514696,674,25,41,9,50,18,5,73,21648,7,direct_2011_lsoa_code,1,Islington 022G,3,3,3,3,3,3,8,8,9,9,5,5,2,2,11,11
E01033490,1399,146,10.4360257326662,139,9.93566833452466,554,43,30,14,44,44,6,94,14740,5,direct_2011_lsoa_code,1,Islington 022H,4,4,7,7,3,3,3,3,10,10,1,1,0,0,7,7
E01033491,1932,223,11.5424430641822,128,6.62525879917184,967,51,69,19,88,55,13,156,8440,3,direct_2011_lsoa_code,1,Islington 011H,9,9,0,0,7,7,4,4,,19,4,4,3,3,4,4
E01033493,1314,114,8.67579908675799,49,3.72907153729072,688,20,58,16,74,8,2,84,22483,7,direct_2011_lsoa_code,1,Islington 006F,6,6,13,13,7,7,,21,,,10,10,7,7,11,11
E01033494,1535,256,16.6775244299674,146,9.5114006514658,651,45,115,28,143,18,10,171,17374,6,direct_2011_lsoa_code,1,Islington 006G,7,7,10,10,6,6,14,12,,21,9,9,9,9,3,3
E01033569,1817,355,19.537699504678,146,8.03522289488167,806,40,152,23,175,52,19,246,25602,8,direct_2011_lsoa_code,1,Kingston upon Thames 004G,5,5,2,2,1,1,6,6,,22,,16,0,0,,
E01033570,1910,413,21.6230366492147,153,8.01047120418848,835,46,178,24,202,73,19,294,18671,6,direct_2011_lsoa_code,1,Richmond upon Thames 004G,4,4,15,19,,24,10,10,,,7,7,6,6,13,13
E01033571,1497,272,18.1696726786907,265,17.7020708082832,605,67,130,8,138,33,17,188,20497,7,direct_2011_lsoa_code,1,Richmond upon Thames 004H,10,10,13,13,12,12,7,7,,,13,13,8,8,7,7
E01033579,1889,188,9.95235574377978,33,1.74695606140815,899,13,64,22,86,34,12,132,13477,5,direct_2011_lsoa_code,1,Newham 040C,9,9,,14,,15,,17,,28,,15,7,7,,11
E01033580,1412,226,16.0056657223796,50,3.54107648725213,588,11,99,19,118,21,26,165,25889,8,direct_2011_lsoa_code,1,Newham 042A,3,3,10,10,3,3,9,9,,,10,10,4,4,,14
E01033581,1923,456,23.7129485179407,137,7.12428497139886,743,48,109,33,142,105,38,285,5906,2,direct_2011_lsoa_code,1,Newham 041A,9,9,,14,7,7,,11,,28,6,6,5,5,,17
E01033582,1449,251,17.3222912353347,39,2.69151138716356,601,15,89,21,110,38,30,178,19333,6,direct_2011_lsoa_code,1,Newham 041B,11,11,,21,12,12,,19,,26,14,14,6,6,,
E01033584,1701,375,22.0458553791887,128,7.52498530276308,562,32,89,17,106,72,38,216,3844,2,direct_2011_lsoa_code,1,Newham 034I,1,1,13,13,3,3,6,6,,29,12,12,1,1,,15
E01033586,2100,316,15.0476190476191,102,4.85714285714286,903,35,109,16,125,61,32,218,6075,2,direct_2011_lsoa_code,1,Newham 040D,12,12,14,14,5,5,,15,,,14,14,8,8,11,11
E01033587,2450,675,27.5510204081633,60,2.44897959183673,1039,22,178,42,220,172,41,433,5880,2,direct_2011_lsoa_code,1,Barking and Dagenham 021E,2,2,8,8,5,5,6,6,,28,9,9,3,3,,29
E01033589,1952,631,32.3258196721311,24,1.22950819672131,666,5,306,14,320,31,35,386,18605,6,direct_2011_lsoa_code,1,Redbridge 039B,4,4,2,2,3,3,10,10,,,6,6,2,2,,20
E01033590,1248,401,32.1314102564103,56,4.48717948717949,417,11,109,15,124,102,24,250,17390,6,direct_2011_lsoa_code,1,Redbridge 037C,8,8,,16,,24,11,11,,13,11,11,3,3,,
E01033591,2978,774,25.9905977165883,186,6.24580255204836,1014,76,297,34,331,72,77,480,7795,3,direct_2011_lsoa_code,1,Redbridge 039A,6,6,15,15,12,12,15,15,,,13,12,3,3,,29
E01033592,1984,470,23.6895161290323,191,9.62701612903226,626,44,165,12,177,54,60,291,16873,6,direct_2011_lsoa_code,1,Redbridge 037D,7,7,,20,,19,,22,7,7,,20,5,5,,
E01033593,1732,248,14.3187066974596,50,2.88683602771363,870,22,93,3,96,79,11,186,9625,3,direct_2011_lsoa_code,1,Westminster 015F,4,4,1,1,1,1,13,13,5,5,4,4,2,2,5,5
E01033594,1500,116,7.73333333333333,229,15.2666666666667,702,114,39,11,50,27,10,87,8369,3,direct_2011_lsoa_code,1,Westminster 015G,9,9,3,3,10,10,10,10,6,6,4,4,2,2,2,2
E01033597,1007,132,13.1082423038729,131,13.0089374379345,585,65,49,6,55,28,6,89,9671,3,direct_2011_lsoa_code,1,Westminster 023F,11,11,12,11,8,8,11,11,4,4,7,7,3,3,,12
E01033598,1364,208,15.2492668621701,194,14.2228739002933,547,78,42,5,47,60,26,133,1850,1,direct_2011_lsoa_code,1,Westminster 009F,6,6,10,10,6,6,13,13,,19,10,10,7,7,,15
E01033599,1301,235,18.0630284396618,88,6.76402767102229,525,20,60,9,69,91,12,172,7759,3,direct_2011_lsoa_code,1,Westminster 023G,8,8,,17,8,8,7,7,15,15,7,7,4,4,14,14
E01033601,1980,394,19.8989898989899,244,12.3232323232323,609,88,82,4,86,54,86,226,7015,3,direct_2011_lsoa_code,1,Westminster 009G,4,4,4,4,5,5,13,13,7,7,2,2,3,3,8,8
E01033602,1525,293,19.2131147540984,196,12.8524590163934,632,84,66,20,86,76,34,196,3978,2,direct_2011_lsoa_code,1,Westminster 009H,5,5,2,2,3,3,10,10,9,9,2,2,5,5,8,8
E01033603,1266,154,12.1642969984202,107,8.45181674565561,593,37,26,36,62,36,8,106,4851,2,direct_2011_lsoa_code,1,Westminster 009I,3,3,6,6,5,5,9,9,2,2,7,7,3,3,4,4
E01033604,1182,153,12.9441624365482,107,9.05245346869712,542,39,47,18,65,51,9,125,6478,2,direct_2011_lsoa_code,1,Westminster 009J,0,0,5,5,2,2,12,12,6,6,5,5,5,5,4,4
E01033605,1640,275,16.7682926829268,201,12.2560975609756,699,93,71,9,80,72,38,190,4098,2,direct_2011_lsoa_code,1,Westminster 009K,6,6,4,4,4,4,6,6,13,13,3,3,3,3,8,7
E01033699,1413,138,9.76645435244161,53,3.75088464260439,715,20,32,19,51,26,11,88,6411,2,direct_2011_lsoa_code,1,Hackney 030A,5,5,2,2,2,2,12,10,,22,1,1,0,0,,23
E01033700,2491,243,9.75511842633481,106,4.25531914893617,1135,39,70,22,92,50,13,155,7953,3,direct_2011_lsoa_code,1,Hackney 030B,2,2,3,3,7,7,9,9,,19,7,7,2,2,,25
E01033702,1447,391,27.0214236351071,62,4.28472702142364,566,23,94,24,118,81,15,214,5611,2,direct_2011_lsoa_code,1,Hackney 028C,5,5,15,15,11,11,3,3,,,14,14,2,2,,
E01033703,1410,201,14.2553191489362,119,8.43971631205674,556,52,34,14,48,36,38,122,6196,2,direct_2011_lsoa_code,1,Hackney 010F,6,6,10,10,7,7,5,5,,15,5,5,2,2,,
E01033704,2345,260,11.0874200426439,53,2.26012793176972,1103,17,80,31,111,71,7,189,9828,3,direct_2011_lsoa_code,1,Hackney 023F,4,4,5,5,5,5,5,5,,24,4,4,2,2,,18
E01033705,1433,303,21.1444521981856,76,5.30355896720168,552,32,58,20,78,72,26,176,7191,3,direct_2011_lsoa_code,1,Hackney 028D,10,10,,14,3,3,11,11,,20,,12,3,3,,
E01033706,1446,101,6.98478561549101,30,2.0746887966805,731,11,34,6,40,29,2,71,6887,3,direct_2011_lsoa_code,1,Hackney 033B,3,3,2,2,3,3,8,7,5,5,9,8,0,0,13,13
E01033708,1868,81,4.33618843683084,44,2.35546038543897,935,10,21,10,31,22,6,59,14243,5,direct_2011_lsoa_code,1,Hackney 033C,7,7,9,9,3,3,7,7,11,11,13,12,1,1,10,10
E01033709,1830,292,15.9562841530055,89,4.86338797814208,872,29,85,12,97,57,16,170,6366,2,direct_2011_lsoa_code,1,Hackney 032B,5,5,1,1,9,9,5,5,9,9,6,6,0,0,10,10
E01033710,1135,235,20.704845814978,29,2.55506607929515,514,16,48,11,59,80,9,148,10980,4,direct_2011_lsoa_code,1,Hackney 028E,4,4,13,13,9,9,4,4,,28,13,13,4,4,,
E01033711,1913,90,4.70465237846315,46,2.40460010454783,882,25,33,6,39,25,5,69,12611,4,direct_2011_lsoa_code,1,Hackney 032C,4,4,3,3,7,7,3,3,5,5,7,7,1,1,6,6
E01033712,1544,259,16.7746113989637,106,6.86528497409326,693,46,62,25,87,69,14,170,6490,2,direct_2011_lsoa_code,1,Hackney 023G,2,2,3,3,2,2,2,2,,24,4,4,1,1,,15
E01033713,1325,183,13.811320754717,73,5.50943396226415,611,27,45,20,65,42,20,127,5892,2,direct_2011_lsoa_code,1,Hackney 010G,3,3,13,13,1,1,9,9,,24,8,8,5,5,,
E01033727,2710,368,13.5793357933579,121,4.46494464944649,966,39,105,22,127,95,25,247,14786,5,direct_2011_lsoa_code,1,Greenwich 035B,5,5,13,13,4,4,8,8,,,6,6,4,4,,26
E01033728,1765,218,12.3512747875354,86,4.87252124645892,864,28,83,18,101,38,11,150,25444,8,direct_2011_lsoa_code,1,Greenwich 035C,7,7,7,7,6,6,5,5,,,6,6,5,5,,29
E01033729,2475,467,18.8686868686869,241,9.73737373737374,759,101,87,51,138,81,43,262,10717,4,direct_2011_lsoa_code,1,Greenwich 030E,13,13,,23,,24,,21,,25,12,12,3,3,,
E01033732,1069,193,18.0542563143124,34,3.18054256314312,452,8,62,15,77,45,7,129,10335,4,direct_2011_lsoa_code,1,Greenwich 041E,4,4,8,8,6,6,,20,,,4,4,1,1,,12
E01033734,1464,234,15.9836065573771,37,2.52732240437159,633,10,76,18,94,51,20,165,18297,6,direct_2011_lsoa_code,1,Greenwich 039B,15,15,10,10,4,4,13,13,,,5,5,8,8,,
E01033735,1262,231,18.3042789223455,88,6.97305863708399,590,46,77,24,101,48,13,162,9152,3,direct_2011_lsoa_code,1,Greenwich 042D,10,10,4,4,3,3,4,4,,20,3,3,2,2,,23
E01033736,2245,195,8.68596881959911,50,2.2271714922049,1166,11,95,30,125,25,17,167,23883,8,direct_2011_lsoa_code,1,Greenwich 039A,,19,9,9,4,4,11,11,,29,9,9,6,6,,29
E01033737,1932,382,19.7722567287785,99,5.12422360248447,814,36,94,20,114,98,36,248,6353,2,direct_2011_lsoa_code,1,Greenwich 042B,15,15,4,4,7,7,9,9,,26,4,4,4,4,,28
E01033738,1861,344,18.4846856528748,135,7.25416442772703,740,48,132,24,156,43,22,221,12531,4,direct_2011_lsoa_code,1,Greenwich 037D,10,10,11,10,11,11,,15,,,9,9,2,2,,21
E01033739,1727,470,27.2148233931673,46,2.6635784597568,650,10,101,43,144,94,48,286,15162,5,direct_2011_lsoa_code,1,Greenwich 002E,14,14,,22,6,6,15,15,,,15,15,6,6,,
E01033740,1634,452,27.6621787025704,72,4.40636474908201,548,10,113,25,138,79,53,270,14071,5,direct_2011_lsoa_code,1,Greenwich 002F,12,9,,13,4,4,8,8,,,8,8,2,2,,
E01033741,2699,441,16.3393849573916,82,3.03816228232679,637,9,106,27,133,88,54,275,14715,5,direct_2011_lsoa_code,1,Greenwich 002G,,19,,16,12,12,9,9,,,9,9,6,6,,
E01033742,1340,263,19.6268656716418,56,4.17910447761194,566,23,68,32,100,55,19,174,20945,7,direct_2011_lsoa_code,1,Greenwich 007F,9,9,,21,11,11,8,8,,,8,8,6,6,,
E01033743,1941,527,27.15095311695,107,5.51262235960845,664,47,120,35,155,122,51,328,13578,5,direct_2011_lsoa_code,1,Greenwich 002H,,18,15,14,7,7,,23,,,,23,9,9,,
E01033744,1802,472,26.1931187569367,99,5.49389567147614,659,30,78,40,118,86,34,238,8319,3,direct_2011_lsoa_code,1,Greenwich 007G,6,6,,13,8,8,4,4,,,4,4,1,1,,
E01033745,1783,506,28.3791362871565,96,5.38418395961862,589,20,135,30,165,99,32,296,12697,4,direct_2011_lsoa_code,1,Greenwich 002I,13,13,12,9,6,6,,14,,,,14,2,2,,
E01033746,1471,262,17.8110129163834,263,17.8789938817131,704,141,97,21,118,29,15,162,12902,4,direct_2011_lsoa_code,1,Greenwich 038E,10,10,6,6,6,6,5,5,,28,7,7,3,3,,26
E01033784,1557,318,20.4238921001927,191,12.267180475273,679,86,112,33,145,52,19,216,16740,6,lsoa11_to_lsoa21_bestfit,1,Havering 007F,,24,10,10,15,22,,,,,,21,6,6,,
E01033785,1382,279,20.1881331403763,66,4.77568740955138,635,17,111,37,148,38,11,197,,,missing_imd2019_for_lsoa21,,Havering 007G,,19,8,8,0,0,,20,,,,22,2,2,,25
E01033786,1313,329,25.0571210967251,36,2.74181264280274,560,9,103,34,137,64,16,217,,,missing_imd2019_for_lsoa21,,Havering 017G,5,5,9,9,3,3,,18,6,6,13,13,2,2,,26
E01033787,1463,369,25.2221462747779,16,1.09364319890636,566,4,94,25,119,78,25,222,,,missing_imd2019_for_lsoa21,,Havering 017H,,,,,,27,,,,,,,10,10,,
E01033788,1557,348,22.3506743737958,209,13.4232498394348,515,34,84,29,113,45,49,207,13869,5,lsoa11_to_lsoa21_bestfit,1,Havering 017I,14,14,8,8,5,5,,23,7,7,,18,6,6,,25
E01033789,1768,520,29.4117647058824,69,3.9027149321267,605,21,174,26,200,70,32,302,,,missing_imd2019_for_lsoa21,,Bexley 008H,3,3,,26,7,7,,28,,,,20,3,3,,
E01033790,1338,323,24.1405082212257,152,11.3602391629297,488,66,72,25,97,58,33,188,11135,4,lsoa11_to_lsoa21_bestfit,1,Bexley 008I,9,9,,29,10,10,,,,,,23,6,6,,
E01033791,1384,309,22.3265895953757,132,9.53757225433526,630,60,75,32,107,79,14,200,13369,5,lsoa11_to_lsoa21_bestfit,1,Bexley 019G,11,11,5,5,2,2,5,5,,,6,6,2,2,,
E01033792,1380,263,19.0579710144928,209,15.1449275362319,572,76,100,32,132,35,18,185,,,missing_imd2019_for_lsoa21,,Bexley 019H,,,,,,,,,,,,,12,12,,
E01033862,1396,116,8.30945558739255,82,5.87392550143267,746,42,31,5,36,21,12,69,,,missing_imd2019_for_lsoa21,,Lambeth 003F,7,7,6,6,2,2,13,13,,16,12,12,3,3,10,10
E01033863,1325,201,15.1698113207547,132,9.9622641509434,606,58,34,15,49,61,13,123,9248,3,lsoa11_to_lsoa21_bestfit,1,Lambeth 003G,4,4,6,6,4,4,12,12,,19,8,8,4,4,10,10
E01033864,1035,143,13.8164251207729,192,18.5507246376812,498,99,37,5,42,40,16,98,4844,2,lsoa11_to_lsoa21_bestfit,1,Lambeth 004H,7,7,13,13,3,3,14,14,,19,6,6,4,4,8,8
E01033865,1521,77,5.06245890861275,42,2.76134122287968,597,13,30,6,36,19,8,63,,,missing_imd2019_for_lsoa21,,Lambeth 004I,7,7,12,12,4,4,10,10,,20,10,10,6,6,12,12
E01033866,1117,74,6.62488809310654,19,1.70098478066249,624,4,28,3,31,23,4,58,,,missing_imd2019_for_lsoa21,,Lambeth 004J,7,7,1,1,8,8,8,8,,18,11,10,3,3,1,1
E01033867,1549,147,9.48999354422208,101,6.5203357004519,608,47,40,10,50,41,9,100,17545,6,lsoa11_to_lsoa21_bestfit,1,Southwark 002F,1,1,6,6,4,4,8,8,,15,12,12,1,1,7,7
E01033868,1409,76,5.39389638041164,35,2.48403122782115,601,16,25,5,30,22,3,55,,,missing_imd2019_for_lsoa21,,Southwark 002G,3,3,1,1,4,4,8,8,,14,11,11,1,1,9,9
E01033869,1468,345,23.5013623978202,122,8.31062670299728,638,71,52,12,64,99,19,182,11006,4,lsoa11_to_lsoa21_bestfit,1,Southwark 004F,3,3,8,8,4,4,,12,,15,6,6,2,2,4,4
E01033870,1770,224,12.6553672316384,72,4.06779661016949,859,25,52,10,62,69,25,156,,,missing_imd2019_for_lsoa21,,Southwark 004G,9,9,7,7,7,7,7,7,,24,4,4,4,4,,15
E01033871,1514,244,16.116248348745,174,11.4927344782034,689,56,54,17,71,60,25,156,,,missing_imd2019_for_lsoa21,,Southwark 004H,7,7,7,7,5,5,,17,,17,9,9,5,5,4,4
E01033872,1301,179,13.7586471944658,83,6.37970791698693,657,38,52,14,66,44,13,123,12106,4,lsoa11_to_lsoa21_bestfit,1,Southwark 004I,3,3,7,7,0,0,2,2,,25,2,2,2,2,,20
E01033873,1771,310,17.5042348955392,68,3.83963862224732,675,24,66,10,76,84,33,193,2298,1,lsoa11_to_lsoa21_bestfit,1,Southwark 009G,4,4,3,3,1,1,10,5,,12,10,5,0,0,7,4
E01033874,1152,72,6.25,3,0.260416666666667,625,1,15,2,17,22,3,42,,,missing_imd2019_for_lsoa21,,Southwark 009H,9,9,3,3,4,4,9,8,,14,8,8,3,3,5,5
E01033875,1320,240,18.1818181818182,109,8.25757575757576,640,61,41,7,48,72,13,133,,,missing_imd2019_for_lsoa21,,Southwark 012G,3,3,8,7,3,3,10,10,,17,10,10,3,3,12,10
E01033876,1249,93,7.44595676541233,41,3.2826261008807,651,15,22,14,36,31,5,72,,,missing_imd2019_for_lsoa21,,Southwark 012H,1,1,3,3,4,4,4,4,,19,4,4,2,2,12,10
E01033877,1546,227,14.6830530401035,115,7.4385510996119,680,42,46,11,57,57,20,134,5242,2,lsoa11_to_lsoa21_bestfit,1,Southwark 012I,3,3,4,4,2,2,3,3,,19,3,3,3,3,14,10
E01033878,1106,209,18.8969258589512,85,7.68535262206148,421,29,43,18,61,69,19,149,5759,2,lsoa11_to_lsoa21_bestfit,1,Southwark 015F,4,4,11,11,2,2,7,7,,28,8,8,5,5,,20
E01033879,2555,663,25.9491193737769,195,7.6320939334638,845,54,87,28,115,165,74,354,4253.5,2,lsoa11_to_lsoa21_bestfit,2,Southwark 015G,6,6,14,14,6,6,8,8,,23,13,13,3,3,,19
E01033880,2135,417,19.5316159250586,83,3.88758782201405,533,18,50,17,67,26,94,187,,,missing_imd2019_for_lsoa21,,Southwark 015H,8,7,9,9,4,4,10,7,,25,10,8,0,0,,16
E01033881,1884,358,19.0021231422505,182,9.66029723991507,708,67,70,17,87,95,39,221,5975.5,2,lsoa11_to_lsoa21_bestfit,2,Southwark 016F,2,2,7,7,7,7,5,5,,20,8,8,3,3,,19
E01033882,1409,188,13.3427963094393,132,9.36834634492548,582,42,44,14,58,45,25,128,4985,2,lsoa11_to_lsoa21_bestfit,1,Southwark 022G,3,3,12,12,7,7,5,5,,,8,8,8,8,,
E01033883,1603,279,17.4048658764816,100,6.23830318153462,648,33,48,30,78,78,22,178,,,missing_imd2019_for_lsoa21,,Southwark 022H,3,3,10,10,8,8,3,3,,29,5,5,3,3,,
E01033884,1102,104,9.43738656987296,44,3.99274047186933,593,17,29,9,38,25,6,69,,,missing_imd2019_for_lsoa21,,Southwark 035A,6,6,7,7,4,4,7,7,8,8,8,8,0,0,11,10
E01033885,1330,198,14.8872180451128,92,6.91729323308271,628,39,40,16,56,54,16,126,14772,5,lsoa11_to_lsoa21_bestfit,1,Southwark 036A,2,2,6,6,4,4,13,11,14,13,7,7,2,2,,14
E01033911,1878,370,19.7018104366347,292,15.5484558040469,648,56,158,13,171,39,28,238,,,missing_imd2019_for_lsoa21,,Barnet 017E,15,23,,22,,25,,29,,,,28,11,11,,22
E01033912,1701,444,26.1022927689594,82,4.8206937095826,638,16,196,19,215,49,21,285,22595,7,lsoa11_to_lsoa21_bestfit,1,Barnet 017F,8,8,9,9,2,2,,20,,,,20,6,6,11,11
E01033913,1529,381,24.9182472204055,167,10.922171353826,539,51,104,14,118,123,35,276,,,missing_imd2019_for_lsoa21,,Barnet 024G,12,12,6,6,,17,6,6,5,5,,12,2,2,,13
E01033914,1813,464,25.5929398786542,169,9.32156646442361,596,40,102,22,124,105,53,282,9759,3,lsoa11_to_lsoa21_bestfit,1,Barnet 024H,4,4,4,4,,19,6,6,14,14,,16,4,4,13,13
E01033915,1485,449,30.2356902356902,37,2.49158249158249,581,3,117,18,135,123,18,276,,,missing_imd2019_for_lsoa21,,Barnet 042A,13,13,7,7,12,12,9,9,,,10,10,4,4,,17
E01033916,1787,311,17.4034695019586,92,5.14829322887521,653,39,108,21,129,76,27,232,13700,5,lsoa11_to_lsoa21_bestfit,1,Barnet 042B,,17,4,4,6,6,10,10,,18,5,5,2,2,3,3
E01033917,1509,268,17.7601060304838,46,3.04837640821736,704,10,114,11,125,50,17,192,,,missing_imd2019_for_lsoa21,,Barnet 042C,13,13,2,2,3,3,1,1,,27,7,7,4,4,12,12
E01033918,1554,204,13.1274131274131,48,3.08880308880309,631,14,91,9,100,32,8,140,16181,5,lsoa11_to_lsoa21_bestfit,1,Barnet 042D,,20,10,10,12,12,10,10,,25,9,9,5,5,9,9
E01033919,1312,173,13.1859756097561,39,2.97256097560976,648,5,81,11,92,31,7,130,,,missing_imd2019_for_lsoa21,,Barnet 042E,15,15,5,5,4,4,5,5,,23,10,10,1,1,11,9
E01033920,1525,254,16.655737704918,79,5.18032786885246,640,16,128,10,138,18,24,180,,,missing_imd2019_for_lsoa21,,Barnet 042F,,21,9,9,5,5,,17,,23,13,13,9,9,8,8
E01033921,1656,373,22.524154589372,45,2.71739130434783,693,8,133,17,150,70,14,234,,,missing_imd2019_for_lsoa21,,Barnet 043A,,18,4,4,4,4,,18,,19,12,12,4,4,5,5
E01033922,1709,352,20.5968402574605,38,2.22352252779403,682,9,129,15,144,39,37,220,,,missing_imd2019_for_lsoa21,,Barnet 043B,,18,3,3,1,1,,17,,19,12,12,3,3,5,5
E01033923,1563,353,22.5847728726807,128,8.18937939859245,588,40,122,14,136,58,27,221,9213,3,lsoa11_to_lsoa21_bestfit,1,Barnet 043C,13,13,13,13,11,11,,23,,,,23,8,8,13,13
E01033924,1544,352,22.7979274611399,118,7.64248704663212,578,28,91,9,100,59,36,195,,,missing_imd2019_for_lsoa21,,Barnet 043D,13,13,13,13,12,12,11,11,,26,12,12,3,3,14,14
E01033925,1731,330,19.0641247833622,186,10.7452339688042,617,48,114,21,135,33,41,209,12628,4,lsoa11_to_lsoa21_bestfit,1,Barnet 043E,6,6,,20,11,11,,20,,28,,20,4,4,,21
E01033926,2636,752,28.5280728376328,161,6.10773899848255,980,51,137,37,174,192,46,412,3648,2,lsoa11_to_lsoa21_bestfit,2,Enfield 014E,,25,,,11,11,,26,,,,,12,12,,
E01033927,1653,368,22.2625529340593,143,8.65093768905021,679,68,113,22,135,79,37,251,20796,7,lsoa11_to_lsoa21_bestfit,1,Enfield 020F,8,8,3,3,,18,,20,,17,2,2,2,2,5,5
E01033928,1300,228,17.5384615384615,140,10.7692307692308,574,51,96,17,113,51,18,182,,,missing_imd2019_for_lsoa21,,Enfield 020G,1,1,5,5,,18,,18,,17,9,9,3,3,5,5
E01033929,1345,283,21.0408921933086,30,2.23048327137546,552,3,107,18,125,73,20,218,,,missing_imd2019_for_lsoa21,,Brent 002F,13,13,1,1,7,7,12,12,,22,4,4,1,1,,17
E01033930,1842,311,16.8838219326819,282,15.3094462540717,588,44,64,15,79,80,59,218,10086,4,lsoa11_to_lsoa21_bestfit,1,Brent 002G,8,8,7,7,4,4,7,7,,28,11,11,4,4,,17
E01033931,1359,304,22.3693892568065,137,10.0809418690213,500,45,106,10,116,48,28,192,6542,2,lsoa11_to_lsoa21_bestfit,1,Brent 009F,5,5,8,8,10,10,10,10,,19,9,9,2,2,2,2
E01033932,1659,307,18.5051235684147,226,13.6226642555756,522,37,65,9,74,51,46,171,,,missing_imd2019_for_lsoa21,,Brent 009G,6,6,9,9,7,7,8,8,,29,8,8,8,8,14,14
E01033933,1481,378,25.523295070898,169,11.4112086428089,416,41,80,3,83,32,49,164,8142,3,lsoa11_to_lsoa21_bestfit,1,Brent 010G,7,7,,18,,18,,12,,,,16,4,4,,20
E01033934,1637,398,24.3127672571778,196,11.9731215638363,444,32,107,4,111,37,37,185,,,missing_imd2019_for_lsoa21,,Brent 010H,1,1,14,14,,23,,16,,,,19,6,6,,21
E01033935,2008,379,18.8745019920319,136,6.77290836653386,565,28,102,7,109,44,94,247,8174,3,lsoa11_to_lsoa21_bestfit,1,Brent 020F,11,11,5,5,,16,,18,,19,5,5,5,5,7,7
E01033936,1643,288,17.5289105295192,89,5.4169202678028,547,20,93,1,94,38,64,196,,,missing_imd2019_for_lsoa21,,Brent 020G,9,9,8,8,13,12,,15,,18,7,7,3,3,9,9
E01033937,1167,237,20.3084832904884,115,9.85432733504713,480,43,45,4,49,52,31,132,,,missing_imd2019_for_lsoa21,,Brent 027G,7,7,14,12,4,4,,14,,17,7,7,2,2,6,6
E01033938,1229,246,20.0162733930024,164,13.3441822620016,446,36,65,10,75,63,17,155,5250,2,lsoa11_to_lsoa21_bestfit,1,Brent 027H,,18,,19,14,14,,21,12,12,,19,7,7,,15
E01033939,1928,461,23.9107883817427,34,1.76348547717842,798,7,172,22,194,88,23,305,,,missing_imd2019_for_lsoa21,,Brent 027I,12,12,,16,5,5,,25,,19,,21,2,2,8,8
E01033940,2351,242,10.2934921310081,23,0.978307103360272,709,2,100,11,111,51,11,173,,,missing_imd2019_for_lsoa21,,Brent 035B,8,8,1,1,1,1,,16,,24,,15,4,4,9,9
E01033941,1569,331,21.0962396430848,55,3.50541746335245,729,25,136,11,147,67,13,227,12020,4,lsoa11_to_lsoa21_bestfit,1,Brent 035C,13,11,9,9,4,4,,14,,23,12,11,1,1,15,9
E01033942,1609,153,9.50901180857676,18,1.11870727159727,685,3,54,5,59,52,6,117,,,missing_imd2019_for_lsoa21,,Brent 035D,,24,10,10,8,8,,26,,,,22,10,10,,22
E01033943,2515,344,13.6779324055666,136,5.40755467196819,722,22,69,20,89,51,80,220,7760,3,lsoa11_to_lsoa21_bestfit,1,Haringey 015E,5,5,14,14,6,6,15,18,,,12,12,6,6,10,10
E01033944,2534,485,19.1397000789266,82,3.23599052880821,695,12,100,27,127,120,54,301,,,missing_imd2019_for_lsoa21,,Haringey 015F,9,9,5,5,5,5,8,8,,21,5,5,1,1,1,1
E01033945,1370,203,14.8175182481752,85,6.2043795620438,672,34,57,13,70,53,10,133,8816,3,lsoa11_to_lsoa21_bestfit,1,Haringey 020G,8,8,5,5,7,7,12,12,,,14,14,7,7,,18
E01033946,1362,217,15.9324522760646,29,2.12922173274596,671,10,65,20,85,57,7,149,,,missing_imd2019_for_lsoa21,,Haringey 020H,3,3,5,5,4,4,6,6,,26,8,8,1,1,,11
E01034026,2510,137,5.45816733067729,34,1.35458167330677,627,14,50,8,58,30,4,92,,,missing_imd2019_for_lsoa21,,Ealing 015F,,13,4,4,7,7,,15,,20,14,11,2,2,0,0
E01034027,2533,360,14.2123963679432,167,6.59297275957363,900,49,84,24,108,92,32,232,11044,4,lsoa11_to_lsoa21_bestfit,1,Ealing 015G,,16,9,9,5,5,8,8,,18,6,6,1,1,11,11
E01034028,1230,174,14.1463414634146,85,6.91056910569106,645,31,53,10,63,54,8,125,,,missing_imd2019_for_lsoa21,,Ealing 019F,11,11,14,14,13,13,,19,,,9,9,6,6,,20
E01034029,1524,246,16.1417322834646,108,7.08661417322835,701,48,113,12,125,51,9,185,12874,4,lsoa11_to_lsoa21_bestfit,1,Ealing 019G,10,9,6,6,9,8,5,5,,19,8,8,2,2,,14
E01034030,1862,239,12.8356605800215,198,10.6337271750806,876,83,108,7,115,31,12,158,11345,4,lsoa11_to_lsoa21_bestfit,1,Ealing 042A,5,5,1,1,5,5,10,10,,22,3,3,1,1,5,5
E01034031,1312,268,20.4268292682927,91,6.9359756097561,636,46,150,8,158,14,6,178,,,missing_imd2019_for_lsoa21,,Ealing 042B,3,3,3,3,5,5,13,12,,22,3,3,2,2,11,11
E01034032,1813,325,17.9260893546608,251,13.8444567015996,753,67,92,31,123,72,36,231,11286,4,lsoa11_to_lsoa21_bestfit,1,Hounslow 006G,9,9,7,7,2,2,7,7,,29,12,12,4,4,,15
E01034033,1752,272,15.5251141552511,124,7.07762557077626,841,38,122,27,149,43,13,205,,,missing_imd2019_for_lsoa21,,Hounslow 006H,12,12,6,6,7,7,,17,,23,8,8,3,3,,23
E01034034,1672,412,24.6411483253589,82,4.90430622009569,621,25,185,26,211,56,21,288,22060,7,lsoa11_to_lsoa21_bestfit,1,Hounslow 014F,6,6,,12,5,5,,20,,21,5,5,1,1,,17
E01034035,1581,337,21.3156230234029,203,12.8399746995572,656,90,148,25,173,35,15,223,,,missing_imd2019_for_lsoa21,,Hounslow 014G,11,11,,12,4,4,,15,,15,7,7,2,2,,20
E01034036,1854,483,26.0517799352751,70,3.77562028047465,677,15,169,26,195,73,37,305,13415,5,lsoa11_to_lsoa21_bestfit,1,Hounslow 015F,8,8,5,5,5,5,,14,,18,8,8,1,1,2,2
E01034037,1852,418,22.5701943844492,168,9.07127429805616,652,48,147,9,156,85,49,290,,,missing_imd2019_for_lsoa21,,Hounslow 015G,4,4,7,7,5,5,,19,,19,15,14,5,5,12,12
E01034038,1801,477,26.4852859522488,140,7.77345918933926,547,16,198,17,215,50,43,308,,,missing_imd2019_for_lsoa21,,Hounslow 017F,7,7,0,0,15,11,5,5,9,8,3,3,2,2,13,13
E01034039,1729,502,29.0341237709659,141,8.155002891845,532,33,183,9,192,61,51,304,8869,3,lsoa11_to_lsoa21_bestfit,1,Hounslow 017G,10,10,12,10,6,6,12,10,13,13,4,4,2,2,,19
E01034040,1656,364,21.9806763285024,120,7.2463768115942,556,31,128,11,139,42,59,240,,,missing_imd2019_for_lsoa21,,Hounslow 018H,12,12,9,9,,14,7,7,,13,10,10,3,3,13,13
E01034041,1478,312,21.1096075778079,138,9.33694181326116,443,30,94,12,106,27,72,205,14256,5,lsoa11_to_lsoa21_bestfit,1,Hounslow 018I,10,10,8,8,,15,4,4,,17,7,7,5,5,,19
E01034042,1256,295,23.4872611464968,71,5.65286624203822,595,30,66,12,78,101,7,186,,,missing_imd2019_for_lsoa21,,Hounslow 030A,6,6,,15,8,8,,23,,,,21,5,5,,17
E01034043,1435,304,21.184668989547,106,7.38675958188153,641,40,87,21,108,65,16,189,6165,2,lsoa11_to_lsoa21_bestfit,1,Hounslow 030B,4,4,,16,4,4,,24,,28,,15,3,3,,20
E01034044,1231,219,17.7904142973193,122,9.910641754671,576,28,87,10,97,51,6,154,,,missing_imd2019_for_lsoa21,,Hounslow 030C,4,4,,12,2,2,,20,,25,,11,1,1,,17
E01034045,1794,324,18.0602006688963,51,2.8428093645485,841,19,110,40,150,69,12,231,,,missing_imd2019_for_lsoa21,,Hounslow 031A,11,11,,12,5,5,,15,,15,,11,0,0,,18
E01034046,1952,464,23.7704918032787,237,12.141393442623,735,95,111,17,128,98,36,262,7180,3,lsoa11_to_lsoa21_bestfit,1,Hounslow 031B,6,6,12,12,8,8,,15,,24,,11,3,3,,19
E01034139,1803,408,22.6289517470882,144,7.98668885191348,656,37,102,18,120,85,44,249,,,missing_imd2019_for_lsoa21,,Croydon 015F,2,2,6,6,7,7,11,11,8,8,7,7,6,6,,
E01034140,1243,296,23.8133547868061,45,3.62027353177796,519,11,84,22,106,65,22,193,9323,3,lsoa11_to_lsoa21_bestfit,1,Croydon 015G,4,4,4,4,14,14,11,11,9,9,5,5,4,4,,
E01034141,1421,335,23.5749472202674,55,3.87051372273047,591,16,108,35,143,43,16,202,,,missing_imd2019_for_lsoa21,,Croydon 020F,4,4,14,14,15,15,7,7,,22,8,8,3,3,,
E01034142,1477,325,22.0040622884225,96,6.49966147596479,644,47,90,41,131,61,21,213,8534,3,lsoa11_to_lsoa21_bestfit,1,Croydon 020G,7,7,11,11,,19,5,5,,27,4,4,4,4,,
E01034143,1304,195,14.9539877300614,12,0.920245398773006,669,4,74,21,95,43,9,147,,,missing_imd2019_for_lsoa21,,Croydon 020H,7,7,11,11,,13,13,12,,19,5,5,0,0,,
E01034144,1349,295,21.8680504077094,66,4.89251297257228,589,36,89,21,110,57,22,189,7895,3,lsoa11_to_lsoa21_bestfit,1,Croydon 024F,5,5,13,13,9,9,,22,,25,10,10,5,5,,
E01034145,1330,312,23.4586466165414,89,6.69172932330827,562,38,58,26,84,81,33,198,,,missing_imd2019_for_lsoa21,,Croydon 024G,11,11,7,7,14,14,12,12,,18,5,5,3,3,,
E01034146,1440,401,27.8472222222222,30,2.08333333333333,597,17,116,29,145,93,18,256,,,missing_imd2019_for_lsoa21,,Croydon 024H,,19,7,7,11,11,,22,,27,,15,4,4,,
E01034147,1122,97,8.64527629233512,19,1.69340463458111,640,3,41,6,47,27,7,81,,,missing_imd2019_for_lsoa21,,Croydon 046A,4,4,11,11,,12,12,12,,19,5,5,2,2,,
E01034148,1628,158,9.7051597051597,49,3.00982800982801,836,10,67,17,84,35,4,123,,,missing_imd2019_for_lsoa21,,Croydon 046B,5,5,6,6,13,13,10,10,,22,7,7,3,3,,
E01034149,2112,344,16.2878787878788,235,11.1268939393939,1091,126,108,25,133,72,34,239,5615,2,lsoa11_to_lsoa21_bestfit,1,Croydon 046C,6,6,12,12,8,8,6,6,,28,11,11,6,6,,
E01034150,1346,274,20.3566121842496,32,2.37741456166419,672,20,73,24,97,74,13,184,,,missing_imd2019_for_lsoa21,,Croydon 046D,7,7,5,5,2,2,5,5,,21,6,6,0,0,,
E01034151,1163,170,14.6173688736028,27,2.32158211521926,640,7,44,15,59,54,7,120,7324,3,lsoa11_to_lsoa21_bestfit,1,Croydon 046E,2,2,2,2,8,8,5,5,,26,8,8,2,2,,
E01034152,1626,387,23.8007380073801,82,5.04305043050431,729,28,83,40,123,107,30,260,,,missing_imd2019_for_lsoa21,,Croydon 047B,1,1,9,9,,13,12,10,,25,4,4,3,3,,
E01034153,1402,314,22.3965763195435,132,9.4151212553495,584,45,101,26,127,57,19,203,19972,7,lsoa11_to_lsoa21_bestfit,1,Sutton 004F,5,5,6,6,7,7,6,6,,21,,15,1,1,,
E01034154,1537,353,22.9668184775537,47,3.05790500975927,635,15,134,53,187,44,19,250,,,missing_imd2019_for_lsoa21,,Sutton 004G,12,12,14,14,3,3,,19,,26,,16,6,6,,
E01034155,2055,498,24.2335766423358,197,9.58637469586375,860,89,158,38,196,121,21,338,10196,4,lsoa11_to_lsoa21_bestfit,1,Sutton 012F,5,5,2,2,0,0,7,7,,21,3,3,2,2,,25
E01034156,1404,263,18.7321937321937,78,5.55555555555556,685,42,102,20,122,50,17,189,,,missing_imd2019_for_lsoa21,,Sutton 012G,10,9,1,1,2,2,8,8,,23,3,3,2,2,,28
E01034173,1856,412,22.198275862069,222,11.9612068965517,637,39,70,34,104,91,48,243,4809,2,lsoa11_to_lsoa21_bestfit,2,Greenwich 005F,2,2,,18,13,13,,18,,27,13,13,3,3,,
E01034174,1254,216,17.2248803827751,218,17.384370015949,602,114,113,10,123,17,11,151,,,missing_imd2019_for_lsoa21,,Greenwich 034F,9,9,5,5,9,9,,22,,,6,6,3,3,,
E01034175,1300,164,12.6153846153846,23,1.76923076923077,657,5,78,19,97,19,8,124,,,missing_imd2019_for_lsoa21,,Greenwich 034G,8,8,11,11,3,3,,26,,28,10,10,3,3,,
E01034176,2031,432,21.2703101920236,244,12.0137863121615,606,43,98,25,123,70,73,266,6446,2,lsoa11_to_lsoa21_bestfit,1,Greenwich 034H,3,3,14,14,8,8,,27,,27,15,15,7,7,,
E01034177,1602,360,22.4719101123595,95,5.93008739076155,651,37,103,23,126,74,27,227,,,missing_imd2019_for_lsoa21,,Greenwich 034I,7,7,12,12,5,5,,26,,26,12,12,2,2,,
E01034178,1692,298,17.612293144208,51,3.01418439716312,862,20,77,16,93,91,14,198,,,missing_imd2019_for_lsoa21,,Greenwich 035E,6,6,1,1,2,2,7,7,,,10,10,4,4,,26
E01034179,1420,194,13.6619718309859,72,5.07042253521127,557,21,45,7,52,73,15,140,7763,3,lsoa11_to_lsoa21_bestfit,1,Greenwich 035F,2,2,6,6,4,4,10,10,,29,11,11,1,1,,19
E01034180,1293,325,25.1353441608662,87,6.72853828306265,536,29,55,18,73,110,23,206,,,missing_imd2019_for_lsoa21,,Greenwich 035G,3,3,4,4,4,4,6,6,,,8,8,1,1,,21
E01034181,1811,228,12.5897294312535,15,0.82827167310878,753,6,76,16,92,57,4,153,16644,6,lsoa11_to_lsoa21_bestfit,1,Greenwich 035H,5,5,9,9,8,8,6,6,,,7,7,6,6,,21
E01034182,1399,184,13.1522516082916,71,5.07505360972123,727,31,68,7,75,58,9,142,,,missing_imd2019_for_lsoa21,,Greenwich 035I,11,11,3,3,5,5,3,3,,,8,8,1,1,,25
E01034183,1526,309,20.2490170380079,59,3.86631716906946,695,28,101,19,120,70,11,201,,,missing_imd2019_for_lsoa21,,Greenwich 037E,6,6,7,7,11,11,,23,,,9,9,4,4,,19
E01034184,1291,296,22.9279628195198,27,2.09140201394268,575,6,102,18,120,51,10,181,12724,4,lsoa11_to_lsoa21_bestfit,1,Greenwich 037F,8,8,12,12,7,7,,20,,,4,4,3,3,,21
E01034185,1205,180,14.9377593360996,110,9.12863070539419,559,41,80,21,101,18,9,128,,,missing_imd2019_for_lsoa21,,Greenwich 037G,5,5,10,10,7,7,,19,,,3,3,2,2,,19
E01034186,1355,109,8.04428044280443,63,4.64944649446495,733,22,53,15,68,16,4,88,,,missing_imd2019_for_lsoa21,,Greenwich 039C,13,13,2,2,0,0,5,5,,21,5,5,2,2,,22
E01034187,1254,143,11.4035087719298,153,12.200956937799,695,62,40,14,54,31,13,98,22527,7,lsoa11_to_lsoa21_bestfit,1,Greenwich 039D,12,12,3,3,5,5,7,7,,22,3,3,2,2,,25
E01034188,1395,241,17.2759856630824,16,1.14695340501792,672,0,68,22,90,45,9,144,,,missing_imd2019_for_lsoa21,,Greenwich 040A,10,10,12,12,8,8,,17,,28,11,11,0,0,10,10
E01034189,1268,244,19.2429022082019,18,1.41955835962145,560,2,113,12,125,35,10,170,,,missing_imd2019_for_lsoa21,,Greenwich 040B,,24,8,8,,20,,,,,11,11,10,10,,27
E01034190,1687,335,19.8577356253705,155,9.18790752815649,721,84,66,27,93,91,32,216,3574,2,lsoa11_to_lsoa21_bestfit,1,Greenwich 040C,6,6,11,11,9,9,,22,,,8,8,2,2,,17
E01034191,1643,281,17.1028606208156,57,3.46926354230067,760,16,101,17,118,65,15,198,,,missing_imd2019_for_lsoa21,,Greenwich 040D,8,8,3,3,10,10,,25,,,9,9,8,8,,24
E01034192,2234,333,14.9059982094897,268,11.9964189794091,1061,119,111,38,149,79,18,246,9655,3,lsoa11_to_lsoa21_bestfit,1,Greenwich 040E,5,5,5,5,4,4,,20,,,8,8,2,2,,21
E01034193,1479,284,19.2021636240703,20,1.35226504394861,735,3,60,21,81,81,8,170,,,missing_imd2019_for_lsoa21,,Greenwich 041A,,22,14,14,10,10,,17,,28,10,10,10,10,11,11
E01034194,1300,196,15.0769230769231,26,2,607,7,69,16,85,39,10,134,,,missing_imd2019_for_lsoa21,,Greenwich 041B,8,8,3,3,2,2,,23,,,5,5,6,6,,16
E01034195,1291,273,21.146398140976,16,1.23934934159566,508,3,59,13,72,79,8,159,,,missing_imd2019_for_lsoa21,,Greenwich 041C,6,6,1,1,1,1,,20,,,3,3,5,5,14,14
E01034196,1277,203,15.8966327329679,32,2.50587314017228,577,7,82,22,104,32,9,145,19291,6,lsoa11_to_lsoa21_bestfit,1,Greenwich 041D,7,7,7,7,1,1,,20,,,2,2,1,1,,12
E01034198,2326,470,20.2063628546862,186,7.99656061908856,967,64,115,49,164,86,45,295,7109.5,2,lsoa11_to_lsoa21_bestfit,2,Greenwich 042C,8,8,10,10,6,6,,23,,,,16,4,4,,24
E01034199,1817,367,20.1981287837094,154,8.47550908090259,704,55,76,9,85,99,48,232,8005,3,lsoa11_to_lsoa21_bestfit,1,Newham 012E,5,5,5,5,5,5,5,5,,28,5,5,3,3,13,13
E01034200,1569,195,12.4282982791587,55,3.50541746335245,723,12,63,7,70,24,23,117,,,missing_imd2019_for_lsoa21,,Newham 012F,11,11,2,2,9,9,10,10,,22,1,1,3,3,5,5
E01034201,1447,390,26.9523151347616,93,6.42709053213545,424,12,94,14,108,48,52,208,,,missing_imd2019_for_lsoa21,,Newham 022E,3,3,9,9,9,9,12,12,,19,8,8,4,4,11,11
E01034202,1643,367,22.3371880706026,109,6.63420572124163,502,36,95,12,107,42,69,218,8735,3,lsoa11_to_lsoa21_bestfit,1,Newham 022F,8,8,4,4,6,6,6,6,15,15,7,7,4,4,,15
E01034203,1359,290,21.3392200147167,54,3.97350993377483,483,30,89,19,108,30,40,178,,,missing_imd2019_for_lsoa21,,Newham 025E,7,7,13,10,8,8,8,8,,18,5,5,2,2,13,13
E01034204,1994,496,24.8746238716148,142,7.12136409227683,556,26,146,16,162,39,85,286,9393,3,lsoa11_to_lsoa21_bestfit,1,Newham 025F,4,4,9,9,9,9,3,3,,20,10,10,2,2,,18
E01034205,1556,373,23.9717223650386,64,4.11311053984576,559,24,113,27,140,61,44,245,9464,3,lsoa11_to_lsoa21_bestfit,1,Newham 033E,,,,23,,24,,,,,,28,12,12,,
E01034206,1766,380,21.5175537938845,80,4.53001132502831,677,3,110,19,129,71,26,226,,,missing_imd2019_for_lsoa21,,Newham 033F,,22,11,11,11,11,,18,,22,,15,4,4,,
E01034207,1535,258,16.8078175895765,20,1.30293159609121,715,5,123,18,141,39,14,194,,,missing_imd2019_for_lsoa21,,Newham 033G,15,14,4,4,0,0,14,11,,15,14,12,2,2,,24
E01034208,1945,478,24.5758354755784,155,7.96915167095116,665,63,94,26,120,80,51,251,3823,2,lsoa11_to_lsoa21_bestfit,1,Newham 034J,2,2,5,5,2,2,7,7,,26,8,8,3,3,10,10
E01034209,1480,177,11.9594594594595,16,1.08108108108108,683,4,75,7,82,22,13,117,,,missing_imd2019_for_lsoa21,,Newham 034K,5,5,1,1,4,4,6,6,,26,9,9,1,1,7,7
E01034210,1537,193,12.5569290826285,92,5.98568640208198,708,41,83,16,99,24,21,144,11093,4,lsoa11_to_lsoa21_bestfit,1,Newham 034L,8,8,12,12,5,5,4,4,,29,,12,2,2,,16
E01034211,1437,86,5.98469032707029,7,0.487125956854558,748,3,48,14,62,7,5,74,,,missing_imd2019_for_lsoa21,,Newham 034M,,18,,16,7,7,13,13,,,,19,5,5,,18
E01034212,1922,204,10.6139438085328,45,2.34131113423517,1008,27,122,16,138,23,5,166,15619.5,6,lsoa11_to_lsoa21_bestfit,2,Newham 034N,13,13,,17,4,4,14,14,,,13,13,4,4,,15
E01034213,1788,451,25.2237136465324,32,1.78970917225951,653,4,145,22,167,60,23,250,,,missing_imd2019_for_lsoa21,,Newham 038A,9,9,15,15,3,3,15,15,,,15,15,7,7,,22
E01034214,1567,198,12.635609444799,22,1.40395660497766,647,2,54,16,70,27,22,119,,,missing_imd2019_for_lsoa21,,Newham 038B,9,9,9,9,2,2,7,7,,,8,8,3,3,,16
E01034215,1538,237,15.4096228868661,15,0.975292587776333,644,4,59,15,74,56,18,148,,,missing_imd2019_for_lsoa21,,Newham 038C,8,8,6,6,1,1,4,4,,,4,4,1,1,,14
E01034216,1697,265,15.6157925751326,9,0.530347672362994,633,0,79,15,94,60,14,168,,,missing_imd2019_for_lsoa21,,Newham 038D,12,12,2,2,3,3,4,4,,29,4,4,3,3,12,12
E01034217,2047,194,9.47728382999511,20,0.977039570102589,665,3,60,20,80,40,14,134,,,missing_imd2019_for_lsoa21,,Newham 038E,12,12,8,8,6,6,,18,,,12,12,4,4,,16
E01034218,1818,353,19.4169416941694,123,6.76567656765677,616,28,97,18,115,50,41,206,,,missing_imd2019_for_lsoa21,,Newham 039B,7,7,11,11,6,6,7,7,,,7,7,2,2,,15
E01034219,1887,268,14.2024377318495,18,0.95389507154213,669,5,80,11,91,50,16,157,,,missing_imd2019_for_lsoa21,,Newham 039C,9,9,5,5,4,4,11,11,,28,10,10,2,2,13,13
E01034220,1235,53,4.2914979757085,19,1.53846153846154,616,5,21,6,27,5,8,40,,,missing_imd2019_for_lsoa21,,Newham 039D,,16,5,5,12,12,,15,,26,6,6,3,3,8,8
E01034221,1782,243,13.6363636363636,79,4.43322109988777,639,21,60,16,76,56,23,155,9402,3,lsoa11_to_lsoa21_bestfit,1,Newham 039E,4,4,11,11,13,13,5,5,,27,11,11,0,0,7,7
E01034222,1526,210,13.7614678899083,30,1.96592398427261,716,9,57,10,67,56,19,142,9454,3,lsoa11_to_lsoa21_bestfit,1,Newham 040A,6,6,,14,14,14,15,15,,,,15,3,3,,16
E01034223,1376,168,12.2093023255814,36,2.61627906976744,711,13,51,14,65,43,10,118,,,missing_imd2019_for_lsoa21,,Newham 040B,9,9,,15,9,9,9,9,,,,15,5,5,,16
E01034224,1754,381,21.7217787913341,93,5.30216647662486,612,32,86,25,111,82,44,237,,,missing_imd2019_for_lsoa21,,Newham 041D,8,8,,18,6,6,13,13,,,,16,4,4,,22
E01034225,1500,294,19.6,53,3.53333333333333,645,25,96,12,108,69,22,199,12030,4,lsoa11_to_lsoa21_bestfit,1,Newham 042B,14,11,11,11,5,5,11,11,,26,12,12,3,3,,17
E01034226,1413,262,18.5421089879689,20,1.41542816702052,611,5,87,19,106,47,21,174,,,missing_imd2019_for_lsoa21,,Newham 042C,13,11,9,9,3,3,9,9,,28,11,11,3,3,,16
E01034227,1575,489,31.0476190476191,16,1.01587301587302,634,1,139,26,165,107,25,297,,,missing_imd2019_for_lsoa21,,Newham 042D,2,2,5,5,3,3,4,4,,,4,4,3,3,,16
E01034228,1351,182,13.4715025906736,25,1.85048112509252,632,4,96,15,111,12,9,132,,,missing_imd2019_for_lsoa21,,Newham 042E,9,9,6,6,5,5,6,6,,,7,7,5,5,,15
E01034229,1409,205,14.5493257629524,36,2.55500354861604,618,6,77,13,90,38,18,146,15262,5,lsoa11_to_lsoa21_bestfit,1,Newham 042F,11,11,,16,9,9,15,16,,,,18,8,8,,17
E01034230,1238,73,5.89660743134087,9,0.726978998384491,676,2,49,5,54,4,4,62,,,missing_imd2019_for_lsoa21,,Newham 042G,2,2,6,6,3,3,7,7,,,5,5,2,2,,17
E01034231,1344,163,12.1279761904762,20,1.48809523809524,654,1,92,13,105,12,15,132,,,missing_imd2019_for_lsoa21,,Newham 042H,10,10,8,8,2,2,7,7,,,9,9,7,7,,17
E01034383,1307,226,17.2915072685539,80,6.12088752869166,627,32,51,16,67,85,9,161,10368,4,lsoa11_to_lsoa21_bestfit,1,Bromley 005F,,18,,19,4,4,,16,,18,9,9,6,6,,
E01034384,1334,294,22.0389805097451,34,2.54872563718141,620,16,63,27,90,97,14,201,,,missing_imd2019_for_lsoa21,,Bromley 005G,6,6,,15,13,8,12,12,,16,10,10,3,3,,
E01034385,1451,263,18.1254307374225,253,17.4362508614748,577,78,123,17,140,22,17,179,24305,8,lsoa11_to_lsoa21_bestfit,1,Bromley 018F,8,8,11,10,7,7,6,6,14,9,8,8,3,3,,
E01034386,1255,190,15.1394422310757,54,4.30278884462151,645,25,87,14,101,38,9,148,,,missing_imd2019_for_lsoa21,,Bromley 018G,11,10,7,7,11,11,3,3,6,6,2,2,1,1,,
E01034387,1603,135,8.42170929507174,55,3.43106674984404,844,45,63,16,79,14,8,101,,,missing_imd2019_for_lsoa21,,Lewisham 001F,8,8,6,6,2,2,6,6,,,7,7,3,3,,20
E01034388,1279,139,10.8678655199375,54,4.22204847537138,617,27,50,10,60,24,14,98,,,missing_imd2019_for_lsoa21,,Lewisham 001G,8,8,7,7,0,0,7,7,,,7,7,4,4,,20
E01034389,1671,308,18.4320766008378,73,4.36864153201676,731,23,67,17,84,69,24,177,7991,3,lsoa11_to_lsoa21_bestfit,1,Lewisham 001H,3,3,4,4,5,5,9,9,,,9,9,2,2,,15
E01034390,1501,288,19.1872085276482,46,3.06462358427715,690,15,73,22,95,82,16,193,,,missing_imd2019_for_lsoa21,,Lewisham 020F,10,10,,18,4,4,,23,,23,,17,8,8,,
E01034391,1623,352,21.6882316697474,185,11.3986444855206,636,33,134,33,167,45,19,231,9020,3,lsoa11_to_lsoa21_bestfit,1,Lewisham 020G,11,11,13,13,2,2,,18,,20,15,13,2,2,,
E01034392,1728,260,15.0462962962963,81,4.6875,677,31,60,26,86,73,19,178,8690,3,lsoa11_to_lsoa21_bestfit,1,Lewisham 040A,9,9,7,7,9,9,14,13,,24,14,10,5,5,,25
E01034393,1092,66,6.04395604395604,11,1.00732600732601,617,6,35,12,47,10,3,60,,,missing_imd2019_for_lsoa21,,Lewisham 040B,3,3,4,4,5,5,,14,,20,3,3,2,2,,29
E01034394,1251,109,8.71302957633893,13,1.03916866506795,670,4,51,11,62,12,5,79,,,missing_imd2019_for_lsoa21,,Lewisham 040C,5,5,5,5,2,2,11,8,,16,5,5,1,1,,28
E01034395,1695,399,23.5398230088496,49,2.89085545722714,703,17,63,27,90,153,25,268,,,missing_imd2019_for_lsoa21,,Lewisham 040D,1,1,5,5,2,2,11,11,,20,9,9,3,3,,
E01034469,1745,600,34.3839541547278,68,3.89684813753582,544,25,213,29,242,57,38,337,,,missing_imd2019_for_lsoa21,,Barking and Dagenham 004F,9,9,13,13,,26,14,14,,,14,14,9,9,,
E01034470,1500,402,26.8,113,7.53333333333333,471,30,113,13,126,52,54,232,10373,4,lsoa11_to_lsoa21_bestfit,1,Barking and Dagenham 004G,9,9,12,12,11,11,13,13,,29,11,11,4,4,,
E01034471,2685,792,29.4972067039106,116,4.32029795158287,775,37,175,51,226,107,93,426,5243,2,lsoa11_to_lsoa21_bestfit,1,Barking and Dagenham 008G,5,5,4,4,6,6,,19,,,,13,3,3,,23
E01034472,1884,609,32.3248407643312,35,1.85774946921444,665,14,149,32,181,124,38,343,,,missing_imd2019_for_lsoa21,,Barking and Dagenham 008H,11,11,13,10,13,11,,20,,29,,12,3,3,,25
E01034473,1266,326,25.7503949447077,72,5.68720379146919,428,9,120,10,130,23,43,196,,,missing_imd2019_for_lsoa21,,Barking and Dagenham 015E,9,9,3,3,8,8,5,5,,26,2,2,0,0,,26
E01034474,2252,606,26.9094138543517,59,2.61989342806394,866,14,244,33,277,84,42,403,6900,3,lsoa11_to_lsoa21_bestfit,1,Barking and Dagenham 015F,4,4,5,5,3,3,6,6,,25,7,7,1,1,,25
E01034475,1826,440,24.0963855421687,174,9.52902519167579,587,68,109,23,132,64,54,250,6348,2,lsoa11_to_lsoa21_bestfit,1,Barking and Dagenham 019F,12,12,13,10,5,5,,12,,,,10,2,2,,
E01034476,1821,580,31.8506315211422,51,2.8006589785832,510,9,141,30,171,88,64,323,,,missing_imd2019_for_lsoa21,,Barking and Dagenham 019G,,24,,18,12,12,,20,,,,18,4,4,,
E01034477,1583,502,31.7119393556538,19,1.20025268477574,551,3,159,28,187,93,35,315,,,missing_imd2019_for_lsoa21,,Barking and Dagenham 019H,1,1,5,5,7,7,,23,,,5,5,1,1,,
E01034478,1198,338,28.2136894824708,8,0.667779632721202,472,0,126,26,152,31,25,208,,,missing_imd2019_for_lsoa21,,Barking and Dagenham 019I,,21,,22,,22,,,,,,22,12,12,,
E01034479,2202,709,32.1980018165304,110,4.99545867393279,750,35,164,34,198,160,39,397,4462.5,2,lsoa11_to_lsoa21_bestfit,2,Barking and Dagenham 021G,6,6,14,14,5,5,13,13,,,15,19,2,2,,
E01034480,1347,373,27.6911655530809,68,5.04825538233111,410,9,151,11,162,60,15,237,13455,5,lsoa11_to_lsoa21_bestfit,1,Redbridge 023E,8,8,,21,8,8,,21,,,,19,7,7,,
E01034481,1702,449,26.3807285546416,132,7.75558166862515,466,20,131,11,142,50,35,227,,,missing_imd2019_for_lsoa21,,Redbridge 023F,10,10,14,14,12,12,12,12,,,,14,1,1,,26
E01034482,1083,295,27.2391505078486,4,0.369344413665743,429,2,140,13,153,44,14,211,,,missing_imd2019_for_lsoa21,,Redbridge 032F,12,8,4,4,6,5,12,11,,29,4,4,1,1,,15
E01034483,1418,448,31.5937940761636,27,1.90409026798308,542,6,143,14,157,113,10,280,,,missing_imd2019_for_lsoa21,,Redbridge 032G,14,10,4,4,5,5,11,11,,,6,6,1,1,,17
E01034484,1700,371,21.8235294117647,159,9.35294117647059,533,50,128,11,139,46,61,246,8420,3,lsoa11_to_lsoa21_bestfit,1,Redbridge 032H,10,10,5,5,4,4,7,7,,,4,4,3,3,,21
E01034485,2012,326,16.2027833001988,196,9.74155069582505,768,51,116,29,145,36,34,215,18694,6,lsoa11_to_lsoa21_bestfit,1,Waltham Forest 014F,2,2,4,4,7,7,12,12,,23,4,4,4,4,8,8
E01034486,1654,124,7.49697702539299,8,0.483675937122128,737,3,41,18,59,24,8,91,,,missing_imd2019_for_lsoa21,,Waltham Forest 014G,7,7,3,3,1,1,14,14,,24,9,9,2,2,2,2
E01034487,1251,282,22.5419664268585,76,6.07513988808953,458,22,75,16,91,51,34,176,,,missing_imd2019_for_lsoa21,,Waltham Forest 020H,10,10,6,6,0,0,4,4,,23,4,4,4,4,,18
E01034488,1925,503,26.1298701298701,132,6.85714285714286,663,41,98,19,117,117,47,281,4853,2,lsoa11_to_lsoa21_bestfit,1,Waltham Forest 020I,4,4,12,12,2,2,10,10,,25,10,10,7,7,,21
E01034576,1256,231,18.3917197452229,122,9.71337579617834,584,35,115,16,131,33,5,169,,,missing_imd2019_for_lsoa21,,Kingston upon Thames 004H,12,12,6,6,7,7,5,5,,26,,19,6,6,,
E01034577,1374,292,21.2518195050946,56,4.07569141193595,634,26,107,19,126,68,14,208,20938,7,lsoa11_to_lsoa21_bestfit,1,Kingston upon Thames 004I,6,6,4,4,4,4,5,5,,21,15,15,3,3,,
E01034578,1090,241,22.1100917431193,124,11.3761467889908,443,32,80,13,93,69,14,176,,,missing_imd2019_for_lsoa21,,Merton 001F,,21,,23,7,7,,22,,,,19,6,6,,21
E01034579,1875,326,17.3866666666667,106,5.65333333333333,895,30,100,31,131,86,20,237,16682,6,lsoa11_to_lsoa21_bestfit,1,Merton 001G,13,13,5,5,5,5,,18,,19,,18,2,2,,17
E01034580,1479,172,11.6294793779581,149,10.0743745774172,596,21,69,15,84,19,19,122,19521,6,lsoa11_to_lsoa21_bestfit,1,Merton 005F,5,5,8,8,3,3,7,7,,21,5,5,5,5,5,5
E01034581,1519,233,15.339038841343,119,7.83410138248848,683,22,93,16,109,35,11,155,,,missing_imd2019_for_lsoa21,,Merton 005G,6,6,3,3,7,7,10,10,,22,5,5,3,3,5,5
E01034589,1997,353,17.6765147721582,333,16.6750125187782,617,50,148,7,155,33,52,240,17612,6,lsoa11_to_lsoa21_bestfit,1,Harrow 002F,11,11,,20,8,8,,25,,20,7,7,7,7,9,9
E01034590,1351,272,20.1332346410067,99,7.3279052553664,616,28,139,11,150,32,15,197,,,missing_imd2019_for_lsoa21,,Harrow 002G,11,11,,18,2,2,,25,,18,7,7,5,5,7,7
E01034591,1805,398,22.0498614958449,138,7.64542936288089,518,28,88,7,95,48,57,200,,,missing_imd2019_for_lsoa21,,Harrow 013F,14,14,13,13,4,4,,21,,,13,13,2,2,13,13
E01034592,1245,311,24.9799196787149,128,10.281124497992,400,37,76,10,86,31,33,150,9672,3,lsoa11_to_lsoa21_bestfit,1,Harrow 013G,5,5,9,9,,22,9,9,,27,11,11,5,5,4,4
E01034593,1485,298,20.0673400673401,277,18.6531986531987,528,67,132,8,140,35,36,211,21403,7,lsoa11_to_lsoa21_bestfit,1,Harrow 015E,14,14,,20,,22,,21,,,,21,8,8,,27
E01034594,1562,413,26.4404609475032,110,7.04225352112676,479,20,195,10,205,24,38,267,,,missing_imd2019_for_lsoa21,,Harrow 015F,15,13,,16,,18,,16,,,,17,0,0,,22
E01034595,1410,328,23.2624113475177,153,10.8510638297872,516,51,149,11,160,29,34,223,,,missing_imd2019_for_lsoa21,,Harrow 023E,8,8,7,7,,17,,19,,24,7,7,4,4,11,11
E01034596,1278,259,20.2660406885759,55,4.30359937402191,581,24,153,7,160,37,8,205,19272,6,lsoa11_to_lsoa21_bestfit,1,Harrow 023F,10,10,4,4,12,12,,17,,17,4,4,2,2,11,11
E01034597,1435,252,17.5609756097561,178,12.404181184669,605,93,120,10,130,37,21,188,,,missing_imd2019_for_lsoa21,,Harrow 023G,9,9,7,7,13,13,,16,,18,7,7,2,2,12,12
E01034598,1267,183,14.4435674822415,23,1.81531176006314,604,7,114,9,123,20,8,151,,,missing_imd2019_for_lsoa21,,Harrow 023H,7,7,7,7,7,7,,17,,16,8,8,5,5,4,4
E01034599,1670,331,19.8203592814371,215,12.874251497006,572,50,120,11,131,41,42,214,16121,5,lsoa11_to_lsoa21_bestfit,1,Harrow 027E,13,13,10,10,12,12,5,5,,29,8,8,8,8,9,9
E01034600,1969,481,24.4286439817166,138,7.00863382427628,816,57,180,24,204,69,32,305,,,missing_imd2019_for_lsoa21,,Harrow 027F,12,12,3,3,14,14,8,8,,26,7,7,5,5,6,6
E01034601,1454,349,24.0027510316369,173,11.898211829436,595,76,125,25,150,58,17,225,12892,4,lsoa11_to_lsoa21_bestfit,1,Hillingdon 015G,14,14,,18,8,8,,29,,,,19,3,3,,18
E01034602,1398,262,18.7410586552217,83,5.93705293276109,627,40,101,26,127,40,13,180,,,missing_imd2019_for_lsoa21,,Hillingdon 015H,8,8,5,5,10,10,,22,,27,6,6,2,2,8,8
E01034603,1379,355,25.7432922407542,49,3.55329949238579,518,7,178,13,191,23,14,228,,,missing_imd2019_for_lsoa21,,Hillingdon 015I,10,10,,22,4,4,,27,,,,16,11,11,,22
E01034604,1424,253,17.7668539325843,164,11.5168539325843,606,72,73,15,88,42,23,153,,,missing_imd2019_for_lsoa21,,Hillingdon 015J,5,5,15,15,5,5,,26,,29,9,9,5,5,13,13
E01034605,1638,394,24.0537240537241,120,7.32600732600733,578,24,161,24,185,36,27,248,13111,4,lsoa11_to_lsoa21_bestfit,1,Hillingdon 015K,10,9,,14,8,8,,20,,24,13,8,1,1,,14
E01034606,2608,192,7.36196319018405,161,6.17331288343558,482,45,74,16,90,24,11,125,,,missing_imd2019_for_lsoa21,,Hillingdon 016G,12,12,12,12,12,12,15,15,,27,11,11,7,7,,25
E01034607,2300,369,16.0434782608696,179,7.78260869565217,574,54,96,31,127,55,26,208,24368,8,lsoa11_to_lsoa21_bestfit,1,Hillingdon 016H,,14,6,6,,16,,20,,23,15,14,2,2,,21
E01034608,2410,582,24.149377593361,135,5.60165975103735,944,30,190,38,228,118,34,380,9125,3,lsoa11_to_lsoa21_bestfit,1,Hillingdon 022G,13,13,14,14,,,,24,,,,18,14,14,,
E01034609,1979,482,24.355735219808,80,4.04244567963618,847,34,169,27,196,93,28,317,,,missing_imd2019_for_lsoa21,,Hillingdon 022H,6,6,4,4,,17,7,7,,23,1,1,1,1,,29
E01034610,1769,462,26.1164499717354,205,11.5884680610514,566,32,128,19,147,65,45,257,,,missing_imd2019_for_lsoa21,,Hillingdon 027G,13,13,,18,3,3,,19,,,,17,5,5,,
E01034611,1275,350,27.4509803921569,102,8,427,32,98,21,119,47,28,194,10595,4,lsoa11_to_lsoa21_bestfit,1,Hillingdon 027H,14,14,,19,8,8,,20,,,,18,2,2,,
E01034612,2077,436,20.9918151179586,218,10.4959075589793,621,44,123,16,139,49,76,264,10781,4,lsoa11_to_lsoa21_bestfit,1,Hillingdon 027I,12,12,,20,13,13,,21,,,,19,10,10,,
E01034613,1004,185,18.4262948207171,15,1.49402390438247,449,5,71,7,78,28,12,118,,,missing_imd2019_for_lsoa21,,Hillingdon 027J,,26,,20,2,2,,24,,,,20,7,7,,
E01034614,2007,557,27.7528649725959,63,3.1390134529148,757,18,200,35,235,96,23,354,8763,3,lsoa11_to_lsoa21_bestfit,1,Hillingdon 028F,6,6,,23,3,3,,23,,,13,13,10,10,,
E01034615,2167,582,26.857406552838,120,5.5376095985233,699,36,211,31,242,65,44,351,,,missing_imd2019_for_lsoa21,,Hillingdon 028G,,19,,20,9,9,,24,,,10,10,1,1,,16
E01034616,1497,271,18.1028724114896,56,3.74081496325985,698,14,113,12,125,39,22,186,11705,4,lsoa11_to_lsoa21_bestfit,1,Hillingdon 030F,9,9,3,3,12,12,4,4,,,5,5,2,2,,26
E01034617,2332,515,22.0840480274443,239,10.2487135506003,730,31,149,18,167,64,72,303,,,missing_imd2019_for_lsoa21,,Hillingdon 030G,,18,14,14,1,1,,16,,,11,11,5,5,,
E01035484,1695,176,10.3834808259587,156,9.20353982300885,623,77,49,15,64,49,14,127,,,missing_imd2019_for_lsoa21,,Hammersmith and Fulham 001F,6,6,11,11,4,4,12,12,,12,5,5,1,1,14,13
E01035485,1101,101,9.17347865576748,59,5.35876475930972,582,24,29,1,30,24,10,64,11438,4,lsoa11_to_lsoa21_bestfit,1,Hammersmith and Fulham 001G,,16,9,9,6,6,13,13,,17,13,13,5,5,6,6
E01035486,1770,286,16.1581920903955,126,7.11864406779661,882,38,99,21,120,71,16,207,,,missing_imd2019_for_lsoa21,,Hammersmith and Fulham 023G,9,9,13,13,10,10,,15,,15,13,13,3,3,,21
E01035487,1561,241,15.4388212684177,213,13.6450992953235,749,98,59,14,73,56,23,152,13510,5,lsoa11_to_lsoa21_bestfit,1,Hammersmith and Fulham 023H,4,4,14,13,5,5,12,12,,15,9,9,3,3,,20
E01035488,1464,134,9.15300546448088,129,8.81147540983607,745,48,65,17,82,19,2,103,26739,9,lsoa11_to_lsoa21_bestfit,1,Wandsworth 004H,3,3,,14,4,4,10,10,,21,2,2,2,2,,27
E01035489,1329,197,14.8231753197893,54,4.06320541760722,693,20,69,17,86,31,10,127,,,missing_imd2019_for_lsoa21,,Wandsworth 004I,9,7,12,12,3,3,13,13,,21,7,7,1,1,,23
E01035490,1708,223,13.056206088993,187,10.9484777517564,779,47,98,20,118,37,6,161,21599,7,lsoa11_to_lsoa21_bestfit,1,Wandsworth 010H,6,6,6,6,6,6,12,12,,27,6,6,3,3,12,12
E01035491,1235,114,9.23076923076923,64,5.18218623481781,620,27,54,13,67,17,4,88,18176,6,lsoa11_to_lsoa21_bestfit,1,Wandsworth 010I,8,8,14,14,5,5,,14,,26,13,12,5,5,,24
E01035492,1689,240,14.2095914742451,49,2.90112492599171,852,17,106,29,135,30,5,170,,,missing_imd2019_for_lsoa21,,Wandsworth 010J,7,7,,17,4,4,13,13,,27,11,11,6,6,,23
E01035493,1653,195,11.7967332123412,118,7.13853599516031,831,54,67,12,79,55,7,141,,,missing_imd2019_for_lsoa21,,Wandsworth 010K,6,6,6,6,3,3,5,5,,18,3,3,1,1,,15
E01035494,1802,149,8.26859045504994,45,2.49722530521643,957,15,59,13,72,25,8,105,,,missing_imd2019_for_lsoa21,,Wandsworth 018E,4,4,7,7,3,3,3,3,,19,3,3,2,2,,15
E01035495,1345,325,24.1635687732342,110,8.17843866171004,510,26,44,11,55,112,22,189,9097,3,lsoa11_to_lsoa21_bestfit,1,Wandsworth 018F,11,11,3,3,5,5,11,11,,23,4,4,3,3,,18
E01035496,1254,80,6.37958532695375,80,6.37958532695375,706,25,31,6,37,23,6,66,,,missing_imd2019_for_lsoa21,,Wandsworth 038A,8,8,7,7,8,8,9,9,,21,,13,4,4,6,6
E01035497,1494,312,20.8835341365462,21,1.40562248995984,654,5,58,11,69,120,8,197,,,missing_imd2019_for_lsoa21,,Wandsworth 038B,13,13,5,5,6,6,13,13,,25,,16,5,5,6,6
E01035498,1212,136,11.2211221122112,19,1.56765676567657,651,2,73,9,82,6,4,92,,,missing_imd2019_for_lsoa21,,Wandsworth 038E,,16,11,11,11,11,,20,,27,,19,8,8,8,8
E01035499,1606,294,18.3063511830635,189,11.7683686176837,612,63,46,11,57,75,35,167,8087,3,lsoa11_to_lsoa21_bestfit,1,Wandsworth 039C,2,2,,17,7,7,8,8,,,9,9,3,3,15,17
E01035638,1891,320,16.9222633527234,121,6.39873083024855,850,58,66,13,79,89,22,190,2578,1,lsoa11_to_lsoa21_bestfit,1,Hackney 002G,5,5,4,4,3,3,14,14,,20,10,9,4,4,11,10
E01035639,1710,264,15.4385964912281,128,7.48538011695907,807,44,65,21,86,85,15,186,,,missing_imd2019_for_lsoa21,,Hackney 002H,5,5,3,3,0,0,8,8,,23,8,8,7,7,9,9
E01035640,1394,202,14.4906743185079,120,8.60832137733142,632,44,53,19,72,49,15,136,6737,3,lsoa11_to_lsoa21_bestfit,1,Hackney 020F,6,6,8,8,9,9,7,7,,28,8,8,2,2,,29
E01035641,1427,193,13.5248773651016,23,1.61177295024527,613,13,37,10,47,41,29,117,,,missing_imd2019_for_lsoa21,,Hackney 020G,8,8,6,6,12,12,6,6,,26,9,9,2,2,,28
E01035642,1842,275,14.9294245385451,61,3.31161780673181,855,22,84,20,104,73,13,190,7318,3,lsoa11_to_lsoa21_bestfit,1,Hackney 025G,6,6,10,10,8,8,2,2,,19,8,8,4,4,,26
E01035643,1722,303,17.595818815331,124,7.20092915214867,743,57,77,22,99,69,21,189,9681,3,lsoa11_to_lsoa21_bestfit,1,Hackney 025H,6,6,7,6,3,3,8,8,9,9,10,10,0,0,,16
E01035644,1183,115,9.72104818258664,47,3.97295012679628,606,18,33,10,43,24,8,75,,,missing_imd2019_for_lsoa21,,Hackney 025I,5,5,3,3,4,4,7,7,5,5,9,9,2,2,,17
E01035645,1304,200,15.3374233128834,124,9.50920245398773,616,58,31,18,49,78,15,142,,,missing_imd2019_for_lsoa21,,Hackney 025J,4,4,6,6,4,4,7,7,15,18,5,5,4,4,,26
E01035646,1538,198,12.8738621586476,142,9.23276983094929,663,53,46,17,63,51,17,131,13505,5,lsoa11_to_lsoa21_bestfit,1,Hackney 026E,1,1,7,7,5,5,7,7,5,5,12,12,3,3,,18
E01035647,1115,101,9.05829596412556,51,4.57399103139013,598,11,48,8,56,13,3,72,,,missing_imd2019_for_lsoa21,,Hackney 026F,6,6,11,11,2,2,11,11,9,9,12,12,6,6,11,11
E01035648,1538,257,16.7100130039012,93,6.04681404421326,703,36,64,8,72,83,27,182,7718,3,lsoa11_to_lsoa21_bestfit,1,Hackney 026G,7,7,9,9,4,4,7,7,9,9,12,12,2,2,10,10
E01035649,1464,255,17.4180327868852,65,4.43989071038251,670,16,53,15,68,70,12,150,,,missing_imd2019_for_lsoa21,,Hackney 026H,7,7,7,7,5,5,7,7,9,9,12,12,2,2,7,7
E01035650,2015,242,12.0099255583127,242,12.0099255583127,914,83,52,24,76,64,26,166,6477.5,2,lsoa11_to_lsoa21_bestfit,2,Hackney 031C,5,5,4,4,2,2,4,4,,19,5,5,4,4,,27
E01035651,1574,279,17.725540025413,90,5.71791613722999,692,37,59,20,79,57,16,152,11066,4,lsoa11_to_lsoa21_bestfit,1,Islington 007E,1,1,10,10,5,5,2,2,,25,11,11,1,1,,12
E01035652,1281,115,8.97736143637783,80,6.24512099921936,606,35,31,15,46,31,6,83,,,missing_imd2019_for_lsoa21,,Islington 007F,1,1,3,3,9,9,9,9,,22,4,4,1,1,14,11
E01035653,1423,160,11.243851018974,16,1.1243851018974,756,9,59,32,91,18,3,112,8006,3,lsoa11_to_lsoa21_bestfit,1,Islington 011J,10,10,7,7,14,14,15,15,,27,15,15,12,12,8,8
E01035654,1163,291,25.0214961306965,53,4.55717970765262,506,24,52,38,90,69,10,169,,,missing_imd2019_for_lsoa21,,Islington 011K,3,3,4,4,12,12,7,7,,25,10,10,9,9,10,10
E01035655,1727,264,15.2866242038217,184,10.6543138390272,750,59,89,15,104,56,14,174,11531,4,lsoa11_to_lsoa21_bestfit,1,Islington 020F,5,5,4,4,5,5,7,7,,14,6,6,3,3,3,3
E01035656,1483,206,13.8907619689818,36,2.42751180040459,722,11,38,31,69,63,3,135,,,missing_imd2019_for_lsoa21,,Islington 020G,3,3,3,3,2,2,9,9,11,11,10,10,4,4,2,2
E01035657,1048,89,8.49236641221374,11,1.04961832061069,509,3,33,9,42,15,2,59,,,missing_imd2019_for_lsoa21,,Tower Hamlets 001E,11,11,7,7,6,6,,19,,,,18,0,0,,20
E01035658,1293,223,17.246713070379,9,0.696055684454756,593,0,71,16,87,28,9,124,,,missing_imd2019_for_lsoa21,,Tower Hamlets 001F,14,14,2,2,4,4,13,13,,29,,15,2,2,,26
E01035659,1581,284,17.9633143580013,132,8.34914611005693,592,43,76,21,97,49,35,181,7452,3,lsoa11_to_lsoa21_bestfit,1,Tower Hamlets 001G,4,4,10,10,3,3,2,2,,,5,5,2,2,,20
E01035660,1443,242,16.7706167706168,75,5.1975051975052,584,23,73,10,83,32,22,137,9298,3,lsoa11_to_lsoa21_bestfit,1,Tower Hamlets 002E,3,3,12,12,9,9,6,6,,19,7,7,4,4,13,10
E01035661,1645,347,21.0942249240122,65,3.95136778115502,497,23,64,19,83,33,55,171,,,missing_imd2019_for_lsoa21,,Tower Hamlets 002F,4,4,14,14,6,6,8,8,,23,7,7,2,2,10,10
E01035662,1112,54,4.85611510791367,19,1.70863309352518,639,10,20,8,28,10,1,39,13671,5,lsoa11_to_lsoa21_bestfit,1,Tower Hamlets 004H,9,9,11,11,10,10,15,15,,29,11,11,3,3,15,15
E01035663,1330,290,21.8045112781955,53,3.98496240601504,562,24,74,23,97,72,6,175,,,missing_imd2019_for_lsoa21,,Tower Hamlets 004I,8,8,7,7,4,4,14,14,,24,7,7,0,0,11,11
E01035664,2506,433,17.2785315243416,206,8.22027134876297,1106,87,135,25,160,70,29,259,9312.5,3,lsoa11_to_lsoa21_bestfit,2,Tower Hamlets 006E,4,4,7,7,1,1,8,8,13,13,4,4,6,6,,17
E01035665,1429,216,15.1154653603919,18,1.25962211336599,673,1,59,17,76,40,11,127,,,missing_imd2019_for_lsoa21,,Tower Hamlets 008F,4,4,3,3,9,9,9,9,,25,4,4,4,4,10,10
E01035666,1916,370,19.3110647181628,55,2.8705636743215,732,15,92,12,104,64,38,206,7688,3,lsoa11_to_lsoa21_bestfit,1,Tower Hamlets 008G,0,0,8,8,4,4,6,6,,20,6,6,5,5,5,5
E01035667,1993,477,23.9337681886603,68,3.41194179628701,687,12,133,17,150,70,53,273,,,missing_imd2019_for_lsoa21,,Tower Hamlets 008H,1,1,12,12,5,5,6,6,,22,6,6,3,3,7,7
E01035668,2077,265,12.7587867116033,96,4.62205103514685,823,15,73,14,87,36,31,154,9244,3,lsoa11_to_lsoa21_bestfit,1,Tower Hamlets 009E,2,2,6,6,5,5,4,4,,20,9,9,6,6,,15
E01035669,1381,175,12.6719768283852,22,1.59304851556843,646,5,56,6,62,30,11,103,,,missing_imd2019_for_lsoa21,,Tower Hamlets 009F,4,4,5,5,6,6,10,9,10,10,13,11,3,3,,14
E01035670,4278,529,12.3655913978495,198,4.62833099579243,832,52,131,22,153,54,66,273,9323.5,4,lsoa11_to_lsoa21_bestfit,2,Tower Hamlets 010G,7,7,,13,8,8,1,1,8,8,10,10,2,2,10,10
E01035671,2163,413,19.0938511326861,29,1.34073046694406,891,4,134,17,151,59,27,237,,,missing_imd2019_for_lsoa21,,Tower Hamlets 012F,4,4,,16,2,2,11,11,,28,10,10,2,2,,16
E01035672,2956,768,25.9810554803789,101,3.41677943166441,1012,28,235,32,267,100,45,412,9768,3,lsoa11_to_lsoa21_bestfit,1,Tower Hamlets 012G,6,6,,18,4,4,7,7,,28,7,7,1,1,,18
E01035673,1129,196,17.3604960141718,39,3.45438441098317,453,6,74,11,85,26,12,123,,,missing_imd2019_for_lsoa21,,Tower Hamlets 012H,7,7,,19,2,2,6,6,,29,6,6,4,4,,22
E01035674,1390,269,19.3525179856115,62,4.46043165467626,572,22,78,15,93,51,19,163,6988,3,lsoa11_to_lsoa21_bestfit,1,Tower Hamlets 014F,3,3,,14,7,7,7,7,,17,2,2,3,3,5,5
E01035675,1782,307,17.2278338945006,92,5.16273849607183,652,46,126,10,136,36,25,197,,,missing_imd2019_for_lsoa21,,Tower Hamlets 014G,5,5,,12,8,8,12,10,,14,2,2,2,2,3,3
E01035676,1568,394,25.1275510204082,130,8.29081632653061,481,24,104,5,109,44,50,203,,,missing_imd2019_for_lsoa21,,Tower Hamlets 014H,6,6,7,7,3,3,9,9,,24,9,9,3,3,,16
E01035677,1518,300,19.7628458498024,46,3.03030303030303,596,7,104,15,119,51,22,192,5279,2,lsoa11_to_lsoa21_bestfit,1,Tower Hamlets 014I,2,2,5,5,7,7,6,6,,27,6,6,4,4,,19
E01035678,1939,412,21.248066013409,101,5.20887055183084,757,29,126,18,144,73,25,242,8057,3,lsoa11_to_lsoa21_bestfit,1,Tower Hamlets 018E,4,4,,17,6,6,6,6,,29,7,7,1,1,,17
E01035679,1600,301,18.8125,102,6.375,640,43,81,15,96,46,30,172,,,missing_imd2019_for_lsoa21,,Tower Hamlets 018F,7,7,,14,4,4,4,4,,27,5,5,3,3,,15
E01035680,1853,372,20.0755531570426,41,2.21262817053427,735,7,141,26,167,53,27,247,7366,3,lsoa11_to_lsoa21_bestfit,1,Tower Hamlets 019E,3,3,,18,2,2,4,4,13,13,4,4,2,2,14,14
E01035681,2005,459,22.8927680798005,139,6.93266832917706,625,54,118,16,134,43,63,240,,,missing_imd2019_for_lsoa21,,Tower Hamlets 019F,1,1,,18,3,3,6,6,9,9,4,4,3,3,10,10
E01035682,1485,390,26.2626262626263,45,3.03030303030303,500,10,103,13,116,51,24,191,,,missing_imd2019_for_lsoa21,,Tower Hamlets 019G,5,5,14,14,2,2,5,5,14,14,2,2,2,2,14,14
E01035683,1830,437,23.879781420765,119,6.50273224043716,492,24,73,16,89,40,83,212,4342,2,lsoa11_to_lsoa21_bestfit,1,Tower Hamlets 019H,3,3,9,9,0,0,4,4,,19,4,4,4,4,,17
E01035684,1567,365,23.2929164007658,82,5.23292916400766,506,12,93,11,104,50,39,193,,,missing_imd2019_for_lsoa21,,Tower Hamlets 020E,6,6,,19,2,2,8,8,,29,8,8,4,4,,19
E01035685,1475,450,30.5084745762712,118,8,496,53,114,13,127,55,29,211,4393,2,lsoa11_to_lsoa21_bestfit,1,Tower Hamlets 020F,4,4,,19,0,0,8,8,,29,8,8,1,1,,19
E01035686,1513,217,14.3423661599471,49,3.23859881031064,573,7,65,4,69,22,29,120,11050,4,lsoa11_to_lsoa21_bestfit,1,Tower Hamlets 021G,4,4,7,7,7,7,5,5,7,7,6,6,4,4,6,6
E01035687,1750,271,15.4857142857143,45,2.57142857142857,677,24,70,9,79,54,10,143,,,missing_imd2019_for_lsoa21,,Tower Hamlets 021H,3,3,4,4,2,2,3,3,11,11,5,5,1,1,4,4
E01035688,1668,196,11.7505995203837,10,0.599520383693046,694,3,79,2,81,35,3,119,,,missing_imd2019_for_lsoa21,,Tower Hamlets 021I,7,7,1,1,0,0,4,4,,17,4,4,5,5,6,6
E01035689,1629,275,16.8815224063843,41,2.51688152240638,695,7,83,10,93,42,21,156,14542,5,lsoa11_to_lsoa21_bestfit,1,Tower Hamlets 021J,2,2,3,3,5,5,6,6,14,14,6,6,2,2,7,7
E01035690,2033,253,12.444663059518,46,2.26266601082145,822,9,74,10,84,37,32,153,15458,5,lsoa11_to_lsoa21_bestfit,1,Tower Hamlets 023E,2,2,2,2,4,4,9,9,,25,8,8,2,2,,18
E01035691,1924,251,13.045738045738,64,3.32640332640333,759,13,83,17,100,43,12,155,,,missing_imd2019_for_lsoa21,,Tower Hamlets 023F,6,6,7,7,3,3,9,9,,25,9,9,3,3,,19
E01035692,1464,281,19.1939890710383,89,6.0792349726776,573,16,77,12,89,51,18,158,,,missing_imd2019_for_lsoa21,,Tower Hamlets 024E,12,12,8,8,6,6,11,11,,29,9,9,7,7,,23
E01035693,1553,303,19.5106245975531,63,4.05666452028332,618,19,85,9,94,67,17,178,,,missing_imd2019_for_lsoa21,,Tower Hamlets 024F,6,6,12,12,2,2,9,9,,29,9,9,3,3,,23
E01035694,2213,536,24.220515137822,96,4.3380027112517,814,35,161,13,174,68,41,283,5828,2,lsoa11_to_lsoa21_bestfit,1,Tower Hamlets 024G,9,9,5,5,5,5,6,6,,27,4,4,2,2,,18
E01035695,1644,373,22.6885644768856,116,7.05596107055961,588,46,125,6,131,64,19,214,8904,3,lsoa11_to_lsoa21_bestfit,1,Tower Hamlets 024H,4,4,10,10,3,3,8,8,,29,6,6,1,1,,18
E01035696,1186,159,13.4064080944351,20,1.68634064080944,602,6,63,7,70,22,1,93,,,missing_imd2019_for_lsoa21,,Tower Hamlets 026E,3,3,2,2,3,3,8,8,,29,12,12,1,1,,21
E01035697,1674,224,13.3811230585424,89,5.31660692951016,670,23,36,6,42,12,13,67,15535,5,lsoa11_to_lsoa21_bestfit,1,Tower Hamlets 026F,7,7,7,7,2,2,6,6,,23,12,12,2,2,9,9
E01035698,1002,218,21.7564870259481,10,0.998003992015968,479,4,65,6,71,30,6,107,19572,6,lsoa11_to_lsoa21_bestfit,1,Tower Hamlets 032F,8,8,3,3,3,3,2,2,,,13,13,4,4,15,17
E01035699,1724,298,17.2853828306265,21,1.21809744779582,827,3,78,13,91,62,17,170,,,missing_imd2019_for_lsoa21,,Tower Hamlets 032G,3,3,1,1,4,4,6,6,,,9,9,8,8,,20
E01035700,1152,53,4.60069444444445,13,1.12847222222222,625,0,15,6,21,6,12,39,,,missing_imd2019_for_lsoa21,,Tower Hamlets 034A,15,15,9,9,3,3,,16,,27,14,14,6,6,6,6
E01035701,1174,53,4.5144804088586,14,1.19250425894378,665,0,25,1,26,7,5,38,,,missing_imd2019_for_lsoa21,,Tower Hamlets 034B,,19,11,11,2,2,,18,,29,,16,5,5,8,8
E01035702,1497,300,20.0400801603206,29,1.937207748831,575,3,83,12,95,38,24,157,16614,6,lsoa11_to_lsoa21_bestfit,1,Tower Hamlets 034C,14,14,12,12,7,7,8,8,,,10,10,2,2,,12
E01035703,1107,48,4.3360433604336,8,0.722673893405601,509,2,26,3,29,5,1,35,,,missing_imd2019_for_lsoa21,,Tower Hamlets 036B,11,11,8,8,6,6,7,7,,28,8,8,2,2,,13
E01035704,1748,308,17.6201372997712,20,1.1441647597254,594,2,73,10,83,55,27,165,,,missing_imd2019_for_lsoa21,,Tower Hamlets 036C,7,7,9,9,9,9,5,5,,,7,7,1,1,,15
E01035705,1451,281,19.3659545141282,134,9.23501033769814,559,39,78,9,87,52,25,164,16624,6,lsoa11_to_lsoa21_bestfit,1,Tower Hamlets 036D,3,3,7,7,2,2,5,5,,,6,6,2,2,,19
E01035706,1293,229,17.7107501933488,41,3.17092034029389,562,8,81,16,97,29,12,138,,,missing_imd2019_for_lsoa21,,Tower Hamlets 036E,2,2,6,6,4,4,3,3,,,6,6,2,2,,15
E01035707,2453,286,11.6591928251121,278,11.3330615572768,1128,106,109,20,129,52,15,196,18490.5,6,lsoa11_to_lsoa21_bestfit,2,Camden 015F,7,7,11,11,1,1,14,14,,23,10,10,5,5,14,13
E01035708,1951,266,13.6340338288057,87,4.4592516658124,735,31,73,14,87,73,9,169,,,missing_imd2019_for_lsoa21,,Camden 022F,4,4,2,2,2,2,13,13,,18,10,10,4,4,8,8
E01035709,1539,281,18.2586094866797,215,13.9701104613385,640,97,64,12,76,61,28,165,5146,2,lsoa11_to_lsoa21_bestfit,1,Camden 022G,5,5,7,7,3,3,10,10,7,7,7,7,0,0,10,10
E01035710,2574,389,15.1126651126651,205,7.96425796425797,896,68,100,21,121,85,42,248,6305,2,lsoa11_to_lsoa21_bestfit,2,Camden 023F,13,13,13,11,11,11,13,12,,11,8,8,8,8,7,7
E01035711,2432,160,6.57894736842105,251,10.3207236842105,903,104,38,6,44,37,27,108,18704,6,lsoa11_to_lsoa21_bestfit,2,Camden 026E,4,4,3,3,7,7,7,7,1,1,2,2,3,3,3,3
E01035712,2458,251,10.2115541090317,260,10.5777054515867,740,107,45,5,50,51,32,133,13920.5,5,lsoa11_to_lsoa21_bestfit,2,Camden 029E,9,9,9,9,1,1,3,3,11,11,7,7,2,2,13,13
E01035713,1999,284,14.2071035517759,273,13.6568284142071,993,99,133,7,140,34,13,187,23127.5,8,lsoa11_to_lsoa21_bestfit,2,Kensington and Chelsea 016F,2,2,9,9,,13,5,5,9,9,3,3,0,0,4,4
E01035714,2057,282,13.7092853670394,313,15.2163344676714,935,106,128,6,134,23,20,177,23143.5,8,lsoa11_to_lsoa21_bestfit,2,Kensington and Chelsea 020F,9,9,8,8,14,14,10,10,9,9,7,7,3,3,14,14
E01035715,2779,286,10.2914717524289,346,12.450521770421,1171,102,135,14,149,27,13,189,21114.5,7,lsoa11_to_lsoa21_bestfit,2,Westminster 007H,2,2,15,11,5,5,10,10,,15,9,9,3,3,4,4
E01035716,2192,185,8.43978102189781,249,11.3594890510949,1262,137,60,15,75,36,41,152,13419.5,5,lsoa11_to_lsoa21_bestfit,2,Westminster 013G,10,10,4,4,6,6,10,10,,12,4,4,0,0,6,6
E01035717,1893,191,10.0898045430534,218,11.5161119915478,999,72,75,15,90,30,18,138,16282,6,lsoa11_to_lsoa21_bestfit,2,Westminster 014H,3,3,5,5,10,10,8,8,,23,9,9,2,2,10,10
E01035718,2565,259,10.0974658869396,261,10.1754385964912,731,75,86,7,93,23,41,157,24092,8,lsoa11_to_lsoa21_bestfit,2,Westminster 019G,,,,,11,11,,,,,,,14,14,,
E01035719,1272,172,13.5220125786164,137,10.7704402515723,631,50,68,13,81,36,10,127,17777,6,lsoa11_to_lsoa21_bestfit,1,Westminster 021F,5,5,12,12,5,5,,17,13,13,3,3,3,3,14,11
E01035720,1220,155,12.7049180327869,119,9.75409836065574,589,52,52,22,74,30,6,110,,,missing_imd2019_for_lsoa21,,Westminster 021G,4,4,7,7,3,3,,15,10,10,8,8,2,2,9,9
E01035721,2327,307,13.1929522990976,321,13.7945853029652,1307,134,90,9,99,64,29,192,9055,4,lsoa11_to_lsoa21_bestfit,2,Westminster 023H,1,1,14,12,4,4,2,2,9,9,2,2,1,1,7,7
E01035722,2014,143,7.10029791459782,352,17.4776564051639,1183,179,64,5,69,20,18,107,25184.5,8,lsoa11_to_lsoa21_bestfit,2,Westminster 024G,3,3,9,9,4,4,,15,10,10,6,6,5,5,5,5
