LSOA21CD,mismatch_flag,older_adults_pct,caregiver_household_intensity,older_mismatch_index,care_mismatch_index,nearest_tfl_station_km,nearest_full_recorded_step_free_station_km
E01000001,Other LSOAs,25.1529571719918,6.1862678450034,-10.7398395790327,-46.5797602415815,0.259,0.259
E01000002,Other LSOAs,20,5.05415162454874,-23.4382595131179,-47.9082636736939,0.253,0.253
E01000003,Other LSOAs,17.6908752327747,4.90378646803228,-38.2776022271818,-63.8565345788102,0.261,0.261
E01000005,Other LSOAs,9.52813067150635,7.98548094373866,-55.8687459650728,-43.3407901965162,0.011,0.011
E01000006,Other LSOAs,8.56368563685637,9.75609756097561,-6.83214397789556,6.90957745206696,0.526,0.526
E01000007,Other LSOAs,2.4776324845148,13.7302133516862,-63.1216589908574,-10.3292020461011,0.212,0.212
E01000008,Other LSOAs,3.6231884057971,12.7647714604236,-32.8147267503556,12.763982958555,0.679,0.679
E01000009,Other LSOAs,8.92956184137549,8.26400443704936,-34.532840717884,-17.0069292616406,0.237,0.237
E01000011,Other LSOAs,7.74647887323944,7.74647887323944,-38.5257634419665,-4.95881309024072,0.359,0.359
E01000012,High care mismatch,3.91822827938671,14.8637137989779,-29.2989879175332,37.5607732965521,0.603,0.603
E01000013,Other LSOAs,9.08119658119658,11.8589743589744,-4.67527388056877,11.8505548121191,0.269,0.269
E01000014,High older + care mismatch,9.2,12.4571428571429,18.6914432271639,29.2238728734919,0.661,0.661
E01000015,High care mismatch,6.81536555142503,14.0437835605122,-7.06129285926335,34.8582326575742,0.617,0.617
E01000016,High older + care mismatch,8.85529157667387,12.2570194384449,11.2293386551779,19.3872256341879,0.791,0.791
E01000017,High older + care mismatch,9.62877030162413,11.3109048723898,13.7407545136612,19.4040171709574,0.806,0.806
E01000018,High care mismatch,8.23463056965595,12.5211505922166,1.37648480988567,24.1117446568734,0.657,0.657
E01000019,Other LSOAs,8.07715491259795,12.959614225437,4.47675754820163,8.68584939463661,1.093,1.243
E01000020,High older mismatch,10.2189781021898,11.9525547445255,17.4205316212545,12.0025135798485,1.393,1.393
E01000021,Other LSOAs,8.13679245283019,13.502358490566,-5.58461940249405,6.8639956998,1.322,1.705
E01000022,High care mismatch,9.60108181203516,11.2914131169709,4.57810633750444,16.3774914197917,1.477,1.588
E01000024,Other LSOAs,8.35579514824798,10.7142857142857,5.0168149620233,5.43970500691819,1.239,1.239
E01000025,High older + care mismatch,10.2497398543184,11.8626430801249,19.2343775454845,27.6458193448792,1.232,1.232
E01000027,High older + care mismatch,8.83765609990394,13.016330451489,17.5053749487207,38.2107040819955,2.679,2.679
E01000028,High older + care mismatch,10.842047330765,12.4380847550908,23.418256846321,43.2804740578621,1.841,1.841
E01000029,High older + care mismatch,20.3296703296703,11.2637362637363,40.9813571346641,18.0601317948926,1.441,1.441
E01000030,High older + care mismatch,6.75253708040593,17.2131147540984,13.5965402372665,43.2518015502385,1.756,1.756
E01000031,High older + care mismatch,14.3099547511312,9.33257918552036,28.3977722418902,20.2514866671354,1.618,1.618
E01000032,High care mismatch,12.3136123136123,11.1592111592112,-16.1914019794128,23.0260737339795,0.816,0.816
E01000033,High older + care mismatch,10.6148867313916,13.3333333333333,18.3916443567167,46.2163712837646,1.183,1.183
E01000034,High older + care mismatch,16.8996188055909,9.59339263024142,21.0786899851887,26.9648147757229,1.462,1.462
E01000035,High older + care mismatch,13.340505648198,10.3819257665412,21.5562033325988,25.5009286851216,0.641,0.641
E01000036,High older + care mismatch,11.2542372881356,10.1016949152542,11.6949943057618,32.4378070513323,0.407,0.407
E01000037,High older + care mismatch,14.4876325088339,9.54063604240283,27.3695660284689,15.2302643450539,1.381,1.381
E01000038,High older mismatch,15.470297029703,10.1485148514851,30.4101825892415,10.1877018881447,1.485,1.485
E01000039,High care mismatch,13.6337706788363,11.2378779235596,4.89505355756577,35.357350209126,1.387,1.387
E01000040,Other LSOAs,9.47816826411076,12.8860489882854,-35.564358889805,-1.1453886511027,0.329,0.329
E01000041,Other LSOAs,9.28338762214984,12.4864277958741,-18.4939402052071,1.86608919669033,0.886,0.886
E01000042,High care mismatch,6.37619553666313,13.4431455897981,-2.87755912023583,22.9710907183121,0.33,0.33
E01000043,Other LSOAs,10.8512020792723,9.48667966211826,-4.35038747351664,-2.40735465098667,0.527,0.527
E01000044,Other LSOAs,5.93561368209256,11.317907444668,-61.3029064555992,-14.5218555376934,0.757,0.757
E01000045,Other LSOAs,8.9959373186303,12.7103888566454,-23.9437728678021,9.49769525090225,0.874,0.874
E01000046,High care mismatch,8.3758937691522,12.0531154239019,1.20525117904303,15.7283423652582,0.621,0.621
E01000049,Other LSOAs,4.15821501014199,13.2352941176471,-40.3579278083094,1.30508005049496,1.111,1.111
E01000050,Other LSOAs,8.63192182410423,11.9978284473398,-64.899738502031,-13.2385677350764,0.698,0.698
E01000051,Other LSOAs,2.3486901535682,15.8084914182475,-77.2576940327644,-4.28808134842603,0.649,0.649
E01000052,Other LSOAs,8.27353313634445,13.7188687209793,-32.8956595029051,5.66605032382415,0.823,0.823
E01000053,High care mismatch,12.1529919802591,12.4614435533621,-5.28155482085487,29.6475088499979,1.024,1.024
E01000054,Other LSOAs,10.8498129342598,13.4687332977018,-31.7320792161286,7.47824290937029,0.546,0.546
E01000055,High care mismatch,9.8533724340176,12.0234604105572,2.44931201135079,19.4121385317664,0.442,0.442
E01000056,Other LSOAs,10.9347442680776,12.8159905937684,-26.9987568661298,9.9528844536011,0.97,0.97
E01000057,High care mismatch,10.135571336346,13.557133634603,-12.3129037177232,16.9066824074812,0.322,0.322
E01000058,Other LSOAs,7.20636406176883,12.1665886757136,-19.1082294510065,12.3601370998184,0.593,0.593
E01000059,Other LSOAs,13.2826214160328,10.6495026331188,-20.0614789929952,8.04868218990644,0.718,0.718
E01000060,High care mismatch,9.44954128440367,13.2110091743119,-16.414921104314,28.5632423831091,1.819,1.819
E01000061,High care mismatch,5.81818181818182,14.9090909090909,-33.9046094941777,21.2443138931037,1.9,1.9
E01000062,High care mismatch,11.2663361874718,11.3564668769716,5.35597679145891,31.6132576865567,1.422,1.422
E01000063,Other LSOAs,9.50506186726659,12.5421822272216,-0.0945228082921865,-8.87683835637267,1.561,1.561
E01000064,High older + care mismatch,10.7919930374238,11.792863359443,19.7292798964266,32.8135984321154,1.229,1.229
E01000065,Other LSOAs,13.3703329969728,11.1503531786075,8.72865851455924,-2.38770503395714,1.267,1.267
E01000066,Other LSOAs,10.4041616646659,8.5234093637455,8.93628389610682,14.1551565657575,1.025,1.025
E01000067,High care mismatch,10.5098389982111,10.7334525939177,-7.86985068367844,19.2825713752211,1.01,1.01
E01000068,Other LSOAs,10.7023411371237,5.74136008918618,-5.2683349895803,-20.6497538838618,0.597,0.597
E01000069,Other LSOAs,9.39885496183206,8.77862595419847,-5.93100875799921,-1.3486120704028,0.456,0.456
E01000070,Other LSOAs,11.96333815726,8.10419681620839,-17.0799829292538,-15.4301299576123,0.991,0.991
E01000071,Other LSOAs,9.75797157126393,10.0653092585478,-13.049191417166,2.79659480826361,0.384,0.384
E01000072,High care mismatch,8.19366852886406,14.4320297951583,-22.6803365160453,49.5337068239117,0.844,0.844
E01000073,Other LSOAs,10.5092091007584,13.4344528710726,-4.54246813008933,12.6242162477667,0.992,0.992
E01000074,High care mismatch,8.98237635019898,13.3030130756111,0.263354076294188,18.6668612900832,0.761,0.761
E01000075,Other LSOAs,10.7108549471662,9.79827089337176,-17.4387120594856,6.31950274806902,0.254,0.254
E01000076,High care mismatch,8.65740740740741,11.8518518518519,4.04567070836836,31.966094185537,0.505,0.505
E01000077,Other LSOAs,8.76887340301975,11.2659698025552,3.13143759392569,-3.22418029457403,1.033,1.033
E01000078,High care mismatch,7.65171503957784,13.1926121372032,9.13281836937338,15.1444301778713,1.373,1.373
E01000079,High older mismatch,11.2274578243165,12.3327515997673,21.7385307185999,10.9168957410902,0.824,0.824
E01000080,High care mismatch,6.75295441755768,12.0427687113112,-0.507817567050545,24.7020035106519,0.888,0.888
E01000081,Other LSOAs,8.36713995943205,11.9675456389452,0.144766785635035,7.10464420953726,1.131,1.131
E01000082,High care mismatch,8.97703549060543,12.3173277661795,-0.751041719744208,22.222020559708,1.501,1.501
E01000083,High older + care mismatch,8.80667014069828,12.8712871287129,16.6367069304325,33.2276632080031,1.485,1.485
E01000084,Other LSOAs,10.2777777777778,11.7361111111111,-49.9450024901635,-14.7794219351542,0.251,0.251
E01000085,Other LSOAs,10.5103280680437,12.089914945322,-28.6879815244475,1.99307310546286,0.521,0.521
E01000086,Other LSOAs,10.6896551724138,12.8275862068966,-33.7376733313502,-3.88769845815666,0.485,0.485
E01000087,Other LSOAs,8.49633251833741,12.041564792176,-19.2603029663253,-2.01798684811808,1.345,1.345
E01000088,Other LSOAs,11.746835443038,12.1012658227848,-37.5493884743683,2.75205620282369,1.156,1.156
E01000089,Other LSOAs,8.32420591456736,13.3625410733844,-19.081520124318,10.3996285691059,1.508,1.508
E01000090,High older + care mismatch,8.68035190615836,12.1994134897361,15.7736597599895,38.7579609687356,2.135,2.135
E01000091,Other LSOAs,6.2649450023912,13.4863701578192,-7.81804755258499,6.31700409668116,1.042,1.042
E01000093,Other LSOAs,6.52654867256637,12.8318584070796,-14.9933358058717,9.97869014061164,0.995,0.995
E01000094,High care mismatch,2.31613165379927,16.9443315725315,-8.24176615086148,38.1015369683939,0.495,0.495
E01000095,High older + care mismatch,5.86666666666667,15.5555555555556,11.3590023493174,60.3846338022204,1.562,1.562
E01000096,High care mismatch,5.23780854906683,15.3521974714028,6.99894939855812,47.3769242822247,1.182,1.182
E01000097,Other LSOAs,11.1111111111111,12.3514211886305,-10.5537990838317,-6.7296682479672,0.459,0.459
E01000098,Other LSOAs,8.63049095607235,12.4031007751938,-15.2117301037219,0.556052356139574,0.75,0.75
E01000099,High care mismatch,5.90352771778258,13.5709143268539,-18.0351416880775,22.9130419692571,0.641,0.641
E01000100,High care mismatch,8.33762223365929,13.7416366443644,-8.45061681803017,24.0717461241952,1.225,1.225
E01000101,Other LSOAs,10.4521432765708,11.7439812096301,-12.1970221195918,-1.14214042316856,1.449,1.449
E01000102,High care mismatch,9.59057767807067,14.1895681435782,-8.74303600764944,25.1282964862351,1.135,1.135
E01000103,High care mismatch,7.92580101180438,11.017425519955,-9.66362527718865,20.8776671369032,1.18,1.18
E01000104,High care mismatch,7.66423357664234,12.8779979144943,-14.220151558799,21.4453602981562,0.569,0.569
E01000105,Other LSOAs,9.76027397260274,12.7140410958904,-33.8703896893203,2.62041661511991,0.594,0.594
E01000106,High care mismatch,9.46986859990938,14.4993203443589,-49.4520842794867,26.2959142725831,0.668,0.668
E01000107,High care mismatch,15.5095184770437,11.926091825308,5.00860974111233,34.3269163680707,0.721,0.721
E01000108,High care mismatch,10.5538140020899,13.3228840125392,-6.45101911936144,34.1768628100065,0.166,0.166
E01000110,Other LSOAs,11.1888111888112,10.9345200254291,-8.75484470565734,4.48218220219636,1.292,1.292
E01000111,High care mismatch,11.2552107457156,11.0236220472441,5.33703030355816,25.3441345304507,1.066,1.066
E01000112,Other LSOAs,8.61632032437912,12.0628484541308,-30.7719670907057,-8.7705754157722,0.72,0.72
E01000113,Other LSOAs,8.82205513784461,10.8771929824561,-9.75839666291996,3.97814713111298,0.301,0.301
E01000114,Other LSOAs,8.09582817017761,13.0524576621231,-38.7019882055601,-9.69941034150217,1.333,1.333
E01000115,High older mismatch,22.4694903086863,8.75807609475951,25.0223294487524,-8.66846032866562,1.095,1.095
E01000116,High older mismatch,18.0205949656751,11.8993135011442,13.6940995355811,13.0295004856447,1.288,1.288
E01000117,High older mismatch,20.7732256203116,11.7714945181766,40.0427502203168,14.2207880481327,0.791,1.53
E01000118,High older mismatch,16,11.1219512195122,20.5169834018668,8.56868175464897,1.266,1.61
E01000119,High older mismatch,19.0317195325543,10.5175292153589,28.4732169022395,8.23015680666183,0.555,0.555
E01000120,High older mismatch,20.0534759358289,10.6951871657754,20.194764890523,4.47915724371084,0.771,0.771
E01000121,High care mismatch,12.3815967523681,11.8403247631935,9.00606757819833,21.3476916015926,1.434,1.555
E01000122,High older mismatch,17.3509933774834,12.1192052980132,31.3456045380622,14.2696800967314,0.857,0.857
E01000123,High older + care mismatch,13.2236095346198,10.7264472190692,19.1904478354366,30.1212142756656,0.95,1.099
E01000124,Other LSOAs,10.9383378016086,11.5817694369973,-5.93399769561556,-0.398596831062179,0.496,0.771
E01000126,Other LSOAs,6.5580985915493,9.99119718309859,-3.81629495226797,11.8522397059853,0.698,0.698
E01000127,High care mismatch,10.6041131105398,9.31876606683805,-9.63975623002837,15.4022534121765,0.534,0.534
E01000128,Other LSOAs,10.580204778157,9.26377376889322,-0.634012147118426,1.28729988983851,0.486,0.486
E01000129,Other LSOAs,11.6729088639201,10.4868913857678,-2.56751931310729,-27.2959588862311,0.266,0.266
E01000130,High older mismatch,10.1703665462055,9.49922560660816,11.6098199438348,13.121367812504,0.715,0.715
E01000131,High care mismatch,12.9016312407316,10.3806228373702,-14.8559083849171,19.3090783643213,0.612,0.612
E01000132,High care mismatch,7.03703703703704,11.8518518518519,-5.5972785255759,16.9738662153184,0.688,0.688
E01000133,Other LSOAs,10.4559270516717,10.516717325228,0.257183151094907,7.65216421813048,0.655,1.044
E01000134,Other LSOAs,9.91780821917808,11.7808219178082,9.97237201027943,6.2288187109353,0.547,0.547
E01000135,Other LSOAs,19.7058823529412,10.2352941176471,-31.282643116234,-31.8132513636165,0.555,0.555
E01000136,High older mismatch,21.5198386012105,9.88567585743107,21.7691629048212,11.224889884132,0.655,0.655
E01000137,High care mismatch,10.8026554013277,14.4840072420036,-12.8991465284293,17.856045795015,0.968,0.968
E01000138,Other LSOAs,13.9764996907854,9.64749536178108,-29.0099490167724,-17.6690250674273,0.72,1.26
E01000139,Other LSOAs,16.3426925845932,9.93520518358531,-9.73200827090781,-4.88776988670282,0.759,1.369
E01000140,Other LSOAs,10.1634320735444,10.4187946884576,-17.8634631261443,-26.0479529973194,1.005,1.005
E01000141,Other LSOAs,9.27613941018767,9.27613941018767,-8.42186638784696,2.67127805783612,0.305,1.078
E01000142,Other LSOAs,12.9695885509839,11.6279069767442,-20.3122375637884,-1.42684266774516,0.393,1.21
E01000143,High care mismatch,8.8622754491018,12.3353293413174,3.2407235341332,15.9505921725471,0.346,1.257
E01000144,Other LSOAs,11.7399157134256,8.85009030704395,-22.9975849306671,-23.9679708080966,0.41,0.41
E01000145,Other LSOAs,15.5803848541279,9.24891371818746,-15.2611046768995,-5.81724944564532,0.731,0.731
E01000146,Other LSOAs,11.811865312667,7.74986638161411,-31.9251143203328,-36.8839552777579,0.254,0.254
E01000147,Other LSOAs,14.845791949817,6.27286983795086,-28.1511333996187,-27.8449092064538,0.645,0.645
E01000150,High older mismatch,13.771657041315,9.50688582852066,24.1585112164332,10.714906815551,0.655,1.223
E01000151,High care mismatch,5.70098894706225,16.870273414776,-5.62625570116417,29.8696350343664,0.817,0.817
E01000152,High care mismatch,5.09293680297398,13.1970260223048,-0.991025584101115,17.3536033097229,0.972,1.14
E01000153,High care mismatch,10.8178053830228,12.6293995859213,0.0190759470091102,32.5412277213031,0.974,1.022
E01000154,Other LSOAs,8.61618798955614,10.1827676240209,-31.5914175042754,0.912549520305582,0.516,0.516
E01000156,Other LSOAs,10.7442089699359,14.8841793987186,-55.241572289891,8.74594554458995,1.556,1.723
E01000157,High care mismatch,11.8055555555556,13.510101010101,-12.2716753715276,17.1691798689207,1.263,1.389
E01000158,Other LSOAs,13.8283378746594,12.4659400544959,6.18533403020594,12.1740380655981,0.678,1.235
E01000159,Other LSOAs,16.8067226890756,10.812324929972,1.74368286080852,2.7201618990836,1.211,1.787
E01000160,Other LSOAs,10.2918586789555,12.083973374296,-13.6253230552588,-0.672971376847634,0.104,0.815
E01000161,High care mismatch,15.0859950859951,13.1203931203931,-4.77806090348879,31.5998363981849,0.445,1.161
E01000162,Other LSOAs,22.6060606060606,9.45454545454546,-14.1600196671747,-50.7437399332174,1.117,1.832
E01000163,High care mismatch,8.23947836395969,13.4558387670421,-6.49469452216597,25.3148793691974,0.866,1.33
E01000164,Other LSOAs,10.8060747663551,12.2663551401869,2.75507761420786,7.80822200814836,1.193,1.77
E01000165,High older + care mismatch,16.1325966850829,12.2099447513812,17.7346874828906,21.1414485820586,0.744,1.407
E01000166,High care mismatch,19.344870210136,12.0519159456119,9.93413974873008,32.642189203754,0.641,0.641
E01000167,Other LSOAs,12.2390208783297,12.0230381569474,9.48090880569877,8.20937632896523,0.852,1.486
E01000168,High older mismatch,24.5046235138705,8.52047556142668,40.3445837673437,12.822842567242,0.524,0.524
E01000169,High older mismatch,15.7668711656442,12.3926380368098,23.9299733840193,14.1805361494048,0.623,1.031
E01000170,Other LSOAs,11.7986366019927,13.6339800734137,2.81527871393506,-3.67097563503271,0.712,1.138
E01000171,High care mismatch,7.06806282722513,16.0994764397906,-0.782964391034318,23.8833058605992,0.239,1.468
E01000172,High older + care mismatch,17.3372781065089,12.6627218934911,32.5630105189971,43.6252292729849,1.12,1.12
E01000173,High older + care mismatch,14.7841513897102,13.6605558840923,11.2208458657289,22.2410581411933,0.717,1.306
E01000174,High older + care mismatch,13.8479001135074,14.6424517593644,15.7942162732946,16.6935866489159,0.46,1.503
E01000175,Other LSOAs,14.1802067946824,10.2412604628262,9.83016836503411,7.61538638550368,0.434,1.547
E01000176,High older + care mismatch,20.7317073170732,9.11730545876887,31.0221551487795,18.0470021400629,1.067,1.067
E01000177,High care mismatch,14.0709561034275,14.4317498496693,-3.79999032673185,21.7951595867293,0.795,0.795
E01000178,High older + care mismatch,14.9432157800359,13.1500298864316,22.1804558262893,25.6214803172912,0.957,0.957
E01000179,High care mismatch,8.37520938023451,13.7353433835846,-12.9261534607118,32.8690884273187,1.147,1.147
E01000180,Other LSOAs,17.1109733415995,11.2213267203968,1.4581370607073,-11.0876589001442,0.536,0.536
E01000181,Other LSOAs,15.1389710230633,10.2306327616795,-20.0012692974695,-20.21315939167,0.452,0.452
E01000182,Other LSOAs,16.2028447742733,11.1317254174397,-39.9547033656017,-32.4961339873046,0.183,0.183
E01000183,Other LSOAs,21.9881500987492,12.5082290980909,10.3738021961524,4.57806657797001,0.965,0.965
E01000184,High care mismatch,9.53141640042599,10.6496272630458,-6.30792686644366,34.6731876068992,1.57,1.57
E01000185,High care mismatch,12.8222523744912,10.5156037991859,8.60680883130193,18.637295190422,1.111,1.111
E01000186,Other LSOAs,18.0790960451977,9.77401129943503,-2.67410002537266,-22.6605316155314,1.006,1.006
E01000187,Other LSOAs,18.8722669735328,11.1622554660529,7.61722791116143,-19.8087245488263,1.354,1.354
E01000188,High older + care mismatch,21.6096324461344,10.8365019011407,35.9631406085257,38.8058068018541,1.632,1.632
E01000189,Other LSOAs,5.38461538461539,13.9271255060729,-29.0726399908675,8.72156442411695,0.987,0.987
E01000190,High older + care mismatch,19.1108545034642,11.0854503464203,18.6353530355672,25.979495240716,0.867,0.867
E01000191,High older mismatch,23.7572627501614,10.3292446739832,13.5991232648911,-30.8675651950637,0.788,0.788
E01000192,High older mismatch,18.2046138415246,10.0300902708124,19.2730839672345,-16.6089806989937,0.342,0.342
E01000193,High older + care mismatch,15.4871794871795,9.43589743589744,18.3154011236072,19.8211711997833,0.412,0.412
E01000194,Other LSOAs,12.2834645669291,12.2309711286089,3.43740626885262,8.80126371712515,0.291,0.291
E01000195,High older + care mismatch,9.9603567888999,12.1902874132805,11.2139474112103,27.6697737046204,1.987,1.987
E01000196,Other LSOAs,14.8305084745763,9.22787193973635,-10.3851156367788,-28.5883940943421,0.455,0.455
E01000197,Other LSOAs,12.9119394921664,11.1291193949217,-8.67787899444419,0.311447437979467,0.466,0.466
E01000198,High older mismatch,15.0478796169631,12.311901504788,13.6975639119506,13.7396884305131,1.466,1.466
E01000199,High older + care mismatch,26.8524382520583,10.7029765674478,44.5362221971827,18.0424101652709,0.965,0.965
E01000200,High older mismatch,25.4802831142568,10.3134479271992,45.8621227004338,11.6985442376637,1.068,1.068
E01000201,High older mismatch,25.2111760883691,10.1364522417154,39.6674481073715,-5.02354736729833,1.416,1.416
E01000202,High older + care mismatch,17.5732217573222,10.400478182905,19.4486074054556,16.3631230192718,0.846,0.846
E01000203,High older + care mismatch,13.8436482084691,12.5407166123779,13.7254984668924,26.3699494876792,0.988,0.988
E01000204,Other LSOAs,21.5882352941177,10.6470588235294,3.22523273594286,-8.88891201258432,0.344,0.344
E01000205,High older + care mismatch,19.442601194426,13.3377571333776,19.1781634876305,15.8772844339081,1.565,1.565
E01000206,High older mismatch,21.9933554817276,7.64119601328904,36.5310182585245,3.19650626512938,1.382,1.382
E01000207,High older mismatch,25.4901960784314,11.258697027198,30.5479602401546,-1.1803422733992,1.188,1.188
E01000208,High older mismatch,19.8159509202454,10.920245398773,12.4547360031238,1.17215090121127,0.337,0.337
E01000209,High older mismatch,34.1200269723533,10.6540795684423,29.9226958371545,-23.3840212267696,1.283,1.283
E01000210,High care mismatch,14.3870967741935,14.1290322580645,7.85909888006356,40.6632848315157,1.331,1.331
E01000211,Other LSOAs,11.7951127819549,11.1372180451128,-9.38677838134889,-23.2421153804589,1.324,1.324
E01000212,High older mismatch,21.5555555555556,9.40740740740741,24.5811788279349,10.7740806323201,0.651,0.651
E01000213,High older mismatch,17.1724648408586,12.5832716506292,17.8177935949276,9.28572632906953,1.301,1.301
E01000214,High care mismatch,14.9446494464945,9.84009840098401,8.43508606743927,15.931265004829,0.338,0.338
E01000215,Other LSOAs,14.6455223880597,11.8470149253731,-5.97751394793048,9.94217532093343,0.547,0.547
E01000216,Other LSOAs,13.2962588473205,10.2123356926188,-14.3282880953742,-9.00241083273197,0.883,0.883
E01000217,Other LSOAs,11.9327731092437,10.6442577030812,-14.1190162163631,-10.1048536882674,1.023,1.023
E01000218,Other LSOAs,11.3463626492942,10.314875135722,-32.0645976556465,-26.9376732389047,0.668,0.668
E01000219,Other LSOAs,8.97085610200364,9.38069216757741,-3.26350187659085,-4.63869036917946,0.101,0.101
E01000220,Other LSOAs,16.896186440678,9.63983050847458,-2.58697411227702,-27.0081375880603,0.497,0.497
E01000221,Other LSOAs,8.20948336871904,12.3849964614296,3.45128491876762,11.2405097135044,0.438,0.438
E01000222,High care mismatch,9.99020568070519,10.6268364348678,-6.14493797233252,18.7790373533882,0.756,0.756
E01000223,High care mismatch,7.78325123152709,12.1674876847291,-1.16689539562087,39.6135007196707,0.129,0.129
E01000224,Other LSOAs,13.7034849379799,9.27347903130537,10.6285771496238,5.99878366092015,0.753,0.849
E01000225,High older + care mismatch,15.2487961476726,11.3429641519529,16.6183736330747,18.0717802719545,1.187,1.187
E01000226,High older mismatch,11.0662824207493,9.97118155619597,12.3459666575441,2.73328168412638,0.781,0.781
E01000227,High older mismatch,18.8336008560728,8.93525949705725,31.6198030962394,2.29925391057938,0.676,0.676
E01000228,Other LSOAs,14.3454038997215,10.933147632312,1.03683815780147,12.0240785073674,2.237,2.799
E01000229,High care mismatch,12.687013764213,11.6696588868941,-14.4768451877607,19.57511624186,1.453,1.453
E01000230,High older mismatch,21.0418794688458,9.70377936670072,15.0886486765037,-11.338413082276,1.123,1.123
E01000231,High care mismatch,12.0583286595625,11.8339876612451,4.07446429291382,19.6856702551996,1.442,1.777
E01000232,High older + care mismatch,19.0680235672201,11.0337439742903,25.1778526098745,22.3597305808777,1.08,1.104
E01000233,High older mismatch,13.5190918472652,11.609907120743,24.1625146504872,6.43428551502468,0.833,0.999
E01000234,High older mismatch,14.5658263305322,12.3809523809524,21.0628228232999,-6.79748790156386,0.535,1.367
E01000235,Other LSOAs,9.07626208378088,10.2577873254565,-3.85456636243588,0.668521461362005,0.423,1.13
E01000236,High older mismatch,11.6683725690891,12.3848515864893,16.3931866155944,4.02560728197263,0.844,0.844
E01000237,High older mismatch,10.205054840248,10.0143061516452,12.5612021888706,-0.147513056085302,0.264,0.264
E01000238,Other LSOAs,9.17782026768642,11.2810707456979,4.33857180528332,14.1179014269918,1.217,1.217
E01000239,Other LSOAs,9.04229460379193,9.86874088478367,-5.8025631493736,-2.50482036660894,1.078,1.078
E01000240,High older + care mismatch,16.9070975187536,8.48240046162724,18.1638068939701,19.8209950033812,1.516,1.516
E01000241,High older mismatch,15.1565995525727,10.2348993288591,22.9663762819691,0.982265788922071,1.21,1.21
E01000242,High older mismatch,18.6641697877653,10.7990012484395,36.4150377227219,12.8634545557186,1.279,1.279
E01000243,High older mismatch,10.3097549699491,8.87656033287101,20.0742120053945,-19.7172751391338,0.931,0.931
E01000244,Other LSOAs,13.1627056672761,8.40950639853748,8.83698257166213,-27.716091348895,0.906,0.906
E01000245,High older mismatch,8.661800486618,11.1435523114355,16.0657008430147,-6.45384729219872,0.546,0.546
E01000246,High older + care mismatch,22.0394736842105,10.6578947368421,37.6510983898276,23.6246396071958,0.818,0.818
E01000247,High older mismatch,12.7508854781582,12.2195985832349,24.553752429204,12.5570389522362,0.938,0.948
E01000248,High older mismatch,21.3529411764706,12.8823529411765,14.7976096295384,-2.15412223226246,1.021,1.021
E01000249,High older mismatch,21.3797389683033,12.119328775637,22.622378876013,11.9885232353284,1.559,1.559
E01000250,Other LSOAs,15.5938697318008,10.9578544061303,-4.09558694820319,-12.6331751325044,0.447,0.447
E01000251,Other LSOAs,14.7461368653422,10.1545253863135,6.43280011723361,0.235162633351848,0.422,1.124
E01000252,High older mismatch,17.1328671328671,10.7808857808858,11.6401231026738,13.2161115396743,0.733,0.733
E01000253,High older + care mismatch,22.6034308779011,10.4439959636731,40.130951779939,27.6873060577703,2.861,2.861
E01000254,High older mismatch,22.8410513141427,10.8260325406758,22.5192606693113,14.9097285439302,1.431,1.431
E01000255,Other LSOAs,16.3433274544386,10.4644326866549,-3.57641980667048,-5.62853028052571,1.422,1.422
E01000256,High older + care mismatch,16.0186625194401,12.0787973043027,15.0671978450361,18.7680293533976,1.099,1.723
E01000257,Other LSOAs,11.6267942583732,11.3397129186603,1.06036295254598,-3.63391997615975,0.243,0.243
E01000258,High older mismatch,20.6659619450317,10.2008456659619,13.8786274429678,-10.3520619413158,0.825,2.105
E01000259,High older + care mismatch,14.750378214826,11.8759455370651,19.7482544196665,31.0372971807467,0.637,0.637
E01000260,Other LSOAs,11.1111111111111,12.4020285846012,1.56130427510733,8.50565298026752,1.403,1.468
E01000261,High older mismatch,24.7171945701358,9.50226244343891,36.7183305044232,4.42619377752139,1.532,2.448
E01000263,High older + care mismatch,16.437459070072,12.3117223313687,26.5973852961386,24.4598974764573,0.759,2.095
E01000264,Other LSOAs,12.1295279912184,11.3062568605928,4.63741737983708,5.72681512775691,0.648,1.679
E01000265,High older + care mismatch,12.9619989588756,12.8578865174388,25.0891943235603,17.6531130041515,1.491,1.604
E01000266,High older mismatch,21.9359331476323,10.5849582172702,33.3985169555224,5.21986771533586,1.04,1.04
E01000267,High older + care mismatch,17.2346002621232,10.8125819134993,32.2311157334377,30.0643612190183,0.61,1.272
E01000268,High care mismatch,12.6143476167549,13.6254212806933,3.81970946353812,25.7558739639519,0.569,1.018
E01000269,High care mismatch,19.4223826714801,10.6137184115523,6.05790488928113,15.8596004258923,0.947,1.112
E01000270,High older mismatch,18.3053040103493,11.254851228978,30.0196605790985,14.6261215864691,0.402,1.545
E01000271,High older mismatch,22.3579718998167,9.46854001221747,33.5861702613332,12.6918480144229,0.782,0.976
E01000272,High older mismatch,27.2791023842917,9.81767180925666,45.5778110007397,7.44968896517113,0.416,1.05
E01000273,High older mismatch,20.8508088675854,10.0059916117436,20.6488221547119,5.27930150818111,0.556,0.556
E01000274,High older mismatch,13.8946280991736,11.5702479338843,25.8646640685293,8.08615111016518,1.115,1.278
E01000275,High older mismatch,22.7064220183486,9.97706422018349,29.9436218068328,11.4860804186755,0.323,0.323
E01000276,High older + care mismatch,17.1763175016265,13.8581652569941,24.9712338360498,32.2073115290418,0.723,0.723
E01000277,High older mismatch,18.0218446601942,9.10194174757282,11.975488852485,-22.2255118333301,0.193,0.193
E01000278,High older + care mismatch,17.8861788617886,13.6178861788618,24.9967705648874,29.9349468347581,0.677,0.677
E01000279,High older mismatch,26.0805860805861,9.08424908424908,45.3675568986267,14.920128685479,2.406,2.406
E01000280,High older + care mismatch,26.2331838565022,10.3139013452915,17.362573589289,29.1822145602838,0.787,0.787
E01000281,High care mismatch,11.0676355505869,13.1358300726663,8.53130623026843,16.0420634355976,0.433,0.433
E01000282,Other LSOAs,16.4823008849558,11.6703539823009,3.09988015218225,4.57347734995044,0.107,0.107
E01000283,High older mismatch,21.970802919708,11.2408759124088,27.85598107384,8.51624901160766,0.859,0.859
E01000284,Other LSOAs,13.3518005540166,9.6398891966759,-8.97669045733561,-6.87253842975647,0.745,0.745
E01000285,High older + care mismatch,18.9028420356907,11.7647058823529,27.2154232980996,39.0962234393013,1.271,1.271
E01000286,High care mismatch,15.608619685498,11.1240535818288,6.62400687775415,15.1744974637529,1.642,1.642
E01000287,High older + care mismatch,15.5405405405405,11.5479115479116,12.4514771729356,20.7257727310966,1.601,1.601
E01000288,Other LSOAs,16.010329244674,11.9431891542931,3.88278960257632,3.99772575787407,0.735,0.735
E01000289,High care mismatch,11.4484503478811,11.3851992409867,0.479501328684645,28.3446675040523,0.678,0.678
E01000290,High older + care mismatch,23.5366605052372,10.5360443622921,27.7113583722457,30.0260116069589,2.379,2.379
E01000291,High older mismatch,11.9871794871795,12.8846153846154,14.0992077573493,11.3153872568964,1,1
E01000292,High older mismatch,24.5466321243523,10.1036269430052,35.0039859585625,-3.11310628796509,0.705,0.705
E01000293,Other LSOAs,18.556119571348,10.7727016356458,-23.7335564050453,-20.6094908579713,0.293,0.293
E01000294,High older + care mismatch,20.9508015478165,11.8297401879491,28.7258273055637,33.5648814356798,0.948,0.948
E01000295,Other LSOAs,14.002478314746,9.91325898389096,8.58532430705278,9.81698798422088,0.288,0.288
E01000296,Other LSOAs,11.1484593837535,11.9327731092437,-20.5835994454342,5.99237871424977,0.422,0.422
E01000297,Other LSOAs,12.8964059196617,10.4298801973221,8.01079355848584,-2.65503731714699,0.781,0.781
E01000298,Other LSOAs,12.9088785046729,10.4556074766355,-11.5819472452251,-1.63891064628408,0.586,0.586
E01000299,Other LSOAs,12.1676430824696,10.9508787742226,-20.6371229434306,-32.9513698949458,0.718,0.718
E01000300,Other LSOAs,14.7747747747748,12.1921921921922,1.30652003552347,-6.66696913719425,0.404,0.404
E01000301,High older + care mismatch,18.4491978609626,12.0320855614973,12.7756908767357,31.8805747325994,0.247,0.247
E01000302,High older mismatch,14.1189549749861,11.3396331295164,21.0304206653225,-9.79890737543804,0.329,0.329
E01000303,High care mismatch,16.5106951871658,11.9652406417112,-6.8478011605263,18.1847465043749,0.437,0.437
E01000304,Other LSOAs,12.5964010282776,10.8611825192802,2.36144698321287,10.6189364799642,0.694,0.694
E01000305,Other LSOAs,12.0221948212084,7.33662145499384,5.14208877338955,-1.51863279299543,0.787,1.296
E01000306,Other LSOAs,12.0426829268293,5.79268292682927,-13.8591917511116,-31.4699368367578,0.326,0.85
E01000307,Other LSOAs,13.0750605326877,8.65617433414044,4.66907901565601,13.7201228430159,0.771,0.771
E01000308,High older + care mismatch,9.81042654028436,9.5260663507109,20.3975856029183,20.1002942229626,0.661,1.57
E01000309,Other LSOAs,11.9941491955144,7.94734275962945,2.09249978143994,5.96047059345392,0.536,0.642
E01000310,High older mismatch,13.3090246125798,8.61440291704649,16.4607450237166,4.32575138081627,0.391,0.391
E01000311,Other LSOAs,11.0107284020328,11.5753811405985,0.195746177083159,6.65870306874158,0.534,0.534
E01000312,Other LSOAs,7.67494356659142,9.70654627539503,-9.32926301308226,-6.18027129233583,0.814,1.468
E01000313,Other LSOAs,10.3629668595476,8.89005786428196,-24.5173540307458,-28.8959963874578,0.113,0.802
E01000314,Other LSOAs,10.5676049838486,7.84494693124135,8.95699080258508,1.41677006970322,0.283,0.283
E01000315,High older mismatch,13.2352941176471,10.3529411764706,15.0348320835556,8.69847530925337,1.637,1.637
E01000316,Other LSOAs,11.1451048951049,11.451048951049,-12.7109592416764,0.511867228638849,1.121,1.121
E01000317,High older mismatch,17.1085858585859,11.489898989899,12.3130589305203,-1.54270643322977,0.528,0.528
E01000318,Other LSOAs,19.4184839044652,9.08618899273105,9.40303442292031,-12.8061166858558,1.203,1.203
E01000319,Other LSOAs,15.02849002849,12.8917378917379,-2.04402505509124,-6.05261581406992,0.937,0.937
E01000320,High older + care mismatch,17.7077955601446,10.5317501290656,32.7259233044186,22.6178244005419,0.938,0.938
E01000321,Other LSOAs,14.1619969434539,9.98471726948548,-13.7732072399661,-9.27968506731219,0.593,0.593
E01000322,High care mismatch,16.9719827586207,12.8771551724138,1.28070442066363,15.2490279131348,1.13,1.13
E01000323,Other LSOAs,12.3837700760778,8.96027049873204,-8.64671185861534,-25.3113410342575,0.972,0.972
E01000324,High older mismatch,14.4026186579378,11.3475177304965,15.247437477125,11.3383011693406,1.471,1.494
E01000325,High older mismatch,19.2471159684274,10.8075288403157,22.7970493959724,13.882192155082,1.809,3.93
E01000326,High older + care mismatch,12.7351664254703,13.1693198263386,17.9857956320635,37.7754877573666,1.148,3.351
E01000327,Other LSOAs,23.3885819521179,10.8041743400859,6.04362498788654,-3.08209134264553,2.578,3.951
E01000328,High older mismatch,22.6023213194869,12.5839951130116,19.5619060669436,12.0836559354733,2.008,3.764
E01000329,High older mismatch,15.1032448377581,12.7433628318584,21.7936878542082,-16.0901822369293,2.833,4.431
E01000330,High older mismatch,22.3429951690821,9.05797101449275,28.3539641691062,-10.4693136886095,2.923,4.166
E01000331,High care mismatch,14.2517814726841,12.5296912114014,9.99728009606175,28.9156988396832,2.821,3.973
E01000332,High older mismatch,22.5078369905956,8.27586206896552,42.3746169168512,-2.06650025916314,2.096,2.096
E01000333,High older mismatch,15.6739811912226,12.5391849529781,34.0739076336808,1.72093195223997,2.07,2.07
E01000334,High older mismatch,18.2795698924731,11.1111111111111,36.157636548424,9.70773730485394,1.436,1.436
E01000335,High older mismatch,7.48349229640499,11.7388114453412,13.6569105146286,12.5470073637736,2.558,2.558
E01000336,High older + care mismatch,9.80980980980981,12.7127127127127,21.532592946828,28.9477715371676,1.785,1.785
E01000337,High older + care mismatch,10.9321058688147,12.6582278481013,20.4633719875283,35.6823057629604,1.414,1.414
E01000338,High older + care mismatch,10.7874865156419,11.5426105717368,20.5913446159428,26.8865722374025,1.862,1.862
E01000339,High older + care mismatch,18.2098765432099,12.037037037037,14.5476351042041,20.6261451592856,5.101,5.101
E01000340,Other LSOAs,19.5707070707071,11.7424242424242,4.51069601203798,0.672455155300341,4.216,4.216
E01000341,High older mismatch,24.025974025974,10.5194805194805,15.6088202686471,-9.16546412443439,4.482,4.482
E01000342,High care mismatch,16.0761154855643,11.6797900262467,8.35338484287802,15.7426040463921,4.765,4.765
E01000343,Other LSOAs,18.4890656063618,11.9284294234592,8.48255958390452,5.0154522498715,4.793,4.793
E01000344,High older + care mismatch,18.942731277533,12.7753303964758,15.6540428436172,15.7234083047612,5.295,5.295
E01000345,Other LSOAs,18.8524590163934,10.5067064083458,-2.24082928859982,9.51655443478214,5.249,5.249
E01000346,High older + care mismatch,18.5301507537688,11.8090452261307,35.2042069624684,24.3333242428299,5.098,5.098
E01000347,High older mismatch,20.5785667324129,11.6370808678501,25.5258543540938,3.75318605647225,4.85,4.85
E01000348,High older + care mismatch,18.6261558784676,10.8322324966975,24.8452283309172,22.6691190093829,5.048,5.152
E01000349,High older + care mismatch,21.784472769409,12.2827346465817,26.6626956051324,24.100545586501,4.591,5.121
E01000350,Other LSOAs,16.8123739071957,11.0289172831204,-18.8116137773893,4.51879316744048,5.056,5.056
E01000351,High older + care mismatch,21.1407315561066,11.0353378797272,32.7860210581832,30.3998207642501,5.304,5.304
E01000352,High older mismatch,17.4397031539889,11.9975262832406,31.8148180042761,13.8711352788166,4.812,4.812
E01000353,High older mismatch,29.7429620563036,8.7515299877601,35.1845822429853,-11.2786187446708,2.93,2.93
E01000354,High older + care mismatch,18.3769282360832,11.4688128772636,20.1389354784341,20.5889735737787,2.456,2.456
E01000355,Other LSOAs,28.5316631871955,9.18580375782881,-17.8993699282077,-30.087246151047,2.584,3.472
E01000356,High older mismatch,26.2922782386726,10.5296745373325,44.3580780534461,-0.958261792863183,2.804,2.804
E01000357,High older mismatch,16.5117941386705,11.722659042173,19.1270297941152,-4.39426733173345,2.597,2.597
E01000358,High older mismatch,20.9162145871007,10.6690777576854,13.7756419210194,-3.0319096016673,3.121,3.121
E01000359,High older mismatch,23.5946159936659,9.58036421219319,42.1059980651139,11.1546542839585,2.22,2.22
E01000360,Other LSOAs,18.2103610675039,12.1925693354265,4.82565357141017,8.60044642118908,3.83,3.88
E01000361,High older + care mismatch,14.8962916404777,11.1879321181647,25.335430301834,24.507731409841,4.27,4.27
E01000362,Other LSOAs,19.4847020933977,10.5206655931294,-10.6121985801816,-5.95505966807635,3.438,4.478
E01000363,High older mismatch,20.5769230769231,10,35.8110838723642,-2.08439440766258,4.202,4.44
E01000364,High care mismatch,17.060212514758,12.2786304604486,10.2839599721774,31.0102818104213,3.468,4.821
E01000365,High older mismatch,23.1347599768652,12.0300751879699,35.0712548423884,12.5112053032929,3.253,3.795
E01000366,Other LSOAs,14.0073081607795,11.8757612667479,-1.51987564898447,4.63155926768799,3.482,3.482
E01000367,High older + care mismatch,11.5724381625442,13.2950530035336,21.3854648842385,34.4441815026786,1.058,3.984
E01000368,High older + care mismatch,10.1907032181168,13.2300357568534,19.0498613237837,34.1912291719558,1.065,3.797
E01000369,High older mismatch,20.8549971114962,9.58983246678221,31.6205338839953,3.28937517303063,1.674,3.94
E01000370,High older mismatch,23.8614496472098,9.30083386786402,15.4476169883689,1.37204632871052,1.982,3.898
E01000371,High older + care mismatch,17.5600739371534,12.8773875539125,32.3608756105582,27.140308688999,1.551,4.093
E01000372,High older + care mismatch,14.3195266272189,10.7100591715976,22.2439667982377,33.8118559378799,1.61,3.864
E01000373,High care mismatch,4.82654600301659,16.2141779788839,-15.4769704108453,46.5665105050519,1.095,4.054
E01000374,High older + care mismatch,10.6329113924051,13.2911392405063,13.9785558863023,25.8378539101264,1.086,2.147
E01000375,High care mismatch,9.78823529411765,12.5176470588235,-6.44353402694674,25.8772745911175,1.937,2.19
E01000376,High older + care mismatch,14.1263940520446,13.3209417596035,28.1457003227603,37.08286397407,1.202,2.519
E01000377,High older + care mismatch,19.0088255261371,11.541072640869,34.1086413267263,15.5780995714867,1.545,2.997
E01000379,Other LSOAs,14.8451198129749,11.5721800116891,-5.45970300864943,7.9992543976669,2.489,2.612
E01000380,High older + care mismatch,19.9194012665515,9.44156591824986,28.7659899601514,25.3425168072909,0.962,3.006
E01000381,High older + care mismatch,16.8108776266996,12.4845488257108,32.3513931856028,32.9143929968053,4.554,4.554
E01000382,High older mismatch,20.9554140127389,11.1464968152866,39.1826019049195,-1.51136797558253,3.73,3.73
E01000383,High older + care mismatch,23.4777150031387,9.47897049591965,43.3687622225331,33.5229136626143,3.38,3.38
E01000384,Other LSOAs,18.0813953488372,12.4418604651163,3.15128246058651,-9.64929402390625,2.924,2.924
E01000385,High older + care mismatch,12.2571001494768,14.0009965122073,17.7802903860878,45.8740505852083,2.901,2.901
E01000386,Other LSOAs,17.1001300390117,11.3133940182055,-3.23315708283383,-2.83393484137586,2.673,2.673
E01000387,High older mismatch,21.9151670951157,10.3470437017995,42.753272906998,13.961615943694,4.244,4.244
E01000388,High older mismatch,24.6031746031746,9.92063492063492,28.8796254318821,4.22720411922486,3.774,3.774
E01000389,High older mismatch,21.1764705882353,11,29.2305430831926,9.84944731212139,3.855,3.855
E01000390,High older + care mismatch,20.120572720422,11.5297663903542,36.8513210363372,20.3250763694104,4.346,4.346
E01000391,High older + care mismatch,14.9057681324957,12.1073672187322,14.6572886543511,32.6523895466882,4.319,4.319
E01000392,High older mismatch,10.0051046452272,13.323124042879,18.0447184629461,1.84005290486982,3.262,3.262
E01000393,High older mismatch,14.9086623453153,11.1962286387743,27.9863676317853,-0.688331968382869,3.306,3.306
E01000394,High older mismatch,22.2972972972973,11.3636363636364,27.9704587813297,-7.43935241576619,3.434,3.434
E01000395,High older mismatch,18.6274509803922,10.9150326797386,12.0045603095494,1.68700250085525,2.571,2.571
E01000396,High older mismatch,17.6875430144529,10.0481761871989,24.0892217095397,6.79835932269079,3.075,3.075
E01000398,High older + care mismatch,18.2674199623352,9.6045197740113,26.816354957789,17.4946991770902,2.111,2.111
E01000399,Other LSOAs,21.5149586250796,9.61171228516868,-6.8336291610415,5.15676335076965,2.633,2.633
E01000400,Other LSOAs,17.418944691672,9.66306420851875,7.70380441996861,-6.01669112002809,2.702,2.702
E01000401,High older + care mismatch,19.4383259911894,11.2334801762115,36.879407432707,16.021891363183,2.928,2.928
E01000402,High older + care mismatch,15.5333749220212,12.2894572676232,12.7828325664178,38.9285729805186,2.595,2.595
E01000403,High older + care mismatch,17.5956738768719,12.8951747088186,29.4169124950129,34.458057510614,1.581,4.125
E01000404,High care mismatch,4.66364011555922,16.8799009492365,-17.842729356909,37.7696463856573,2.203,3.746
E01000405,High care mismatch,6.40862944162437,14.6573604060914,0.537255101776598,36.6847056185844,2.691,3.398
E01000406,High care mismatch,7.97574626865672,13.759328358209,-3.25294555654644,24.0869099859879,2.614,2.996
E01000407,High older mismatch,21.8298555377207,10.2728731942215,37.6816474716616,9.54870292805972,2.187,3.322
E01000408,High older + care mismatch,9.64467005076142,12.2955442752397,16.3660535244226,30.8686377522664,3.201,3.201
E01000409,High older + care mismatch,17.0017231476163,11.7748420448018,21.3250038168733,15.6503322467955,3.72,3.72
E01000410,Other LSOAs,14.7590361445783,12.289156626506,-16.8443708421087,4.88310614750808,3.611,3.611
E01000411,High care mismatch,17.68251841929,11.0515740120563,5.8527003291815,18.3449058752594,3.906,3.906
E01000412,High older + care mismatch,12.9105322763307,11.9479048697622,24.9144311038077,15.9375048445107,3.481,3.481
E01000413,Other LSOAs,16.9139465875371,12.0178041543027,-7.8778331917181,6.34341486978525,4.182,4.182
E01000414,High older mismatch,16.4029535864979,10.2320675105485,33.890049101368,-4.63969468246074,3.316,3.316
E01000415,Other LSOAs,20.5320600272851,8.79945429740791,1.53816524905563,-7.81042822053656,3.318,3.318
E01000416,Other LSOAs,13.3742331288344,8.89570552147239,-12.98558483854,-5.33947018478389,0.326,0.326
E01000417,High older + care mismatch,16.8868466398622,10.7983917288914,20.0752719766129,30.0519187744405,0.888,0.888
E01000418,High care mismatch,12.3780174627632,11.3507960965588,0.590968526583019,30.7899200238857,0.715,0.715
E01000419,High older + care mismatch,25.0670241286863,9.91957104557641,41.823082831486,21.0423808418354,1.594,1.594
E01000420,High older mismatch,20.4336399474376,10.1182654402103,33.3578882575933,6.07461551245908,1.756,1.756
E01000421,High older mismatch,26.9736842105263,9.14473684210526,50.6082064176097,-3.74015736286477,1.824,1.824
E01000422,Other LSOAs,6.20328849028401,12.2571001494768,-17.6621267933972,0.133635749571859,0.426,0.426
E01000423,High older mismatch,20.9838107098381,12.079701120797,20.6742820907747,-5.82859614050488,4.438,4.707
E01000424,High older mismatch,22.3958333333333,8.10185185185185,11.3709157866909,-7.82784274644497,4.037,4.037
E01000425,High older + care mismatch,25.1666666666667,11.5,41.966154100462,17.6068397310405,4.539,4.539
E01000426,High older mismatch,15.1913875598086,11.5430622009569,30.5469776518384,12.3470824278311,4.049,4.049
E01000427,High older + care mismatch,23.6698160119344,10.7906514172054,50.774863571902,20.8736114756756,3.64,3.64
E01000428,High older mismatch,21.3123359580052,10.8136482939633,33.9496827164876,7.93027073075375,2.863,2.863
E01000429,High care mismatch,6.21301775147929,14.9704142011834,6.82154972937561,43.1538802576666,1.076,3.922
E01000430,High older + care mismatch,7.89858605558264,14.5782545099951,14.6270985568,58.7627761320969,1.312,3.403
E01000431,High care mismatch,10.5175292153589,12.2704507512521,3.08053469994395,42.1892396198277,0.945,3.9
E01000433,High care mismatch,9.09555442003066,13.643331630046,5.32593728814273,28.1796387043856,0.564,3.439
E01000434,High older + care mismatch,10.1003764115433,12.1706398996236,21.5251874729429,53.4773068971094,0.707,2.356
E01000435,High care mismatch,13.8255033557047,12.6845637583893,4.60025004941154,28.4552727908267,0.696,3.333
E01000436,Other LSOAs,21.4772727272727,10.9659090909091,10.0883061711903,-9.11353281019494,2.356,2.356
E01000437,High older + care mismatch,16.0233066278223,10.4879825200291,12.55400738478,17.3357241453069,2.685,2.685
E01000438,Other LSOAs,13.6175251628182,13.1438721136767,4.03702967221689,10.7711043704991,2.319,3.171
E01000439,Other LSOAs,13.4926212227688,12.087139845397,4.55930536374393,2.03237531011173,1.909,3.578
E01000440,High older mismatch,23.7202595529921,8.50757029560202,36.5258747508536,-7.96142152475965,2.783,2.783
E01000441,High care mismatch,10.6866002214839,14.0642303433001,-15.8027536305461,25.5550930328875,2.355,3.289
E01000442,High older mismatch,18.8207266229899,10.4228707564026,28.2015053237479,2.85278292092472,2.253,2.253
E01000443,Other LSOAs,15.8527422990233,11.5702479338843,-9.0644906977172,6.81020733508875,4.952,4.952
E01000444,High older + care mismatch,24.9238269347959,10.8470444850701,43.6277164258873,19.0827438886395,4.016,4.145
E01000445,High older + care mismatch,23.0492196878752,12.1848739495798,45.3079545740453,27.918264379598,5.015,5.015
E01000446,Other LSOAs,15.6914893617021,12.1010638297872,-8.26368773668258,1.71735539262462,5.32,5.327
E01000447,Other LSOAs,14.5408163265306,12.6530612244898,-23.4990533123408,11.1394029698594,4.034,4.759
E01000448,High older mismatch,23.6998514115899,11.1441307578009,32.812234854209,8.13160941711918,4.717,5.587
E01000449,Other LSOAs,26.696542893726,11.01152368758,-6.8112583084412,-10.3681012192631,4.191,5.245
E01000450,High older mismatch,12.6666666666667,12.6666666666667,10.8174023126619,13.4368266299693,1.716,1.716
E01000451,High older mismatch,16,10.8571428571429,24.1983317882764,3.46854171924748,1.956,1.956
E01000452,High older mismatch,15.7635467980296,11.3300492610837,14.234176625784,-1.10155446399514,2.232,2.232
E01000453,Other LSOAs,16.2947937795808,11.7647058823529,10.7852633456615,-9.30382767630223,2.386,2.386
E01000454,High older mismatch,15.8700980392157,10.0490196078431,30.3808408378491,11.2527791654451,2.557,2.557
E01000455,High older mismatch,15.4403567447046,11.2597547380156,25.7315283360576,6.47672572500251,2.765,2.765
E01000456,High older mismatch,16.3738580463809,11.8763176387913,27.5493946396234,6.71020016171141,2.795,2.795
E01000457,Other LSOAs,16.8275862068966,10.2988505747126,-3.17062863143038,-20.5640709834564,3.596,3.596
E01000458,High older mismatch,27.8677900194426,9.65651328580687,23.9522450320955,3.48023897414336,3.973,3.973
E01000459,High older mismatch,23.8502673796791,9.73262032085561,13.0959128024406,1.16389363066699,3.423,3.423
E01000460,Other LSOAs,21.7287866772403,10.6264869151467,3.75976900281142,-5.01591103039331,4.983,4.983
E01000461,High older + care mismatch,19.0243902439024,11.1585365853659,14.4330729055624,16.067573842642,4.647,4.647
E01000462,Other LSOAs,19.6785192401364,9.30345835362884,-5.55042481507727,-7.76528793388639,4.371,4.371
E01000463,Other LSOAs,17.28,12.56,-8.37195746484886,12.1085321730308,4.819,4.819
E01000464,Other LSOAs,11.6600790513834,9.74967061923584,-5.39239383488165,2.88464472496496,0.795,0.795
E01000465,High older + care mismatch,11.6706161137441,11.4928909952607,15.744391728064,15.7732930474394,1.485,1.485
E01000466,High older + care mismatch,9.91831971995333,11.2602100350058,18.3569372645669,50.3709131563578,1.737,1.737
E01000467,High care mismatch,10.184633710542,12.9243597379393,-8.49237042488286,28.6751208458561,1.245,1.245
E01000468,High care mismatch,4.50665756230796,14.2027995903039,-4.12255158578645,51.0934255245667,1.401,1.401
E01000469,High care mismatch,8.1221198156682,13.0184331797235,-8.4108882962952,41.6981296377247,1.549,1.549
E01000470,High care mismatch,9.72434915773354,13.2465543644717,-17.6642959806798,30.4071041612027,1.041,1.041
E01000471,Other LSOAs,12.2306348281887,5.99883517763541,-5.6497885836437,-0.465892042458478,0.664,0.664
E01000472,Other LSOAs,6.78036605657238,12.2296173044925,-16.4928216986214,8.35295411670365,0.516,0.516
E01000473,Other LSOAs,8.53974121996303,7.8373382624769,-1.22452346127199,-8.52426970852921,0.499,0.499
E01000474,Other LSOAs,10.0044072278537,4.40722785368004,8.75129595165806,-4.43754680465224,0.775,0.775
E01000475,Other LSOAs,10.2069614299153,7.10253998118532,-4.53940168665037,3.06994096129569,0.554,0.554
E01000476,Other LSOAs,14.3897996357013,3.5063752276867,4.00049059655576,-25.6815798209202,0.785,0.785
E01000477,Other LSOAs,8.16154816996214,7.65671013883046,-9.61545840367528,0.410036391568092,0.603,0.603
E01000478,Other LSOAs,11.0320284697509,6.88018979833927,4.72844015238401,5.81819316133464,0.435,0.435
E01000479,High older mismatch,18.0990324416619,7.17131474103586,15.7859737174947,-14.9070634771601,0.893,0.893
E01000480,High older mismatch,15.6305506216696,7.75606867969213,26.3298794767507,4.15950273012057,0.556,0.556
E01000481,High older + care mismatch,11.1721611721612,12.2100122100122,16.016033503703,31.4281501304406,0.661,0.661
E01000483,High care mismatch,9.60086299892125,11.9201725997843,-3.69045070981986,20.5366104485711,0.99,0.99
E01000484,Other LSOAs,10.3116147308782,10.4249291784703,8.31988268548229,14.3067831325131,0.682,0.682
E01000485,High older mismatch,22.6027397260274,8.53051058530511,21.9906450100338,8.72429443516073,0.734,0.734
E01000486,High care mismatch,16.3337250293772,8.81316098707403,1.02125154607223,17.9378429596468,0.964,0.964
E01000487,High older + care mismatch,17.4044265593561,9.15492957746479,24.1596853106246,22.7546577393472,0.571,0.571
E01000488,Other LSOAs,9.95145631067961,8.37378640776699,-27.6734993467803,-12.9090470121051,0.84,0.84
E01000489,Other LSOAs,17.8343949044586,9.03300521134916,-2.95374736078119,7.97731761242704,0.744,0.744
E01000490,Other LSOAs,7.67927724449464,8.69565217391304,-15.6000832690662,-25.6063542259788,0.369,0.369
E01000491,High older mismatch,10.6589147286822,10.2713178294574,21.1964056265267,-2.83389446731562,0.319,0.319
E01000492,Other LSOAs,16.2735849056604,11.1635220125786,-21.0330485379601,4.46598727365471,0.716,0.716
E01000493,Other LSOAs,16.6144200626959,9.34169278996865,-17.9638421599464,2.2254522340323,0.633,0.633
E01000494,High older mismatch,17.0357751277683,10.221465076661,30.5376657799145,7.33087630661348,0.435,0.435
E01000495,High older mismatch,14.2138364779874,7.61006289308176,35.1817824081581,-5.54794337389788,0.552,0.552
E01000497,High older mismatch,15.5963302752294,6.47030420086915,19.7158040736195,-16.5058008443791,0.425,0.425
E01000498,High older + care mismatch,12.158956109134,8.83748517200475,20.4704866689972,20.8438671208725,1.291,1.291
E01000499,High older + care mismatch,8.90880337374802,11.6499736425936,15.3889669416444,28.5051062744368,0.66,0.66
E01000501,High older + care mismatch,10.0591715976331,11.5384615384615,20.5154339718215,31.9744811663952,0.84,0.84
E01000502,High care mismatch,10.3136629452419,13.1844763423711,2.76593088161632,29.4618241159061,0.875,0.875
E01000503,High older + care mismatch,14.1080822572932,9.56480153036824,16.7944854454626,22.8802060130764,0.99,0.99
E01000504,High care mismatch,11.0183639398998,10.2392877017251,2.23788943594804,23.1292331772281,0.426,0.426
E01000505,High older mismatch,13.910447761194,7.64179104477612,25.4956597969365,8.31278347402024,0.533,0.533
E01000506,High care mismatch,7.58579169175196,11.1980734497291,-3.36165109446819,31.07718736412,0.308,0.308
E01000507,High older mismatch,15.916101172116,8.0814312152992,27.1228933436,-1.81805263496927,0.43,0.43
E01000508,Other LSOAs,9.41446613088404,10.3329506314581,-19.8992315412048,0.678452502574984,0.601,0.601
E01000509,Other LSOAs,13.7787056367432,5.98469032707029,-9.74253175591988,-19.8102522630954,0.889,0.889
E01000510,Other LSOAs,13.2177033492823,9.09090909090909,-24.1198903045437,-13.2347293443394,0.687,0.687
E01000511,Other LSOAs,11.6318464144551,11.6318464144551,-21.8675458294095,1.98883453954929,0.404,0.404
E01000512,High older mismatch,13.7404580152672,8.5143863769818,14.8781336878029,12.432596662092,0.253,0.253
E01000513,Other LSOAs,15.7738095238095,7.44047619047619,-15.1344404657189,-25.2834764887615,1.026,1.203
E01000514,Other LSOAs,11.4012738853503,8.53503184713376,0.376108266129489,-14.556317325484,1.341,1.382
E01000515,Other LSOAs,10.0692594565796,10.8151305274374,-7.85203047081478,7.85456440372292,0.732,0.732
E01000516,Other LSOAs,10.1406050276949,7.96761823604602,-22.7707667684845,-4.01154161742691,0.82,0.82
E01000517,High older mismatch,18.607516943931,6.77757239679606,21.2464758121464,4.88578717054761,0.332,0.332
E01000518,High older mismatch,12.6436781609195,7.15778474399164,16.1128740357224,-3.53057617240465,0.967,0.967
E01000519,High older + care mismatch,10.5654761904762,9.27579365079365,19.5899343453244,32.289406561697,1.23,1.23
E01000520,Other LSOAs,14.7971360381862,10.6801909307876,-7.58135160123752,-9.91819641563261,1.021,1.021
E01000521,Other LSOAs,7.37812911725955,11.5942028985507,-16.5976277019432,7.5775451473325,0.542,0.542
E01000522,High care mismatch,8.14236957581668,12.5792296440761,-9.01803494043102,25.0537225092498,1.057,1.057
E01000523,Other LSOAs,7.69899956502827,13.2666376685515,-27.0026153731137,2.54473423711162,0.763,0.763
E01000524,Other LSOAs,9.25237505163156,11.0285006195787,-38.3702462474343,-2.77686683984167,0.528,0.528
E01000525,Other LSOAs,9.4441446303292,11.2790070156503,-2.62156986905308,7.44962576475757,0.163,0.163
E01000526,Other LSOAs,11.6871305138699,10.8231014097317,-27.9126144574637,-8.54362661487658,0.824,0.824
E01000527,Other LSOAs,11.36,12.2666666666667,-9.53774084818369,13.4438860535983,1.098,1.098
E01000528,Other LSOAs,10.0752750434279,11.2912565141865,-9.66120370318087,7.22442658827486,0.87,0.87
E01000530,Other LSOAs,12.7332601536773,10.5378704720088,-11.9111208074671,-0.534845579381837,0.654,0.654
E01000531,Other LSOAs,13.8256524153248,9.71682398667407,-33.5996115621694,-11.4128586225045,0.502,0.502
E01000532,Other LSOAs,11.4721485411141,8.42175066312997,-17.4456869949062,-5.75929667040657,0.257,0.257
E01000533,Other LSOAs,10.8095676172953,11.5915363385465,-29.8663796905104,-17.1534980707063,0.609,0.609
E01000534,Other LSOAs,10.5895821408128,11.276473955352,-10.0606195716037,4.41225130263389,0.739,0.739
E01000535,Other LSOAs,10.6237816764133,11.3060428849903,-29.0684907076471,-12.9987716158154,0.427,0.427
E01000536,Other LSOAs,22.9193341869398,8.38668373879641,6.90685922548165,-16.7803519536587,0.465,0.465
E01000538,High older mismatch,20.679012345679,7.59259259259259,19.4241965178442,2.27512477012075,1.06,1.06
E01000539,High older mismatch,21.8078381795196,7.90139064475348,23.0045430740139,-2.20935723235761,0.604,0.604
E01000540,High older mismatch,24.6396705559369,6.65751544269046,39.3675745417413,-6.59464218090609,0.758,0.758
E01000541,Other LSOAs,15.886524822695,8.15602836879433,-0.0844557558695804,0.488412491504164,0.984,0.984
E01000543,High older mismatch,16.4821648216482,6.64206642066421,26.4604160511916,-3.60170830096413,0.701,0.701
E01000544,Other LSOAs,7.85310734463277,9.94350282485876,-36.7743888230826,-5.04267712393746,0.619,0.619
E01000545,Other LSOAs,8.69338885996877,7.86048932847475,-35.9226608043397,-25.4296793311805,0.25,0.25
E01000546,Other LSOAs,11.1381618989653,8.76445526475959,-36.1994155768093,-42.5101090349212,0.367,0.367
E01000547,Other LSOAs,9.05250452625226,10.2595051297526,-26.6984130061223,-19.5967588074374,0.587,0.587
E01000548,Other LSOAs,9.28355196770938,8.17356205852674,-14.3074117700296,-23.3921385933081,0.335,0.335
E01000549,Other LSOAs,10.4189636163175,8.43439911797133,-11.5621540795992,-21.2148030552866,0.408,0.408
E01000550,Other LSOAs,12.3145400593472,9.74282888229476,-60.9854813788321,-38.2652302611067,0.068,0.068
E01000551,Other LSOAs,8.2182320441989,9.94475138121547,-38.3931213344019,-20.0855889514389,0.351,0.351
E01000552,Other LSOAs,7.33641771315268,11.8307997356246,-39.7235646060257,-8.12885576415485,0.422,0.422
E01000553,Other LSOAs,10.6810387065164,7.69230769230769,-10.05111751756,-16.3589349676543,0.491,1.049
E01000554,High older mismatch,10.761421319797,10.8121827411167,20.5911178514088,3.10307946502557,0.905,1.061
E01000555,High older mismatch,14.1955835962145,10.0946372239748,13.7258730244074,3.05054718716214,0.714,0.714
E01000556,Other LSOAs,7.18390804597701,6.51340996168582,-56.6599594629881,-53.3320414711069,0.387,0.83
E01000557,Other LSOAs,9.11528150134048,8.5254691689008,-25.2754919498758,-34.1276082004561,0.606,0.606
E01000558,Other LSOAs,13.6069114470842,9.43124550035997,-26.9742874877444,-7.0712865248255,0.65,0.65
E01000559,Other LSOAs,12.6628075253256,9.11722141823444,-8.52429249043094,-3.66362554060391,0.235,0.235
E01000560,Other LSOAs,12.1716848174247,8.64830237027547,-11.644837706129,5.51004760584259,0.374,0.374
E01000561,Other LSOAs,8.78099173553719,9.40082644628099,-16.5112243632899,-8.92161148775691,0.323,0.323
E01000562,High older mismatch,23.5761589403974,6.15894039735099,17.8400198482092,6.87280203383855,1.188,1.188
E01000563,Other LSOAs,21.8376337319069,5.91567023285085,2.04556305549162,2.32859200311926,0.816,0.816
E01000564,Other LSOAs,9.79064039408867,9.66748768472906,-4.96221396886646,-8.05939406199163,0.584,0.584
E01000565,Other LSOAs,15.6657963446475,8.61618798955614,0.786613611808949,-0.311194451310449,1.174,1.174
E01000566,High older mismatch,18.9954925949775,6.43915003219575,15.4500428138702,-16.2686570645681,0.513,0.513
E01000567,High older mismatch,14.5818441744103,10.5075053609721,16.8480655357031,10.7668709344359,0.822,0.822
E01000568,High older mismatch,9.22592259225923,6.07560756075608,14.9013191586913,0.3986954301879,0.198,0.198
E01000569,High older mismatch,22.1002059025395,6.58888126286891,27.4357868858838,3.683081093406,0.33,0.33
E01000570,High older mismatch,15.3298835705045,7.05045278137128,16.5906092274852,-1.52149378394457,0.392,0.392
E01000571,High older mismatch,15.9387407827567,4.70788428814521,17.6406250152906,-7.6836805850375,0.68,0.68
E01000572,High older + care mismatch,16.4328657314629,8.28323313293253,15.8907317090017,18.937235618256,0.468,0.468
E01000573,Other LSOAs,13.9437462597247,7.30101735487732,-1.87785745861566,-6.28485261638535,0.262,0.262
E01000574,Other LSOAs,12.1670702179177,7.68765133171913,-23.0380195190355,12.1704739589491,0.26,0.26
E01000575,Other LSOAs,8.6855550394798,7.66372503483512,9.11842766855474,4.40347224763293,0.58,0.58
E01000576,Other LSOAs,14.8266666666667,6.50666666666667,8.77753944061368,-12.2397979714435,0.739,0.739
E01000577,High care mismatch,5.30391018195896,14.2469996128533,8.32649976502919,54.8265668459247,0.356,0.356
E01000578,High older mismatch,15.0236762806715,9.68575118381403,12.5707610384316,-3.99633505570291,0.346,0.346
E01000579,Other LSOAs,10.7120352867045,9.45179584120983,-10.8103758837233,-11.9992609772803,0.317,0.317
E01000580,Other LSOAs,14.1351221849545,12.3143267848587,-24.3324848304988,-35.8054433674947,0.363,0.363
E01000581,Other LSOAs,10.1190476190476,11.0449735449735,-32.4499056381787,-16.6139081595593,0.233,0.233
E01000582,Other LSOAs,12.1424716675661,13.9233675121425,-28.3580306501298,11.6921511382783,0.37,0.37
E01000583,Other LSOAs,14.0350877192982,10.1851851851852,-46.5189622506804,-36.9618721524355,0.116,0.116
E01000584,Other LSOAs,13.6276391554703,10.4286628278951,-24.7231560018211,-14.10902619486,0.258,0.258
E01000585,Other LSOAs,9.42895086321381,12.8154050464807,-26.5581268241342,-5.0126108626517,0.282,0.282
E01000586,Other LSOAs,6.17647058823529,9.20168067226891,-26.9249553803455,-27.7800058789891,0.412,0.412
E01000587,High older mismatch,15.8671586715867,6.39606396063961,13.4233258405102,-4.47497838467731,1.043,1.043
E01000589,Other LSOAs,12.671635935661,8.63083562181248,3.29288102737257,7.08948158296828,0.536,0.536
E01000590,Other LSOAs,15.770423991727,7.29058945191313,-22.8250023946558,-28.1727356208217,0.94,0.94
E01000591,Other LSOAs,12.2879413113251,7.15268225584594,-7.70003394784875,4.73509519333277,0.407,0.407
E01000592,High older mismatch,16.1114145275806,7.15456034953577,25.0037609555649,3.81892317835106,0.622,0.622
E01000593,Other LSOAs,12.2169811320755,7.97169811320755,-2.31198179875201,10.6509305346941,0.672,0.672
E01000594,Other LSOAs,12.7964699393271,5.95697738554881,-10.1606678810048,-6.53140129382905,0.145,0.145
E01000595,High care mismatch,8.17927170868347,14.2857142857143,-19.6736082476377,45.3653625165673,0.892,0.892
E01000596,Other LSOAs,10.6003244997296,12.0064899945917,6.79645361958004,13.7392875949217,1.012,1.012
E01000599,High care mismatch,8.36421386977237,10.9052408681842,-35.8500178899465,15.2019230503782,0.414,0.414
E01000601,High care mismatch,8.08664259927798,12.4909747292419,0.979797259383686,24.1933750311473,0.345,0.345
E01000602,High older mismatch,12.233676975945,8.45360824742268,14.7279488235617,7.91459525368637,1.046,1.046
E01000603,High older + care mismatch,9.77130977130977,15.5232155232155,18.256237369163,51.6043808612399,0.709,0.709
E01000604,High care mismatch,10.511200459506,8.90292935094773,-4.55145773055097,17.9164336476996,0.723,0.723
E01000605,Other LSOAs,11.7413499716393,9.07543959160522,-7.69190288965405,12.5730585108414,0.513,0.513
E01000606,High older + care mismatch,11.8589743589744,8.49358974358975,17.3162275825044,16.0997999880424,0.441,0.441
E01000607,Other LSOAs,10.7294480895407,6.44538788112698,-11.8510906422983,14.8493740365142,0.681,0.681
E01000608,Other LSOAs,10.6928999144568,9.62360992301112,-23.7788135128736,3.65522751649252,0.783,0.783
E01000609,Other LSOAs,12.1844660194175,8.88349514563107,6.26836873638071,9.88120384979463,0.832,0.832
E01000610,High older + care mismatch,13.2144490169182,9.46502057613169,19.558696258014,27.0478573235455,0.72,0.72
E01000611,Other LSOAs,9.87012987012987,9.14285714285714,-29.4740399133475,-2.61639150901917,0.219,0.219
E01000612,Other LSOAs,12.0113314447592,8.21529745042493,-27.1088317276598,-0.136868865552792,0.355,0.355
E01000613,Other LSOAs,9.57810718358039,11.060433295325,-7.25951332956256,-3.96571363814712,0.315,0.315
E01000615,Other LSOAs,6.16974632007517,7.32853116191669,4.80199114052599,9.96672259339026,0.847,0.847
E01000616,Other LSOAs,9.3071354705274,6.46328852119959,-9.46463487461074,5.99138705632519,0.705,0.705
E01000617,Other LSOAs,13.1776112825033,6.17011899515205,-25.747293371397,-3.05052768370416,0.981,0.981
E01000618,Other LSOAs,14.4988066825776,6.02625298329356,-6.88235161900882,2.05903626841713,0.784,0.784
E01000619,Other LSOAs,14.7145379635079,6.18010594467334,5.63985577593384,-2.44277572896101,0.901,0.901
E01000620,High older + care mismatch,18.7428571428571,5.6,30.9182546925276,15.8894439979525,0.608,0.608
E01000621,Other LSOAs,11.8718939812258,5.57702926559912,-19.9800267029535,-19.274913217639,0.389,0.389
E01000622,High older + care mismatch,7.72727272727273,11.8686868686869,15.541909145945,34.7965037177205,1.513,1.513
E01000623,High older mismatch,13.7692716640085,8.13397129186603,23.0344967378396,12.3104082485008,1.355,1.355
E01000624,High older mismatch,19.0830945558739,6.87679083094556,35.3524053937051,7.09633641683027,1.273,2.054
E01000625,High older mismatch,16.2679425837321,10.1674641148325,30.5770100345574,0.331982351783871,1.13,1.13
E01000626,Other LSOAs,10.2912621359223,11.8446601941748,-2.19033821603964,4.77522788134331,1.195,1.195
E01000627,Other LSOAs,11.5234375,8.69140625,-9.92128733473967,-8.0179898582862,0.911,0.911
E01000628,High older mismatch,12.1675155631013,7.58347481607244,16.1808167609013,8.80512844994515,0.539,0.539
E01000629,High older mismatch,13.6570561456753,7.68841679312089,15.0473880306027,10.679972034731,1.513,1.697
E01000630,Other LSOAs,9.3108504398827,8.50439882697947,0.628647824713443,5.53914929170196,0.265,0.265
E01000631,Other LSOAs,14.3753014954173,6.31934394597202,-12.2246997994306,-17.4673954864661,0.658,0.658
E01000632,Other LSOAs,11.6438356164384,4.91539081385979,-25.4967516843186,-13.4621819744322,0.448,0.448
E01000633,Other LSOAs,8.79204892966361,6.19266055045872,-26.6336010849002,-29.9098631859491,0.392,0.392
E01000634,High care mismatch,8.4059068534646,8.86028019689512,6.58178608273893,20.7044223840291,0.491,0.491
E01000636,Other LSOAs,11.1068408916218,7.68639508070715,-8.72141821178762,-17.0214356403406,0.549,0.549
E01000637,Other LSOAs,12.2015915119363,9.41644562334218,-24.2552238353801,-10.2364315222427,0.558,0.558
E01000638,High care mismatch,7.99065420560748,13.3177570093458,10.5366833419637,43.2905358084827,0.66,0.66
E01000639,Other LSOAs,7.58459743290549,8.69311551925321,-17.6399360398723,-28.6789168738102,0.265,0.265
E01000640,Other LSOAs,7.62635379061372,12.0036101083032,-41.2572592058517,-0.658155268374287,0.563,0.563
E01000641,Other LSOAs,8.55971296770887,11.6863147104049,-19.5800975339307,13.2914012491822,0.343,0.343
E01000642,Other LSOAs,8.76242095754291,7.40740740740741,-20.9212029972059,-45.9282529435468,0.256,0.256
E01000643,High care mismatch,9.40285204991087,11.5864527629234,3.20782767111115,30.2969488921941,1.088,1.088
E01000644,Other LSOAs,11.0240334378265,9.19540229885057,-45.6275692476344,-36.9137142478101,0.77,0.77
E01000645,High older + care mismatch,21.0889042039972,11.7849758787043,22.8135625626156,16.4265583464548,1.021,2.302
E01000646,High older + care mismatch,18.4354485776805,11.925601750547,20.547417376715,17.5951506752874,0.895,1.488
E01000647,High care mismatch,12.5951962507323,14.6455770357352,9.47563405393724,16.8171365221668,0.915,1.137
E01000648,High older mismatch,15.8814187400741,13.3403917416623,28.2715916443935,7.58033433944182,0.371,1.559
E01000649,High older + care mismatch,19.294003868472,12.7659574468085,36.9027239414326,26.8112220941633,0.613,2.137
E01000650,High older + care mismatch,24.5847176079734,11.6832779623477,47.8356977143938,19.443791989554,0.609,1.812
E01000651,High older mismatch,25.2230814991077,11.2433075550268,30.0198587321783,6.33623875597015,0.504,1.781
E01000652,High older mismatch,21.9754529514904,11.5137346580947,41.1226362790274,0.563858715715433,1.02,1.435
E01000653,High older mismatch,24.8051948051948,11.2337662337662,44.1868303235716,7.66508411516794,1.383,1.627
E01000654,High older + care mismatch,19.3225558121632,12.0092378752887,34.0790091878803,35.6165618109358,5.306,5.306
E01000655,High older + care mismatch,17.3814898419865,12.4153498871332,31.1105611616885,40.7920113983717,4.821,4.821
E01000656,High older + care mismatch,21.9722038385175,10.4566512243547,38.2950260024435,33.1206599941587,3.793,3.793
E01000657,High older + care mismatch,18.765903307888,11.7684478371501,24.6378282180558,21.1024583838655,4.808,4.808
E01000658,High older + care mismatch,35.236664162284,7.51314800901578,65.7168883696281,19.8119114530698,4.315,4.315
E01000659,High older + care mismatch,14.7742818057456,11.4911080711354,26.7524108883666,30.1614177528624,4.492,4.492
E01000661,High care mismatch,11.2571022727273,14.5241477272727,-8.31861480673017,29.0443319584479,1.774,2.281
E01000662,High older + care mismatch,12.8333333333333,11.9444444444444,21.4407502177866,22.6058574473729,1.54,1.788
E01000663,High older + care mismatch,18.0142687277051,14.0309155766944,38.1689163491488,32.2893471885596,1.033,1.033
E01000664,High older + care mismatch,15.1624548736462,12.8760529482551,12.7023051404096,29.9739350222665,1.615,1.615
E01000665,High older + care mismatch,16.7384284176534,12.5941872981701,21.7610070985332,30.1864031684126,2.685,2.782
E01000666,High older mismatch,29.1754756871036,8.87949260042283,54.4967306687457,-5.41594506473442,4.096,4.096
E01000667,High older mismatch,23.7032569360676,10.5548854041013,30.0817696733236,11.932716552904,3.053,3.053
E01000668,High care mismatch,12.8712871287129,13.5463546354635,10.4854910207809,41.2142487558935,1.206,1.206
E01000669,Other LSOAs,12.8604382929642,14.1291810841984,-22.223089493635,-0.456234507638904,1.11,1.736
E01000670,High older mismatch,16.820987654321,10.8024691358025,18.4408974129724,1.58097680131868,0.521,0.521
E01000671,Other LSOAs,13.8705416116248,12.9018053720828,6.96504121036552,2.03469526025214,0.873,0.873
E01000672,High older + care mismatch,19.9641362821279,11.7752540346683,25.1819910799785,33.4781352292604,0.584,0.949
E01000673,High older + care mismatch,13.5410425404434,13.9005392450569,24.8754997475015,34.0306798665168,0.526,0.609
E01000674,High older mismatch,14.402332361516,11.9533527696793,19.6403657485022,-1.10309531175358,0.687,0.687
E01000676,Other LSOAs,9.30576070901034,11.0290497291974,-42.7346279777869,-33.2861202664969,0.679,0.679
E01000677,High care mismatch,8.78485007890584,14.0452393477117,-14.7959840590481,27.9310972284679,0.463,0.463
E01000678,Other LSOAs,13.5062128579146,12.5877903835764,-6.23926713318465,9.95971811671136,0.424,0.424
E01000679,High older + care mismatch,10.7640825432236,14.3892916899052,12.2587025415064,25.1077769441657,0.888,1.139
E01000680,High older + care mismatch,25.5927051671733,8.75379939209726,43.9576717001468,16.3347795397075,3.773,3.773
E01000681,High care mismatch,16.2300683371298,13.5535307517084,8.64537709953141,18.3337032185371,0.676,0.676
E01000682,High older + care mismatch,24.0821406347231,12.5700062227754,27.8967691046706,19.7040659753857,1.399,1.399
E01000683,High older mismatch,14.1431924882629,13.4389671361502,13.9616817231671,6.37516695027301,0.963,0.963
E01000684,High older + care mismatch,17.6864244741874,14.1491395793499,22.9354892614344,18.441089505155,1.621,1.621
E01000685,High older + care mismatch,14.3472906403941,13.9778325123153,14.3127271261698,18.6368356462124,2.255,2.255
E01000686,High older mismatch,26.3545150501672,11.8394648829431,15.0181780541174,4.62430897168512,1.627,1.627
E01000687,High older mismatch,25.4475703324808,11.381074168798,37.9379745131592,-6.59557033829813,2.53,2.53
E01000688,High older + care mismatch,21.3872832369942,11.3439306358382,38.1812677375685,33.2150738872906,2.697,2.697
E01000689,High older + care mismatch,17.359413202934,10.3300733496333,32.8495488231072,42.7075082227453,3.58,3.58
E01000690,High older mismatch,19.0373563218391,12.7873563218391,18.2973794912029,7.25855926011035,3.174,3.954
E01000691,Other LSOAs,17.1447196870926,12.51629726206,-12.5882618571607,11.5047367889377,2.8,3.884
E01000692,Other LSOAs,18.2307232516438,13.0902570233114,0.504110094726812,-2.11909312593488,2.905,3.493
E01000693,High older + care mismatch,36.7549668874172,8.47682119205298,73.774341538629,25.4627505128928,2.254,2.254
E01000694,High older mismatch,19.0165361183638,13.5770234986945,34.8328299912922,8.7061741557959,2.11,2.933
E01000695,High older + care mismatch,21.724818959842,11.7840684660961,35.2834598503686,37.9971666190112,2.029,3.154
E01000696,High older + care mismatch,28.3792048929664,10.2140672782875,54.7637609814312,17.1286329798977,2.038,2.038
E01000697,High care mismatch,15.5095184770437,12.0940649496081,-10.8809192006325,16.1839920565567,1.395,2.399
E01000698,High older mismatch,25.8577405857741,9.8744769874477,31.4333773320044,8.12068630528901,1.358,1.358
E01000699,Other LSOAs,7.99448656099242,12.8876636802205,-30.8796854142944,-6.8668926994534,0.45,0.753
E01000700,Other LSOAs,12.0157583716349,13.263296126067,2.42406890029309,13.3980418130953,0.246,0.246
E01000701,High older + care mismatch,10.1108033240997,14.404432132964,15.7967781304008,23.8353717967235,0.212,0.212
E01000702,High older + care mismatch,10.5299860529986,11.7154811715481,16.2060710247592,15.3211015043529,0.247,0.247
E01000703,Other LSOAs,11.2138728323699,13.5838150289017,-41.3210335831316,-3.70459524632811,0.513,0.513
E01000704,High older + care mismatch,14.431586113002,12.9339686861811,21.7257062911412,22.3552710879831,0.219,0.366
E01000705,High care mismatch,13.7905604719764,11.3569321533923,0.265570526116569,18.2273909030113,0.614,0.614
E01000706,High older + care mismatch,12.5726744186047,11.9912790697674,27.0120451589072,24.7382089335451,0.41,0.41
E01000707,Other LSOAs,9.81432360742706,17.1087533156499,-11.3359193532459,11.1661079650847,0.683,0.683
E01000708,Other LSOAs,15.6213017751479,13.491124260355,-14.733709796826,5.86397796336729,0.574,0.574
E01000709,High older mismatch,21.6788321167883,9.41605839416058,27.729151181927,-22.6087716073989,0.489,0.489
E01000710,High older + care mismatch,13.6498516320475,10.3857566765579,27.9880932704013,25.9200126164201,0.894,0.894
E01000711,High older mismatch,16.9238956891964,9.47312400212879,32.9367788645639,11.9446699479573,0.704,0.704
E01000712,High older mismatch,19.3979933110368,9.25306577480491,15.990400673707,-20.6590154826747,0.364,0.364
E01000713,High older + care mismatch,15.6841535965387,11.790156841536,30.1632214544986,22.0530685613281,0.388,1.031
E01000714,Other LSOAs,14.1143911439114,12.0387453874539,-40.9173427481929,-23.8930338338195,0.265,0.265
E01000715,High older mismatch,21.4326321773735,10.0056850483229,13.7006256683801,-21.8994064624968,0.8,0.8
E01000716,High older mismatch,26.5738498789346,10.2905569007264,35.3413208995255,-13.7216635189529,0.925,0.925
E01000717,High older + care mismatch,18.4009406231628,10.9935332157554,40.5078676509466,19.387648897808,0.51,0.51
E01000718,High older + care mismatch,11.1381322957198,12.9863813229572,16.7508894821762,21.0467017391968,0.739,1.092
E01000719,High care mismatch,11.6619452313503,13.7393767705382,8.36252720173311,40.2406559355469,0.716,0.716
E01000720,High older + care mismatch,10.882842865075,13.8256524153248,20.5046372143086,55.3029493393898,2.191,2.191
E01000721,High care mismatch,9.78802992518703,12.5311720698254,2.70517297596919,17.8179679936725,1.21,1.21
E01000722,High care mismatch,14.1774891774892,11.8506493506494,-24.1567346738058,15.4132901216549,0.597,0.597
E01000723,High older mismatch,30.3225806451613,8.38709677419355,58.755378500317,9.47530156387535,2.266,2.266
E01000724,High older + care mismatch,11.1309523809524,14.047619047619,12.037257993413,36.1687501420868,1.162,1.162
E01000725,Other LSOAs,14.4977168949772,12.0433789954338,-26.1627473617574,1.34666758247288,1.041,1.041
E01000726,Other LSOAs,22.2052067381317,10.0306278713629,-17.5929089011567,-28.510840355638,1.366,1.366
E01000727,High older mismatch,22.9450029568303,11.2359550561798,15.5949833673352,-2.29602998373204,1.304,1.304
E01000728,High older + care mismatch,21.2661339889367,10.940381069453,41.7396046467359,45.0522263700698,1.996,1.996
E01000729,High care mismatch,8.42696629213483,14.7599591419816,-17.6036394495635,26.2417455475135,1.136,1.136
E01000730,Other LSOAs,9.23672566371681,13.4955752212389,1.41893451633236,14.1811882905675,0.29,0.29
E01000731,High older + care mismatch,14.0072202166065,12.3465703971119,27.0619086024576,45.4369255939341,0.684,0.684
E01000732,High older mismatch,17.1296296296296,10.9126984126984,30.1611878441385,7.22533539870958,1.043,1.043
E01000733,Other LSOAs,15.638106650689,12.282804074296,-9.19871841934927,-6.75502638614309,0.66,0.66
E01000734,High care mismatch,14.2960288808664,14.3682310469314,-9.25991544709638,28.713157604761,1.012,1.012
E01000735,High older mismatch,12.2977346278317,12.8802588996764,22.734308789387,13.2683265095435,1.821,1.821
E01000736,High care mismatch,12.3396456933415,12.5229077580941,7.86300618109254,20.4596314559437,1.567,1.567
E01000737,Other LSOAs,15.3846153846154,12.3219373219373,3.23359205931068,6.31090207249613,1.05,1.05
E01000738,Other LSOAs,18.8165680473373,11.1834319526627,3.99130277872374,-6.87582220285867,1.142,1.142
E01000739,Other LSOAs,11.5613825983313,13.7663885578069,-13.8917478306253,12.7456797798331,0.671,0.671
E01000741,Other LSOAs,6.71806167400881,10.9030837004405,-33.5051786336898,11.0522260791087,0.293,0.293
E01000742,High older + care mismatch,6.74210278170674,10.6553512494107,13.8779818429039,20.016999243759,0.231,0.231
E01000743,High older mismatch,15.9528907922912,10.4389721627409,19.372850577325,12.5327010536835,0.279,0.279
E01000744,High care mismatch,13.0211674150096,11.7382937780629,-15.9515519422042,26.0987603685139,0.659,0.659
E01000745,High older + care mismatch,7.11252653927813,11.9426751592357,15.794549839088,22.9471472987955,0.472,0.472
E01000746,High care mismatch,9.54028670291646,11.5669797330697,-10.0550516014527,20.0204805399248,0.38,0.38
E01000747,High older + care mismatch,18.8949185989147,11.1988159842131,35.4935041814741,41.9129891700389,2.458,2.458
E01000748,High older + care mismatch,32.3250296559905,7.23606168446026,58.2599690294428,24.342978731172,6.896,6.896
E01000749,High older + care mismatch,30.1270417422868,10.2843315184513,53.9442769016199,25.2399006107347,3.754,3.754
E01000750,High older + care mismatch,22.6960110041266,10.9353507565337,24.4113714701075,17.3756992842724,1.752,1.752
E01000751,High older + care mismatch,18.1898454746137,13.6865342163355,38.2777525812586,48.9348632734932,2.881,2.881
E01000752,Other LSOAs,28.4650630011455,10.7674684994273,9.28806163700488,-4.23594746175286,1.969,1.969
E01000753,High older + care mismatch,24.8581743166581,11.2944816915936,47.0278711636335,23.7508933324874,1.352,1.352
E01000754,High older + care mismatch,18.5415488976823,13.0016958733748,28.3302958926183,32.1617443565964,0.461,0.461
E01000755,High older + care mismatch,22.2832722832723,12.5763125763126,30.7268607645722,25.5438311300766,0.823,0.823
E01000756,High older mismatch,23.1985940246046,11.3063854715876,12.0294800422662,4.29540961798751,2.273,2.273
E01000757,High older + care mismatch,27.9439847231063,11.3940165499682,47.8230082506091,26.9702424037057,0.904,0.904
E01000758,High older mismatch,20.7443142660234,13.0944176430048,20.0068589265527,9.11673372490971,0.629,0.629
E01000759,High older + care mismatch,19.1747572815534,11.8325242718447,32.3152161769962,35.8030264029548,1.566,1.566
E01000760,Other LSOAs,23.4537660747091,11.1451316595224,3.66117943319893,-9.87984345899137,2.387,2.387
E01000761,High older + care mismatch,21.1003236245955,12.168284789644,28.4311614652665,16.719770352426,2.503,2.503
E01000762,High older + care mismatch,17.9839633447881,12.4856815578465,36.9861178402358,26.8451390049647,1.116,1.116
E01000763,High older + care mismatch,19.606512890095,12.6865671641791,23.6004893461963,34.3144553111743,1.539,1.539
E01000764,High older + care mismatch,16.0881542699725,12.7823691460055,12.7804561765722,17.916732830876,1.751,1.751
E01000765,High older mismatch,18.6800894854586,12.248322147651,35.9160288330392,14.7350178002823,3.055,3.055
E01000766,Other LSOAs,20.495867768595,13.4435261707989,3.38539441917541,9.71993301203693,2.344,2.344
E01000767,High care mismatch,21.0171568627451,12.9289215686275,-22.299974670254,19.3157156634256,2.384,2.384
E01000768,High older + care mismatch,23.3844103930713,12.1918720852765,34.2166951303467,27.8107148996241,3.062,3.062
E01000769,High older + care mismatch,15.4178674351585,10.7348703170029,28.359466643011,31.9686753235819,1.985,1.985
E01000770,High older mismatch,31.641397495056,9.42649967040211,43.4118900930595,-3.77434288289639,1.096,1.096
E01000771,Other LSOAs,20.9009009009009,12.7927927927928,3.55742479375454,10.8648114921542,1.063,1.063
E01000772,High older mismatch,32.1338383838384,8.77525252525252,48.6413036642431,-8.08366428949062,1.116,1.116
E01000773,High older + care mismatch,21.22552116235,12.3815540113708,18.4800928733982,23.4283964926509,1.426,1.426
E01000774,Other LSOAs,16.0239361702128,14.0292553191489,-10.9823351161479,8.50022158766016,0.758,0.758
E01000775,High older mismatch,17.5569176882662,12.7408056042032,18.5292338746021,13.6031625485747,2.06,2.06
E01000777,High older mismatch,15.450643776824,13.0594727161251,27.6793405387041,12.2899006566319,1.152,1.152
E01000778,High older mismatch,14.1277641277641,12.1621621621622,24.9215817213179,10.1821672106567,0.852,0.852
E01000779,High older + care mismatch,22.8020014295926,9.86418870621873,41.5081218939335,21.6292012381991,3.799,4.17
E01000780,High older mismatch,15.136476426799,12.7791563275434,14.4472443740375,10.2877174951356,3.728,4.169
E01000781,High care mismatch,9.4723458359822,13.986013986014,3.93154231911268,21.1775878574733,3.358,3.975
E01000782,Other LSOAs,10.5433376455369,12.3544631306598,-19.9388865087423,-15.8334472341302,3.142,3.571
E01000783,Other LSOAs,8.8,13.6,-15.3112628905839,10.1579672651751,3.028,3.744
E01000784,High care mismatch,13.6159280667951,13.8086062941554,-16.0472548902805,24.1629458846553,2.792,3.714
E01000785,Other LSOAs,10.9771573604061,13.6421319796954,-4.42082196077192,1.04887789037408,2.789,3.339
E01000786,High older mismatch,32.9444063143445,8.64790665751544,62.2758832592634,-10.1768593241769,2.209,2.209
E01000787,Other LSOAs,24.0540540540541,9.66216216216216,-0.949743102655489,-11.2198766113798,1.758,1.758
E01000788,High care mismatch,17.2435105067985,11.0012360939431,8.8006980810808,19.4486533177421,1.25,1.25
E01000789,High care mismatch,7.08955223880597,15.5117270788913,-37.4926695100295,20.5003229201937,1.935,1.935
E01000790,Other LSOAs,14.1550522648084,10.8449477351916,-10.302050849853,-32.7164825385134,0.515,0.515
E01000791,High older mismatch,26.8211920529801,9.40397350993377,38.6055724650463,14.2772201800486,1.629,1.629
E01000792,Other LSOAs,17.8807947019868,12.9139072847682,1.90400901470933,4.53951155079749,1.852,1.852
E01000793,High older mismatch,26.3595649392195,11.0044785668586,49.1725157338408,4.19228662303642,1.274,1.274
E01000794,High older mismatch,27.4838709677419,10.5161290322581,13.7975346390536,5.83228976570662,1.284,1.284
E01000795,High older mismatch,20.3904555314534,12.4367317425886,22.0983202678696,14.5763889314602,1.827,1.827
E01000796,High care mismatch,8.1327260897853,12.1665582303188,-26.7505401849175,19.2243151218542,0.401,0.401
E01000797,High care mismatch,13.5511191772535,12.5226860254083,10.2912621114126,25.6324181956026,0.64,0.64
E01000798,Other LSOAs,10.254735467015,10.7119529719138,-10.4014119370555,-0.923020614090355,0.639,0.639
E01000799,Other LSOAs,10.4270660011093,12.4792013311148,-16.1644128951825,-2.36429328445168,0.604,0.604
E01000800,Other LSOAs,7.8820697954272,11.1311672683514,-26.0053731146717,-1.7888067713251,0.219,0.219
E01000801,Other LSOAs,13.6063408190225,11.0303830911493,-10.8529698479659,-2.71988578547081,0.488,0.488
E01000802,High older + care mismatch,11.038961038961,11.3095238095238,16.6036606262312,21.9766344829884,0.445,0.445
E01000803,Other LSOAs,15.5183116076971,10.6145251396648,1.50425121740034,6.84780852139141,0.753,0.753
E01000804,High older + care mismatch,20.0680272108844,12.312925170068,33.9428839555883,19.5561713470779,1.108,1.108
E01000805,High older mismatch,13.6873156342183,12.5663716814159,14.461753312751,14.4918660666945,0.883,0.883
E01000806,High care mismatch,5.53613053613054,14.8601398601399,-35.962581209503,21.2108891794625,0.349,0.349
E01000807,High older + care mismatch,17.8057553956835,14.0287769784173,21.703106968614,48.7026397224263,0.796,0.796
E01000808,High older + care mismatch,21.8170185540627,12.7319257837492,38.6876445534404,23.8997573652883,0.937,0.937
E01000809,High older mismatch,24.7089262613195,11.7076326002587,39.9974561606426,7.83394236535581,0.709,0.709
E01000810,High older + care mismatch,24.0596627756161,13.3592736705577,27.7547069441521,24.7377188711386,0.606,0.606
E01000811,Other LSOAs,17.5091575091575,14.3589743589744,5.1497721258313,13.962979700709,0.402,0.402
E01000812,Other LSOAs,21.5818516247701,10.8522378908645,-9.12103764236944,2.56696553071749,0.897,0.897
E01000813,High older mismatch,23.6724248240563,12.2200895713372,11.0417122714201,-14.0613413983677,0.675,0.675
E01000814,Other LSOAs,25.098814229249,11.7259552042161,-6.62020035609063,-6.08809439247487,0.565,0.565
E01000815,High older mismatch,24.7846255798542,11.2657388999337,31.504082669341,11.6438177545441,0.822,0.822
E01000816,High older + care mismatch,19.488188976378,11.5485564304462,36.5332544666041,23.8961967438172,2.21,2.476
E01000818,High older + care mismatch,20.5341246290801,9.67359050445104,36.1209158492136,31.7819430533782,2.401,2.535
E01000819,High care mismatch,15.5135135135135,12.4864864864865,-1.94301921564329,15.2852849616242,1.999,1.999
E01000820,High care mismatch,18.4128952262864,13.0192188468692,5.28760860905376,21.4001947557746,1.784,1.784
E01000822,Other LSOAs,12.0098039215686,14.093137254902,-26.4929099550825,-4.20137086215998,1.173,1.173
E01000823,Other LSOAs,14.5722713864307,12.8613569321534,-11.9298556257862,12.9530537361569,1.34,1.34
E01000824,Other LSOAs,9.29899856938484,13.3047210300429,-21.097563208537,1.36929115772886,1.027,1.027
E01000825,Other LSOAs,14.4144144144144,12.6726726726727,9.00094018584447,9.51625495225858,1.111,1.111
E01000826,High older + care mismatch,20.8078335373317,11.9339045287638,35.4673783676462,34.0317027477601,1.645,1.645
E01000827,High older + care mismatch,22.4845418774592,12.0854412591343,21.7376310764828,27.6943967780989,1.284,1.284
E01000828,High older mismatch,21.2103407755582,11.8683901292597,44.1864605038277,14.3437205856631,0.561,0.561
E01000829,Other LSOAs,14.1322781232335,13.0582249858677,-4.26406658851468,-9.54686102814797,0.362,0.362
E01000830,High older + care mismatch,20.8615384615385,12.4307692307692,30.314378379163,32.1093591916372,1.361,1.361
E01000831,High older mismatch,23.6919459141681,11.6402116402116,50.5264418643492,-1.35650769639715,0.889,0.889
E01000832,High older mismatch,22.8662420382166,11.0828025477707,31.4919225872663,11.4083389508184,2.845,2.845
E01000833,High older + care mismatch,17.8991015894955,11.9557705597789,23.951429567662,28.1083850516638,1.901,1.901
E01000834,High care mismatch,15.7048940832725,13.1482834185537,7.61314072963089,17.4706414989217,2.138,2.138
E01000835,Other LSOAs,18.4869169510808,12.3435722411832,-15.0558616896167,-9.69815545924337,2.668,2.668
E01000836,High older + care mismatch,16.414686825054,13.7508999280058,26.9425232755562,34.4982930968902,2.586,2.586
E01000837,Other LSOAs,19.7696737044146,12.3480486244402,10.6581066795561,8.47470713565773,2.681,2.681
E01000838,High older mismatch,24.7379454926625,10.5520614954577,45.2093202581952,3.40398785688153,2.993,2.993
E01000839,High older + care mismatch,25.6834532374101,9.49640287769784,41.8821030321155,29.4788664432533,1.791,1.791
E01000840,High older mismatch,39.1683433936955,8.04828973843058,50.998800161583,13.5696536224413,1.933,1.933
E01000841,High older + care mismatch,22.9093050647821,11.4840989399293,27.6251162077324,22.2662224041662,2.032,2.032
E01000842,Other LSOAs,14.6153846153846,9.72027972027972,2.51779970029905,-9.09267214188975,0.455,0.455
E01000843,Other LSOAs,15.3266331658291,8.87772194304858,-21.761158740787,-29.0674077335347,0.37,0.37
E01000844,Other LSOAs,10.3363914373089,11.6819571865443,-35.1212257447619,-14.0820268892716,0.38,0.38
E01000845,Other LSOAs,12.9333333333333,9.66666666666667,-38.5476937320062,-23.8243284755907,0.608,0.608
E01000846,Other LSOAs,14.2365887207703,11.5543328748281,-17.2456023135693,-3.68053447791119,0.656,0.656
E01000847,Other LSOAs,12.7579737335835,11.6322701688555,-27.557272976134,-7.59765831834591,0.374,0.374
E01000848,Other LSOAs,13.1224764468371,10.3633916554509,-14.2839891436391,-18.6503677835779,0.306,0.306
E01000849,Other LSOAs,12.5920471281296,8.46833578792342,-20.6944720186631,-33.5290500229524,0.094,0.094
E01000850,Other LSOAs,7.30337078651685,3.01966292134832,-72.814826018035,-79.8795866913293,0.235,0.235
E01000851,Other LSOAs,5.87837837837838,3.31081081081081,-59.770377024584,-57.9333012153249,0.31,0.31
E01000853,Other LSOAs,20.2135231316726,7.33096085409253,-38.9561321667697,-47.2136756174512,0.172,0.172
E01000855,Other LSOAs,13.3996937212864,3.67534456355283,-31.602182800624,-49.9466931850203,0.294,0.294
E01000856,Other LSOAs,8.48522941546198,7.29101194217473,-48.2789010966954,-42.0434666770162,0.22,0.22
E01000857,Other LSOAs,15.301724137931,9.05172413793103,-43.3248591877169,-21.7523161283612,0.506,0.506
E01000858,Other LSOAs,8.95445134575569,8.12629399585921,-16.9990469518784,-6.98104924744596,0.234,0.234
E01000859,Other LSOAs,16.051912568306,9.49453551912568,-24.9838489085302,-8.83675607105889,0.38,0.38
E01000860,High older mismatch,29.8840321141838,6.86886708296164,20.1219829918827,-20.196120069663,0.634,0.634
E01000861,Other LSOAs,10.0292825768668,5.41727672035139,-25.7593826037919,-33.2573236741432,0.205,0.205
E01000862,High older mismatch,14.650059311981,10.6168446026097,11.6735410829323,-12.1197693786369,0.458,0.458
E01000863,Other LSOAs,6.10583446404342,5.56309362279512,-37.9732154643982,-41.2384606088273,0.09,0.09
E01000866,Other LSOAs,12.7942681678608,9.82599795291709,-49.1620450349049,-15.8497600445074,0.375,0.375
E01000867,Other LSOAs,8.75576036866359,6.79723502304147,-42.0584375223628,-29.4080613416545,0.165,0.165
E01000868,High care mismatch,7.0446735395189,10.7674684994273,0.389485871259053,26.0833759634236,0.612,0.612
E01000869,Other LSOAs,11.7737789203085,7.50642673521851,-30.9100767639974,-34.6027994182825,0.803,0.813
E01000870,Other LSOAs,10.7365792759051,8.98876404494382,-33.320832672669,-27.1143540016673,0.505,0.649
E01000871,Other LSOAs,15.811707905854,10.0181050090525,-6.7913180324359,5.29026303912622,0.911,0.977
E01000872,Other LSOAs,9.37320299022427,7.87809085681426,-47.1945635146893,-39.8089621392636,0.641,0.784
E01000873,Other LSOAs,10.6894370651486,10.9424414927261,-9.63359116976085,-15.0405814857158,0.659,0.659
E01000874,Other LSOAs,14.5748987854251,11.2010796221323,-36.6618829743382,-38.2932773051037,0.532,0.647
E01000875,Other LSOAs,9.4147582697201,8.07888040712468,-19.141348638196,-26.462543786841,0.395,0.395
E01000876,Other LSOAs,9.93756503642039,9.00104058272633,-13.673364298327,3.25702191537198,0.369,0.369
E01000877,Other LSOAs,10.706932052162,9.67741935483871,-16.4045333247753,-18.4612870142887,0.728,0.845
E01000878,High older mismatch,15.9859976662777,12.1353558926488,15.4546637326219,4.29983993454507,0.867,0.87
E01000879,Other LSOAs,13.0100076982294,11.7013086989992,-1.00679697179929,-20.0888450617573,0.326,0.326
E01000880,Other LSOAs,11.9688385269122,13.2436260623229,10.7464826664342,14.0480518576023,0.374,0.374
E01000881,Other LSOAs,9.16967509025271,10.4693140794224,-1.51252787381592,-21.8766568185539,0.454,0.454
E01000882,Other LSOAs,13.7741046831956,11.7768595041322,-0.894811404102775,6.19856313919031,0.474,0.474
E01000883,Other LSOAs,9.54907161803713,9.6816976127321,-17.7755513846144,-35.788535129669,0.192,0.192
E01000884,High older mismatch,14.8299319727891,12.9931972789116,16.6862535305755,12.0441847332858,1.059,1.059
E01000885,High older + care mismatch,23.28125,11.5625,40.4787143450145,21.3538012234074,0.489,0.489
E01000886,Other LSOAs,16.1266013564431,9.19366993217784,-18.1034568925566,-13.7485089997389,0.184,0.184
E01000887,Other LSOAs,11.5994236311239,8.57348703170029,-48.3843096471053,-43.5382151125669,0.185,0.185
E01000888,Other LSOAs,14.1887304820095,11.0658520027155,-23.8156627759047,-13.1665506900555,0.485,0.485
E01000889,Other LSOAs,11.7081447963801,11.1425339366516,-17.6803061784921,4.49003735716236,0.374,0.374
E01000890,Other LSOAs,14.6433990895296,11.1532625189681,-2.19384346301338,10.3210127915312,0.502,0.502
E01000891,Other LSOAs,12.0457604306864,9.35397039030956,-43.6059020619574,-15.2890136355558,0.485,0.485
E01000892,Other LSOAs,13.463687150838,9.66480446927374,-22.826017861448,-15.2961907572595,0.303,0.303
E01000893,High older + care mismatch,19.4927536231884,9.49275362318841,12.829502719372,17.4091070385586,0.558,0.558
E01000894,High older mismatch,19.1974822974036,11.4083398898505,14.3280294141321,0.618042254938679,0.491,0.491
E01000895,Other LSOAs,17.2036082474227,9.92268041237113,1.00621714939976,-34.6627597154654,0.068,0.068
E01000896,Other LSOAs,16.7827298050139,11.4206128133705,-33.6882673357513,-23.0899299023691,0.306,0.306
E01000897,Other LSOAs,15.4685494223363,13.9281129653402,-12.7415086873803,-6.05861720251867,0.543,0.543
E01000898,Other LSOAs,13.1612090680101,7.80856423173804,-33.5298736871764,-46.5859258960412,0.219,0.219
E01000899,High older mismatch,19.5387572069186,10.6982703395259,32.4897434245684,10.5808254304192,0.895,0.895
E01000900,Other LSOAs,11.85536455246,8.89152341434499,-43.7077835728331,-27.1482454752022,0.448,0.448
E01000901,Other LSOAs,6.53826659908768,13.1272174353776,-51.9090692553646,-0.959721242823825,0.29,0.29
E01000902,Other LSOAs,13.6299435028249,9.81638418079096,-2.67367178277002,-15.1718003008386,0.403,0.403
E01000903,Other LSOAs,16.9383416017009,9.07158043940468,6.48190183105691,-7.84684539748656,0.403,0.403
E01000904,Other LSOAs,12.5363020329138,7.79283639883834,-43.0879320893495,-51.9494661544607,0.311,0.311
E01000905,Other LSOAs,11.7145899893504,10.1171458998935,-45.382408168993,-28.2564202165466,0.212,0.212
E01000906,Other LSOAs,11.8175535590878,7.94747753973739,-20.7699631560605,-32.7835027050079,0.267,0.267
E01000907,Other LSOAs,12.8706199460916,12.2641509433962,0.233035369309768,9.88345549473502,0.481,0.481
E01000908,Other LSOAs,15.4503616042078,9.46745562130178,7.93907603713159,7.54282215527661,0.778,0.778
E01000909,Other LSOAs,22.609819121447,10.1421188630491,4.16230184900557,1.31655753135995,0.79,0.79
E01000910,Other LSOAs,18.628912071535,10.1341281669151,-5.27516399453658,-15.8830075325626,0.515,0.515
E01000911,Other LSOAs,15.5076495132128,10.8484005563282,-18.8919580631531,-9.93924960282626,0.345,0.345
E01000912,High older mismatch,15.4476670870113,8.63808322824716,13.3423865387462,11.0338713881453,0.613,0.613
E01000913,High older + care mismatch,25.4522769806613,9.35745477230193,41.7865737615516,26.7533439508048,1.361,1.361
E01000914,Other LSOAs,13.5306553911205,5.07399577167019,-47.4488941498848,-53.3160270437664,0.252,0.252
E01000915,Other LSOAs,11.6492146596859,9.62041884816754,-55.6971147541074,-31.8549563455322,0.352,0.352
E01000916,Other LSOAs,9.70873786407767,6.25674217907228,-42.3518476712779,-42.3994362043377,0.251,0.251
E01000917,Other LSOAs,10.6473079249849,9.07441016333938,-36.4846200450969,-37.2141937692197,0.248,0.248
E01000918,Other LSOAs,12.2699386503067,4.29447852760736,-50.0159331919133,-50.2629319815777,0.218,0.218
E01000919,Other LSOAs,11.1111111111111,5.20833333333333,-50.6148501794841,-50.7885814639356,0.281,0.281
E01000920,Other LSOAs,14.1364474492932,5.7160417947142,-45.200173204213,-54.490547794192,0.608,0.608
E01000921,Other LSOAs,8.05333333333333,8.32,-39.9315678467512,-43.1123740863245,0.329,0.413
E01000922,Other LSOAs,7.18375845913587,8.01665799062988,-55.5048510514742,-40.5002881607914,0.293,0.354
E01000923,Other LSOAs,14.9965445749827,9.32964754664824,-42.3483557359492,-35.6608558909119,0.228,0.486
E01000924,Other LSOAs,10.9554140127389,7.96178343949045,-40.7570081594324,-38.0224253122286,0.474,0.573
E01000925,Other LSOAs,12.6336898395722,11.0294117647059,-43.4932257148547,-19.1217482264866,0.217,0.702
E01000926,Other LSOAs,7.47790618626785,9.31339225016995,-30.1681826820601,-26.3839310242735,0.604,0.844
E01000927,Other LSOAs,14.8244473342003,8.71261378413524,-38.4447527270328,-41.7332352971578,0.213,0.213
E01000928,Other LSOAs,12.2008172796264,9.39871570344425,-32.8842835256696,-28.5758313828695,0.419,0.419
E01000929,Other LSOAs,10.2403343782654,11.0240334378265,-21.7837045331702,5.21237034323354,0.377,0.377
E01000930,Other LSOAs,16.1475802587446,9.5831336847149,-19.5813720133843,-34.8415909319035,0.085,0.085
E01000931,Other LSOAs,9.27634774162215,11.2190383681399,-30.0535061107405,-11.9008519102713,0.392,0.392
E01000932,Other LSOAs,9.71590909090909,6.875,-12.4481826338332,-35.5293679152307,0.496,0.496
E01000933,Other LSOAs,11.3058224985868,8.14019219898248,-4.53823634257669,-32.0395808179232,0.325,0.325
E01000934,Other LSOAs,15.1254953764861,9.5112285336856,-3.56149027610438,-13.8188293400944,0.2,0.2
E01000935,High care mismatch,9.73782771535581,12.6092384519351,-10.2149598316593,15.8218103529588,0.486,0.486
E01000937,Other LSOAs,8.84718498659517,3.84271671134942,-61.9438757083486,-60.1356625318774,0.305,0.305
E01000938,Other LSOAs,7.15850986121256,7.0854638422206,-49.7468961438429,-19.8580728563851,0.554,0.833
E01000939,Other LSOAs,8.08569454042847,7.32550103662751,-57.5176269473212,-35.8519774527915,0.34,0.683
E01000941,Other LSOAs,11.4357262103506,8.51419031719533,-57.5344725156038,-35.4172343602087,0.381,0.508
E01000942,Other LSOAs,11.1439842209073,4.14201183431953,-44.685885730775,-55.8160872535436,0.326,0.509
E01000943,Other LSOAs,6.49842271293375,1.89274447949527,-67.4966863519096,-62.2515740444388,0.385,0.385
E01000944,Other LSOAs,9.98632010943912,7.11354309165527,-54.9281541632657,-46.3978034161087,0.399,0.399
E01000946,Other LSOAs,11.8556701030928,8.18298969072165,-32.6122659637833,-30.4518403341713,0.719,0.719
E01000947,Other LSOAs,7.98798798798799,5.10510510510511,-72.1743212718477,-56.8674550764706,0.064,0.064
E01000948,Other LSOAs,15.1337247227658,8.08871493803001,-1.95557439240962,-19.3514520140399,0.469,0.469
E01000949,Other LSOAs,9.99375390381012,10.3060587133042,-53.542203652465,-33.4317880642096,0.48,0.48
E01000951,Other LSOAs,8.92508143322476,10.4885993485342,-66.693196316334,-35.8268774782085,0.547,0.547
E01000952,Other LSOAs,8.35308056872038,8.64928909952607,-29.5646510946139,-14.7093813622711,0.336,0.336
E01000954,High care mismatch,8.27625570776256,13.013698630137,-35.7354126689243,17.8314208030658,0.28,0.28
E01000955,Other LSOAs,12.6854599406528,9.9406528189911,-44.3496091259479,-26.1504063862808,0.271,0.271
E01000956,Other LSOAs,6.17940199335548,8.63787375415282,-52.0825440497396,-23.2358441767224,0.269,0.454
E01000957,Other LSOAs,10.0910470409712,8.49772382397572,-19.8902908056468,-3.22971461591092,0.313,0.313
E01000958,Other LSOAs,4.31972789115646,7.2108843537415,-30.3683578657927,-8.04569807692826,0.517,0.517
E01000959,Other LSOAs,10.2776137034849,7.7968103957472,-41.1439328057969,-35.5716570142157,0.258,0.258
E01000960,Other LSOAs,9.84483681112895,10.1123595505618,-28.4147070183989,-29.5490313188997,0.27,0.27
E01000961,Other LSOAs,10.4294478527607,10.7083100948132,-23.081740795841,-16.475465320861,0.107,0.107
E01000962,Other LSOAs,8.68438107582631,8.94361633182113,5.36889031114118,-22.087817487615,0.323,0.323
E01000963,Other LSOAs,11.9791666666667,13.125,-35.6661765672052,-13.0344801368385,0.335,0.335
E01000964,High older mismatch,11.7850953206239,10.3408434430965,18.5953471240982,-5.11314910967878,0.375,0.375
E01000965,Other LSOAs,7.91157649796393,10.3548574752763,9.21734539617993,2.67158316080477,0.357,0.357
E01000966,High older mismatch,10.5328376703841,11.3382899628253,16.473163101539,-2.37652501087022,0.375,0.375
E01000967,High care mismatch,15.0551589876703,12.2647631408177,5.87482026432259,17.9702216819511,0.785,0.785
E01000968,Other LSOAs,10.7556160653506,8.23689584751532,-1.85852834806452,-13.6007952773709,0.234,0.234
E01000969,Other LSOAs,10.0601421541826,8.14652815746309,-3.27132171216575,-13.038151157922,0.343,0.343
E01000970,Other LSOAs,8.03698435277383,7.25462304409673,-47.9132919317454,-45.4783495566952,0.213,0.33
E01000971,Other LSOAs,12.6984126984127,11.4890400604686,-48.3641749353258,-25.9196473148068,0.386,0.482
E01000972,Other LSOAs,10.8273748723187,8.78447395301328,-4.46766885221307,-2.40901162788512,0.153,0.153
E01000973,Other LSOAs,6.16946505271378,7.84849668098399,-32.7869684376126,-27.0249421590877,0.041,0.041
E01000974,Other LSOAs,8.97114178168131,7.71643663739021,-16.1185969121543,-15.052383388827,0.32,0.32
E01000975,Other LSOAs,7.89249146757679,10.3668941979522,-2.80584509607183,-16.6384974492795,0.307,0.307
E01000976,Other LSOAs,8.997668997669,11.6083916083916,-33.3185519127994,-20.7540533603493,0.782,0.782
E01000977,High care mismatch,14.8453608247423,10.4639175257732,9.65197203990832,26.4681394470873,0.281,0.281
E01000978,Other LSOAs,12.3050259965338,10.3408434430965,9.7276759631651,14.9644840380209,0.227,0.227
E01000979,Other LSOAs,10.4095563139932,11.0352673492605,-9.65560776364476,-4.03594596623181,0.26,0.26
E01000980,Other LSOAs,9.85254691689008,11.3270777479893,-6.22524914944128,-4.81782818139201,0.758,0.758
E01000981,Other LSOAs,10.1156069364162,11.6184971098266,-4.20720292403389,-11.350676774011,0.264,0.264
E01000982,Other LSOAs,8.90736342042755,12.9453681710214,-30.1224317430106,1.96508529076368,0.747,0.747
E01000983,Other LSOAs,12.3626373626374,9.56043956043956,-12.6408103888897,6.51365013054767,0.286,0.286
E01000984,Other LSOAs,12.7034120734908,10.2362204724409,-24.136795497021,-19.6088510292298,0.747,0.747
E01000985,High older mismatch,21.5564738292011,9.02203856749311,14.8584113089778,8.27573102074368,0.881,0.881
E01000986,Other LSOAs,19.4805194805195,9.59909655561829,-4.83143279164695,10.8975270862844,0.239,0.239
E01000987,Other LSOAs,18.7453874538745,9.74169741697417,4.27608558334008,-2.80504504037487,0.54,0.54
E01000989,High older mismatch,16.7243367935409,10.4382929642445,12.0919626906877,9.96731991159177,0.711,0.711
E01000990,High older mismatch,13.848295059151,10.5080027835769,12.2446129470208,11.9504586466407,0.28,0.28
E01000991,High older mismatch,26.8854346574554,8.75071963154865,42.226156760129,3.04434204020119,0.983,0.983
E01000992,High care mismatch,10.3466666666667,10.4533333333333,7.5251559022436,17.43610427151,0.444,0.444
E01000993,Other LSOAs,14.0255009107468,11.778992106861,-14.1371926146417,-2.02945353843806,0.252,0.252
E01000994,Other LSOAs,13.1992457573853,8.98805782526713,-14.8579062842348,1.66437270547391,2.237,2.237
E01000995,Other LSOAs,11.1435239206534,10.1516919486581,-48.7600162458333,-33.6868305655625,1.821,1.821
E01000996,Other LSOAs,13.609022556391,7.5187969924812,0.667599273081457,-12.5388730016096,2.042,2.042
E01000997,High older mismatch,14.561170212766,9.375,12.9349363009435,5.67894558418141,2.029,2.029
E01000998,Other LSOAs,11.1855324849297,9.04219691895512,-29.528322444504,-6.48241375438573,2.045,2.348
E01000999,Other LSOAs,16.5407854984894,8.23262839879154,-5.68199455014749,-27.1787653175618,1.758,1.758
E01001000,Other LSOAs,10.9118086696562,9.3423019431988,-6.32232112522031,-7.4159827564125,1.888,2.033
E01001001,High care mismatch,9.45945945945946,12.2332859174964,4.752437940696,28.1061700521624,1.564,1.859
E01001002,High older mismatch,9.77596741344195,10.1154107264087,17.2019157214662,9.69755601562706,1.738,1.738
E01001003,High older + care mismatch,10.5726872246696,12.2718691000629,11.7554277620463,19.4722165726199,1.656,1.656
E01001004,High care mismatch,7.84763653051859,12.0238641578706,-8.86687838806795,21.0223539200391,1.46,1.46
E01001005,Other LSOAs,8.23732718894009,10.5990783410138,-21.2804381549399,-16.2206791227041,0.847,0.847
E01001006,High care mismatch,6.26048071548351,15.4276131917272,-6.58438260921705,39.9753862161366,0.116,0.116
E01001007,Other LSOAs,10.7971745711403,9.88900100908173,5.05505141374269,5.03008314906442,0.215,0.215
E01001008,Other LSOAs,10.6842737094838,11.5246098439376,-7.58511998104995,9.46599850108696,0.521,0.521
E01001009,Other LSOAs,7.44888023369036,12.9503407984421,-24.9501971305711,-1.68223316411317,0.738,0.738
E01001010,High care mismatch,10.1236021188935,10.6533254855798,1.90382087364237,30.2229163974244,0.09,0.09
E01001011,Other LSOAs,5.88489831241887,13.6737343141497,-24.4764638367655,3.14675846855366,0.607,0.607
E01001012,Other LSOAs,7.43211052882325,10.6241067174845,-13.8736255987902,1.63310498908952,0.362,0.362
E01001013,High care mismatch,9.37642239417387,11.9253527537551,2.6783512505865,20.2040311172856,0.316,0.316
E01001015,High older + care mismatch,16.0642570281125,12.85140562249,15.4271345161533,28.524006609312,0.671,0.671
E01001016,High older + care mismatch,19.9886104783599,11.0478359908884,31.6939752338544,22.0528640705078,0.914,0.914
E01001017,High older + care mismatch,21.2378640776699,10.9830097087379,20.6452357329152,30.4931183630831,1.076,1.076
E01001018,High older + care mismatch,22.1480582524272,11.7718446601942,39.6582806105546,25.2457343820056,1.753,1.753
E01001019,High older mismatch,27.2416153319644,10.1984941820671,35.3173999887716,0.135217670819685,0.969,0.969
E01001020,Other LSOAs,21.1259079903148,12.409200968523,-7.86306070163668,9.62117177286772,1.651,1.651
E01001021,High older + care mismatch,18.6578171091445,12.6843657817109,21.4154982058873,46.7891787593614,2.373,2.373
E01001022,High older + care mismatch,28.2916948008103,10.0607697501688,41.4962776290716,22.6387639805716,3.002,3.002
E01001023,Other LSOAs,10.824345146379,13.828967642527,-21.5673390300698,-5.32648821300374,0.538,0.538
E01001024,Other LSOAs,18.2089552238806,11.1194029850746,4.31002766715228,-2.88895943660532,0.679,0.679
E01001025,High older + care mismatch,18.8567186340015,12.3236822568671,22.5393292388925,23.7534223437769,1.326,1.326
E01001026,High older + care mismatch,14.5667198298777,13.9287612971824,18.563535766281,36.2648174606979,1.223,1.223
E01001027,High older + care mismatch,9.79718116191131,15.125472671021,16.9449624618966,48.1997573170616,1.083,1.083
E01001028,High older mismatch,25.3929866989117,8.94800483675937,34.9351651617944,13.7673773742759,2.006,2.006
E01001029,High older mismatch,20.2325581395349,10.406976744186,33.4556037769091,4.29815173974913,0.902,0.902
E01001030,High older + care mismatch,17.7685950413223,11.0881542699725,30.795869097379,22.11294221692,1.475,1.475
E01001031,Other LSOAs,18.213058419244,10.5841924398625,10.0587196582983,-8.69741596090912,1.02,1.02
E01001032,Other LSOAs,23.4575835475578,11.6323907455013,0.0435397763059697,11.9089964520763,1.71,1.722
E01001033,Other LSOAs,12.2082585278276,11.1310592459605,-44.4049622597398,-15.7414344863378,1.505,1.645
E01001034,Other LSOAs,12.3915737298637,12.7013630731103,-25.2924222381899,2.9556261383585,1.355,1.696
E01001035,High older + care mismatch,12.2514777001612,11.7141321869962,20.7026083132302,15.5789304479991,0.339,0.523
E01001036,High older mismatch,21.4329833230389,10.0061766522545,38.0162595898404,14.4442970468782,0.624,0.624
E01001037,High care mismatch,8.60495436766623,13.8852672750978,-4.70503456326209,23.2867402972161,0.288,1.07
E01001038,High older + care mismatch,7.8781512605042,12.0273109243698,16.3979783425411,19.4431689620284,0.481,0.745
E01001039,High older + care mismatch,17.230376515635,12.1888959795788,20.8254329301628,16.3494108839931,0.977,1.11
E01001040,Other LSOAs,8.4253341080767,12.5508425334108,-14.8685009291963,-7.8475111910724,0.74,1.279
E01001041,Other LSOAs,7.39030023094688,12.7598152424942,-30.6020880242003,-9.2919136639426,1.104,1.711
E01001042,Other LSOAs,4.92633517495396,12.3848987108656,-41.3071659462594,-5.09597089448842,0.318,0.318
E01001044,High older mismatch,17.6046176046176,12.025012025012,25.7134619465774,9.95321822807156,0.565,0.565
E01001046,High older + care mismatch,11.214953271028,13.7071651090343,24.308098938224,25.9250272831228,0.369,0.369
E01001047,Other LSOAs,9.11713791113676,10.9636468551645,-6.35944613039905,-4.61655600955875,0.394,0.894
E01001049,High older + care mismatch,23.6805555555556,8.54166666666667,40.0408389834702,24.4354361342231,0.792,0.792
E01001050,High older mismatch,19.8250728862974,12.0116618075802,38.9267909493753,6.57407191462364,0.243,0.243
E01001051,Other LSOAs,13.4747348721148,12.3518402994386,-39.0073917439407,-1.41818235710859,0.651,0.651
E01001052,Other LSOAs,10.7849829351536,12.7645051194539,-23.3351145118766,12.1243460291527,0.9,0.9
E01001053,High care mismatch,13.4459036898061,11.9449656035022,3.72973051987968,16.5573994898631,0.784,0.784
E01001054,Other LSOAs,10.2260495156082,11.248654467169,-29.4995536972877,-5.63436859582559,0.287,0.287
E01001055,Other LSOAs,15.1051625239006,10.8986615678776,-2.1379146190102,8.38183888496107,0.831,0.831
E01001056,High care mismatch,4.96963003865268,15.9028161236886,-22.4960008216153,39.3334086404732,0.572,0.572
E01001057,High care mismatch,6.02678571428571,17.6897321428571,-1.78174115464684,51.0854625023832,0.221,0.221
E01001058,Other LSOAs,17.7383592017738,12.2690317812269,9.6730051516918,6.87622758891363,0.925,0.925
E01001059,High older + care mismatch,15.644383184011,12.8187456926258,23.4932388658619,24.8483642667639,0.965,0.965
E01001060,High older + care mismatch,15.8220024721879,12.1755253399258,31.3354894031206,47.8946805755432,0.917,0.917
E01001061,High older mismatch,13.3251079580506,10.1172115977792,16.4164420159279,7.7484798292615,0.65,0.65
E01001062,High older mismatch,30.7997356245869,7.20423000660939,41.2748732939481,-5.16027601337209,1.297,1.297
E01001063,Other LSOAs,20.8469055374593,10.7491856677524,10.2205562386657,0.842351133954601,1.568,1.568
E01001064,High older + care mismatch,24.953095684803,8.317698561601,46.2305458899341,26.7102129945916,0.722,0.722
E01001065,High older mismatch,21.5256797583082,8.08157099697885,26.9307558692727,7.99245616069402,0.155,0.155
E01001066,High care mismatch,11.1416781292985,12.1733149931224,9.14520406289881,19.8204546308582,0.936,0.936
E01001067,High older + care mismatch,19.85515992758,10.9233554616777,29.7966717273779,24.3030842426905,1.299,1.299
E01001068,High care mismatch,16.6031573217202,11.8671747414262,7.86567824814429,24.4839361082542,2.167,2.167
E01001069,High older mismatch,20.3947368421053,11.7690058479532,25.3204175479614,12.1583949361625,1.493,1.493
E01001070,High older + care mismatch,17.337807606264,11.6890380313199,31.5665396329881,18.3894493975396,1.778,1.778
E01001071,High older mismatch,14.1350210970464,12.710970464135,25.4379049419226,4.24407029171817,3.142,3.142
E01001072,High older + care mismatch,31.1066126855601,9.51417004048583,51.3757266042066,29.8771708848269,2.673,2.673
E01001073,High older + care mismatch,16.1559888579387,11.6295264623955,15.9676667257574,20.1427560893271,0.645,0.645
E01001074,High older mismatch,14.3371017471737,13.0524152106886,30.2636855014921,11.4747914237651,1.102,1.102
E01001075,Other LSOAs,14.1891891891892,13.5749385749386,-6.07663363790478,-8.90578117991044,1.587,1.587
E01001076,High care mismatch,10.0840336134454,13.625450180072,-12.4552768341179,18.8132250414587,0.627,0.627
E01001077,Other LSOAs,18.0930930930931,11.6366366366366,3.1614984713444,13.2210531567169,0.265,0.265
E01001078,High care mismatch,12.5690607734807,11.8093922651934,-8.8765523691049,21.5166360271948,0.18,0.18
E01001079,High older + care mismatch,13.4531928084315,11.5313081215127,16.5333660877334,30.1916082387813,1.093,1.093
E01001080,High care mismatch,16.3403106009453,11.6812964213369,6.13242462330545,24.6204175602557,0.574,0.574
E01001081,High older + care mismatch,12.7717391304348,12.7038043478261,14.2860494678145,21.4245130847369,1.257,1.257
E01001082,High care mismatch,11.5483870967742,11.741935483871,1.4056253526501,24.6535167669095,0.886,0.886
E01001083,High older mismatch,21.7821782178218,7.7970297029703,28.6439508583575,6.75920458872202,1.665,1.665
E01001084,Other LSOAs,19.8860693940963,9.16623511134127,6.51303505323999,13.6286756001443,1.509,1.509
E01001085,High older mismatch,15.5243116578793,9.43175161101347,21.7468405720255,-7.98383025480216,1.583,1.583
E01001086,High older mismatch,19.3865740740741,7.40740740740741,16.0877027954199,7.42253567394779,2.412,2.412
E01001087,High older mismatch,12.0268836222144,11.071807569862,12.8855133128515,12.2420827807352,2.009,2.009
E01001088,High care mismatch,12.1951219512195,9.45865556216538,-7.37391500740728,17.3701777835462,1.778,2.047
E01001089,Other LSOAs,12.2060470324748,10.6942889137738,-1.52687845924645,-2.12040446449148,1.922,1.922
E01001090,High care mismatch,10.7597716293368,11.6381203337725,5.52881519670718,31.3363056484695,2.306,2.317
E01001091,High care mismatch,19.4285714285714,8.38095238095238,8.87839310903189,18.2240636887972,1.881,1.881
E01001092,High older + care mismatch,22.2452146921883,9.15675116399379,22.7387203538132,21.9946871218758,0.853,0.853
E01001093,High older mismatch,15.6720580033464,10.9313998884551,12.7408416148823,9.68328642220589,0.803,0.803
E01001094,High older mismatch,23.7834549878346,8.75912408759124,40.3903740528295,10.5912325842799,1.472,1.472
E01001095,High care mismatch,10.1174934725849,13.6422976501305,4.37899738975212,27.3850280960705,1.087,1.087
E01001096,High older + care mismatch,21.2837837837838,10.4054054054054,35.9281048986535,20.1714513544495,0.841,0.841
E01001097,High older + care mismatch,15.2428810720268,11.5159128978224,35.6565843822855,47.8577285220717,0.065,0.065
E01001098,High older + care mismatch,19.2386131883073,12.1685927940177,26.4012426296064,34.4502937379274,0.593,0.593
E01001099,High older + care mismatch,11.4826498422713,13.3753943217666,19.7948491156065,39.790449451211,0.801,0.801
E01001100,Other LSOAs,15.4761904761905,11.9708994708995,-3.3523652183199,8.53895990630102,1.478,1.478
E01001101,High older + care mismatch,20.1393728222997,11.5679442508711,35.0261957888542,27.021361123588,1.647,1.647
E01001102,High older mismatch,29.9274884640738,10.4152933421226,25.9334884280836,9.25512225866157,2.409,2.409
E01001103,High older mismatch,27.6009791921665,10.0367197062424,30.9131813646034,-22.38110316393,2.905,2.905
E01001104,High older + care mismatch,18.4743742550656,11.2634088200238,32.5375571341474,21.1655460204977,1.933,1.933
E01001105,High older + care mismatch,14.5077720207254,11.8595279217041,15.2220921337638,17.961595050996,3.64,3.64
E01001106,High older mismatch,18.508655126498,11.5845539280959,31.8637007040881,11.2124763062623,3.917,3.917
E01001107,High older + care mismatch,24.9251048532055,10.1857399640503,40.9866822871939,21.3800597370239,1.484,1.484
E01001108,High older + care mismatch,23.335198656967,11.4717403469502,38.5881002771981,27.9013004503419,2.301,2.301
E01001109,High care mismatch,12.8936170212766,12.9787234042553,-11.5176281200183,20.4512836627413,1.199,1.199
E01001110,Other LSOAs,6.28199162401117,12.9827826896231,-28.9005420495779,0.620977059067485,0.571,0.571
E01001111,Other LSOAs,8.99198167239404,10.8820160366552,6.73346797445033,0.0983772657169695,0.954,1.794
E01001112,High older + care mismatch,11.3039167079822,12.3946455131383,21.9367378874079,34.2605906357236,0.716,1.234
E01001113,High care mismatch,7.72681954137587,11.6650049850449,9.77249201684736,18.6380790199629,1.219,1.614
E01001114,High care mismatch,6.69761273209549,15.2519893899204,4.43799743297378,35.3593555618737,1.381,1.646
E01001115,Other LSOAs,11.2211221122112,11.3311331133113,-19.8388900448729,-7.38647950432927,1.022,1.022
E01001116,Other LSOAs,8.59016393442623,11.5409836065574,-27.3881752235765,-16.1252150731611,1.299,1.299
E01001118,Other LSOAs,10.0325127728751,12.1226196005574,-27.7872655564432,0.62450618395961,0.842,0.842
E01001119,High older + care mismatch,25.1043115438109,10.3616133518776,48.3172105176163,22.6108126269414,1.604,1.604
E01001120,Other LSOAs,18.8567186340015,10.6161841128434,7.21042755538431,6.83434224967532,1.505,1.505
E01001121,High older + care mismatch,35.3962264150943,8.30188679245283,63.6886634666713,22.3697422455638,2.762,2.762
E01001122,High older mismatch,22.7681660899654,7.19723183391004,37.5064353577383,1.72982349473659,1.055,1.055
E01001123,High older + care mismatch,21.1728395061728,10.0617283950617,31.9504172053379,26.4078868787782,0.884,0.884
E01001124,High older mismatch,30.8232291001915,8.87045309508615,50.6362419124426,8.39728564441762,1.871,1.871
E01001125,Other LSOAs,21.0942249240122,10.4559270516717,-27.1948583347955,-23.7818779803934,1.783,1.783
E01001126,High older + care mismatch,25.0529287226535,10.8680310515173,27.0924920863899,23.7355044174058,1.224,1.224
E01001127,Other LSOAs,22.8782287822878,9.28659286592866,-21.5259287754955,-19.4211741424859,1.466,1.466
E01001128,High care mismatch,10.0499375780275,14.9812734082397,1.96846902679284,49.7617788636477,1.621,1.621
E01001129,High older mismatch,23.7446197991392,9.11047345767575,22.9449374124229,-11.3659579827957,1.832,1.832
E01001130,High care mismatch,5.20951302378256,16.3646659116648,-45.5096630859488,38.8973791682622,1.217,1.217
E01001131,High older mismatch,16.5499681731381,13.9401654996817,38.3260096467821,7.53882758587675,1.261,1.261
E01001132,High older mismatch,26.189005558987,9.20321185917233,38.5374975634993,-2.96389788315325,1.495,1.495
E01001133,Other LSOAs,32.5771896660365,7.49842470069313,6.67204841052724,-16.5641443788951,1.859,1.859
E01001134,High older mismatch,20.1612903225806,9.86352357320099,32.6603346304167,13.7925229929249,1.376,1.376
E01001135,High older mismatch,23.5854675402025,8.93388921977368,16.2598435071239,-2.14794091848695,2.047,2.047
E01001136,Other LSOAs,10.5392156862745,10.7843137254902,-20.066682998417,-6.32788313434413,0.295,1.299
E01001137,Other LSOAs,12.3416236508681,11.8723603941811,2.4870628538805,4.64783492630643,1.037,1.037
E01001138,Other LSOAs,10.6930693069307,12.8052805280528,-13.7782274346234,5.43543509439046,0.678,0.678
E01001139,Other LSOAs,11.7127722189523,12.1247792819306,7.02385824068261,8.58790942754112,0.833,1.63
E01001140,Other LSOAs,9.58230958230958,12.7149877149877,-43.273676192804,-8.31707022836488,1.178,1.178
E01001141,High care mismatch,8.94819466248038,11.7739403453689,3.89132511891489,31.3749472537875,0.81,1.011
E01001142,High older + care mismatch,14.7395833333333,11.875,15.7642329306857,24.1768244401824,0.793,1.272
E01001143,High care mismatch,12.2607346094154,11.6399379203311,10.3319334186796,27.2079990937329,0.672,0.707
E01001144,Other LSOAs,9.74914481185861,10.3192702394527,-2.61981764585416,6.84166627992671,0.57,1.492
E01001145,High care mismatch,9.30487137383689,14.6141215106732,-11.8009990912863,17.3512864197242,0.22,0.927
E01001146,Other LSOAs,14.5098039215686,11.1111111111111,-27.6429527090903,-30.5319261215772,1.718,2.115
E01001147,Other LSOAs,6.3973063973064,12.3456790123457,-28.5606145169089,-11.3667825700283,2.297,2.573
E01001148,Other LSOAs,9.88074957410562,11.4139693356048,-2.81078717005557,-3.85946904985146,1.894,1.972
E01001149,High care mismatch,9.51480781348456,13.0434782608696,-5.9944278226081,38.7061656961994,1.544,1.877
E01001150,High care mismatch,11.150234741784,11.9131455399061,-11.5601064925162,19.2482765417813,1.22,1.867
E01001151,Other LSOAs,11.1936036550543,10.9651627641348,-35.2538791142078,1.49804785056548,2.13,2.629
E01001152,Other LSOAs,8.04653417353369,12.6030053320407,-32.6819156046369,-13.1437252607506,1.796,2.527
E01001153,Other LSOAs,12.8597672994489,9.12431108389467,-24.1666823469771,-8.14049084625701,1.506,2.32
E01001154,Other LSOAs,9.02600713921469,12.0346761856196,-9.13388617667091,9.06924670649091,1.221,2.142
E01001155,Other LSOAs,15.7190635451505,11.371237458194,3.86554211355462,8.05481814058195,1.604,2.171
E01001156,High care mismatch,14.0924464487035,11.3866967305524,10.6055862271276,15.569158901078,1.35,1.35
E01001157,High care mismatch,14.4246353322528,10.4808211777418,9.15384828447863,19.0560998144872,2.183,2.183
E01001158,High care mismatch,10.8355091383812,12.532637075718,-18.9026286763767,30.9866645853113,1.52,1.52
E01001159,High older + care mismatch,15.6185567010309,11.4948453608247,28.5383449577088,29.8518197626481,1.89,1.89
E01001160,High older mismatch,17.4961518727553,7.23447922011288,29.9243286002264,-15.9821701242709,2.18,2.18
E01001161,Other LSOAs,12.823461759632,8.05060379528465,9.83438818214413,-7.68746679249365,2.336,2.336
E01001162,High care mismatch,11.4917127071823,12.9834254143646,-2.16083194690109,15.3134334933624,1.461,1.461
E01001163,Other LSOAs,14.126582278481,12.0506329113924,-1.13576969144233,14.1266415831765,2.067,2.067
E01001164,Other LSOAs,10.393541876892,10.29263370333,-14.432309398296,3.68034398829406,0.889,0.889
E01001165,Other LSOAs,7.59219088937093,11.2798264642082,0.853680480771233,6.34506661699517,0.203,0.203
E01001166,High care mismatch,11.6302691721686,12.1889283900457,1.3123719888175,17.7251776884401,0.394,0.394
E01001167,High older mismatch,9.76344086021505,12,16.1072805031813,13.1141383366344,0.793,0.793
E01001168,High older mismatch,10.8360836083608,11.1111111111111,15.3318439499301,1.70331372212986,0.43,0.43
E01001169,High older mismatch,10.3222282905516,11.796832332059,11.9802529193773,8.89122777075379,1.133,1.133
E01001170,High older + care mismatch,14.8014440433213,13.0995358432182,12.0675251021939,16.5054546021471,0.506,1.24
E01001171,High older mismatch,18.4405236198065,11.2122936824132,25.095041492106,12.8350835386505,0.85,1.169
E01001172,High older + care mismatch,8.12159709618875,12.1597096188748,14.0296951376035,33.5493126558994,1.715,1.715
E01001173,High older + care mismatch,10.5590062111801,13.6645962732919,21.5641036988668,35.0296315411367,1.618,1.618
E01001174,Other LSOAs,14.0402843601896,7.81990521327014,8.52483201354231,14.1476880686885,1.056,1.056
E01001175,Other LSOAs,9.27394752898109,9.64002440512508,-11.6526222014233,-1.07907663502772,1.484,1.484
E01001176,Other LSOAs,10.5576610720087,10.1245262587981,-16.5234386838591,2.65780329168839,1.089,1.089
E01001177,High older mismatch,8.25242718446602,10.254854368932,12.2327571170666,2.57905512600917,0.638,0.638
E01001178,Other LSOAs,4.66830466830467,12.8992628992629,-44.7773263966541,5.10919145316804,1.277,1.277
E01001179,Other LSOAs,11.9663259170174,10.1022248947685,-7.29373002764115,14.1035593126099,0.889,0.889
E01001180,Other LSOAs,8.07672892478546,11.7617364967188,-47.6562768769028,1.11024363101642,0.708,0.708
E01001181,Other LSOAs,6.48401826484018,15.4794520547945,-57.9710151526417,-5.38206209821422,1.066,1.066
E01001182,Other LSOAs,15.1805453205601,7.7376565954311,-23.3218968522576,-19.3159417094788,1.705,1.705
E01001183,Other LSOAs,11.5384615384615,11.1538461538462,-17.3467464521896,-2.24389112383798,1.546,1.546
E01001184,Other LSOAs,17.1406610299769,5.68793235972329,-9.77349212911395,-19.2382979266978,1.382,1.382
E01001185,Other LSOAs,10.4582843713278,12.2209165687427,-9.7821124637678,-7.98594067562719,0.28,0.28
E01001186,Other LSOAs,11.9810201660735,11.3285883748517,-19.4433918333686,3.8556338493634,0.635,0.635
E01001187,High older + care mismatch,9.72292191435768,11.7884130982368,11.8161432424835,17.9403200325425,0.539,0.539
E01001188,Other LSOAs,7.44897959183674,12.6530612244898,-41.2852294571035,4.96757152584513,0.529,0.798
E01001189,High care mismatch,12.4692370795734,12.3051681706317,-4.74658356749113,16.0750711970236,0.321,0.321
E01001190,High care mismatch,9.67117988394584,11.9277885235332,-5.77202336344103,36.3174620248279,0.083,0.083
E01001191,Other LSOAs,7.37704918032787,12.7290260366442,-13.6695433533914,-1.98801510052443,0.242,0.852
E01001192,Other LSOAs,8.9589905362776,12.1135646687697,-12.7077845264772,12.680170072204,0.541,0.541
E01001193,High care mismatch,7.31272294887039,11.1771700356718,10.6086029627535,15.7407694497878,0.735,0.735
E01001194,High care mismatch,9.59752321981424,12.6934984520124,-12.3769868189546,38.6102350048946,0.495,0.495
E01001195,Other LSOAs,12.7741228070175,11.1842105263158,-18.1392085137725,6.64029841143617,0.514,0.514
E01001196,High care mismatch,12.6237623762376,10.9529702970297,-36.385655696975,18.2468005796481,0.277,0.277
E01001197,High older mismatch,12.4056094929881,11.2189859762675,12.7223962426018,12.5295748234421,0.545,0.545
E01001198,High care mismatch,8.82352941176471,10.0383631713555,-26.2767314511209,17.7523391137684,0.396,0.396
E01001199,Other LSOAs,9.62116656644618,10.2224894768491,-26.1438494197397,-3.05110918260033,0.433,0.433
E01001200,Other LSOAs,10.0814026299311,11.020663744521,-19.4126168460016,8.91774709035356,0.34,0.34
E01001201,Other LSOAs,9.69162995594714,10.0692259282568,-13.8505653061031,-3.85798942792585,0.465,0.465
E01001202,Other LSOAs,7.55697720911635,10.7556977209116,-50.6518021325009,-24.0488067972542,0.592,0.592
E01001203,Other LSOAs,10.0059206631143,9.76909413854352,-49.249478193162,-21.3027081935181,0.163,0.163
E01001204,Other LSOAs,17.6799007444169,10.6079404466501,-8.34332538281784,3.66585435367357,0.838,0.838
E01001205,Other LSOAs,10.1123595505618,12.0224719101124,-6.08328350734629,14.4627996212675,0.569,0.569
E01001206,High care mismatch,6.28172588832487,15.7994923857868,-7.8648998692451,40.5300713163743,1.047,1.047
E01001207,Other LSOAs,9.30232558139535,11.5144639818491,-22.437628160422,-8.44371345190336,0.262,0.262
E01001208,High older mismatch,21.3970588235294,10.9558823529412,12.4525537641983,0.923288148540436,1.098,1.098
E01001209,Other LSOAs,17.6365795724466,11.9952494061758,-27.1773376176478,-13.71325377399,1.242,1.242
E01001210,High older + care mismatch,16.1016949152542,12.3411016949153,22.403030099271,26.7896772402685,1.102,1.102
E01001211,Other LSOAs,16.9550173010381,11.9377162629758,0.331209794144577,10.1987288813936,1.242,1.242
E01001212,Other LSOAs,21.4487832484437,9.45104697226938,10.4544151877914,-10.9140346791201,1.048,1.048
E01001213,Other LSOAs,15.6979632389468,6.30899155489319,-1.35762138615814,-22.9285182873662,0.905,2.888
E01001214,Other LSOAs,18.4633027522936,6.02064220183486,-10.5134833442351,-28.5120455489372,1.392,1.973
E01001215,Other LSOAs,14.0632603406326,8.32116788321168,-8.48782556457699,-25.5670450045464,0.812,2.56
E01001216,Other LSOAs,15.5517438536306,9.20526014865638,-13.1559270986073,-13.4430800266496,1.014,2.061
E01001217,High older mismatch,16.1957270847691,7.99448656099242,19.2947089677335,0.280739161864922,1.952,2.02
E01001218,High older + care mismatch,13.5700389105058,10.2626459143969,11.790911744296,31.9120275721841,1.611,1.611
E01001219,Other LSOAs,9.88610478359909,11.0250569476082,-17.6529714391077,-2.62390295263404,1.695,1.751
E01001220,High care mismatch,9.82849604221636,10.4881266490765,-8.3425869009026,31.0704460454015,1.025,1.025
E01001223,High older + care mismatch,15.9669649002065,9.35994494150034,12.963374406404,22.7564385096717,0.683,0.683
E01001224,Other LSOAs,16.8589743589744,10.8974358974359,-16.236869302495,-16.2222680331378,0.584,0.584
E01001225,Other LSOAs,13.2669983416252,10.171365395246,-26.8380393569557,-8.91752300308403,0.382,0.382
E01001226,High older mismatch,17.4056915949702,9.86101919258769,14.0289101263628,-4.02956811444228,0.705,0.705
E01001227,Other LSOAs,15.4605263157895,10.7894736842105,1.87486337753008,0.849552961211543,0.581,0.581
E01001228,Other LSOAs,11.5594329334787,8.61504907306434,-4.5586915797584,-14.0430856153224,0.643,0.643
E01001229,High care mismatch,13.18391562294,10.6130520764667,-0.750097260242132,20.9728743347825,0.45,0.45
E01001230,High older mismatch,15.2666179693207,7.81592403214025,18.7272742954414,-12.6735488057271,0.635,0.635
E01001231,High older mismatch,16.0234489496825,7.81631656082071,12.2186910765283,14.8381529414869,0.438,0.438
E01001232,High older + care mismatch,15.3303399615138,9.55740859525337,14.5088094413639,23.4244226120938,0.745,0.745
E01001233,Other LSOAs,15.1557093425606,8.719723183391,-22.3129596490519,-27.4853725316149,0.113,0.113
E01001234,Other LSOAs,10.4151493080845,7.72032046613256,-18.5617184399645,-16.319395756574,0.394,0.394
E01001235,Other LSOAs,9.09604519774011,8.07909604519774,-12.685614949257,-6.27445893950343,0.464,0.464
E01001236,Other LSOAs,14.8273527420447,8.46310088016249,-23.6314654939212,-18.2607039936999,0.498,0.498
E01001237,Other LSOAs,16.9654289372599,8.32266325224072,-11.2115792373135,-3.92372498263819,0.608,0.608
E01001239,High older + care mismatch,8.37272113436867,9.38555030384875,11.5107482449731,23.3189445102402,0.336,0.336
E01001240,Other LSOAs,10.7338444687842,4.98357064622125,-9.19858362590972,-24.960689488418,0.548,0.548
E01001241,Other LSOAs,10.2370689655172,6.89655172413793,-31.6207198216945,-40.6986352121916,0.615,0.615
E01001242,Other LSOAs,12.8474366893144,12.0444718962322,-1.32800372295429,14.337722936748,0.586,0.586
E01001243,Other LSOAs,8.57740585774059,10.0418410041841,-33.2765857488625,0.141261383855245,0.682,0.682
E01001244,Other LSOAs,9.32568149210904,10.832137733142,-35.4575953856321,-14.5621970741516,0.44,0.44
E01001245,Other LSOAs,7.52191970466082,12.4596215966774,-49.9850372149382,-19.500901179229,1.034,1.034
E01001246,Other LSOAs,9.69331872946331,7.83132530120482,8.82748003854895,13.1917226805853,0.716,0.716
E01001247,High older + care mismatch,14.8898678414097,8.59030837004405,26.8053335878334,18.2238650718972,0.696,0.696
E01001248,Other LSOAs,19.937106918239,9.81132075471698,8.54906115250268,11.2429452276958,0.811,0.811
E01001249,Other LSOAs,7.67336889618383,11.7357406647517,-21.6188172689503,-8.24539563847197,0.253,0.253
E01001250,Other LSOAs,9.8578633654287,11.4167812929849,-45.0378230875461,-5.28240978816299,0.637,0.637
E01001251,Other LSOAs,11.2216694306247,13.322277501382,-38.8387122340544,-16.2264693552536,0.243,0.243
E01001252,Other LSOAs,9.1683569979716,11.8052738336714,-39.2924537911,-15.1362755597955,0.508,0.508
E01001253,High care mismatch,9.06528886801315,13.621418506341,2.59925965653755,25.6650251055914,0.972,0.972
E01001254,Other LSOAs,14.5881006864989,13.1578947368421,3.06937442695624,7.45068628146034,0.742,0.742
E01001255,High care mismatch,12.8463476070529,13.4130982367758,-28.5196533230756,18.9519554799672,0.995,0.995
E01001257,High care mismatch,7.38916256157636,13.8378862516794,-19.9400462192354,24.1956889725246,1.732,1.732
E01001258,Other LSOAs,14.3543223052295,11.2059765208111,-6.26139638521699,-2.37410008547447,1.731,1.731
E01001259,Other LSOAs,13.0706691682301,8.38023764853033,-20.6855645553306,-9.89774798806389,1.743,1.743
E01001260,Other LSOAs,14.0755272192251,9.07307503678274,-17.9239173768482,-28.0608366033573,1.351,1.351
E01001261,Other LSOAs,10.9866436880655,9.56484274019819,-31.2927837810789,-32.6844443816439,1.859,1.859
E01001262,Other LSOAs,16.9753086419753,9.81481481481481,-1.91614562957164,7.04323525277517,1.431,1.431
E01001263,High care mismatch,10.9912686183873,12.6861838726246,-3.2383087591117,16.1737659245312,1.15,1.15
E01001264,High care mismatch,13.618890719385,11.0378912685338,2.14976324298438,26.1603305891303,1.311,1.311
E01001265,High older + care mismatch,10.84686774942,10.4408352668213,11.9817989487119,39.6605431989649,0.877,0.877
E01001266,High older + care mismatch,17.0665212649945,7.57906215921483,23.3218430537246,15.2181718562523,0.591,0.591
E01001267,Other LSOAs,16.1591355599214,10.8546168958743,-6.24723638272745,-15.1113456906529,0.704,0.704
E01001268,Other LSOAs,16.3015792154865,10.0866021395823,-1.46834733708934,-0.852969536609521,1.13,1.13
E01001269,Other LSOAs,10.1276970497578,11.0964332892999,-44.3047394310972,-10.6890884584871,0.867,0.867
E01001270,Other LSOAs,11.5340909090909,10.0568181818182,-7.50073473142708,9.83510047184453,0.931,0.931
E01001271,Other LSOAs,10.8333333333333,10.6770833333333,-9.4389492980043,14.9284903119208,0.785,0.785
E01001272,Other LSOAs,11.9906868451688,8.32363213038417,-6.06946435869181,1.62226430312711,0.176,0.176
E01001273,High older mismatch,16.8358208955224,11.6417910447761,29.1860430927965,6.59498465245979,0.385,0.385
E01001274,High older + care mismatch,12.4069478908189,13.3995037220844,23.4400744533316,15.4982527255899,0.211,0.211
E01001275,High older mismatch,13.8888888888889,8.33333333333333,16.4042963308029,-23.9240030977249,0.341,0.341
E01001276,High older mismatch,12.7599775154581,7.75716694772344,16.9366985381368,-22.9436025935826,0.93,0.93
E01001277,Other LSOAs,11.4705882352941,11.6176470588235,-8.47985255962671,6.48412522194409,0.545,0.545
E01001278,High older + care mismatch,13.035113035113,12.1212121212121,23.0236809195751,18.25803232011,0.276,0.276
E01001279,Other LSOAs,24.3641231593039,11.7804551539491,3.61600333939341,2.50885562749295,0.74,0.74
E01001280,Other LSOAs,14.4273127753304,12.3898678414097,-2.14439168656421,1.99240123853212,0.562,0.562
E01001281,Other LSOAs,18.8415022278803,12.9217059197963,-37.4763809964661,-18.9680184841932,1.065,1.065
E01001282,Other LSOAs,15.3180975911056,10.8709079678814,2.60729989924012,-1.16486741626051,1.348,1.348
E01001283,Other LSOAs,16.8539325842697,11.8539325842697,1.53384419254576,-22.7677671225817,1.461,1.461
E01001284,Other LSOAs,14.3604651162791,12.0348837209302,-5.52901053517748,-2.95081782904179,1.219,1.219
E01001285,Other LSOAs,9.8471986417657,11.8845500848896,-29.3058107652465,-10.7204337013284,1.02,1.02
E01001286,High care mismatch,11.5038945476333,13.9005392450569,-13.8834021747351,15.3562281953127,0.766,0.766
E01001287,Other LSOAs,10.3405572755418,12.5696594427245,-19.4316075030353,-1.14041893962974,1.019,1.019
E01001288,Other LSOAs,13.2791327913279,12.3983739837398,-24.2036515617583,-22.3035586306914,0.496,0.496
E01001289,Other LSOAs,11.3687359760658,12.9394166043381,-3.34490962753579,-0.466614323015051,0.484,0.484
E01001290,High care mismatch,12.2319688109162,12.0857699805068,-4.06472811706218,19.9231165765912,0.375,0.375
E01001291,Other LSOAs,13.0756111426947,8.01591813530415,-2.22850731159084,-1.65380230286287,2.114,2.114
E01001292,Other LSOAs,16.0597014925373,6.62686567164179,-31.3721589836349,-13.8050071027061,2.079,2.079
E01001293,High older mismatch,11.4879649890591,8.53391684901532,12.7592429458683,8.24518118685664,2.317,2.377
E01001294,Other LSOAs,13.4549038935436,7.29423361261705,-0.842260163551899,-31.3952777738464,2.216,2.538
E01001295,Other LSOAs,14.0389972144847,8.07799442896936,10.2552602378083,-5.39937281865702,2.08,2.601
E01001296,High older mismatch,12.8561501042391,7.22724113968033,13.1926511758132,-6.92197455449401,1.814,2.3
E01001297,Other LSOAs,12.778684067428,8.21098423056009,-26.1586694810124,-5.71165104723622,1.469,2.831
E01001298,Other LSOAs,15.9317211948791,6.0692271218587,-4.89899292969531,-26.9778579091434,1.271,2.434
E01001299,High care mismatch,18.8711516533637,11.2884834663626,8.22163523521826,18.2049488159896,0.373,0.373
E01001300,Other LSOAs,12.1287128712871,13.3044554455446,-23.8017909708189,-4.49620666969254,0.245,0.245
E01001301,Other LSOAs,10.4564755838641,10.244161358811,-47.6099200328264,-19.8662064874075,0.509,0.509
E01001302,High care mismatch,12.6954346466542,12.2576610381488,-1.3626990443666,26.8498514596038,0.414,0.414
E01001303,Other LSOAs,13.9548349739433,12.6230457440649,-11.3472075390036,3.56295701819391,0.271,0.271
E01001304,Other LSOAs,10.3802051901026,13.8805069402535,-26.1807580810651,8.8167426004375,0.675,0.675
E01001305,Other LSOAs,16.3288940359004,12.7388535031847,-47.6929634322709,4.78708967390502,0.788,0.788
E01001306,Other LSOAs,13.6752136752137,13.7362637362637,-20.8886259700854,-1.09571580964705,0.512,0.512
E01001307,Other LSOAs,13.0642591609134,8.97503983005842,-8.44853371475794,-10.6441502970142,0.953,0.953
E01001308,High older mismatch,18.6213991769547,6.32716049382716,18.4063501981139,3.63137866088188,0.447,0.447
E01001309,High care mismatch,11.7044228694714,10.1402373247033,-2.62837771197876,16.5968654957906,0.956,0.956
E01001310,Other LSOAs,10.2707749766573,9.89729225023343,-16.3091381086824,1.89577413724921,1.02,1.02
E01001311,High care mismatch,8.57483128225486,8.85271933306868,-4.15614862020659,22.782545042615,0.527,0.527
E01001312,Other LSOAs,13.4449518011162,8.4728564180619,-41.2437867965293,-36.4864200671861,0.368,0.368
E01001313,Other LSOAs,15.7498552403011,7.00636942675159,-13.8533378477949,-20.6351571201355,0.574,0.574
E01001314,Other LSOAs,15.2031454783748,9.23984272608126,-5.63816625242691,-8.13024132924593,0.866,0.866
E01001315,Other LSOAs,12.3381049761418,9.88411724608044,-8.73029887106416,-0.620680654545481,0.855,0.855
E01001316,Other LSOAs,9.61204400694847,12.6809496236248,-23.5537933146512,-7.10280212878551,0.739,0.739
E01001317,Other LSOAs,9.58276020174232,11.8294360385144,-1.71642092833632,2.49084934653506,0.58,0.58
E01001318,High care mismatch,12.0061570035916,11.1852231913802,-3.21761385426159,19.6181522696647,0.383,0.383
E01001319,Other LSOAs,13.1697869593286,8.32795351839897,6.32510597171683,-4.30139281726272,0.546,0.546
E01001320,High care mismatch,8.28182941903585,12.8553770086527,-4.19377632835624,39.475311205472,1.216,1.216
E01001321,High older + care mismatch,16.1959399823478,11.297440423654,13.3967481917822,30.5585434349635,0.767,0.767
E01001322,High older mismatch,12.2045344910757,10.4196816208394,12.3455576436644,12.2103834349033,0.497,0.497
E01001323,Other LSOAs,10.6361829025845,12.4751491053678,2.8089983126661,-0.173411344482723,0.467,0.467
E01001324,High care mismatch,9.48379351740696,12.5450180072029,8.05393465403697,39.0848602710228,1.225,1.225
E01001325,High older + care mismatch,12.7520161290323,10.5342741935484,23.7103863482121,25.9480287125426,2.252,2.252
E01001326,High care mismatch,9.53109072375127,12.2833843017329,1.08377902372859,28.6404551891963,1.401,1.401
E01001327,Other LSOAs,10.8122362869198,9.5464135021097,-23.3648356849562,-3.8023703400831,2.052,2.052
E01001328,High care mismatch,10.9100877192982,11.0745614035088,-17.0496212068492,18.6100624595515,1.793,1.793
E01001329,Other LSOAs,10.4887983706721,12.0162932790224,-23.0108284547139,-0.472509690117121,2.281,2.281
E01001330,High care mismatch,8.13577586206897,12.823275862069,-8.77180560602996,25.430320659901,1.964,1.964
E01001331,High care mismatch,6.84474123539232,14.3016138007791,-16.9830881815522,19.7978704337027,2.354,2.354
E01001332,High care mismatch,9.03954802259887,13.9359698681733,-9.92910434732693,30.0458019079933,2.101,2.101
E01001333,Other LSOAs,12.287104622871,8.79967558799676,-9.22775320013996,-12.9790753415347,0.383,2.885
E01001334,Other LSOAs,11.7717717717718,9.42942942942943,-23.476446620758,-3.84823862158833,0.804,2.514
E01001335,High older mismatch,18.0655919955531,6.22568093385214,14.3944765988401,-8.06269376102625,1.309,2
E01001336,Other LSOAs,15.1004888647474,6.6811515480717,-28.1016799826778,-16.890536302897,1.285,2.141
E01001337,High care mismatch,8.48656294200849,9.80669495520981,-11.3598071485708,38.2697358171353,1.254,1.254
E01001338,Other LSOAs,16.4787976382179,6.49490069779925,7.95377719133523,12.9744655351583,0.757,2.115
E01001339,Other LSOAs,8.47846012832264,10.9074243813016,-53.9957684292872,4.26837405634996,1.011,2.026
E01001340,High care mismatch,5.62659846547315,11.381074168798,-15.888158989792,24.4462628531354,1.146,1.146
E01001341,Other LSOAs,13.1549609810479,9.69899665551839,-1.60079343048851,-18.2891145724185,0.787,0.787
E01001342,Other LSOAs,12.4145186743819,8.89005786428196,10.7208192843058,2.39968692325295,0.76,0.76
E01001343,Other LSOAs,17.8720445062587,7.09318497913769,-15.7876604672865,-22.8503033067548,0.579,0.579
E01001344,High care mismatch,11.7903930131004,10.5240174672489,8.91878091150127,23.4188261647616,0.158,0.158
E01001345,High older mismatch,11.3261240751281,7.74046670461013,19.3258920043412,-2.80787712349865,0.735,0.735
E01001346,High care mismatch,14.1760491299898,10.6960081883316,7.6051038846371,16.8239916317205,0.766,0.766
E01001347,High older mismatch,11.5286947689182,8.07516505840528,20.0574246626233,-14.9824241389303,0.571,0.571
E01001348,High care mismatch,13.2019115890084,10.6929510155317,6.77467741850369,24.565212960309,0.391,0.391
E01001349,High care mismatch,13.7491141034727,9.00070871722183,-1.44373680585262,28.1831279076135,1.022,1.022
E01001350,High older mismatch,16.1917998610146,9.52050034746352,16.7157676773825,-15.4583729886779,0.514,0.514
E01001351,Other LSOAs,13.1538852209243,10.411376333164,-39.5152707422384,-38.1038839647655,0.668,0.668
E01001352,Other LSOAs,10.612760581175,8.97030953885028,4.26467258199607,-16.4257619797558,0.241,0.241
E01001353,Other LSOAs,11.2446958981612,9.97171145685997,-21.5896471832375,0.656093958048501,0.21,0.21
E01001354,Other LSOAs,15.4594069032572,9.18813806514341,4.95554110994823,-14.4306754428056,0.517,0.517
E01001355,Other LSOAs,10.6339468302658,9.86707566462168,-38.4031227452636,-28.9969425476287,0.493,0.493
E01001356,Other LSOAs,10.5614973262032,12.5668449197861,-30.1130116177427,0.50510803348314,0.542,0.542
E01001357,Other LSOAs,5.78602620087336,11.1717612809316,-45.87993948711,-10.7698899446754,0.373,0.373
E01001358,Other LSOAs,4.82412060301508,12.0603015075377,-16.4295094879104,14.6461105216621,0.335,0.335
E01001359,Other LSOAs,11.1291632818846,7.4735987002437,-1.95187741110032,-36.8799018513444,0.853,2.653
E01001360,Other LSOAs,12.3139377537212,4.82634190347316,-7.98115206683571,-33.04540388594,0.422,2.841
E01001361,Other LSOAs,9.17874396135266,7.86122090469917,-32.6853447776499,-17.435502578957,0.54,2.374
E01001362,Other LSOAs,8.8,8.34285714285714,-31.0750429823989,-30.5928938252731,0.322,2.644
E01001363,Other LSOAs,10.5368790767687,9.38283993978926,7.62403138249357,-17.2131833732526,1.033,2.573
E01001364,High older mismatch,12.493180578287,7.41953082378614,15.0040218602844,4.99505127508887,0.982,2.985
E01001365,Other LSOAs,12.4175397749321,5.66550252231277,-6.97726589302582,-11.4104582895318,0.867,2.158
E01001366,Other LSOAs,10.0926377376889,9.31253047294003,9.31968242234694,13.5627187780562,1.174,1.843
E01001367,Other LSOAs,6.60516605166052,10.0738007380074,-39.4709686371086,-17.5667891449203,0.636,2.515
E01001368,Other LSOAs,12.7056154282473,6.97674418604651,2.07325534051219,-18.56178658752,1.1,2.012
E01001369,Other LSOAs,10.9874152952565,7.88964181994192,-30.3151121543073,-26.7282656320304,0.845,2.657
E01001370,High older mismatch,10.4415823367065,6.39374425022999,16.7905777809839,4.84055625418782,1.292,1.292
E01001371,Other LSOAs,10.3164282618119,8.84265279583875,-15.0595931848833,-25.8112452878285,1.154,2.304
E01001372,Other LSOAs,8.65648256952605,9.79240109674892,-23.831972062488,-11.4893145478831,1.018,2.668
E01001373,Other LSOAs,8.08080808080808,9.28330928330928,-19.4771621746504,-7.97636088993787,0.648,2.361
E01001374,Other LSOAs,10.5452674897119,10.2366255144033,-35.9283039755981,-1.845419172555,0.164,0.164
E01001375,Other LSOAs,15.1533018867925,12.7948113207547,5.31613927328181,0.0732096366471282,0.756,0.756
E01001376,Other LSOAs,11.3130128956624,10.2579132473622,-32.8447848077717,-7.84220072643527,0.616,0.616
E01001377,Other LSOAs,17.8048780487805,10.7317073170732,-3.4519256120719,-15.5868822474911,0.354,0.354
E01001379,Other LSOAs,12.2625215889465,12.6655152561888,-20.5394177837052,13.6917245281818,0.572,0.572
E01001380,Other LSOAs,11.0437418796016,10.3074924209615,1.71067172825435,9.54420375313163,0.317,0.317
E01001381,Other LSOAs,9.52127659574468,10.1063829787234,-13.1711386124609,-10.2235358462486,0.676,0.676
E01001382,High care mismatch,16.632860040568,13.5226504394861,-18.0866277168289,16.2185284496118,0.719,0.719
E01001383,Other LSOAs,11.9292237442922,9.93150684931507,-30.8090931409699,-8.30984016019918,0.862,0.862
E01001384,Other LSOAs,10.2227298686465,12.6784694460308,-53.0768050948461,-9.92391480802802,0.759,0.759
E01001385,Other LSOAs,12.6340882002384,12.9320619785459,-30.2281458118086,4.0003978567118,0.299,0.299
E01001386,Other LSOAs,13.2295719844358,11.284046692607,1.25960985268549,-3.53653099028975,0.566,0.566
E01001387,Other LSOAs,14.2019543973941,7.94788273615635,-35.1204331569755,-25.7452922873521,0.68,0.68
E01001388,Other LSOAs,13.7595552466991,10.9798471160528,-30.3480717663871,-17.3858350380951,0.518,0.518
E01001389,Other LSOAs,11.6100766703176,10.8433734939759,-19.419290108945,-12.1280689232128,0.692,0.692
E01001390,Other LSOAs,12.5962596259626,9.62596259625963,-2.09896104575644,-17.1627528403589,0.487,0.487
E01001391,Other LSOAs,10.2132435465769,9.87654320987654,-17.3777732941653,4.5558120275882,0.878,0.878
E01001392,Other LSOAs,15.5412647374062,9.21757770632369,4.55523644108045,3.5442061200823,0.515,0.515
E01001393,Other LSOAs,10.8176739461656,10.4621635347892,-1.8463909501858,10.7026215316999,0.583,0.583
E01001394,Other LSOAs,13.741223671013,7.57271815446339,-14.0181416585696,-27.5497548001974,1.259,1.259
E01001395,High care mismatch,11.7863720073665,10.865561694291,-3.85811881245236,34.8203794945937,1.722,1.722
E01001396,Other LSOAs,16.7008898015058,8.28199863107461,1.91256272069228,-21.8563660444202,1.142,1.142
E01001397,High care mismatch,9.57004160887656,11.5580212667591,-6.64623469202529,20.0830694028945,1.984,1.984
E01001398,Other LSOAs,18.4936614466816,11.9313944817301,-2.27590712714503,-4.9112399314468,0.342,0.342
E01001399,Other LSOAs,18.9608636977058,7.28744939271255,6.15805076916423,-13.0946261265825,0.791,0.791
E01001400,High older mismatch,29.0012804097311,8.51472471190781,33.3798071841689,2.99016268796381,0.747,0.747
E01001401,Other LSOAs,15.9107271418287,12.3830093592513,-22.6075022896791,15.0292543044758,0.309,0.309
E01001402,High older mismatch,19.1351351351351,8.81081081081081,15.9955058522129,-0.362237551399733,1.543,1.543
E01001403,High older mismatch,21.0680751173709,8.56807511737089,43.2594730029584,13.8021293932575,1.19,1.19
E01001404,High older + care mismatch,17.3089925625423,10.5476673427992,30.8408096473409,24.5414115426055,1.628,1.628
E01001405,High older mismatch,30.9312638580931,8.5920177383592,28.6931839434396,6.77268283394631,0.391,0.391
E01001406,Other LSOAs,11.9951778179626,11.754068716094,-36.4773594054998,-0.861989024501717,0.226,0.226
E01001407,High care mismatch,13.7476459510358,13.0571249215317,4.40868944568785,34.5708224831245,1.368,1.368
E01001408,High care mismatch,13.134328358209,13.910447761194,10.2070703560177,21.9377844159154,1.479,1.479
E01001409,High care mismatch,10.4228121927237,12.9301868239921,5.86866977145635,34.8334774630227,1.602,1.602
E01001410,High care mismatch,9.24062214089662,15.5992680695334,-3.16576196122875,44.3108027374505,1.277,1.277
E01001411,Other LSOAs,14.6981627296588,14.8031496062992,-8.492243890537,2.92575433596927,1.357,1.357
E01001412,High older + care mismatch,17.7676537585421,10.3075170842825,33.2901791798974,26.4934907836083,3.333,3.333
E01001413,High older + care mismatch,22.8937728937729,11.3553113553114,26.4649631695395,21.7624714003675,1.913,1.913
E01001414,High older + care mismatch,16.1773517076093,13.1216297183942,35.6936436784577,52.7157666623392,2.152,2.152
E01001415,High older + care mismatch,19.5906432748538,11.7933723196881,33.1635144186078,26.5668734675815,0.167,0.167
E01001416,High older mismatch,20.231884057971,9.97101449275362,22.3222804615219,6.86260068542486,0.68,0.68
E01001417,High older + care mismatch,24.0995762711864,9.74576271186441,40.5096284114139,17.0745919344769,2.126,2.126
E01001418,High older + care mismatch,21.9091431857389,11.6733755031627,45.0109180737578,44.6162959581158,0.657,0.657
E01001419,High older mismatch,18.7214611872146,11.2125824454592,13.3049062801651,7.17207923218946,0.141,0.141
E01001420,High older mismatch,15.5916993830623,10.6561974200785,11.716248872509,2.36270408257072,0.778,0.778
E01001421,High older + care mismatch,20.4057279236277,11.3961813842482,40.4674776712445,20.0589472589932,0.875,0.875
E01001422,High older mismatch,25.6563245823389,8.94988066825776,27.4526806840085,11.4864821777374,1.89,2.197
E01001423,Other LSOAs,14.17004048583,11.6830537883169,2.86881137536982,8.59834396715328,0.463,0.463
E01001424,High care mismatch,8.08823529411765,13.8888888888889,-27.8461199683494,17.0586744043172,0.267,0.267
E01001425,High care mismatch,7.36894164193867,13.1058358061325,-16.9072909993828,33.8918834454907,0.435,0.435
E01001426,High care mismatch,8.93640350877193,11.5131578947368,-16.7680266450362,20.2665198476734,0.743,0.743
E01001427,High older + care mismatch,10.1432664756447,11.1747851002865,20.6698980737125,47.5954696526153,1.641,1.641
E01001428,Other LSOAs,9.75609756097561,10.917537746806,-15.5011888074769,13.1454680745804,0.487,0.487
E01001429,Other LSOAs,13.2302405498282,13.9175257731959,-16.3752746700481,14.7384883961921,0.2,0.2
E01001430,High care mismatch,6.54761904761905,13.0952380952381,-5.02358365758521,17.0689320088066,0.569,0.569
E01001431,High care mismatch,7.61478163493841,12.8779395296753,-5.84102938597407,33.3894460092831,0.994,0.994
E01001432,Other LSOAs,12.8410914927769,9.57731407169609,8.32203063998299,7.94221582754557,0.421,0.421
E01001433,High care mismatch,8.46153846153846,13.6813186813187,9.51532357390315,30.9456786227458,1.483,1.483
E01001434,High older + care mismatch,10.8176100628931,12.2641509433962,20.5399925181154,29.0716653238604,1.387,1.387
E01001435,High care mismatch,13.2411067193676,10.8036890645586,7.41017634749846,17.7861943429098,1.166,1.166
E01001436,High older + care mismatch,12.8748707342296,12.564632885212,12.7918558460839,35.1352040138321,1.362,1.362
E01001437,High older + care mismatch,10.2507699076111,15.1781786185658,20.7988709391406,72.248560445642,2.456,2.456
E01001438,High older + care mismatch,10.5137395459976,11.8279569892473,15.3817475395268,30.8998956138235,1.607,1.607
E01001439,High care mismatch,8.17669172932331,14.9436090225564,-16.9565615318535,17.6131913403117,1.373,1.373
E01001440,Other LSOAs,13.134328358209,11.2238805970149,-6.56188399884551,-9.6425490854845,0.803,0.803
E01001441,Other LSOAs,8.52099817407182,14.3639683505782,-5.8041860947349,11.9507975196571,0.914,0.914
E01001442,High care mismatch,10.161662817552,13.7990762124711,2.34815612702453,37.6006635214371,0.544,0.544
E01001444,High care mismatch,11.3791295228107,12.6376507603566,1.30618133964071,38.3700226903546,1.277,1.277
E01001445,High care mismatch,5.89496248660236,16.0414433726331,-4.73741265586377,40.6576043222372,1.796,1.796
E01001446,Other LSOAs,12.258064516129,12.0967741935484,7.17558738619147,7.73444939282744,0.76,0.76
E01001447,High older + care mismatch,12.4058262179809,12.2551481667504,21.338348804736,26.6422082049342,1.141,1.141
E01001448,High care mismatch,8.58152448258455,12.4179707218576,-1.30343502125067,19.3408490834638,0.909,0.909
E01001449,High care mismatch,11.0705596107056,12.1046228710462,10.1130103280812,17.7843868092577,1.363,1.363
E01001450,Other LSOAs,14.2977291841884,13.246425567704,-24.3268103154161,-14.0944248394283,0.586,0.586
E01001451,High older mismatch,21.981981981982,10.0900900900901,23.0862524133947,2.8070451212045,0.804,0.804
E01001452,High older + care mismatch,21.849963583394,10.4151493080845,34.4185519433262,30.9538886204951,1.329,1.329
E01001453,High older mismatch,24.5328511151296,10.8499095840868,28.4205985815222,8.54518023282984,1.876,1.876
E01001454,High older mismatch,23.3529411764706,11.8823529411765,43.5073675032795,6.02345560163511,1.705,1.705
E01001455,High care mismatch,19.8489010989011,10.0961538461538,-2.19005428687613,23.6841508678961,1.026,1.026
E01001456,High older mismatch,18.6246418338109,11.4613180515759,32.377718263548,-3.46230317611365,1.808,1.808
E01001457,High older + care mismatch,21.0933186085036,12.2584207620099,36.4352690227738,19.4198001281078,1.089,1.089
E01001458,Other LSOAs,10.1846670397314,11.8074986010073,-29.5134022660101,6.43109494764039,0.896,0.896
E01001459,High older mismatch,15.2414194299011,9.59860383944154,18.5914185540824,9.99582980645431,0.854,0.854
E01001460,Other LSOAs,6.29734848484848,10.4640151515152,-8.29183564094614,8.34533578201353,0.349,0.349
E01001461,High older mismatch,13.0793650793651,10.984126984127,26.8187219838347,7.32320401696101,0.921,0.921
E01001462,High care mismatch,10.0137174211248,10.8367626886145,10.427929863187,20.492010774148,0.612,0.612
E01001463,High older + care mismatch,13.5169762972454,9.60922485586163,23.6873861010085,21.3130079836979,1.224,1.224
E01001464,High older mismatch,12.452543659833,8.04859529233106,17.3416000744263,-8.26275391930911,0.93,0.93
E01001465,Other LSOAs,14.9167733674776,9.47503201024328,-7.9572717933778,3.60848166960525,1.179,1.179
E01001466,High care mismatch,10.2153229844767,11.3169754631948,-3.73405347812677,32.8770168710467,0.53,0.53
E01001467,High care mismatch,8.00800800800801,15.015015015015,-7.1205516342356,46.4586707946617,0.811,0.811
E01001468,Other LSOAs,20.2683615819209,12.5706214689266,0.982527703129378,13.8431411715541,2.427,2.427
E01001469,High older + care mismatch,14.2614601018676,11.8845500848896,11.6408759902463,19.7973233570176,1.55,1.55
E01001470,High older + care mismatch,21.6363636363636,11.030303030303,41.4999123129949,36.7983278443851,1.648,1.648
E01001471,High older + care mismatch,20.335429769392,11.8972746331237,44.2184707702787,38.8509470264427,1.818,1.818
E01001472,Other LSOAs,18.863361547763,11.7291414752116,5.60027000121074,14.7701163814215,1.164,1.164
E01001473,Other LSOAs,17.189460476788,10.1631116687578,-3.61807197191573,-20.7602554931899,1.737,1.737
E01001474,High older + care mismatch,23.2472324723247,11.0173958882446,42.7507031741675,15.1442498964846,1.469,1.469
E01001475,High older + care mismatch,21.377012770683,11.5491393670183,29.3978416422761,19.6603202342413,0.721,0.721
E01001476,Other LSOAs,13.8364779874214,12.8073184676958,-38.92895039807,-1.9313293304024,1.135,1.135
E01001477,High older + care mismatch,11.6902834008097,10.4757085020243,17.4935864652928,45.2580521626137,2.017,2.017
E01001478,Other LSOAs,14.1822570911285,10.1388050694025,8.46942996068808,7.48373320182232,0.765,0.765
E01001479,Other LSOAs,13.072625698324,11.4525139664804,-15.2239166241415,5.24247771162332,1.11,1.11
E01001480,High older + care mismatch,14.7984886649874,10.9571788413098,10.8807800594484,26.8938030654123,0.656,0.656
E01001481,High older mismatch,14.532293986637,10.1893095768374,12.4023129374418,3.81196102523275,1.597,1.597
E01001482,Other LSOAs,11.7463617463617,12.5779625779626,-3.58115240384774,4.91969396790535,1.288,1.288
E01001483,High older + care mismatch,9.61214165261383,14.7554806070826,19.5358945082857,74.2246145843863,2.196,2.196
E01001484,High older + care mismatch,13.5593220338983,12.2175141242938,26.2555504903444,35.2768502945592,0.881,0.881
E01001485,Other LSOAs,11.4101184068891,11.194833153929,-7.47062247510274,7.80386077716685,0.554,0.554
E01001486,High care mismatch,10.9920819748486,12.2030740568235,8.48453279854523,36.8944785187556,0.87,0.87
E01001487,High care mismatch,10.8247422680412,12.2164948453608,-7.90993803257821,16.7912298397502,0.905,0.905
E01001488,High older + care mismatch,10.7630116220313,11.4199090449722,12.9156059671002,23.8180246002231,0.547,0.547
E01001489,High older + care mismatch,10.2116402116402,12.8042328042328,20.8312469933546,20.6144540505013,1.039,1.039
E01001491,Other LSOAs,10.4722792607803,11.8069815195072,1.79037607577517,11.1672478816727,0.482,0.482
E01001492,Other LSOAs,11.2800392349191,10.6424717999019,6.91443963231186,13.2507184795066,0.835,0.835
E01001493,High older + care mismatch,15.8115183246073,9.10994764397906,18.2618709460283,25.6101124268995,2.304,2.304
E01001494,High older mismatch,20.2437373053487,9.88490182802979,20.4542973967423,14.0461906884405,1.799,1.799
E01001495,Other LSOAs,12.1673003802281,10.2661596958175,-34.0143685257774,-24.3978020653572,2.122,2.122
E01001496,High older mismatch,18.5263157894737,8.47368421052632,28.3247175322709,0.702112589435366,2.159,2.159
E01001497,High care mismatch,15.6485929993137,10.4323953328758,3.18052007646695,19.4076638793924,1.529,1.529
E01001498,Other LSOAs,10.5119825708061,11.0566448801743,-23.2780234728094,-10.2234086093986,1.833,1.833
E01001499,Other LSOAs,17.9337231968811,7.73229369720598,-10.0393339550754,3.33727565937776,1.623,1.623
E01001500,Other LSOAs,14.9591451917033,8.54808296668762,9.64230019177385,1.75278196723865,1.728,1.728
E01001501,Other LSOAs,11.2162162162162,11.6666666666667,-22.7974615746244,-17.8233905292845,1.321,1.321
E01001502,Other LSOAs,11.4241803278689,11.4754098360656,-6.57075283653455,-13.0568886922749,1.015,1.015
E01001503,Other LSOAs,13.8918345705196,11.8769883351007,0.959336619601942,13.6159266065877,0.693,0.693
E01001504,Other LSOAs,9.86442262739598,9.49041608228144,6.0368915010041,8.07853661998207,1.003,1.003
E01001505,Other LSOAs,8.4312723556464,10.1175268267757,-38.9004274313477,-31.8527954670925,0.473,0.473
E01001507,Other LSOAs,8.00773694390716,11.4119922630561,-46.4182396539165,-12.3565631651539,0.608,0.608
E01001508,Other LSOAs,7.00532568619418,12.8226136829168,-33.6898415064127,-10.1744726360048,0.338,0.338
E01001509,High care mismatch,9.53186689227298,14.43880428652,-12.9089037745615,23.0636200919791,0.979,0.979
E01001511,High older + care mismatch,10.9090909090909,12.6233766233766,21.6421211708683,32.9404048569354,0.355,0.355
E01001512,High care mismatch,10.7299912049252,13.896218117854,-1.2483063667622,20.7163106859768,0.514,0.514
E01001513,High care mismatch,9.03128153380424,14.4803229061554,-5.35439431633943,29.2157522987152,0.661,0.661
E01001514,Other LSOAs,9.74504249291785,13.9376770538244,-20.2978749130796,13.9240786318466,0.41,0.41
E01001515,Other LSOAs,6.74486803519062,12.9521016617791,-16.8795241833314,-1.87375995064593,0.549,0.549
E01001516,Other LSOAs,10.1271785209609,10.880829015544,10.7206211459975,1.52171669131521,1.361,1.361
E01001517,Other LSOAs,10.8557457212714,12.6650366748166,-15.5535060688197,12.1168096709945,1.3,1.3
E01001518,Other LSOAs,14.2095914742451,11.6637063351095,10.6959986709735,5.64813116046757,0.783,0.783
E01001520,High older mismatch,15.7781367797523,9.90845449649973,17.1392149905515,8.49937279333051,0.523,0.523
E01001521,High older mismatch,16.5778251599147,13.1130063965885,21.049678912898,11.6554217652413,0.487,0.487
E01001522,Other LSOAs,11.8261826182618,16.2816281628163,-22.1762986921727,8.41658378509617,1.252,1.252
E01001523,High older + care mismatch,18.3098591549296,12.5677139761647,12.2467073600203,42.3703266973772,1.023,1.023
E01001524,High older mismatch,14.3497757847534,10.1857783472133,25.5582076122457,-2.36622650251753,0.742,0.742
E01001525,High older + care mismatch,16.2423625254583,12.5254582484725,27.8134642237185,16.9636926727841,0.692,0.692
E01001526,High older + care mismatch,21.6822429906542,10.9657320872274,38.3915745133018,18.7632471250159,0.909,0.909
E01001527,Other LSOAs,17.7301509985387,9.79055041402825,-21.3084636134819,-0.489722536695496,1.172,1.172
E01001528,Other LSOAs,8.57988165680473,12.4260355029586,-18.2399945376144,0.859251747617236,0.415,0.47
E01001529,Other LSOAs,7.27069351230425,9.39597315436242,-35.6750061148529,-7.21407373997776,0.255,0.477
E01001530,High care mismatch,11.0081112398609,12.1668597914253,7.61562611935918,15.5759618472018,0.352,0.352
E01001531,High older mismatch,19.8606271777004,10.383275261324,26.6204362364198,-0.667839308740746,0.866,0.866
E01001532,High older mismatch,20.1443174984967,10.4028863499699,29.8044640630866,-23.2560774988266,1.07,1.07
E01001533,High older mismatch,24.8648648648649,8.34834834834835,32.6073038680249,3.9768807674071,0.73,0.73
E01001534,High older mismatch,18.4023668639053,9.23076923076923,15.5789249371116,10.6009509427971,0.396,0.396
E01001535,High older mismatch,23.3997155049787,8.81934566145092,28.7507517512455,-1.05079527425281,0.581,0.581
E01001536,Other LSOAs,16.2354134956875,12.2272957889396,-24.1695248770942,-16.6077128404527,0.627,0.627
E01001537,High older + care mismatch,15.6359393232205,14.1190198366394,18.2453751791097,37.0030281090502,1.638,1.638
E01001538,Other LSOAs,19.3432835820896,10.7462686567164,8.37756432739341,5.04462217639102,1.222,1.222
E01001539,Other LSOAs,17.3309178743961,12.5,-22.4144669242762,-10.3357167537891,1.178,1.178
E01001540,High care mismatch,14.7136100893326,12.4540199684708,-18.8581034265834,19.1069632265893,1.215,1.215
E01001541,High care mismatch,14.2297650130548,14.3603133159269,-28.0518439256293,16.2635070537874,0.908,0.908
E01001542,Other LSOAs,14.9968091895341,13.6566687938736,-9.49505748601237,14.5737482972944,0.749,0.749
E01001543,High older + care mismatch,18.243661100804,10.5132962275819,28.3230174431002,22.6669792070687,0.878,0.878
E01001544,Other LSOAs,20.0826934435913,10.2776137034849,-11.5731760225863,-25.8937795031177,0.33,0.33
E01001545,High care mismatch,8.2315454062666,12.6925119490175,6.97161052315271,23.0191632471225,0.507,0.507
E01001546,High care mismatch,10.4798676227248,12.0794263651407,7.12865428545961,21.371371171108,0.657,0.657
E01001547,Other LSOAs,12.2790253225036,10.9412326803631,-1.92083283938264,11.2869421655195,0.239,0.239
E01001548,High care mismatch,10.7420861442657,13.7519460300986,9.70333196744219,46.2437428644888,0.272,0.272
E01001549,High care mismatch,7.72823779193206,15.1167728237792,6.03604604811403,64.3847272777611,0.649,0.649
E01001550,High care mismatch,8.92151326933936,12.4223602484472,-27.2324177811568,28.0450434133729,0.873,0.873
E01001551,High older + care mismatch,14.4450641383157,11.0429447852761,21.9036369731588,22.1396041589091,0.93,0.93
E01001552,High older mismatch,16.7609254498715,11.3624678663239,12.5997653121389,3.92875172802388,1.02,1.02
E01001553,High older + care mismatch,9.05466970387244,9.85193621867882,16.2163926585428,41.231681964688,1.319,1.319
E01001554,Other LSOAs,7.06340378197998,12.6251390433815,-19.6181404064486,0.534268972992145,0.463,0.463
E01001555,Other LSOAs,8.89982110912344,13.7298747763864,-15.8226029430722,1.31189976125828,0.543,0.543
E01001556,High older mismatch,17.0747018204645,8.34902699309479,17.9611239449646,8.05554114686406,1.675,1.675
E01001557,High care mismatch,11.1953352769679,10.9620991253644,-0.785685199408341,18.6638556633961,0.827,0.827
E01001558,Other LSOAs,5.66585956416465,11.5738498789346,-29.1446004859422,-2.85999205845546,0.297,0.297
E01001559,High care mismatch,9.81681540629403,11.8365429779239,-5.03104897126425,32.3586497542237,1.66,1.66
E01001560,Other LSOAs,13.0739795918367,8.6734693877551,-24.5289360371849,-11.8938165678437,1.278,1.278
E01001562,High care mismatch,9.09498207885305,13.2616487455197,7.70032361771305,37.5731045995809,0.906,0.906
E01001563,Other LSOAs,12.6152073732719,12.5,4.20209333291523,-4.03063613993285,1.889,1.889
E01001564,High older mismatch,16.2048192771084,12.6506024096386,20.3312935234917,12.9824247669426,1.856,1.856
E01001565,Other LSOAs,19.200954084675,10.4353011329756,7.37893518131199,-11.8421001761319,1.572,1.572
E01001566,Other LSOAs,17.1717171717172,9.82042648709315,-15.7166057354636,10.7283475338485,1.631,1.631
E01001567,High older mismatch,22.020725388601,11.5932642487047,42.6613210593572,-0.212209103165797,1.708,1.708
E01001568,High older + care mismatch,23.1137088204038,6.80127523910733,21.1840913933333,17.8707025748695,1.1,1.1
E01001569,Other LSOAs,15.3193894855851,11.8711136235161,6.15323357147894,-19.0015679566644,2.072,2.072
E01001570,Other LSOAs,13.0983692793267,13.0457653866386,1.2312371402274,11.5060588058324,2.202,2.202
E01001571,Other LSOAs,9.5632946379215,10.171365395246,8.6562340318886,3.00019767117546,0.787,0.787
E01001572,Other LSOAs,12.1979286536249,10.0690448791715,-11.2011178535334,-5.01219185659036,0.511,0.511
E01001573,High older mismatch,12.2617534942821,8.13214739517154,13.2796886794485,-8.45163837538014,1.038,1.038
E01001574,High care mismatch,8.62785862785863,14.5530145530146,1.96840971235783,24.6703194121821,1.105,1.105
E01001575,High care mismatch,8.1452944413869,13.8690148596588,-25.619001104929,15.0859585485427,0.767,0.767
E01001576,High care mismatch,9.47843530591775,11.7853560682046,-5.94179657663912,15.368212074987,0.981,0.981
E01001577,Other LSOAs,8.68055555555556,13.1448412698413,-7.38238841662071,9.41423545017871,0.434,0.434
E01001578,Other LSOAs,8.44521437851884,10.5673451710697,2.14380289744354,4.24688757798165,0.237,0.237
E01001579,Other LSOAs,10.0748416810593,12.3200921128382,7.51423237462471,11.0206346403856,1.043,1.043
E01001580,Other LSOAs,12.9878048780488,10,-11.284665620682,-21.092180389955,0.941,1.74
E01001581,Other LSOAs,13.6334812935954,9.51173113506658,-38.3355810197445,-40.3457699833801,0.463,2.128
E01001582,High older + care mismatch,16.5688193085453,12.2635355512068,11.1393011243233,28.0242597994813,1.779,2.668
E01001583,High older mismatch,13.9297124600639,9.77635782747604,19.750831278718,3.88301719440308,1.302,2.339
E01001584,High older + care mismatch,20.292747837658,11.0445775116434,25.4818195230356,32.4795526032208,1.912,2.066
E01001585,High care mismatch,10.4575163398693,13.7254901960784,6.55459711677978,28.9625875105383,0.429,1.672
E01001586,Other LSOAs,19.8172874209417,10.4708362614195,-1.01000298974846,1.571217078913,0.531,1.758
E01001587,High older mismatch,13.6799596163554,9.33871781928319,13.577668104539,-5.85310935174265,0.455,1.31
E01001588,High older mismatch,18.7241582988777,7.85587714116952,33.3005912498578,7.31262953972323,1.379,1.896
E01001589,Other LSOAs,10.0486223662885,9.88654781199352,-1.03102564250338,5.94896900685146,0.556,1.817
E01001590,Other LSOAs,10.733137829912,9.50146627565982,10.6710932245701,3.3968488550607,0.267,1.998
E01001591,Other LSOAs,8.55920114122682,10.7465525439848,-2.21685595276397,13.6359786614684,0.488,2.117
E01001592,Other LSOAs,9.00155199172271,12.3124676668391,3.91120479657703,8.06778155794817,0.483,2.27
E01001593,Other LSOAs,13.3928571428571,12.2767857142857,-16.3717734695456,-18.2968958973957,0.75,2.568
E01001594,Other LSOAs,7.85804816223067,10.9421208280524,-9.72879749311418,12.1529308406664,0.726,2.457
E01001595,High care mismatch,9.36093609360936,12.7812781278128,-5.05157742825301,17.1542878228396,0.953,2.668
E01001596,High older mismatch,18.5525560022975,12.0045950603102,22.6745989275946,9.53598376174426,3.42,4.374
E01001597,Other LSOAs,18.6136071887035,9.30680359435173,9.95345473391386,-25.9494234814532,4.178,4.612
E01001598,High older mismatch,20.5717837165942,9.69546302050963,17.7657191622293,13.8877500448802,4.072,4.715
E01001599,Other LSOAs,15.6138259833135,11.5613825983313,-36.1909972650525,-5.50296724741814,3.944,4.885
E01001600,Other LSOAs,16.3346613545817,11.1553784860558,-12.6376933951028,-20.3666540263475,4.281,5.252
E01001601,High older mismatch,21.5568862275449,10.1796407185629,11.4705573538813,4.56147894468986,4.162,4.857
E01001602,High care mismatch,11.9943555973659,10.5832549388523,-2.55282785636327,19.8535466397589,3.566,4.309
E01001603,High care mismatch,13.0261660978385,13.0261660978385,-5.55853743706022,19.4611297875782,3.257,4.237
E01001604,Other LSOAs,15.9560723514212,11.6279069767442,-18.1822049087575,-11.6360800162853,3.73,4.042
E01001605,High older + care mismatch,20.3947368421053,11.1184210526316,23.0863382175393,25.6967893343626,3.263,3.33
E01001606,Other LSOAs,15.2948402948403,12.8378378378378,-33.8357346353123,-13.819058580662,3.363,3.58
E01001607,Other LSOAs,18.0236171535115,11.2492231199503,-21.2536987826722,-24.096008321583,3.423,3.723
E01001608,Other LSOAs,22.9224376731302,10.8725761772853,-12.7907071007651,-9.50000815498171,3.965,4.164
E01001609,High older mismatch,20.6855791962175,9.21985815602837,23.4443907787124,-14.5046415470521,4.11,4.362
E01001610,Other LSOAs,16.572077185017,13.2236095346198,-2.36552569020466,2.07252843302384,2.962,3.185
E01001611,Other LSOAs,15.9592529711375,11.8845500848896,10.1726263601381,-2.32492780930239,2.894,3.404
E01001613,High older + care mismatch,19.4760820045558,11.1047835990888,39.0458218794731,19.9222341116746,4.473,4.588
E01001614,High older + care mismatch,22.7729403884796,9.37709310113865,26.852743708156,21.9616784908625,4.108,4.108
E01001615,Other LSOAs,13.6249371543489,10.507792860734,0.802220258778476,12.326508313952,4.854,5.006
E01001617,High older mismatch,23.7890864500307,9.99386879215205,49.9018229576384,-1.85409911620103,5.013,5.341
E01001618,High older + care mismatch,14.4281217208814,12.6442812172088,17.5075565649238,24.9013398044916,5.249,5.249
E01001619,Other LSOAs,12.2261844116149,12.3280692817117,-15.6310098092681,-27.0032347999862,4.763,5.368
E01001620,High older mismatch,12.3893805309735,9.67130214917826,10.9624161554873,-5.06535176203949,3.579,3.857
E01001621,Other LSOAs,15.7202630005977,10.1613867304244,-19.4575023915212,-12.9845348737641,3.604,4.296
E01001623,High care mismatch,9.79524073049253,11.4001106806862,0.999529872123347,20.0123632113415,2.655,3.271
E01001624,High older mismatch,15.0061500615006,9.90159901599016,15.0879397196916,-7.45895029122145,2.928,3.705
E01001625,High care mismatch,12.5140291806959,11.2794612794613,0.951914711713627,16.8326189914713,3.199,3.917
E01001629,Other LSOAs,8.78094348435311,12.330686595049,-28.9020327473803,8.897106329366,0.453,0.453
E01001631,High care mismatch,5.58976788252013,11.8900994789199,-22.085653675523,17.1211851275744,0.174,0.174
E01001632,Other LSOAs,9.6078431372549,7.59803921568627,-15.201826648955,-16.8269046448066,0.515,0.515
E01001633,Other LSOAs,8.52523272905439,10.485056344929,2.98354077516388,9.4256039929209,0.794,0.916
E01001634,Other LSOAs,11.9239631336406,11.6935483870968,-9.49497925771536,14.0505304420909,0.631,0.631
E01001635,Other LSOAs,10.5839416058394,10.036496350365,-3.44896002499963,9.09436773444159,0.806,0.806
E01001636,Other LSOAs,12.5520523497918,8.50684116597264,0.517440331399101,-2.53513006557488,0.703,0.703
E01001637,Other LSOAs,9.53965612867443,10.3161397670549,-10.1213640738171,8.90336932645664,0.729,0.729
E01001638,Other LSOAs,10.6636415201361,11.0606920022689,-23.6221958213926,0.564147729218668,0.232,0.232
E01001641,Other LSOAs,10.1449275362319,8.85668276972625,-28.3691159261538,-32.626838170107,0.183,0.183
E01001642,High care mismatch,14.971098265896,10.6936416184971,4.44532548999966,22.1687142326209,0.677,0.892
E01001644,Other LSOAs,4.86692015209126,8.97338403041825,-63.2901995464956,-34.8809990338101,0.439,0.439
E01001645,High older mismatch,13.5529157667387,10.85313174946,20.1027534181158,13.8773408401336,2.103,3.38
E01001646,Other LSOAs,5.3508150248051,12.7923458540043,-33.4318508539807,-20.2811376436665,1.893,2.686
E01001647,High older mismatch,16.4199192462988,10.4979811574697,15.7088928134612,8.22786449561766,1.779,3.025
E01001648,High care mismatch,12.7610208816705,10.4988399071926,9.56320319651717,15.5611177168306,2.414,3.081
E01001649,High older + care mismatch,12.5634517766497,11.4847715736041,18.8011559634686,33.5942270637709,2.42,3.573
E01001650,Other LSOAs,12.425068119891,10.299727520436,-2.42322005693178,-1.19716186437919,1.2,2.811
E01001651,High care mismatch,10.4533333333333,12.16,-24.0081207494907,22.7689216331934,1.525,2.684
E01001652,Other LSOAs,16.1971830985916,9.27230046948357,4.45980176201287,-16.4298747457417,1.304,2.926
E01001653,High older + care mismatch,10.6691919191919,12.8787878787879,21.9659987524785,36.5414348948861,3.962,3.962
E01001654,Other LSOAs,11.1801242236025,12.5465838509317,1.32269073137093,12.4402699679979,3.405,3.523
E01001655,High care mismatch,8.43908629441624,12.1827411167513,7.66717719348455,23.7726536536922,4.454,4.454
E01001656,High older mismatch,16.4556962025316,12.8816083395383,24.6737971098192,12.4572408915475,2.15,2.15
E01001657,High care mismatch,14.203821656051,12.0382165605096,4.22759148557934,17.8680814702002,1.871,1.871
E01001658,High older mismatch,16.4350453172205,12.1450151057402,34.1747014384876,12.2156721949384,2.648,2.648
E01001659,High older mismatch,18.6262376237624,9.52970297029703,33.4282554371031,6.2340433046462,2.909,2.909
E01001660,High older + care mismatch,13.7997432605905,11.6816431322208,24.8772368689139,34.0494932385333,3.416,3.416
E01001661,High older + care mismatch,14.792543595911,12.4473842453397,27.2323918992387,17.926603370961,3.843,3.843
E01001664,Other LSOAs,9.8747591522158,8.67052023121387,-16.310206567575,-11.8635893687328,0.063,0.954
E01001665,Other LSOAs,9.42297511911064,9.95235574377978,-26.399518731139,-5.6378627929746,0.471,1.567
E01001666,Other LSOAs,7.90931989924433,9.0176322418136,-5.51435531747818,-8.09561783677102,0.42,1.514
E01001669,High care mismatch,9.84,12.96,-10.354592229093,36.2318239695106,1.506,1.506
E01001671,High care mismatch,11.0844817255842,13.1216297183942,-4.64731526884603,29.4678377699191,1.248,1.248
E01001672,High older + care mismatch,9.32159502848265,9.06266183324702,16.916551475746,31.5168887574798,0.893,0.893
E01001673,High older mismatch,12.4843945068664,6.11735330836454,13.7331656789072,-15.1597397754788,0.18,0.18
E01001674,Other LSOAs,12.3406193078324,9.15300546448088,2.18787556528358,1.52022243717065,1.119,1.119
E01001675,Other LSOAs,9.32883073026593,7.09159983115239,5.65951253813591,-2.44547036507348,0.686,0.686
E01001676,High care mismatch,9.10605219322599,11.4380899500278,-9.41361150870994,17.9637127276303,1.26,1.26
E01001677,Other LSOAs,9.99074930619796,9.1581868640148,4.44341390434591,3.52229324355291,0.938,0.938
E01001678,High older mismatch,13.9311900733221,11.7879300620417,23.5047960675704,11.0573879968704,1.796,1.796
E01001679,High older + care mismatch,12.5553914327917,12.1861152141802,25.3630493830183,31.724893286976,1.939,2.156
E01001680,High older + care mismatch,20.4874835309618,11.0013175230567,24.1345280035749,27.5721790756048,2.025,2.07
E01001681,Other LSOAs,11.0714285714286,13,0.468078671228533,2.63454369097578,1.309,1.485
E01001682,High older mismatch,19.2587209302326,10.4651162790698,35.8730705106453,14.1731391324547,2.447,2.664
E01001683,Other LSOAs,13.5483870967742,11.3548387096774,-12.4671462102321,-5.31110020302836,1.166,1.166
E01001684,High older + care mismatch,16.3208852005533,11.0650069156293,31.1987472798145,36.6763589204196,2.187,2.187
E01001685,Other LSOAs,16.9654289372599,9.73111395646607,9.88529578015935,1.07101583568651,1.508,1.508
E01001686,Other LSOAs,8.5,11,5.99066732403887,8.17986182916641,1.602,1.809
E01001687,Other LSOAs,7.97101449275362,8.57487922705314,-23.1890636501554,10.0910168284377,0.618,0.618
E01001688,High care mismatch,6.29213483146067,14.7940074906367,-4.20390029216574,17.9470590449767,1.546,1.546
E01001690,High older mismatch,11.2018669778296,10.3850641773629,12.0238384438551,8.73914448837287,1.464,1.464
E01001692,High care mismatch,8.77551020408163,13.6054421768708,0.707536464533657,17.7410913194367,1.623,1.623
E01001693,High care mismatch,7.36235595390525,13.7003841229193,3.49333852957144,23.8736839922371,1.374,1.374
E01001694,Other LSOAs,8.54357798165138,11.2385321100917,1.88887590019621,8.08287288823667,1.188,1.188
E01001695,Other LSOAs,8.39251129761136,9.03808908973531,-16.6289945565282,-12.421074951691,0.46,0.614
E01001696,Other LSOAs,3.96424407306646,11.8927322191994,-54.0115312732507,-19.5437335974512,0.346,0.571
E01001697,Other LSOAs,7.30230798335225,11.048051456678,-10.6842003198142,-4.60574378572895,0.608,0.822
E01001698,Other LSOAs,5.91313448456306,12.1402407116693,-10.7232603816843,13.0981737325332,1.157,1.37
E01001699,High care mismatch,2.52559726962457,11.3310580204778,-9.0653605592234,27.0806211583193,1.034,1.245
E01001700,Other LSOAs,8.30172777075432,9.31310577328276,-3.18994267132186,-22.1583635756629,0.74,0.924
E01001701,High care mismatch,9.64265456608054,11.9115144639819,7.18120753709514,23.433932106067,1.768,1.994
E01001702,Other LSOAs,9.42760942760943,9.62962962962963,-10.6175371717359,9.69399145741099,1.315,1.54
E01001703,Other LSOAs,4.81000481000481,14.3338143338143,-6.32813915278013,14.4179630504567,1.106,1.295
E01001704,High older mismatch,15.3098420413123,10.2673147023086,11.5277339703085,-2.70873183094602,1.207,1.225
E01001705,High care mismatch,5.10884051532652,12.5277654375833,-18.9633762358337,21.5669037920012,0.845,0.996
E01001708,High older + care mismatch,13.1408367707719,11.7265763111373,23.7976244221546,15.4440488107505,1.339,1.511
E01001710,High care mismatch,7.83645655877343,12.4361158432709,-5.32888570455484,15.9121552252017,1.068,1.211
E01001712,High care mismatch,5.7492931196984,13.5249764373233,-41.2463445368449,22.1460179682185,0.914,0.991
E01001714,Other LSOAs,7.21247563352827,9.16179337231969,-57.3727094444134,-29.4163105562832,0.321,0.321
E01001715,Other LSOAs,5.52529182879377,6.69260700389105,-32.8694989922323,-28.8727141161688,0.411,0.411
E01001716,Other LSOAs,8.34266517357223,11.8701007838746,-14.4888383314994,4.47003840780757,0.519,0.519
E01001717,Other LSOAs,9.05057675244011,7.09849157054126,-31.0412589228333,-10.7650588944268,0.625,0.625
E01001718,Other LSOAs,6.38665132336018,7.76754890678941,-5.63197385905942,-30.8342283912954,0.413,0.413
E01001719,Other LSOAs,8.84685784014643,10.2501525320317,-34.7713787527046,1.64558203717738,0.918,0.918
E01001720,Other LSOAs,6.79953106682298,8.2063305978898,-36.7290476457697,-25.7516814256892,0.721,0.721
E01001722,Other LSOAs,8.45986984815618,11.236442516269,-30.1899441439776,-18.6556341998773,0.401,0.401
E01001723,Other LSOAs,6.70391061452514,8.27831386490604,-31.2563268532523,-26.8535573098715,0.343,0.343
E01001724,Other LSOAs,4.35233160621762,8.42832469775475,-51.6327561886565,-42.4135943320668,0.1,0.1
E01001725,Other LSOAs,9.22489082969432,11.5174672489083,-12.6247221881278,-6.62589225504991,0.505,0.505
E01001726,Other LSOAs,5.95776772247361,13.8009049773756,-22.2179221767958,5.06810580147786,0.429,0.429
E01001727,Other LSOAs,9.65309200603318,8.74811463046757,-24.9267494186254,-25.4152405019891,0.575,0.575
E01001728,Other LSOAs,5.70707070707071,14.8989898989899,-39.3025104941949,-6.0533469319893,0.562,0.562
E01001729,Other LSOAs,5.13336688475088,6.79416205334676,-63.0327932038247,-39.3004862827618,0.28,0.28
E01001730,Other LSOAs,6.06717226435536,14.3011917659805,-55.7110741821048,-11.0413496626058,0.185,0.185
E01001731,Other LSOAs,3.98047315058205,9.65076980848667,-56.0113369200034,-27.4619576130809,0.354,0.354
E01001732,Other LSOAs,5.94423987375066,11.6780641767491,-67.4902921575134,-14.2647917885256,0.511,0.511
E01001733,Other LSOAs,6.72717565403097,9.28990923651895,-27.4501019550063,-9.98962380635766,0.443,0.443
E01001734,Other LSOAs,7.47816593886463,8.29694323144105,-58.057117012595,-46.2347659036592,0.414,0.414
E01001735,Other LSOAs,12.5238397965671,8.83661792752702,-31.2997513070108,-31.4187366295898,0.497,0.497
E01001736,Other LSOAs,7.93548387096774,9.74193548387097,-34.9554624658927,-2.37656836589306,0.83,0.83
E01001737,Other LSOAs,6.89265536723164,11.4689265536723,-56.5924244240094,-0.261465904615143,1.035,1.035
E01001738,Other LSOAs,8.68315123634273,9.60322024151811,-36.0479911968712,-12.0572804840852,0.759,0.759
E01001739,Other LSOAs,10.0050530570995,9.55027791814048,-43.3566847428406,-22.1195740198139,0.901,0.901
E01001740,Other LSOAs,9.44983818770227,11.0679611650485,-21.7452503704763,9.31753771695328,0.629,0.629
E01001741,Other LSOAs,9.64607911172797,11.6585704371964,-37.8917009849833,-14.2232042216138,0.747,0.747
E01001742,Other LSOAs,7.74928774928775,12.6495726495727,-55.6484402459629,-3.15182152908074,0.977,0.977
E01001744,Other LSOAs,9.4715852442672,9.62113659022931,-27.604663106404,-26.7967475575997,0.398,0.398
E01001745,Other LSOAs,6.05360443622921,11.3216266173752,-54.0834318048241,-14.788577139673,0.62,0.62
E01001746,High care mismatch,8.48161328588375,14.29418742586,-19.5614186895681,19.832821335502,0.628,0.628
E01001747,Other LSOAs,7.34536082474227,7.51718213058419,-31.2016481709642,-34.740823009956,0.302,0.302
E01001749,Other LSOAs,9.10931174089069,9.04183535762483,-16.9917428217509,-11.7549410592441,0.507,0.507
E01001750,Other LSOAs,6.92742695570217,9.18944392082941,-56.7632313534686,-39.8187881405805,0.263,0.263
E01001751,Other LSOAs,11.2685560053981,8.83940620782726,-31.7330035912004,-26.6226246114249,0.613,0.613
E01001753,Other LSOAs,5.46163849154747,14.4993498049415,-42.7526053560241,5.89509935017939,0.47,0.47
E01001755,Other LSOAs,8.34326579261025,9.47556615017878,-65.5372790485533,-40.476359085532,0.456,0.456
E01001756,Other LSOAs,9.13555992141454,7.85854616895874,-11.0995082463979,-24.3726939928383,0.283,0.283
E01001757,Other LSOAs,8.06553245116572,13.7366099558916,-33.2404067042654,2.06823623232313,0.419,0.419
E01001758,Other LSOAs,6.19502868068834,11.5869980879541,-22.8518834154973,-7.64510471211744,0.156,0.156
E01001759,Other LSOAs,10.036496350365,8.94160583941606,-1.28642647565577,-0.107642590237738,0.375,0.375
E01001760,Other LSOAs,8.48806366047745,7.69230769230769,-37.3273480169167,-34.1116230942274,0.145,0.145
E01001761,Other LSOAs,9.68096809680968,8.36083608360836,-18.8556888863046,-29.0600309703561,0.24,0.24
E01001762,Other LSOAs,6.99342498505678,7.47160789001793,-19.6427712501142,-21.393139186863,0.229,0.229
E01001763,Other LSOAs,10.8535895986433,10.6274731486716,-14.0456061523602,1.04986228280818,0.42,0.42
E01001764,Other LSOAs,9.14285714285714,9.48571428571429,-49.3311552394549,-32.0549019767653,0.17,0.17
E01001765,Other LSOAs,11.0371602884082,9.31780366056572,-28.2354895889538,-15.1819230825574,0.493,0.493
E01001767,Other LSOAs,6.47571606475716,11.3947696139477,-21.7787239335165,-9.74348573969818,0.129,0.129
E01001768,Other LSOAs,7.82003213711837,8.14140332083557,-14.1077322033547,-17.9753392593962,0.412,0.412
E01001769,Other LSOAs,7.58075148319051,9.69017798286091,-29.9448455250367,-17.5725115161469,0.188,0.188
E01001770,Other LSOAs,7.47663551401869,10.338785046729,-50.9921551821739,-39.3336001156396,0.44,0.44
E01001772,Other LSOAs,7.32252655114589,10.2291783119061,-31.4065978422432,-4.45574905271042,0.199,0.199
E01001773,Other LSOAs,5.92264302981467,7.89685737308622,-48.4442812754963,-28.5382198600834,0.292,0.292
E01001774,Other LSOAs,4.63009562154001,8.75691997986915,-35.5466441995796,-10.0437654028997,0.454,0.454
E01001775,Other LSOAs,10.7099143206854,9.66952264381885,-31.7042787505149,-14.370867658813,0.574,0.765
E01001776,Other LSOAs,11.0526315789474,7.77777777777778,-39.6773692844939,-27.7929644721757,0.258,0.258
E01001777,Other LSOAs,4.51784358390281,7.02353834472285,-50.8917455032867,-38.7282724568586,0.049,0.049
E01001780,Other LSOAs,9.30616740088106,8.86563876651982,-45.9576941153989,-17.8149222798643,0.291,0.291
E01001781,Other LSOAs,6.26174076393237,9.70569818409518,-59.2332525138955,-24.9439219339295,0.766,0.766
E01001783,Other LSOAs,5.7799875699192,10.7520198881293,-42.854162403884,-15.5840863599022,0.681,0.681
E01001784,Other LSOAs,8.2392776523702,10.0451467268623,-40.5740147348975,-25.4108184170193,0.435,0.435
E01001785,Other LSOAs,10.6583072100313,11.2225705329154,-39.6450106739796,-10.538880911836,0.536,0.536
E01001786,High care mismatch,7.18778077268643,12.0844564240791,-9.29798666699961,48.1116965497298,1.369,1.369
E01001787,High older mismatch,16.8839230291744,8.504034761018,20.4492817370475,5.1785167120064,1.012,1.012
E01001788,Other LSOAs,13.9705882352941,9.55882352941176,-28.4549332767488,-5.86448115110522,0.969,0.969
E01001789,Other LSOAs,8.40383530738861,9.75747320924986,-19.0438768831163,-2.58071565278171,0.925,0.925
E01001790,Other LSOAs,8.40502978160159,13.1700860357379,-56.7151577648692,-10.1805437769663,0.929,0.929
E01001791,Other LSOAs,8.98491083676269,10.6995884773663,-46.2854869501245,-13.0187531932375,0.752,0.752
E01001792,Other LSOAs,11.1743404035178,9.9327470253492,-16.1706469361179,-4.81443885940485,0.319,0.319
E01001793,Other LSOAs,9.53282828282828,12.1212121212121,-21.2752594599804,1.74596901653302,0.763,0.763
E01001794,Other LSOAs,12.9151291512915,7.16921454928835,-50.903938278792,-26.3984214317728,0.678,0.678
E01001795,Other LSOAs,7.37327188940092,9.29339477726575,-43.6896348705959,-25.133876861749,0.849,0.849
E01001796,Other LSOAs,6.30508474576271,8.47457627118644,-34.8173067565295,-28.8181249315598,0.804,0.804
E01001798,Other LSOAs,7.21959604641169,8.98152127202406,-24.3436831796937,-12.4679665722845,0.079,0.079
E01001799,Other LSOAs,7.17131474103586,11.8193891102258,-10.2836171198578,9.77080993002635,0.696,0.696
E01001800,Other LSOAs,6.74671240708977,13.093196112064,-9.4451753526164,-0.782023906758035,0.366,0.366
E01001801,Other LSOAs,12.1668597914253,12.0509849362688,2.57812713545556,12.269446718968,0.651,0.651
E01001802,Other LSOAs,11.1918604651163,10.6831395348837,-6.64519829442454,4.97794483673057,0.636,0.636
E01001803,Other LSOAs,9.76150859678314,10.4270660011093,-23.3247764473643,-3.89921542367954,0.905,0.905
E01001804,Other LSOAs,7.77047220561865,12.4327555289898,-6.35503227011465,11.8943248924378,0.731,0.731
E01001805,Other LSOAs,8.4759576202119,9.45395273023635,-36.3474271596313,-31.9024595072582,0.152,0.152
E01001806,Other LSOAs,12.1768707482993,11.8367346938776,-39.0124723239277,3.06696374164262,1.052,1.052
E01001807,Other LSOAs,7.47508305647841,10.3543743078627,5.34039416842898,11.5672790756323,0.306,0.306
E01001808,Other LSOAs,10.3553921568627,12.7450980392157,-48.4498012194025,-21.6481588072303,0.465,0.465
E01001809,Other LSOAs,9.31346460883449,9.95210218201171,-18.2566800802088,-13.1588967909819,0.2,0.2
E01001811,High care mismatch,7.43016759776536,12.7374301675978,-0.586024286582793,30.7588332301126,0.63,0.63
E01001812,High care mismatch,8.53794642857143,10.2678571428571,7.40340997162578,22.4665337358452,0.579,0.579
E01001813,Other LSOAs,7.98771121351767,12.6984126984127,-20.1546824271047,4.10369116550747,0.193,0.193
E01001814,Other LSOAs,6.29041740152851,13.2275132275132,-65.433237579077,-23.9204575412246,0.374,0.374
E01001815,Other LSOAs,11.6817155756208,8.29571106094808,-27.7360596154447,-20.0712455466252,0.496,0.496
E01001816,Other LSOAs,12.911555842479,10.8457069076824,-30.2750257994213,-12.732527454234,0.451,0.451
E01001819,Other LSOAs,18.5372005044136,8.00756620428752,-14.0892695292428,-35.4237518971009,0.545,0.545
E01001820,Other LSOAs,10.8789625360231,9.14985590778098,-22.3466003410174,-16.1334772173914,0.517,0.517
E01001821,Other LSOAs,11.4899925871016,9.34025203854707,-45.3664671031322,-40.932860493165,0.661,0.661
E01001822,Other LSOAs,6.96392785571142,11.7735470941884,-35.1775316204713,-16.2537492911565,0.366,0.366
E01001823,High care mismatch,7.3394495412844,11.0091743119266,1.44838612252575,21.6291232557389,1.013,1.013
E01001824,Other LSOAs,8.55384615384615,12.5538461538462,-28.7953081495423,-6.25280678311196,0.953,0.953
E01001825,Other LSOAs,10.0965107646622,12.0267260579065,-17.4845275025482,10.2798254442868,0.753,0.753
E01001826,Other LSOAs,8.00508259212198,12.6429479034307,-40.3177160496851,-6.87190526100473,0.678,0.678
E01001827,Other LSOAs,10.1458080194411,11.543134872418,-21.449072359938,6.56812870328695,0.777,0.777
E01001828,Other LSOAs,8.58536585365854,10.8292682926829,-20.3656338359272,-17.2473574844033,0.562,0.562
E01001829,Other LSOAs,10.0227790432802,11.5603644646925,-34.471936388906,-25.6609504233751,0.555,0.555
E01001830,Other LSOAs,10.1225359616409,7.83164624400639,-14.524272165851,-20.0076460772389,0.537,0.537
E01001831,Other LSOAs,10.0119189511323,6.37663885578069,-35.937063412878,-35.7930540138977,0.356,0.356
E01001832,Other LSOAs,8.74547647768396,8.14234016887817,-23.4218628490848,-13.1290146270971,0.202,0.202
E01001833,Other LSOAs,6.46836638338055,10.1038715769594,-30.6759794461892,-1.12789522764259,0.423,0.423
E01001834,Other LSOAs,5.83501006036217,9.05432595573441,-60.2883841053294,-30.0136521848445,0.616,0.616
E01001835,Other LSOAs,7.94165316045381,8.18476499189627,-51.7641737446774,-31.818581010426,0.596,0.596
E01001836,Other LSOAs,8.67924528301887,9.2722371967655,-25.536629217754,-12.1736982496079,0.962,0.962
E01001837,Other LSOAs,11.3652113652114,10.2564102564103,-10.519447133621,-4.70914155558663,0.471,0.618
E01001838,Other LSOAs,8.26446280991736,12.396694214876,-53.3457314014094,-10.2335368513968,0.487,0.487
E01001839,Other LSOAs,4.03739906502338,6.96982575435614,-67.6007582689427,-49.7145881323963,0.271,0.271
E01001840,Other LSOAs,12.3518402994386,10.1060511540861,-34.3520594629133,-29.2500871123305,0.697,0.697
E01001841,Other LSOAs,13.1135531135531,9.5970695970696,-15.7508153298954,-10.2891639004713,0.878,0.878
E01001842,Other LSOAs,7.72251308900524,9.88219895287958,-49.8676818200601,-16.492532681531,0.455,0.455
E01001843,Other LSOAs,9.03814262023217,11.3598673300166,-47.2010753790689,-11.57574368252,0.725,0.725
E01001844,Other LSOAs,8.1419624217119,9.39457202505219,-49.4788028121756,-23.1067123957346,0.46,0.46
E01001845,Other LSOAs,11.2302839116719,9.96845425867508,-19.3658192922471,9.80540720699043,0.538,0.538
E01001846,Other LSOAs,14.9710504549214,8.93300248138958,2.70891146452109,-7.32051925954897,0.593,0.593
E01001847,Other LSOAs,7.66341096919609,9.54169797145004,-53.9460483883848,-30.6989673824805,0.439,0.439
E01001848,Other LSOAs,9.41772151898734,11.0379746835443,-45.8761950254351,-12.6137796064764,0.266,0.266
E01001849,Other LSOAs,3.38499184339315,8.84991843393149,-24.9682739521192,-5.53169054758375,0.369,0.369
E01001850,Other LSOAs,8.60855441256091,14.2393069842989,-44.5431506001316,7.39742612961932,0.23,0.23
E01001851,Other LSOAs,9.47511929107021,11.1111111111111,-46.1970955922158,-35.8703595795223,0.638,0.638
E01001852,Other LSOAs,9.88943488943489,6.38820638820639,-43.002717432122,-43.6813305416354,0.312,0.312
E01001853,Other LSOAs,9.01803607214429,8.61723446893788,-35.1116230448127,-20.6130989967345,0.251,0.251
E01001854,Other LSOAs,7.95906765207504,7.50426378624218,-42.4621682463033,-30.9863423718012,0.438,0.438
E01001855,Other LSOAs,8.17799158147926,8.89957907396272,-33.72949605703,-26.6221860289575,0.347,0.347
E01001856,Other LSOAs,8.50030358227079,9.95749848208865,-54.761667612463,-37.190577992518,0.43,0.43
E01001857,Other LSOAs,11.5633074935401,8.85012919896641,-38.5869460044515,-15.281349526993,0.349,0.349
E01001858,Other LSOAs,9.92018244013683,7.12656784492588,-7.2792593881,-19.5069334048201,0.705,0.705
E01001859,Other LSOAs,5.95414201183432,12.758875739645,-33.7200281397616,-11.7287676115796,0.872,0.872
E01001860,Other LSOAs,7.77323202805377,8.82524839275278,-35.1558814189038,-33.9874429008586,1.045,1.045
E01001861,Other LSOAs,9.95732574679943,10.1706970128023,-35.1179231801327,-27.727074456153,1.109,1.109
E01001862,Other LSOAs,9.14772727272727,8.18181818181818,-49.6941880467982,-28.3329315919808,0.566,0.566
E01001863,Other LSOAs,10.2127659574468,9.78723404255319,-31.6768665040018,-22.3402649170444,0.846,0.846
E01001864,Other LSOAs,11.206328279499,9.95385629531971,-20.0366384348124,-16.6068045657056,0.984,0.984
E01001865,Other LSOAs,10.0315457413249,10.9779179810726,-22.3717437600387,-28.4397482466935,0.881,0.881
E01001866,Other LSOAs,13.9627659574468,7.4468085106383,-41.3497127459764,-45.6890606807492,0.29,0.29
E01001867,High older mismatch,23.2394366197183,6.33802816901408,15.714239713549,-19.8147624870464,0.344,0.344
E01001868,Other LSOAs,13.0055511498811,9.27835051546392,-35.2825135992751,-17.6902615583413,0.34,0.34
E01001869,Other LSOAs,17.7514792899408,10.0591715976331,-36.1529341202914,-41.7585076594824,0.415,0.415
E01001870,Other LSOAs,7.55053507728894,4.99405469678954,-27.535547684506,-24.9961724386867,0.312,0.312
E01001871,Other LSOAs,13.1613756613757,8.0026455026455,-15.2224190787846,-19.2664035008931,0.348,0.348
E01001872,Other LSOAs,11.4537444933921,6.82819383259912,-33.655456482259,-10.267221996434,0.241,0.241
E01001873,Other LSOAs,10.7119095143047,11.0445775116434,-30.8239192516304,-14.7930559056669,0.304,0.304
E01001875,Other LSOAs,10.8743169398907,9.18032786885246,-7.97346847499593,-2.56808678807248,0.15,0.15
E01001876,Other LSOAs,6.66666666666667,8.10126582278481,-2.77089848345011,0.794412051495744,0.651,0.651
E01001877,High care mismatch,9.39104915627293,8.58400586940572,4.44490190787857,23.0035981505909,0.716,0.716
E01001878,Other LSOAs,11.9430693069307,9.65346534653465,-15.1322473418585,-2.58828875760664,0.127,0.127
E01001879,Other LSOAs,10.8126721763085,7.43801652892562,-24.7749849930831,-31.7111699385665,0.884,0.884
E01001880,High care mismatch,11.0204081632653,7.95918367346939,3.22020340276427,22.8366382925974,0.311,0.311
E01001881,Other LSOAs,9.92,7.09333333333333,-48.9775220614163,-56.0710261733984,0.387,0.387
E01001882,Other LSOAs,7.66889835666464,7.30371272063299,-28.5454616317215,-33.1501190145389,0.673,0.673
E01001883,Other LSOAs,11.1289459604066,7.49063670411985,-6.92038562209537,-7.0212031429603,0.27,0.27
E01001884,Other LSOAs,13.270405330372,6.71848972792893,-32.1247072472644,-42.4194523927759,0.466,0.466
E01001885,Other LSOAs,12.1473354231975,10.5015673981191,-51.1867850013262,-32.4881005643967,0.759,0.759
E01001886,Other LSOAs,11.2934996717006,8.47012475377544,-25.5355775794642,-25.7705193949064,0.733,0.733
E01001887,Other LSOAs,14.1780821917808,7.80821917808219,-35.5735520950941,-39.2220447005977,0.825,0.825
E01001888,Other LSOAs,11.8633139909736,7.47904577691812,-18.3717076346187,-30.7018354877247,0.976,0.976
E01001889,Other LSOAs,9.21526277897768,7.48740100791937,-12.6739639810877,8.2819636986551,0.32,0.32
E01001890,Other LSOAs,5.60747663551402,6.19158878504673,-25.913173533462,-16.40356079951,0.516,0.516
E01001891,Other LSOAs,8.41525756979945,7.70743216673221,-33.7499999865687,-26.373604738521,0.735,0.735
E01001892,Other LSOAs,9.91735537190083,9.99248685199098,-22.7342036483293,3.91449340739659,0.413,0.413
E01001893,Other LSOAs,10,9.93288590604027,-41.6363719429761,-26.1114496013234,0.461,0.461
E01001894,Other LSOAs,10.1090909090909,6.90909090909091,-27.938145147953,-40.8810495866815,0.367,0.367
E01001895,Other LSOAs,11.0349554489376,9.25291295407814,-27.307966607876,-27.8086046383281,0.475,0.475
E01001896,Other LSOAs,11.5246957766643,7.51610594130279,-43.4079302953795,-25.1317509291187,0.214,0.214
E01001897,Other LSOAs,13.020030816641,11.0169491525424,-5.49981752118257,-14.4785725464908,0.561,0.561
E01001898,Other LSOAs,7.27272727272727,7.94258373205742,-48.709870703813,-37.3841436990996,0.195,0.195
E01001899,Other LSOAs,12.8365685660614,8.95428929242329,-12.643159844048,-28.7181605743505,0.305,0.305
E01001900,Other LSOAs,12.6309662398137,8.26542491268917,-33.2740368267486,-27.418970468578,0.375,0.375
E01001901,Other LSOAs,7.3200241984271,11.1917725347852,-17.8297033148811,-9.02983181396237,0.549,0.549
E01001902,Other LSOAs,9.65600482800241,7.12130356065178,-14.1084136606398,-39.3774734420429,0.773,0.773
E01001903,Other LSOAs,10.7317073170732,7.94425087108014,-40.0015224391393,-55.72099218644,0.992,0.992
E01001904,Other LSOAs,7.8735275883447,9.2374457532548,-19.9255693488869,-34.7300810436396,1.082,1.082
E01001905,Other LSOAs,11.2786489746683,9.4692400482509,-10.0042649007302,-21.2553879280249,0.859,0.859
E01001906,Other LSOAs,7.5068870523416,10.7438016528926,-8.3777076460076,-9.97667926059771,0.675,0.675
E01001907,Other LSOAs,11.7080994386528,11.6279069767442,-2.6239809850568,-16.2031444029929,0.64,0.64
E01001908,Other LSOAs,7.17391304347826,6.01449275362319,-39.0160409210207,-27.4786781070215,0.234,0.234
E01001909,Other LSOAs,12.4929017603634,6.13287904599659,-33.491469875106,-35.0540925084883,0.469,0.469
E01001910,Other LSOAs,9.19282511210762,5.38116591928251,-15.8265880135191,-9.38238084948042,0.261,0.261
E01001911,Other LSOAs,9.47368421052632,10.9356725146199,-41.9757835913754,-21.3568687059782,0.265,0.265
E01001912,Other LSOAs,10.4539202200825,9.00962861072902,-46.9971378628276,-23.8879046176834,0.459,0.459
E01001913,Other LSOAs,7.79783393501805,5.48736462093863,-18.3686922502508,-27.9861591548634,0.509,0.509
E01001914,Other LSOAs,6.52029274783766,5.3226879574185,-47.2226563809837,-34.5195882128734,0.091,0.091
E01001915,High older mismatch,15.4852030282175,10.3234686854783,12.1850048578346,3.25860624194109,0.527,0.527
E01001916,High older mismatch,30.6188925081433,7.24755700325733,40.7479943507068,-6.16505189192277,0.318,0.318
E01001917,Other LSOAs,17.3244147157191,9.4314381270903,3.20673391331224,-18.6483690065679,1.33,1.33
E01001918,Other LSOAs,10.7355864811133,12.0609675281643,-17.144508439409,1.75565544847363,1.27,1.27
E01001919,Other LSOAs,16.4188752424047,10.60116354234,-5.50790427356564,1.02621252471656,1.196,1.196
E01001920,Other LSOAs,14.5818935729095,7.18728403593642,-24.7640137293023,-27.2387025104671,0.28,0.28
E01001921,Other LSOAs,9.51724137931034,8.75862068965517,-36.1868457555544,-24.5436602933146,0.317,0.317
E01001922,Other LSOAs,11.460258780037,11.090573012939,-40.3462767980488,-28.0519113163035,0.242,0.242
E01001923,Other LSOAs,12.7883981542518,10.2175346077785,-23.1909342363801,-14.7937039330423,0.496,0.496
E01001924,Other LSOAs,9.1849935316947,10.0905562742561,-51.0244038473226,-29.6355502397111,0.509,0.509
E01001925,Other LSOAs,11.2595419847328,11.6412213740458,-46.9881868769892,-27.1728753056097,0.354,0.354
E01001926,Other LSOAs,12.3802505526898,10.2431834929993,-6.36799267617757,-21.8063608976322,0.485,0.485
E01001927,High older mismatch,18.9882697947214,11.3636363636364,14.4211947444662,10.4779079448403,0.585,0.585
E01001928,Other LSOAs,11.4745011086475,10.1441241685144,3.25141352961078,-20.5819516942836,0.367,0.367
E01001929,Other LSOAs,12.4721603563474,12.7691165553081,7.00004083331623,5.12049586583267,0.342,0.342
E01001930,High older mismatch,20.1845444059977,8.76585928489043,16.0215148024427,-7.44954403198386,0.429,0.429
E01001931,Other LSOAs,9.33641975308642,9.49074074074074,4.61482566857877,-11.9486693013493,0.223,0.223
E01001932,Other LSOAs,9.21630094043887,9.40438871473354,-9.27009648099611,-29.8147996585323,0.161,0.161
E01001933,Other LSOAs,15.3743315508021,7.88770053475936,2.81931005855071,-24.8628259823487,0.403,0.403
E01001934,Other LSOAs,9.70377936670072,10.3166496424923,-8.53256228596164,2.82088807534291,0.813,0.813
E01001935,Other LSOAs,10.2991662579696,8.3864639529181,-32.2446403529881,-27.8471139370023,0.538,0.538
E01001937,Other LSOAs,11.6201117318436,10.6145251396648,-30.5825963089525,-12.2259079439758,0.787,0.787
E01001938,Other LSOAs,9.51776649746193,10.0888324873096,-28.7770165437502,-30.6986008190295,1.031,1.031
E01001940,Other LSOAs,11.3207547169811,7.93754066363045,-51.3165672020198,-36.4162709597003,0.252,0.252
E01001941,Other LSOAs,6.0702875399361,5.43130990415336,-44.6163137362493,-44.0010919427186,0.205,0.205
E01001942,Other LSOAs,7.88900979325354,6.42002176278564,-59.0085546982766,-51.6081457704037,0.387,0.387
E01001943,Other LSOAs,7.25022104332449,9.01856763925729,-22.7503877337931,-8.27337021797371,0.304,0.304
E01001944,Other LSOAs,9.64285714285714,10.8928571428571,-35.1090736783747,-5.7211888534321,0.388,0.388
E01001945,Other LSOAs,10.0840336134454,8.94357743097239,-42.9658880655101,-26.6946593775422,0.472,0.472
E01001946,Other LSOAs,7.72509323388386,8.95045285029302,-32.9627969666912,-14.781030784231,0.353,0.353
E01001947,Other LSOAs,9.95762711864407,11.0169491525424,-43.5306055749946,-23.3484343616321,0.336,0.336
E01001948,Other LSOAs,8.45371856607812,9.36329588014981,-48.364782811682,-38.3974013051153,0.166,0.166
E01001949,Other LSOAs,7.11382113821138,10.4336043360434,-28.6841454718993,-29.055072155266,0.437,0.437
E01001950,Other LSOAs,7.70777479892761,11.5951742627346,-54.9103139957807,-30.657151893488,0.286,0.286
E01001951,Other LSOAs,8.99470899470899,8.53174603174603,-31.0535087496008,-38.5258038882173,0.317,0.317
E01001952,Other LSOAs,7.82292298362644,6.06428138265616,5.03468340763607,-30.1359005193665,0.375,0.375
E01001953,Other LSOAs,8.74914559125086,7.04032809295967,-35.2473522199931,-37.9355484174693,0.179,0.179
E01001954,Other LSOAs,12.1311475409836,11.2131147540984,-28.4964851950939,-12.4708400005201,0.958,0.958
E01001955,Other LSOAs,10.3644107903455,10.7430194036914,-53.3368370067664,-32.6617679516584,0.901,0.901
E01001956,Other LSOAs,12.8888888888889,10.0952380952381,-14.2339958549188,-15.6656300987185,0.888,0.888
E01001957,Other LSOAs,9.47109471094711,11.869618696187,-39.360333146378,9.43301801691015,0.312,0.312
E01001958,Other LSOAs,6.90655832849681,11.2013929193268,-47.4417560863066,-10.5502594585142,0.66,0.66
E01001959,Other LSOAs,10.0049529470035,8.17236255572065,-25.1601690807185,-13.3691286709244,0.645,0.645
E01001960,Other LSOAs,6.29877369007804,9.19732441471572,-59.1990765629802,-33.0707743278349,0.695,0.695
E01001961,Other LSOAs,8.01017164653528,12.6509853782581,-67.9264730339713,-11.513114338883,0.593,0.593
E01001962,High older + care mismatch,12.4793842770753,15.7229246838922,22.0974315097396,53.9971604822085,1.021,1.021
E01001963,Other LSOAs,13.7931034482759,14.293659621802,-26.5831963673963,9.35168254536389,1.159,1.159
E01001964,High care mismatch,11.2745098039216,11.2745098039216,5.59688790333419,22.1644891058675,1.104,1.104
E01001965,High care mismatch,11.7898594990837,15.8827122785583,2.71002276321346,44.7083171030845,0.8,0.8
E01001966,High older + care mismatch,17.6345609065156,12.5354107648725,17.600560955041,27.4923622621776,1.484,1.484
E01001967,Other LSOAs,19.3311036789298,11.5719063545151,1.60524831578187,-2.40085231331201,1.617,1.617
E01001968,Other LSOAs,12.8033980582524,13.0461165048544,-13.0451029621692,-7.00976695552081,1.758,1.758
E01001969,Other LSOAs,12.7540650406504,9.85772357723577,-2.9907145356839,5.441178093117,0.612,0.612
E01001970,Other LSOAs,8.14075630252101,8.82352941176471,-33.5429282354575,-17.3756509138012,0.335,0.335
E01001971,Other LSOAs,10.2833158447009,11.1752360965373,-23.5370826063296,4.34464352411273,0.697,0.697
E01001972,Other LSOAs,12.8504672897196,10.5140186915888,-8.03340982675636,-6.64386825098423,0.76,0.76
E01001973,Other LSOAs,12.8487229862475,12.770137524558,-30.8697144825986,-7.18895816419514,0.346,0.346
E01001974,Other LSOAs,9.21409214092141,11.5627822944896,-22.8352263257108,-9.18233751922434,0.224,0.224
E01001975,High care mismatch,8.10514786418401,11.1719605695509,-11.7954373461786,15.3597365214723,0.711,0.711
E01001976,Other LSOAs,7.91867308721241,9.36329588014981,-23.1186541538238,-20.0152710097741,0.384,0.384
E01001977,Other LSOAs,10.4290429042904,11.5511551155116,-7.09103437345411,-11.0409970219633,0.573,0.573
E01001978,Other LSOAs,9.65230928905034,10.1712506486767,-27.8380576746852,-17.0270166846656,0.279,0.279
E01001979,Other LSOAs,8.20960698689956,11.1353711790393,-47.4907132707722,-32.2434404896896,0.204,0.204
E01001980,Other LSOAs,9.46615299944964,9.02586681342873,-15.6962769736908,8.055470909768,0.879,0.879
E01001981,Other LSOAs,8.89382990550306,7.83768760422457,-41.2422244240059,-27.2672404975082,0.438,0.438
E01001982,Other LSOAs,10.7222222222222,10.0555555555556,-13.3463856763682,13.3819614299278,0.663,0.663
E01001983,High care mismatch,10.4091456077016,10.589651022864,-7.30954157878912,15.5772817865866,1.011,1.011
E01001984,Other LSOAs,15.1601830663616,9.1533180778032,-20.3927057004473,-25.0739560702586,0.899,0.899
E01001985,Other LSOAs,11.9679210363973,11.9062307217767,-35.1038876302042,-4.0146234594615,1.101,1.101
E01001986,High older mismatch,11.6219667943806,10.8556832694764,11.6500576689169,-1.5970370541442,0.684,0.684
E01001987,Other LSOAs,16.0703812316716,11.1436950146628,9.46471297537575,-9.25138917497652,0.358,0.358
E01001988,Other LSOAs,12.6802884615385,11.0576923076923,-14.4481837533071,-33.0152091399835,0.69,0.69
E01001989,Other LSOAs,15.9487776484284,11.6996507566938,-10.9225343941887,-4.37512139730478,0.942,0.942
E01001990,Other LSOAs,8.88090349075975,8.98357289527721,-48.2253166522308,-45.6184016626669,0.984,0.984
E01001991,Other LSOAs,11.8143459915612,13.5623869801085,-43.3325412941326,-10.3180455855462,1.368,1.368
E01001992,High older + care mismatch,16.6761850371216,12.5071387778412,25.7236580496435,17.8108590661643,0.895,0.895
E01001993,Other LSOAs,17.1959257040144,13.600958657879,-8.67382779129152,-11.9197198370061,0.837,0.837
E01001994,Other LSOAs,18.327796234773,9.63455149501661,-8.5900630391376,5.18725692614995,0.52,0.52
E01001995,High care mismatch,9.06378217083178,13.5397239835882,-9.59784633473253,20.6307706271614,1.599,1.599
E01001996,Other LSOAs,13.2796780684105,13.0114017437961,2.8576910068266,-1.14590545866852,1.316,1.316
E01001997,Other LSOAs,8.5906793935991,11.6226838854576,-25.0572267940578,-23.7540544106965,1.498,1.498
E01001998,Other LSOAs,9.82419855222337,8.89348500517063,-34.3155595934442,-28.3270560134601,0.521,0.521
E01001999,Other LSOAs,8.16912972085386,9.44170771756979,-56.6192532465441,-43.6203282970801,0.629,0.629
E01002000,Other LSOAs,7.9977311401021,9.30232558139535,-28.2667099816573,-16.0049449835693,0.694,0.694
E01002001,Other LSOAs,9.51784596117721,7.95241077019411,-46.2099999108929,-44.7089213743204,0.275,0.275
E01002002,Other LSOAs,9.39716312056738,7.15130023640662,-20.5061696461067,0.279253563757457,0.363,0.363
E01002003,Other LSOAs,5.59467918622848,9.58528951486698,-55.9487604243118,-34.9377967445237,0.395,0.395
E01002004,Other LSOAs,12.0441988950276,8.67403314917127,-40.307240734468,-36.9943387150968,0.591,0.591
E01002005,Other LSOAs,7.33882030178327,7.33882030178327,2.88671744562214,-31.4176319747883,0.457,0.457
E01002006,Other LSOAs,8.79478827361564,10.1628664495114,-0.541939625519294,-11.3002665304348,0.85,0.85
E01002007,Other LSOAs,17.2916666666667,9.58333333333333,7.71528545231391,-18.0103876074953,0.34,0.34
E01002008,High older + care mismatch,20.4325130499627,11.8568232662192,29.9681960142926,29.0012789826081,1.055,1.055
E01002009,High older mismatch,16.5014164305949,9.41926345609065,21.1059214295363,-4.25451464015087,0.709,0.709
E01002010,Other LSOAs,18.2559598494354,11.7314930991217,8.64328211461602,-4.67396473609777,0.715,0.715
E01002011,Other LSOAs,11.3272311212815,10.0114416475973,-16.7547351148014,-4.77153552917347,0.355,0.355
E01002013,Other LSOAs,13.1617647058824,12.9411764705882,4.0868078450801,13.6155351870897,1.45,1.45
E01002014,Other LSOAs,10.5719237435009,9.24321201617562,-34.2070187886485,-27.0673827174602,0.962,0.962
E01002015,Other LSOAs,16.6199158485274,9.88779803646564,-10.7485791081419,-16.5529096149052,1.43,1.43
E01002016,Other LSOAs,9.25248301097752,10.4025091479352,-22.9995030505313,4.10939548096092,1.126,1.126
E01002017,Other LSOAs,10.828025477707,10.7006369426752,-30.3967999366461,-33.4731239269185,1.29,1.29
E01002018,Other LSOAs,13.5272727272727,12.1454545454545,9.40506861956696,4.8616532924089,1.211,1.211
E01002019,Other LSOAs,19.2841490138787,10.9569028487947,-6.17546354050086,-18.0176147732364,1.202,1.202
E01002020,Other LSOAs,13.8332255979315,10.0193923723335,-16.3814081014155,-26.8574038293902,1.457,1.457
E01002021,High older mismatch,22.7049754730203,10.5115627189909,12.4632601568415,-6.14904953706738,1.609,1.609
E01002022,Other LSOAs,14.7412199630314,10.4898336414048,-15.8158641834223,-36.8189795196131,1.124,1.124
E01002023,High older mismatch,21.6374269005848,10.7456140350877,18.7691533753692,-4.23709705681897,1.169,1.169
E01002024,Other LSOAs,15.8929976396538,10.5428796223446,-27.8375306872923,-6.19806758444202,1.486,1.486
E01002025,High older + care mismatch,17.8619756427605,12.043301759134,30.0264682198121,22.5158427886488,0.726,0.726
E01002026,Other LSOAs,10.3757711721817,9.31015143017386,-12.5550017663442,-18.8865939319777,0.396,0.396
E01002027,Other LSOAs,11.3365990202939,6.71798460461861,-35.829289193054,-38.2560963168459,0.467,0.467
E01002028,Other LSOAs,9.29390464695232,8.50935425467713,-27.9442721542736,-17.9338650277432,0.753,0.753
E01002029,Other LSOAs,7.02087286527514,7.59013282732448,-38.0787582388225,-34.9725923844818,0.283,0.283
E01002030,Other LSOAs,10.3007037747921,7.67754318618042,-48.6711866874131,-27.3131935524112,0.608,0.608
E01002031,Other LSOAs,9.67397113842865,7.58952431854623,-32.9345257690335,-21.2778586066191,0.202,0.202
E01002032,Other LSOAs,7.86760716223549,9.98372219207813,-22.1853562947122,-6.14548542755879,0.689,0.689
E01002033,Other LSOAs,10.1111111111111,9.33333333333333,-20.6159425835464,-13.7463091841848,0.357,0.357
E01002034,Other LSOAs,5.38152610441767,15.9839357429719,-46.6921465247397,0.277458794943954,0.204,0.204
E01002036,Other LSOAs,8.58829844337091,10.8964036500268,-28.0606764605161,-13.473940486372,0.582,0.582
E01002037,High older + care mismatch,10.186263096624,10.419091967404,19.7342398899565,29.0655981685361,1.468,1.468
E01002038,Other LSOAs,8.9086859688196,11.5812917594655,-32.7332938093431,-25.8624917323389,0.459,0.459
E01002039,High care mismatch,7.89001793185894,13.2695756126718,-27.2071174790849,19.6346312694605,0.908,0.908
E01002040,Other LSOAs,10.8417805200529,9.73997355663288,-6.74408087058576,13.0241698766414,0.897,0.897
E01002041,Other LSOAs,12.0449678800857,10.5995717344754,-26.4499432427055,-14.5941995243067,0.434,0.434
E01002042,Other LSOAs,9.70625798212005,8.42911877394636,-24.670270218238,-31.9104859791539,0.552,0.552
E01002043,Other LSOAs,8.50828729281768,10.828729281768,-40.1128865606758,-13.2618937291596,0.875,0.875
E01002044,Other LSOAs,8.12780269058296,6.72645739910314,-47.5649628636799,-47.8502326935476,0.483,0.483
E01002045,Other LSOAs,6.42589118198874,12.6641651031895,-24.6052381867025,-3.88892534179476,0.781,0.781
E01002046,Other LSOAs,13.7824474660074,8.65265760197775,-14.0569787132574,-11.6100407806376,0.58,0.58
E01002047,Other LSOAs,7.18165359082679,7.06095353047677,-56.8230504897851,-28.2192699057703,0.26,0.26
E01002048,Other LSOAs,9.34383202099738,7.45406824146982,-43.1643575439706,-36.3791906129661,0.773,0.773
E01002049,Other LSOAs,10.1632438125329,9.00473933649289,-37.7203866666366,-15.0016464635929,0.954,0.954
E01002050,Other LSOAs,6.83417085427136,10.7537688442211,-0.278422715111457,12.5550798729922,0.282,0.282
E01002051,Other LSOAs,7.54010695187166,9.57219251336898,-23.4888290264728,-6.92664227700815,0.205,0.205
E01002052,High care mismatch,6.80272108843538,10.8843537414966,-3.99016446158707,15.9971718857824,0.585,0.585
E01002053,Other LSOAs,9.39199209095403,10.0346020761246,-8.18622651029018,13.3484901499056,0.315,0.315
E01002054,High care mismatch,7.08800945067927,11.9314825753101,-19.5073225582672,19.4807302266819,0.521,0.521
E01002055,Other LSOAs,6.08943862987631,11.0846812559467,-31.7217143537496,-6.27550045060381,0.393,0.393
E01002056,Other LSOAs,4.82546201232033,8.04243668720055,-17.7411366422036,-16.4028153406986,0.539,0.539
E01002057,Other LSOAs,9.53177257525084,7.30211817168339,-5.44609648823639,-4.28057942215495,0.594,0.594
E01002058,Other LSOAs,8.77862595419847,8.33333333333333,-12.3561271538912,-7.34279123531786,0.268,0.268
E01002059,Other LSOAs,13.3077415227127,10.7485604606526,10.09073804877,-3.7957465129264,0.867,0.867
E01002060,Other LSOAs,10.7205623901582,10.2519039250146,-1.45394029720811,5.27840968490719,0.842,0.842
E01002061,Other LSOAs,12.0622568093385,7.39299610894942,5.51278573453091,-37.4135337686074,0.694,0.694
E01002062,Other LSOAs,10.7983917288914,8.15623205054566,-17.6191503995553,-9.17057085646797,0.33,0.33
E01002063,Other LSOAs,10.4913678618858,8.89774236387782,-9.90805838959609,-6.27800112163389,0.688,0.688
E01002064,Other LSOAs,10.0811907983762,7.98376184032476,-43.3863134677706,-26.1797825876506,0.334,0.334
E01002065,Other LSOAs,7.70194113963682,6.88791484032561,-44.9452050109577,-47.0536523564361,0.466,0.466
E01002066,Other LSOAs,5.05359877488515,10.2220520673813,-58.4097050277577,-23.3223210786928,0.498,0.498
E01002067,Other LSOAs,12.8809660724554,7.53306497987349,-3.05722078644252,-7.19412503406021,0.882,0.882
E01002068,Other LSOAs,6.46455639768168,8.91662951404369,-25.7398914328579,-10.1848263391379,0.445,0.445
E01002069,Other LSOAs,13.609756097561,8.53658536585366,-6.28211931984892,-2.28234966765463,0.42,0.42
E01002070,Other LSOAs,8.86274509803922,9.17647058823529,-20.6350849891986,-16.6624890272439,0.69,0.69
E01002071,Other LSOAs,8.49746764209342,11.1986494091165,-38.304573461129,-18.4179137613343,0.395,0.395
E01002072,Other LSOAs,14.2248268513586,7.35215769845498,-25.5567975885802,-19.6606921589126,0.153,0.153
E01002073,Other LSOAs,9.36739659367397,10.2189781021898,-32.0535706153589,4.05468065548053,0.184,0.184
E01002074,Other LSOAs,9.29715302491103,11.076512455516,-13.9292457046898,-8.66930985569465,0.711,0.711
E01002075,High older + care mismatch,8.67139959432049,12.5760649087221,16.151547331143,21.942572843789,1.136,1.136
E01002076,Other LSOAs,9.9676724137931,11.0452586206897,-14.2179747472689,8.74794734426506,0.7,0.7
E01002077,Other LSOAs,8.01409070893879,11.5367679436372,-44.3498768171988,-19.8364956964768,0.232,0.232
E01002078,High care mismatch,7.9153605015674,9.75705329153605,0.321903163345858,17.280121152155,0.377,0.377
E01002079,Other LSOAs,9.25207756232687,9.08587257617729,-34.0679995578358,-9.62797641840493,0.542,0.542
E01002081,Other LSOAs,12.7659574468085,7.88790866632071,-33.5277478209595,-34.8772350445725,0.399,0.399
E01002082,Other LSOAs,13.1541725601132,9.33521923620934,-3.17263290586632,5.71743219752701,0.946,0.946
E01002083,Other LSOAs,13.8549892318737,7.46590093323762,-17.3944809278236,-41.3432313835903,0.556,0.556
E01002084,Other LSOAs,10.272417707151,9.70488081725312,-14.9390037253358,-28.8485753654059,0.761,0.761
E01002085,Other LSOAs,8.92364305427783,9.19963201471941,-32.9759344967416,-16.8605217865062,0.218,0.218
E01002086,Other LSOAs,10.8144192256342,8.81174899866489,-1.20572286035829,-9.94232695822445,1.126,1.126
E01002087,Other LSOAs,9.09090909090909,9.66562173458725,-31.3767575926257,-24.4502645455919,0.551,0.551
E01002088,Other LSOAs,12.5765164162493,9.29326655537006,-19.1140660860827,-6.10251416469784,0.963,0.963
E01002089,Other LSOAs,10.8308605341246,12.6854599406528,-6.95579173116645,8.33317393213194,0.803,0.803
E01002090,High care mismatch,10.6958021851639,8.74065554916619,7.6239431220162,28.9843088640077,1.508,1.508
E01002091,Other LSOAs,14.0608034744843,8.74049945711183,5.99489824433962,-16.9145126565977,0.822,0.822
E01002092,High care mismatch,7.57196495619524,14.7684605757196,-34.2943132341576,24.3189490302295,0.392,0.392
E01002093,High care mismatch,10.6093579978237,11.044613710555,-3.90174573037686,18.1822137899318,1.386,1.386
E01002094,Other LSOAs,9.76454293628809,11.0803324099723,-1.77511805847905,7.45893341307941,0.827,0.827
E01002095,Other LSOAs,9.70384373030876,11.2791430371771,-38.9824472751677,-11.6442475808047,0.588,0.588
E01002096,Other LSOAs,11.959739490823,9.59147424511545,-21.6660677582735,4.99538978719945,1.296,1.296
E01002097,Other LSOAs,7.75969962453066,11.514392991239,-23.5921691608005,9.33821491293259,1.369,1.369
E01002098,Other LSOAs,10.6020942408377,10.0785340314136,-51.6576763656732,-43.9320670885396,0.345,0.345
E01002099,Other LSOAs,9.07738095238095,10.3174603174603,-34.8179663463566,-14.3157484916951,0.495,0.495
E01002100,Other LSOAs,10.4761904761905,10.140056022409,-25.092720886775,-4.52506943533179,1.184,1.184
E01002101,Other LSOAs,8.32492431886983,9.98990918264379,3.18516837753145,3.1987070427038,1.066,1.066
E01002102,Other LSOAs,10.6901920083031,9.28905033731188,6.07234761311451,12.7904287922089,0.88,0.88
E01002103,Other LSOAs,11.9266055045872,8.09498111171074,-3.91313035152242,-0.177052259614094,0.725,0.725
E01002104,Other LSOAs,13.4707903780069,6.25429553264605,-5.51108825996446,-7.76069025806064,1.071,1.071
E01002105,Other LSOAs,8.53012048192771,7.46987951807229,-67.0904979455581,-48.6903000465142,0.233,0.233
E01002106,Other LSOAs,17.4212598425197,8.26771653543307,3.70213872839968,-10.9888664998124,1.473,1.473
E01002107,High older + care mismatch,16.6575041231446,10.3903243540407,14.8607013881968,17.8076141509599,0.797,0.797
E01002108,High older + care mismatch,15.8695652173913,9.94565217391304,16.7256020436544,16.7032695072708,1.289,1.289
E01002109,High older mismatch,19.1341528594335,10.7429182255478,33.5175635006187,1.31996527179074,0.867,0.867
E01002110,Other LSOAs,16.5363800360794,8.95971136500301,4.74057119349402,4.84987356936709,0.906,0.906
E01002111,Other LSOAs,17.3873463814292,9.33090578060992,-14.659051319237,-12.8313626400776,1.651,1.651
E01002112,High older + care mismatch,19.939879759519,10.4208416833667,23.2962191427259,18.4601300764875,0.408,0.408
E01002113,High older + care mismatch,19.4106342088405,9.54516335682255,28.1080842103105,27.5272524668439,0.734,0.734
E01002114,High older + care mismatch,25.347689546882,9.46612830865859,56.5034755317974,24.7409808626034,0.949,0.949
E01002115,High older mismatch,18.8524590163934,8.12841530054645,33.9685051792804,9.50064453279945,0.506,0.506
E01002116,High older mismatch,26.5408805031447,8.74213836477987,44.9233168094047,5.05639988798484,0.689,0.689
E01002118,High older mismatch,18.1479510377861,9.52634379989356,13.6063568550599,-7.40840655944502,0.685,0.685
E01002119,Other LSOAs,9.21052631578947,10.1275917065391,-3.69258295878544,6.1011614286191,0.754,0.754
E01002120,High older + care mismatch,15.3338224504769,9.9046221570066,15.8610183454032,18.5594878970934,0.506,0.506
E01002121,Other LSOAs,14.3170597915524,7.84421283598464,3.65716499011251,-4.30521371080277,0.84,0.84
E01002122,High older mismatch,13.7634408602151,8.49462365591398,19.2966624842395,-3.38679549114235,0.92,0.92
E01002123,High older mismatch,12.6530612244898,6.64723032069971,11.2690167941416,-11.4912616486226,0.594,0.594
E01002124,Other LSOAs,12.2767857142857,7.53348214285714,1.12493019655549,-19.2581908877063,0.701,0.701
E01002125,Other LSOAs,11.2068965517241,8.06288032454361,1.06214159303708,-13.2573075449607,0.819,0.819
E01002127,High older mismatch,17.3652694610778,8.98203592814371,16.5330066250497,-17.8610201061267,0.334,0.334
E01002128,Other LSOAs,10.1182033096927,10.3073286052009,-28.447277144698,-24.8599173184985,0.474,0.474
E01002129,Other LSOAs,8.23874038813621,11.2046869278653,-20.7007115723795,-12.8133904445507,0.222,0.222
E01002130,Other LSOAs,6.5359477124183,11.7303061575507,-27.3286837858327,-30.7150785929373,0.726,0.726
E01002131,High older + care mismatch,16.3551401869159,8.00233644859813,23.5362639457962,16.9932281261068,0.719,0.719
E01002132,Other LSOAs,12.6656848306333,11.0947471772214,2.28822795163789,-10.2696260041691,0.849,0.849
E01002133,High older + care mismatch,13.5095447870778,10.2300538423886,18.6789008843455,41.8821848071371,0.331,0.331
E01002134,High older + care mismatch,15.3691275167785,9.26174496644295,27.6973673176877,21.2816046937102,1.13,1.13
E01002135,Other LSOAs,15.3005464480874,9.78638847491306,-10.957181343914,-10.3347920346571,0.509,0.509
E01002136,Other LSOAs,13.3924175283112,9.74889217134417,-50.2281282584651,-12.0746337369504,0.843,0.843
E01002137,Other LSOAs,6.8649885583524,5.89244851258581,-6.56335108048688,-1.95063708200435,0.584,0.584
E01002138,Other LSOAs,11.9254658385093,10,-56.1244300856579,0.309282545217222,0.726,0.726
E01002139,High older mismatch,12.1171770972037,9.18774966711052,16.559866492477,4.36844843529875,0.49,0.49
E01002140,High older mismatch,16.5459610027855,9.30362116991643,17.7225337106677,9.10904520505422,0.912,0.912
E01002141,High older mismatch,21.09375,8.59375,41.7038073879234,-5.49203501673193,1.579,1.579
E01002142,Other LSOAs,18.1034482758621,9.75215517241379,-24.8057203958638,-20.2415437135603,1.254,1.254
E01002143,Other LSOAs,12.2774708410068,10.1289134438306,7.48946590516972,9.8794967560976,0.597,0.597
E01002144,High older + care mismatch,23.921085080148,9.2478421701603,43.1036061311867,32.1499367527099,1.509,1.509
E01002145,High older + care mismatch,26.1127596439169,8.6053412462908,49.6305989510645,17.5893313728251,1.977,1.977
E01002146,High older + care mismatch,21.2141882673943,10.7776261937244,31.2800954484955,23.3018467250062,0.846,0.846
E01002147,High older + care mismatch,29.424778761062,7.22713864306785,50.0345216929532,21.8149526171809,0.711,0.711
E01002148,High older mismatch,19.4406548431105,9.34515688949523,24.7116342297171,3.89346034295701,0.539,0.539
E01002149,Other LSOAs,29.081245254366,9.41533788914199,7.95385723538946,4.20053791597791,0.915,0.915
E01002150,High older + care mismatch,15.5703580349709,11.5320566194838,26.2721437456812,38.1877064134228,0.173,0.173
E01002151,High older mismatch,16.4750957854406,9.64240102171137,32.5744996347665,-1.98723094103953,0.223,0.223
E01002152,Other LSOAs,25.015479876161,11.9504643962848,2.71974786598297,5.53631395610855,0.953,0.953
E01002153,Other LSOAs,19.8936170212766,9.14893617021277,-8.97890498334481,-19.8532350848779,0.544,0.544
E01002155,High older + care mismatch,20.1042873696408,11.5874855156431,38.1176476205622,26.7783716424988,0.9,0.9
E01002156,High older mismatch,20.4472843450479,8.81789137380192,34.3117398567616,11.0656810224702,0.854,0.854
E01002157,Other LSOAs,16.6764879198586,9.60518562168533,3.65107021487992,-14.484262003766,0.15,0.15
E01002158,High older + care mismatch,19.8153409090909,10.3693181818182,18.0628581677638,20.4157597443103,0.716,0.716
E01002159,High care mismatch,15.3606642449403,10.5864037363778,10.1596888312726,24.9475037850194,0.592,0.592
E01002160,High care mismatch,8.49171047310958,12.8588758592802,7.03034822341092,22.8289202907246,0.427,0.427
E01002161,High older mismatch,14.4244779018941,9.95628946090335,10.8599089090548,2.03706341833938,0.319,0.319
E01002162,High older + care mismatch,12.4091381100727,10.9034267912773,23.0218786185093,17.4839756669754,0.817,0.817
E01002163,High older + care mismatch,17.6969696969697,9.6969696969697,23.196634626076,22.4422987520596,0.858,0.858
E01002164,High care mismatch,13.052522100884,11.8044721788872,-6.21143703938339,21.534289909792,0.911,0.911
E01002165,Other LSOAs,13.16685584563,6.81044267877412,-0.65642873437081,-9.46511356966771,0.594,0.594
E01002166,Other LSOAs,16.2272993555946,5.79964850615114,8.42571493719962,-12.624455108263,0.662,0.662
E01002167,Other LSOAs,14.3567433188316,5.59353635798633,8.16311567616015,-11.6449518544814,0.874,0.874
E01002168,Other LSOAs,12.2897800776197,9.05562742561449,0.270875995513652,-12.7540567090541,0.86,0.86
E01002169,Other LSOAs,17.0365926814637,6.59868026394721,2.32882232963448,-23.6302061990944,0.403,0.403
E01002170,High older mismatch,14.1605839416058,6.56934306569343,16.4859827794589,10.2502454611294,1.342,1.342
E01002171,Other LSOAs,16.5492957746479,8.33333333333333,1.66959842074754,-2.05575949909167,0.92,0.92
E01002172,High older mismatch,13.9044072004966,7.94537554314091,12.8595530869139,-3.03801240231562,0.71,0.71
E01002173,High older mismatch,20.9947643979058,5.44502617801047,34.0394200766663,-4.59476730773684,0.904,0.904
E01002174,High older mismatch,22.6258763543658,6.30975143403442,28.8152859622156,-5.34417062027638,1.143,1.143
E01002175,High older mismatch,20.182841068917,5.13361462728551,23.2173533461299,3.23525873793485,1.176,1.176
E01002176,Other LSOAs,18.3745583038869,6.71378091872792,10.6672194271067,9.20376403213962,0.575,0.575
E01002177,High older mismatch,16.7794316644114,7.4424898511502,11.4366924065957,6.76475292768564,1.463,1.463
E01002178,Other LSOAs,17.4923547400612,7.46177370030581,-1.14367075042615,6.73720274575452,1.184,1.184
E01002179,Other LSOAs,11.0098709187547,11.9969627942293,1.95683415550462,1.68069628065044,0.278,0.278
E01002181,High older mismatch,9.97858672376874,11.134903640257,18.0352781286424,9.4158206306139,0.613,0.613
E01002182,Other LSOAs,11.2249650675361,9.73451327433628,-31.5139620834762,-24.4407266104907,0.513,0.513
E01002183,High older mismatch,18.0265654648956,7.9696394686907,31.0632415362359,14.261650341892,0.753,0.753
E01002184,Other LSOAs,13.4405812143228,9.70420342501297,9.00972063987059,6.48644151108307,1.027,1.027
E01002185,High older mismatch,10.4638619201726,11.0032362459547,20.0278444463935,13.804901866516,0.754,0.754
E01002186,High older mismatch,15.3129849974133,12.0020693222969,12.3704134630876,5.30410027286734,1.084,1.084
E01002187,High older + care mismatch,22.0262096774194,11.4415322580645,25.7010343815359,23.9437743348291,0.998,0.998
E01002188,High older + care mismatch,27.6741293532338,10.5721393034826,45.0928265440792,21.5438517633284,0.789,0.789
E01002189,High older + care mismatch,21.9723183391003,11.1880046136102,18.5728103247098,15.1603933309626,0.27,0.27
E01002190,High older + care mismatch,26.4947245017585,9.55451348182884,46.7247605433699,26.1919864043967,1.397,1.397
E01002191,High older + care mismatch,15.2324431256182,12.0672601384768,26.5393123983903,41.91400646834,0.904,0.904
E01002192,High older mismatch,24.58432304038,10.7482185273159,24.3285053358218,8.48429837115278,0.607,0.607
E01002193,High care mismatch,13.4342940889106,14.1670737664875,-6.37845811833714,17.9962114014569,0.407,0.407
E01002194,High older + care mismatch,20.0544959128065,12.5885558583106,15.8161620918398,32.2218298189362,0.674,0.674
E01002195,High older + care mismatch,18.2367149758454,12.7415458937198,20.0304786289116,27.91242263953,0.966,0.966
E01002196,High older + care mismatch,20.1643835616438,12,34.3246435215807,31.1861918789278,0.988,0.988
E01002197,Other LSOAs,19.4915254237288,7.34463276836158,7.43887081510338,-4.33223649067894,1.401,1.401
E01002198,Other LSOAs,12.0176405733186,6.1742006615215,-5.67415921170287,-20.8578699506856,0.428,0.428
E01002199,High older mismatch,16.464582003829,7.84939374601149,11.7426194825836,10.4709609905218,1.48,1.48
E01002200,High older mismatch,10.0182149362477,5.19125683060109,17.0127792998007,-14.8400774736706,0.68,0.68
E01002201,Other LSOAs,17.561260210035,6.24270711785298,9.28255780752799,-10.1627330850374,1.168,1.168
E01002202,High older mismatch,10.0090991810737,12.147406733394,16.0882399786511,7.98545882545493,0.522,0.522
E01002203,Other LSOAs,12.0994475138122,8.50828729281768,10.5466793492433,12.74774257628,0.691,0.691
E01002204,Other LSOAs,10.531914893617,11.5957446808511,-7.48899366886099,-0.850589830299093,0.353,0.353
E01002206,Other LSOAs,14.9640287769784,9.06474820143885,-6.55674794897218,-4.97963244778632,0.373,0.373
E01002207,High older mismatch,13.7133182844244,11.3995485327314,21.6437965604624,11.9665475679407,1.149,1.149
E01002208,High older mismatch,23.8235294117647,10.0735294117647,25.1184896472467,2.30505629189742,0.648,0.648
E01002209,Other LSOAs,14.6145610278373,9.85010706638116,-6.51924081895643,-12.5718068524915,0.355,0.355
E01002210,High older mismatch,17.8294573643411,8.72093023255814,13.7804131364829,1.37197889936797,0.487,0.487
E01002211,High care mismatch,12.2049898853675,10.5866486850978,5.19977580504368,24.9175668673628,0.816,0.816
E01002212,High older mismatch,10.8580508474576,11.9703389830508,13.3251856247462,9.82114124605486,0.952,0.952
E01002214,High older + care mismatch,12.9910948140388,10.6862231534835,13.1087961306093,32.5121987747535,1.493,1.493
E01002215,Other LSOAs,14.638346727899,12.2273249138921,-42.0220616376073,-13.1932136509917,1.428,1.428
E01002216,Other LSOAs,12.933025404157,11.9515011547344,-20.4863963910059,6.7809139459303,0.967,0.967
E01002217,High care mismatch,6.48526077097506,12.0181405895692,-20.2642293237317,21.7188263517283,0.739,0.739
E01002218,Other LSOAs,15.9053384700055,8.9157952669235,-11.211300650599,-2.33009460985407,0.771,0.771
E01002219,Other LSOAs,13.3678756476684,9.01554404145078,-19.9051599493338,-28.9187370528257,0.297,0.297
E01002220,Other LSOAs,14.0596469872185,9.12964090079124,-34.9298494747221,-11.7995222986916,1.223,1.223
E01002221,Other LSOAs,13.3292383292383,9.27518427518427,-17.5384866995855,-9.06522836042862,0.735,0.735
E01002222,Other LSOAs,13.3250311332503,9.21544209215442,-22.0217982906255,-10.8655452979673,1.051,1.051
E01002223,Other LSOAs,14.38127090301,8.97435897435897,-2.29136142210122,-2.89127464318878,1.307,1.307
E01002224,High care mismatch,11.645101663586,11.275415896488,4.47816014817576,23.0066024181483,0.856,0.856
E01002225,High older + care mismatch,38.1631488876212,7.75812892184826,66.4132658729385,17.4630144779041,1.952,1.952
E01002226,High older mismatch,21.9000381533766,9.00419687142312,16.6126956315306,-2.35973778627073,0.674,0.674
E01002227,High older mismatch,12.609841827768,7.16168717047452,23.095472395438,5.74526996810375,2.051,2.051
E01002228,High care mismatch,18.375499334221,9.89791389258766,8.22499480299466,18.4922414181441,1.48,1.48
E01002229,High older + care mismatch,21.8271334792123,9.68271334792123,42.0786693893424,17.0047745012294,1.18,1.18
E01002230,High older + care mismatch,23.4749455337691,8.2244008714597,34.4180958242474,17.2092540778912,1.96,1.96
E01002231,High older mismatch,10.7871720116618,11.5160349854227,19.402732312445,5.60591012818911,1.079,1.079
E01002232,Other LSOAs,16.8601950766373,8.36042731072922,-13.6592677561529,-14.0715217667322,1.018,1.018
E01002233,High older mismatch,11.1478117258464,10.1981833195706,15.9319972764034,1.60371638415543,0.787,0.787
E01002234,High care mismatch,8.82202957674656,13.4625191228965,4.56919135635136,27.4938695849739,0.906,0.906
E01002235,High older + care mismatch,14.7183846971307,9.13921360255048,26.7840763687445,16.8798919369485,0.903,0.903
E01002236,High older + care mismatch,8.59475719810915,11.8177911474001,15.0770978721553,34.2800471323147,0.696,0.696
E01002237,Other LSOAs,7.04491725768322,9.03073286052009,-30.8027304445883,-24.2442932281096,0.527,0.527
E01002238,Other LSOAs,13.3545310015898,9.69793322734499,-0.461785419171033,9.68990906629873,0.106,0.106
E01002239,High older mismatch,19.3082085699535,10.1187403200826,18.2726158828403,13.682739836101,0.61,0.61
E01002240,Other LSOAs,13.2277834525026,7.35444330949949,-16.2986178308789,-23.4564551078401,0.574,0.574
E01002241,Other LSOAs,12.6182965299685,10.515247108307,-16.7142522055829,14.8469227914398,0.756,0.756
E01002242,Other LSOAs,19.3358328869845,9.10551687198715,6.09939580939847,-11.0194014429764,0.401,0.401
E01002243,Other LSOAs,12.4239350912779,13.3874239350913,-2.38944247930461,11.6915748013344,0.852,0.852
E01002244,High care mismatch,10.6887052341598,12.3415977961433,3.69351079079156,17.4197129664654,1.343,1.343
E01002245,High older mismatch,17.2644376899696,10.8814589665654,12.8549663210826,10.8336341979381,1.331,1.331
E01002246,High older mismatch,24.3624525230602,7.86760716223549,41.8707685552804,5.92342078968078,1.515,1.515
E01002247,High care mismatch,8.04828973843058,13.682092555332,4.99067473509772,22.3152988612986,1.035,1.035
E01002248,High older + care mismatch,12.0068610634648,13.2075471698113,15.1723716235323,45.2036938946001,1.275,1.275
E01002250,Other LSOAs,11.0807860262009,11.5720524017467,9.08154550695037,0.695529408197004,1.694,1.694
E01002251,High older + care mismatch,12.6097867001255,11.7942283563363,22.4909043074485,35.1360803219817,1.755,1.755
E01002252,High older + care mismatch,25.2830188679245,10.314465408805,33.4155626235374,26.15309256499,2.279,2.279
E01002253,High older + care mismatch,25.126582278481,11.3291139240506,29.6308392378429,16.795656037955,1.493,1.493
E01002254,High older mismatch,27.372933251684,10.4715248009798,29.5694517885006,-4.30025358533124,1.032,1.032
E01002255,High older + care mismatch,18.8715953307393,10.9597924773022,37.091507938538,31.3822846826811,0.717,0.717
E01002256,High older mismatch,22.7422544495715,11.4700065919578,24.8106796709763,12.9112688218725,1.574,1.574
E01002257,High older mismatch,24.7119815668203,11.5783410138249,47.8312147747409,8.3079420027285,0.418,0.418
E01002258,High care mismatch,19.1952147906471,12.9961935834693,-7.65910777210233,17.527119362498,1.621,1.621
E01002259,High older + care mismatch,19.2630898513251,12.0879120879121,38.515079861259,44.377896179827,2.873,2.873
E01002260,High older + care mismatch,17.3480662983425,10.3314917127072,19.3187410932174,33.7954852855791,0.929,0.929
E01002261,Other LSOAs,15.3329602686066,10.9121432568551,-15.6267759870194,-17.8666883993172,0.211,0.211
E01002262,Other LSOAs,17.717206132879,10.0511073253833,3.95854124013989,-15.1712146415012,0.455,0.455
E01002263,High older + care mismatch,20.7324643078833,9.62135319677219,21.5640317702795,16.9850561990953,1.447,1.447
E01002264,Other LSOAs,14.8502994011976,13.9520958083832,-29.2711473535747,12.3717987565002,0.683,0.683
E01002265,High older mismatch,19.6949602122016,9.21750663129973,20.2882809017454,6.66679943387904,1.351,1.351
E01002266,High older mismatch,19.5722618276086,10.4342190537913,18.8822280883837,14.9378729133926,1.112,1.112
E01002267,Other LSOAs,20.3116304952699,10.7957707289928,-8.7967396164889,11.9421135030363,1.131,1.131
E01002268,High older + care mismatch,16.6666666666667,10.9543010752688,30.790504614266,40.8397589577296,1.147,1.147
E01002269,High older + care mismatch,18.0690399137001,10.7874865156419,34.6100726633104,20.959274474726,1.799,1.799
E01002270,High older mismatch,27.3563218390805,7.52873563218391,49.6523481537012,8.56268797795558,0.755,0.755
E01002271,High older mismatch,26.3687853996224,7.67778477029578,43.3961561225052,13.5426538770179,1.009,1.009
E01002272,High older mismatch,20.1030927835052,10.8247422680412,11.337282940602,-25.2482569109589,0.789,0.789
E01002273,High older mismatch,27.3747195213164,8.97531787584144,47.0299148337732,1.99980906469348,1.188,1.188
E01002274,High older mismatch,21.5745192307692,9.49519230769231,40.0432715366218,5.34391218752953,0.538,0.538
E01002275,High older mismatch,30.5703422053232,6.4638783269962,43.7625084797348,12.7835492900769,0.77,0.77
E01002276,High older + care mismatch,18.2432432432432,10.5212355212355,30.8902048119479,24.4735446098115,3.104,3.104
E01002277,High older + care mismatch,14.7530864197531,9.81481481481481,28.8169448930738,39.6452719679442,2.248,2.248
E01002278,High older + care mismatch,11.6454229432213,13.4994206257242,12.5850230737367,22.9296057510396,1.99,1.99
E01002279,High older + care mismatch,12.1993127147766,11.5693012600229,13.7573365162079,17.0485946327999,1.887,1.887
E01002280,High care mismatch,6.55913978494624,14.6236559139785,5.49816827536517,39.5657993641336,2.141,2.141
E01002281,High care mismatch,6.09756097560976,16.1382113821138,-21.9313201575896,49.3571749259677,1.516,1.516
E01002282,Other LSOAs,6.89479060265577,15.1174668028601,-44.2840683359242,14.5962984493293,1.675,1.675
E01002283,High care mismatch,12.1693121693122,10.9347442680776,5.09109535397947,26.2598376132523,1.101,1.101
E01002284,High care mismatch,10.3147699757869,12.9297820823245,-7.97997651233908,16.7817905160065,1.578,1.578
E01002285,High older mismatch,26.959706959707,9.3040293040293,49.4086530035891,4.49383364514242,0.617,0.617
E01002286,High older mismatch,23.9950525664811,10.2040816326531,31.9356544663894,7.17093763752462,0.793,0.793
E01002287,Other LSOAs,19.912335629305,10.0187852222918,-13.4544556473664,-31.265403439519,0.347,0.347
E01002288,High older mismatch,20.3761755485893,10.2194357366771,32.4787667840744,-9.81055698568448,1.044,1.044
E01002289,High older + care mismatch,17.8164367126575,11.0977804439112,25.2640309948023,22.2445170725409,0.42,0.42
E01002290,High older mismatch,27.8336686787391,9.32260228034876,23.3976736575629,-5.9820556874875,0.339,0.339
E01002291,High older mismatch,26.3714474553866,8.46001321877065,22.2642930486101,-2.60324139130226,0.249,0.249
E01002292,High older + care mismatch,16.9600938967136,12.9107981220657,16.6544828996403,19.4419311422253,0.741,0.741
E01002294,High older + care mismatch,25.5194805194805,10.4545454545455,36.5616427693802,29.5434358933436,0.693,0.693
E01002295,High older + care mismatch,16.4335664335664,12.4375624375624,29.6188513679356,27.6661160256892,0.66,0.66
E01002296,High older + care mismatch,25.1921939680662,8.92962743938498,25.6400745958458,27.1372356912389,1.891,1.891
E01002297,Other LSOAs,10.0671140939597,10.738255033557,-9.910293355328,14.0548869750384,1.027,1.027
E01002298,High older mismatch,20.2114427860697,10.8208955223881,39.0576279201231,-2.57625433810563,0.682,0.682
E01002299,High care mismatch,10.6219042377545,11.9977985690699,0.26898811235224,24.9337985796382,0.866,0.866
E01002300,High older mismatch,21.3393303348326,9.24537731134433,35.9004116171028,6.55565445583492,0.417,0.417
E01002301,High older mismatch,23.2600732600733,8.66910866910867,29.0108067347161,0.0429063806947134,3.329,3.329
E01002302,High older + care mismatch,15.4872389791183,11.6009280742459,16.1279389968998,15.9857508813718,3.436,3.436
E01002303,High older + care mismatch,14.5843009753832,12.401300510915,29.0472949574444,31.4388397839307,3.024,3.024
E01002304,High older + care mismatch,26.6364225534673,8.29552819183409,46.7224217296423,28.4130113697493,3.719,3.719
E01002305,High older + care mismatch,18.107476635514,11.1565420560748,33.1848403061504,38.7579044132417,4.581,4.581
E01002306,High older + care mismatch,11.1895708853884,14.2313959804454,20.8415811338331,47.8900202682444,3.597,3.597
E01002307,High older + care mismatch,11.2460401267159,12.935586061246,21.0571378051494,30.2525209660095,3.904,3.904
E01002308,High older + care mismatch,18.6623516720604,11.2729234088457,34.1799660535934,29.656461267257,3.886,3.886
E01002309,High older + care mismatch,15.406162464986,11.5966386554622,18.2057534373743,33.9893854925834,1.835,1.835
E01002310,High older mismatch,17.590618336887,11.1407249466951,20.4510804542834,12.0717503489821,1.175,1.175
E01002311,High older + care mismatch,13.5306553911205,12.737843551797,25.5653487667396,52.4414759865576,2.192,2.192
E01002312,High older + care mismatch,22.9681978798587,11.3074204946996,45.7685360770645,38.63857071057,2.917,2.917
E01002313,High older + care mismatch,11.1504424778761,11.9911504424779,23.3574470182948,18.1289888385465,2.414,2.414
E01002314,High older + care mismatch,12.1832884097035,12.6684636118598,19.114100680987,20.2327702451164,1.952,1.952
E01002315,High older + care mismatch,12.6589595375723,12.6011560693642,24.4854174877981,16.0401127513295,2.006,2.006
E01002316,High older + care mismatch,12.2409638554217,14.2168674698795,19.0177032434186,39.612967518136,1.404,1.404
E01002317,Other LSOAs,21.6041397153946,9.37904269081501,8.49264465323947,6.85888685692699,1.19,1.19
E01002318,High older mismatch,24.773413897281,10.2114803625378,32.1715992831852,-6.1089551067579,0.685,0.685
E01002319,Other LSOAs,15.4550350026925,11.6316639741519,-13.0245440258102,-12.1894363795171,1.172,1.172
E01002320,High older mismatch,16.1096256684492,10.2272727272727,21.8281702421521,2.55869820208877,1.372,1.372
E01002321,High older + care mismatch,20.4570791527313,10.7580824972129,38.9497939637745,18.729832496082,1.336,1.336
E01002322,High care mismatch,16.5631469979296,10.8695652173913,-1.48618312289746,18.9427772582469,1.035,1.035
E01002323,High older + care mismatch,15.9420289855072,11.3623188405797,17.6804084446125,29.4751067832866,1.374,1.374
E01002324,High older mismatch,23.2965606748864,8.76054510058404,31.5405336799073,9.39005109721472,1.063,1.063
E01002325,High older + care mismatch,16.7133520074697,12.5116713352007,36.5078580028796,23.1373062656004,2.641,2.641
E01002326,Other LSOAs,15.2032999410725,12.0212139068945,8.92006862520037,12.0724507138042,2.856,2.856
E01002327,High older mismatch,20.5655526992288,10.025706940874,23.3572539875681,7.08707701292717,2.558,2.558
E01002328,High older + care mismatch,14.6205357142857,11.4397321428571,13.4049181363896,26.9891952385379,1.754,1.754
E01002329,Other LSOAs,17.8097982708934,10.8933717579251,8.43350740784102,13.1601797505316,1.768,1.768
E01002330,High older + care mismatch,14.4173441734417,13.0623306233062,28.1295943062122,50.9252406634849,2.306,2.306
E01002331,High older + care mismatch,17.9795550210463,10.5231509320505,34.0351460317784,30.3743638150464,3.481,3.481
E01002332,High older + care mismatch,21.6647662485747,11.345496009122,15.0232534272223,27.4865200382326,2.767,2.767
E01002333,High older mismatch,26.7669172932331,8.42105263157895,40.9513283952021,0.374402601093735,2.518,2.518
E01002334,High older + care mismatch,25.3894979803808,8.8863242931333,35.9715696854249,28.3898375906571,1.942,1.942
E01002335,High older + care mismatch,21.3802435723951,11.637347767253,32.5966595929506,30.9246623996879,2.185,2.185
E01002336,High older mismatch,22.6854690374004,9.68730839975475,26.0975476076254,10.7120534880187,2.129,2.129
E01002337,High older mismatch,31.6187594553707,7.41301059001513,40.5895957200746,2.39029210600199,0.995,0.995
E01002338,High older mismatch,16.4539007092199,11.7021276595745,15.5920357757557,-2.16833123721765,1.719,1.719
E01002339,High older mismatch,22.6666666666667,10.6666666666667,40.19607314434,12.7546737956159,1.413,1.413
E01002340,Other LSOAs,15.5826558265583,10.7723577235772,6.10793273975114,4.33635117526063,1.303,1.303
E01002341,High older + care mismatch,22.6351351351351,10.7432432432432,20.7573370968598,17.1703909955723,2.597,2.597
E01002342,Other LSOAs,13.9791183294664,11.0208816705336,-30.0217739086706,-15.9904018041617,3.424,3.424
E01002343,High older mismatch,23.3352305065453,9.22026180990324,16.6419986485896,4.31681246083932,2.956,2.956
E01002344,High older + care mismatch,16.9715447154472,11.5853658536585,32.2481188352752,46.7608774112331,4.27,4.96
E01002345,Other LSOAs,8.5334695963209,15.2273888605008,-37.3710010873798,-0.222065533934796,3.352,3.352
E01002346,Other LSOAs,12.1212121212121,11.2830431979368,-16.9904838704795,-3.61375285818785,3.75,3.75
E01002347,High older mismatch,17.831004657352,10.0465735196274,32.0123458161851,-5.23196254259439,4.202,4.202
E01002348,High older + care mismatch,25.9449071108264,8.96860986547085,38.5588791624382,27.3192128502105,3.047,3.047
E01002349,Other LSOAs,22.9974160206718,8.59173126614987,-3.27866716303186,-1.10851633773938,2.471,2.471
E01002350,High older mismatch,12.1739130434783,11.6521739130435,14.2946265978882,6.83110239619522,0.483,0.483
E01002351,Other LSOAs,11.6515837104072,12.8393665158371,10.3961237331075,14.1838724501396,0.943,0.943
E01002352,Other LSOAs,11.57523905385,12.6321087065929,3.13313967651265,5.00449484663128,0.934,0.934
E01002353,High older mismatch,19.8140900195695,10.0782778864971,31.4442103679293,9.25910269993271,0.874,0.874
E01002354,High older mismatch,24.8028673835126,11.1827956989247,28.0422808027634,3.57157938875798,0.704,0.704
E01002355,High older + care mismatch,17.3476222371065,12.3911587407904,23.184825664724,33.4271509491944,0.554,0.554
E01002356,High care mismatch,6.53409090909091,14.157196969697,-23.7568962963111,16.8849945219784,0.169,0.169
E01002358,High older + care mismatch,8.34123222748815,12.9857819905213,12.8785356768955,19.5523528518726,0.424,0.424
E01002359,High older mismatch,23.5114503816794,10.4580152671756,19.0170277879806,-5.43479144508412,0.568,0.568
E01002360,High older mismatch,32.5925925925926,8.28282828282828,72.1778580550503,4.86147493848353,0.663,0.663
E01002361,Other LSOAs,17.1370967741936,11.8447580645161,-10.5039201233272,2.01189638081661,0.813,0.813
E01002362,Other LSOAs,20.5570291777188,10.6763925729443,7.10372621659351,5.86756985795688,0.238,0.238
E01002363,High older + care mismatch,20.0404858299595,11.6059379217274,31.2788267219157,19.3627682934073,0.876,0.876
E01002364,High older mismatch,30.103550295858,8.57988165680473,27.4197406644187,-1.36992410569712,0.46,0.46
E01002365,High older mismatch,17.4236783320923,10.0521221146687,17.5725563069516,-9.15687450665438,0.401,0.401
E01002366,High older mismatch,15.1162790697674,10.4651162790698,13.3752753875525,-17.3137927346694,0.737,0.737
E01002367,Other LSOAs,16.7527251864601,10.7860011474469,-22.2487074853241,-2.56464732000488,0.39,0.39
E01002368,Other LSOAs,8.4473049074819,13.5559131134352,-48.7295166807724,13.2524435435002,1.898,1.898
E01002369,Other LSOAs,15.8023483365949,11.0078277886497,-20.4228885165668,-5.03335534094511,1.964,1.964
E01002370,High older + care mismatch,9.51802349129202,11.9076549210207,19.3743744205284,30.7168359269158,3.098,3.098
E01002371,High older + care mismatch,19.57796014068,10.1406799531067,11.2225244367908,22.7318257853133,2.247,2.247
E01002372,Other LSOAs,18.0318208603418,10.6658809664113,5.58231299310707,2.95120550722204,1.496,1.496
E01002373,Other LSOAs,17.4808711006474,11.124190700412,1.4763511757825,1.96237116450471,1.898,1.898
E01002374,High older + care mismatch,14.0138408304498,11.3033448673587,17.0356614485189,38.3765995952258,2.125,2.125
E01002375,High older + care mismatch,13.9161924469736,12.2607346094154,15.146287201825,29.1491258879185,1.615,1.615
E01002376,High older mismatch,21.251719394773,11.0729023383769,27.6231487122875,1.58096220419753,0.465,0.465
E01002377,Other LSOAs,17.0800450958286,11.8376550169109,-10.911342477731,-12.5124662875324,0.884,0.884
E01002378,Other LSOAs,14.6041055718475,12.6099706744868,-9.89506041337341,8.46218083526902,1.171,1.171
E01002379,High older mismatch,18.9256714553404,11.8051217988757,35.5508167472811,11.1550222161702,0.078,0.078
E01002380,High older mismatch,15.0043744531934,11.4610673665792,11.6473292121455,14.3924948946196,0.729,0.729
E01002381,High older + care mismatch,21.1267605633803,11.7797695262484,20.820289752735,34.2807655541766,0.687,0.687
E01002382,High older mismatch,16.4368450082736,11.3623827909542,18.4357471648668,-5.36195462261124,0.651,0.651
E01002383,High older + care mismatch,19.327731092437,11.8847539015606,35.0572312257279,30.0911476745073,0.859,0.859
E01002384,Other LSOAs,22.3716381418093,12.1026894865526,-9.49415832965822,-22.8519529334068,0.53,0.53
E01002385,High older + care mismatch,26.425855513308,9.18884664131812,47.3169487874189,29.7581262157835,2.693,2.693
E01002386,High care mismatch,19.8640116561438,11.3161728994658,9.52009550572714,16.3569976921529,0.655,0.655
E01002387,High older + care mismatch,27.1028037383178,10.5919003115265,48.2538531139632,31.6799929692188,1.365,1.365
E01002388,High older mismatch,24.1358399029715,10.9763493026076,38.4431906556086,14.9038821022106,1.265,1.265
E01002389,High older + care mismatch,30.5764411027569,8.27067669172932,53.6841179698838,21.4377792363677,1.566,1.566
E01002390,High older + care mismatch,22.5806451612903,11.4247311827957,22.7084063642509,21.496080692705,0.973,0.973
E01002391,High older + care mismatch,24.6835443037975,9.78135788262371,44.8183396775463,27.5539588132008,3.665,3.665
E01002392,High older + care mismatch,7.37797956867196,15.0397275822929,14.5419665800822,52.6756843327358,2.994,2.994
E01002393,High care mismatch,9.69555035128806,12.3185011709602,-12.3889991205586,15.7622163175411,3.059,3.113
E01002394,High older + care mismatch,10.7040641099027,10.3033772180882,19.125306989117,28.9623830987893,2.537,2.537
E01002395,High older mismatch,11.0469314079422,9.53068592057762,10.917862373955,6.85757828965358,2.617,2.617
E01002396,Other LSOAs,14.5969498910675,8.55119825708061,1.86800349465928,6.37260489389042,2.241,2.357
E01002397,Other LSOAs,10.0510204081633,9.23469387755102,4.26234082117929,2.09336598903861,2.128,2.128
E01002398,High older mismatch,10.6969205834684,8.91410048622366,17.4135092978208,7.38233424517629,2.163,2.163
E01002399,High older + care mismatch,12.8801431127013,8.28861061419201,22.2523577880533,17.2260307018847,2.205,2.205
E01002400,High older + care mismatch,15.6312625250501,9.76953907815631,16.4692328861168,17.5033456944926,2.06,2.06
E01002401,High care mismatch,10.5691056910569,12.5802310654686,3.40473545960173,18.8486637137628,2.264,2.264
E01002402,Other LSOAs,11.4564290067032,9.14076782449726,7.74304494373105,10.990534291738,2.357,2.357
E01002403,Other LSOAs,9.22330097087379,11.0032362459547,8.16583916780663,12.5884560320001,2.113,2.113
E01002404,High care mismatch,8.55165595650025,12.5556104794859,1.15076410176789,25.3919722743651,1.775,1.775
E01002405,Other LSOAs,11.3207547169811,10.3518612952575,3.69177557550129,11.8149247290893,1.125,1.125
E01002408,Other LSOAs,11.2121212121212,10.4848484848485,-11.663732093247,4.10255704356442,2.265,2.265
E01002409,High care mismatch,13.4395221503235,10.9009457441513,6.85972346317029,27.5996542771555,2.609,2.609
E01002410,High older mismatch,14.5585957666495,10.738255033557,23.0934265894567,12.2917054830765,2.459,2.459
E01002411,High care mismatch,9.62893377172382,12.2592766557069,-11.936461388524,23.6057106808113,1.761,1.761
E01002412,High older mismatch,11.4888123924269,9.42340791738382,15.3610675719196,5.53913575983565,1.904,1.904
E01002413,High care mismatch,11.9877675840979,12.1100917431193,0.615953744392481,19.8634678373792,1.231,1.231
E01002414,Other LSOAs,6.82999257609503,3.89755011135857,-29.5421176464405,-28.422297130467,1.626,1.626
E01002415,High care mismatch,14.5189504373178,12.2448979591837,4.04845518368951,22.5827540158798,0.848,0.848
E01002416,Other LSOAs,15.7683486238532,12.0412844036697,1.9775549211726,4.88796711991095,0.831,0.831
E01002417,Other LSOAs,20.3818079730489,10.4435710275126,6.16053219959552,9.82087098032456,0.347,0.347
E01002418,High older + care mismatch,16.7792792792793,11.2612612612613,32.2458925120912,28.0575384087572,0.629,0.629
E01002419,Other LSOAs,15.7894736842105,12.3595505617978,4.98821529423094,2.50025772728856,0.369,0.369
E01002420,High older + care mismatch,15.4084158415842,12.3762376237624,15.5923708895603,33.9346643165991,0.741,0.741
E01002421,High older mismatch,19.6711685261304,12.0375807398708,16.3039749386942,4.47575886049864,1.002,1.002
E01002422,Other LSOAs,13.1629392971246,10.223642172524,-6.62023901152757,-2.76483365037382,2.996,2.996
E01002423,High older + care mismatch,12.967032967033,9.94505494505495,23.4858784088906,25.6144572861613,2.955,2.955
E01002424,Other LSOAs,10.8823529411765,11.2352941176471,3.49329148958634,2.00301817956851,3.063,3.063
E01002425,Other LSOAs,10.9994086339444,12.3595505617978,-10.8963809765352,10.0824073594415,2.669,2.669
E01002426,High older mismatch,10.9002433090024,13.4306569343066,12.2402665868433,11.3418224971224,2.596,2.596
E01002427,High older + care mismatch,18.1590482154039,9.7683155917345,19.2423647356592,16.9220596309124,2.634,2.634
E01002428,High older + care mismatch,13.6741214057508,10.4153354632588,16.6712557514967,25.7859145226238,2.499,2.499
E01002429,High older + care mismatch,9.03882877148313,11.0120942075111,16.8135918280895,23.6931486915888,2.156,2.156
E01002430,High older + care mismatch,24.7126436781609,9.91379310344828,43.5945982761299,29.5386018408537,1.312,1.312
E01002431,High older + care mismatch,23.6743838685586,11.1277072442121,34.0160477043239,16.2513118414728,0.518,0.518
E01002432,High older mismatch,21.9560878243513,9.78043912175649,20.0068385410989,-2.07412792420377,0.467,0.467
E01002433,High care mismatch,14.7940823670532,11.515393842463,7.78778458019535,25.3750797171348,0.959,0.959
E01002434,High older + care mismatch,26.3355906696765,8.87885628291949,44.8519847321764,17.7301759180403,1.543,1.543
E01002435,High older mismatch,23.9895697522816,10.4302477183833,36.8170808756397,6.61804803433718,0.58,0.58
E01002436,High older mismatch,20.3097081596188,11.3758189398451,29.7975757669315,10.7706774770023,1.492,1.492
E01002437,High older mismatch,35.3976073187896,7.67065446868403,60.8221616040566,7.34757349972975,1.079,1.079
E01002438,High older + care mismatch,18.6805555555556,10.9722222222222,33.7143707768412,38.2820128885232,2.579,2.579
E01002439,Other LSOAs,19.2382182052937,11.4267269205939,1.57094200462443,0.242047294434734,3.97,3.97
E01002440,High older + care mismatch,19.0777005685407,10.5495893872394,26.539548993563,27.7337408335318,3.064,3.064
E01002441,High older + care mismatch,21.1020663744521,10.5823418910457,42.2468831286281,41.7990317862342,2.898,2.898
E01002442,High older + care mismatch,16,11.3846153846154,29.4484896653339,42.3839566275119,4.529,4.529
E01002443,High older + care mismatch,8.76162506118453,9.59373470386686,14.9746388572552,21.1826521012002,1.491,1.491
E01002444,High older + care mismatch,13.3509234828496,7.01846965699208,24.6609397192683,25.9699394894794,0.765,0.765
E01002445,High older + care mismatch,9.66647823629169,14.1322781232335,14.6315219907113,35.9752470885408,1.27,1.27
E01002446,High older + care mismatch,9.98471726948548,8.96586856851758,19.3048559001952,33.8633105672041,2.119,2.119
E01002447,High care mismatch,6.70525808007718,9.31017848528702,-2.05636022890344,35.4169277507407,1.904,1.904
E01002448,Other LSOAs,11.9423791821561,10.3624535315985,-17.82963984024,-12.0537338562077,1.87,1.87
E01002449,Other LSOAs,7.27611940298508,10.5410447761194,2.12819520703044,8.10564564790401,1.63,1.63
E01002450,High care mismatch,10.688042752171,13.0260521042084,-4.35734091207521,26.0877623246004,1.085,1.085
E01002451,Other LSOAs,14.5043246839654,10.8449767132402,-1.14462827505108,-1.98430205361537,0.916,0.916
E01002452,High care mismatch,12.4837451235371,10.0780234070221,-11.4167974000017,15.4095717104186,0.512,0.512
E01002453,Other LSOAs,13.4118967452301,12.1212121212121,6.05390673601502,2.03159913634066,1.306,1.306
E01002454,High older + care mismatch,14.1666666666667,13.28125,23.2031627042964,51.9794452403647,1.832,1.832
E01002455,High older + care mismatch,12.5063035804337,12.2541603630862,24.0467016733516,17.5272945650617,2.329,2.329
E01002456,High older mismatch,16.5417867435159,11.5273775216138,33.9702157770752,14.0749902206443,1.806,1.806
E01002457,High older mismatch,9.09657320872274,11.9626168224299,15.9581769597432,11.4806581238216,2.233,2.233
E01002458,High older + care mismatch,23.205574912892,9.89547038327526,41.2804764168092,28.7679318881084,1.467,1.467
E01002459,High older + care mismatch,24.9700598802395,10.7784431137725,24.0231044024925,15.184928839106,0.932,0.932
E01002460,Other LSOAs,23.0337078651685,9.76123595505618,10.6711591461509,9.84130604257847,0.277,0.277
E01002461,High older + care mismatch,21.8543046357616,8.01324503311258,36.7662571899457,28.1100515993926,2.279,2.279
E01002462,High older + care mismatch,15.8422459893048,12.3663101604278,25.8355825109001,31.8844848412904,1.078,1.078
E01002463,High older mismatch,23.1388329979879,9.6579476861167,36.7724468435305,1.43720299408639,0.495,0.495
E01002464,High older mismatch,15.2133580705009,12.6159554730983,23.5012687934916,13.5403053284268,0.634,0.634
E01002465,High care mismatch,11.2018669778296,13.4189031505251,9.92467308077781,21.3900578905567,0.607,0.607
E01002466,High care mismatch,13.8051044083527,12.9930394431555,7.77869939950437,22.47352689446,0.653,0.653
E01002467,High older mismatch,24.501246882793,12.2817955112219,48.2111265529167,4.43223717462465,0.478,0.478
E01002468,High older mismatch,14.402332361516,11.6618075801749,18.9795809105495,5.18745344276473,0.727,0.727
E01002469,High older + care mismatch,17.451690821256,10.5072463768116,24.2669808154808,20.017371053687,0.546,0.546
E01002470,High care mismatch,18.1123840698309,10.5837424986361,7.05309999256796,19.9752005748788,0.169,0.169
E01002471,High older + care mismatch,16.9730392156863,12.5612745098039,19.8866954672976,27.2479338035215,0.247,0.247
E01002472,High older mismatch,24.3275552898984,11.237298266587,37.3148099263939,-2.93789995262041,0.481,0.481
E01002473,High older + care mismatch,26.3220439691028,8.37789661319073,47.2008647710389,19.3822097742997,1.488,1.488
E01002474,High older + care mismatch,19.4603903559127,11.1940298507463,37.292266574676,29.6273055883867,0.606,0.606
E01002475,High older mismatch,24.1569589209074,10.8522378908645,22.5505770720666,10.5446132246256,1.382,1.382
E01002476,High older + care mismatch,26.3931414574403,10.6552357624005,42.8535770543479,16.749855809864,0.686,0.686
E01002477,Other LSOAs,24.0562546262028,10.2146558105107,8.08495092600562,-5.53449209518498,0.536,0.536
E01002478,Other LSOAs,20.5240174672489,10.6674984404242,-15.5503232255396,-11.1278182132966,0.3,0.3
E01002479,High older + care mismatch,15.8152173913043,11.3586956521739,10.88125357956,18.9617223965747,0.998,0.998
E01002480,High older + care mismatch,20.979020979021,11.9419042495966,16.5461682946842,27.5925988044885,1.016,1.016
E01002481,High older + care mismatch,17.6613885505481,11.1449451887942,27.9729681240486,28.3659206824264,0.917,0.917
E01002482,High older mismatch,23.6778846153846,11.1778846153846,26.6339285767372,0.437469712341091,0.895,0.895
E01002483,Other LSOAs,17.5321336760925,11.3110539845758,8.5672444209545,-9.72649445931924,0.262,0.262
E01002484,High older mismatch,16.7949615115465,11.6864940517845,15.3389716161645,15.0602090422947,0.644,0.644
E01002485,Other LSOAs,14.1309699655342,12.2599704579025,9.86745576227469,8.47788615599184,0.145,0.145
E01002486,High care mismatch,8.82746321890325,10.0757913508694,3.44974810823942,16.71387227722,1.713,1.713
E01002487,High older mismatch,11.0822060353798,8.63683662851197,12.7448516118596,14.6779237170909,1.171,1.171
E01002488,Other LSOAs,11.0985277463194,9.00339750849377,3.65730745678817,-4.06573615901586,1.222,1.222
E01002489,Other LSOAs,9.97931747673216,8.27300930713547,-17.2879618071988,-4.20337182520551,0.414,0.414
E01002490,High older mismatch,10.6124357176251,9.77092099111734,16.7536013484676,7.50359749175726,1.033,1.033
E01002491,High older + care mismatch,9.40766550522648,10.8594657375145,10.8971572484831,24.6528293262382,0.8,0.8
E01002492,High older mismatch,9.88816951147734,8.94643908181283,14.6366699543417,12.7809288513438,0.96,0.96
E01002493,High care mismatch,7.78831752371443,13.6295556665003,-12.5613264738737,31.2684741586963,0.873,0.873
E01002494,High older + care mismatch,11.59179145868,11.7581808097615,17.3409821534553,38.2432859430178,0.989,0.989
E01002495,High older + care mismatch,10.5431309904153,11.8210862619808,11.9858673022699,26.7726531752037,0.471,0.471
E01002496,High older + care mismatch,12.0020429009193,13.7895812053115,17.1295861292726,26.1582867893389,1.149,1.149
E01002497,High older mismatch,11.5912762520194,13.0856219709208,16.3064577810901,9.49028568910597,0.35,0.35
E01002498,High older mismatch,18.966737438075,11.0403397027601,14.8690886016079,-4.1022575749926,0.674,0.674
E01002499,Other LSOAs,12.6520681265207,10.3649635036496,8.45779562542005,12.791577599264,0.881,0.881
E01002501,Other LSOAs,13.1109833237493,7.13053479010926,-16.5877947280579,-21.3374550030578,1.39,1.39
E01002502,High care mismatch,7.87244643746886,11.6093672147484,1.57246350699678,31.399554908598,1.223,1.223
E01002503,Other LSOAs,9.4105480868666,8.84177869700103,-28.0738495762233,-27.2035242606986,1.042,1.042
E01002505,High older + care mismatch,10.2693602693603,12.0089786756453,14.2422470667236,27.535541060924,1.577,1.902
E01002506,Other LSOAs,7.17726396917148,9.58574181117534,-31.2143501055451,-16.1699486674235,0.391,0.391
E01002507,High older + care mismatch,9.58904109589041,7.91476407914764,16.0132661676495,31.6804743826122,1.131,1.131
E01002508,High older + care mismatch,14.0639269406393,9.81735159817351,28.542494101239,16.5673425260845,1.79,1.79
E01002509,High older + care mismatch,19.5710455764075,9.31635388739947,25.1146119061257,20.5355532270695,1.475,1.475
E01002511,High older + care mismatch,16.2261831591887,11.1247695144438,23.7713053842198,22.6136860593972,1.934,1.934
E01002512,High older + care mismatch,19.2007797270955,11.8908382066277,20.5843598805994,30.2880671334625,1.033,1.033
E01002513,High older mismatch,24.8261474269819,7.71905424200278,37.5548596198894,14.4200419726897,0.495,0.495
E01002514,High older + care mismatch,13.0612244897959,10.8673469387755,28.0849178219312,21.5102157428094,0.465,0.465
E01002516,High older mismatch,21.617946974847,7.74983004758668,16.3306416038899,5.53975384875813,1.015,1.015
E01002518,High older mismatch,16.464339908953,8.11836115326252,15.6804545844208,8.3560469967986,1.909,1.909
E01002519,High care mismatch,12.8218071680969,9.59111559818274,-0.73093473625579,18.8994489031839,1.831,1.831
E01002520,High older + care mismatch,8.20235756385069,12.0333988212181,15.9366479841338,21.5875137545124,1.238,1.238
E01002521,Other LSOAs,12.3114355231144,10.2189781021898,-0.702167148973253,5.75555747515254,0.451,0.451
E01002523,Other LSOAs,10.6615285806037,9.18432883750803,7.32201765484731,-7.06788889091257,0.763,0.763
E01002525,Other LSOAs,17.5720620842572,10.5321507760532,-12.7236493952774,5.14875831305244,0.81,0.81
E01002526,High care mismatch,7.99865001687479,12.217347283159,-22.8853835633711,25.2562480640666,1.047,1.047
E01002527,High older + care mismatch,16.354556803995,11.5480649188514,21.2348924165276,23.2555843555279,1.264,1.264
E01002528,High care mismatch,11.0169491525424,9.90466101694915,-14.43996405308,31.848061758153,1.418,1.418
E01002529,Other LSOAs,6.86932491117252,12.8306356099487,-26.5436510062685,11.1710020905292,0.341,0.341
E01002530,High older + care mismatch,9.17225950782998,12.0805369127517,11.2011423475979,18.0876260875351,1.454,1.454
E01002531,High older + care mismatch,18.2680901542112,8.95610913404508,24.8508212237249,25.970174471841,0.59,0.59
E01002533,High older + care mismatch,13.9327385037749,12.079615648593,26.017080652564,44.2404333336057,1.95,1.95
E01002534,High older mismatch,22.1639344262295,11.016393442623,39.568399424029,9.56294246659476,0.625,0.625
E01002535,Other LSOAs,18.6014625228519,9.27787934186472,-2.41720011290462,-4.42608573501575,0.297,0.297
E01002536,High older + care mismatch,12.1143717080512,12.2648607975922,26.6663626535796,29.6246717551255,0.489,0.489
E01002537,High older mismatch,16.0836349014877,11.9420989143546,19.5735843262214,12.5345463684711,0.189,0.189
E01002538,High older + care mismatch,24.3339253996448,10.4203670811131,49.4473576313871,37.410606241361,2.09,2.09
E01002539,High older mismatch,24.824355971897,11.4754098360656,33.0919913358947,3.97410259167364,1.156,1.156
E01002540,Other LSOAs,8.16438356164384,12.8767123287671,-0.645392905879612,9.49984248193267,2.564,2.631
E01002541,High older + care mismatch,11.8027888446215,11.304780876494,13.7984176260165,16.8194710625813,2.329,2.53
E01002542,High care mismatch,7.59433962264151,15.1415094339623,-22.9400390041685,19.2708879414089,2.68,3.087
E01002543,Other LSOAs,8.06032241289652,13.4165366614665,-11.7456828111085,13.9965956376781,2.315,2.883
E01002544,High older + care mismatch,12.5812167749557,9.68694624926167,19.1973339164151,24.1985667829341,1.752,3.187
E01002545,High care mismatch,8.15508021390374,13.2352941176471,1.89702462278325,62.0986684189022,1.785,2.898
E01002546,High care mismatch,9.10662824207493,8.47262247838617,10.2596025881095,16.7511215315728,1.9,2.346
E01002547,High older + care mismatch,9.4988344988345,9.84848484848485,15.6445799566464,23.1040215471573,1.373,2.505
E01002548,High older + care mismatch,10.8490566037736,12.688679245283,23.1719096157381,47.696960803157,0.895,0.895
E01002549,High older + care mismatch,15.9273115980759,11.4377338321753,17.0618136392589,22.0919431204787,1.923,1.923
E01002550,High care mismatch,6.82187330806714,13.0481862479697,6.74595174510925,18.2049184354929,1.2,1.2
E01002551,High older mismatch,10.9550561797753,10.9550561797753,20.861747074557,8.49331591552246,1.524,1.524
E01002552,Other LSOAs,10.7736389684814,11.6332378223496,4.56441396767167,6.25285747924521,0.816,0.816
E01002553,High older mismatch,10.4545454545455,10.8522727272727,18.5974886679412,13.4973432163716,1.081,1.081
E01002555,High older mismatch,14.4100580270793,8.80077369439072,26.4793848252869,0.312280416114149,0.806,0.806
E01002556,High care mismatch,12.2911051212938,12.7762803234501,-8.57619855120357,29.6702182657706,1.301,1.301
E01002557,High older + care mismatch,11.4106884930188,9.7737120847376,18.4177867189639,19.6445749834313,0.808,0.808
E01002558,High care mismatch,10.9695038689122,12.1529358215749,-1.19382244449813,28.1121472887603,1.096,1.096
E01002559,High care mismatch,8.46601941747573,11.2621359223301,7.80371313702576,31.8225163661021,1.321,1.321
E01002560,Other LSOAs,15.3731343283582,8.65671641791045,-12.8408470495609,5.45126125072859,1.753,1.753
E01002561,Other LSOAs,5.08771929824561,10.9941520467836,-33.8670605961774,11.0363831148118,1.777,1.777
E01002562,High care mismatch,12.3398516520566,10.4517869184086,-4.40882961928034,32.1813138412723,1.026,1.026
E01002563,High older + care mismatch,13.9339968569932,10.2671555788371,17.9173358652939,17.8273563805948,0.367,0.367
E01002564,High care mismatch,11.1755403268318,11.4391143911439,-22.4212763988527,18.71450531606,0.85,0.85
E01002565,Other LSOAs,10.8140462889066,12.2905027932961,-3.92032894198518,-14.2773291622226,1.094,1.094
E01002567,Other LSOAs,14.0744797371303,9.9671412924425,-6.31095977119163,-7.70982668806563,1.524,1.524
E01002569,Other LSOAs,14.1037735849057,11.0849056603774,2.7782418010507,1.9501171603594,0.81,0.81
E01002570,Other LSOAs,11.0769230769231,8.43076923076923,-16.3504582861997,-11.39976485602,0.383,0.383
E01002571,High older + care mismatch,20.9992193598751,10.3044496487119,33.5635490275538,16.3035085909925,1.157,1.157
E01002572,High older + care mismatch,13.2772020725389,12.5647668393782,26.8266481964969,40.4610821989523,1.906,1.906
E01002573,Other LSOAs,16.2790697674419,10.8527131782946,-3.37740157284568,0.518365038542576,0.335,0.335
E01002574,Other LSOAs,13.0484988452656,12.70207852194,-8.75713537649954,13.5161566508438,0.167,0.167
E01002575,Other LSOAs,16.4502164502165,10.9461966604824,2.98384712096782,12.9983531251679,0.433,0.433
E01002576,High care mismatch,12.1212121212121,11.883541295306,3.67880665958135,15.1326846497254,0.776,0.776
E01002577,Other LSOAs,14.3889223359422,9.63275135460566,1.37422357253763,11.6432565777944,1.141,1.141
E01002578,High older mismatch,17.8525226390686,12.6131953428202,12.8116419090961,8.02497821944126,1.361,1.361
E01002579,High older + care mismatch,22.5955967555041,11.1819235225956,32.2110907222756,20.0368832478741,1.057,1.057
E01002580,Other LSOAs,13.3793103448276,11.3793103448276,3.61291267799004,5.8159027086128,0.655,0.655
E01002581,Other LSOAs,12.3870281765019,11.9085592769803,-1.63648657170005,14.2465791771179,0.57,0.57
E01002582,High older + care mismatch,15.6438026474128,13.2972322503008,26.8048814824988,36.2325154305778,0.636,0.636
E01002583,High older mismatch,13.0866924351187,7.78575372722253,12.3603701624206,-14.2971337483344,2.124,2.124
E01002584,Other LSOAs,9.91541353383459,7.42481203007519,-20.9665994266591,-14.3308412231619,1.613,1.613
E01002585,Other LSOAs,11.3176599234554,7.92782941498086,-0.157380185169806,3.7455116330758,1.266,1.266
E01002586,Other LSOAs,13.3152173913044,5.10869565217391,-5.45824178359027,10.4007347970757,1.219,1.219
E01002587,Other LSOAs,16.0519698239732,7.66974015088014,-25.2788577318314,-15.2480258129761,0.793,0.793
E01002588,Other LSOAs,7.99210656142082,13.764183522447,-41.2606864680643,10.6934639135673,0.898,0.898
E01002589,High care mismatch,8.78243512974052,10.3792415169661,5.46648277955221,15.3519025200112,1.237,1.237
E01002590,High older + care mismatch,14.484052532833,9.79362101313321,15.8841870513674,22.5407576443508,1.735,1.735
E01002591,High older mismatch,11.6132422490804,9.98423541776143,19.2075720960515,-0.147616624254631,2.37,2.37
E01002592,High older + care mismatch,13.7081784386617,11.0130111524164,28.8107625387202,29.1842401767689,0.906,0.906
E01002593,Other LSOAs,16.452896948253,7.29765590446705,0.950954152356665,0.82557638278772,1.876,1.876
E01002594,Other LSOAs,12.3110151187905,7.08423326133909,8.87028342672556,-9.96760308728768,1.942,1.942
E01002595,High care mismatch,10.5752212389381,9.38053097345133,1.33607534692561,17.6871585613862,1.369,1.369
E01002596,High care mismatch,3.68814192343604,12.9785247432306,-15.2506780830433,19.3849465303605,2.193,2.193
E01002598,Other LSOAs,9.70420342501297,10.7420861442657,-14.4298532597615,-14.7111385513433,2.761,2.761
E01002599,High care mismatch,10.2726696258719,12.1750158528852,-5.45010977978394,15.6464551742413,2.493,2.493
E01002600,Other LSOAs,10.7487922705314,9.90338164251208,7.09560126086562,4.26639592061918,2.539,2.539
E01002601,High care mismatch,7.15048025613661,13.7139807897545,6.14376574571572,33.1755711566401,2.742,2.742
E01002602,High older + care mismatch,12.3911587407904,11.78834561286,16.9370770928454,31.5768848640055,3.27,3.27
E01002603,Other LSOAs,7.08418891170431,11.8069815195072,-7.07649923880829,10.7238101493101,2.035,2.035
E01002604,High care mismatch,7.94621026894866,12.3471882640587,1.03468013013276,33.8864887306865,3.399,3.399
E01002605,High care mismatch,10.8234295415959,12.0543293718166,-1.76365128804957,20.7506129616337,3.832,3.832
E01002606,High older + care mismatch,12.137359384251,11.6637063351095,15.5488575004449,18.815294849773,4.029,4.029
E01002607,Other LSOAs,9.23579893747446,10.3391908459338,-17.7505989552028,-5.72257150684415,3.553,3.553
E01002608,High care mismatch,11.4270668773038,11.5323854660348,-0.602464220809406,19.9588974063314,4.35,4.35
E01002609,High care mismatch,15.5409115870401,10.8182317408018,1.86426439062909,19.8463601945686,4.529,4.529
E01002610,High older + care mismatch,12.3295454545455,13.2954545454545,24.6749559286347,29.7179178983529,4.788,4.788
E01002611,High care mismatch,12.3213405618531,10.4484967964515,5.20535068057249,21.0547138014993,3.092,3.092
E01002612,Other LSOAs,12.7497621313035,10.8468125594672,-4.40241222038372,-2.91232485149602,2.625,2.625
E01002613,Other LSOAs,11.318795430945,9.34579439252336,-0.343412355944885,12.5259798110255,3.33,3.33
E01002614,High care mismatch,11.0744580584354,12.48821866164,5.63566834932784,20.2170184090937,3.246,3.246
E01002615,High care mismatch,12.192118226601,11.2684729064039,10.125023012444,27.6749868377905,3.733,3.733
E01002616,Other LSOAs,14.5922746781116,10.6069895769467,9.58536340989982,8.0421964096024,3.145,3.145
E01002617,High older + care mismatch,16.1467889908257,11.3761467889908,28.8796650820653,24.7370453886992,3.794,3.794
E01002618,Other LSOAs,12.0388349514563,8.25242718446602,7.97320825286768,0.544628808148062,0.978,0.978
E01002619,High older mismatch,17.5740210124164,6.1127029608405,12.8938785671025,-6.94372604049413,0.915,0.915
E01002620,High care mismatch,7.9520697167756,13.4713144517066,0.307050635241865,18.2806511797964,1.424,1.424
E01002621,Other LSOAs,10.3139013452915,9.21773791728949,-2.12156857567135,-1.71595404408562,0.703,0.703
E01002622,Other LSOAs,12.2332118688183,9.37011972930765,-4.78337408709876,2.66936669825556,0.426,0.426
E01002623,Other LSOAs,14.122533748702,6.28245067497404,-1.50854606550543,-17.0891993686337,0.438,0.438
E01002624,Other LSOAs,11.0236220472441,8.32395950506187,7.32935448157872,-1.55998064804366,0.253,0.253
E01002625,Other LSOAs,14.9532710280374,6.83411214953271,-23.2757498516793,-8.64187049308974,1.488,2.157
E01002626,Other LSOAs,16.4408866995074,6.40394088669951,-32.2985340680511,-25.3445756257356,1.647,1.647
E01002627,High care mismatch,9.59821428571429,13.28125,-0.86717632867386,23.8669797249231,1.388,1.388
E01002628,High older mismatch,15.6437471158283,7.93724042455007,18.188011837418,7.75302301160325,1.128,1.128
E01002629,Other LSOAs,11.7581187010078,11.4968271743188,-10.4395724123276,-4.69913853646757,0.578,0.578
E01002630,High older mismatch,11.4492753623188,8.64734299516908,11.8462688305272,0.451532509608402,0.57,0.57
E01002631,Other LSOAs,10.838779956427,8.06100217864924,5.82479405576717,-20.2934961761339,1.484,2.199
E01002632,High older mismatch,18.2672233820459,7.35908141962422,24.5847425558193,3.08307641732883,1.441,1.441
E01002633,High older + care mismatch,8.70345446388515,11.5746971736205,17.5938911993696,19.965862497151,2.018,2.018
E01002634,High older + care mismatch,6.96095076400679,13.2427843803056,11.9838418164834,25.7001163226007,1.469,1.469
E01002635,High older + care mismatch,13.2433783108446,6.59670164917541,22.4093572521663,17.7016532891201,1.142,1.142
E01002636,High older mismatch,14.0433553251649,7.82280867106503,16.4233061474435,-3.73495845947046,1.063,1.063
E01002637,High older mismatch,10.1358411703239,8.20271682340648,18.2244328465106,13.3843992205872,1.293,1.293
E01002638,High care mismatch,9.53456845910529,10.347943967465,10.1323357854751,24.5578792712308,1.89,1.894
E01002639,Other LSOAs,14.2217245240761,6.55095184770437,8.06424042736061,-8.35133480788726,0.217,0.217
E01002640,Other LSOAs,9.88913525498891,6.78492239467849,-12.8687113954976,-29.5238160198735,0.228,0.228
E01002641,Other LSOAs,9.47603121516165,10.9624674842066,-36.1620695169577,0.36473731024175,0.126,0.126
E01002643,High older mismatch,13.45521023766,11.3345521023766,17.2928804568793,-2.86625845401862,0.683,0.683
E01002645,Other LSOAs,10.4960141718335,9.1674047829938,0.969791474955766,1.41183124221926,0.757,0.757
E01002646,Other LSOAs,8.5197934595525,12.0051635111876,-26.1498704083088,-0.319395059779382,0.97,0.97
E01002647,High care mismatch,9.21409214092141,12.962962962963,-6.09117398707967,21.0830040112887,1.31,1.31
E01002649,Other LSOAs,8.08179162609542,11.8792599805258,-13.8614208128374,9.62311040417858,1.004,1.004
E01002650,High older + care mismatch,8.1980198019802,12.1584158415842,14.5400555814907,46.3465188059037,1.796,1.796
E01002651,High older mismatch,13.1482451545312,8.27658459926663,10.7990567130775,-5.80420551079229,1.163,1.163
E01002652,High older mismatch,13.846954711088,6.45497136907861,11.2557796176182,-14.1566104364841,1.461,1.461
E01002653,High older mismatch,14.0600315955766,8.68878357030016,13.8769111377229,-1.71694902975883,1.061,1.061
E01002654,High older mismatch,17.1114599686028,8.94819466248038,18.2673893154091,14.6238296445221,1.51,1.51
E01002655,High older mismatch,15.3186930905196,9.05195500803428,17.7929537385181,-6.87697408088003,1.206,1.206
E01002656,High older mismatch,16.7019027484144,10.9936575052854,13.9703170462225,5.91876547491936,1.763,1.763
E01002657,Other LSOAs,14.1968911917098,10.6735751295337,-36.2980455117938,-16.3083070608905,1.333,1.333
E01002658,High care mismatch,15.2077151335312,10.6083086053412,5.85905865158037,28.8087487502363,1.052,1.052
E01002659,High older mismatch,14.2759094028826,9.67741935483871,13.8110682509192,-1.13674781493111,1.04,1.04
E01002660,Other LSOAs,11.1590038314176,7.27969348659004,6.21360482819298,-17.1727295511707,0.475,0.475
E01002661,Other LSOAs,11.7771211481638,5.14985225833685,-35.3867120300768,-21.797224917149,0.484,0.484
E01002662,Other LSOAs,12.9482071713147,6.77290836653386,-11.4193473045628,-19.8264448505259,0.436,0.436
E01002663,Other LSOAs,13.6111111111111,7.08333333333333,3.20749459017364,-21.8728031315007,0.696,0.696
E01002665,Other LSOAs,13.7119908204246,8.26161790017212,-0.128033768705063,-3.0069251612086,0.925,0.925
E01002666,Other LSOAs,11.7426273458445,6.97050938337802,3.65396496395353,2.14166401105143,0.985,0.985
E01002667,Other LSOAs,15.6934306569343,10.9489051094891,-4.61966033049678,-21.0370112535943,1.671,1.671
E01002668,Other LSOAs,12.0508326029798,12.7957931638913,-20.5304400219265,0.593105667063881,1.81,1.81
E01002669,High care mismatch,8.62519602718244,12.598013591218,-16.8978018107256,28.6917517658512,1.449,1.449
E01002670,High older + care mismatch,12.6666666666667,12.1025641025641,17.331061663985,22.7694150148889,1.883,1.883
E01002671,Other LSOAs,14.0227395776936,14.1851651326475,0.764170725249677,13.5618406932359,1.961,1.961
E01002672,High older mismatch,10.509754562618,10.4468219005664,20.6828829772655,8.81759232463393,2.156,2.156
E01002673,High care mismatch,7.05669481302775,14.9577804583836,6.3365550007758,35.144092344156,2.172,2.172
E01002674,Other LSOAs,13.3620689655172,12.1168582375479,7.74874588421081,14.0123106324052,0.298,0.298
E01002675,Other LSOAs,12.1789883268482,10.9338521400778,-7.11728012476985,-0.725161868390785,1.238,1.238
E01002676,High older mismatch,20.6541490006057,5.81465778316172,30.356246596978,11.5185851737919,0.443,0.443
E01002677,High care mismatch,8.04044294655754,11.7477130476649,-6.46791468980381,16.3681609276493,0.848,0.848
E01002678,High older + care mismatch,15.7101167315175,9.14396887159533,22.9061765323175,30.3574292105376,1.119,1.119
E01002679,High older mismatch,15.1400862068966,9.42887931034483,16.1830846621386,12.4214091603543,1.256,1.256
E01002680,Other LSOAs,12.3676612127045,10.4908565928778,4.90088453812995,3.24396265360022,0.655,0.655
E01002681,Other LSOAs,8.16242821985234,11.0336341263331,-2.21243101308129,-3.09529309057853,1.869,1.869
E01002682,Other LSOAs,10.7356715141146,11.9332763045338,5.40407087835165,-2.39652380573953,1.892,1.892
E01002686,High care mismatch,11.5990990990991,10.2477477477477,2.10059142718889,32.6657744007062,1.852,1.852
E01002687,Other LSOAs,11.8421052631579,11.7822966507177,-22.1741360625074,-13.1684790962713,0.229,0.229
E01002689,Other LSOAs,17.1153846153846,11.025641025641,6.7106692579215,-5.03456574196616,0.666,0.666
E01002690,High older mismatch,15.6791907514451,10.9104046242775,12.5581634800309,1.11831001502842,0.712,0.712
E01002691,High older mismatch,13.1449631449631,8.5995085995086,22.6490296004288,11.1071824577111,0.61,0.61
E01002692,High older mismatch,10.5513307984791,10.0760456273764,12.7160892833295,9.06539751126383,0.437,0.437
E01002693,Other LSOAs,22.6740947075209,9.35933147632312,-21.5197528331721,-43.8011636916687,0.439,0.439
E01002694,Other LSOAs,10.2702702702703,10.990990990991,-39.3578128448951,-3.72364296121621,0.636,0.636
E01002695,Other LSOAs,11.4731839782756,5.4989816700611,-38.211195029637,-42.6931287806159,0.638,0.638
E01002696,Other LSOAs,12.5357756153406,7.09788208357184,-46.697583232542,-42.4069536810269,0.41,0.41
E01002697,Other LSOAs,9.34484509903504,7.82122905027933,-43.7574018581827,-36.1976671296045,0.469,0.469
E01002698,Other LSOAs,7.64331210191083,7.74130328270456,-45.0557435018613,-27.3556369630847,0.395,0.395
E01002699,Other LSOAs,13.4770889487871,8.15363881401617,-24.0759812755504,-19.8013135204428,0.572,0.572
E01002700,Other LSOAs,17.8779069767442,9.15697674418605,-10.6713117920822,-13.8072996842492,0.546,0.546
E01002701,Other LSOAs,13.3514986376022,8.37874659400545,-44.5565174083899,-41.1202633425525,0.231,0.231
E01002702,Other LSOAs,5.10121457489879,10.4453441295547,-44.8608896979474,-20.3444795903403,0.602,0.602
E01002703,Other LSOAs,8.55431993156544,9.96578272027374,-35.2511366922297,-20.6188472386868,0.668,0.668
E01002704,Other LSOAs,8.19532908704883,9.04458598726115,-46.0472360940552,-20.7304638345466,0.366,0.366
E01002706,Other LSOAs,10.093091621754,10.1910828025478,-45.9639988490341,-25.9855173166248,0.414,0.414
E01002707,Other LSOAs,8.97083104017612,6.49422124380848,-15.4809701860509,-30.7069030817368,0.424,0.424
E01002708,High care mismatch,7.65595463137996,9.31001890359168,6.19037616473239,18.7765863649607,0.448,0.448
E01002709,Other LSOAs,12.5592417061611,6.99052132701422,-51.455734777222,-51.0096502613502,0.588,0.588
E01002710,Other LSOAs,10.6875,8.5,-40.479651792378,-38.4098923444373,0.656,0.819
E01002711,Other LSOAs,8.56299212598425,6.00393700787402,-56.119994024293,-45.6953367214515,0.385,0.972
E01002712,Other LSOAs,8.56313497822932,8.85341074020319,-51.1656861705217,-24.6434406109697,0.037,0.037
E01002713,Other LSOAs,10.3019538188277,7.88632326820604,-19.3488772221887,-24.6592793410574,0.304,0.304
E01002714,Other LSOAs,10.2530824140169,7.65736534717716,-52.1173033028035,-40.9426782592735,0.285,0.285
E01002715,Other LSOAs,7.10059171597633,11.3609467455621,-76.5101168964771,-22.7645096837731,0.4,0.4
E01002716,Other LSOAs,10.821554770318,9.40812720848056,-54.8931097748591,-25.0928057320059,0.528,0.528
E01002717,Other LSOAs,11.6915422885572,10.2819237147595,-7.15289052971387,5.11993301891172,0.417,0.417
E01002718,Other LSOAs,9.25808497146481,6.2143310082435,-46.3393768954806,-27.4575207419663,0.835,0.835
E01002719,Other LSOAs,14.7551978537894,10.1274312541918,-20.029569340475,-16.9532260165472,0.519,0.519
E01002720,Other LSOAs,8.14500941619586,12.5706214689266,-49.4028501041149,12.7042315483814,0.606,0.606
E01002721,Other LSOAs,10.171568627451,10.0490196078431,-33.1687599447117,-19.8395127058729,0.811,0.811
E01002722,Other LSOAs,9.2797783933518,11.4958448753463,-52.6105310160235,-19.0231511931516,0.919,0.919
E01002723,Other LSOAs,8.29774252593045,9.76205003050641,-30.4602871725898,-19.0429614136006,0.515,0.515
E01002724,Other LSOAs,7.33229329173167,5.72022880915237,-48.1817744429322,-42.783311051203,0.216,0.216
E01002725,Other LSOAs,7.7319587628866,10.0883652430044,-46.2035276644341,-26.2257648204236,0.643,0.643
E01002726,Other LSOAs,9.11747516072472,9.46814728229106,-60.2978975459714,-31.88384869019,0.73,0.73
E01002727,Other LSOAs,10.7213765718068,7.21376571806751,-37.20260573041,-27.5964199718612,0.29,0.29
E01002728,Other LSOAs,6.61596958174905,5.93155893536122,-44.9852536481161,-27.9856038096438,0.585,0.726
E01002729,Other LSOAs,14.5236508994004,7.32844770153231,-51.8181112272697,-36.8037327354134,0.625,0.625
E01002730,Other LSOAs,8.20980615735462,6.10034207525656,-51.3489783376522,-52.9141110080891,0.539,0.539
E01002732,Other LSOAs,9.86149584487535,8.03324099722992,-31.478984674049,-10.4387058253714,0.244,0.244
E01002733,Other LSOAs,8.03880803880804,7.83090783090783,-50.9508297876584,-21.2447411667037,0.672,0.672
E01002734,Other LSOAs,4.81825866441251,10.1014370245139,-21.6572598585702,-6.22150122421831,0.197,0.197
E01002735,Other LSOAs,5.71912013536379,5.6175972927242,-52.5462677592282,-40.6346883091604,0.307,0.307
E01002736,Other LSOAs,15.7075152335816,10.0880162491537,-7.62624514345131,-8.18324953855737,0.483,0.483
E01002737,Other LSOAs,8.89460154241645,10.7969151670951,-26.9510427489439,-4.06018579579145,0.719,0.719
E01002738,Other LSOAs,11.4850427350427,9.08119658119658,-25.6326739071937,-28.1264342380288,0.473,0.473
E01002739,Other LSOAs,12.2482308111051,9.96189439303212,-36.5150129454061,-28.1797603845639,0.468,0.468
E01002740,Other LSOAs,9.12311780336581,10.4960141718335,-35.6519366076726,-17.2125378992604,0.224,0.224
E01002741,Other LSOAs,9.45241199478488,10.4302477183833,-23.5831119850766,5.31563332776781,0.899,0.899
E01002742,Other LSOAs,8.40840840840841,9.90990990990991,-28.9471154236878,-21.3549570019612,0.571,0.571
E01002743,Other LSOAs,12,10.2950819672131,-32.7319475407496,-22.3329950763192,0.84,0.84
E01002744,Other LSOAs,12.0243531202435,8.21917808219178,-15.08174444723,-34.6212210251227,0.692,0.692
E01002745,Other LSOAs,11.5357395612173,8.42179759377212,-9.22041166335081,-10.5611702334576,0.633,0.633
E01002747,Other LSOAs,10.854206807964,10.597302504817,-7.40715022063709,-15.4792343049699,0.377,0.377
E01002748,Other LSOAs,7.01330108827086,9.6130592503023,-18.233797534342,9.50856332513471,0.3,0.3
E01002749,Other LSOAs,8.66141732283465,11.8766404199475,-27.0492346080068,8.2116754582863,0.402,0.402
E01002751,Other LSOAs,8.16104461371056,10.7725788900979,-64.6408665488086,-20.5075324380716,0.412,0.412
E01002752,Other LSOAs,9.19185687847008,9.00678593460827,-8.5921366508895,-20.6731168995347,0.567,0.567
E01002753,Other LSOAs,13.0615065653075,7.39460953697305,-33.6696168924328,-26.4010774096639,0.4,0.4
E01002754,Other LSOAs,10.6314432989691,10.2448453608247,-16.9462981402827,-16.7407748655456,0.49,0.49
E01002755,Other LSOAs,11.6843702579666,10.1669195751138,-41.2143635633863,-19.7251810610523,0.541,0.541
E01002756,Other LSOAs,10.0987091875475,9.49126803340926,-25.8246031655527,-18.3419264538563,0.295,0.295
E01002757,Other LSOAs,11.3871635610766,11.456176673568,-4.86974884752128,3.88036538606198,0.833,0.833
E01002758,Other LSOAs,7.66129032258065,13.8248847926267,-44.7614323467142,11.0343471324533,0.65,0.65
E01002759,Other LSOAs,15.8698539176627,8.56573705179283,-36.2403560539743,-31.1293031092915,0.541,0.541
E01002760,Other LSOAs,9.14318573893042,11.328349626222,-29.3553404054635,-7.03813432806764,0.619,0.619
E01002762,Other LSOAs,10.2564102564103,6.03632478632479,-36.7159918053118,-17.2725854778862,0.471,0.471
E01002763,Other LSOAs,11.2816577129701,7.52110514198005,-43.6636890539561,-30.8840031434842,0.616,0.616
E01002764,Other LSOAs,10.3467253714915,10.126582278481,-34.7171720589412,-18.125977771067,0.539,0.539
E01002765,Other LSOAs,6.43806857942617,7.52274317704689,-35.4849557654671,-10.5151038018499,0.06,0.06
E01002766,Other LSOAs,9.40798531436439,9.27030748049564,-53.884525185477,-33.1619373683965,0.455,0.455
E01002767,Other LSOAs,10.9512761020882,7.23897911832947,-37.4719668681604,-16.7942869147305,0.231,0.231
E01002768,Other LSOAs,13.0272952853598,8.31265508684863,-33.907969271747,-32.8492037749078,0.195,0.195
E01002769,Other LSOAs,12.6077586206897,8.56681034482759,0.507264547553994,5.99903523859793,0.469,0.469
E01002770,Other LSOAs,10.5748373101952,7.53796095444685,-38.6675904754416,-40.5839693581036,0.192,0.192
E01002771,Other LSOAs,9.96119016817594,8.73221216041397,-18.2287221915974,-7.77043024535496,0.394,0.394
E01002772,Other LSOAs,9.01378579003181,7.05196182396607,-45.6872352995127,-49.920706284014,0.234,0.234
E01002773,Other LSOAs,11.6717325227964,7.8419452887538,-30.11934921079,-25.4285855167176,0.235,0.235
E01002774,Other LSOAs,8.92523364485981,9.06542056074766,-29.6486884289431,-28.9198255324787,0.135,0.135
E01002775,Other LSOAs,7.097232079489,7.45209368346345,-6.69758367140486,4.94253370843683,0.043,0.043
E01002776,Other LSOAs,8.93433799784715,10.2260495156082,-45.4010247785696,-5.93148278784109,0.496,0.496
E01002777,Other LSOAs,10.1371496720334,8.28861061419201,-38.4123605205741,-31.6799856054435,0.414,0.414
E01002778,Other LSOAs,7.3749355337803,10.4693140794224,-37.4102560549084,-4.66593682430016,0.134,0.134
E01002779,Other LSOAs,6.56392694063927,9.47488584474886,-58.716946100272,-9.05575590002491,0.466,0.466
E01002780,Other LSOAs,8.95170789163722,7.06713780918728,-48.1411500724042,-19.4833671447585,0.263,0.263
E01002781,Other LSOAs,7.75862068965517,7.8735632183908,-17.3966832956404,-6.58452787771411,0.325,0.325
E01002782,Other LSOAs,7.11793440334962,11.4445219818562,-32.5686357164593,-5.57011909824541,0.411,0.411
E01002783,Other LSOAs,11.2808460634548,9.34195064629847,-11.20011791767,-11.1342896194345,0.773,0.773
E01002784,Other LSOAs,11.2820512820513,10.3133903133903,-12.0318874958417,-21.041745129774,0.581,0.581
E01002785,Other LSOAs,11.6729424421732,9.09090909090909,-34.0202121239473,-23.1223038350825,0.495,0.495
E01002786,Other LSOAs,8.9644513137558,9.94332818134982,-12.4448118115309,0.168113291776869,0.825,0.825
E01002787,Other LSOAs,6.39021074099252,8.90550645819171,-41.7515000382622,-13.6711337169913,0.813,0.813
E01002788,Other LSOAs,10.5378704720088,8.50713501646542,-4.45704284692395,-24.435170539818,0.618,0.618
E01002789,Other LSOAs,14.3398268398268,9.57792207792208,-27.5715605530938,-22.6608525627842,0.271,0.271
E01002790,Other LSOAs,12.7130681818182,10.7954545454545,-41.7150801771085,-13.7232020426191,0.397,0.397
E01002791,Other LSOAs,10.3281334050565,9.89779451317913,-40.8933609364126,-35.0065882684789,0.372,0.372
E01002792,Other LSOAs,10.1135749053542,8.54515954570038,-37.1166943335855,-18.5116944662257,0.645,0.645
E01002793,Other LSOAs,9.48509485094851,8.45528455284553,-54.3238201234472,-40.8284476292637,0.848,0.848
E01002794,Other LSOAs,9.41176470588235,6.81372549019608,-51.0464273753083,-45.882022849863,0.468,0.468
E01002795,Other LSOAs,8.26446280991736,8.52272727272727,-49.5227444356823,-30.5077093638319,0.209,0.209
E01002796,Other LSOAs,11.5419296663661,7.93507664562669,-30.8373645600934,-23.7922831982352,0.466,0.466
E01002797,Other LSOAs,9.53947368421053,7.94956140350877,-66.1993849603209,-49.3981488715133,0.982,0.982
E01002798,Other LSOAs,10.4092976250632,10.1061141990904,-50.3872325310509,-29.3544379175702,1.071,1.071
E01002799,Other LSOAs,9.00523560209424,12.2513089005236,-62.7222095039241,-22.1458961867519,0.919,0.919
E01002800,Other LSOAs,8.15402038505096,8.49377123442809,-57.3552294794584,-21.9812733237319,0.834,0.834
E01002801,Other LSOAs,12.7310061601643,6.43394934976044,-52.3047789702196,-51.3745677862237,0.503,0.503
E01002802,Other LSOAs,10.3187466234468,8.58995137763371,-48.915501296749,-25.475182678625,0.495,0.495
E01002804,Other LSOAs,9.69420949902407,9.62914769030579,-44.6896755202813,-7.14726765095841,0.412,0.412
E01002805,Other LSOAs,7.66550522648084,6.41114982578397,-53.7285193663097,-48.5368719991776,0.477,0.477
E01002806,Other LSOAs,9.96354799513973,9.53827460510328,-46.0266509452936,-35.3449047373319,0.346,0.346
E01002807,Other LSOAs,7.96252927400469,9.4847775175644,-24.2680830719062,-10.1462524764749,0.552,0.552
E01002808,Other LSOAs,9.57613814756672,9.57613814756672,-21.4578175692004,-9.2234152642812,0.692,0.692
E01002809,Other LSOAs,10.188457008245,7.12603062426384,-22.7480314138053,-21.9099717377787,0.285,0.285
E01002810,Other LSOAs,8.80503144654088,6.97541452258433,-55.0176644907415,-39.7634727770929,0.441,0.441
E01002811,Other LSOAs,9.91404011461318,11.5759312320917,-40.3098202531099,-9.45737253891388,0.074,0.074
E01002812,Other LSOAs,10.2529960053262,8.05592543275633,-19.048556805123,-21.6689190197991,0.494,0.494
E01002813,Other LSOAs,16.531713900135,9.58164642375169,-24.5147420397656,-21.6082492116298,0.473,0.473
E01002814,Other LSOAs,11.5695067264574,10.2690582959641,-28.6478507049519,-26.2520565739923,0.496,0.496
E01002815,Other LSOAs,15.3448275862069,6.46551724137931,-14.5256327870164,-45.6611015867378,0.404,0.404
E01002816,Other LSOAs,12.3701605288008,10.1038715769594,-47.1114306136606,-32.202877551803,0.199,0.199
E01002817,Other LSOAs,19.1679049034175,8.6924219910847,-25.8818205236721,-35.600010832355,0.654,0.654
E01002818,Other LSOAs,11.841155234657,6.20938628158845,-31.5207641333661,-57.405607957714,0.239,0.239
E01002819,Other LSOAs,12.282309807516,8.43263061411549,-23.1577510535169,-17.2643443497273,0.481,0.481
E01002821,Other LSOAs,14.0740740740741,7.31481481481481,-28.4358688897146,-35.1324193102324,0.326,0.326
E01002823,Other LSOAs,18.8062142273099,8.66721177432543,-17.0282228304163,-22.6619912259507,0.262,0.262
E01002824,Other LSOAs,16.5444172779136,9.29095354523227,-21.3908738654828,-29.7307987876397,0.439,0.439
E01002825,Other LSOAs,14.6778711484594,12.156862745098,10.7616701748629,9.4571136186723,0.548,0.548
E01002826,Other LSOAs,15.9235668789809,9.87261146496815,-37.3781686500652,-40.022039040454,0.395,0.395
E01002827,Other LSOAs,12.5218404193361,10.2504368083867,-10.0688728226288,-26.4286082914233,0.264,0.264
E01002828,Other LSOAs,17.3949579831933,9.32773109243698,0.657408406595188,-28.5487712204347,0.338,0.338
E01002829,Other LSOAs,16.2239770279971,6.3173007896626,-28.3791827544347,-49.4939664708448,0.405,0.405
E01002830,Other LSOAs,16.0766105629716,6.96459663377829,-40.9743491771278,-48.0602226075588,0.363,0.363
E01002831,Other LSOAs,13.5386403253922,8.01859384079024,-44.9933999027183,-50.3776500156633,0.254,0.254
E01002832,Other LSOAs,13.9705882352941,8.08823529411765,-48.1742386150016,-42.2316584352416,0.682,0.682
E01002833,Other LSOAs,12.8205128205128,8.35401157981803,-42.0383060547429,-35.1017965926683,0.437,0.437
E01002834,Other LSOAs,11.8357487922705,9.09822866344605,-30.0456317862135,-43.0719178131824,0.369,0.369
E01002835,Other LSOAs,9.73011363636364,8.16761363636364,-44.6126309502757,-56.7876721459031,0.178,0.178
E01002836,Other LSOAs,11.6119174942704,8.55614973262032,-31.2423565077599,-47.8060860614482,0.308,0.308
E01002837,Other LSOAs,13.8623326959847,8.31739961759082,-15.8121113014595,-34.0764358761363,0.483,0.483
E01002839,Other LSOAs,9.67532467532468,5.45454545454545,-30.0613818474835,-58.9048544866553,0.386,0.386
E01002840,Other LSOAs,23.5181644359465,8.89101338432123,-16.4774286040358,-32.5223645535953,0.819,0.819
E01002841,Other LSOAs,14.5559210526316,7.8125,-37.8913087565298,-38.947725593519,0.464,0.464
E01002842,Other LSOAs,18.595450049456,8.90207715133531,-25.6283121151598,-28.0453461313583,0.707,0.707
E01002843,Other LSOAs,18.6100386100386,9.57528957528958,-42.2118016670763,-29.9963916527187,0.545,0.545
E01002844,Other LSOAs,21.0617928633594,7.13664055700609,-8.44038948748786,-31.6053947354008,1.088,1.088
E01002845,Other LSOAs,16.6240409207161,6.90537084398977,-23.9744453038604,-49.2533543385493,1.113,1.113
E01002846,Other LSOAs,9.62732919254658,4.96894409937888,-28.6527992125842,-47.1317101532612,0.212,0.212
E01002847,Other LSOAs,9.04522613065327,5.88657573582197,-42.4475644312129,-66.2209692514645,0.017,0.017
E01002848,Other LSOAs,10.7913669064748,6.79456434852118,-11.2386450966446,-34.9521406273057,0.426,0.426
E01002849,Other LSOAs,11.6233766233766,9.74025974025974,-40.2261059492885,-46.5904907992172,0.166,0.166
E01002850,Other LSOAs,8.03127221037669,5.4726368159204,-43.2085602310713,-56.7863410319064,0.232,0.232
E01002851,Other LSOAs,19.0582959641256,4.85799701046338,-1.30097367135969,-57.5825940268661,0.32,0.32
E01002852,High older mismatch,9.44419340262088,8.90194306371442,19.8718122462032,10.2011366384091,0.457,0.457
E01002853,Other LSOAs,11.3365990202939,6.85794261721484,-45.6422079084146,-38.8267129663348,0.594,0.594
E01002854,Other LSOAs,14.41523118767,10.3354487760653,-40.6967421908376,-30.8626541731572,0.329,0.329
E01002855,Other LSOAs,15.819209039548,7.72128060263654,-38.6612095079314,-31.9258085549268,0.424,0.424
E01002856,Other LSOAs,11.8016759776536,6.42458100558659,-47.7478547225065,-48.7646201579109,0.268,0.268
E01002857,Other LSOAs,11.1837327523602,8.71459694989107,-65.460319849386,-44.92612118211,0.583,0.583
E01002858,Other LSOAs,16.7044595616024,5.66893424036281,-31.9618260061266,-57.2382137671921,0.551,0.551
E01002859,Other LSOAs,14.64,8,-27.5109178307874,-43.1164697710066,0.197,0.197
E01002860,Other LSOAs,15.2972027972028,9.26573426573426,-8.82604699985559,-25.9094298399233,0.609,0.609
E01002861,Other LSOAs,14.6263910969793,6.8362480127186,-31.6906148220509,-38.3423159430755,0.537,0.537
E01002862,Other LSOAs,19.5054945054945,3.93772893772894,-22.3344210515782,-55.2059408432784,0.48,0.48
E01002863,Other LSOAs,17.8155774395703,8.41539838854074,-16.3221534326298,-45.0653924829435,0.465,0.465
E01002864,Other LSOAs,14.9324324324324,9.66216216216216,-9.90021900304131,-4.95337149005961,0.6,0.6
E01002865,Other LSOAs,11.8093922651934,8.97790055248619,-46.498937781918,-38.8946102611051,0.312,0.312
E01002866,Other LSOAs,9.89071038251366,6.77595628415301,3.2501002868947,-20.9992696884317,0.465,0.465
E01002867,Other LSOAs,12.8434886499403,8.00477897252091,-38.7789504085372,-47.1142163818276,0.16,0.16
E01002868,Other LSOAs,16.9128508124077,8.71491875923191,-14.1088432860128,0.697148375611661,0.37,0.37
E01002869,Other LSOAs,11.4942528735632,8.33333333333333,-16.3607989559266,-28.6013267303699,0.292,0.292
E01002870,Other LSOAs,14.8682559598494,7.77917189460477,-2.22409294961734,-13.1211954912218,0.321,0.321
E01002871,Other LSOAs,14.0326975476839,9.87738419618529,-47.4658990494108,-27.8908277032397,0.246,0.246
E01002872,Other LSOAs,22.1232368225687,8.53749072011878,-3.63531268394604,-22.2915490104253,0.521,0.521
E01002873,Other LSOAs,15.8590308370044,7.04845814977974,-23.1674567841259,-31.9052737756341,0.347,0.347
E01002874,Other LSOAs,11.1894273127753,8.01762114537445,-25.3105193803569,-39.307152591261,0.37,0.37
E01002875,Other LSOAs,17.5396825396825,7.3015873015873,-3.6573874349938,-27.3383031557315,0.415,0.415
E01002876,Other LSOAs,19.3883123975969,8.73839432004369,-22.0037472986525,-15.0614235264998,0.608,0.608
E01002877,Other LSOAs,9.09922267946959,9.28212162780064,-15.7665527716283,1.30912658107387,0.254,0.254
E01002878,Other LSOAs,14.3153526970954,8.02213001383126,-22.8184191727195,-27.551286783089,0.319,0.319
E01002879,Other LSOAs,13.5662898252826,9.2497430626927,-14.6192184790438,-17.456893664742,0.318,0.318
E01002880,Other LSOAs,12.0524017467249,8.99563318777293,2.40236820576504,-0.849492470955013,0.084,0.084
E01002881,Other LSOAs,11.7474302496329,10.2790014684288,-9.52994213037724,-6.82019153162565,0.27,0.27
E01002882,Other LSOAs,18.1644359464627,9.84703632887189,3.41323359343185,-16.5416096455385,0.52,0.52
E01002883,Other LSOAs,16.4067796610169,8.67796610169492,-18.5371034975851,-41.057232681899,0.284,0.284
E01002884,Other LSOAs,14.3682310469314,4.76534296028881,-25.6429242842501,-65.5111671422815,0.192,0.192
E01002885,Other LSOAs,9.63581183611533,7.5113808801214,-14.8797371669178,-47.0973155933595,0.236,0.236
E01002886,Other LSOAs,16.4393939393939,7.8030303030303,-34.0297564768465,-48.5388695087374,0.479,0.479
E01002887,Other LSOAs,10.738255033557,6.2320230105465,-30.7082494070827,-61.801621216726,0.259,0.259
E01002888,Other LSOAs,8.57325655790147,5.95009596928983,-18.6556054611624,-35.2632651303093,0.35,0.35
E01002889,Other LSOAs,8.7708066581306,6.14596670934699,-49.0134119108996,-52.3610872649568,0.154,0.154
E01002890,Other LSOAs,18.3118741058655,11.2303290414878,-15.5119878304814,-32.6566852046744,0.403,0.403
E01002891,Other LSOAs,13.1756756756757,7.43243243243243,3.57045827694341,-28.1073137639292,0.622,0.622
E01002892,Other LSOAs,11.523588553751,9.04872389791183,-15.6459282749022,-46.0865829584537,0.373,0.373
E01002893,Other LSOAs,12.9441624365482,6.97969543147208,-35.998769557857,-25.6679613998288,0.358,0.358
E01002894,Other LSOAs,8.8078967350038,6.30220197418375,-59.0693315582001,-47.2952484852926,0.329,0.329
E01002896,Other LSOAs,9.77301387137453,9.07944514501892,-42.3563773765143,-36.0894627994058,0.637,0.637
E01002897,Other LSOAs,10.5087014725569,6.02409638554217,-28.2944257071471,-32.3461019253516,0.594,0.594
E01002898,Other LSOAs,11.4508393285372,10.1918465227818,-34.9756074294712,-36.6191034049638,0.559,0.559
E01002899,Other LSOAs,20,7.63052208835341,-38.7733280992243,-54.7651878155211,0.944,0.944
E01002900,Other LSOAs,26.5402843601896,4.91706161137441,6.33077650906494,-52.4269234345743,0.968,0.968
E01002901,High older mismatch,44.9136276391555,4.89443378119002,67.4157104661006,-17.6966439976856,0.601,0.601
E01002902,Other LSOAs,20.8809135399674,7.66721044045677,-19.0304097333567,-46.7570610799614,0.24,0.24
E01002903,Other LSOAs,17.9968701095462,9.54616588419405,-25.8625448934856,-28.032827273445,0.753,0.753
E01002904,High care mismatch,11.5740740740741,9.9537037037037,-16.656707176543,21.5854938799605,0.699,0.699
E01002905,Other LSOAs,12.910938433951,7.23251643753736,-25.9525629127575,-16.9173456155556,0.637,0.637
E01002906,Other LSOAs,16.3719338277239,8.84198516828294,-28.5049026733115,-13.1594970314072,0.804,0.804
E01002907,High care mismatch,12.5097125097125,13.1313131313131,-13.5170772021308,39.5172799687983,0.83,0.83
E01002908,Other LSOAs,14.8493543758967,9.97130559540889,-33.8620194196853,-4.3806367177501,0.985,0.985
E01002909,Other LSOAs,12.400561534862,6.22367805334581,-26.2810208114764,-34.3651228790522,0.33,0.33
E01002910,Other LSOAs,18.7591240875912,6.13138686131387,-1.68977619691968,-27.8286665540781,0.644,0.644
E01002911,Other LSOAs,15.7198443579767,9.10505836575875,-27.4963604374075,-41.5662023137743,1.06,1.06
E01002912,Other LSOAs,17.7027027027027,6.48648648648649,-19.8996394501585,-55.755346505572,0.984,0.984
E01002913,Other LSOAs,10.8967082860386,9.13734392735528,-50.7521708526273,-27.0853576367941,0.745,0.745
E01002914,Other LSOAs,19.2468619246862,7.86610878661088,-28.6556843367645,-40.7463919674807,0.623,0.623
E01002915,Other LSOAs,22.3021582733813,9.7841726618705,5.90110096375072,3.36481767133684,4.864,5.716
E01002916,Other LSOAs,19.5138419986496,11.1411208642809,-3.29701661034738,-0.801770058144783,5.628,6.465
E01002917,High older mismatch,21.5384615384615,11.4685314685315,26.2976081741024,-0.483632852744933,5.05,5.902
E01002918,High older + care mismatch,11.1853088480801,12.0756816917084,21.1468352201454,45.1447106571017,4.431,5.46
E01002919,High older + care mismatch,11.9095477386935,10.7537688442211,23.5005300221806,37.6320247532722,4.867,6.081
E01002920,High care mismatch,18.5185185185185,13.1826741996234,4.53655187641285,22.9697336858493,4.781,5.585
E01002921,Other LSOAs,10.3647944412276,9.26462072958888,0.530135353501851,4.28955243275408,6.018,6.738
E01002922,High older mismatch,20.2192448233861,11.2667478684531,23.9050301287766,12.2010436598117,5.637,6.381
E01002923,Other LSOAs,16.9359664871335,7.83961699581089,-1.16763911397906,-0.0956187132376236,6.06,6.814
E01002924,High older + care mismatch,21.5533980582524,12.168284789644,15.0945853338258,16.6463751601974,5.414,6.202
E01002925,Other LSOAs,10.0636942675159,10,-14.7811935226325,-11.5062697077037,6.089,6.877
E01002926,High older + care mismatch,14.4638403990025,13.9650872817955,19.6183898309671,33.7736263351469,4.865,5.602
E01002927,High older mismatch,17.5490779298037,11.8381915526472,22.7471777298276,8.15326178389883,3.966,4.695
E01002928,High older mismatch,15.7731958762887,11.340206185567,13.3644505561402,-5.11298848395823,3.572,4.331
E01002929,High older + care mismatch,19.0223792697291,12.2497055359246,16.6769415176702,27.6265289456882,2.637,3.295
E01002930,Other LSOAs,12.4491869918699,11.6869918699187,-4.56863376071861,-5.10548722227756,3.297,4.019
E01002931,Other LSOAs,13.2571996027805,13.7040714995035,-20.4021973163183,-0.740914300887553,2.659,3.437
E01002932,Other LSOAs,8.99755501222494,11.5892420537897,5.81821588822982,10.2789468808822,4.338,5.011
E01002933,Other LSOAs,11.4496314496314,13.9066339066339,-13.4545351803818,-6.60244315402791,5.233,5.233
E01002934,High care mismatch,10.6898367561875,15.7451290152712,7.60260035321088,25.74456745395,4.796,4.796
E01002935,Other LSOAs,9.51629863301788,12.5657202944269,-33.8967593826237,-19.5731642936096,5.135,5.403
E01002937,Other LSOAs,9.04109589041096,16.2191780821918,-27.951485223976,10.8095906287765,5.397,5.397
E01002938,High older + care mismatch,13.4,15.25,13.0080637114164,22.8034014089694,4.849,4.849
E01002939,High care mismatch,11.9611414693382,11.9611414693382,-22.4140165349291,19.2688080677408,6.42,8.113
E01002940,Other LSOAs,16.7961745367603,11.0579796772265,8.41789521709753,9.26941492303923,7.031,8.789
E01002941,High older + care mismatch,18.6440677966102,10.8958837772397,37.2352804505558,35.0703198065214,7.43,8.839
E01002942,Other LSOAs,18.9421015010722,11.3652609006433,-17.5663900007038,3.9719437232914,6.754,8.471
E01002943,High older mismatch,15.2335815842925,11.1035883547732,18.7558681281229,14.347290014382,7.642,9.266
E01002944,High older + care mismatch,13.6534133533383,12.9032258064516,25.0790130469286,22.0136413447434,6.008,7.824
E01002945,High older + care mismatch,14.3674507310871,12.4602670057216,15.8327495543034,23.2200812268821,6.129,8.155
E01002946,High older + care mismatch,17.7718832891247,11.0079575596817,33.4438546797523,16.5956500096766,6.004,8.228
E01002947,High older mismatch,15.9077109896782,12.629022465088,14.8107230975437,14.9830377670921,6.687,8.7
E01002948,High older + care mismatch,14.4083107497742,11.2917795844625,26.4758684454411,22.5328355977442,8.039,10.582
E01002949,Other LSOAs,15.0892374256355,11.9524067063277,0.720724057174888,-30.7451803768967,7.237,9.211
E01002950,High older + care mismatch,16.7777104784979,11.3870381586917,34.7323880775376,34.4780456945126,6.806,9.104
E01002951,High older mismatch,16.1892071952032,14.1905396402398,15.6154785700323,12.9558183273037,4.942,5.08
E01002952,High older mismatch,24.1923905240488,8.82986360373295,40.7406289477215,9.98350871404439,3.861,4.126
E01002953,High older + care mismatch,23.4058514628657,8.92723180795199,34.7046496351304,16.5253768833989,3.037,3.3
E01002954,Other LSOAs,18.7454412837345,12.545587162655,0.155124410215961,7.42216002996819,4.665,5.088
E01002955,High older mismatch,17.0877659574468,9.70744680851064,16.6464830416211,6.42795466455375,3.708,3.708
E01002956,High older mismatch,22.7893601725377,8.19554277498203,40.8006983568324,2.39523434199412,4.115,4.128
E01002957,Other LSOAs,9.24528301886792,11.8238993710692,6.72250131828522,12.4445260642665,4.517,4.799
E01002958,High care mismatch,12.7011494252874,13.9655172413793,5.91903602235714,16.3076192900972,3.735,4.379
E01002959,High older + care mismatch,21.8547807332854,12.7965492451474,29.5926902485616,24.0409288946651,3.701,4.147
E01002960,High care mismatch,16.3624921334172,11.8942731277533,-0.434587107922923,16.0861793297472,4.398,4.902
E01002961,Other LSOAs,17.0176437108708,12.6920887877063,5.46358672286074,-3.37529385956199,3.476,4.019
E01002962,High care mismatch,14.6401985111663,11.4764267990074,4.03380129976985,21.4075626221721,3.943,4.516
E01002963,High older + care mismatch,12.7913279132791,13.2791327913279,16.8770172599662,16.2864398931682,3.272,3.923
E01002964,Other LSOAs,10.2227525855211,8.8703261734288,-3.34368761222688,-0.219561056284832,5.698,6.247
E01002965,Other LSOAs,11.8300913060738,9.36879714172291,-18.0848133115636,-1.85379816373926,6.411,6.774
E01002966,High care mismatch,8.16120906801008,11.8891687657431,-2.35607576636,28.0416837619381,5.39,6.02
E01002967,High older mismatch,14.0010770059235,9.74690360796984,11.3500775325757,-0.0972544099768342,6.606,7.254
E01002968,Other LSOAs,8.83465108284634,7.2533516672396,-38.2957587160107,-32.4180110994627,6.086,6.086
E01002969,High care mismatch,7.88359788359789,13.8095238095238,-3.82672169626768,34.7169445267703,5.167,5.701
E01002970,High care mismatch,9.55273329652126,11.7062396466041,5.1215125138163,20.7136596626315,4.762,5.327
E01002971,Other LSOAs,9.22222222222222,12.9444444444444,-18.0050490883812,3.12146104730542,5.505,6.04
E01002972,Other LSOAs,9.88796882610813,11.4953726254262,-15.3897314462477,-5.14706771269897,5.374,5.865
E01002973,Other LSOAs,9.5448798988622,11.7572692793932,0.43916578591956,0.452598489462531,4.442,5.063
E01002974,Other LSOAs,12.4939231891104,11.2785610111813,-19.7776625819487,-8.40397212227365,4.921,5.414
E01002975,High older + care mismatch,18.3344526527871,10.3425117528543,27.4876223017033,15.8269484544618,4.294,5.161
E01002976,High care mismatch,17.464953271028,12.9672897196262,10.4496972697394,25.3390788102399,3.037,3.641
E01002977,High older + care mismatch,15.2263374485597,11.2874779541446,14.0447131313513,25.1806720798298,4.058,4.771
E01002978,Other LSOAs,21.6899892357374,10.5489773950484,-27.8399344240206,-6.15112802529724,3.567,4.438
E01002979,High older mismatch,20.5631958087754,10.150622134905,25.2762748513665,-1.28977398403494,4.161,5.029
E01002980,High older mismatch,21.4946619217082,8.89679715302491,29.860722917084,12.436500696669,3.809,4.631
E01002981,High older mismatch,18.601747815231,8.48938826466916,33.2226590126193,12.6166866822927,3.928,4.788
E01002982,High older mismatch,26.043068640646,9.21938088829071,21.8322468626221,-14.5300880672049,3.297,4.195
E01002983,High older + care mismatch,20.8508088675854,11.264230077891,35.1585382465066,17.6765184137828,3.025,3.789
E01002984,Other LSOAs,20.9643605870021,10.6918238993711,-9.95719266025587,-21.454275425535,3.349,4.19
E01002985,Other LSOAs,12.7758420441347,12.6596980255517,-44.5781766219867,-5.30175021751212,2.908,3.767
E01002986,High older + care mismatch,22.1735959153902,10.0656455142232,35.3963037841082,18.1523788473459,4.176,4.98
E01002987,Other LSOAs,11.5100316789863,7.4973600844773,-33.4692290466862,-38.7325806339629,6.484,7.197
E01002988,Other LSOAs,8.27873734365694,8.81477069684336,-32.967341410556,-11.410975601921,7.174,7.875
E01002989,Other LSOAs,8.89473684210526,10.7368421052632,-40.5973564645974,-20.7777132853369,6.892,7.58
E01002990,Other LSOAs,11.4101813926273,8.95260386190755,-15.1479739066915,-25.2907529626521,6.281,6.943
E01002991,Other LSOAs,11.5236875800256,10.8834827144686,0.867082509136164,7.83611734522238,5.945,6.608
E01002992,High older mismatch,8.10465858328015,7.14741544352266,14.8854434562002,6.04820914828321,5.372,6.056
E01002993,Other LSOAs,11.0336081166772,10.4629042485732,-17.3004030900889,0.159620446998346,6.996,7.739
E01002994,High older + care mismatch,22.3474801061008,12.2679045092838,32.1729187378921,18.8129112767194,7.032,7.846
E01002995,High older mismatch,21.875,10.0625,15.3047251746366,10.3422413097547,6.834,7.609
E01002996,Other LSOAs,12.1192482177576,13.5450421257291,-4.74104662139442,-8.51024960212906,6.25,7.09
E01002997,Other LSOAs,12.5410374261326,12.7380170715693,-4.50705794376103,-3.70926941605321,6.471,7.289
E01002998,Other LSOAs,9.98759305210918,15.818858560794,-2.07215483609913,-2.83098169683164,6.25,7.156
E01002999,Other LSOAs,6.51890482398957,12.1251629726206,-39.1866413905171,-7.42793820589055,6.42,7.174
E01003000,High older + care mismatch,12.9204484783769,12.0128136679124,23.0939355107662,26.2968012042667,5.465,6.973
E01003001,High care mismatch,14.9113660062565,10.3232533889468,-1.04547459024565,19.6773861330848,5.624,6.853
E01003002,Other LSOAs,14.0387637506548,13.3577789418544,-0.78892489982097,14.955630601219,6.951,8.04
E01003003,Other LSOAs,12.5144843568946,12.0509849362688,-5.14256973376903,0.465386336353859,6.001,6.965
E01003004,Other LSOAs,14.320536258379,11.8220597196831,5.25324198262216,12.3093664319071,6.416,7.709
E01003005,High care mismatch,16.147859922179,12.3216601815824,-1.31774361729835,28.2245990055069,6.467,7.95
E01003006,High care mismatch,19.1475409836066,12.3934426229508,2.03178329913241,18.9278888824472,3.875,3.875
E01003007,High care mismatch,16.0098522167488,15.0246305418719,2.833856846392,31.397778699403,3.814,3.814
E01003008,High older + care mismatch,15.8367911479945,15.076071922545,16.7310433236649,26.7772558742604,4.229,4.229
E01003009,High older + care mismatch,13.7445361826129,14.52161243322,19.4501792732712,26.4267034810364,4.341,4.341
E01003010,High older mismatch,15.6358582348853,13.4815844336345,20.3346097570459,5.14720596950437,4.452,4.452
E01003011,Other LSOAs,18.1334908446545,13.0537507383343,6.86331070609639,12.4530183972892,4.86,4.86
E01003013,Other LSOAs,4.0082219938335,2.6207605344296,-49.5886733886702,-73.7817019425106,0.33,0.33
E01003014,Other LSOAs,15.0166112956811,8.30564784053156,-36.9244849227235,-43.9861820691328,0.155,0.155
E01003015,Other LSOAs,10.110400929692,7.26321905868681,-47.1001321206687,-42.6041197626953,0.491,0.491
E01003016,Other LSOAs,9.56738768718802,3.74376039933444,-32.9391996210361,-42.884643471085,0.368,0.368
E01003017,Other LSOAs,14.6446078431373,5.94362745098039,-29.5448119808214,-51.4281793110553,0.249,0.249
E01003018,Other LSOAs,6.58741951461119,5.00247647350173,-31.3107692726194,-28.4152275895564,0.948,0.948
E01003019,Other LSOAs,7.02702702702703,5.65110565110565,-10.1930490224379,-23.0349837277824,0.947,0.947
E01003020,Other LSOAs,6.69961559582647,8.40197693574959,-13.7261321757752,-19.3815799713943,0.59,0.59
E01003021,Other LSOAs,10.4137610413761,5.57880055788006,3.16071246891938,-20.4041693482177,1.291,1.291
E01003022,Other LSOAs,8.08641975308642,7.59259259259259,-10.8648148614331,-20.5045146027549,1.26,1.26
E01003023,Other LSOAs,4.978772674643,8.33654959475106,-60.8942081896981,-41.4202238534235,1.588,1.588
E01003024,Other LSOAs,5.32608695652174,10.8695652173913,-46.1565670117287,1.8491992940345,1.418,1.418
E01003025,Other LSOAs,7.47800586510264,9.92179863147605,-54.5529715052716,-13.7190652104255,1.345,1.543
E01003026,Other LSOAs,6.99533644237175,5.52964690206529,-11.1738437313092,-22.2664278739256,0.499,0.499
E01003027,Other LSOAs,10.6886657101865,10.1147776183644,-3.44937694127411,-9.46965003970455,0.683,0.683
E01003028,Other LSOAs,7.47978436657682,10.5795148247978,-22.0014056742065,-14.1313523173013,0.741,0.741
E01003029,Other LSOAs,8.09628008752735,6.50984682713348,-21.2618047088651,-29.7558764304525,0.736,0.736
E01003030,Other LSOAs,6.03948896631824,6.15563298490128,-3.30929962908566,-33.6060732818908,0.22,0.22
E01003031,Other LSOAs,5.4002541296061,8.44980940279543,-12.6266049134715,-26.4578132187388,0.455,0.455
E01003032,Other LSOAs,11.3887274840209,6.85647879140035,-27.4775631166341,-28.9061855844958,0.23,0.23
E01003033,Other LSOAs,8.96168108776267,9.39431396786156,4.93306910539809,-17.8783064542079,0.595,0.595
E01003034,Other LSOAs,7.98293723339427,9.14076782449726,-30.8716008371617,-9.23087579883835,0.134,0.134
E01003035,Other LSOAs,6.93127962085308,5.39099526066351,-51.0114794263071,-51.2470368435344,0.125,0.125
E01003036,Other LSOAs,7.27272727272727,6.13636363636364,-52.7155980096222,-36.6991168029237,0.375,0.375
E01003037,Other LSOAs,9.8679638637943,8.408617095205,-18.6091006868582,0.0160005138819557,0.652,0.652
E01003038,Other LSOAs,12.2796709753232,6.63924794359577,-19.3701070644644,-17.7075391839627,0.664,0.664
E01003039,Other LSOAs,8.12928501469148,7.24779627815867,-49.2642000243435,-41.7826949041362,0.314,0.314
E01003040,Other LSOAs,9.95184590690209,7.46388443017657,-13.9798135539873,-10.4732679310737,0.607,0.607
E01003041,Other LSOAs,10.1906640368179,8.34976988823143,-51.2460340417479,-48.2384740887403,0.131,0.131
E01003042,Other LSOAs,8.11541929666366,6.94319206492336,-16.2315868313763,-15.536215628303,0.779,0.779
E01003043,Other LSOAs,10.1359703337454,7.41656365883807,-0.847494420873886,-2.27136235603266,0.565,0.565
E01003044,High care mismatch,6.59574468085106,11.4893617021277,4.4471134570652,21.91881379311,0.711,0.711
E01003045,Other LSOAs,9.10005027652086,8.34590246354952,-13.7918159244486,1.36458683102082,0.643,0.806
E01003046,Other LSOAs,5.59190957763236,10.5889351576443,-33.0327544213367,2.75970192976581,0.377,0.997
E01003047,Other LSOAs,6.9910514541387,6.9910514541387,-26.5488993774429,-17.1515678604515,0.257,0.257
E01003048,Other LSOAs,6.01150026136958,12.1275483533717,-59.5085173733785,6.31403419079781,0.156,0.811
E01003049,Other LSOAs,6.67798528579513,9.11148839841539,-23.9070480398937,-1.6519392177584,0.447,0.565
E01003050,Other LSOAs,7.38636363636364,5.3030303030303,-8.81269092597052,-10.5592673074479,0.41,0.41
E01003051,Other LSOAs,4.29389312977099,6.01145038167939,-50.0977904942575,-22.2560449497891,0.327,0.723
E01003052,Other LSOAs,7.23595505617978,6.60674157303371,-14.9177732546695,-22.8550376562451,0.438,0.438
E01003053,Other LSOAs,6.39187574671446,4.0621266427718,-37.9018530440858,-44.183328306402,0.452,0.452
E01003054,Other LSOAs,3.9671682626539,3.41997264021888,-58.4166731820299,-59.6749000111818,0.258,0.258
E01003055,Other LSOAs,10.2372034956305,4.93133583021224,-18.7822928306768,-20.5660966280838,0.267,0.267
E01003056,Other LSOAs,5.62060889929742,4.44964871194379,-57.1880276257454,-37.6322498807421,0.456,0.456
E01003057,Other LSOAs,7.09677419354839,7.56598240469208,-75.1614127643484,-38.4390689328769,0.432,0.432
E01003058,Other LSOAs,6.26579080343608,5.00252652854977,-28.1762122565811,-36.6450130863095,0.639,0.639
E01003059,Other LSOAs,7.46606334841629,7.19457013574661,-23.092044116187,-20.1692736614222,0.657,0.657
E01003060,Other LSOAs,8.24499411071849,8.59835100117786,-32.845575072712,-16.8951162452576,0.588,0.588
E01003061,Other LSOAs,10.6094808126411,5.11662904439428,-23.7158545850314,-37.9517241526041,0.362,0.362
E01003062,Other LSOAs,7.40740740740741,9.80392156862745,-37.7039187724352,-21.9181349802549,0.897,0.897
E01003063,Other LSOAs,8.51063829787234,9.53778429933969,-6.5852749943749,11.8758329401605,1.172,1.172
E01003064,High care mismatch,9.28327645051194,13.9249146757679,-16.655559184349,21.6355395884353,1.06,2.223
E01003065,High care mismatch,9.40119760479042,13.5329341317365,-9.66623019297003,32.4453197041712,1.338,2.033
E01003066,High care mismatch,8.05511393746688,12.0826709062003,-3.38738966398216,18.4258704970113,1.158,2.272
E01003067,High care mismatch,9.90353697749196,14.0192926045016,-39.346417052605,16.0849856207149,1.551,1.804
E01003068,High care mismatch,9.09669211195929,13.295165394402,-13.7133353270691,22.9170773655062,1.651,1.834
E01003069,High care mismatch,9.57602339181287,13.5233918128655,-19.5551601830813,24.362237787852,1.604,1.604
E01003070,High care mismatch,12.0801033591731,10.4005167958656,-9.48191020492308,15.2251095027571,1.211,1.211
E01003071,Other LSOAs,6.74978503869304,8.8134135855546,-32.2776908436186,-8.14440502817305,0.308,0.308
E01003072,Other LSOAs,15.0259067357513,9.61427748992516,-9.25837532009247,2.62916261204666,0.561,0.561
E01003073,Other LSOAs,9.49406620861961,9.80637101811368,-25.3151621945146,-1.82599449657515,0.515,0.946
E01003074,Other LSOAs,7.79661016949153,8.26271186440678,-16.9183108590305,-3.89948905772086,0.368,0.368
E01003075,Other LSOAs,7.35551663747811,10.6830122591944,-43.1376287713935,6.69443375673293,0.476,0.79
E01003076,Other LSOAs,3.88744909292855,6.99740836727138,-30.4677796923811,-12.8372795929012,0.387,0.387
E01003077,Other LSOAs,5.58539205155747,7.19656283566058,-56.8215177568351,-24.5277020707421,0.153,0.765
E01003078,High older + care mismatch,12.7228027043639,10.940381069453,19.5124043518166,24.2010681561279,0.669,0.734
E01003079,High care mismatch,7.18954248366013,11.8241235888295,-6.76760067852313,22.7685595464239,0.617,1.766
E01003080,High care mismatch,8.03571428571429,12.6785714285714,-4.09254492611782,17.4362857509022,0.84,1.584
E01003081,Other LSOAs,6.49141630901288,11.3733905579399,-10.9773696744462,2.74650418061943,1.125,2.044
E01003082,Other LSOAs,15.3454545454545,11.5636363636364,-6.44037252129807,9.04016596351385,1.516,1.889
E01003083,High older mismatch,13.7573004542505,10.7073329007138,21.7632118644686,6.90130074651486,1.139,1.391
E01003084,Other LSOAs,10.2257636122178,11.5537848605578,0.194490148933276,5.50990769370572,1.145,1.76
E01003085,High older + care mismatch,14.80244852532,11.9087367835281,16.3212439848804,20.9338916235586,1.423,1.423
E01003086,Other LSOAs,7.95381654906992,11.0327132777421,-17.0644555715983,-0.779608003219352,1.681,2.085
E01003087,Other LSOAs,8.83607556368068,12.9189518586228,-15.6536770458019,12.0962704796717,1.504,1.504
E01003088,Other LSOAs,5.6710775047259,8.82167611846251,-22.7070156298716,4.25234808664442,0.259,0.259
E01003089,Other LSOAs,4.90956072351421,8.9405684754522,-59.1073692850134,-3.9529002886943,0.506,0.506
E01003090,Other LSOAs,5.66750629722922,4.4080604534005,-41.3432380873882,-36.3831012069835,0.25,0.25
E01003091,Other LSOAs,5.78271028037383,8.11915887850467,-27.7581695377971,1.79339517843307,0.11,0.11
E01003092,Other LSOAs,5.53191489361702,9.06382978723404,-59.0975582034448,-12.8704773347289,0.535,0.535
E01003093,Other LSOAs,8.6634740966478,11.2755768393557,-56.9196735678028,-19.3630223706588,0.228,0.228
E01003094,Other LSOAs,10.1078167115903,5.5256064690027,-40.2131811058812,-54.3277334816505,0.418,0.418
E01003095,Other LSOAs,7.30816077953715,6.82095006090134,-20.8598546873689,-5.38143337065101,0.246,0.246
E01003096,Other LSOAs,6.44391408114559,3.3890214797136,-32.6645050762216,-50.5194046627019,0.598,0.598
E01003097,Other LSOAs,14.2490372272144,7.76636713735558,-40.6335278319894,-42.0108208884949,0.25,0.25
E01003098,Other LSOAs,10.5937921727395,8.23211875843455,-21.3279292737964,-3.07658064741489,0.395,0.395
E01003099,Other LSOAs,9.00529723366686,8.47557386698058,-36.3346318537998,-1.69944215830601,0.259,0.259
E01003100,Other LSOAs,3.47567030784508,4.02184707050646,-41.3630559340913,-25.8904527362149,0.179,0.179
E01003101,Other LSOAs,6.69923237962317,8.86252616887648,-38.5621612128472,-27.6283571856224,0.468,0.468
E01003102,Other LSOAs,12.0446533490012,4.34782608695652,-38.8822051919946,-40.206598834186,0.258,0.258
E01003104,Other LSOAs,9.17484131563762,8.02077322562031,-37.0155968291038,-27.9756384682243,0.483,0.483
E01003105,Other LSOAs,12.8805620608899,8.48946135831382,-30.2648552226866,-28.6942311089092,0.671,0.671
E01003106,Other LSOAs,9.78464419475655,9.59737827715356,-38.3054710059472,-13.818900448829,0.217,0.217
E01003107,Other LSOAs,9.34629929767693,5.88870880605078,-50.2021350742055,-44.1407098294997,0.315,0.315
E01003108,Other LSOAs,11.6966580976864,10.2827763496144,-30.0974107706794,-11.5204876890422,0.18,0.18
E01003110,Other LSOAs,12.8717698683569,6.53339834227206,-17.9568359585985,-26.0106320328319,0.543,0.543
E01003111,Other LSOAs,11.0606060606061,10.3535353535354,-19.9971536593279,-4.39333557439887,0.65,0.65
E01003112,Other LSOAs,8.51419031719533,10.2949360044519,-32.645331986914,-17.1786329698222,0.775,0.775
E01003113,Other LSOAs,8.58416945373467,8.8628762541806,3.74567723075002,4.5793140276344,0.365,0.365
E01003114,Other LSOAs,5.28052805280528,9.36468646864686,-18.5318205979711,5.70953805061021,0.521,0.521
E01003115,Other LSOAs,7.78739184177998,10.9394313967862,-28.4899459232695,-4.18863563206264,0.569,0.569
E01003116,High older mismatch,13.6618141097424,9.68645016797312,16.2085049194851,10.2047328294776,1.288,1.288
E01003117,Other LSOAs,9.13513513513514,8.91891891891892,-6.48758254709226,-13.0175676821307,1.163,1.163
E01003118,Other LSOAs,10.6337271750806,12.6745435016112,-19.7922472862988,-0.377523525122321,0.612,0.612
E01003119,Other LSOAs,9.49152542372881,10.2179176755448,-13.2438448315365,-14.7899561004324,0.367,0.367
E01003120,Other LSOAs,6.00911728139246,9.03439701616245,-32.0382786178701,-8.47540100222319,0.336,0.336
E01003121,Other LSOAs,8.40764331210191,11.656050955414,-41.4597545780871,-1.99166746160057,0.359,0.359
E01003122,Other LSOAs,6.87664041994751,6.87664041994751,-28.4859415966196,-0.902027389338876,0.398,0.398
E01003123,Other LSOAs,10.0877192982456,6.76691729323308,-42.6267156306935,-29.8860872733678,0.408,0.408
E01003124,Other LSOAs,10.4212860310421,7.83444198078344,-50.4903427191233,-32.5417017394802,0.345,0.345
E01003125,Other LSOAs,8.19304152637486,9.87654320987654,-33.2609012204661,-13.2928577963116,0.629,0.629
E01003126,Other LSOAs,6.66666666666667,7.20720720720721,-64.813640191495,-40.1347642883919,0.149,0.149
E01003127,Other LSOAs,8.36920133907221,7.46054519368723,-32.7661252393327,-19.2442156808702,0.276,0.276
E01003128,Other LSOAs,7.36457699330493,9.31223371880706,-64.4037586480097,-33.4604350102552,0.245,0.245
E01003129,Other LSOAs,8.01335559265442,6.17696160267112,-54.233940413567,-37.6250684837976,0.496,0.496
E01003130,Other LSOAs,9.36830835117773,9.04710920770878,-17.6974164485417,-22.4887636880108,1.239,1.785
E01003131,Other LSOAs,6.64498141263941,8.50371747211896,0.876454121887633,-1.66573542486661,1.597,1.597
E01003132,Other LSOAs,14.1281874569263,9.3039283252929,-46.7358328307475,-10.456819252453,0.912,1.676
E01003133,Other LSOAs,6.98795180722892,10.6024096385542,-37.7688651841245,-16.7315058540242,0.34,1.663
E01003134,Other LSOAs,9.39261114589856,10.2066374452098,-11.4267472993139,-5.96128536180856,0.803,1.746
E01003135,Other LSOAs,6.78404971517348,6.31796996374935,-4.06744164207987,-13.3736036427772,1.163,1.467
E01003136,Other LSOAs,7.77576853526221,9.04159132007233,-23.5958840551055,-10.1850524037681,1.64,1.64
E01003137,Other LSOAs,8.10126582278481,9.62025316455696,-52.3893713147891,-18.8759705957074,1.325,1.766
E01003138,Other LSOAs,6.0893098782138,9.26928281461434,4.54215079798396,-2.92609440012932,1.242,1.242
E01003139,Other LSOAs,11.1837802485285,9.94113799869196,-35.6170760979765,-4.22949233297533,1.257,1.257
E01003140,Other LSOAs,12.9224652087475,8.21736249171637,-30.3309181574715,4.10444646701933,1.369,1.369
E01003141,Other LSOAs,12.472885032538,11.117136659436,-1.54929562623183,-7.56027707291641,1.25,1.25
E01003142,Other LSOAs,13.1004366812227,8.51528384279476,-16.6572059468904,-24.6133971314276,1.241,1.53
E01003143,Other LSOAs,16.6999334664005,9.24817032601464,-8.38724327382627,-14.9896594869291,1.199,1.402
E01003144,Other LSOAs,18.8752424046542,8.72656755009696,9.85919704825063,6.64889843802845,0.995,0.995
E01003145,Other LSOAs,10.2053140096618,9.84299516908213,-19.7756543017498,-24.8208945982653,0.801,0.801
E01003146,Other LSOAs,8.6719223771983,7.82292298362644,-32.8897380882608,-7.31726191942935,0.977,0.977
E01003147,Other LSOAs,9.30120481927711,9.30120481927711,-17.6377811542857,-19.4452075028451,0.952,0.952
E01003148,Other LSOAs,7.29847494553377,11.2200435729847,-47.4623344893003,-21.5819492791661,0.721,0.721
E01003149,High older mismatch,15.3276353276353,9.4017094017094,19.6926586840987,-8.1200630060205,0.885,0.885
E01003150,Other LSOAs,8.91293147861927,9.27357032457496,6.90179593617304,-9.64935992794009,0.324,0.324
E01003151,Other LSOAs,9.45807770961145,10.0715746421268,0.5518754617794,-7.71908264865031,1.159,1.159
E01003152,Other LSOAs,9.90047145102148,9.37663698271346,-5.1721891227662,-19.9564706664987,1.124,1.124
E01003153,Other LSOAs,5.24861878453039,6.07734806629834,-28.4436194155517,-36.8567101986625,1.008,1.008
E01003154,Other LSOAs,9.45472736368184,13.1065532766383,-35.6927791015701,9.85035495939158,1.053,1.053
E01003155,Other LSOAs,11.1111111111111,10.0164203612479,-31.3388338708626,-24.6812819300321,0.656,0.656
E01003156,Other LSOAs,8.57321652065081,9.94993742177722,-11.07462987461,0.417240082111128,1.027,1.027
E01003157,Other LSOAs,7.45891276864728,13.2111251580278,-11.7308916600655,8.20446846602576,0.681,0.681
E01003158,Other LSOAs,7.32758620689655,9.91379310344828,9.56240916977387,12.5539889267142,0.951,0.951
E01003159,Other LSOAs,8.73731679819617,6.20067643742954,-30.058889334297,-34.0411021550137,1.066,1.066
E01003160,Other LSOAs,5.58620689655172,7.6551724137931,-35.2934495502317,-16.181309892086,0.977,0.977
E01003161,Other LSOAs,8.91089108910891,8.75856816450876,-7.69476439612753,-4.76019277478495,0.647,0.647
E01003162,Other LSOAs,6.89655172413793,9.26724137931035,-38.5756975817973,-24.2850319785332,1.393,1.393
E01003163,Other LSOAs,12.7659574468085,9.57446808510638,-3.10199902510209,-10.3449246895641,1.251,1.251
E01003164,Other LSOAs,6.91347011596789,9.90187332738626,-36.5497525423827,-23.0801083556041,0.199,1.292
E01003165,High care mismatch,15.4080389768575,11.5712545676005,-4.45492561172948,17.9167048039075,0.835,1.799
E01003166,Other LSOAs,6.97583787996882,9.7817614964926,-48.2194460859652,-27.1439329326116,0.288,1.759
E01003167,Other LSOAs,14.0500568828214,13.5381114903299,-1.21785146760684,6.1989150476925,0.535,1.857
E01003168,High care mismatch,12.4246079613993,10.1930036188179,-20.7128744534999,25.1297458784112,0.635,0.863
E01003169,Other LSOAs,6.83651804670913,10.8704883227176,-8.78979703488676,-2.0015202978042,0.601,0.959
E01003170,High older mismatch,15.897166841553,11.8572927597062,18.282881236258,-4.38465264526765,0.794,0.964
E01003171,Other LSOAs,7.27272727272727,7.81818181818182,-17.2235930804174,-7.65670077923044,1.226,1.226
E01003172,Other LSOAs,6.43335048893464,10.7050952135872,-10.428982211526,13.3629978490572,0.901,0.901
E01003173,Other LSOAs,9.61420698101653,7.22596448254746,-3.59494490488094,-17.7899420119004,1.153,1.153
E01003174,Other LSOAs,5.73529411764706,11.4705882352941,-23.7523528875748,12.6459779101484,0.626,1.375
E01003175,Other LSOAs,8.75079264426126,10.4629042485732,-32.4111565924706,9.86374494893169,0.938,1.27
E01003176,Other LSOAs,7.66839378238342,9.74093264248705,-23.6237876949317,-1.13348758052831,0.51,0.51
E01003177,Other LSOAs,6.23830318153462,6.73736743605739,-36.6261649077232,-36.9204644774601,0.781,0.781
E01003178,Other LSOAs,7.73333333333333,7,-20.8957699148382,-18.5266421394593,1.094,1.094
E01003179,Other LSOAs,6.2268803945746,11.8988902589396,-18.8783826649009,-3.49641819699125,0.843,0.843
E01003180,Other LSOAs,9.125,7.25,-44.3603606372747,-36.4623189542183,0.947,0.947
E01003181,Other LSOAs,10.913872452334,7.36357659434583,-19.6208668564646,-12.9865739143628,0.462,0.462
E01003182,Other LSOAs,8.78567431449357,9.28931169557918,-10.8921388491692,5.87456769354048,0.683,1.051
E01003183,Other LSOAs,12.1722846441948,8.5518102372035,-31.3378790963301,-16.8775930969674,0.526,0.526
E01003184,Other LSOAs,6.81179775280899,11.4466292134831,-28.6132463660787,14.1204858681952,0.726,0.726
E01003185,Other LSOAs,5.69948186528497,6.83937823834197,-20.4898587304559,-7.5980025799495,0.702,0.702
E01003186,Other LSOAs,6.02459016393443,6.4344262295082,-24.624640972989,-26.4730268155444,0.49,0.49
E01003187,Other LSOAs,6.30397236614853,8.80829015544041,-39.4297710102651,-9.61767847318469,0.817,0.817
E01003188,Other LSOAs,9.22712933753943,7.96529968454259,-4.32662447193311,3.86243603045966,0.767,0.946
E01003189,Other LSOAs,8.1678956324447,10.436755530346,1.04999414388405,-6.01487081939445,0.52,1.762
E01003190,High care mismatch,6.26079447322971,14.4645941278066,5.02521901765766,25.4328728000117,1.248,1.353
E01003191,Other LSOAs,9.5009019843656,12.50751653638,0.559806034499925,6.23343969594655,0.84,1.734
E01003192,High care mismatch,8.11415780637941,11.6955791829883,-2.52736469417223,25.9442211288307,0.441,1.287
E01003193,High older mismatch,13.132999443517,12.6321647189761,19.6028509695342,1.40866518509568,1.071,1.429
E01003194,Other LSOAs,14.3180531975099,10.2999434069044,1.56553468650638,-4.59375280087337,0.545,0.545
E01003195,Other LSOAs,11.507402422611,12.2476446837147,-16.018559991022,8.6415979511567,0.848,1.104
E01003196,Other LSOAs,10.1416430594901,10.1416430594901,1.56704918970086,-9.06910335728247,0.132,1.306
E01003197,Other LSOAs,10.9770808202654,10.1930036188179,2.42005243811114,7.19055619462957,0.557,1.419
E01003198,Other LSOAs,13.8647019423979,11.4534494306765,6.043860854069,3.71105613990731,1.107,1.107
E01003199,Other LSOAs,9.39563230066023,10.7160995429152,-18.3795901681869,-21.4400174811934,0.758,0.758
E01003200,Other LSOAs,12.5423728813559,9.15254237288136,-35.2683430999512,-15.1265742320357,1.384,1.384
E01003201,Other LSOAs,11.0119047619048,9.40476190476191,-15.5562498503737,-2.73580814489421,0.262,0.262
E01003202,Other LSOAs,19.2431045542014,9.30083386786402,0.270720975403762,-14.3448730780171,1.494,1.494
E01003203,Other LSOAs,7.98575788402848,10.7833163784334,-12.4798952348319,6.72664352614088,1.252,1.252
E01003204,High care mismatch,7.56354618722877,10.6013639181649,-7.95192005332711,24.5631801267452,0.776,0.776
E01003205,Other LSOAs,8.1294964028777,11.4388489208633,-14.0350087814725,5.2155412359645,0.392,0.392
E01003206,High care mismatch,12.1019108280255,9.55414012738854,9.23859917687096,19.8310581808189,0.606,0.606
E01003207,Other LSOAs,8.88412017167382,8.32618025751073,-51.4857568201802,-34.5117115274758,0.391,0.391
E01003209,Other LSOAs,6.00948866631523,9.59409594095941,-20.775584884293,13.1066001211887,0.551,0.551
E01003210,Other LSOAs,5.86576424139876,9.13705583756345,-35.7916536939056,-0.956795235578227,0.754,0.754
E01003211,Other LSOAs,5.33419023136247,8.80462724935733,-41.977651453082,-12.7808609921343,0.661,0.661
E01003212,Other LSOAs,10.0447538538041,8.652411735455,-7.02671738271811,-10.8674243342821,0.545,0.545
E01003213,Other LSOAs,6.11309220580744,10.9016811003566,-7.46557130693855,10.3583351268699,0.431,0.431
E01003214,Other LSOAs,6.74157303370787,10.2808988764045,-15.0933749238167,-8.80271701683122,0.203,0.203
E01003215,Other LSOAs,5.1769677760169,6.12783940834654,-22.6466779581703,-18.6729869971562,0.298,0.298
E01003216,Other LSOAs,11.3568439928273,9.98206814106396,-15.9537654773377,-16.7303109726841,0.977,1.016
E01003217,Other LSOAs,9.89637305699482,10.259067357513,2.909214001393,-6.91832181397287,1.346,1.486
E01003218,High older mismatch,11.9201030927835,12.048969072165,14.1610968628763,9.78975911493693,1.366,1.797
E01003219,High older mismatch,15.6794425087108,10.2787456445993,33.5884328387812,11.0413514275291,0.923,1.48
E01003220,High older mismatch,14.2685851318945,9.11270983213429,13.1161438901225,-4.38386641982265,1.798,1.895
E01003221,High older mismatch,12.5,10.4166666666667,13.7827168691254,11.1932834073532,0.686,0.867
E01003222,High care mismatch,11.9108280254777,10.5095541401274,4.41549492087258,18.7891966093078,1.718,2.138
E01003223,High older mismatch,18.3242917420133,7.65521398432791,27.5618872265656,-0.00949384451366697,0.563,1.326
E01003224,Other LSOAs,11.7070357554787,11.9953863898501,-6.0269767538659,-4.61782967270999,1.447,1.447
E01003225,Other LSOAs,10.8886107634543,13.7046307884856,-3.38254821483934,4.06441509886879,0.653,0.653
E01003226,Other LSOAs,9.08596300326442,11.1534276387378,4.38924189319695,10.0750024711471,0.127,0.127
E01003227,Other LSOAs,11.4093959731544,12.2635753508237,0.814816963149344,10.8272566308823,0.611,0.611
E01003228,Other LSOAs,8.29639012032932,12.6029132362255,-9.52804645835904,7.42444092771292,0.346,0.346
E01003229,Other LSOAs,10.8476585655009,11.9146413752223,-25.638209762292,-12.7134598871028,0.652,0.652
E01003230,Other LSOAs,8.67167919799499,12.8320802005013,-10.365939551785,-0.865565453408856,0.798,0.798
E01003231,Other LSOAs,8.44072164948454,10.8247422680412,-42.2413423530768,-22.5165584183999,0.236,0.818
E01003232,Other LSOAs,11.7957746478873,11.6784037558685,-29.3766943383788,-15.4418750798973,0.275,0.557
E01003233,Other LSOAs,9.79858464888405,12.0304844855743,-15.5455539215394,1.07175506568009,0.232,0.868
E01003235,High care mismatch,12.3856439127375,10.3448275862069,-1.28576628875944,17.5053007377507,0.555,1.452
E01003236,Other LSOAs,10.6231454005935,12.5816023738872,-3.62797221978584,4.53067522900749,2.449,2.864
E01003237,Other LSOAs,8.82701421800948,12.6184834123223,-26.6579295738014,-18.8697077167674,2.183,2.585
E01003238,Other LSOAs,8.53080568720379,14.9627623561273,-40.7704422779672,5.31213822404533,1.907,2.63
E01003239,Other LSOAs,8.24550526968382,12.957222566646,-20.581859048431,12.9599591801129,1.386,2.428
E01003240,Other LSOAs,10.4709418837675,11.9739478957916,-18.5674946218241,4.66297135910649,1.266,2.169
E01003241,High older mismatch,23.507228158391,8.35952231301069,19.6080572504186,-15.8822745690858,0.192,1.781
E01003243,High care mismatch,11.0079575596817,11.4721485411141,-14.4021376428305,17.2918938963181,0.68,1.896
E01003244,Other LSOAs,4.10094637223975,12.4605678233439,-67.3106626735125,-8.27103543813367,1.053,1.053
E01003245,High care mismatch,5.12562814070352,12.6130653266332,-22.5932912504681,20.4052456021673,0.511,0.511
E01003246,Other LSOAs,4.52094566569888,8.66860223973455,-41.8794185257205,6.53681381115145,0.733,0.733
E01003247,High older + care mismatch,5.99144079885877,5.42082738944365,11.2753643171696,17.9980531261103,0.681,0.681
E01003248,Other LSOAs,5.17661388550548,10.9013398294762,-39.1510510549493,-5.38173321460236,1.001,1.001
E01003249,Other LSOAs,7.14632960622265,9.47982498784638,-60.4784964684157,-12.7345248292697,1.107,1.107
E01003251,Other LSOAs,6.45905420991926,12.1683967704729,-52.7531465599112,12.9788746409894,0.579,0.579
E01003252,Other LSOAs,8.30164765525982,11.4068441064639,-67.5325823907635,-1.45203209779109,0.581,0.581
E01003253,Other LSOAs,10.196905766526,8.93108298171589,-40.0656602271458,-32.383871958374,0.237,0.237
E01003254,Other LSOAs,16.2256267409471,11.2813370473538,9.47247651042985,3.77168899472659,0.56,0.56
E01003255,Other LSOAs,5.7286432160804,10.4522613065327,2.35080922125658,-8.57893870292846,0.175,0.175
E01003256,Other LSOAs,9.70919324577861,11.9606003752345,-23.046008718456,-7.95841088120715,0.526,0.526
E01003257,High older + care mismatch,14.0361821584529,11.6032439176544,11.7176108289568,24.8769906607883,0.585,0.585
E01003258,High care mismatch,7.95087265675501,12.7989657401422,-11.5935119064133,26.0687475884014,1.084,1.084
E01003259,Other LSOAs,9.29304446978335,12.7137970353478,-38.3411350687373,-0.983607080926269,0.84,0.84
E01003260,Other LSOAs,11.5453998797354,12.3271196632592,6.6511828020279,14.669140099342,0.952,0.952
E01003261,High older mismatch,10.0719424460432,11.3799869195553,16.1091217191209,11.7616058349877,0.476,0.476
E01003262,High care mismatch,7.34426229508197,11.4098360655738,1.47973121367179,20.0416453419326,0.535,0.535
E01003263,Other LSOAs,11.8888888888889,12.9444444444444,-10.3147795496168,8.96064082469782,2.762,3.396
E01003264,Other LSOAs,15.5015197568389,10.1519756838906,-11.7534285664112,-7.62434130453716,3.196,3.543
E01003265,High care mismatch,7.35115431348724,12.5151883353584,-31.7649935368118,24.1596385525559,2.88,3.103
E01003266,High older mismatch,13.6866627839255,11.1240535818288,13.1234993117075,-1.14453928612317,3.467,3.58
E01003267,High older mismatch,11.3261240751281,11.0984632896984,12.9339053657427,8.63285278254321,2.976,3.096
E01003268,High care mismatch,11.4948731786293,12.0885051268214,-6.80424445182425,20.7289696507183,2.434,2.601
E01003269,High older + care mismatch,14.1073657927591,11.0486891385768,21.9317149530159,20.4196721312153,2.971,3.121
E01003270,Other LSOAs,13.4346504559271,9.48328267477204,-15.1984949718142,14.4100548980141,2.46,2.819
E01003271,High older + care mismatch,20.6153846153846,10.2153846153846,27.3267165039241,17.3721803292931,3.172,3.595
E01003272,Other LSOAs,8.37092731829574,9.87468671679198,-26.4354649219458,-23.6181130688938,0.512,0.512
E01003273,Other LSOAs,11.9521912350598,10.4249667994688,-3.74747883219909,6.88149793994329,0.776,0.776
E01003274,Other LSOAs,9.05660377358491,12.0125786163522,-48.5622176031737,-0.225537203969324,0.971,1.177
E01003275,Other LSOAs,14.9587750294464,9.36395759717314,-5.68155151889883,-7.43782836393071,0.772,0.974
E01003276,Other LSOAs,8.97166841552991,12.2770199370409,-13.9559675512215,0.583480802431851,0.583,0.931
E01003277,Other LSOAs,7.88530465949821,9.08004778972521,-24.4997392336635,-7.10202435371887,0.749,0.749
E01003278,Other LSOAs,6.61870503597122,9.30455635491607,-54.5536270428537,-17.9218612501993,0.41,0.41
E01003279,Other LSOAs,14.0431090790333,10.3200522534291,5.33699801901031,6.967914588819,0.729,0.729
E01003280,High care mismatch,11.6038882138518,13.1227217496962,8.54947571109301,27.4069201753443,2.836,2.836
E01003281,Other LSOAs,13.4178905206943,13.6181575433912,7.90089115309027,14.2236351803033,2.237,2.237
E01003282,Other LSOAs,8.7821043910522,8.82352941176471,-32.6828975828704,-20.5959312615945,1.096,1.096
E01003283,Other LSOAs,11.5710253998119,13.4995296331138,-31.1690537053389,-4.29829728993515,1.627,1.627
E01003284,Other LSOAs,9.85615343633458,12.0937666489078,-23.2853057397134,9.51750415578401,1.358,1.358
E01003285,Other LSOAs,10.6164383561644,12.2716894977169,-22.6127944208758,-0.546736094655316,2.496,2.496
E01003286,High care mismatch,13.6023054755043,14.8126801152738,-21.8640964865891,16.0231831214579,2.325,2.325
E01003287,Other LSOAs,11.1731843575419,14.67750126968,-19.3864518168751,-3.51663991893561,1.897,1.897
E01003288,Other LSOAs,13.0333951762523,8.99814471243043,-9.04515681078902,-5.63809343095262,0.785,0.785
E01003290,Other LSOAs,7.0717653221582,9.37663698271346,-25.0590014951648,-10.2390805733046,1.257,1.257
E01003291,Other LSOAs,9.58549222797927,11.7875647668394,-33.5468003879355,-1.50386627964635,1.193,1.193
E01003292,Other LSOAs,8.84163402350308,10.9681029658646,-21.8608543527028,-20.9244463732001,1.639,1.639
E01003293,Other LSOAs,7.27040816326531,9.05612244897959,-43.4251078270671,-25.5338598971224,1.478,1.478
E01003295,Other LSOAs,11.0800223838836,10.9121432568551,-21.0908428433329,-2.92720548350491,1.875,1.875
E01003297,High care mismatch,5.34037558685446,9.56572769953052,-16.292716673159,15.2683043360146,1.067,1.067
E01003298,Other LSOAs,8.66510538641686,10.6167056986729,-4.02065161832278,12.2509666236688,0.697,0.697
E01003299,Other LSOAs,6.31284916201117,8.77094972067039,-26.3182176378455,-4.65434581283869,0.353,0.353
E01003300,Other LSOAs,8.85311871227364,9.32260228034876,-26.1367183688838,-3.1804077782509,0.462,0.462
E01003301,Other LSOAs,4.75104522995059,6.76548840744964,-5.57466811241246,-0.498007987752718,0.392,0.392
E01003302,High care mismatch,7.33404710920771,10.2783725910064,3.79998306435161,22.763199042066,0.828,0.828
E01003303,Other LSOAs,8.66279069767442,7.90697674418605,-32.351572936803,-7.08716627294673,0.209,0.209
E01003304,Other LSOAs,4.94652406417112,7.88770053475936,-55.6106010608797,-37.8935259538399,0.176,0.176
E01003305,Other LSOAs,5.57977332170881,10.1133391455972,-21.0452734346056,10.821525163243,0.65,0.65
E01003307,Other LSOAs,11.1389236545682,12.0775969962453,1.17288773399925,-9.90975389846787,0.662,0.662
E01003308,Other LSOAs,9.7261039686976,12.0737842370039,-34.1913887086539,-10.8404490071274,0.857,0.857
E01003309,Other LSOAs,9.88875154511743,12.1137206427689,10.2751145596367,8.03808525523171,0.575,0.575
E01003310,Other LSOAs,6.91389063482087,9.93086109365179,-10.9303796759951,-22.5431017208242,0.195,0.195
E01003311,Other LSOAs,16.1552911709455,10.8954289292423,10.1798993527338,-16.597068710424,1.099,1.099
E01003312,High older mismatch,14.448236632537,11.3765642775882,31.9578510770068,-2.8944368152641,0.943,0.943
E01003313,High care mismatch,6.6793893129771,13.8676844783715,-11.0594813529661,35.4004100480799,0.514,0.514
E01003314,Other LSOAs,7.72036474164134,14.8328267477204,-21.537222986474,5.4920687885762,0.946,0.946
E01003315,Other LSOAs,8.82578664620107,10.6676899462778,-1.60543384372838,-9.67675210839676,0.361,0.361
E01003316,Other LSOAs,10.5691056910569,11.449864498645,-18.6693198770215,-16.9368926969188,0.675,0.675
E01003318,High older + care mismatch,8.04431599229287,10.6936416184971,11.889153522852,36.2634612293438,0.275,0.275
E01003319,Other LSOAs,11.1049107142857,10.2678571428571,-3.1363906474518,-0.0288750570539094,0.736,0.736
E01003320,Other LSOAs,7.37704918032787,10.2143757881463,-49.1034237178744,-29.8068786917226,1.221,1.221
E01003321,Other LSOAs,8.93470790378007,10.5956471935853,-13.5056979514859,-24.6257846194703,0.437,0.437
E01003322,Other LSOAs,9.17992656058751,8.69033047735618,-4.19290843584994,-9.39226051979242,0.893,0.893
E01003323,Other LSOAs,9.82083609820836,9.75447909754479,-17.7320555304601,8.94406264431672,1.128,1.128
E01003324,Other LSOAs,8.18991097922849,14.0059347181009,-2.5598562260135,13.1095998972585,0.6,0.6
E01003325,High care mismatch,10.0165107319758,13.26362135388,-14.5377963255951,16.8219326708024,0.855,0.855
E01003326,Other LSOAs,13.5060639470783,10.4189636163175,-4.59612938442118,-20.1970933040913,0.734,0.734
E01003327,Other LSOAs,12.5844076120319,11.1111111111111,-9.11880679366502,-9.09823471093353,0.403,0.403
E01003328,Other LSOAs,13.3596392333709,10.3720405862458,-7.65094149614137,4.74383439847979,0.304,0.304
E01003329,Other LSOAs,10.2501525320317,13.2397803538743,-33.4998565058296,14.3864113598594,0.398,0.398
E01003330,High older + care mismatch,11.5723270440252,15.2201257861635,22.4402589924491,54.5873848673398,1.25,1.25
E01003331,Other LSOAs,19.0131578947368,10.3947368421053,-12.4449708075324,-18.288313275112,0.548,0.548
E01003332,Other LSOAs,11.5577889447236,11.0552763819095,-2.17091072994028,10.3442228426229,0.843,0.843
E01003333,Other LSOAs,10.8723958333333,11.9140625,-7.19841981833021,-11.1077957830887,0.9,0.9
E01003334,Other LSOAs,9.40649496080627,9.23852183650616,-11.683471078063,10.009557955551,0.059,0.059
E01003335,Other LSOAs,11.3606340819022,12.6816380449141,5.70325625258974,13.0141721371043,0.614,0.614
E01003336,Other LSOAs,8.56769130150425,12.0340091563113,-38.3046698194551,-21.9177856224144,0.541,0.541
E01003337,Other LSOAs,8.25174825174825,12.3076923076923,-43.7468399010994,-13.0280891651944,0.536,0.828
E01003338,Other LSOAs,8.38677849037987,9.42279230389738,-14.761170076225,-3.22832934160073,0.556,0.556
E01003339,Other LSOAs,8.10171496156121,8.75221762270846,-14.4316028232745,2.29146618154394,0.618,0.618
E01003340,Other LSOAs,6.08989850169164,5.89656839052682,-10.94716266418,-23.4760801489108,0.354,0.354
E01003341,Other LSOAs,10.9906001446132,8.74909616775127,-12.4161803525925,-2.42891668226213,0.492,0.772
E01003342,Other LSOAs,5.60141509433962,11.6745283018868,-7.39671711950771,2.60258429726181,0.481,0.481
E01003343,Other LSOAs,9.92419021364576,10.6822880771881,2.67225254726571,11.8759549373641,0.25,0.768
E01003344,Other LSOAs,8.60215053763441,9.55794504181601,-1.86564881412176,-12.9588081578605,0.464,0.464
E01003345,Other LSOAs,5.96938775510204,10.969387755102,-14.575400556144,-16.6416919790157,0.18,0.18
E01003346,High older mismatch,13.5928143712575,9.52095808383234,15.6657002295641,-0.815437482381881,1.834,2.575
E01003347,High older + care mismatch,6.57142857142857,16.6285714285714,13.2986677656117,37.2265480151854,1.558,2.295
E01003348,Other LSOAs,11.3165266106443,10.6442577030812,-39.283123606034,-4.59278616358803,0.712,1.856
E01003349,High care mismatch,6.40776699029126,14.3042071197411,-12.9484397969905,25.5173053420243,2.438,3.155
E01003350,High care mismatch,10.1361573373676,9.75794251134644,-2.56983569569996,15.3187122528881,1.083,1.952
E01003351,Other LSOAs,10.1835405565423,11.0716400236827,-7.99070641664661,14.8145596414111,2.139,2.932
E01003352,Other LSOAs,11.3298337707787,12.5546806649169,-29.5160579170053,3.19966324384343,0.427,1.751
E01003353,Other LSOAs,13.3818589025756,10.6942889137738,-3.42187762277063,14.1182789123708,0.798,2.219
E01003354,High care mismatch,8.22384428223844,10.9489051094891,-3.57229365220359,34.5117585713863,2.071,2.452
E01003355,Other LSOAs,7.30464326160815,8.94677236693092,-40.3130368232416,-23.0123246748404,0.231,0.231
E01003356,Other LSOAs,10.0272479564033,12.5340599455041,-5.90055212556826,3.72733638203322,0.172,0.172
E01003357,High care mismatch,7.9271558650241,12.747723620782,4.57452822657858,39.3809842125522,0.421,0.421
E01003358,Other LSOAs,8.25432236475181,10.8198549916341,-46.2479891717458,-30.9370598108497,0.416,0.416
E01003359,Other LSOAs,12.0343839541547,10.2578796561605,-43.5904905481769,-30.4906313731146,0.414,0.414
E01003360,Other LSOAs,6.65548098434005,11.0738255033557,-39.14139132518,-14.3568182568305,0.284,0.284
E01003361,High care mismatch,13.6961722488038,11.3636363636364,-0.498745172512727,23.076058203761,0.424,1.14
E01003362,High care mismatch,19.4645441389291,11.0709117221418,10.7264912505001,23.4302014825741,1.05,1.797
E01003363,High older mismatch,15.9599528857479,12.0141342756184,28.3199847609364,14.4801207727062,0.764,1.342
E01003364,High older + care mismatch,19.415333701048,10.7556536127965,37.2387768370231,22.4951685640298,1.125,1.698
E01003365,High older mismatch,19.1946308724832,9.39597315436242,24.4610938302633,0.281857848266814,0.381,0.784
E01003366,Other LSOAs,12.313003452244,9.78135788262371,1.2621319232557,4.71359764982451,0.713,1.692
E01003368,High older mismatch,11.8208955223881,7.88059701492537,12.4575705686375,9.7835971254328,0.528,0.528
E01003369,Other LSOAs,7.80487804878049,8.65853658536585,-38.6698864037397,-21.9428630070778,0.422,0.422
E01003370,Other LSOAs,7.59175465057818,9.04977375565611,-61.4517601700355,-43.2015687282435,0.314,0.314
E01003371,Other LSOAs,13.0798969072165,6.95876288659794,-25.0423912251206,-25.6123922893384,0.541,0.541
E01003372,High care mismatch,7.92253521126761,9.56572769953052,4.14364018702983,18.501928630839,0.272,0.272
E01003373,Other LSOAs,9.42543576500968,11.8140735958683,-21.3405846946192,1.93611359375279,0.243,0.243
E01003374,Other LSOAs,13.8597459966869,11.0988404196576,-11.5815317913571,-0.291462509447193,0.339,0.339
E01003375,High older mismatch,18.1971830985916,11.0422535211268,21.5268515850695,6.61788775911427,0.302,0.941
E01003376,Other LSOAs,12.142403051494,9.02733630006357,-6.49537324133974,6.61577956837811,0.354,0.354
E01003377,High care mismatch,7.00792199878123,10.9079829372334,-24.5878477238265,18.1110987753925,0.114,0.114
E01003378,Other LSOAs,8.53059401518535,11.4783385439929,-49.0315649839698,-18.1542369778546,0.498,0.498
E01003379,Other LSOAs,9.5944609297725,11.7210682492582,-14.4702078714619,2.17982426551025,0.829,0.829
E01003380,High care mismatch,11.7174037909248,13.268236645606,-8.33538192849234,20.5722248966378,0.274,0.869
E01003381,Other LSOAs,11.9184193753983,11.2173358827279,-19.8801959974097,-11.8014983907773,0.886,1.645
E01003382,Other LSOAs,10.7744107744108,13.2996632996633,-8.63163238897542,14.9565276123041,0.441,1.197
E01003383,Other LSOAs,7.46359223300971,12.0752427184466,-34.6894008198632,-22.4928656020736,0.092,0.092
E01003384,Other LSOAs,9.26916221033868,12.1806298276887,-17.3791141977945,-5.14024433794519,0.225,0.225
E01003385,High care mismatch,11.5667074663403,15.1162790697674,-24.081666742143,15.8882403860458,0.379,0.379
E01003386,Other LSOAs,9.32688077430708,11.7025956885174,-31.8391345671418,-1.52619120844931,0.212,1.217
E01003387,High care mismatch,10.2637889688249,11.031175059952,-15.5219706258573,18.9547309930972,0.205,1.513
E01003388,Other LSOAs,14.9884259259259,9.14351851851852,-23.2682399890831,-15.2829971619522,0.33,1.351
E01003389,Other LSOAs,12.5488008923592,8.97936419408812,-16.4744581913148,-20.4105490934698,0.546,1.138
E01003390,Other LSOAs,6.48769574944072,13.4787472035794,-51.4855488979661,-13.0018851305439,0.567,1.305
E01003391,High care mismatch,8.93262679788039,13.0204390613172,-2.70703949669026,33.3471946709707,0.301,1.683
E01003392,Other LSOAs,11.8560338743825,10.0211714890614,-15.2548263602144,-23.6357760037895,0.699,0.699
E01003393,Other LSOAs,6.97100555212832,10.1172115977792,-8.53231701085471,-6.23144223772342,0.079,0.079
E01003394,Other LSOAs,11.864406779661,7.21549636803874,4.95699421539764,6.76894347943527,0.509,0.509
E01003395,High older mismatch,14.041514041514,7.57020757020757,18.2445538396324,-1.82796385417358,0.593,0.979
E01003396,Other LSOAs,13.7176938369781,8.08482438701127,-0.393127070023411,-23.5451773277369,0.231,0.231
E01003397,Other LSOAs,14.323258869908,8.27858081471748,-12.2384490177251,-15.153897975274,0.459,0.459
E01003398,Other LSOAs,11.0529072812991,7.85751702462022,2.28744942598596,11.1378900030496,0.972,0.972
E01003399,Other LSOAs,13.361762615494,10.3766879886283,5.10802640006007,0.763286944140376,0.662,0.922
E01003400,Other LSOAs,10.2669404517454,10.3353867214237,-38.2370323407022,-45.9169547797509,0.366,0.366
E01003401,Other LSOAs,14.3160878809355,10.9851169383416,-8.24473267018399,-12.6363036370374,0.413,0.413
E01003402,Other LSOAs,17.4848688634835,11.5669132481506,-12.3021366251616,-30.6286547062395,0.41,0.41
E01003403,High older mismatch,22.8224172856178,8.64280891289669,21.6289641219446,-2.16860534572495,0.794,0.794
E01003404,High older mismatch,17.3129437465866,9.44838885854724,23.7943774709339,-5.35441547043149,0.801,0.801
E01003405,Other LSOAs,8.8477366255144,10.6584362139918,-27.3398514790946,-30.6625622384098,0.977,0.977
E01003406,Other LSOAs,7.03725606150207,9.1070372560615,-35.5434657958087,3.34961238169683,0.756,0.756
E01003407,Other LSOAs,6.42343268242549,10.7399794450154,-24.7522954752976,9.61892399679532,0.689,0.689
E01003408,Other LSOAs,8.72242175474602,10.7234479220113,-16.1439997331206,12.0415031843938,0.768,0.768
E01003409,Other LSOAs,10.3333333333333,8.27777777777778,-27.2450578787351,-8.57811604614052,0.859,0.895
E01003410,Other LSOAs,9.62009803921569,10.8455882352941,-23.3309635245271,4.20349635157297,0.706,0.706
E01003411,High care mismatch,9.14004914004914,12.972972972973,-17.2855873318816,15.2010378527531,0.734,1.616
E01003412,High care mismatch,9.16856492027335,10.7630979498861,-10.7396896999795,24.9800332797716,0.667,1.247
E01003413,High care mismatch,10.7588856868396,10.3746397694525,-4.27400716783619,24.2270804527396,1.124,1.906
E01003414,High older mismatch,18.6194895591647,8.17865429234339,26.7868188154985,3.55944922282919,1.382,2.018
E01003415,Other LSOAs,10.3765690376569,9.8744769874477,-32.5214729979086,-1.42169861906451,1.057,1.874
E01003416,High older + care mismatch,15.6269691241336,7.30938878386894,26.6301690702361,19.0341341772989,0.764,1.668
E01003417,Other LSOAs,17.9358086847074,11.2020138451857,10.6787715288389,-0.670923554780785,1.208,2.233
E01003418,High older + care mismatch,19.2787794729542,10.6102635228849,22.7406530699362,22.7690003903688,1.632,2.527
E01003419,High older + care mismatch,13.1578947368421,11.9517543859649,14.4102908393831,22.6395394134473,2.111,2.8
E01003420,Other LSOAs,13.9581928523264,11.7329737019555,1.31624196426387,13.4945219631799,1.843,2.866
E01003421,Other LSOAs,15.8720200752823,10.5395232120452,9.92675210788423,-13.2418939964269,1.598,2.18
E01003422,High older mismatch,22.1994535519126,9.83606557377049,22.1279289411504,-11.3077397718735,1.361,2.11
E01003423,Other LSOAs,13.9902676399027,12.2262773722628,-34.6146028428018,-4.62360568705226,0.222,0.844
E01003424,High older mismatch,23.5485975212003,12.1983039791259,23.2877771977137,2.99063784736589,0.441,0.441
E01003425,High older mismatch,20.5645161290323,11.3575268817204,19.888745540766,13.4362100291512,0.271,0.748
E01003426,Other LSOAs,18.2232346241458,9.28246013667426,-13.9004676090372,-16.5975336603259,0.258,0.258
E01003427,Other LSOAs,11.2348178137652,10.6275303643725,-4.64917916656291,-2.80266317359863,0.428,0.462
E01003428,Other LSOAs,16.2162162162162,12.5906394199077,-27.1517746125481,-0.916478795570647,0.474,0.474
E01003429,High older + care mismatch,11.8259803921569,9.19117647058824,11.9797118273572,21.6938254736207,1.02,1.02
E01003430,Other LSOAs,8.42293906810036,11.1708482676225,-25.8166747971564,12.1693763924151,1.543,1.543
E01003431,High care mismatch,9.49033391915641,10.8377270064441,-8.54954981017407,29.5696266416694,1.236,1.236
E01003432,High care mismatch,8.56304985337243,11.6129032258065,-5.99514080772588,31.4221432488334,0.744,0.744
E01003433,Other LSOAs,14.4381669805399,9.8556183301946,-50.5861450591495,-42.2031536604337,1.505,1.539
E01003434,Other LSOAs,14.5725388601036,8.22538860103627,-18.0610655907811,-18.4218826203383,1.201,1.201
E01003435,High care mismatch,10.7243650047037,11.3358419567262,5.84749600849487,21.9060923312259,0.77,1.289
E01003436,High care mismatch,11.6465863453815,10.7860011474469,0.177354777597344,28.0635936475771,0.966,0.976
E01003437,Other LSOAs,17.9133858267717,8.71062992125984,5.79118277541184,11.6101053389401,0.639,0.639
E01003438,Other LSOAs,11.0016420361248,10.8374384236453,-36.5706294688233,-8.9107893895557,0.889,1.317
E01003439,Other LSOAs,8.83838383838384,10.7954545454545,-19.5113053918396,8.47747251802074,0.384,0.384
E01003440,Other LSOAs,12.7697841726619,10.8513189448441,-42.0384347721096,-5.43577754634548,0.171,0.171
E01003441,High care mismatch,13.277133825079,10.3266596417281,-0.80937875321758,15.7058311653165,0.245,0.245
E01003442,High older mismatch,20.9648600357356,11.7331745086361,28.0369477083785,-0.435791958504773,0.958,1.181
E01003443,Other LSOAs,16.4619164619165,14.987714987715,-27.7863477027065,-3.25911439223832,1.199,1.675
E01003444,Other LSOAs,15.818858560794,12.6550868486352,-2.15371687419132,13.0149040419558,1.612,2.095
E01003445,High older + care mismatch,15.661317100166,12.5622578859989,13.8230035928681,22.7553616537954,2.016,2.549
E01003446,Other LSOAs,10.1117886178862,10.7215447154472,-42.1750188172942,-23.2492729269878,1.032,1.697
E01003447,High older + care mismatch,11.318407960199,12.3756218905473,18.3831329202176,21.0129911866959,1.834,2.581
E01003448,Other LSOAs,7.43801652892562,10.8307959982601,-47.303940003818,12.3932874649269,0.766,0.968
E01003449,Other LSOAs,12.7068873465029,9.50347036839295,2.31178571957139,0.607087766171901,0.309,0.865
E01003450,Other LSOAs,10.0667408231368,11.9021134593993,-57.2459305026817,-9.97972839585497,0.385,1.505
E01003451,Other LSOAs,18.0648481729285,9.8816263510036,9.11980484797104,8.75614345406359,0.372,1.564
E01003452,Other LSOAs,12.59559154296,10.5713000449843,-24.0286233612723,-10.4956225016917,0.029,1.391
E01003453,Other LSOAs,9.91285403050109,10.5119825708061,-24.0702748954456,2.87570817128279,0.465,0.465
E01003454,Other LSOAs,17.6945668135095,10.71953010279,4.68701718098485,-4.62392479210485,0.602,0.602
E01003455,Other LSOAs,6.10778443113772,10.6586826347305,-46.9229702997285,-0.405834303133588,0.541,0.635
E01003456,Other LSOAs,9.61298377028714,9.48813982521848,-32.2397932485716,-24.0996863304072,0.327,0.327
E01003457,High care mismatch,8.5995085995086,15.8476658476658,-22.3533580913468,17.3102422732685,0.552,0.764
E01003458,Other LSOAs,8.58930602957907,12.4004550625711,-18.6287372194719,12.7598108242813,0.406,0.731
E01003459,Other LSOAs,9.30339138405133,10.9990834097159,-56.0852292975107,-9.82623303274679,0.596,0.615
E01003460,High older + care mismatch,26.7475035663338,8.77318116975749,42.0763337051443,15.6483546341679,2.377,2.377
E01003461,Other LSOAs,17.4603174603175,8.76466528640442,-19.90094079405,-15.2941951557172,0.765,0.765
E01003462,High older mismatch,25.4583921015515,11.8476727785614,32.7083389438976,13.9544208201741,1.786,1.876
E01003463,High older + care mismatch,19.6677740863787,12.6910299003322,18.9672253438494,22.286230065717,2.206,2.524
E01003464,High older + care mismatch,27.5737940964723,10.4391648668107,49.6269831105506,25.4794732377952,1.186,1.186
E01003465,High older + care mismatch,23.7042682926829,10.1371951219512,16.655749262907,19.7842564099167,1.165,1.165
E01003466,Other LSOAs,15.4518950437318,11.4868804664723,-32.7932963757771,-5.1691860282843,1.664,2.607
E01003467,Other LSOAs,17.3740803621958,12.6768534238823,2.66867774560659,13.3028887747286,1.543,2.229
E01003468,Other LSOAs,16.6382737081204,12.6632595116411,5.88713801354608,2.31321674052004,2.188,2.878
E01003469,Other LSOAs,10.7813446396124,11.7504542701393,8.73948126639565,-2.14505552414602,2.442,3.321
E01003470,High older mismatch,10.8054027013507,11.2056028014007,12.0639232490924,5.83123129357959,2.141,3.052
E01003471,Other LSOAs,17.20741599073,11.3557358053302,-20.9497219903892,-1.42723246079814,1.469,2.367
E01003472,High care mismatch,11.2676056338028,16.234247590808,-1.02399229509317,33.870380809319,0.437,0.437
E01003473,Other LSOAs,12.1685927940177,12.100611828688,-38.3240407235782,2.34532490719113,0.068,0.068
E01003474,High care mismatch,13.2841328413284,13.1365313653137,2.33768129017953,36.4969276322993,0.471,0.471
E01003476,Other LSOAs,8.76404494382022,12.3595505617978,1.12693585070124,10.0161773975175,0.63,0.84
E01003477,High care mismatch,10.7008760951189,13.2665832290363,6.5586063766194,23.9636590560018,0.353,0.926
E01003478,High care mismatch,7.90162218733647,13.7100994243851,-31.4700711564208,15.9010491929539,0.443,0.443
E01003479,High care mismatch,8.60284605433376,12.8719275549806,-17.8666224463194,15.5505401564186,0.407,0.407
E01003480,Other LSOAs,8.652411735455,8.35405271009448,-43.0279487338587,-18.2936158775166,0.227,0.227
E01003481,Other LSOAs,9.15875169606513,9.22659430122117,-49.7001718968462,-26.4445093395739,0.308,0.308
E01003483,Other LSOAs,9.67937084089534,9.37689050211736,-6.27753778178553,7.43848487993694,1.112,1.112
E01003484,Other LSOAs,5.45353366722315,10.2392877017251,-35.7716992844096,-22.7482989265528,0.643,0.643
E01003485,Other LSOAs,8.54092526690392,10.2016607354686,-35.8815617924632,-14.9123164001574,0.723,0.723
E01003486,Other LSOAs,13.0182421227197,8.54063018242123,-38.8612747320904,-24.7306873591179,0.116,0.116
E01003487,Other LSOAs,8.43195266272189,9.39349112426035,-25.8239566369839,-4.18303248372942,0.381,0.381
E01003488,Other LSOAs,8.86649874055416,10.176322418136,-34.1448657150701,-11.3779403944139,0.439,0.439
E01003489,Other LSOAs,5.44786096256685,10.7620320855615,-23.8924759210667,-9.22713936358758,0.292,0.292
E01003490,Other LSOAs,5.86760280842528,11.5346038114343,-37.2808417087268,-6.67158246278292,0.591,0.591
E01003491,Other LSOAs,12.7584467977811,7.06001008572869,-4.0929210495882,-24.093038702236,0.311,0.311
E01003492,Other LSOAs,7.57501229709788,8.90309886866699,-23.9046635141398,-14.6356402294394,0.875,0.875
E01003494,Other LSOAs,6.62565073355419,11.2162801703739,-10.0405850755945,8.82256992593317,0.967,0.967
E01003495,Other LSOAs,7.61078998073218,11.8015414258189,-18.9198300352948,1.69964850802664,1.215,1.215
E01003496,High older mismatch,7.07898658718331,8.64381520119225,12.2662838365651,10.6457063306873,0.241,0.241
E01003497,High care mismatch,11.4684466019417,9.46601941747573,9.40932007556241,21.0734269557019,0.267,0.267
E01003498,Other LSOAs,5.57341907824223,10.075026795284,-26.2939573661194,-9.70534695145813,0.622,0.622
E01003499,Other LSOAs,9.02192242833052,11.5092748735245,-42.7454176039688,-9.77843172658685,0.943,0.943
E01003500,High older mismatch,8.4513922813874,9.18417195896434,16.6941388640566,10.332068920139,0.413,0.413
E01003501,Other LSOAs,7.68903993203059,10.7901444350042,-35.1717342086988,-13.2841443925464,0.749,0.749
E01003502,Other LSOAs,6.2874251497006,9.16916167664671,-49.0079225398097,-25.20758334204,0.789,0.789
E01003503,Other LSOAs,4.78336221837088,7.79896013864818,-59.5885253435256,-35.193301971535,0.409,0.409
E01003506,Other LSOAs,8.07017543859649,9.47368421052632,-39.1556453139407,-3.81983063651383,0.288,0.288
E01003507,Other LSOAs,9.24778761061947,9.11504424778761,-57.1714475464885,-34.7613136877894,1.208,1.208
E01003508,Other LSOAs,5.48159749412686,9.71025841816758,-41.1838745428163,-18.3156063837903,0.833,0.833
E01003509,Other LSOAs,7.22599418040737,13.3365664403492,-45.9591249951124,0.164334742566652,1.078,1.078
E01003511,Other LSOAs,6.76378772112383,10.2497398543184,-23.1458724632187,-1.74314785675382,0.618,0.618
E01003512,Other LSOAs,9.39393939393939,9.8989898989899,-23.4262681038089,1.56764555930973,0.412,0.412
E01003513,High care mismatch,6.14990390775144,12.2357463164638,8.98777602141376,19.164227284027,0.37,0.37
E01003514,High care mismatch,6.94444444444445,11.5942028985507,-15.2699350352041,17.6807427353669,0.441,0.441
E01003515,Other LSOAs,8.58633776091082,9.58254269449715,-13.2639326114559,13.8883881321489,0.011,0.011
E01003516,Other LSOAs,7.88777130757014,11.3816834303865,-10.7249569637321,14.9389844169519,0.814,0.814
E01003517,High care mismatch,8.07651434643996,12.1147715196599,-31.5271381337374,18.8026096897112,0.555,0.555
E01003518,Other LSOAs,7.50915750915751,11.5995115995116,-4.93792336629061,2.14708243922681,0.908,0.908
E01003519,Other LSOAs,8.13810110974106,6.72009864364981,-21.4694806846108,-1.27627632127703,0.613,0.613
E01003520,Other LSOAs,9.25176946410516,8.08897876643074,-5.74078444855851,7.07729805932485,0.307,0.307
E01003521,Other LSOAs,7.09350529709811,9.120221096269,-56.115688833814,-45.6711945340523,0.431,0.431
E01003522,Other LSOAs,8.90447922288181,10.4695089044792,-25.7917161324587,-14.4542090222313,0.445,0.445
E01003523,Other LSOAs,9.66693744922827,8.44841592201462,-52.5493929714765,-27.8661458807355,0.925,0.925
E01003524,Other LSOAs,8.55809128630705,10.2697095435685,-34.6333790686062,-23.5526657365263,0.726,0.726
E01003525,Other LSOAs,9.16104146576663,9.11282545805207,-63.3204810458032,-55.5540232591675,0.792,0.792
E01003526,Other LSOAs,9.72886762360447,7.60233918128655,-54.0601473150571,-33.8619984834223,0.926,0.926
E01003527,Other LSOAs,8.64332603938731,10.2844638949672,-29.6627702291049,2.37457071717311,1.218,1.218
E01003528,High care mismatch,9.19117647058824,11.4705882352941,-14.9317204435047,26.1450851122317,0.916,0.916
E01003529,Other LSOAs,10.752688172043,6.98924731182796,-21.2388009629103,-26.0234307787711,0.481,0.481
E01003530,Other LSOAs,9.14376321353065,7.2938689217759,-14.4427236340766,-13.747175319872,0.619,0.619
E01003531,Other LSOAs,9.86228342958685,7.1968014215904,-56.9967331105796,-38.9661169742547,0.334,0.334
E01003532,Other LSOAs,9.00043271311121,4.9762007788836,-38.4602604203765,-54.9078270492622,0.275,0.275
E01003533,Other LSOAs,8.94554883318928,7.86516853932584,-40.173304300528,-20.9574135306992,0.634,0.634
E01003534,Other LSOAs,8.43373493975904,9.29432013769363,-29.6695542672535,-17.0962924595288,0.67,0.67
E01003535,High older + care mismatch,8.58067997841338,12.0345385860766,15.1627367049839,44.0402237078201,1.49,1.49
E01003536,High care mismatch,6.12918434700613,11.7397454031117,-13.2760274400216,21.1304837397489,1.192,1.192
E01003537,High care mismatch,7.36111111111111,11.5277777777778,-8.57029388661497,18.9512205984504,1.377,1.377
E01003538,Other LSOAs,9.12494150678521,10.8563406644829,2.9124563831725,12.9619402538068,1.119,1.119
E01003539,Other LSOAs,6.71167593328038,9.88880063542494,-7.95547362696745,11.4294580191857,1.528,1.528
E01003540,High care mismatch,6.15157480314961,10.3838582677165,-0.642005965782568,19.7885787054134,0.845,0.845
E01003541,High care mismatch,5.92592592592593,10.8148148148148,2.53149380998263,19.222190205377,1.016,1.016
E01003542,Other LSOAs,6.50515926424406,11.4401076716016,-28.8610404630742,1.33670029403781,1.405,1.405
E01003543,Other LSOAs,8.3154736390913,10.2871838834119,-40.5234753844016,-26.0208487024884,0.13,0.13
E01003544,Other LSOAs,7.95140806184429,9.82882385422418,-31.110447108868,-6.09327954240043,0.509,0.509
E01003545,Other LSOAs,6.96744717304398,9.08052541404911,-33.6562405682481,-18.074738234191,0.437,0.437
E01003546,Other LSOAs,6.93512304250559,10.0111856823266,-59.9800284690845,-28.3776559417509,0.154,0.154
E01003547,Other LSOAs,11.1963190184049,8.74233128834356,1.63196436134133,0.644813044229313,0.493,0.493
E01003548,Other LSOAs,9.48352626892253,7.61353517364203,-13.9376351322007,-27.5310436215857,0.567,0.567
E01003549,Other LSOAs,6.69811320754717,10.6603773584906,-12.5679097872807,-4.6584748142814,0.458,0.458
E01003550,Other LSOAs,8.03370786516854,10,-23.5974782967902,3.77516377962701,0.36,0.36
E01003551,Other LSOAs,9.83606557377049,8.90710382513661,-11.1926411854865,8.4339356188077,0.726,0.726
E01003552,Other LSOAs,9.7683155917345,9.07952410770194,-16.8568832812136,-5.75905095900519,0.76,0.76
E01003553,Other LSOAs,6.37982195845697,11.1770524233432,-7.02498625682626,10.7624251596258,0.484,0.484
E01003554,Other LSOAs,9.74196945760927,5.89784096893102,-21.5967301125008,-27.5028423248344,0.772,0.772
E01003555,Other LSOAs,11.0286320254507,5.35524920466596,-23.4181042575503,-30.1231249918991,0.598,0.598
E01003556,Other LSOAs,6.45981688708037,11.8006103763988,-46.0127530867071,-15.2632831122638,0.197,0.197
E01003557,Other LSOAs,6.69391926417987,9.04445579969341,-17.7796198951879,-21.197787796725,0.574,0.574
E01003558,Other LSOAs,7.4009324009324,10.3729603729604,-10.8101947247722,3.34260453533905,0.45,0.45
E01003559,Other LSOAs,5.69275847634994,8.24612808706572,-28.1266963268123,-17.1554342959066,0.345,0.345
E01003560,Other LSOAs,8.42797369994023,8.06933652121937,-28.4742386122881,-24.9186508287082,0.623,0.623
E01003561,Other LSOAs,9.04317386231038,7.93465577596266,-36.3164232253673,-29.9320180875799,0.746,0.746
E01003562,Other LSOAs,10.4662226450999,7.32635585156993,-36.1133649220015,-24.8246080875089,0.838,0.838
E01003563,Other LSOAs,5.83524027459954,7.85659801678108,-43.8460489750767,-23.8636274583109,0.829,0.829
E01003564,Other LSOAs,6.59062103929024,9.25221799746515,-39.5700537493967,-33.0772572820395,0.514,0.514
E01003565,Other LSOAs,6.2200956937799,8.70813397129187,-35.5212259080037,-29.696563553768,0.466,0.466
E01003566,Other LSOAs,6.77534386143658,9.47529291900153,-53.4300650344926,-38.8845737357176,0.25,0.25
E01003567,Other LSOAs,5.89147286821705,9.56072351421188,-42.0322111256523,-27.7116711865946,0.777,0.777
E01003568,Other LSOAs,10.1275608813297,5.4116737533823,-35.4512446947027,-31.1336966646649,0.373,0.373
E01003569,Other LSOAs,6.89655172413793,6.28803245436106,-52.8804052652019,-36.8821466865928,0.181,0.181
E01003570,Other LSOAs,7.49083289680461,8.85280251440545,-39.5004650505908,-32.0561423340746,0.584,0.584
E01003571,Other LSOAs,8.64793678665496,6.89201053555751,-45.459044780811,-33.9789364448875,0.763,0.763
E01003572,Other LSOAs,8.42293906810036,7.10872162485066,-46.7378139247331,-42.8178735612721,0.879,0.879
E01003573,Other LSOAs,8.00513698630137,7.02054794520548,-44.005999688491,-26.136933964398,0.789,0.789
E01003574,Other LSOAs,11.3770105923892,8.74852883483719,-47.7123704622087,-25.8612317456442,0.768,0.768
E01003575,Other LSOAs,8.07228915662651,10.2409638554217,-26.4052823665104,-18.9618542920005,0.985,0.985
E01003576,Other LSOAs,7.17065036131184,12.7292940522513,-36.512507365657,-2.69873483478669,0.759,0.759
E01003577,High care mismatch,5.57885906040269,14.6812080536913,-17.7304973131664,41.2145708824505,0.712,0.712
E01003578,High care mismatch,4.81203007518797,13.3333333333333,8.68674784362056,54.0718485709426,0.689,0.689
E01003579,Other LSOAs,8.25780463242699,9.01309164149043,-27.6841384277436,-8.17189010064453,0.702,0.702
E01003580,High care mismatch,6.64667666166917,12.743628185907,2.80678673466016,31.0185756265266,1.314,1.314
E01003581,Other LSOAs,7.54716981132076,9.5449500554939,-30.9197848675861,-9.57326367471955,0.795,0.795
E01003582,High care mismatch,7.32623669380088,10.7075767063244,-8.60332767267562,17.0476119790331,0.97,0.97
E01003583,Other LSOAs,8.53600381497377,11.3018597997139,-28.7410291315605,-7.54133744650644,1.051,1.051
E01003584,High older + care mismatch,12.9049111807732,8.25496342737722,14.6133242785984,17.4468613399443,0.406,0.406
E01003585,Other LSOAs,8.58895705521472,6.93251533742331,-33.071561483157,-10.506332456102,0.556,0.556
E01003586,Other LSOAs,7.16630196936543,8.97155361050328,-0.739500929049195,3.51303306174147,0.295,0.295
E01003587,Other LSOAs,7.68302493966211,12.912308930008,-17.3821397093867,12.621330221328,0.256,0.256
E01003588,Other LSOAs,8.39205637411915,8.45611787315823,-12.3053158483385,-13.6662326208173,0.454,0.454
E01003589,Other LSOAs,7.4313408723748,9.20840064620355,-20.7936735928914,-1.77651502417114,0.613,0.613
E01003590,High care mismatch,10.5099502487562,13.4328358208955,4.46044370580802,32.3694845525431,0.162,0.162
E01003591,Other LSOAs,6.7435669920142,10.5590062111801,-26.6860911005989,-10.2107307090344,0.25,0.25
E01003592,Other LSOAs,8.52754237288136,9.05720338983051,-37.5785288530144,-7.92360193330043,0.649,0.649
E01003593,Other LSOAs,9.41644562334218,9.41644562334218,-38.581762038888,-0.47056549243672,0.23,0.23
E01003594,Other LSOAs,6.84181718664477,9.19540229885057,-40.8357043670414,-7.59473786962401,0.396,0.396
E01003595,Other LSOAs,10.3695532266961,8.05295091009377,-33.824016513569,-22.3513117289239,0.413,0.413
E01003596,Other LSOAs,8.91608391608392,10.3729603729604,-37.0071456169635,0.300694386894065,0.503,0.503
E01003597,Other LSOAs,11.2733911455956,5.29438612505705,-42.0549589680429,-33.5953863160698,0.658,0.658
E01003598,Other LSOAs,7.23336853220697,11.1932418162619,-63.1693704000489,1.74668466235155,0.371,0.371
E01003599,Other LSOAs,8.66666666666667,9.27272727272727,0.805512075354777,2.2870584002934,0.372,0.372
E01003600,Other LSOAs,8.11309157959435,8.9121081745544,-68.8478308055678,-17.2503628016585,0.212,0.212
E01003601,Other LSOAs,8.35983643798273,10.0863243980009,-53.607250676069,-24.7907510738127,1.349,1.349
E01003602,Other LSOAs,6.38977635782748,8.7631218621634,-55.7112395539574,-25.5493196554874,1.098,1.098
E01003603,Other LSOAs,6.53964984552008,11.6889804325438,-10.7030407315276,-3.96206068119174,1.249,1.249
E01003604,Other LSOAs,6.5938864628821,12.0960698689956,-32.6723384878221,6.14163354473801,1.034,1.034
E01003605,Other LSOAs,9.31017848528702,10.6608779546551,-31.8621748155656,1.25959404662539,0.727,0.727
E01003607,Other LSOAs,6.5331928345627,11.4857744994731,-70.2163557066867,-24.3497552634778,0.78,0.78
E01003608,Other LSOAs,7.33628754308223,11.5214180206795,-41.2535277243618,-14.0023310651581,1.044,1.044
E01003611,High care mismatch,6.52395514780836,14.2711518858308,-37.3255294108015,26.9761866397223,0.199,0.199
E01003615,Other LSOAs,8.968347010551,8.85111371629543,-42.2941631126983,-31.8378234663703,0.498,0.498
E01003616,Other LSOAs,7.52571737953438,9.14997292907417,-47.731015834875,-37.5259268387975,0.165,0.165
E01003618,Other LSOAs,7.18061674008811,7.62114537444934,-55.2469759083306,-44.8409725649762,0.511,0.511
E01003619,Other LSOAs,6.56728444802579,12.7316680096696,-35.3423472903206,0.185364201788929,0.182,0.182
E01003621,Other LSOAs,7.20775287704422,9.8122350090854,-31.3524143277814,-3.1084430593011,0.814,0.814
E01003622,Other LSOAs,5.22839845899835,11.7226197028068,-26.410950135633,8.78314405517423,1.079,1.079
E01003623,Other LSOAs,6.37813211845103,10.3644646924829,1.53970229674429,12.0775922884599,1.261,1.261
E01003624,Other LSOAs,8.08736717827627,9.97638724911452,-46.8458989758757,-20.6852144722206,1.121,1.121
E01003625,High older + care mismatch,6.71819262782402,9.92865636147443,11.5394435395568,36.1627892317018,0.895,0.895
E01003626,Other LSOAs,6.82897862232779,8.729216152019,-1.63516328885048,-1.91906930084034,0.531,0.531
E01003627,Other LSOAs,9.37704918032787,8.0655737704918,-13.4711464905162,-18.701221347527,0.521,0.521
E01003628,Other LSOAs,8.39243498817967,8.45153664302601,-11.0486670139505,6.3431781056617,0.807,0.807
E01003629,Other LSOAs,7.70811921891059,8.89003083247687,-37.2217112123446,-35.5000471791398,0.369,0.369
E01003630,Other LSOAs,9.36507936507937,8.46560846560847,-46.0648961209285,-23.8827764000071,0.273,0.273
E01003631,Other LSOAs,7.60986066452304,8.14576634512326,-16.6629192639964,-30.6927133785277,0.306,0.306
E01003632,Other LSOAs,9.48453608247423,7.01030927835052,-13.009384429435,-14.3284353736901,0.442,0.442
E01003633,Other LSOAs,6.72043010752688,11.0752688172043,-52.8416002213893,-26.5424909635104,0.296,0.296
E01003634,Other LSOAs,9.82295830953741,8.79497430039977,-61.970551022893,-22.3396901402613,0.363,0.363
E01003635,Other LSOAs,10.5753424657534,6.13698630136986,-5.135850694824,-1.50316370853273,0.705,0.705
E01003636,Other LSOAs,6.4207650273224,10.1548269581056,-52.344420049619,-8.86674047906453,0.564,0.564
E01003637,Other LSOAs,7.67195767195767,6.45502645502646,-33.5852269880198,-24.7057796670629,0.407,0.407
E01003638,Other LSOAs,16.1510225485055,9.64866282118511,10.2576507141812,-10.2266877817277,0.593,0.593
E01003639,High older + care mismatch,12.4944616747895,12.1400088613203,25.6275065093415,31.6901594063848,0.372,0.372
E01003640,High older + care mismatch,11.9570771589167,10.9862033725089,21.4913483297403,40.7259564603297,1.771,1.771
E01003641,High older mismatch,13.3726647000983,8.21042281219272,18.3721308669987,3.16612211654454,0.714,0.714
E01003642,High older mismatch,11.4382785956965,9.90939977349943,20.4429207465972,12.0114796936342,0.646,0.646
E01003643,Other LSOAs,14.9010989010989,10.1098901098901,-3.52246169977348,-9.99022445498623,0.743,0.743
E01003644,Other LSOAs,13.6033857315599,9.55259975816203,1.87707277227949,-1.45680777151558,0.828,0.828
E01003645,Other LSOAs,8.82669537136706,13.778256189451,-53.6765664097744,-29.8654274454066,0.38,0.38
E01003646,High older mismatch,14.4572025052192,8.24634655532359,22.925242631831,-1.86106669132999,0.627,0.627
E01003647,Other LSOAs,11.6089613034623,10.6924643584521,-0.252611300795572,8.0832655452421,0.484,0.484
E01003648,High older mismatch,19.3654990085922,8.39391936549901,12.4423224818326,-3.75975233419988,1.04,1.04
E01003649,Other LSOAs,15.1732377538829,9.49820788530466,-5.1745275518976,-6.80037685008128,0.938,0.938
E01003650,Other LSOAs,14.221472737493,10.3428892636313,-4.83954985811896,-21.5465503407271,0.872,0.872
E01003651,High older mismatch,18.3079973562459,7.66688697951091,20.4244529898908,-7.97281686748514,0.529,0.529
E01003652,Other LSOAs,12.5696594427245,9.47368421052632,-5.17171752171296,-6.97443061179417,0.556,0.556
E01003653,Other LSOAs,7.96296296296296,11.7592592592593,-7.61488046513577,7.53002347911274,0.317,0.317
E01003654,High care mismatch,12.0070629782225,11.8304885226604,-13.6570243124914,27.3359624865411,0.393,0.393
E01003655,Other LSOAs,15.4238368387508,9.81516889738687,-21.059174665172,-13.8020922342136,0.216,0.216
E01003656,High care mismatch,14.1848523748395,11.1039794608472,-1.94347153850349,32.3744783305732,1.132,1.132
E01003657,High older + care mismatch,17.1968649147072,10.4195481788843,12.8688339270836,25.0375588825003,1.529,1.529
E01003658,Other LSOAs,13.469387755102,11.1953352769679,-10.8472948062219,10.3148044890911,0.459,0.459
E01003659,High older + care mismatch,11.6107000569152,13.2043255549232,17.7879299266482,30.7168656833875,1.007,1.007
E01003660,High care mismatch,14.5352112676056,12.2253521126761,10.5707817800325,28.7416975396542,0.336,0.336
E01003661,Other LSOAs,12.4268347591175,11.9315623592976,-28.9946296649147,-4.4399142139734,0.563,0.563
E01003662,Other LSOAs,7.28631480616534,11.6767865483419,-18.4381194280641,-9.7578276846092,0.242,0.242
E01003663,High older mismatch,18.2976554536188,10.5504587155963,32.3304528101655,-3.61343962487352,1.399,1.399
E01003664,High care mismatch,9.46157867224255,11.9707266074229,-5.60084404311958,21.8808121944584,1.089,1.089
E01003665,Other LSOAs,12.0981881940386,10.2863822326125,-20.1619671536956,-21.3163611752849,0.931,0.931
E01003666,High care mismatch,4.82093663911846,16.2878787878788,-13.3908354035395,32.2907187245791,0.763,0.763
E01003668,Other LSOAs,16.52123327516,9.48225712623618,-20.7304484949591,-26.364320533752,0.254,0.254
E01003669,Other LSOAs,14.5255003227889,12.7178825048418,-18.5923341795187,13.1144581975622,1.106,1.106
E01003670,Other LSOAs,16.9712793733681,11.3577023498695,-22.1859977249446,-7.73089834082187,1.13,1.13
E01003671,High care mismatch,16.7841127482383,12.8763613068546,-2.69494417927398,24.4479871377998,0.815,0.815
E01003672,Other LSOAs,12.1462264150943,12.3820754716981,-45.161803802912,-16.2357730039964,0.838,0.838
E01003673,High care mismatch,10.3916449086162,12.8981723237598,3.01043200278955,24.2651266099792,1.109,1.109
E01003674,Other LSOAs,10.6523534269199,12.5103220478943,-27.2029382298241,0.580920668381701,0.496,0.496
E01003675,High older mismatch,14.7007553747821,7.49564206856479,24.3055293527654,7.59560976181066,0.234,0.234
E01003676,High older mismatch,12.680412371134,8.09278350515464,21.2586751171742,-5.79654748100891,0.536,0.536
E01003677,High older mismatch,16.4269911504425,7.85398230088496,19.8921820302235,-6.70400393310985,1.106,1.106
E01003678,High older + care mismatch,16.8292682926829,9.08536585365854,22.3125380298861,17.4612158689111,1.386,1.386
E01003679,High older mismatch,14.7895335608646,8.87372013651877,13.6989498171015,-2.2203519523131,1.535,1.535
E01003680,Other LSOAs,14.5170965806839,8.87822435512898,3.78627470581304,-18.0836791704875,1.237,1.237
E01003681,High older mismatch,16.6666666666667,10.435212660732,32.9484848552802,4.6757260607355,1.149,1.149
E01003682,High older mismatch,14.1163793103448,8.56681034482759,23.0312892157982,4.33258842289725,0.839,0.839
E01003683,Other LSOAs,8.27617741197988,10.1508916323731,-7.66816279943149,5.78768440238579,1.166,1.166
E01003684,Other LSOAs,8.57449088960343,9.59271168274384,-7.14298301347683,4.78581274165024,1.363,1.363
E01003685,Other LSOAs,9.09090909090909,8.25974025974026,-25.4093544541791,-6.97566070614566,0.854,0.854
E01003686,Other LSOAs,11.4299851558634,8.01583374567046,-5.68318080089074,-13.5355425100742,1.065,1.065
E01003688,Other LSOAs,10.7065217391304,9.72826086956522,-46.8385795087628,-11.153564022266,0.758,0.758
E01003689,Other LSOAs,9.74842767295597,10.377358490566,-56.9287514606925,-33.3503454819236,0.506,0.506
E01003690,Other LSOAs,14.066852367688,11.3741875580316,2.94952621458039,14.5432441065931,0.752,0.752
E01003691,Other LSOAs,10.6965174129353,8.45771144278607,-1.39897099336963,-3.36030927430121,1.162,1.162
E01003692,High older + care mismatch,12.3245881635143,9.51799877974375,19.2200646843928,18.1178421804743,0.653,0.653
E01003693,High older + care mismatch,12.5146886016451,6.58049353701528,14.0527134429355,24.0833985316148,0.834,0.834
E01003694,High older mismatch,19.031377899045,7.50341064120055,18.102660481274,-10.7884790991088,0.958,0.958
E01003695,High older mismatch,13.7022397891963,8.76152832674572,13.404229318299,0.416383287615808,1.022,1.022
E01003696,High older mismatch,15.4019111860596,7.5885328836425,25.2415345189215,5.02394612836187,0.656,0.656
E01003697,High older + care mismatch,12.6809496236248,8.85929357266937,21.5523758878161,21.1208601172794,0.29,0.29
E01003698,Other LSOAs,13.1716906946265,11.0747051114024,-18.8128446567041,-17.0385925876587,0.854,0.854
E01003699,High older + care mismatch,14.3408360128617,10.4823151125402,12.4126514056965,29.8705198244814,0.598,0.598
E01003700,Other LSOAs,13.3016627078385,9.69912905779889,4.30900487981409,-8.10227746485339,0.314,0.314
E01003701,Other LSOAs,12.0311738918656,10.813443740867,-3.60812432203608,-6.72041725821724,0.552,0.552
E01003702,High older + care mismatch,10.0266193433895,12.1561668145519,22.0455678879427,45.6436670381369,0.247,0.247
E01003703,High older + care mismatch,14.916918429003,11.1404833836858,26.6405128492609,43.7458870188094,1.761,1.761
E01003704,Other LSOAs,11.1275233874938,10.5859182668636,-21.5930070610794,-12.9802521611897,0.515,0.515
E01003705,Other LSOAs,11.5654688145394,11.6893845518381,9.19786584043774,-11.0870554451036,0.7,0.7
E01003706,High older mismatch,13.924794359577,12.3384253819036,27.1386027689772,12.9314225740635,1.25,1.25
E01003707,Other LSOAs,15.9790438768828,9.69220694171578,6.48455258246476,-10.6499727511382,2.107,2.107
E01003708,High care mismatch,8.24442289039767,12.560620756547,-3.72493429803142,21.4653488532451,1.96,1.96
E01003709,High older mismatch,16.4221218961625,10.2144469525959,25.6173569020166,9.65970679034393,1.635,1.635
E01003710,High older mismatch,20.3947368421053,6.71052631578947,11.9977283194316,-24.5155397622945,1.801,1.801
E01003711,Other LSOAs,17.2594142259414,11.0878661087866,-11.111602255549,-5.41533115736425,0.817,0.817
E01003712,High older mismatch,13.8,9.53333333333333,19.0938657870637,7.70291433435612,1.301,1.301
E01003713,Other LSOAs,11.2466843501326,7.16180371352785,-9.09915150835447,2.58615842783625,0.567,0.64
E01003714,Other LSOAs,7.85773366418528,10.2564102564103,-39.6105991182235,-8.88169854845881,0.242,0.242
E01003715,Other LSOAs,9.56247180875056,8.07397383852052,-31.9090766170641,-12.9902356137906,0.412,0.412
E01003716,Other LSOAs,13.3040131940627,7.69653655854865,7.10943251912889,-14.8824239605943,0.896,1.197
E01003718,High care mismatch,7.03592814371257,14.4710578842315,-3.91427406718705,22.881220459071,0.199,1.152
E01003719,Other LSOAs,11.1850311850312,10.6444906444906,-8.96289536876948,5.54955209837286,0.603,1.22
E01003720,High older mismatch,17.0135275754422,9.83350676378772,14.2428255352923,-2.00628333249186,1.17,1.17
E01003721,High care mismatch,15.1291512915129,11.702688455456,-3.13075985742688,16.4331881024168,0.417,0.417
E01003722,High older + care mismatch,9.83877635386523,11.7817279867714,18.3341669748846,24.97462140504,1.712,1.712
E01003723,Other LSOAs,12.8981723237598,11.0704960835509,1.10643141875101,5.58042739201859,1.36,1.36
E01003724,High older + care mismatch,13.4952766531714,10.9986504723347,24.005438710353,26.6883006066398,0.346,0.346
E01003725,High care mismatch,10.221465076661,13.0039750141965,-11.9544108728821,17.8547923012253,0.596,0.596
E01003726,High care mismatch,5.5379746835443,13.0537974683544,10.5966112290698,39.2324094725925,2.825,2.825
E01003727,Other LSOAs,11.1547085201794,10.2578475336323,-16.1872300562974,6.80246497247637,0.97,0.97
E01003729,Other LSOAs,7.83981951494642,9.64467005076142,-35.7682595772105,-8.42560095160447,0.763,0.763
E01003730,Other LSOAs,7.8847199564981,9.35290918977705,-20.357099885738,6.21098343771076,0.991,0.991
E01003731,Other LSOAs,7.91519434628975,10.1766784452297,-41.3458326206428,-8.44894491289718,1.052,1.052
E01003732,High care mismatch,7.98250410060142,15.9650082012028,-3.44779539924652,32.6230702803655,1.03,1.03
E01003733,Other LSOAs,7.66721044045677,9.62479608482871,-12.9822300122859,0.455669850492342,1.112,1.112
E01003734,Other LSOAs,8.5558583106267,8.93732970027248,-35.6035003586516,-20.6662365290302,0.824,0.824
E01003735,Other LSOAs,8.68121442125237,11.8121442125237,-19.4190076061494,2.07321273748696,0.86,0.86
E01003736,Other LSOAs,3.68369351669941,9.13555992141454,-34.4212630362062,-4.40558382713477,0.749,0.749
E01003737,High older mismatch,11.0215053763441,6.1491935483871,15.2914974718643,-7.89642567884571,0.935,0.935
E01003738,High older mismatch,11.1905763567522,9.04501472444258,19.7308115373681,14.874236555019,1.403,1.403
E01003739,High older mismatch,9.34111759799833,9.79983319432861,11.6481998389755,5.90254365743458,1.456,1.456
E01003740,Other LSOAs,12.2862286228623,8.01080108010801,-4.04956537857179,-6.87466499314488,0.9,0.9
E01003741,High care mismatch,14.9071358748778,10.8015640273705,9.35971073824204,31.1577998330601,1.2,1.2
E01003742,Other LSOAs,6.78180286436394,9.73041280539174,-36.6477756301542,-17.0240959600207,0.61,0.61
E01003743,Other LSOAs,11.297950604309,9.09090909090909,7.30809365134152,0.835274158816674,1.148,1.148
E01003744,High older + care mismatch,25.6710254645561,10.3922918100482,50.0779382765984,18.5020255726317,1.474,1.474
E01003745,High older + care mismatch,20.2406227883935,10.4741684359519,34.0558479786789,19.5883700458556,0.804,0.804
E01003746,High older mismatch,26.4524103831891,10.1977750309023,45.0454203624118,-2.84259732958149,1.308,1.308
E01003747,High older + care mismatch,20.2354672553348,11.4790286975717,29.3976834111341,27.2980970616274,0.605,0.605
E01003748,Other LSOAs,23.4575442883323,10.2626756261454,1.86486297136523,5.71077077008877,0.441,0.441
E01003749,Other LSOAs,16.5439093484419,11.3314447592068,-9.57309889954627,-0.00659902413533331,0.408,0.408
E01003750,High older mismatch,20.1044386422977,10.3916449086162,23.8447935380448,2.09631948538033,0.851,0.851
E01003751,High older + care mismatch,10.6420404573439,9.27880386983289,14.4272680252416,20.6571780247433,0.909,0.909
E01003752,Other LSOAs,10.9267940858276,9.34006491164803,8.18343163423691,12.9743029762381,0.814,0.814
E01003753,Other LSOAs,10.0603621730382,12.0724346076459,-16.8449523756771,12.3821252010566,0.296,0.296
E01003754,Other LSOAs,17.3837209302326,7.5,0.396616845078484,1.79868460284159,0.438,0.438
E01003755,Other LSOAs,8.57853294653958,10.6920845420638,-4.42818723239813,14.021102809007,0.747,0.747
E01003756,Other LSOAs,10.1321585903084,10.8129755706848,3.86929303419148,1.88908036334912,0.947,0.947
E01003757,Other LSOAs,11.1630079402149,9.71508640822046,-6.84851442715604,8.40513461853838,0.465,0.465
E01003759,High older mismatch,17.4242424242424,11.8686868686869,15.0242410137819,-4.43981309775891,0.576,0.576
E01003760,High older mismatch,10.9820485744456,11.1404435058078,15.6777915262683,12.2383414448688,0.919,0.919
E01003761,High care mismatch,6.47639956092206,15.2579582875961,9.46802032210761,49.6936130424314,0.903,0.903
E01003762,High care mismatch,11.1496244945118,12.8827267475448,2.18563782327035,20.2325408563174,0.687,0.687
E01003763,High older + care mismatch,15.0248756218905,10.9452736318408,27.7145687061243,22.6912535578544,1.252,1.252
E01003764,High care mismatch,10.8788598574822,13.0641330166271,0.131079353419086,30.3293115372289,0.711,0.711
E01003765,Other LSOAs,8.92212480660134,12.8416709644146,-24.9252897689416,-11.8050714568007,0.441,0.441
E01003766,High care mismatch,10.2988505747126,10.7586206896552,3.84227509998672,24.2862152915733,0.574,0.574
E01003767,Other LSOAs,8.46994535519126,12.0673952641166,-3.83661885215351,7.30317706055479,0.486,0.486
E01003768,High care mismatch,10.7700312174818,10.7700312174818,7.48814800302601,28.9490209614464,0.381,0.381
E01003769,Other LSOAs,9.70149253731343,11.407249466951,-23.8824452739669,-18.9680396232156,0.133,0.994
E01003770,High older + care mismatch,7.96398891966759,11.2534626038781,13.4088418007156,19.51985415835,1.215,1.417
E01003771,Other LSOAs,12.9732739420935,9.79955456570156,9.84450115629804,8.64635805508139,0.684,1.15
E01003772,High care mismatch,11.784140969163,9.8568281938326,-12.3006297128067,17.4055751950217,0.798,0.798
E01003773,Other LSOAs,10.2900930487137,11.056376573618,-7.08640256381158,5.62869750607968,0.453,1.07
E01003774,High older + care mismatch,13.3402275077559,13.1851085832472,20.60744274537,29.3605545326583,0.567,0.567
E01003775,High older + care mismatch,18.5765983112183,9.28829915560917,34.412412551789,19.3628719355332,0.771,0.771
E01003776,High older mismatch,23.2947976878613,8.26589595375723,47.992116795843,0.862289134122474,0.447,0.447
E01003777,Other LSOAs,14.5833333333333,8.71710526315789,-44.1423445949976,-27.9674918799913,0.451,0.451
E01003778,Other LSOAs,14.9023638232271,10.2261048304214,-40.9765354934526,-35.0805781682474,0.391,0.391
E01003779,High older mismatch,19.9757134183364,10.7468123861566,30.1372657638815,-1.92311848020298,0.501,0.501
E01003780,High older + care mismatch,20.8306709265176,9.45686900958466,32.7603440477429,20.6192584703392,0.836,0.836
E01003781,Other LSOAs,8.9197224975223,11.199207135778,-21.0177231118267,-18.4182801722003,0.607,0.607
E01003782,Other LSOAs,8.74065554916619,11.2708453133985,-30.3288415856386,-24.5221820817357,0.816,0.816
E01003783,Other LSOAs,8.93633847370502,12.9695531830763,-35.747795251486,-8.27120316281499,0.303,0.303
E01003784,Other LSOAs,8.96414342629482,8.81474103585657,4.80280374234622,11.4894854968615,0.721,0.721
E01003785,High care mismatch,8.31702544031311,10.665362035225,4.41000187349833,15.2479685759954,0.352,0.352
E01003786,High care mismatch,11.3691931540342,10.0855745721271,8.47460208588742,23.0435284648383,1.091,1.091
E01003787,Other LSOAs,12.3861566484517,9.2896174863388,-2.29197730569501,-5.67591736872077,0.967,0.967
E01003788,Other LSOAs,10.0817438692098,13.5694822888283,9.28434053373895,10.5885601721805,0.761,0.761
E01003789,Other LSOAs,18.1754385964912,9.68421052631579,1.4016589429687,8.2120085998962,0.29,0.29
E01003790,High care mismatch,16.5775401069519,12.0320855614973,4.52978896480785,36.9522179284439,1.064,1.064
E01003791,High older + care mismatch,21.1474316210807,10.4069379586391,15.1479917565957,18.271931458495,0.777,0.777
E01003792,Other LSOAs,15.4008438818565,11.4627285513361,3.22027229141649,3.28643833233024,0.911,0.911
E01003793,High older mismatch,14.0506329113924,12.5949367088608,19.7531135398228,11.3800329333292,1.233,1.233
E01003794,High older + care mismatch,16.9250645994832,13.1782945736434,27.1046930535719,36.8332666215389,0.882,0.882
E01003795,High older mismatch,18.9320388349515,11.9741100323625,29.0015352422567,4.12241841716762,0.583,0.583
E01003796,Other LSOAs,17.0886075949367,11.6455696202532,2.87796135700264,12.3245841477648,0.267,0.267
E01003797,High older + care mismatch,25.561797752809,12.9213483146067,46.6962900214423,27.4842218066887,1.639,1.639
E01003798,Other LSOAs,22.5462304409673,10.8108108108108,4.08867957781016,-8.24566757413313,2.059,2.059
E01003799,High care mismatch,16.4548919949174,11.7534942820839,-0.806723313379397,28.3882016825239,1.835,1.835
E01003800,High older mismatch,16.9773635153129,11.8508655126498,31.5738328042034,7.73037832064905,1.416,1.416
E01003801,High older + care mismatch,17.0826833073323,10.9984399375975,14.3772125060808,17.0156763670926,0.807,0.807
E01003802,High older + care mismatch,19.4404591104735,12.5538020086083,29.7187054330467,35.1795253685267,1.328,1.328
E01003803,High older mismatch,12.7974276527331,11.5112540192926,26.1827070033901,6.06879566059605,1.238,1.238
E01003804,Other LSOAs,12.9522810697431,14.7351861562664,-8.06790570596193,12.8417883479509,1.726,1.726
E01003805,High older + care mismatch,21.1349160393746,14.186450492183,36.7355232021066,34.26780217678,2.057,2.057
E01003806,High older + care mismatch,18.8858695652174,12.9076086956522,33.1648561734003,41.5335578139194,2.977,2.977
E01003807,Other LSOAs,12.4046771733604,12.4046771733604,4.0398448327358,3.25255270098612,1.696,1.696
E01003808,Other LSOAs,13.1885593220339,15.0423728813559,5.43650563380242,14.7131741332525,1.998,1.998
E01003809,High older mismatch,21.7289719626168,12.7336448598131,26.6566689279261,12.5338654529426,2.443,2.443
E01003810,High care mismatch,14.3906919779547,13.7170851194121,-15.9753286509547,22.5772497911382,4.658,4.658
E01003811,High older + care mismatch,9.93485342019544,16.6666666666667,14.1286269350516,30.1900459682841,4.463,4.463
E01003812,High older mismatch,10.9375,13.8469827586207,21.0809747370453,8.21811202764167,4.474,4.474
E01003813,Other LSOAs,21.4814814814815,12.6543209876543,-4.33117925766802,14.834881559954,4.587,4.587
E01003814,Other LSOAs,19.2609182530795,10.0223964165733,5.44322690337861,14.874129130158,5.19,5.19
E01003815,Other LSOAs,17.0854271356784,12.6130653266332,-25.3025555156111,7.94191889588549,5.188,5.188
E01003816,High older + care mismatch,17.7113283496262,13.8585393904543,29.580063055819,35.0230810533985,2.378,2.378
E01003817,High older + care mismatch,21.4788732394366,11.9718309859155,45.3656595299477,36.9549099493138,3.617,3.617
E01003818,High older + care mismatch,18.9644416718653,14.2857142857143,13.0906500203029,15.7454210589684,3.35,3.35
E01003819,High older + care mismatch,14.9943630214205,12.4577226606539,30.912434051581,51.1252586480977,2.996,2.996
E01003820,High care mismatch,14.5669291338583,14.4192913385827,6.58260413734412,19.8455001625228,3.549,3.549
E01003821,High care mismatch,12.6328217237308,13.2231404958678,-17.3517029179368,16.2842444588328,1.196,1.196
E01003822,High older mismatch,25.4742547425474,11.0433604336043,10.9412709526053,-2.55283617216791,5.82,5.82
E01003823,High older mismatch,25.014679976512,7.51614797416324,32.6095899043296,6.17302484000598,6.629,6.629
E01003824,Other LSOAs,19.9020208205756,13.9007960808328,-15.014977073708,-6.19917736026387,5.751,5.751
E01003825,High care mismatch,16.6666666666667,14.1328828828829,4.15255352928895,21.6854200430829,5.738,5.738
E01003826,High older mismatch,17.0403587443946,12.0515695067265,34.9901159480561,12.6507335518026,6.5,6.5
E01003827,Other LSOAs,14.8397104446743,13.0299896587384,-1.39148761272045,4.24923844615669,6.434,6.434
E01003828,High older mismatch,25.9332023575639,12.0497707924034,35.0202482333326,-7.88159367223887,5.217,5.217
E01003829,High older + care mismatch,16.371158392435,11.7021276595745,32.2275113857076,15.8764066227253,4.427,4.427
E01003830,High older mismatch,17.7897574123989,12.6684636118598,29.5523133680566,13.9426279081169,4.827,4.827
E01003831,Other LSOAs,18.5603807257585,13.2659131469363,6.32121577155181,14.5658654408487,4.676,4.676
E01003832,High older mismatch,16.0485502360081,10.3843560350641,13.1129051673828,6.40584426373189,5.031,5.031
E01003833,Other LSOAs,17.9226069246436,11.0658520027155,-17.7051560842932,-16.1635191496786,5.128,5.128
E01003834,High older + care mismatch,16.9787765293383,9.86267166042447,33.1060842354549,35.441370101799,6.146,6.146
E01003835,High older + care mismatch,14.8871262965223,14.7651006711409,11.4729270669135,26.334055141343,4.416,4.416
E01003836,High older mismatch,20.4347826086957,12.463768115942,16.3896435167914,8.39910507335582,4.562,4.562
E01003837,High older mismatch,20.6997084548105,12.536443148688,11.5764020929252,-2.55142104488063,4.535,4.535
E01003838,High care mismatch,13.2328308207705,12.9536571747627,9.77414128882448,19.4882418903587,4.925,4.925
E01003839,High older + care mismatch,15.6003505696757,13.2340052585451,26.8888508309132,31.6652064591859,5.356,5.356
E01003840,High care mismatch,12.6027397260274,10.5205479452055,0.660279583909784,16.0699919058035,1.919,1.919
E01003841,High care mismatch,9.52380952380952,13.3610725843736,-7.86196221915547,39.5401140232107,2.289,2.289
E01003842,Other LSOAs,14.97668997669,12.5874125874126,-18.8869805168429,3.74899425877103,2.674,2.674
E01003843,High older + care mismatch,16.8321299638989,10.5595667870036,11.777086957589,24.6703010620639,2.753,2.753
E01003844,Other LSOAs,23.4610123119015,10.7387140902873,8.75939602023395,-2.70157317348461,2.735,2.735
E01003845,High older mismatch,22.3784417106034,10.0175746924429,13.0648766403192,3.67704096299514,2.997,2.997
E01003846,Other LSOAs,18.1977764774722,12.2878876535986,-21.1723284428528,-20.8454753555896,0.224,0.224
E01003847,High older mismatch,17.3167848699764,9.33806146572104,28.1946304801694,-1.83877001337868,0.672,0.672
E01003848,Other LSOAs,11.7461982170949,12.8474042999476,-9.65818952915961,4.03891815864025,0.764,0.764
E01003849,Other LSOAs,20.5228758169935,11.5686274509804,7.23770069283947,12.6252103180172,0.52,0.52
E01003851,High older mismatch,23.1105559025609,11.367895065584,29.10751796749,10.6366975408349,0.694,0.694
E01003852,High care mismatch,18.9705882352941,10,8.67871052606819,15.2681176894451,2.184,2.184
E01003853,High care mismatch,22.8351955307263,11.6620111731844,2.15910658790495,19.979983278365,2.179,2.179
E01003854,Other LSOAs,15.2434721242061,11.5737473535639,-17.425283748986,-17.50468972017,2.422,2.422
E01003855,Other LSOAs,13.2124352331606,12.020725388601,-3.82506930930337,9.01353218432223,1.415,1.415
E01003856,High care mismatch,9.51536643026005,14.3026004728132,-1.33845944123404,15.9322953385,1.996,1.996
E01003857,High care mismatch,10.031847133758,15.6050955414013,9.65094055681747,24.8302581661762,2.475,2.475
E01003858,High older + care mismatch,12.6735063367532,15.3892576946288,12.1343773434467,25.1032142290835,2.273,2.273
E01003859,High care mismatch,15.2281134401973,14.9815043156597,-12.6067258896178,25.9653861264039,1.471,1.471
E01003860,High care mismatch,13.5939323220537,10.2683780630105,1.13988700208446,27.9443926604294,0.628,0.628
E01003861,Other LSOAs,9.24885028104241,11.9059785385795,-31.6156533297361,-8.22646006138166,0.635,0.635
E01003862,High care mismatch,11.6640746500778,13.6858475894246,4.32713029009416,23.0187731294169,1.355,1.355
E01003863,Other LSOAs,20.0413223140496,12.6721763085399,-6.25540464215031,-15.7534214873689,0.837,0.837
E01003864,High older + care mismatch,19.015047879617,12.4487004103967,33.9647074597617,31.6282854593488,0.916,0.916
E01003865,High care mismatch,13.8504155124654,12.8808864265928,4.90150335044549,30.5608395106126,1.174,1.174
E01003866,Other LSOAs,11.8444313494402,15.2032999410725,-16.4132212802392,-12.7072424812973,1.746,1.746
E01003867,High older mismatch,13.8576779026217,12.1098626716604,23.4613049433576,11.4991220534855,2.281,2.281
E01003868,Other LSOAs,11.6709183673469,13.0739795918367,-21.5007616903808,2.94794097830972,1.631,1.631
E01003869,High care mismatch,13.4696331930247,12.6879134095009,10.0338633085373,32.0366117082045,2.115,2.115
E01003870,Other LSOAs,10.052405907575,14.1972367794188,5.31461012244311,11.5291596465172,2.769,2.769
E01003871,High care mismatch,11.9386014781126,14.5537237066515,-7.9203951778178,16.0415748106537,1.507,1.507
E01003872,Other LSOAs,11.4942528735632,11.8773946360153,-6.07777598415197,-3.45204735494737,1.408,1.408
E01003873,Other LSOAs,15.2480097979179,10.4102878138396,-30.7164030785014,-30.0137965067297,0.264,0.264
E01003874,Other LSOAs,12.007874015748,11.4829396325459,-22.4443763564193,-19.6184133256528,0.627,0.627
E01003875,High older + care mismatch,17.7525403466826,13.8673042438733,16.9365506181705,19.8042839007783,1.18,1.18
E01003876,Other LSOAs,18.5324049276915,8.30208891269416,-17.5397243862203,-34.8573705213235,0.492,0.492
E01003877,Other LSOAs,17.6352705410822,11.9572478289913,-24.9740603526922,-21.9774530558836,0.586,0.586
E01003878,High older + care mismatch,24.0627130197682,9.33878663940014,42.6775442418999,22.943314008691,1.525,1.525
E01003879,Other LSOAs,12.7388535031847,13.3757961783439,-30.1966078388402,8.62680257935339,1.018,1.018
E01003880,Other LSOAs,15.5227710070558,13.2135984605516,-19.5043955490732,-3.8317699302416,3.424,3.424
E01003881,High older mismatch,12.5565610859729,6.95701357466063,20.6825369730771,-3.40764045453622,3.779,3.779
E01003882,Other LSOAs,13.2,13.1,-13.1787419843402,-20.7442051449588,3.069,3.069
E01003883,High care mismatch,10.6225296442688,15.5632411067194,-20.3771323844705,23.2371116387988,3.114,3.114
E01003884,Other LSOAs,20.5424120023081,11.8291979226774,-9.37807392706274,-10.8288295425292,3.593,3.593
E01003885,Other LSOAs,15.6901041666667,12.3697916666667,-5.39685818976048,11.6290026732448,3.825,3.825
E01003886,Other LSOAs,14.0947752126367,12.8797083839611,-30.3872105821847,12.3089320480726,4.405,4.405
E01003887,Other LSOAs,15.281650864473,11.9353039598438,-24.5763307345235,-2.05943520426131,4.679,4.679
E01003888,High older + care mismatch,17.3913043478261,11.4313629702003,28.8278995548621,29.9414079361095,5.273,5.273
E01003889,High older + care mismatch,22.9567307692308,10.6971153846154,36.0553048942085,26.1547703516386,5.511,5.511
E01003890,High older mismatch,14.4397843019772,13.3612941881366,14.7501495586271,8.56687012680461,4.314,4.314
E01003891,High older mismatch,24.5272206303725,10.4297994269341,20.0519425339474,1.66651517247742,4.085,4.085
E01003892,Other LSOAs,20.7655502392345,12.9665071770335,-0.499866851782102,-2.13141960784348,1.291,1.291
E01003893,Other LSOAs,19.4204685573366,9.92601726263872,-23.1239118520267,-32.6756948701367,0.97,0.97
E01003894,Other LSOAs,13.9590854392298,11.4320096269555,-28.7333234667195,-29.6461944144942,1.339,1.339
E01003895,Other LSOAs,16.243654822335,13.4799774393683,-9.38962603282695,-17.4404963398343,1.903,1.903
E01003896,Other LSOAs,13.3757961783439,9.92569002123142,-61.1176366218587,-30.9065661349761,2.617,2.617
E01003897,Other LSOAs,10.3413143148242,11.7677024961793,-37.2085177529656,-18.9497772590301,2.692,2.692
E01003898,Other LSOAs,13.010053222945,13.4240094618569,-1.78309674230077,-7.53169570147001,3.516,3.516
E01003899,Other LSOAs,12.8619528619529,15.4208754208754,-21.3750008614097,-12.1741840880917,3.424,3.424
E01003900,Other LSOAs,15.0652431791222,11.803084223013,-2.72602564999892,-0.586875679403974,3.89,3.89
E01003901,High care mismatch,10.4969290898939,15.9687325516471,4.06669144204214,31.937670189534,3.002,3.002
E01003902,High care mismatch,14.919941775837,15.1382823871907,-23.0974317219832,24.045571335229,3.416,3.416
E01003903,High care mismatch,14.4927536231884,13.768115942029,-13.1899701494092,17.8792184489799,3.787,3.787
E01003904,Other LSOAs,10.8374384236453,15.7019704433498,1.20356724449341,6.95569216563315,3.095,3.095
E01003905,High older + care mismatch,15.3546375681995,11.0678098207327,19.5869729781763,23.8330888644338,1.991,1.991
E01003906,Other LSOAs,17.1562867215041,11.5746180963572,0.283213319697403,5.06166915486073,1.77,1.77
E01003907,High older + care mismatch,15.4904306220096,11.3636363636364,16.0600424231398,26.1044410989694,2.051,2.051
E01003908,High older mismatch,17.805953693495,10.0882028665932,18.3242067898343,-24.3275707881169,1.975,1.975
E01003909,High older mismatch,20,11.1926605504587,13.6413309777712,-10.6159122695098,2.288,2.288
E01003910,High older + care mismatch,21.4501510574018,12.6888217522659,34.3362405431113,21.3400505564375,2.58,2.58
E01003911,Other LSOAs,6.08820709491851,9.63566634707574,-41.4004028426602,-20.5117285685124,0.639,0.639
E01003912,Other LSOAs,7.27086533538147,13.3640552995392,-35.8299940932488,11.2320370020227,0.967,1.046
E01003913,Other LSOAs,9.15320606950563,9.34899657366618,-55.4405238975633,-36.1585548385714,0.382,0.382
E01003914,Other LSOAs,8.99784482758621,7.8125,-34.8912168205507,-15.8738829404745,0.739,0.739
E01003915,Other LSOAs,8.11688311688312,8.06277056277056,-39.0759437067039,-18.3272525673819,0.451,0.451
E01003916,Other LSOAs,6.46766169154229,7.37976782752902,-1.41269100456208,-13.762318207531,1.204,1.204
E01003917,Other LSOAs,11.3588110403397,8.17409766454352,-16.0837692940756,-6.19995615115997,0.93,0.93
E01003918,Other LSOAs,11.4597544338336,8.66302864938609,-46.7594957197961,-32.075962464705,0.915,0.915
E01003919,Other LSOAs,9.57854406130268,6.96040868454662,-45.6424752566961,-48.9711426160822,1.089,1.089
E01003920,Other LSOAs,7.73611770289511,10.5363075462743,-52.1576541782768,-17.2671503258795,1.115,1.115
E01003921,Other LSOAs,6.3641105894627,8.81585811163276,-81.5327905449416,-46.7022240567057,0.805,0.805
E01003922,Other LSOAs,9.9373321396598,10.8773500447628,-27.3652293720712,-21.6006416562174,0.638,0.638
E01003923,Other LSOAs,9.05752753977968,7.22154222766218,-29.4649326991707,-25.0052447454274,0.927,0.927
E01003924,Other LSOAs,9.03441682600382,11.1854684512428,-40.7105631953688,-3.13903530090754,1.163,1.163
E01003925,Other LSOAs,7.68094534711965,9.84736582964057,-19.8836372670276,0.448341419697897,1.23,1.23
E01003926,Other LSOAs,11.9627507163324,9.31232091690544,-57.3560569684464,-41.8259506521457,0.768,0.768
E01003929,Other LSOAs,7.30730730730731,5.65565565565566,-44.9206647683988,-42.6516717456618,0.344,0.344
E01003930,Other LSOAs,5.63737938039614,8.07516505840528,-49.4166016041331,-32.8353357957791,0.419,0.587
E01003932,Other LSOAs,6.62768031189084,9.2267706302794,-65.1689575595828,-27.2968566685451,0.209,0.712
E01003933,Other LSOAs,6.12331081081081,5.06756756756757,-51.1812893603023,-33.6795093076378,0.379,0.637
E01003934,Other LSOAs,13.780737704918,4.45696721311475,-40.1373696169568,-62.1824838991407,0.196,0.196
E01003935,Other LSOAs,8.8074824629774,5.68978955572876,-19.1474020201082,-31.9932164464351,0.6,0.6
E01003936,Other LSOAs,5.47862733293197,5.17760385310054,-32.3812033601493,-37.8328295511594,0.271,0.271
E01003937,Other LSOAs,4.5632333767927,4.88917861799218,-46.9408399587991,-34.0825362446392,0.383,0.383
E01003938,Other LSOAs,6.12021857923497,7.48633879781421,-33.8187716183373,-24.9041635561354,0.341,0.341
E01003939,Other LSOAs,3.08860759493671,5.31645569620253,-53.0476842090453,-41.8794869842792,0.229,0.229
E01003940,Other LSOAs,10.1385390428212,8.87909319899244,-49.0007664744528,-20.77747881318,0.597,0.597
E01003941,Other LSOAs,5.33736153071501,7.50251762336354,-63.8020638889122,-38.6252325938775,0.837,0.837
E01003942,Other LSOAs,6.04774535809019,9.23076923076923,-26.3643244520776,-10.2880116846954,0.632,0.632
E01003943,Other LSOAs,6.95652173913044,9.16387959866221,-39.5539978868412,-17.9761432670185,0.305,0.604
E01003945,High older + care mismatch,14.4175317185698,12.8604382929642,27.5244917820378,36.9453761294364,1.216,1.216
E01003946,Other LSOAs,14.934036939314,12.1899736147757,-37.0226486752484,4.27534434230278,1.692,1.692
E01003947,High care mismatch,7.04488778054863,14.8379052369077,5.5886635892592,34.9782518423096,1.596,1.596
E01003948,High older + care mismatch,10.0969766115231,12.6069594980034,21.2579935269509,37.8417866332636,0.897,0.897
E01003949,High older + care mismatch,10.8093716719915,11.0223642172524,19.1032721047264,24.1783409314207,1.051,1.051
E01003950,High care mismatch,9.48795180722892,11.2449799196787,-9.40722537647881,21.1388548192317,1.311,1.311
E01003951,High older + care mismatch,17.1927468099396,9.80523841504365,33.0475057845845,26.1524639114303,1.389,2.102
E01003952,Other LSOAs,8.63005431502716,11.1647555823778,-47.5201555719095,-33.8789017438346,1.433,1.511
E01003953,Other LSOAs,10.3670634920635,8.7797619047619,-42.5024719833546,-44.5737633370352,1.202,1.202
E01003954,Other LSOAs,10.1822752985544,12.5078566939032,-32.1727150307008,-24.2309341751403,1.628,1.762
E01003955,Other LSOAs,9.04283447911158,11.0523532522475,-21.6632054975433,-7.89698703739222,1.653,1.653
E01003956,Other LSOAs,8.78524945770065,12.3101952277657,-19.611729864727,-21.3607070630504,1.909,1.909
E01003957,Other LSOAs,9.77107761027359,12.5069793411502,-17.4711888736568,-7.32703475550128,1.554,1.554
E01003958,Other LSOAs,9.45247933884298,10.4338842975207,-37.0854104848258,-22.2553097775536,1.764,1.764
E01003960,Other LSOAs,6.93348365276212,7.15896279594138,-35.3607172971219,-26.3251570745878,0.895,0.984
E01003961,Other LSOAs,11.1861137897782,10.4146576663452,-36.8494132663914,-18.745088691498,1.122,1.214
E01003963,Other LSOAs,6.51920838183935,10.302677532014,-47.2676956135845,-15.0235112054995,0.886,0.979
E01003966,Other LSOAs,9.13348946135831,7.96252927400469,-53.1453665040567,-34.8546770957696,1.502,1.502
E01003969,Other LSOAs,7.0296627387241,6.37952052011378,-33.2033279394385,-31.8451317071784,1.352,1.352
E01003971,Other LSOAs,6.10098176718093,13.3239831697055,-45.2269848989784,8.15500483314776,1.436,1.51
E01003972,Other LSOAs,5.92643051771117,11.7847411444142,-53.5505975297498,-5.89007742832757,1.174,1.186
E01003973,Other LSOAs,6.77966101694915,9.98789346246973,-51.4133834886274,-27.1388984343194,0.913,0.913
E01003975,Other LSOAs,5.68053993250844,10.8548931383577,-47.0186737535214,-9.33587021408088,0.694,0.694
E01003976,Other LSOAs,5.38622129436326,9.35281837160752,-44.6983745658591,-17.6948567490361,0.94,0.94
E01003977,Other LSOAs,8.98876404494382,9.36329588014981,-23.7275560568191,-13.3992418699779,0.568,0.568
E01003979,Other LSOAs,12.3239436619718,7.14285714285714,-35.8946740740195,-42.4117865213295,1.108,1.108
E01003980,Other LSOAs,8.2,7.95,-29.2467082501638,-16.6559613899837,1.252,1.252
E01003981,Other LSOAs,7.43691899070385,6.44090305444887,-39.0369018692932,-41.6410779165475,0.345,0.345
E01003983,Other LSOAs,7.01284796573876,12.847965738758,-27.9941043147152,7.51881589006708,0.807,0.807
E01003984,Other LSOAs,10.3975535168196,8.30056793359546,-26.6429738883171,-34.7407545810236,0.411,0.411
E01003986,High older + care mismatch,10.6222501571339,10.8736643620365,12.8829547763076,20.1004306436777,0.69,0.69
E01003987,Other LSOAs,11.304347826087,9.72826086956522,-15.2640556879471,7.82981873502278,1.032,1.032
E01003988,High older mismatch,12.0493827160494,8.79012345679012,13.1445380388249,-6.24464136755349,0.842,0.842
E01003989,High care mismatch,4.56155890168291,10.3188662533215,-10.4762473028936,15.1581040739525,1.285,1.285
E01003990,Other LSOAs,7.93581960104076,10.1908065915004,-11.7026399740963,6.29121860400399,1.171,1.187
E01003991,Other LSOAs,16.1971830985916,7.90297339593114,-29.5256148619424,-35.7755371596036,0.738,0.738
E01003992,Other LSOAs,10.9571788413098,11.2090680100756,-48.433839774933,3.18206989486387,0.511,0.511
E01003993,Other LSOAs,6.6271018793274,10.9297725024728,-59.3204925777891,-7.28288002389955,0.653,0.653
E01003994,Other LSOAs,8.69327501366867,6.88901038819027,-51.3437534641595,-51.0428963135397,0.488,0.488
E01003995,Other LSOAs,9.94916485112564,9.00508351488744,-35.8979853335684,-25.2766430315764,0.296,0.296
E01003997,Other LSOAs,7.25308641975309,8.02469135802469,-46.3951481117859,-26.4671217137573,0.572,0.572
E01003998,Other LSOAs,10.7368421052632,7.64912280701755,-10.1370521458701,0.712530025720103,0.144,0.144
E01003999,Other LSOAs,6.47530040053405,10.2803738317757,-58.930570373692,-11.8759963796669,0.498,0.498
E01004000,Other LSOAs,9.64597229348384,10.1077475628527,-4.49930520693614,0.132524251122618,0.16,0.719
E01004001,Other LSOAs,15.8281514980215,9.66647823629169,-22.7074710771299,8.16677457438461,0.432,1.144
E01004002,High older + care mismatch,10.1406799531067,13.0715123094959,19.905922832658,20.2359966428992,0.615,0.832
E01004003,Other LSOAs,9.53947368421053,9.53947368421053,-11.0630585411069,-7.51413328590451,0.38,0.38
E01004004,Other LSOAs,7.61614623000762,9.97715156130998,-17.8120088260541,14.3044009719686,0.243,0.243
E01004005,Other LSOAs,9.05968226706741,9.53198797767282,-46.7865370351306,-12.2716762367669,0.368,0.368
E01004006,Other LSOAs,8.60215053763441,10.3225806451613,-14.5146447603427,2.12726288050144,0.366,0.366
E01004007,Other LSOAs,7.26141078838174,11.4107883817427,-42.2842916616278,1.24514031397889,1.035,1.236
E01004008,Other LSOAs,7.52636625119847,10.2109300095877,-43.0701194431252,-14.9118252498132,0.722,0.75
E01004010,Other LSOAs,7.2992700729927,10.6834771068348,-55.4180818730417,-22.8414946786189,0.659,0.966
E01004011,Other LSOAs,8.46335697399527,9.36170212765957,-40.4511348239452,-6.30646375449359,1.038,1.342
E01004012,Other LSOAs,5.02769492969749,8.73455475074563,-19.692771805166,-2.98292855268107,1.336,1.492
E01004013,Other LSOAs,9.85748218527316,8.1353919239905,-60.0057923007398,-33.176314655749,0.742,1.23
E01004014,Other LSOAs,7.84774436090226,11.3251879699248,-28.2051394760637,0.643331750225343,1.26,1.448
E01004015,Other LSOAs,8.63309352517986,9.85058107360266,-30.4995756896542,0.328866787246028,1.263,1.408
E01004016,High care mismatch,7.8408651989185,12.0896098879876,7.86548427955322,17.7684697882979,0.646,0.646
E01004017,Other LSOAs,9.68921389396709,12.5533211456429,-16.0985746781667,12.7865464065833,0.805,0.805
E01004018,Other LSOAs,9.26803580832017,12.9541864139021,-35.7452845561801,6.17432652991352,1.157,1.157
E01004019,Other LSOAs,7.39519547809703,10.4097974564296,-47.4176292745097,-3.3912135069338,0.769,1.295
E01004020,High care mismatch,8.28571428571429,13.6571428571429,8.82911084714425,31.6346224262183,0.871,1.208
E01004021,Other LSOAs,7.18336483931947,9.87712665406427,-33.0643428988135,-7.38526045357422,1.097,1.669
E01004023,Other LSOAs,11.2325440194293,8.07528840315726,-0.226288751370401,-20.3093804309277,0.116,0.116
E01004024,Other LSOAs,10.8739837398374,9.14634146341463,0.414480935213351,-14.0877083552372,0.364,0.364
E01004028,Other LSOAs,5.87505171700455,10.3847745138602,-26.3822555897176,-18.4367194197606,0.502,0.502
E01004029,Other LSOAs,4.05608412618928,9.16374561842764,-41.5774625499347,-2.3323943715601,0.241,0.241
E01004030,Other LSOAs,11.3055181695828,7.94078061911171,-45.876363360537,-25.8579162647761,0.094,0.094
E01004031,Other LSOAs,6.11538461538462,6.57692307692308,-25.8605130603133,-29.4941914653984,0.338,0.338
E01004032,Other LSOAs,6.4343163538874,7.57372654155496,-16.69387691198,-14.5277773563488,0.503,0.503
E01004033,Other LSOAs,6.32492765605622,8.63993385696569,-58.6975924838975,-33.5326015101558,0.179,0.179
E01004034,Other LSOAs,6.11353711790393,10.9170305676856,-24.6447672308644,1.32861276943043,0.355,0.355
E01004035,Other LSOAs,12.2634898388227,8.05886475122635,6.83744428170925,-5.02660108866656,0.477,0.477
E01004036,Other LSOAs,6.65722379603399,11.3314447592068,-34.0774938613637,1.67769164960988,0.19,0.19
E01004037,Other LSOAs,4.20375865479723,11.4243323442137,-19.0399384390563,-5.31879499372023,0.845,0.845
E01004038,Other LSOAs,3.87661525635682,10.254272613589,-28.950584704861,-3.65880354266193,1.193,1.193
E01004039,Other LSOAs,4.86381322957199,9.14396887159533,-35.9656923952144,-9.37856568584439,1.067,1.067
E01004040,Other LSOAs,9.06680805938494,11.558854718982,-41.7624134632192,-15.6270757627485,1.358,1.358
E01004041,Other LSOAs,8.09319435928878,10.5456774984672,-25.5922414281284,-9.60901060118076,1.222,1.222
E01004042,Other LSOAs,12.0204603580563,8.08184143222506,-27.3444967781285,-24.1324881071442,0.629,0.629
E01004043,Other LSOAs,13.3382461311717,7.36919675755343,-21.7310215293167,-37.399194340497,0.782,0.782
E01004044,Other LSOAs,8.18875780707842,10.2706453851492,-42.2975853592511,-12.5330847926151,0.966,0.966
E01004045,Other LSOAs,7.49370277078086,13.4130982367758,-12.3612377241471,9.3229844807861,0.799,0.799
E01004046,Other LSOAs,9.28891736066624,10.6342088404869,-25.0160291401262,-6.77751844232887,0.75,1.176
E01004047,Other LSOAs,7.85149117468046,9.00791235544735,2.47259655831254,9.57309946581425,0.706,0.706
E01004048,High care mismatch,6.07361963190184,12.8220858895706,-2.00014246224189,16.3701402977096,1.069,1.069
E01004049,Other LSOAs,6.973293768546,12.2403560830861,-2.54239405927515,7.50490281348452,0.6,0.6
E01004050,Other LSOAs,10.2231821454284,7.84737221022318,-1.60032750600335,-11.4885751515749,0.445,0.445
E01004051,High care mismatch,12.6070038910506,9.80544747081712,2.77238795865651,17.5385178613021,0.252,0.252
E01004052,Other LSOAs,7.55148741418764,9.66819221967963,-14.7604679535787,-15.5784827449308,0.828,0.906
E01004053,Other LSOAs,7.90176187933796,8.00854244527496,-24.2767077685373,-19.8431069131217,0.621,0.621
E01004054,Other LSOAs,7.97907128842381,8.24068018312623,-3.06643442136474,-2.78475568450816,0.768,0.768
E01004055,Other LSOAs,15.9758854559156,9.4197437829691,9.78515811937801,3.05675047200837,0.946,0.946
E01004056,Other LSOAs,8.85146804835924,7.9447322970639,-7.20363488296848,-5.73642012169923,0.905,0.905
E01004057,Other LSOAs,6.51785714285714,11.0267857142857,-15.2198818339613,0.413195735417524,0.445,0.445
E01004058,Other LSOAs,4.89964580873672,5.66706021251476,-22.4149167357839,-0.385205474888828,0.939,0.939
E01004059,Other LSOAs,2.84886528247224,7.43602124577499,-10.6602406009838,-12.820748867298,0.533,0.533
E01004060,Other LSOAs,9.90350431691214,8.17673946165566,-13.090098635364,-11.5631451099727,0.364,0.364
E01004061,Other LSOAs,9.63855421686747,9.33734939759036,-58.8783631886611,-30.6344505590294,0.336,1.072
E01004062,Other LSOAs,6.374321880651,9.94575045207957,-59.0420906674864,-30.5377597634491,0.472,0.995
E01004063,Other LSOAs,10.7275624004249,9.45300053106745,-36.2104240100347,-29.2385620444593,0.259,1.122
E01004064,Other LSOAs,8.35482207323363,9.79886539453326,-58.0801521332184,-21.9309153539938,0.757,1.036
E01004065,Other LSOAs,9.48275862068965,9.08488063660478,-21.7049507321915,-15.4412684253066,0.719,1.393
E01004066,Other LSOAs,8.89101338432123,10.9942638623327,-32.8389653007604,-8.53188787982086,0.531,0.987
E01004067,Other LSOAs,7.05882352941176,9.7737556561086,-51.0492461016255,-29.2578014065244,0.223,0.841
E01004068,Other LSOAs,13.7894736842105,8.10526315789474,-32.6737277173403,-26.7260603748934,0.577,0.704
E01004069,High older + care mismatch,20.2316602316602,12.5096525096525,28.2157290735292,20.9203658422265,1.157,1.157
E01004070,Other LSOAs,12.5319693094629,13.5038363171356,-12.2650304264649,8.6173574044708,0.803,0.803
E01004071,Other LSOAs,11.5989515072084,11.4023591087811,-12.3093116746025,-12.960551211564,1.356,1.356
E01004072,Other LSOAs,13.2098027495517,12.7913927077107,-8.69623387796999,2.0188219824939,1.494,1.494
E01004073,Other LSOAs,11.6684266103485,13.7803590285111,-23.2090417245233,1.69641722796004,0.527,0.527
E01004074,Other LSOAs,16.2177985948478,12.1779859484778,-18.7820400690063,-0.195404676729957,0.29,0.29
E01004075,High care mismatch,16.6958552247519,14.5942790426153,-12.4410444370358,28.212791322982,1.704,1.704
E01004076,High older + care mismatch,14.5398773006135,11.2269938650307,29.8256698594497,42.9024525905919,0.923,1.125
E01004077,High older mismatch,18.5344827586207,12.1305418719212,34.4078652306258,5.26057176032107,1.401,1.401
E01004078,High care mismatch,10.7021517553794,14.2695356738392,3.85645317920221,27.4191887211489,1.031,1.031
E01004079,High older mismatch,17.7187948350072,10.6886657101865,30.2068641295836,14.1617401629707,1.736,1.79
E01004080,High older mismatch,22.0472440944882,9.01932712956335,39.0351119842248,-9.66292174682276,1.116,1.116
E01004081,High care mismatch,10.6642291285801,14.4424131627057,-10.3421030909386,15.3160205677526,1.801,1.801
E01004082,High older mismatch,16.64265129683,11.1671469740634,28.1423384516632,-5.56514651542359,1.399,1.399
E01004083,Other LSOAs,12.3087159015303,12.1756487025948,-21.6842624605856,1.72918146608083,1.972,1.972
E01004084,High older mismatch,27.3167358229599,8.16044260027663,30.3755860946086,9.38865352735136,2.239,2.239
E01004085,High older mismatch,22.4984462399006,8.76320696084525,22.3850883774832,9.81606600986122,1.678,1.678
E01004086,Other LSOAs,13.3366385721368,13.0391670798215,-9.7967413194005,-2.43552231319958,2.106,2.106
E01004087,Other LSOAs,22.97383535418,9.25335035098915,5.85263664164433,3.69387994028005,2.498,2.498
E01004088,High care mismatch,8.75837197320969,12.1586810922205,-14.607746496806,18.8478665203893,2.111,2.111
E01004089,High care mismatch,10.126582278481,14.7431124348474,-47.6710125743975,15.2502979666438,2.312,2.312
E01004090,Other LSOAs,12.7326880119136,13.5517498138496,-26.2065532373048,4.96899366306045,1.422,3.102
E01004091,High older mismatch,26.5576323987539,10.3582554517134,18.2860305282402,-0.763625519247739,1.743,2.998
E01004092,High older + care mismatch,22.9900332225914,10.6312292358804,36.8278890457464,19.4606500339708,1.218,2.634
E01004093,High older + care mismatch,17.7259475218659,13.7609329446064,28.2172503908758,34.9875948255732,1.396,3.246
E01004094,Other LSOAs,13.3047210300429,13.6802575107296,-49.980851860057,2.82179367710598,1.918,3.64
E01004095,High older + care mismatch,21.7948717948718,11.1538461538462,37.8036622728381,16.3056331803208,1.121,3.014
E01004096,Other LSOAs,11.2251443232842,11.7382937780629,2.64292910386298,4.91875890562999,0.895,2.565
E01004097,High care mismatch,15.90084643289,12.6360338573156,-11.1079283042763,17.4167479986306,1.035,1.083
E01004098,High care mismatch,17.2573189522342,12.0184899845917,8.39756727760413,15.1330936738249,0.937,0.937
E01004099,Other LSOAs,14.0383426097712,13.2962275819419,-6.1828049205275,7.92920095180892,0.251,0.251
E01004100,High older + care mismatch,16.9391759319817,14.1268803139307,12.5593771702141,16.2343292049107,0.412,0.412
E01004101,Other LSOAs,19.8300283286119,11.614730878187,2.19393630839085,7.53503703990612,0.815,0.815
E01004102,Other LSOAs,15.5467720685112,13.0434782608696,-7.96041467068169,9.15918169335142,0.731,0.731
E01004103,Other LSOAs,12.1621621621622,13.0067567567568,-26.8609538531426,10.8647798673019,0.952,0.987
E01004104,Other LSOAs,20.9050350541746,12.4282982791587,0.494284744763519,12.2725176988109,1.22,1.22
E01004105,Other LSOAs,16.96,13.6533333333333,-4.20842445287758,11.4408582021885,1.544,1.724
E01004106,High older mismatch,24.8309772587585,10.8174554394591,39.9786568637902,13.8992637257736,1.741,2.344
E01004107,Other LSOAs,14.0567200986437,13.5635018495684,-15.156919213363,13.5556007941592,1.697,1.697
E01004108,High older + care mismatch,16.5137614678899,12.89500509684,29.4228404702971,38.2477725153336,2.864,3.23
E01004109,High older + care mismatch,15.9276546091015,12.7187864644107,27.3036256962671,32.493856768381,1.532,1.532
E01004110,Other LSOAs,16.985763377516,11.3892979872361,-10.7378917656643,2.81832562129927,0.987,3.512
E01004111,High older + care mismatch,19.276393831554,11.9217081850534,13.0255128017439,19.5733887849594,1.279,3.949
E01004112,High older + care mismatch,24.5950809838032,11.3977204559088,16.0092485308959,24.482099170779,1.784,3.975
E01004114,High older mismatch,29.5505617977528,8.42696629213483,47.1604943955829,9.74818465492879,3.134,4.982
E01004115,High older + care mismatch,14.5810663764962,12.6768226332971,22.5829985204198,24.3799664559154,0.734,3.392
E01004116,High older + care mismatch,27.9319041614124,10.0882723833544,22.0523829277271,15.8908350743399,1.859,4.502
E01004117,High older + care mismatch,14.555633310007,11.1966410076977,26.4441375257365,33.1748145515734,2.559,4.871
E01004118,High care mismatch,16.1789066813915,11.8718939812258,4.82178247901356,22.5976266545625,1.473,4.088
E01004119,High older mismatch,16.25,12.2222222222222,18.0346539856045,14.9310548543746,1.355,3.782
E01004120,High older + care mismatch,20.6076618229855,10.1717305151915,23.7666028237849,22.3518228365251,1.581,4.27
E01004121,High older mismatch,16.2247474747475,12.3737373737374,12.3244574031525,-6.90173054393605,2.762,4.344
E01004122,High older mismatch,23.2708933717579,10.8789625360231,37.7408356529835,-2.93719352015147,2.239,4.378
E01004123,Other LSOAs,7.85432207108381,12.4177270732778,-29.1869108040478,14.8250938846888,1.15,1.76
E01004124,Other LSOAs,10.5132037867464,12.0577977080219,3.19295433937318,12.1616027345434,0.67,2.046
E01004125,High care mismatch,12.4378109452736,12.1268656716418,-3.53675172056731,16.1944378086324,1.451,1.498
E01004126,High care mismatch,9.49044585987261,13.6942675159236,-11.8716644693608,23.7886883070984,1.438,1.581
E01004127,High care mismatch,11.0629067245119,12.7982646420824,1.39248165623829,23.7026148632727,1.208,1.208
E01004128,High care mismatch,10.3806228373702,11.2110726643599,-2.0513704194914,16.7866886008364,1.129,1.503
E01004129,Other LSOAs,12.9561078794289,12.16287678477,-13.5786607795242,6.12303228202177,1.008,1.553
E01004130,High older + care mismatch,19.3767705382436,10.5949008498584,14.9517146756077,19.8269154249691,0.812,2.932
E01004131,High older mismatch,12.4536301006889,13.0365659777425,19.650936259324,3.17572579455225,1.506,3.191
E01004132,High older mismatch,13.0288784419073,13.2975151108126,14.5699528783816,6.05151086222219,1.254,3.596
E01004133,High older mismatch,15.9846547314578,12.6598465473146,24.914280032842,6.34046645274312,0.943,3.269
E01004134,Other LSOAs,19.8259788688627,10.3169670602859,4.79114285889468,-13.7236107870272,1.081,2.283
E01004135,High older mismatch,19.7794624396968,10.4066161268091,35.8520852866359,5.78301338631059,0.827,2.175
E01004136,High older mismatch,18.4143222506394,10.230179028133,17.3368168107747,-2.96774405581292,1.265,2.717
E01004137,Other LSOAs,7.63807285546416,12.8476302389346,-29.8247118131383,-7.55584747677388,0.451,1.617
E01004138,Other LSOAs,10.2323008849558,14.4358407079646,-27.7037475333131,11.2195025204788,0.903,1.217
E01004139,Other LSOAs,12.1271076523995,12.2568093385214,-22.5039404906096,8.81704044321185,0.709,1.226
E01004140,Other LSOAs,9.94152046783626,12.8123338649654,-40.1653114005843,-6.23164605916649,0.788,1.837
E01004141,Other LSOAs,11.5194733955019,14.3719144267691,-8.80251472198712,7.30457482139136,0.968,1.362
E01004143,Other LSOAs,12.2555410691004,12.7770534550196,-2.71393295035473,-0.921780555900611,0.329,2.37
E01004144,High older mismatch,18.1818181818182,10.7284020327499,32.7627782032798,14.3810333209262,0.611,1.839
E01004145,High older + care mismatch,13.2075471698113,13.3391838525669,25.5375404651985,30.4800034884421,0.353,2.363
E01004146,Other LSOAs,13.8678769541099,12.3550176500252,-12.243300334035,3.81749050323627,0.3,2.124
E01004147,High older mismatch,24.3825205826473,10.4496516782774,32.7707244818043,-1.01295080438307,0.742,1.492
E01004148,High care mismatch,12.0879120879121,15.989010989011,4.44240295111214,33.6279932101006,0.545,2.502
E01004149,High older mismatch,19.1935483870968,11.8817204301075,19.1884701376915,8.42196629040426,0.621,1.62
E01004150,Other LSOAs,16.3398692810458,11.3624937154349,-4.092495180804,2.07553860248898,0.211,1.921
E01004151,High older + care mismatch,13.8634046890928,12.0795107033639,16.525392052539,30.1353704259921,0.569,1.64
E01004152,Other LSOAs,18.9966178128523,12.2322435174746,-12.6070439158234,-10.4608138424015,0.397,2.29
E01004153,High older + care mismatch,11.4107883817427,14.3153526970954,18.7172564423069,15.0758126119455,0.644,2.14
E01004154,High older mismatch,22.7609427609428,11.4478114478115,33.406294826557,8.35761309710131,0.958,1.613
E01004155,High older + care mismatch,14.2406726221755,13.7151865475565,11.5702885336849,24.648394833295,0.802,2.679
E01004156,Other LSOAs,13.3300297324083,13.5282457879088,-24.2050722116857,-20.4306066153662,0.466,2.335
E01004157,High care mismatch,19.212962962963,11.1882716049383,3.80193349899787,21.5158112004312,0.887,3.202
E01004158,High older + care mismatch,20.1246105919003,9.90654205607477,24.2309364396778,18.0950321185847,0.914,2.813
E01004159,High older + care mismatch,15.5245603395998,12.5530624620982,11.5963734129915,24.192490261048,0.385,2.798
E01004160,High older mismatch,11.5757575757576,12.7272727272727,17.9747038283749,11.9776796726325,0.338,2.609
E01004161,High older + care mismatch,13.7203166226913,13.9841688654354,22.7130624781157,38.2247655726799,0.395,3.048
E01004162,Other LSOAs,11.4133648728563,13.3648728562981,-4.64628560438614,5.83907422533717,0.629,2.4
E01004163,Other LSOAs,15.2463768115942,12.0579710144928,-5.72951757518277,2.5268193141013,0.957,0.957
E01004164,High older + care mismatch,15.5925155925156,11.4345114345114,13.8170086328986,22.999259904247,0.72,0.72
E01004165,Other LSOAs,10.9859154929577,12.3380281690141,-44.2096945994269,9.94720519681378,0.528,0.528
E01004166,High older + care mismatch,16.6240409207161,12.4680306905371,11.3505220288103,21.138357675785,0.648,0.648
E01004167,Other LSOAs,11.3357843137255,13.4191176470588,-26.917698456717,-4.68454727010175,1.009,1.009
E01004168,High care mismatch,17.1322160148976,11.731843575419,-13.5703630214951,15.6999905224176,0.977,0.977
E01004169,High care mismatch,5.4786939679026,17.4322080796901,-15.9446573428948,18.9858379761463,0.744,1.227
E01004170,Other LSOAs,13.2306298142275,12.9134571816946,-27.3430323355458,-24.2727240021361,1.155,1.155
E01004171,High older mismatch,18.769422001243,11.622125543816,17.9707709964984,-1.76144880890701,0.911,1.107
E01004172,High care mismatch,9.84536082474227,15.8247422680412,-23.0307840261824,19.4720584799051,1.109,1.109
E01004173,Other LSOAs,19.7802197802198,11.2820512820513,3.91452326153831,4.3708043780348,1.417,1.518
E01004174,Other LSOAs,13.6681500317864,12.7781309599491,-4.20491206949247,7.13192471707237,1.634,1.634
E01004175,High care mismatch,14.0391254315305,12.1979286536249,0.48823480278261,19.3513911943832,0.426,1.108
E01004176,Other LSOAs,13.3595284872299,12.6391617550753,-13.5398945689044,-3.4062375072174,0.69,0.69
E01004177,High older mismatch,27.4488101826231,11.5107913669065,14.0277309493515,2.58506160936718,1.813,1.813
E01004178,Other LSOAs,12.716518800169,14.0684410646388,-7.44488843877232,13.4133159483946,2.012,2.012
E01004179,High older + care mismatch,17.6652254478073,11.6121062384188,12.3517368634127,15.500745496067,2.161,2.161
E01004180,High older mismatch,23.2122587968218,9.36435868331442,30.1334910414873,12.9334959936759,1.928,1.928
E01004181,High older + care mismatch,19.5727482678984,12.3556581986143,28.3569175342405,17.3387123549072,2.335,2.335
E01004182,High care mismatch,10.1867572156197,15.6196943972835,-22.3025831967853,18.886999813886,2.088,2.088
E01004183,Other LSOAs,9.2290377039955,11.9864940911649,-20.8704847336633,10.9197689911665,1.293,1.293
E01004184,High care mismatch,8.27464788732394,15.4342723004695,-16.0738547055814,43.3545399081526,0.987,1.266
E01004185,High care mismatch,5.5266887104393,14.3599433160132,-21.8252109055458,17.941095579578,0.726,1.191
E01004186,Other LSOAs,7.79522978475858,13.9616055846422,-33.9487111809953,6.57368816710404,0.851,1.509
E01004187,High care mismatch,13.142174432497,11.6487455197133,6.73469612528338,21.534867702517,1.151,1.531
E01004189,High care mismatch,10.538752362949,12.1455576559546,1.60130186015994,19.3465480556505,0.812,0.812
E01004190,High older mismatch,20.9235209235209,10.02886002886,36.6301557074877,3.01950520873297,2.323,3.876
E01004191,High older + care mismatch,15.625,12.9237288135593,16.260706206986,24.3748225073199,1.881,4.069
E01004192,High care mismatch,11.4745308310992,13.8337801608579,5.83598178928333,19.4463664219483,2.865,3.589
E01004193,High care mismatch,7.76528460997892,15.6008432888264,7.74062930967697,28.4475408966601,2.475,3.395
E01004194,High older + care mismatch,14.8148148148148,12.4921531701193,30.9736101279404,39.402996926718,2.09,3.118
E01004195,High older mismatch,14.5722713864307,12.0353982300885,22.6380618298694,14.9038901313678,2.699,3.807
E01004196,High older mismatch,20.4055766793409,11.9138149556401,31.4677019409698,4.96760952536824,1.884,3.452
E01004198,Other LSOAs,10.9543010752688,8.46774193548387,-50.0279200776462,-36.9595796793902,0.286,0.316
E01004199,Other LSOAs,7.42924528301887,8.78537735849057,-60.3519871604424,-37.340744173484,0.289,0.346
E01004200,Other LSOAs,4.59387483355526,5.52596537949401,-45.9809105148349,-39.1631331905317,0.355,0.628
E01004201,Other LSOAs,8.64928909952607,8.2345971563981,-27.0758043741536,-15.5931062029594,0.525,0.706
E01004202,Other LSOAs,4.06342913776016,8.62239841427156,-38.1592006410339,-15.6322451662905,0.247,0.76
E01004203,Other LSOAs,5.80431177446103,6.74405749032615,-56.6187724990056,-43.398462687609,0.359,0.359
E01004204,Other LSOAs,9.6514745308311,8.90080428954424,-47.0015066269509,-26.2466452737991,0.556,0.636
E01004205,Other LSOAs,5.12471655328798,9.61451247165533,-32.5104740928138,-3.62335572783172,0.259,0.259
E01004206,Other LSOAs,7.36196319018405,8.52079072937969,-60.3096942585222,-31.4519441615387,0.26,0.435
E01004207,Other LSOAs,7.3632538569425,10.3085553997195,-32.9748723164107,-9.85061839798273,0.236,0.236
E01004208,Other LSOAs,3.53713996968166,5.30570995452249,-60.6588809699127,-49.8203606844536,0.337,0.337
E01004209,Other LSOAs,5.47945205479452,11.9682768565249,-48.7225010936553,-8.16296490064457,0.259,0.259
E01004211,Other LSOAs,5.21792510742787,6.07734806629834,-61.4179059803406,-37.2739143122763,0.174,0.502
E01004212,Other LSOAs,3.54260089686099,7.62331838565022,-39.5071709196649,-28.6285587812406,0.238,0.279
E01004214,Other LSOAs,7.84919653893696,11.8665018541409,-58.1449452606976,-5.02091203517503,0.477,0.477
E01004216,Other LSOAs,7.10290827740492,10.8501118568233,-10.0027808149213,11.7551188019099,0.637,0.637
E01004217,Other LSOAs,9.00770712909441,9.82658959537572,-23.6548713978131,-6.75757165843931,0.202,0.202
E01004218,Other LSOAs,7.88790866632071,10.275038920602,-22.006830866146,-8.0675943584411,0.426,0.426
E01004219,Other LSOAs,3.4571533652078,10.4082383229128,-65.4197073883911,-30.2374448718931,0.273,0.273
E01004221,Other LSOAs,6.06980273141123,9.55993930197269,-50.1370215985182,-13.9189101259166,0.489,0.489
E01004222,Other LSOAs,10.6959706959707,9.12087912087912,-28.7134545205685,-7.57428406386568,0.997,0.997
E01004223,High care mismatch,11.6425992779783,10.6046931407942,-14.2016253232348,21.8356913817362,0.654,0.654
E01004226,Other LSOAs,4.64923204649232,11.0419261104193,-69.5042916799322,-6.14778358613242,0.646,0.646
E01004228,Other LSOAs,10.3696098562628,8.41889117043121,-60.1831704968189,-21.7147294764622,0.584,0.584
E01004229,Other LSOAs,7.475317348378,7.8984485190409,-51.9935739288224,-29.1929362050846,0.326,0.326
E01004230,Other LSOAs,8.76048462255359,9.27306616961789,-41.2916216192763,-27.7097980150809,0.586,0.586
E01004231,Other LSOAs,7.94902912621359,8.79854368932039,-40.8391698911566,-22.8505953562121,0.155,0.155
E01004232,Other LSOAs,8.00223838836038,7.33072188024622,-44.7995716269732,-14.7842745562772,0.195,0.195
E01004233,Other LSOAs,9.08265213442325,8.03814713896458,-37.499079291584,-14.026397309621,1.018,1.018
E01004234,Other LSOAs,6.6041422430637,8.36264165689723,-17.4849965002349,-2.03710733860618,0.955,1.085
E01004235,Other LSOAs,7.08841463414634,13.2621951219512,-51.6207372010254,-15.9095658808946,0.38,0.38
E01004236,Other LSOAs,6.98717948717949,11.1538461538462,-70.1290678243404,-32.3274018332743,0.283,0.283
E01004237,Other LSOAs,5.67885117493473,12.402088772846,-49.7553528155568,-9.63608444980281,0.234,0.234
E01004239,Other LSOAs,10.2535211267606,8.61971830985915,-60.9257469063759,-24.9338661030304,0.143,0.143
E01004240,High care mismatch,8.38786436644854,11.540749553837,-15.5743237329914,15.9903744381122,0.288,0.288
E01004241,Other LSOAs,8.00956365809922,12.5523012552301,-39.9045858651699,6.13302472940116,0.496,0.496
E01004243,Other LSOAs,3.98713826366559,9.19614147909968,-71.8206197207154,-25.0079696716218,0.508,0.508
E01004244,Other LSOAs,9.80009751340809,8.58117991223793,-50.0988694247333,-25.309577857241,0.349,0.349
E01004245,Other LSOAs,2.96695886716116,10.6540795684423,-44.5582905181485,11.6234606751136,0.628,0.628
E01004247,Other LSOAs,5.64607805987116,10.2690413035241,-65.9054255312432,-14.2368509276318,0.185,0.185
E01004248,High care mismatch,4.97881355932203,12.9766949152542,-25.8646856843246,19.9793874661745,0.478,0.478
E01004249,Other LSOAs,7.25707257072571,11.7261172611726,-41.6017801150574,-1.15554121301063,0.303,0.303
E01004251,Other LSOAs,5.04266873545384,11.2878200155159,-36.3159017802672,-12.2677990763083,0.61,0.61
E01004255,Other LSOAs,5.4820415879017,8.69565217391304,-68.7284507247677,-38.4319613970743,0.126,0.126
E01004256,Other LSOAs,8.40734162226169,10.3611604499704,-38.8659564028769,-7.2857304868913,0.279,0.279
E01004257,Other LSOAs,5.41629364368845,12.4888093106535,-44.0406118465291,4.22611068153073,0.21,0.21
E01004258,Other LSOAs,10.5762711864407,7.79661016949153,-28.3626378112038,-19.3917004741242,0.401,0.401
E01004259,Other LSOAs,5.41310541310541,8.26210826210826,-44.20392469355,-20.3797946456663,0.39,0.39
E01004260,Other LSOAs,5.38720538720539,10.662177328844,-61.0758764005549,-13.1215372724202,0.627,0.627
E01004263,Other LSOAs,9.55829109341057,9.70311368573497,-31.549237013064,-12.4933154342366,0.298,0.298
E01004264,Other LSOAs,6.66204024982651,10.5482303955586,-48.328895638112,-7.07064863607836,0.486,0.486
E01004266,Other LSOAs,11.5251897860594,8.5576259489303,-14.4323463393568,-3.03526318643605,0.457,0.457
E01004267,Other LSOAs,5.01595987232102,8.98312813497492,-54.343099697703,-15.9680296835786,0.324,0.324
E01004268,Other LSOAs,5.7757644394111,10.079275198188,-54.7575055898152,-11.2970222022215,0.199,0.199
E01004270,Other LSOAs,3.88269310202396,7.06319702602231,-36.5743716278028,-24.6497147982692,0.429,0.429
E01004271,Other LSOAs,4.01785714285714,11.6883116883117,-54.6938763801323,-6.68583024541889,0.723,0.723
E01004272,Other LSOAs,5.17047583364556,11.4275009366804,-78.0033731590693,-29.0569840898547,0.744,0.744
E01004274,Other LSOAs,7.15746421267894,8.12883435582822,-52.4370693087313,-32.6740763434535,0.447,0.447
E01004275,Other LSOAs,5.45382165605096,12.7786624203822,-22.5150184421001,8.43846730456595,0.279,0.279
E01004276,Other LSOAs,4.248046875,10.400390625,-36.7705697442264,-11.7907501930968,0.485,0.485
E01004277,Other LSOAs,4.33689503456945,6.66247642991829,-65.8917226982803,-32.8124630068438,0.126,0.126
E01004280,Other LSOAs,6.33946830265849,10.2760736196319,-51.121675852013,-31.8959266724936,0.798,0.798
E01004281,Other LSOAs,2.35825388861014,8.63020572002007,-52.1514879265465,-18.6124345614697,0.238,0.238
E01004283,Other LSOAs,7.69230769230769,8.51648351648352,-31.4945886026999,-7.89599344902248,0.438,0.438
E01004286,Other LSOAs,8.24575586095392,8.7712206952304,-44.038967310417,-30.3931221824374,0.313,0.313
E01004287,Other LSOAs,11.7333333333333,10.9333333333333,-47.4389573097485,-27.3830552495802,0.541,0.541
E01004288,Other LSOAs,8.860075634792,12.4797406807131,-29.1864891457147,11.1028291721468,0.323,0.323
E01004289,Other LSOAs,8.63942058975685,7.91515778582514,-47.7295840801732,-26.0227112021026,0.606,0.606
E01004290,Other LSOAs,6.99088145896657,8.61195542046606,-24.068010187696,-8.63272010313162,0.161,0.161
E01004291,Other LSOAs,7.96228391828182,7.33368255631221,-66.8652116325657,-32.411123048694,0.164,0.164
E01004292,Other LSOAs,6.82634730538922,7.12574850299401,-36.0821732232186,-42.2662923332621,0.566,0.566
E01004293,Other LSOAs,9.72292191435768,6.19647355163728,-27.8386036034021,-39.9896374782753,0.426,0.426
E01004295,Other LSOAs,5.6943056943057,11.7382617382617,-37.5047051307836,-18.6216754273668,0.498,0.498
E01004296,Other LSOAs,5.63786008230453,8.51851851851852,-66.0123480535781,-29.7860144920018,0.354,0.354
E01004297,Other LSOAs,8.88656560376372,6.16832200731835,-33.5025166344803,-24.5460469475136,0.357,0.357
E01004298,Other LSOAs,8.92634207240949,7.24094881398252,-41.3462604842292,-30.604806077154,0.294,0.294
E01004300,Other LSOAs,9.02203856749311,10.8815426997245,-37.4228592986665,4.47239680149012,0.546,0.546
E01004301,Other LSOAs,6.98166431593794,8.53314527503526,-55.195471803976,-30.2555714457346,0.165,0.165
E01004302,Other LSOAs,2.69461077844311,11.5568862275449,-67.0718109329317,-22.6777191680826,0.092,0.092
E01004303,Other LSOAs,5.85161964472309,10.3796586555207,-35.8627555046855,-3.46597016771592,0.481,0.481
E01004304,Other LSOAs,7.40740740740741,7.92311298640413,-57.8211490325737,-43.1301795978208,0.256,0.256
E01004305,Other LSOAs,9.06166219839142,9.6514745308311,-57.1487365471593,-28.9730976559779,0.533,0.533
E01004306,Other LSOAs,7.8804347826087,5.43478260869565,-59.6487959014006,-68.1361765282139,0.421,0.421
E01004307,Other LSOAs,3.04329189884269,3.34333476210887,-67.8193584510201,-61.132679233261,0.391,0.391
E01004308,Other LSOAs,7.98056904927134,7.7029840388619,-45.7896169314926,-32.9118349824417,0.461,0.461
E01004309,Other LSOAs,5.26504297994269,6.91260744985673,-69.7777714396544,-55.1659499050132,0.357,0.357
E01004310,Other LSOAs,5.75111551809618,6.44521566683193,-53.4590786957623,-45.1425081677397,0.199,0.199
E01004311,Other LSOAs,7.85907859078591,9.32249322493225,-62.7337325858421,-37.4523344264184,0.351,0.351
E01004312,Other LSOAs,9.526938239159,9.65834428383706,-42.0257734739263,-23.2891180526946,0.611,0.611
E01004313,Other LSOAs,4.28235294117647,11.3411764705882,-70.2536813064143,-35.9279211774119,0.527,0.773
E01004315,Other LSOAs,9.29791271347248,7.77988614800759,-44.808677178223,-34.5328747891235,0.482,0.482
E01004316,Other LSOAs,5.5822906641001,8.46968238691049,-26.1165020959717,-18.1652848302816,0.256,0.256
E01004319,Other LSOAs,6.34730538922156,8.10379241516966,-38.2331045936126,-43.7440863160726,0.524,0.524
E01004321,Other LSOAs,6.47716682199441,8.10810810810811,-33.8129281888451,-36.1374977671521,0.484,0.484
E01004322,Other LSOAs,6.13409415121255,8.13124108416548,-59.4062072233985,-38.9796363518881,0.185,0.185
E01004323,Other LSOAs,6.81399631675875,7.48925721301412,-48.6026406620487,-29.922223447873,0.441,0.441
E01004324,Other LSOAs,6.1875,8.5,-36.7192792191011,-28.9374956553089,0.509,0.509
E01004326,Other LSOAs,4.92323980942298,10.2170460561143,-65.7659121941401,-30.3297172558299,0.454,0.454
E01004327,Other LSOAs,9.55540809555408,7.10019907100199,-20.0874740827664,-17.306705008401,0.661,0.661
E01004328,Other LSOAs,7.27272727272727,10.427807486631,-68.5856967785859,-37.6628482560367,0.869,0.869
E01004329,Other LSOAs,7.28879072335726,10.0496963003865,-31.2235382042113,10.9425068576804,0.833,0.833
E01004330,Other LSOAs,10.2625298329356,10.381861575179,-42.1245138172155,-26.3075183702527,0.83,0.83
E01004331,High care mismatch,7.85024154589372,11.231884057971,-12.9167874694854,21.3802181457792,0.595,0.595
E01004332,Other LSOAs,7.35218508997429,8.9974293059126,-46.5436383976775,-30.2753862773678,0.739,0.739
E01004333,Other LSOAs,7.1849234393404,13.2508833922262,-20.752640253311,1.92493142639915,0.25,0.25
E01004334,Other LSOAs,7.87526427061311,9.83086680761099,-30.5764354520261,-10.5680653724929,0.396,0.396
E01004335,Other LSOAs,7.426597582038,10.8232584916523,-66.9801168301153,-25.7921393919569,0.585,0.585
E01004336,Other LSOAs,11.1325611325611,6.69240669240669,-8.35107745667008,-8.81952530394527,0.317,0.317
E01004337,Other LSOAs,9.5756880733945,9.5756880733945,-28.2509421185268,-14.1298083187754,0.543,0.543
E01004338,Other LSOAs,8.16831683168317,6.38613861386139,-37.689780990126,-24.677956862067,0.285,0.285
E01004339,Other LSOAs,6.3230605738576,11.0520722635494,-32.6552043878925,-12.9117760922366,0.165,0.165
E01004340,High care mismatch,9.11028236547683,10.2290889717635,-5.15669772287421,30.4842218544941,0.495,0.495
E01004341,Other LSOAs,9.0532850491464,8.07035695809622,-54.0172943901579,-33.5777292714841,0.629,0.629
E01004342,High care mismatch,7.30659025787966,11.7478510028653,7.69330592114972,20.9203814858148,1.137,1.137
E01004343,High care mismatch,11.7049706039551,10.7429182255478,9.23802457744991,19.016000611115,0.93,0.93
E01004344,High care mismatch,7.0415133998949,13.0320546505518,7.83241820600872,35.3561182291077,1.187,1.187
E01004345,Other LSOAs,8.01781737193764,10.8574610244989,-12.4150069352923,7.86347255951863,1.27,1.27
E01004346,Other LSOAs,9.00500277932185,12.84046692607,-16.6994394440074,13.1774714117393,1.759,1.759
E01004347,Other LSOAs,6.91391941391941,13.9194139194139,-18.6273652277053,6.93819235537709,1.384,1.384
E01004348,Other LSOAs,6.38586956521739,11.9904891304348,-41.8243782842731,-30.2409686385516,0.751,0.751
E01004349,High older + care mismatch,15.0516795865633,11.4987080103359,27.9504966370284,24.3172912431824,1.319,1.319
E01004350,High older mismatch,30.2472382956339,9.25828511309837,44.8333381692021,3.37975839363715,1.592,1.592
E01004351,High older mismatch,21.7629179331307,10.3951367781155,26.820064103555,14.2076065938569,1.114,1.114
E01004352,High older mismatch,27.0313329792884,8.44397238449283,50.7979578832492,4.01360130149703,0.329,0.329
E01004353,High older + care mismatch,22.4793388429752,9.91735537190083,44.1429655522826,17.3548948760357,0.558,0.558
E01004354,Other LSOAs,13.3774160732452,12.410986775178,-13.4724227230959,-20.3497759859251,0.486,0.486
E01004355,High care mismatch,13.5663507109005,13.3886255924171,-7.94589124571677,21.211873320845,1.605,1.605
E01004356,Other LSOAs,16.9022379269729,10.1295641931684,4.78351416694935,12.2953212182358,2.017,2.017
E01004357,Other LSOAs,18.3944374209861,9.79772439949431,7.5280035559362,4.84013742203187,1.407,1.407
E01004358,Other LSOAs,16.5813715455476,11.5148413510747,6.61235382477668,-8.54879518197604,1.175,1.175
E01004359,Other LSOAs,15.946261682243,10.7476635514019,-9.32836491380512,-3.54733372261339,0.952,0.952
E01004360,High older mismatch,24.9062265566392,9.52738184546137,17.4593100577125,7.87788566144788,1.383,1.383
E01004361,High older mismatch,18.2671480144404,9.96389891696751,27.7577466079674,11.2943323911626,2.386,2.386
E01004362,High older + care mismatch,10.7587064676617,11.4427860696517,11.3552971550553,17.5411413864144,0.681,0.681
E01004363,Other LSOAs,11.7117117117117,10.03003003003,-9.46975784157921,6.0591368803243,0.898,0.898
E01004364,Other LSOAs,9.84351337708228,10.3987884906613,-26.1835397113595,-2.91847833130561,0.767,0.767
E01004365,Other LSOAs,6.72698662470496,8.30055074744296,-37.8908403328355,-22.3860649595548,0.733,0.733
E01004366,High older mismatch,15.1421188630491,8.42377260981912,27.2409814331962,5.49580709901544,0.841,0.841
E01004367,Other LSOAs,9.63331261653201,9.69546302050963,-58.2033731276515,-21.5675821844253,0.271,0.271
E01004368,Other LSOAs,9.3469387755102,7.46938775510204,-32.0830519613976,-6.4677919341418,0.379,0.379
E01004369,Other LSOAs,5.81196581196581,10.1994301994302,-42.3401103096546,-24.0385628627955,0.442,0.442
E01004370,Other LSOAs,6.26483151400095,10.5363075462743,-15.1776790632792,-2.89380713605799,0.319,0.319
E01004371,Other LSOAs,9.94542146755609,9.58156458459673,-52.8281524099036,-21.7600566753766,0.514,0.514
E01004372,Other LSOAs,6.14355231143552,9.61070559610705,-45.1632653848334,-10.6910577008762,0.646,0.646
E01004373,Other LSOAs,8.31485587583149,9.70066518847007,-44.5714960729123,-15.7997139590117,0.679,0.679
E01004374,Other LSOAs,7.83316378433367,8.90132248219735,-42.0702582025741,-11.7569233231174,0.635,0.635
E01004375,Other LSOAs,7.56476683937824,8.70466321243523,-56.2602773608855,-18.2258264344749,0.513,0.513
E01004376,Other LSOAs,10.0475938656795,6.34584875727129,-26.8862907751928,-27.3742162046934,0.289,0.289
E01004377,High older + care mismatch,13.1880108991826,11.4441416893733,15.7667629207454,30.4847118018832,1.116,1.116
E01004378,Other LSOAs,10.9848484848485,11.2012987012987,-12.6980479808095,-8.33436944131948,0.947,0.947
E01004379,Other LSOAs,11.0995850622407,11.7738589211618,-18.8895681656723,-16.2190461881784,0.207,0.207
E01004380,High care mismatch,12.4930284439487,11.8795315114334,8.96657603730642,21.6568613239763,0.823,0.823
E01004381,Other LSOAs,10.5289672544081,11.9899244332494,-19.5136122351865,-6.45864566181552,0.519,0.519
E01004382,Other LSOAs,6.8945868945869,13.6752136752137,-1.96647115568329,11.8757165151464,0.497,0.497
E01004383,Other LSOAs,13.3965619442798,12.448132780083,-9.6986425442095,0.828030810422881,0.68,0.68
E01004384,Other LSOAs,13.986013986014,12.5374625374625,-24.0791670024337,9.52579140787465,1.351,1.351
E01004385,High older + care mismatch,13.2333767926988,12.5814863102999,23.6064537596064,33.7030622931844,1.293,1.293
E01004386,High older mismatch,19.4690265486726,9.73451327433628,23.260680404812,7.94195877374029,1.042,1.042
E01004387,High older mismatch,19.0542420027816,11.3351877607789,21.8622830601048,7.85872908092209,0.649,0.649
E01004388,Other LSOAs,15.6495468277946,11.9033232628399,-4.05386101783441,0.730591611485878,0.355,0.355
E01004389,Other LSOAs,15.5619596541787,10.2593659942363,4.47016073227778,-1.18118614035729,0.982,0.982
E01004390,Other LSOAs,14.2322097378277,11.6104868913858,-2.67809228122298,7.50727388579967,1.307,1.307
E01004391,High older + care mismatch,5.67741935483871,10.3655913978495,11.7172658740288,42.4290928179024,0.611,0.611
E01004392,Other LSOAs,6.19641465315667,10.3663289166017,-20.6216200356716,-8.63739930556719,0.343,0.343
E01004393,Other LSOAs,10.887573964497,10.2958579881657,-20.4354578303767,-18.8119088336698,0.296,0.296
E01004394,Other LSOAs,8.93659510733899,9.73539690464304,-46.170252132456,-25.479828409824,0.256,0.256
E01004395,High care mismatch,9.30506478209658,10.8951707891637,-4.79795923143326,38.5360354105438,1.417,1.417
E01004396,Other LSOAs,9.18674698795181,9.68875502008032,-21.3724443593641,-12.6321346117596,0.575,0.575
E01004397,Other LSOAs,7.09122203098107,8.91566265060241,-5.10773994982371,-5.20040636730666,0.337,0.337
E01004398,High care mismatch,10.4536489151874,9.51676528599605,-5.33275610370089,30.305707651798,1.584,1.584
E01004399,High care mismatch,8.04658549497088,10.7464266807835,-1.12867555864865,25.383428635937,1.993,1.993
E01004400,Other LSOAs,7.7449947312961,11.3804004214963,-38.6469873918241,-11.9990382099193,1.284,1.284
E01004401,Other LSOAs,6.33713561470216,12.2940430925222,-7.83991981718993,5.63013035800955,0.727,0.727
E01004402,Other LSOAs,9.77042178323545,11.5323011211959,-52.668168721562,-0.331912444378816,1.171,1.171
E01004403,Other LSOAs,6.41669887901044,12.6787785079242,-32.7249374352344,-20.1444777931586,1.81,1.81
E01004404,High care mismatch,4.87548228691687,14.030164854437,-41.7363961572973,16.6630205654188,0.776,0.776
E01004405,Other LSOAs,9.62099125364431,11.0787172011662,-50.510633892798,-27.0148058205209,0.881,0.881
E01004406,Other LSOAs,9.00705371676614,9.27835051546392,-41.549306173643,-12.111964151434,0.568,0.568
E01004407,Other LSOAs,5.81395348837209,10.7711138310894,-4.98777458716051,-2.05303611485491,0.6,0.6
E01004408,Other LSOAs,8.53025936599424,11.2968299711816,-3.02438288514988,-0.840894448893025,0.642,0.642
E01004409,Other LSOAs,12.2747747747748,11.036036036036,1.30297209216804,-9.53061397216696,0.375,0.375
E01004410,Other LSOAs,14.0845070422535,11.0509209100758,-5.01772883106644,-1.19892157100335,0.591,0.591
E01004411,Other LSOAs,7.62626262626263,11.6161616161616,-21.9286795745826,-0.864489250458831,0.219,0.219
E01004412,Other LSOAs,8.45464725643897,11.3661814109742,-53.9421082140366,-13.5636824795648,0.49,0.49
E01004413,High older mismatch,20.9573091849935,9.50840879689521,18.5277156116557,-2.51089184563633,1.006,1.006
E01004414,Other LSOAs,13.5938359933957,10.4567969179967,-14.1856727842978,0.552952317376509,1.581,1.581
E01004415,High older mismatch,17.13048855906,8.53432282003711,33.1218658173484,0.692447692045107,1.326,1.326
E01004416,High older mismatch,14.6768893756846,11.3362541073384,21.4597228572313,10.8472908634151,0.572,0.572
E01004417,Other LSOAs,18.8859416445623,10.132625994695,-20.6467505840977,-12.6035070937421,1.068,1.068
E01004418,Other LSOAs,13.7078651685393,12.1348314606742,-19.1310924016477,-0.0946487045179438,0.934,0.934
E01004419,High older + care mismatch,8.0316742081448,12.2549019607843,12.4133568211662,20.5487789744249,0.916,0.916
E01004420,Other LSOAs,8.55496453900709,7.5354609929078,-37.993637723055,-21.6802772917183,0.746,0.746
E01004421,Other LSOAs,12.6172607879925,6.61350844277674,-40.2921823623752,-38.2624352576464,0.988,0.988
E01004422,High care mismatch,7.8579523989422,10.1246694370986,3.45433918824118,27.1500123900264,1.289,1.289
E01004423,Other LSOAs,10.8468125594672,10.1332064700285,-36.7065401665254,-10.0517347581935,0.678,0.678
E01004424,Other LSOAs,5.98774163130599,8.48656294200849,-46.9972473607816,-32.4927208456496,1.192,1.192
E01004425,Other LSOAs,5.22875816993464,13.2227249874309,-32.0749901951032,-5.79328920218158,1.17,1.17
E01004426,Other LSOAs,11.4628820960699,8.02401746724891,-33.8585998902207,-20.9099860601233,0.921,0.921
E01004427,Other LSOAs,5.73022312373225,11.815415821501,-20.1281053438323,-3.32796569795139,1.664,1.664
E01004428,Other LSOAs,7.99043062200957,11.1004784688995,-21.4794812444854,12.6370246959171,1.014,1.014
E01004429,High care mismatch,8.02839978154014,10.1583833970508,4.76975613571262,36.1328464425118,1.02,1.02
E01004430,Other LSOAs,7.69805680119581,7.43647234678625,-17.9344263325121,-8.47965185324183,0.35,0.35
E01004432,Other LSOAs,8.54037267080745,10.7142857142857,-35.2470813227737,-5.27915182755599,0.334,0.334
E01004434,Other LSOAs,9.42603826411572,11.4325711619225,3.33826665311745,-0.950125989571539,1.095,1.095
E01004435,Other LSOAs,7.63500931098697,10.4283054003724,-30.7983299495016,-4.09474974431574,0.654,0.654
E01004436,Other LSOAs,12.4511082138201,8.80052151238592,-48.1219527979269,-24.614031149963,0.543,0.543
E01004437,Other LSOAs,9.47603121516165,10.1449275362319,-22.7576582414623,-7.733888878648,0.531,0.531
E01004438,Other LSOAs,8.29450139794967,7.54892823858341,-53.3510870916993,-26.198843562055,0.403,0.403
E01004439,Other LSOAs,13.080684596577,9.29095354523227,-28.5206181037792,-18.8653835028223,0.273,0.273
E01004440,Other LSOAs,8.56727976766699,10.0193610842207,-25.5095278234136,-26.1997794731178,0.232,0.232
E01004441,Other LSOAs,12.573673870334,9.69220694171578,-10.6838335821526,10.1784416572997,0.579,0.579
E01004442,Other LSOAs,11.6580310880829,9.4559585492228,-3.30317034540117,-1.47341547278469,0.472,0.472
E01004443,Other LSOAs,8.06451612903226,8.915770609319,-32.2602564778961,-12.6888309287866,0.204,0.204
E01004444,Other LSOAs,5.95956012770486,9.29407591344448,-10.6043167799562,-4.4877735083634,0.354,0.354
E01004445,Other LSOAs,8.77697841726619,8.72901678657074,-25.9871245821786,-5.576637619693,0.27,0.27
E01004446,Other LSOAs,6.70663169726489,9.44173847883102,-32.1376828944978,-11.4430296680978,0.295,0.295
E01004447,Other LSOAs,9.93555316863588,9.77443609022556,-34.9943503952889,-7.62273655107701,0.619,0.619
E01004448,High care mismatch,6.11715914981856,11.9232763089684,-4.54353275656938,24.0479137752535,0.703,0.703
E01004449,Other LSOAs,10.4651162790698,9.83086680761099,-14.25538064828,3.16232192453126,0.789,0.789
E01004450,Other LSOAs,16.7447306791569,10.9484777517564,-3.81438204185124,-8.8787437643551,1.921,1.921
E01004451,Other LSOAs,15.7437567861021,9.60912052117264,-25.9892235006903,-5.88934940042844,1.938,1.938
E01004452,Other LSOAs,14.3766578249337,11.4588859416446,-32.9384393951397,-32.9893337463334,1.744,1.744
E01004453,High older mismatch,13.1390874106652,10.1704233095107,12.9782176783072,7.65826134849526,2.047,2.047
E01004454,Other LSOAs,12.2210953346856,12.1703853955375,-20.7113930374606,7.69899770040159,1.586,1.586
E01004455,Other LSOAs,11.377579475739,10.3736754043503,-0.941583812739825,-3.06109125395917,1.443,1.443
E01004456,High older + care mismatch,11.6527942925089,9.45303210463734,21.3709695170447,22.6978051814274,1.99,1.99
E01004457,Other LSOAs,6.61764705882353,10.5567226890756,-53.506550509472,-30.2582475369243,0.851,0.851
E01004458,Other LSOAs,8.59106529209622,10.3092783505155,-58.4248819453055,-17.3831176313615,0.79,0.79
E01004459,High care mismatch,8.28828828828829,12.5525525525526,-37.8400874463523,21.2619362967634,1.115,1.115
E01004460,Other LSOAs,7.71861260381045,9.81924767953102,-38.7102624342443,-13.011270900708,0.908,0.908
E01004462,Other LSOAs,7.85229202037352,11.1629881154499,-30.003729860068,-13.847844478795,0.61,0.61
E01004463,High care mismatch,4.93404982901808,13.9228138739619,-32.9281183444218,17.9239861714859,1.225,1.225
E01004464,Other LSOAs,4.40579710144928,13.7391304347826,-37.1846864160425,7.73707650560814,0.295,0.295
E01004465,Other LSOAs,9.76975731176105,12.0721841941506,-19.332920592837,-10.2674646288602,0.37,0.37
E01004466,Other LSOAs,10.0639906922629,12.3327515997673,-35.4811470584569,-17.0672271609865,0.62,0.62
E01004467,High care mismatch,6.7515923566879,12.6539278131635,-36.1858962712261,16.6528029699805,0.511,0.511
E01004468,High care mismatch,10.6239460370995,11.2984822934233,7.70858251306362,23.6550034382423,0.758,0.758
E01004469,High care mismatch,6.5625,13.3333333333333,-0.632232695306927,43.5825938843775,0.667,0.667
E01004470,Other LSOAs,7.60934691431995,12.8819652486519,-23.9643573283559,-19.3709890621288,0.38,0.38
E01004471,Other LSOAs,8.84009009009009,13.0067567567568,-37.4591246629146,-1.30850176833473,0.254,0.254
E01004472,Other LSOAs,10.662177328844,8.5297418630752,-12.0385480709324,-29.4418181148694,0.451,0.451
E01004473,Other LSOAs,9.80834272829763,8.28635851183766,-2.69299598941409,-24.1454442633323,0.558,0.558
E01004474,Other LSOAs,4.80673934588702,6.44202180376611,-28.4828791664837,-37.2549350975018,0.265,0.265
E01004475,Other LSOAs,8.73593646591661,8.86829913964262,-14.4602488027774,-16.6410553040988,0.393,0.393
E01004476,Other LSOAs,7.72626931567329,6.23620309050773,-13.6528946572405,-53.6522156288101,0.185,0.185
E01004477,Other LSOAs,13.2689987937274,11.6405307599518,-11.1170283762618,-10.7210361239059,0.477,0.477
E01004478,Other LSOAs,8.86479591836735,14.094387755102,-13.3116930965856,-9.69810281091773,0.808,0.808
E01004479,Other LSOAs,10.2242744063325,10.4881266490765,-10.9639291301712,-14.4213916498743,0.969,0.969
E01004480,Other LSOAs,8.0325960419092,6.34458672875437,0.40522232932234,-26.0403552159622,0.371,0.371
E01004481,Other LSOAs,7.75809407452657,5.80329871716555,-27.1861406739146,-54.8188351340922,0.12,0.12
E01004482,Other LSOAs,10.012836970475,6.86777920410783,-30.8551584341493,-18.6095368936989,0.467,0.467
E01004483,Other LSOAs,7.66301761066159,8.90052356020942,-3.50168339629402,10.5971846903141,0.939,0.939
E01004484,Other LSOAs,7.87191460973983,7.33822548365577,-10.8055204752277,13.4726393441657,0.959,0.959
E01004485,Other LSOAs,12.1754183496826,7.21292556260819,-13.955719394154,-32.9916486443891,0.378,0.378
E01004486,Other LSOAs,10.9943977591036,5.88235294117647,-4.70975772533771,-4.20100397627291,0.861,0.861
E01004487,Other LSOAs,8.77427997320831,7.36771600803751,-22.8087784821674,-17.062325529528,0.653,0.653
E01004488,Other LSOAs,9.84962406015038,9.77443609022556,-8.09302535029011,-11.128687169464,0.443,0.443
E01004489,Other LSOAs,7.47800586510264,10.7771260997067,-22.430614323082,3.47742288094563,0.563,0.563
E01004490,Other LSOAs,7.5796178343949,12.484076433121,-33.0896993062984,-2.84350458746639,1.081,1.081
E01004491,Other LSOAs,5.0199203187251,7.33067729083665,-3.93182275472181,-10.9212503370853,1.063,1.063
E01004492,Other LSOAs,8.62068965517242,10.8620689655172,-35.5962013590292,-9.94471258475151,0.803,0.803
E01004493,Other LSOAs,7.34086242299795,9.44558521560575,-10.9438150746582,-7.33335306296805,1.079,1.079
E01004494,Other LSOAs,7.55456071628428,9.68102965864577,-29.1636087183548,-24.4167848171632,1.307,1.307
E01004495,Other LSOAs,7.18789407313998,8.63808322824716,-3.01768535167271,-15.3425135748906,1.138,1.138
E01004496,Other LSOAs,6.06531881804044,7.41316744427164,-31.2877576956871,-50.9462394444797,1.186,1.186
E01004497,Other LSOAs,8.95123580494322,13.8944555778223,-19.3032775877583,4.37275832988873,1.425,1.425
E01004498,Other LSOAs,6.03907637655417,10.5387803433985,-70.9654022216535,-43.1264967020858,1.015,1.015
E01004499,Other LSOAs,8.69565217391304,8.26086956521739,-15.4143605038101,-7.78935883949174,0.52,0.52
E01004500,Other LSOAs,11.5544041450777,6.42487046632124,-4.55191593370269,-21.2059924184759,0.587,0.587
E01004501,Other LSOAs,10.7491856677524,8.27361563517915,-24.0227439584094,-19.0060185375636,0.887,0.887
E01004502,Other LSOAs,11.7539585870889,9.92691839220463,-29.385446127188,-13.4539421029592,0.837,0.837
E01004503,Other LSOAs,10.8362779740872,7.71495877502945,-6.55098645174135,-1.79542112614839,0.432,0.432
E01004504,Other LSOAs,10.9508196721311,12,3.29140502194516,8.58435822890801,0.852,0.852
E01004505,High older mismatch,14.1089108910891,9.03465346534654,10.9729968206238,-1.60858560686636,1.051,1.051
E01004506,Other LSOAs,11.0960757780785,6.81100586377988,-18.469981060798,-43.9765212140201,0.504,0.504
E01004507,Other LSOAs,7.15114031696946,9.12253575570158,-11.4747006261999,-6.39850688238443,0.242,0.242
E01004508,Other LSOAs,8.48726909635547,5.24213679480779,-43.8155019131211,-49.9404213014451,0.556,0.556
E01004510,Other LSOAs,8.83947939262473,7.04989154013015,-53.9973552167934,-24.9059550866009,1.102,1.102
E01004511,Other LSOAs,6.95488721804511,9.46115288220551,-31.0571488139252,-12.5897295608946,0.618,0.618
E01004512,Other LSOAs,9.43526170798898,10.6060606060606,-10.0426338214303,0.31387382758205,1.554,1.554
E01004513,Other LSOAs,8.44122216468151,9.4251683065769,-30.5017067521643,-5.68221978686678,1.502,1.502
E01004514,Other LSOAs,9.06095551894563,9.33552992861065,-23.2538647673388,-10.1788011906929,1.387,1.387
E01004515,Other LSOAs,8.24436536180308,5.51601423487545,-56.1669569142574,-25.8071715328414,0.861,0.861
E01004516,Other LSOAs,12.1055651176133,9.92541594951233,-6.82557810014832,-0.467277553023514,0.95,0.95
E01004517,Other LSOAs,6.05926581158779,10.0398053958425,2.57825028524101,3.90751355857892,0.721,0.721
E01004518,Other LSOAs,12.998266897747,11.9006354708261,-2.01416993965081,3.94965532346706,1.053,1.053
E01004519,Other LSOAs,12.1436716077537,9.97719498289624,-1.7202789970917,-4.32946151403145,0.459,0.459
E01004520,Other LSOAs,12.1708185053381,9.8220640569395,8.45918873058379,1.44803640648953,0.675,0.675
E01004521,Other LSOAs,9.03732809430256,11.3948919449902,-0.602006232420091,6.64922463528637,0.958,0.958
E01004522,Other LSOAs,7.91907514450867,10,-18.8901481636295,4.62020854586437,1.111,1.111
E01004523,High older mismatch,18.3150183150183,8.79120879120879,20.1274465412347,4.3936459337993,1.08,1.08
E01004524,High older + care mismatch,13.5869565217391,10.5434782608696,31.038336781423,33.2443935405481,0.657,0.657
E01004525,Other LSOAs,6.38961038961039,8.36363636363636,-40.006479796893,-41.5605919925602,0.135,0.135
E01004526,Other LSOAs,7.66197183098592,8.7887323943662,-66.0224927485976,-38.9761260663908,0.326,0.326
E01004527,Other LSOAs,12.537673297167,8.31826401446655,-12.6456961489021,-31.326491944327,0.427,0.427
E01004528,Other LSOAs,9.44881889763779,9.99394306480921,-6.33855634199946,2.06950599565484,0.635,0.635
E01004529,Other LSOAs,7.5130765572991,9.55777460770328,-36.5394575061234,-28.3553016446794,0.226,0.226
E01004530,Other LSOAs,10.7798165137615,7.39678899082569,-36.322674741134,-29.2994771726774,0.582,0.582
E01004531,Other LSOAs,10.2272727272727,11.25,-21.3882538770252,-4.67801081956331,0.582,0.582
E01004532,Other LSOAs,10.778859527121,10.8484005563282,-23.8973790662488,7.64642402546692,0.844,0.844
E01004533,Other LSOAs,10.904071773637,10.7660455486542,-15.3465893181836,0.0388691336236917,0.61,0.61
E01004534,Other LSOAs,9.2235539343408,8.38978634705576,-38.8815320754033,-12.5081373958222,0.602,0.602
E01004535,Other LSOAs,5.49568965517241,14.1163793103448,-56.1123583890324,11.2892813477411,0.513,0.513
E01004536,Other LSOAs,4.84900042535092,8.50701829008932,-56.9480009265656,-30.5242786355385,0.306,0.306
E01004537,Other LSOAs,7.47348119575699,9.450337512054,-31.7233473556816,-8.08593867382748,0.319,0.319
E01004538,Other LSOAs,10.5730427764326,8.63599677158999,-37.8667550446158,-6.59322125027782,0.766,0.766
E01004539,High care mismatch,7.17017208413002,12.810707456979,-7.84679872853197,20.9034822572888,1.237,1.237
E01004540,Other LSOAs,9.25760286225402,8.85509838998211,-33.4169073049764,1.49360777355809,1.013,1.013
E01004541,Other LSOAs,13.9068945197407,9.25162050677666,-31.4943000336224,-14.6969259375033,0.55,0.55
E01004542,Other LSOAs,10.1145038167939,11.323155216285,-3.97558100944491,7.93074664179698,0.709,0.709
E01004543,Other LSOAs,8.14220183486239,8.77293577981651,-20.3024292403622,0.277407564368811,0.727,0.727
E01004544,Other LSOAs,10.8512020792723,10.0714749837557,-18.5769225967039,-13.3966319956741,0.407,0.407
E01004545,Other LSOAs,6.45994832041344,4.90956072351421,-24.6004352725693,-58.9900090966047,0.194,0.194
E01004546,Other LSOAs,9.80653769179453,8.73915943962642,-19.2275163246877,-11.7548151616957,0.533,0.533
E01004547,Other LSOAs,14.4662921348315,8.42696629213483,3.12085719818199,-14.8949725619617,0.675,0.675
E01004548,Other LSOAs,8.99262899262899,7.86240786240786,-28.0414120867909,-34.9333416462883,0.375,0.375
E01004549,Other LSOAs,10.5231509320505,7.99759470835839,-9.44901939859606,-32.5662771427888,0.335,0.335
E01004550,High older + care mismatch,18.8096987509184,11.9764878765614,30.6805846144798,18.9263430140352,0.719,0.719
E01004551,Other LSOAs,6.64536741214058,5.36741214057508,-49.1125249258622,-58.4967451011449,0.17,0.17
E01004552,Other LSOAs,3.90466531440162,5.42596348884381,-50.1756178506061,-50.8442396500269,0.519,0.519
E01004553,Other LSOAs,7.2644721906924,8.74006810442679,-25.7897492425363,-6.57421792983772,0.683,0.683
E01004554,High care mismatch,6.590084643289,11.7896009673519,-9.3677897137236,15.7204103834165,0.717,0.717
E01004555,Other LSOAs,7.88405797101449,14.4927536231884,6.97103823391215,11.7883489500232,0.815,0.815
E01004556,Other LSOAs,7.22964763061968,15.7958687727825,-25.441251637686,-5.02666666106077,0.925,0.925
E01004557,Other LSOAs,8.37182448036952,13.7413394919169,-37.7410653443668,-10.1508621325965,0.985,0.985
E01004558,Other LSOAs,7.27075420510038,14.3244709712425,-21.7819597309935,-2.57795860535352,1.143,1.143
E01004559,Other LSOAs,9.33242506811989,13.2152588555858,-5.72613036748281,15.0068525409675,1.222,1.222
E01004560,Other LSOAs,9.09560723514212,9.56072351421188,-5.20652373635171,14.4389935953168,1.118,1.118
E01004563,Other LSOAs,6.23853211009174,10.0917431192661,-35.0159556879105,10.3021287984736,0.979,0.979
E01004564,Other LSOAs,8.00854244527496,6.19327282434597,-4.23909053491185,0.905798150081157,0.586,0.586
E01004565,Other LSOAs,7.95660036166365,6.87160940325497,-29.3704443955737,-6.82695072674168,0.737,0.737
E01004566,Other LSOAs,11.9047619047619,6.42857142857143,-23.259371516879,-31.3506085447496,0.729,0.729
E01004567,Other LSOAs,7.11261642675699,10.8382726502964,-42.9202645230971,-20.9464869985897,0.365,0.365
E01004568,Other LSOAs,4.76730987514188,11.0102156640182,-21.5499985999609,10.7432736630815,2.486,2.486
E01004569,Other LSOAs,10.3781512605042,8.65546218487395,-34.9714762118491,-0.508177938058744,2.31,2.31
E01004570,Other LSOAs,10.7604759441283,12.3124676668391,-16.3451379844459,11.7217856815562,2.527,2.527
E01004571,Other LSOAs,8.94308943089431,9.37669376693767,-22.6748377168676,7.09449375254152,2.277,2.277
E01004572,High older + care mismatch,12.8113879003559,10.7354685646501,21.2817796627731,18.59065776686,1.695,1.695
E01004573,High care mismatch,10.8011869436202,10.5637982195846,-4.96208128256061,34.093358174359,2.095,2.095
E01004574,High care mismatch,4.39508506616257,13.8941398865785,-25.2472581126639,18.3702070896516,2.743,2.743
E01004575,High older mismatch,17.7436440677966,8.15677966101695,26.9117854662443,12.943188918634,2.558,2.558
E01004576,High older + care mismatch,10.9725685785536,12.0947630922693,14.5362767334567,40.919710874842,2.964,2.964
E01004577,Other LSOAs,12.2294372294372,9.03679653679654,-16.8423810894021,-14.0506947494604,1.175,1.175
E01004579,Other LSOAs,11.8589743589744,8.86752136752137,-45.0363505162528,-17.9664636683054,0.964,0.964
E01004580,Other LSOAs,8.04162724692526,7.75780510879849,-44.5398230870911,-20.9946977199801,0.854,0.854
E01004581,Other LSOAs,12.6895002807412,7.07467714766985,-5.7170016339728,-28.6791082623937,0.585,0.585
E01004582,Other LSOAs,19.3826600090785,7.30821606899682,6.04574605518835,-18.844553211982,1.194,1.194
E01004583,High older mismatch,25.1461988304094,7.13450292397661,11.851692203859,-36.2440340271869,0.876,0.876
E01004584,Other LSOAs,9.85507246376812,12,-31.9190478612783,-1.64945580214256,0.869,0.869
E01004585,Other LSOAs,9.58904109589041,7.06849315068493,-12.0367995228541,-21.9308351696009,0.613,0.613
E01004586,Other LSOAs,6.86015831134565,6.38522427440633,-14.4148498584277,-25.1638054039937,0.722,0.722
E01004587,Other LSOAs,7.63736263736264,9.45054945054945,-16.7430142361215,-10.4270205876582,1.046,1.046
E01004588,Other LSOAs,5.55831265508685,6.60049627791563,-48.2917253638717,-31.4241379608579,0.465,0.465
E01004589,Other LSOAs,5.06681514476615,10.0779510022272,-28.3324081666378,-4.41467184236127,0.948,0.948
E01004590,Other LSOAs,14.1081081081081,8.91891891891892,-6.95170104325477,-5.1298202100012,1.048,1.048
E01004591,Other LSOAs,9.89473684210526,8.10526315789474,-36.024154041127,-18.0530887376732,1.063,1.063
E01004592,Other LSOAs,12.6559714795009,9.5068330362448,-6.79412450285923,-9.04402520579309,0.964,0.964
E01004593,Other LSOAs,9.13312693498452,11.4551083591331,-4.45383870217557,-15.1582396412698,0.625,0.625
E01004594,Other LSOAs,12.4559341950646,12.5146886016451,-4.71086721180618,-9.90731512538504,0.267,0.267
E01004595,Other LSOAs,8.94941634241245,10.8393551973319,-0.780377185169154,-5.71701150210031,0.782,0.782
E01004596,Other LSOAs,11.2143742255266,13.1970260223048,-5.04859964814892,9.8902788654406,0.239,0.239
E01004597,Other LSOAs,10.010593220339,12.6588983050847,-6.7287049581419,12.545630493708,0.555,0.555
E01004598,Other LSOAs,4.7973917093619,10.6660456450862,-6.52287462177538,-1.60797996980559,1.001,1.001
E01004599,High care mismatch,10.4792332268371,14.6325878594249,3.80162269894077,32.631918152987,0.523,0.523
E01004601,Other LSOAs,9.61850649350649,8.80681818181818,-28.3691792592313,-15.2859564943754,1.08,1.08
E01004602,Other LSOAs,12.6897389192471,8.62173649058895,-28.9753440618348,-35.2470495587693,0.306,0.306
E01004604,Other LSOAs,15.5028827674568,12.7482383087764,7.78553092966484,6.88492528154335,1.496,1.496
E01004605,Other LSOAs,16.0900604063701,11.2026359143328,8.42710761057884,1.68461816964372,1.135,1.135
E01004606,Other LSOAs,8.30842797369994,9.6234309623431,-10.1382107261026,-13.8189941325362,0.871,0.871
E01004607,Other LSOAs,13.6893799877225,9.94475138121547,-15.264377819492,-30.3264463151002,0.933,0.933
E01004608,Other LSOAs,12.3427201917316,7.42959856201318,-19.8387379876591,-26.5681760305197,0.62,0.62
E01004609,Other LSOAs,8.98455779129621,6.87880205896116,-35.3929929839955,-53.1639189246629,0.628,0.628
E01004610,Other LSOAs,12.4054462934947,6.10186585980837,-5.18598872266,-23.6526424363328,0.613,0.613
E01004611,Other LSOAs,12.2977346278317,8.02588996763754,-21.7079687363687,-36.8620678895637,0.412,0.412
E01004612,Other LSOAs,10.4114713216958,6.17206982543641,-21.4849529964685,-51.813151846734,0.515,0.515
E01004613,Other LSOAs,9.79929161747343,10.7438016528926,-33.2142611649873,-32.8369375489269,0.424,0.424
E01004614,Other LSOAs,7.96549974632166,8.11770674784373,-17.1337861844378,-11.6669689396721,0.549,0.549
E01004615,Other LSOAs,9.48905109489051,10.8880778588808,10.4162796212076,-1.92996517116973,0.852,0.916
E01004616,Other LSOAs,6.28299894403379,6.17740232312566,-51.6717560205124,-40.2104133787632,0.173,0.173
E01004617,Other LSOAs,6.18124672603457,6.23363017286537,-33.5220399869875,-13.2912950529472,0.582,0.582
E01004618,Other LSOAs,13.271400132714,8.42733908427339,-22.8228899213467,-44.3969684312302,0.308,0.308
E01004619,Other LSOAs,7.66396462785556,11.7907148120855,-24.0664878534992,14.2677075324712,1.42,1.42
E01004620,Other LSOAs,8.30878020035357,10.5480259281084,2.76378138518464,8.09699252042314,1.703,1.703
E01004621,Other LSOAs,9.82558139534884,9.53488372093023,-14.8965484540094,-6.08757704900232,1.414,1.414
E01004622,Other LSOAs,6.54761904761905,5.46536796536797,-2.95404961629898,-11.2998781664673,1.53,1.53
E01004623,Other LSOAs,8.69565217391304,11.5753811405985,2.92251978569978,6.86307863426351,1.711,1.711
E01004624,Other LSOAs,10.1716465352829,11.3795295613477,4.89314330908685,3.85280756979427,1.662,1.662
E01004625,High older + care mismatch,18.0228136882129,12.4714828897338,19.4128966541984,24.7322315341746,1.538,1.538
E01004626,Other LSOAs,12.0390455531453,12.4186550976139,7.55671556712712,9.49703589582613,1.042,1.042
E01004627,Other LSOAs,9.4577553593947,12.1059268600252,-24.7227839732295,2.60924705972352,1.288,1.288
E01004628,Other LSOAs,9.35897435897436,9.78632478632479,1.78399084790553,9.97212577765599,0.836,0.836
E01004629,Other LSOAs,16.8130489335006,10.1631116687578,5.18908693461457,-1.66815381765194,0.225,0.225
E01004630,High care mismatch,9.71590909090909,12.7272727272727,-2.25348731823179,19.56348590151,0.666,0.666
E01004631,Other LSOAs,9.40488841657811,10.9989373007439,-7.77273136408763,3.88245937252125,0.944,0.944
E01004632,Other LSOAs,10.6789716545814,10.6130520764667,8.92590249919284,12.7989828901884,0.484,0.484
E01004633,High care mismatch,8.57487922705314,11.9565217391304,-17.5858115134023,15.8765465636891,0.51,0.51
E01004634,High care mismatch,13.3783783783784,10.472972972973,1.66191744083386,16.6558618488798,1.047,1.047
E01004635,Other LSOAs,11.9277108433735,10.1807228915663,4.93096341619657,-3.25110438490663,0.635,0.635
E01004636,High care mismatch,11.3620807665982,11.1567419575633,4.61014029421876,15.1387953970054,1.001,1.001
E01004637,Other LSOAs,10.7776261937244,9.48158253751705,6.80241107693741,0.193143202373911,0.879,0.879
E01004638,Other LSOAs,19.0094683175528,11.143481427531,-20.3435985905235,-8.39124229163773,1.322,1.322
E01004639,Other LSOAs,12.6537785588752,9.6074985354423,-5.32761465781278,-4.26056083343492,1.59,1.59
E01004640,Other LSOAs,13.452380952381,8.92857142857143,6.38909071435658,-4.8057855658604,1.21,1.21
E01004641,Other LSOAs,16.2076271186441,10.2754237288136,4.46648380750331,11.880319010366,2.104,2.104
E01004642,Other LSOAs,11.8900994789199,10.5637138796779,-5.45930409507536,10.6704771122293,2.011,2.011
E01004643,Other LSOAs,11.0591237771161,11.9098256061251,-12.9931110640383,3.10369113079705,1.074,1.074
E01004644,Other LSOAs,13.538338658147,10.5830670926518,-2.37504607363211,13.365534262161,1.993,1.993
E01004645,Other LSOAs,15.0943396226415,11.2264150943396,-32.0625417970786,4.87676627980067,1.48,1.48
E01004646,Other LSOAs,12.3112659698026,10.6271777003484,-0.0902965562724845,-1.47384528200968,0.527,0.527
E01004647,Other LSOAs,16.1870503597122,9.64028776978417,-18.1654437587477,-22.4046528135361,0.398,0.398
E01004648,Other LSOAs,10.2023245802841,9.08308222126561,0.292921919870665,-1.43339102491341,0.468,0.468
E01004649,Other LSOAs,15.8268275372605,11.3555713271824,7.77505768548594,-17.0861459634287,0.221,0.221
E01004650,Other LSOAs,14.3801652892562,10.0826446280992,-47.2514582044472,-31.9487217757891,0.416,0.416
E01004651,Other LSOAs,14.5997745208568,7.77903043968433,-14.5995800527195,-34.2576226074542,0.346,0.346
E01004652,Other LSOAs,10.7739938080495,5.63467492260062,-46.8151406593105,-66.5324043744648,0.276,0.276
E01004653,Other LSOAs,12.7681307456588,7.35444330949949,-20.2343274552853,-49.5718461796219,0.59,0.59
E01004654,Other LSOAs,9.44399018806214,5.84627964022895,-37.1006682849941,-68.7222292625265,0.483,0.483
E01004656,Other LSOAs,10.7488537952114,7.28476821192053,-36.5521211020122,-38.8592208382537,0.132,0.132
E01004657,Other LSOAs,13.4979423868313,6.25514403292181,-33.7441453711624,-51.0940072661064,0.407,0.407
E01004658,Other LSOAs,6.62729658792651,4.59317585301837,-58.2272043662704,-66.1194183315986,0.424,0.424
E01004659,Other LSOAs,11.4723926380368,5.15337423312884,-2.531560674856,-29.5211545592609,0.184,0.184
E01004660,Other LSOAs,14.6051712089448,9.2941998602376,-28.6535263799294,-45.0291559716912,0.132,0.132
E01004661,Other LSOAs,9.50950950950951,4.65465465465466,-41.9251989345399,-45.805681386441,0.199,0.199
E01004662,Other LSOAs,11.4567526555387,5.61456752655539,-25.3024077522098,-59.1365457331286,0.132,0.132
E01004663,Other LSOAs,14.3864598025388,6.55853314527503,-39.8919622566261,-52.9704891982852,0.486,0.486
E01004665,Other LSOAs,12.5946317962836,10.3234686854783,-20.0272621605427,1.92452877702804,0.659,0.659
E01004668,Other LSOAs,13.5915492957747,9.29577464788732,-28.7517151826736,-16.8078212273711,0.778,0.778
E01004669,Other LSOAs,11.7954677513074,8.54154561301569,-20.746797393237,-9.8762109304708,0.487,0.487
E01004670,Other LSOAs,15.0239940937615,7.93650793650794,-14.3505546889304,-13.7133823978861,0.59,0.59
E01004674,Other LSOAs,12.0336311087756,8.61797162375197,-39.6424188001591,-30.950801937703,0.585,0.585
E01004675,Other LSOAs,11.1347216319592,9.09477263068423,-49.3828388831584,-21.8052976923916,0.595,0.595
E01004676,Other LSOAs,7.7948034643571,8.927381745503,-60.6767563185422,-26.3688394681908,0.604,0.604
E01004677,Other LSOAs,9.37682003494467,8.67792661619103,-29.8762204869994,-29.7073219063778,0.439,0.439
E01004678,Other LSOAs,9.36386768447837,9.77099236641221,-44.7885389197183,-19.4538955930423,0.746,0.746
E01004679,Other LSOAs,8.90688259109312,9.76720647773279,-57.4309220157246,-39.3228255083883,0.521,0.521
E01004680,Other LSOAs,17.5806451612903,5.88709677419355,-28.3107963433251,-52.0579932744114,0.429,0.429
E01004681,Other LSOAs,8.98203592814371,5.93358737071312,-28.0950988153851,-34.8647408149934,0.238,0.238
E01004682,Other LSOAs,8.11865729898517,4.76190476190476,-28.8077914477261,-42.0606162070006,0.246,0.246
E01004683,Other LSOAs,12.4327956989247,6.65322580645161,-4.61496075744352,-22.3390910407158,0.311,0.311
E01004684,Other LSOAs,10.9538002980626,6.70640834575261,-35.4549502623101,-46.4623901640506,0.357,0.357
E01004686,Other LSOAs,12.9378127233738,5.93280914939242,-33.3130603145618,-45.0201280350006,0.526,0.526
E01004687,Other LSOAs,20.7418622255867,7.11582134746404,-19.6621680903112,-45.2104988474006,0.315,0.315
E01004690,Other LSOAs,17.3545966228893,7.03564727954972,-39.997244576659,-29.3936971554831,0.395,0.395
E01004691,Other LSOAs,17.3761946133797,5.2128583840139,-6.89183166323792,-36.0927794654051,0.35,0.35
E01004692,Other LSOAs,17.335945151812,7.05190989226249,-4.74883476140499,-22.4701641944544,0.687,0.687
E01004693,Other LSOAs,11.3223140495868,8.7603305785124,1.648323767452,-35.1374459331981,0.224,0.224
E01004694,Other LSOAs,14.2663043478261,4.7554347826087,-27.4749742185491,-50.3556204956593,0.269,0.269
E01004695,Other LSOAs,10.0746268656716,3.82462686567164,-10.4440015401664,-60.5460152372215,0.093,0.093
E01004696,Other LSOAs,14.7994467496542,8.02213001383126,-13.9352972890844,-27.6025680156808,0.445,0.445
E01004697,Other LSOAs,10.9538002980626,7.37704918032787,-24.6179095856603,-32.5521164855967,0.413,0.413
E01004698,Other LSOAs,10.561797752809,6.44194756554307,-26.434429957521,-44.9548354806073,0.191,0.191
E01004699,Other LSOAs,8.0387685290764,6.55644241733181,-25.3854921073657,-42.1822259476455,0.21,0.21
E01004700,Other LSOAs,8.41750841750842,6.3973063973064,-38.4726532009129,-31.4930783698454,0.444,0.444
E01004701,Other LSOAs,13.0039011703511,9.23276983094929,-26.9765414749556,-28.0860485781847,0.381,0.381
E01004702,Other LSOAs,12.4420677361854,8.77005347593583,-48.5155795044313,-41.0916672699744,0.402,0.402
E01004703,Other LSOAs,14.0922768304915,11.7853560682046,-32.3901185459661,-12.4091044656968,0.188,0.188
E01004705,Other LSOAs,13.3440514469453,10.6109324758842,-30.4595288651418,-19.3093731718712,0.255,0.255
E01004706,Other LSOAs,9.41734417344173,9.07859078590786,-31.5898159957766,-17.3246842945807,0.419,0.419
E01004707,Other LSOAs,7.8847199564981,9.67917346383904,-26.7236342895221,-14.7843118995544,0.292,0.292
E01004708,Other LSOAs,10.3381014304291,8.45253576072822,-21.8665508693648,-19.6716726459854,0.617,0.617
E01004709,Other LSOAs,11.1570247933884,8.67768595041322,-43.0997039647949,-43.7114033431714,0.116,0.116
E01004710,Other LSOAs,9.34150076569678,10.4645227156713,-37.150637189948,-22.1568417066134,0.31,0.31
E01004711,Other LSOAs,8.8,12.05,-45.8966368688618,-25.83294708832,0.31,0.31
E01004712,Other LSOAs,13.6332179930796,6.36678200692042,-49.8781955353166,-49.2081734574477,0.252,0.252
E01004713,Other LSOAs,14.828897338403,7.22433460076046,-43.7489557516235,-54.6679452465944,0.498,0.498
E01004714,Other LSOAs,9.35251798561151,7.13429256594724,-35.8849212249279,-46.1194957570894,0.351,0.351
E01004715,Other LSOAs,12.9085872576177,5.20775623268698,-47.5224952547319,-52.8781476406951,0.181,0.181
E01004716,Other LSOAs,18.8516746411483,8.03827751196172,-15.7668345705906,-36.089602192624,0.109,0.109
E01004717,Other LSOAs,12.4208860759494,5.22151898734177,-60.0190021228268,-63.6650549944211,0.415,0.415
E01004718,Other LSOAs,11.0812264658419,8.12264658418505,-46.9952367074609,-30.2223476656448,0.621,0.621
E01004719,Other LSOAs,12.3287671232877,9.97260273972603,-10.3398281168037,-3.22258004571106,0.531,0.531
E01004720,Other LSOAs,10.9058927000879,9.19085312225154,-20.1977545136069,-20.7433720269191,0.673,0.673
E01004721,Other LSOAs,14.6652497343252,10.8926673751328,-35.1700094596832,-16.2291273995577,0.812,0.812
E01004722,Other LSOAs,7.8584729981378,9.94413407821229,-39.6216358573272,-10.0387587771021,0.452,0.452
E01004723,Other LSOAs,10.5545617173524,9.74955277280859,-32.4714161699177,-24.4103768726377,0.331,0.331
E01004724,Other LSOAs,12.7771911298838,7.1805702217529,-39.2666578720907,-36.0612758177785,0.402,0.402
E01004725,Other LSOAs,11.0510046367852,8.80989180834621,-40.8732327901207,-26.3634908405236,0.582,0.582
E01004726,Other LSOAs,14.5228215767635,8.06164789567279,-2.44727937284262,-19.6437683310647,0.482,0.482
E01004727,High care mismatch,13.2686084142395,7.11974110032362,5.81098953856267,19.0954172920112,0.701,0.701
E01004728,Other LSOAs,18.9821182943604,7.22145804676754,-11.0383374597237,-34.0858459361648,0.75,0.75
E01004729,Other LSOAs,21.313672922252,7.64075067024129,-10.4538335157431,-27.2197658139908,0.629,0.629
E01004730,High older mismatch,19.6575342465753,8.42465753424658,36.9095195479372,13.0798452958339,1.146,1.146
E01004731,Other LSOAs,8.29170829170829,7.09290709290709,-19.6878114439714,-7.96746132478253,0.405,0.405
E01004732,Other LSOAs,15.9021406727829,8.48623853211009,-4.78710154139592,-5.79493053216624,0.27,0.27
E01004733,Other LSOAs,12.0894811994288,5.18800571156592,-2.99098349128269,-26.5530582024334,0.04,0.04
E01004734,Other LSOAs,14.0236686390533,3.19526627218935,-21.0317280868746,-50.1953277595907,0.121,0.121
E01004735,Other LSOAs,10.2766798418972,5.78063241106719,-45.0182699170828,-50.4516269378093,0.251,0.251
E01004736,Other LSOAs,10.5729877216917,2.86493860845839,5.08887810991073,-15.1275142194859,0.467,0.467
E01004737,Other LSOAs,17.3234811165846,11.1658456486043,-5.44994758175319,-7.77784769060573,0.251,0.251
E01004740,High older mismatch,20.9961685823755,7.73946360153257,13.0591727184192,-24.5443424859047,0.299,0.299
E01004741,Other LSOAs,13.276397515528,7.22049689440994,-21.4802431072477,-31.637238900917,0.09,0.09
E01004742,Other LSOAs,10.9785202863962,5.0914876690533,-18.5370646001594,-40.4355171863155,0.311,0.311
E01004743,Other LSOAs,12.5832223701731,8.25565912117177,-24.7009046429068,-12.1536848783002,0.618,0.618
E01004744,Other LSOAs,15.2892561983471,8.40220385674931,-2.98408229599797,-23.8912756533557,0.477,0.477
E01004746,Other LSOAs,15.3722978382706,8.40672538030424,-4.14750339037661,-13.9960204873516,0.457,0.457
E01004747,Other LSOAs,13.9652014652015,6.68498168498169,-11.9305827526504,-42.5347079837153,0.303,0.303
E01004748,Other LSOAs,18.1594083812654,5.99835661462613,-11.7425020197481,-42.8355190194224,0.254,0.254
E01004749,Other LSOAs,10.5720823798627,7.18535469107551,-26.7560399003912,-47.9155690978209,0.518,0.518
E01004750,Other LSOAs,19.949494949495,6.69191919191919,-27.4569140046551,-37.4588005629523,0.385,0.385
E01004751,Other LSOAs,11.3317757009346,4.90654205607477,-28.1455756574733,-44.6461301259103,0.571,0.571
E01004752,Other LSOAs,12.7659574468085,6.38297872340426,-14.3685017187957,-27.4361236034534,0.464,0.464
E01004753,Other LSOAs,11.503416856492,5.06833712984055,-27.8607276002382,-35.8037273527912,0.676,0.676
E01004754,Other LSOAs,13.4471718249733,10.5122732123799,-38.3399936538786,-14.3650691743284,0.407,0.407
E01004755,Other LSOAs,7.78638401956788,8.31634732980024,-47.5524396866855,-29.8604275043737,0.31,0.31
E01004756,Other LSOAs,7.22733245729304,8.8042049934297,-35.2256342516459,-11.9762121492308,0.544,0.544
E01004757,Other LSOAs,9.83112183353438,10.3739445114596,-34.028120966085,-12.0155792048014,0.285,0.285
E01004760,Other LSOAs,10.5450236966825,8.05687203791469,-23.4165897382984,-32.895359878029,0.257,0.257
E01004761,Other LSOAs,19.3360995850622,4.9792531120332,-6.27935656629292,-31.5553702731551,0.256,0.256
E01004762,Other LSOAs,18.158403090792,5.40888602704443,-31.019853067231,-34.127537691464,0.467,0.467
E01004763,Other LSOAs,5.16129032258065,3.42431761786601,-68.0193735714121,-67.127933610685,0.191,0.191
E01004765,Other LSOAs,12.0385232744783,4.70840021401819,-46.1880920757633,-56.2990644816093,0.247,0.247
E01032512,Other LSOAs,7.25671140939597,12.4161073825503,-34.5495766804081,-4.71424350627991,0.42,0.42
E01032513,Other LSOAs,12.4087591240876,11.5166261151663,-21.7008864915185,-22.2921827525443,0.187,0.187
E01032562,Other LSOAs,9.04024767801858,13.9938080495356,-18.6119439020067,7.60338018142302,1.572,1.901
E01032563,High older + care mismatch,25.7418909592823,9.04071773636991,43.142948108993,21.4916675599212,1.282,1.43
E01032564,Other LSOAs,8.22444273635665,13.2205995388163,-22.0612158855797,7.1171179369642,1.578,2.131
E01032565,High care mismatch,13.1633356305996,12.0606478290834,-2.944878131929,33.834585792859,1.08,1.667
E01032566,High older + care mismatch,13.7784843667197,11.2347641759406,17.0322113147369,35.2420137330975,2.331,2.331
E01032567,High older mismatch,15.6838143036386,8.59473023839398,13.4378170553333,-0.63829103419917,1.86,1.86
E01032568,Other LSOAs,13.8360655737705,11.2786885245902,4.41984302577878,13.1722192887875,0.327,0.327
E01032569,High care mismatch,7.97991071428571,14.0625,-0.460604006822965,48.2093255500478,0.275,0.275
E01032570,High older mismatch,28.168202764977,11.1175115207373,50.145321212892,5.46754134197368,5.406,5.406
E01032572,Other LSOAs,11.2562189054726,9.70149253731343,-35.0954639122978,-8.42026565329711,0.401,0.401
E01032573,Other LSOAs,13.2409972299169,9.08587257617729,-39.2351251087646,-39.0192880746606,0.338,0.338
E01032574,Other LSOAs,10.6763285024155,11.5942028985507,10.4592686379384,5.9127321671696,0.649,0.649
E01032575,Other LSOAs,7.63823805060919,10.4967197750703,-49.5671933672814,-12.2850124980157,0.14,0.14
E01032576,High older mismatch,14.7199046483909,9.47556615017878,18.8260110110835,8.40551640766401,0.808,0.808
E01032577,Other LSOAs,13.1652661064426,12.9411764705882,-12.0317467234326,9.27491644965369,1.366,1.366
E01032579,Other LSOAs,4.63821892393321,9.50834879406308,-52.0028208600198,-18.9152604728204,0.379,0.379
E01032580,Other LSOAs,7.18911917098446,12.4352331606218,0.860007728547382,8.67279444593383,0.846,0.862
E01032581,High older + care mismatch,7.97514241325738,13.4645261522527,16.9972925231004,30.7615004633059,0.643,0.643
E01032582,Other LSOAs,8.54888206926787,6.13765892152565,-35.1933509011713,-28.4577937399653,0.068,0.068
E01032583,Other LSOAs,5.36062378167641,8.62573099415205,-43.5687040126494,-26.5213428670672,0.237,0.237
E01032584,Other LSOAs,9.50259836674091,7.42390497401633,-31.7437785331303,-35.8119617207849,0.318,0.318
E01032623,High older mismatch,27.8488048916065,9.06058921623124,46.6355147161391,14.2636782591245,1.976,3.871
E01032637,Other LSOAs,3.04761904761905,2.57142857142857,-28.6373885735016,-50.7543433280066,0.815,0.815
E01032638,Other LSOAs,7.70625566636446,4.98640072529465,-3.12272410391943,-38.0063378652955,0.56,0.56
E01032639,Other LSOAs,4.64751958224543,5.53524804177546,-60.2544504765001,-50.6723692551466,0.541,0.546
E01032640,Other LSOAs,6.18357487922705,4.15458937198068,-34.3981965040672,-35.8667688926748,0.752,0.752
E01032646,Other LSOAs,6.2128222075347,5.75016523463318,-47.8120996895196,-46.3612677671847,0.711,0.711
E01032719,Other LSOAs,6.36678200692042,7.61245674740485,-45.657030026287,-35.4432366100638,0.422,0.436
E01032739,Other LSOAs,4.06905055487053,2.15782983970407,-69.3268713559113,-64.1912743416785,0.309,0.309
E01032740,Other LSOAs,7.6647564469914,2.57879656160458,-53.4004303596129,-35.0159187135183,0.238,0.238
E01032741,Other LSOAs,7.40992522093814,10.9449354180829,-29.3031837819193,11.0432019266564,0.382,0.382
E01032742,High older + care mismatch,17.5070821529745,11.5580736543909,16.4041706761605,27.4647370364396,0.744,0.744
E01032743,High care mismatch,3.77027619465147,16.308636562911,-30.2805816655794,20.4549487911595,2.073,2.073
E01032744,Other LSOAs,14.1351518908865,10.973341599504,-36.0853910164208,-31.176617958262,1.79,1.79
E01032764,Other LSOAs,3.43220338983051,7.79661016949153,-25.4360788929282,-10.2656012166709,0.539,0.539
E01032765,Other LSOAs,6.27137970353478,8.60889395667047,-33.8312440515722,0.950365104795154,0.535,0.535
E01032767,Other LSOAs,2.17113665389527,2.8735632183908,-65.9057488164942,-74.135263187834,0.266,0.266
E01032768,Other LSOAs,3.79362670713202,6.60091047040971,-13.4436042805543,-8.13777338957549,0.235,0.235
E01032769,Other LSOAs,5.38116591928251,7.39910313901345,-32.907671395387,-18.1955040655998,0.135,0.135
E01032770,Other LSOAs,4.09219190968956,6.86735653809972,-60.3488749195662,-38.7443484642395,0.493,0.493
E01032771,Other LSOAs,3.17357512953368,6.73575129533679,-71.6510661777979,-35.6274598643546,0.227,0.227
E01032772,Other LSOAs,3.53136684669713,8.47528043207312,-53.8410280050628,-27.6795394154219,0.423,0.423
E01032774,Other LSOAs,3.66056572379368,10.7043815862451,-46.3883182188141,-18.4733733556084,0.336,0.336
E01032775,Other LSOAs,3.70682392586352,11.3732097725358,-36.8180907947689,-19.4576981350496,0.898,0.898
E01032776,Other LSOAs,1.35396518375242,6.91489361702128,-31.4100995987305,-7.76951045963936,0.222,0.222
E01032777,Other LSOAs,2.34741784037559,9.23317683881064,-56.0235933595013,-19.5318971080014,0.144,0.144
E01032779,Other LSOAs,1.49466192170819,9.46619217081851,-46.5041890726066,-20.3818004491078,0.311,0.311
E01032780,Other LSOAs,3.10830500242836,7.18795531811559,-58.4388685056347,-37.2544441216165,0.551,0.551
E01032781,Other LSOAs,4.50236966824645,8.64928909952607,-57.1723161452902,-12.1980801431881,0.559,0.559
E01032782,Other LSOAs,1.73564753004005,7.47663551401869,-58.1184069077622,-19.2648917474685,0.325,0.325
E01032783,Other LSOAs,7.81010719754977,8.88208269525268,-43.1067273547549,-38.5106402733947,0.65,0.65
E01032784,Other LSOAs,4.97949619214997,7.49853544229643,-45.2806224803045,-12.3191827817976,0.448,0.448
E01032785,Other LSOAs,1.74811283273739,11.5613825983313,-73.8884544200684,1.46926766144076,0.721,0.721
E01032786,Other LSOAs,6.25774473358117,11.8959107806691,-52.3868503974993,-0.750080726854002,0.756,0.756
E01032787,Other LSOAs,5.62805872756933,10.1141924959217,-30.4774644670166,-6.00728360201784,0.352,0.352
E01032788,Other LSOAs,6.35220125786164,10.8176100628931,-26.8020510593398,-26.9316034849699,0.717,0.717
E01032789,Other LSOAs,3.82695507487521,12.7287853577371,-7.3829341633887,13.4261542656428,0.169,0.169
E01032790,Other LSOAs,9.55752212389381,12.6548672566372,-8.25008684944289,4.01753299338549,0.484,0.484
E01032803,Other LSOAs,4.31893687707641,6.31229235880399,-54.368154055966,-50.790685803934,0.704,0.704
E01032834,Other LSOAs,7.24070450097847,3.22896281800391,0.0167479696927106,-41.5721768503193,0.718,0.718
E01033000,High care mismatch,7.99543118218161,13.6493432324386,-10.8265095708114,23.8574549735725,2.292,2.292
E01033030,Other LSOAs,2.05294435440303,17.3960021609941,-44.5576287225314,4.56866674190992,2.423,2.423
E01033081,Other LSOAs,9.71177944862155,11.3408521303258,-15.5465917757089,-12.6090036715216,1.426,1.426
E01033082,High older mismatch,22.2045995241872,9.43695479777954,23.2368401091912,-3.12749157822463,1.496,1.496
E01033083,Other LSOAs,1.26353790613718,16.1101083032491,-29.0226533457517,-9.41373885150189,0.435,0.435
E01033084,High care mismatch,6.27848101265823,14.1772151898734,-13.4773878119254,16.4895213921774,0.64,0.64
E01033086,Other LSOAs,8.8309503784693,11.2699747687132,-7.3280056760999,-4.18261678612847,1.089,1.089
E01033098,Other LSOAs,3.27485380116959,8.12865497076023,-12.8412548650683,-8.63339227564239,0.573,0.573
E01033099,Other LSOAs,5.51431601272534,8.37751855779427,-39.4758450266675,-6.85463582905474,0.768,0.768
E01033100,Other LSOAs,8.18181818181818,5.82887700534759,-37.1140903129241,-46.4268052343242,0.522,0.522
E01033132,Other LSOAs,3.9273441335297,7.46195385370643,-23.5563376542672,-25.6024030369458,0.088,0.088
E01033133,Other LSOAs,6.03015075376884,6.95142378559464,-26.7732213837667,-6.97895793968795,0.68,0.68
E01033135,Other LSOAs,7.905803195963,10.8494533221194,-14.6017952187863,-14.2168308684182,0.361,0.361
E01033146,High care mismatch,7.54226267880364,13.0689206762029,8.38748017042315,45.7336062111768,1.13,1.13
E01033148,High care mismatch,5.73104693140794,12.1841155234657,-50.5865727287036,20.897646041773,2.129,2.129
E01033150,High care mismatch,3.43195266272189,18.2840236686391,-48.2251444173248,62.9056958000697,2.237,2.237
E01033151,High older + care mismatch,9.82142857142857,13.8736263736264,18.7421981925567,64.8087517832963,1.907,1.907
E01033208,Other LSOAs,3.51082504388531,7.25570509069631,-44.4965292272917,-25.2528585292664,0.144,0.144
E01033320,Other LSOAs,9.05035054174633,10.7074569789675,-40.2909076218867,-2.05963991395899,1.502,1.502
E01033322,Other LSOAs,4.30278884462151,11.0756972111554,-59.7948406202979,-15.8538056002196,1.657,1.657
E01033324,Other LSOAs,14.0442132639792,8.97269180754226,-22.9172998050439,-24.715789058923,0.425,0.425
E01033325,Other LSOAs,0.950292397660819,8.40643274853801,-37.9533793729069,-15.776244338302,0.277,0.277
E01033327,Other LSOAs,5.7570262919311,7.43427017225748,-36.5814744745336,-33.6681483874418,0.696,0.696
E01033341,Other LSOAs,7.85498489425982,10.5740181268882,-54.1372542354422,-20.1361029561685,0.814,0.814
E01033455,Other LSOAs,9.14634146341463,13.2404181184669,-44.4385357604043,-8.2638726414637,0.318,0.318
E01033456,Other LSOAs,10.1333333333333,10.7428571428571,-12.5373621188877,14.9313300183502,0.805,0.805
E01033457,Other LSOAs,8.51814516129032,7.8125,1.30202297443657,-13.9019361102984,0.607,0.607
E01033463,Other LSOAs,17.2632245802978,5.22648083623693,4.64240099651805,-18.8896934719733,1.21,1.21
E01033485,Other LSOAs,9.95723885155773,10.1405009163103,-44.7562571011428,-10.8281529936044,0.231,0.231
E01033486,Other LSOAs,6.4922480620155,9.78682170542636,-50.1114091890036,-36.5517983961956,0.34,0.34
E01033487,Other LSOAs,1.16959064327485,7.85296574770259,-38.3412754935547,-35.404415415715,0.263,0.263
E01033488,Other LSOAs,6.02189781021898,6.6301703163017,-34.0483877768627,-44.4095740827239,0.304,0.304
E01033489,Other LSOAs,4.85304169514696,4.64798359535202,-53.0536060145307,-60.3541790413,0.464,0.464
E01033490,Other LSOAs,9.93566833452466,6.29020729092209,-64.6500022482173,-51.1169486454284,0.288,0.288
E01033491,Other LSOAs,6.62525879917184,7.40165631469979,-53.5455360922272,-44.1042918758623,0.205,0.205
E01033493,Other LSOAs,3.72907153729072,6.24048706240487,-18.3430184083931,-15.4168737972085,0.251,0.251
E01033494,Other LSOAs,9.5114006514658,10.4885993485342,-14.1775985386841,0.416104122244349,0.049,0.049
E01033569,Other LSOAs,8.03522289488167,12.4931205283434,-36.9107540007038,-30.579739986198,5.321,5.321
E01033570,Other LSOAs,8.01047120418848,14.3979057591623,-13.9255529147291,12.8473923488293,0.646,0.646
E01033571,Other LSOAs,17.7020708082832,11.4228456913828,1.7239868883132,4.57207764708987,0.538,0.538
E01033579,Other LSOAs,1.74695606140815,6.35256749602965,3.342996588612,-2.01656467923074,0.167,0.167
E01033580,Other LSOAs,3.54107648725213,9.84419263456091,-43.889728446255,-23.9763158777309,0.27,0.27
E01033581,High care mismatch,7.12428497139886,12.8445137805512,-19.7319102962618,30.6284410061174,0.164,0.164
E01033582,High care mismatch,2.69151138716356,10.2139406487233,-2.68752491558651,17.7163135893842,0.805,0.805
E01033584,Other LSOAs,7.52498530276308,10.4644326866549,-40.2020659706809,-20.007008468229,0.304,0.304
E01033586,High care mismatch,4.85714285714286,8.85714285714286,-12.4531872518742,16.3658877789559,0.541,0.541
E01033587,Other LSOAs,2.44897959183673,16,-51.2757009215131,2.47135628315834,0.715,0.715
E01033589,Other LSOAs,1.22950819672131,17.9815573770492,-53.4838008446171,-4.21003404039519,0.745,0.745
E01033590,High care mismatch,4.48717948717949,18.1089743589744,-11.0037902361683,45.9024523547514,1.192,1.192
E01033591,High care mismatch,6.24580255204836,13.5325721961048,3.08517351556866,17.1662464198961,0.647,0.647
E01033592,High older + care mismatch,9.62701612903226,11.6431451612903,17.4343055016361,15.9731367697491,1.198,1.284
E01033593,Other LSOAs,2.88683602771363,10.1039260969977,-49.3338824734142,-25.0416823001683,0.235,0.235
E01033594,Other LSOAs,15.2666666666667,5.13333333333333,-10.4680768205703,-41.6739862026056,0.103,0.103
E01033597,Other LSOAs,13.0089374379345,8.24230387288977,-11.0499664494619,-5.38116815283055,0.775,0.775
E01033598,Other LSOAs,14.2228739002933,7.84457478005865,-3.21113868491879,-5.92373593735275,0.498,0.498
E01033599,Other LSOAs,6.76402767102229,12.2982321291314,-39.232422362465,13.5624300518769,0.712,0.712
E01033601,Other LSOAs,12.3232323232323,7.07070707070707,-26.1591960906937,-29.5616372792835,0.413,0.413
E01033602,Other LSOAs,12.8524590163934,10.6229508196721,-35.5662739450245,-17.3280241875381,0.395,0.395
E01033603,Other LSOAs,8.45181674565561,7.74091627172196,-35.0687571880123,-36.48105438249,0.218,0.218
E01033604,Other LSOAs,9.05245346869712,9.81387478849408,-35.5486803973675,-26.2131752123885,0.182,0.182
E01033605,Other LSOAs,12.2560975609756,9.26829268292683,-42.8225673122973,-28.0400417966105,0.401,0.401
E01033699,Other LSOAs,3.75088464260439,5.44939844302902,-54.4939773722504,-48.6376457829729,0.039,0.039
E01033700,Other LSOAs,4.25531914893617,5.70052187876355,-39.5023366322566,-54.1418187145057,0.142,0.142
E01033702,Other LSOAs,4.28472702142364,13.752591568763,-33.4186502531649,3.27898776766002,0.64,0.64
E01033703,Other LSOAs,8.43971631205674,5.95744680851064,-44.4417453196051,-36.7327479229444,0.706,0.706
E01033704,Other LSOAs,2.26012793176972,7.76119402985075,-64.5136973932374,-44.1436260624827,0.28,0.28
E01033705,Other LSOAs,5.30355896720168,10.4675505931612,-23.4995805272286,13.9517061839592,0.649,0.649
E01033706,Other LSOAs,2.0746887966805,4.77178423236515,-50.7223444206631,-62.230875019703,0.415,0.415
E01033708,Other LSOAs,2.35546038543897,2.8372591006424,-45.3664627711205,-52.0129005226132,0.293,0.293
E01033709,Other LSOAs,4.86338797814208,8.41530054644809,-47.251199096106,-46.9233038205341,0.532,0.532
E01033710,Other LSOAs,2.55506607929515,12.2466960352423,-39.577847335338,-1.46798464893403,0.626,0.626
E01033711,Other LSOAs,2.40460010454783,3.34553058024046,-58.6397457860218,-72.6777799055941,0.328,0.328
E01033712,Other LSOAs,6.86528497409326,10.1036269430052,-67.9477611174359,-44.3961291553413,0.488,0.488
E01033713,Other LSOAs,5.50943396226415,8.07547169811321,-46.8679118221115,-19.5031598400471,0.606,0.606
E01033727,Other LSOAs,4.46494464944649,8.19188191881919,-50.080631687088,-17.403583836031,0.441,0.441
E01033728,Other LSOAs,4.87252124645892,7.87535410764873,-53.234986679843,-32.1303598463905,0.627,0.627
E01033729,High older + care mismatch,9.73737373737374,8.84848484848485,14.7869751321522,16.1989480260717,4.786,4.786
E01033732,Other LSOAs,3.18054256314312,11.4125350795136,-34.4670982409047,-6.62009999691768,0.753,0.753
E01033734,High care mismatch,2.52732240437159,9.90437158469945,-42.8631841881358,17.3938722937017,0.422,0.422
E01033735,Other LSOAs,6.97305863708399,11.8066561014263,-61.3169323307556,-18.0721857483882,0.246,0.391
E01033736,Other LSOAs,2.2271714922049,6.6815144766147,-40.9642475858819,-9.47635113394879,0.3,0.3
E01033737,Other LSOAs,5.12422360248447,10.9730848861284,-43.7274196893173,4.53577539873407,0.201,0.242
E01033738,Other LSOAs,7.25416442772703,10.6931757119828,-5.40037243211942,4.87793686253226,0.345,1.635
E01033739,High care mismatch,2.6635784597568,13.7811233352635,-13.5097297089588,46.3879012566792,1.289,1.289
E01033740,High care mismatch,4.40636474908201,13.2802937576499,-47.5830232507713,22.5639562774227,1.069,1.069
E01033741,Other LSOAs,3.03816228232679,8.1882178584661,-29.3852223078856,10.9849101427592,1.104,1.104
E01033742,Other LSOAs,4.17910447761194,11.5671641791045,-32.0216091493919,11.0049401474036,0.843,0.843
E01033743,High care mismatch,5.51262235960845,14.2709943328181,-4.20587634105577,55.9812923240066,1.818,1.818
E01033744,Other LSOAs,5.49389567147614,11.3207547169811,-54.8627927499968,-4.04203545599929,0.612,0.612
E01033745,High care mismatch,5.38418395961862,14.8065058889512,-8.61968640953756,37.908390173969,1.621,1.621
E01033746,Other LSOAs,17.8789938817131,9.99320190346703,-18.5972642925266,-22.0487902310732,0.303,0.303
E01033784,High older + care mismatch,12.267180475273,12.6525369299936,26.9412123349374,27.904947351537,0.839,0.839
E01033785,High care mismatch,4.77568740955138,13.4587554269175,-21.3197345197593,19.9330812341419,0.379,0.379
E01033786,Other LSOAs,2.74181264280274,15.3084539223153,-23.2135254208437,14.9529203641698,0.474,0.474
E01033787,High care mismatch,1.09364319890636,13.4654818865345,1.68133638604905,51.5200516018566,0.738,0.738
E01033788,Other LSOAs,13.4232498394348,10.1477199743096,2.90199246847849,15.053302094485,0.844,0.844
E01033789,High care mismatch,3.9027149321267,15.2714932126697,-8.66299280204508,21.9563361333719,0.537,3.41
E01033790,High older + care mismatch,11.3602391629297,11.5844544095665,14.60894242066,25.56564294483,0.314,3.278
E01033791,Other LSOAs,9.53757225433526,13.4393063583815,-49.7345775905695,-1.01318429185928,1.905,2.74
E01033792,High older + care mismatch,15.1449275362319,12.1014492753623,31.1024913598115,39.8574076433484,2.559,3.284
E01033862,Other LSOAs,5.87392550143267,4.08309455587393,-24.0072756217159,-37.88768118578,0.44,0.44
E01033863,Other LSOAs,9.9622641509434,8.30188679245283,-22.3775749645107,-20.4287210948406,0.433,0.433
E01033864,Other LSOAs,18.5507246376812,7.92270531400966,-1.65388660662146,-3.13397704814831,0.238,0.238
E01033865,Other LSOAs,2.76134122287968,3.61604207758054,-40.2284564823998,-32.5282732626604,0.486,0.486
E01033866,Other LSOAs,1.70098478066249,4.83437779767234,-37.9561428545907,-51.7542292050103,0.103,0.103
E01033867,Other LSOAs,6.5203357004519,5.87475790832795,-32.3557593362471,-52.0976064802841,0.373,0.373
E01033868,Other LSOAs,2.48403122782115,3.69056068133428,-43.4842632122719,-67.6655023394451,0.466,0.466
E01033869,Other LSOAs,8.31062670299728,11.1035422343324,-19.9951247090562,1.12760749066448,0.194,0.194
E01033870,Other LSOAs,4.06779661016949,7.40112994350283,-51.3711317527052,-22.8108596473426,0.851,0.851
E01033871,Other LSOAs,11.4927344782034,8.65257595772787,-9.31229485508761,-6.60672810649592,0.238,0.238
E01033872,Other LSOAs,6.37970791698693,8.45503458877786,-76.754731405293,-43.5359472822834,0.868,0.868
E01033873,Other LSOAs,3.83963862224732,9.03444381705251,-43.8013621964103,-30.4361176753007,0.426,0.759
E01033874,Other LSOAs,0.260416666666667,3.38541666666667,-51.8512744116934,-47.554834598284,0.224,0.763
E01033875,Other LSOAs,8.25757575757576,9.09090909090909,-27.7745600818715,-17.7462284825709,0.639,0.931
E01033876,Other LSOAs,3.2826261008807,5.36429143314652,-66.8763880764135,-65.3650307922355,0.556,0.749
E01033877,Other LSOAs,7.4385510996119,7.3738680465718,-66.8965066917718,-47.4339023916038,0.695,0.772
E01033878,Other LSOAs,7.68535262206148,11.754068716094,-46.0327061088134,-2.91430445321104,1.533,1.652
E01033879,Other LSOAs,7.6320939334638,10.958904109589,-26.3148890209247,6.84328073298327,1.479,1.479
E01033880,Other LSOAs,3.88758782201405,4.3559718969555,-38.6089124695454,-34.2624887919133,1.631,1.631
E01033881,Other LSOAs,9.66029723991507,9.66029723991507,-36.8906013678612,-28.7529370960429,1.265,1.265
E01033882,Other LSOAs,9.36834634492548,7.31014904187367,-38.3014711283568,-26.2383838100733,0.601,0.601
E01033883,Other LSOAs,6.23830318153462,9.73175296319401,-53.7711087493738,-26.1321118639726,0.436,0.436
E01033884,Other LSOAs,3.99274047186933,5.71687840290381,-49.2572791811618,-44.9037866090976,0.513,0.513
E01033885,Other LSOAs,6.91729323308271,8.27067669172932,-28.6191509844675,-27.0777000496126,0.844,0.844
E01033911,High older + care mismatch,15.5484558040469,11.1821086261981,27.3631614368266,34.9651038253709,0.918,0.918
E01033912,High care mismatch,4.8206937095826,15.5202821869489,-17.7501888735124,22.224575720632,0.521,0.521
E01033913,High care mismatch,10.922171353826,15.7619359058208,-2.76528689112342,18.4725954120878,0.652,0.652
E01033914,Other LSOAs,9.32156646442361,12.6309983452841,-7.02995046732519,-12.862700619628,0.284,0.284
E01033915,High care mismatch,2.49158249158249,17.3737373737374,-28.4060508075789,37.769488907846,0.797,0.797
E01033916,Other LSOAs,5.14829322887521,11.4717403469502,-40.4790392449657,1.67562677468196,0.139,0.139
E01033917,Other LSOAs,3.04837640821736,11.5970841616965,-72.139605063083,-19.8981400168797,0.592,0.592
E01033918,Other LSOAs,3.08880308880309,8.49420849420849,-25.6726271519224,-0.851427134655506,0.421,0.421
E01033919,Other LSOAs,2.97256097560976,9.375,-54.0657585808654,-19.462471685452,0.596,0.596
E01033920,High care mismatch,5.18032786885246,10.2295081967213,-15.0406899228923,15.6698796597751,0.425,0.425
E01033921,High care mismatch,2.71739130434783,13.2850241545894,-23.5957841854593,20.4398578756387,0.259,0.259
E01033922,Other LSOAs,2.22352252779403,10.7080163838502,-30.2401062510908,3.89635497630601,0.231,0.231
E01033923,High care mismatch,8.18937939859245,12.4120281509917,7.92658584325211,32.9117169722221,0.339,0.339
E01033924,Other LSOAs,7.64248704663212,10.2979274611399,-8.81380964457099,13.8080447379355,0.425,0.425
E01033925,High older mismatch,10.7452339688042,9.7053726169844,12.013324871382,2.56508897584017,0.886,0.886
E01033926,High care mismatch,6.10773899848255,13.8846737481032,3.82657008051356,62.1424779083619,1.952,1.952
E01033927,Other LSOAs,8.65093768905021,12.9461584996975,-6.73809875765762,2.42822159941459,0.244,0.244
E01033928,Other LSOAs,10.7692307692308,12.6153846153846,10.0187668554758,-12.449503975373,0.271,0.271
E01033929,Other LSOAs,2.23048327137546,14.7211895910781,-42.7500952420158,9.02060483850696,0.904,0.904
E01033930,Other LSOAs,15.3094462540717,8.63192182410423,-25.3344087479924,-17.9610581180854,0.988,0.988
E01033931,Other LSOAs,10.0809418690213,12.0676968359088,-15.3647231190051,-9.33221685860749,0.139,0.139
E01033932,Other LSOAs,13.6226642555756,7.53465943339361,-25.3946003950165,-17.3303557287768,0.697,0.697
E01033933,High older mismatch,11.4112086428089,7.76502363268062,20.974939787293,2.78032277378193,1.18,1.18
E01033934,High older mismatch,11.9731215638363,9.04092852779475,20.3989316465573,-4.84145149642853,1.174,1.174
E01033935,Other LSOAs,6.77290836653386,7.6195219123506,-8.13092081043706,-8.20162229576449,0.286,0.286
E01033936,Other LSOAs,5.4169202678028,8.03408399269629,-10.4082735967511,-9.01108467965846,0.268,0.268
E01033937,Other LSOAs,9.85432733504713,8.65467009425878,-17.7215052459784,4.43446230713888,0.293,0.293
E01033938,High older + care mismatch,13.3441822620016,11.2286411716843,22.0642173179701,37.875420386225,0.718,0.718
E01033939,High care mismatch,1.76348547717842,14.6265560165975,-17.1899836837367,35.586618208595,0.508,0.508
E01033940,Other LSOAs,0.978307103360272,6.89068481497235,-26.8092415462838,-28.6481199972399,0.414,0.414
E01033941,High care mismatch,3.50541746335245,13.6392606755895,-20.5464209332331,21.2090917879616,0.694,0.694
E01033942,Other LSOAs,1.11870727159727,6.89869484151647,-12.4311682805179,10.7560547137524,0.685,0.685
E01033943,Other LSOAs,5.40755467196819,5.56660039761431,-15.0087766120232,-12.8625397185258,0.514,0.514
E01033944,Other LSOAs,3.23599052880821,9.74743488555643,-53.5238771569144,-16.230682676255,0.014,0.014
E01033945,Other LSOAs,6.2043795620438,8.97810218978102,-13.0955647376984,-10.2157674584093,0.87,0.87
E01033946,Other LSOAs,2.12922173274596,10.4258443465492,-56.0217074409452,-32.6153821148357,0.812,0.812
E01034026,Other LSOAs,1.35458167330677,3.50597609561753,-15.4516291752129,-27.1265973299788,0.022,0.022
E01034027,Other LSOAs,6.59297275957363,7.89577575996842,-44.1342475887003,-8.28912262929354,0.464,0.464
E01034028,High care mismatch,6.91056910569106,9.51219512195122,-2.00150268214654,17.0348626670142,0.261,0.261
E01034029,Other LSOAs,7.08661417322835,11.5485564304462,-37.3337480463824,-16.0911249213568,0.485,0.485
E01034030,Other LSOAs,10.6337271750806,7.84103114930183,-34.5960526512395,-44.2624936406198,0.167,0.167
E01034031,Other LSOAs,6.9359756097561,13.109756097561,-33.6089104323165,-21.0200172797095,0.478,0.478
E01034032,Other LSOAs,13.8444567015996,10.7556536127965,-27.2279322659491,-10.2202918160601,1.358,1.358
E01034033,Other LSOAs,7.07762557077626,10.958904109589,-16.360342992963,1.5568880067046,1.649,1.649
E01034034,High care mismatch,4.90430622009569,15.9688995215311,-30.6782841450801,23.3618671760167,1.411,1.411
E01034035,High care mismatch,12.8399746995572,13.1562302340291,-9.93517261247335,21.8806603088786,1.588,1.588
E01034036,Other LSOAs,3.77562028047465,14.4552319309601,-27.4968700503393,8.51634296445337,0.101,0.101
E01034037,Other LSOAs,9.07127429805616,13.0129589632829,-2.73379885856103,4.94825227467901,0.503,0.503
E01034038,Other LSOAs,7.77345918933926,14.7140477512493,-38.2081087884987,-19.2081867591151,0.558,0.558
E01034039,High care mismatch,8.155002891845,14.6327356853673,-33.2380771721759,21.4484149437529,0.884,0.884
E01034040,Other LSOAs,7.2463768115942,10.9299516908213,-17.9568342183939,-3.43935944964485,0.631,0.631
E01034041,Other LSOAs,9.33694181326116,8.99864682002706,-28.6433340209559,-19.353379094386,0.83,0.83
E01034042,High care mismatch,5.65286624203822,14.2515923566879,-2.05809201937336,35.3496784387843,0.896,0.896
E01034043,Other LSOAs,7.38675958188153,12.0557491289199,-6.85064913921484,11.9789141553188,1.418,1.418
E01034044,Other LSOAs,9.910641754671,12.0227457351747,-8.05546072449293,6.52110326044662,1.248,1.248
E01034045,High care mismatch,2.8428093645485,12.2073578595318,-14.4263564028879,19.0861358375497,1.259,1.259
E01034046,High older mismatch,12.141393442623,11.577868852459,11.6330765437702,12.1505017306241,1.543,1.543
E01034139,Other LSOAs,7.98668885191348,11.3699389905713,-27.9038608035823,-10.4879588954228,0.85,0.85
E01034140,Other LSOAs,3.62027353177796,13.7570394207562,-26.259638070359,-3.59647042071733,0.892,0.892
E01034141,Other LSOAs,3.87051372273047,13.0893736805067,-28.1491093284237,-2.74020344885724,0.444,0.444
E01034142,Other LSOAs,6.49966147596479,12.9993229519296,-34.1324365193851,-1.90472167187619,0.469,0.469
E01034143,Other LSOAs,0.920245398773006,10.5828220858896,-23.8472875541441,-6.62474363964209,0.105,0.105
E01034144,Other LSOAs,4.89251297257228,12.3795404002965,-10.6849946855077,13.8025403571248,0.328,0.328
E01034145,Other LSOAs,6.69172932330827,12.406015037594,-15.7429835128159,13.8663146729987,0.074,0.074
E01034146,High care mismatch,2.08333333333333,16.5277777777778,-3.32378075931393,43.3584272057965,0.288,0.288
E01034147,Other LSOAs,1.69340463458111,6.59536541889483,-25.4559466785945,-28.7099165504781,0.26,0.26
E01034148,Other LSOAs,3.00982800982801,7.30958230958231,-28.2787115231121,-35.1030262502905,0.171,0.171
E01034149,Other LSOAs,11.1268939393939,9.70643939393939,-19.9605736058667,-12.226356253313,0.285,0.285
E01034150,Other LSOAs,2.37741456166419,12.704309063893,-65.0392393107905,-15.3503025213241,0.181,0.181
E01034151,Other LSOAs,2.32158211521926,9.71625107480654,-50.6350733525386,-41.4765772036973,0.547,0.547
E01034152,Other LSOAs,5.04305043050431,14.1451414514145,-20.087735445851,3.7191356183637,0.453,0.921
E01034153,Other LSOAs,9.4151212553495,13.1241084165478,-21.1746007860869,-16.1803493683097,0.388,1.338
E01034154,High care mismatch,3.05790500975927,15.0292778139232,-18.2557271418796,35.521369354735,0.266,1.123
E01034155,Other LSOAs,9.58637469586375,15.4257907542579,-54.3376742294249,-7.47076264721896,0.653,2.041
E01034156,Other LSOAs,5.55555555555556,12.2507122507123,-55.8334195315624,-15.5297575747047,0.349,1.955
E01034173,High older mismatch,11.9612068965517,10.5064655172414,12.6325852526521,4.93893518146582,1.273,1.522
E01034174,Other LSOAs,17.384370015949,11.1642743221691,10.5023201814107,-7.53120498612444,2.362,2.685
E01034175,Other LSOAs,1.76923076923077,8.92307692307692,-31.1447072903228,-8.08052036878566,2.987,2.987
E01034176,Other LSOAs,12.0137863121615,9.50270802560315,6.73634870823971,3.41994503236678,3.162,3.465
E01034177,Other LSOAs,5.93008739076155,12.4843945068664,-13.7897702451684,13.7687424117661,3.216,3.233
E01034178,Other LSOAs,3.01418439716312,10.8747044917258,-51.2995777049064,-22.3603932967906,0.397,0.397
E01034179,Other LSOAs,5.07042253521127,8.80281690140845,-33.7978073834879,-29.6502850514452,0.057,0.057
E01034180,Other LSOAs,6.72853828306265,14.15313225058,-46.7418882728419,-7.57009595058884,0.246,0.246
E01034181,Other LSOAs,0.82827167310878,8.22749861954721,-52.6057574575794,-26.0586181785357,0.196,0.196
E01034182,Other LSOAs,5.07505360972123,9.50679056468906,-55.1950249890233,-29.112250561666,0.287,0.287
E01034183,Other LSOAs,3.86631716906946,12.4508519003932,-11.607322062336,4.81602711013095,0.736,1.179
E01034184,High care mismatch,2.09140201394268,13.2455460883036,-34.5384282983813,17.8040819838474,0.53,1.418
E01034185,Other LSOAs,9.12863070539419,9.87551867219917,-21.2613249519823,-13.0653057142357,0.374,1.274
E01034186,Other LSOAs,4.64944649446495,6.19926199261993,-67.4959488140897,-42.0260615305059,0.046,0.046
E01034187,Other LSOAs,12.200956937799,6.77830940988836,-39.4809838100172,-32.3012685122213,0.204,0.204
E01034188,Other LSOAs,1.14695340501792,9.67741935483871,-20.709501808765,2.70211589999511,0.417,0.417
E01034189,High care mismatch,1.41955835962145,12.6182965299685,-6.04244147305488,27.7071317109923,0.897,1.163
E01034190,Other LSOAs,9.18790752815649,10.9069353882632,-4.4735394232128,6.22430971942748,0.901,1.118
E01034191,Other LSOAs,3.46926354230067,11.1381618989653,-15.6605238541239,0.446445615405537,0.645,0.947
E01034192,Other LSOAs,11.9964189794091,10.2059086839749,-9.78989091568195,-15.125118383052,0.322,0.829
E01034193,High care mismatch,1.35226504394861,10.9533468559838,-18.0631082130985,39.9156094199642,0.127,0.127
E01034194,Other LSOAs,2,9.53846153846154,-42.5451976951182,-10.3846426956643,0.52,0.52
E01034195,Other LSOAs,1.23934934159566,11.6963594113091,-50.1768669250133,-1.60945034428687,0.501,0.501
E01034196,Other LSOAs,2.50587314017228,10.6499608457322,-49.7922010617247,-10.0249164912579,0.781,0.781
E01034198,Other LSOAs,7.99656061908856,10.7480653482373,-2.02458145285708,6.50961213147249,0.687,1.252
E01034199,Other LSOAs,8.47550908090259,10.126582278481,-49.5221052675766,-23.0734740630893,0.284,0.284
E01034200,Other LSOAs,3.50541746335245,5.99107711918419,-47.2993300539981,-33.8782722758458,0.255,0.255
E01034201,Other LSOAs,6.42709053213545,10.7809260539046,-23.6025460600143,-7.70019461938443,0.594,0.594
E01034202,Other LSOAs,6.63420572124163,9.06877662811929,-44.9678385192193,-25.3032860691501,0.833,0.833
E01034203,Other LSOAs,3.97350993377483,10.1545253863135,-43.4794957747173,-9.87626377321352,0.578,0.578
E01034204,Other LSOAs,7.12136409227683,10.0802407221665,-41.7787603830099,-29.9921841893419,0.882,0.882
E01034205,High care mismatch,4.11311053984576,12.9177377892031,8.25087265853563,48.288410385675,1.371,1.371
E01034206,High care mismatch,4.53001132502831,11.3250283125708,-1.49386086175036,25.3525212506851,0.468,0.468
E01034207,Other LSOAs,1.30293159609121,11.7263843648208,-32.5910325960685,4.32400032733185,0.158,0.158
E01034208,Other LSOAs,7.96915167095116,10.2827763496144,-44.5624504317371,-26.5915669898375,0.37,0.37
E01034209,Other LSOAs,1.08108108108108,7.02702702702703,-56.3423305445509,-54.2031837906115,0.166,0.166
E01034210,Other LSOAs,5.98568640208198,8.00260247234873,-36.4289371209038,-28.5328399792788,0.302,0.302
E01034211,Other LSOAs,0.487125956854558,4.80167014613779,-20.6456345528185,-5.93343288977319,0.501,0.501
E01034212,Other LSOAs,2.34131113423517,8.37669094693028,-23.2307394457374,4.97443612296284,0.162,0.162
E01034213,High care mismatch,1.78970917225951,12.6957494407159,-21.3905736182939,28.1243714329937,0.536,0.536
E01034214,Other LSOAs,1.40395660497766,6.19017230376516,-59.4500502292497,-30.023760658622,0.227,0.227
E01034215,Other LSOAs,0.975292587776333,8.45253576072822,-77.8471187772774,-31.7139101495102,0.188,0.188
E01034216,Other LSOAs,0.530347672362994,9.07483794932233,-74.9404049192699,-26.0719192407254,0.329,0.329
E01034217,Other LSOAs,0.977039570102589,5.86223742061554,-22.7057419522903,-12.9469438281468,0.382,0.382
E01034218,Other LSOAs,6.76567656765677,9.07590759075908,-43.2250963354249,-17.5611736076301,0.465,0.465
E01034219,Other LSOAs,0.95389507154213,7.47217806041336,-41.2032166931565,-24.4240818834489,0.397,0.397
E01034220,Other LSOAs,1.53846153846154,2.59109311740891,-21.4459468149866,-29.4348736586504,0.244,0.244
E01034221,Other LSOAs,4.43322109988777,7.40740740740741,-30.5734096420521,-36.2758080514229,0.396,0.396
E01034222,Other LSOAs,1.96592398427261,8.06028833551769,1.49311920863712,-1.60196620351768,0.349,0.349
E01034223,Other LSOAs,2.61627906976744,7.84883720930233,-22.9519718952094,-5.74357907549805,0.494,0.494
E01034224,High care mismatch,5.30216647662486,11.0034207525656,-12.8684666115856,15.5566524035472,0.32,0.32
E01034225,High care mismatch,3.53333333333333,11.8,-29.0468736596438,17.2959390148794,0.242,0.242
E01034226,Other LSOAs,1.41542816702052,10.828025477707,-45.7124232797673,1.94811895020577,0.273,0.273
E01034227,Other LSOAs,1.01587301587302,17.2698412698413,-74.1248617906244,-1.01314715309618,0.361,0.361
E01034228,Other LSOAs,1.85048112509252,9.10436713545522,-57.1781287138803,-27.2881106571491,0.208,0.208
E01034229,High care mismatch,2.55500354861604,9.08445706174592,-7.9302669060429,15.9058388698888,0.178,0.178
E01034230,Other LSOAs,0.726978998384491,4.68497576736672,-64.377387921621,-61.7451657589645,0.406,0.406
E01034231,Other LSOAs,1.48809523809524,8.70535714285714,-57.4187687288538,-19.4404377578942,0.296,0.296
E01034383,High care mismatch,6.12088752869166,11.6296863045142,-21.2743203382762,39.9489269541361,0.212,0.212
E01034384,High care mismatch,2.54872563718141,14.0179910044978,-16.6140396297254,24.2742480853674,0.312,0.312
E01034385,Other LSOAs,17.4362508614748,11.1647139903515,-19.787662456217,-13.6638060210343,0.551,0.551
E01034386,Other LSOAs,4.30278884462151,11.0756972111554,-56.7026852244142,-19.7986353272092,0.13,0.13
E01034387,Other LSOAs,3.43106674984404,5.8016219588272,-56.5749130175344,-44.1329675004631,0.698,0.698
E01034388,Other LSOAs,4.22204847537138,6.56763096168882,-57.9496774233616,-33.4015448186922,0.851,0.851
E01034389,Other LSOAs,4.36864153201676,9.15619389587074,-39.6615630892917,-30.5539757794955,0.637,0.637
E01034390,High care mismatch,3.06462358427715,11.7921385742838,-16.2058441182929,31.3183068790616,0.408,0.408
E01034391,High care mismatch,11.3986444855206,13.0622304374615,-6.30285800873156,19.9156716243614,0.275,0.275
E01034392,Other LSOAs,4.6875,9.20138888888889,-7.14866578330551,-2.52292428185952,0.138,0.138
E01034393,Other LSOAs,1.00732600732601,5.21978021978022,-41.9713682172399,-46.5671913088997,0.146,0.146
E01034394,Other LSOAs,1.03916866506795,5.91526778577138,-54.9852429183287,-45.4329228291482,0.075,0.075
E01034395,Other LSOAs,2.89085545722714,14.3362831858407,-43.1192630236027,2.1916012183234,0.246,0.246
E01034469,High care mismatch,3.89684813753582,17.134670487106,3.08136130392457,43.0532076666077,0.905,0.905
E01034470,Other LSOAs,7.53333333333333,11.8666666666667,-7.31978448977971,14.4462742189835,0.944,0.944
E01034471,Other LSOAs,4.32029795158287,12.4022346368715,-9.72918554535056,-0.633277603445229,1.537,1.63
E01034472,High care mismatch,1.85774946921444,16.1889596602972,-0.401655888412068,45.5840367992137,1.403,1.403
E01034473,Other LSOAs,5.68720379146919,12.085308056872,-57.5490975961271,-23.4067895825521,0.236,0.236
E01034474,Other LSOAs,2.61989342806394,16.0301953818828,-59.5002801628631,-10.00610393472,0.429,0.429
E01034475,High care mismatch,9.52902519167579,10.7338444687842,-0.127658514454055,18.2328310761338,1.376,1.376
E01034476,High care mismatch,2.8006589785832,14.222954420648,-1.4554845086677,47.7213600168911,1.285,1.285
E01034477,Other LSOAs,1.20025268477574,17.6879343019583,-34.3072188733138,11.8070263538372,0.577,0.577
E01034478,High care mismatch,0.667779632721202,15.2754590984975,0.592982950539849,53.7958866854153,0.599,0.599
E01034479,High care mismatch,4.99545867393279,16.2579473206176,-15.7174520189825,34.5067458744016,0.924,0.924
E01034480,High care mismatch,5.04825538233111,16.4810690423163,-5.88576681000085,41.2524259992187,0.655,0.655
E01034481,Other LSOAs,7.75558166862515,11.2808460634548,-1.07626960627764,10.817199959714,0.952,0.952
E01034482,High care mismatch,0.369344413665743,18.1902123730379,-47.5250356153805,21.6569184055659,0.113,0.113
E01034483,High care mismatch,1.90409026798308,19.0409026798308,-45.5490742366763,38.8203520803168,0.263,0.263
E01034484,Other LSOAs,9.35294117647059,10.8823529411765,-47.0585144602406,-13.8805242074923,0.458,0.458
E01034485,Other LSOAs,9.74155069582505,8.99602385685885,-27.8557642884836,-32.5638977295308,0.395,0.395
E01034486,Other LSOAs,0.483675937122128,5.01813784764208,-42.0309173930243,-40.3706327535434,0.136,0.136
E01034487,Other LSOAs,6.07513988808953,11.3509192645883,-69.85602878277,-10.5826456084418,0.344,0.344
E01034488,Other LSOAs,6.85714285714286,12.1558441558442,-36.0815806052775,10.76553525085,0.522,0.522
E01034576,Other LSOAs,9.71337579617834,13.0573248407643,-24.1319739727648,-3.11553070058245,5.404,5.404
E01034577,Other LSOAs,4.07569141193595,14.1193595342067,-39.8708267620918,-11.8769918762925,5.484,5.484
E01034578,High care mismatch,11.3761467889908,14.8623853211009,5.21067701053276,51.3176622654061,0.42,0.42
E01034579,Other LSOAs,5.65333333333333,11.5733333333333,-9.40842396875703,8.83372748298162,0.415,1.026
E01034580,Other LSOAs,10.0743745774172,6.96416497633536,-48.6148197165813,-36.4100878559507,0.156,0.156
E01034581,Other LSOAs,7.83410138248848,9.47992100065833,-35.8271692886399,-28.5729145440875,0.305,0.305
E01034589,Other LSOAs,16.6750125187782,9.41412118177266,-1.81615855894903,14.3641679305124,0.349,0.349
E01034590,High care mismatch,7.3279052553664,13.4715025906736,-28.1612028931892,26.6160832329166,0.309,0.309
E01034591,Other LSOAs,7.64542936288089,7.92243767313019,-12.5921349155314,10.8133421376768,0.582,0.582
E01034592,Other LSOAs,10.281124497992,9.39759036144578,-4.3214417013268,-14.5376118211892,0.224,0.224
E01034593,High older + care mismatch,18.6531986531987,11.7845117845118,34.5038061885639,31.6339254789335,0.36,0.36
E01034594,High older + care mismatch,7.04225352112676,14.6606914212548,12.0658149086565,32.3812151945754,0.714,0.714
E01034595,Other LSOAs,10.8510638297872,13.4042553191489,5.61351727833036,6.4950670041967,0.745,0.745
E01034596,Other LSOAs,4.30359937402191,15.414710485133,-18.8969909281295,9.38766671935628,0.418,0.418
E01034597,Other LSOAs,12.404181184669,11.6376306620209,8.78095975209564,-0.795595938703642,0.495,0.495
E01034598,Other LSOAs,1.81531176006314,11.2865035516969,-26.7900127255403,-5.97577442074255,0.149,0.149
E01034599,Other LSOAs,12.874251497006,10.2994011976048,-23.1754847174929,0.436993038797276,0.425,0.425
E01034600,Other LSOAs,7.00863382427628,13.864906043677,-21.8837047485076,3.19245097313104,0.223,0.223
E01034601,High older + care mismatch,11.898211829436,14.3053645116919,11.8961496763814,38.5289317544587,0.841,0.841
E01034602,Other LSOAs,5.93705293276109,11.9456366237482,-14.83453441209,-3.90692440056161,0.327,0.327
E01034603,High care mismatch,3.55329949238579,15.5184916606236,-16.3369693384797,39.5451773441364,1.102,1.102
E01034604,Other LSOAs,11.5168539325843,9.12921348314607,-6.95157982719447,2.29361362878191,0.582,0.582
E01034605,High care mismatch,7.32600732600733,13.4920634920635,-5.20452820042217,20.8454940766124,0.869,0.869
E01034606,Other LSOAs,6.17331288343558,4.37116564417178,-2.43655610781554,-10.3748758446298,1.357,1.357
E01034607,High older mismatch,7.78260869565217,7.91304347826087,14.972346580336,-2.56423485067213,1.506,1.506
E01034608,High care mismatch,5.60165975103735,14.356846473029,9.90780866047955,52.117695310638,0.868,0.868
E01034609,Other LSOAs,4.04244567963618,14.6033350176857,-40.8844267369115,-8.90788405949923,0.347,0.347
E01034610,High care mismatch,11.5884680610514,11.984171848502,-4.4109051071054,32.6575465413838,1.665,1.665
E01034611,High care mismatch,8,13.0196078431373,1.56631459248177,34.3707858337721,1.487,1.487
E01034612,High older + care mismatch,10.4959075589793,9.05151661049591,14.5289823092923,22.7971371407547,0.617,0.617
E01034613,High care mismatch,1.49402390438247,10.5577689243028,-23.3510379316147,29.0345449000427,1.436,1.436
E01034614,High care mismatch,3.1390134529148,16.4922770303936,-22.2731261408656,42.1734445632785,0.657,0.657
E01034615,High care mismatch,5.5376095985233,14.1670512228888,-11.4718815493831,36.2974347578801,1.573,1.573
E01034616,Other LSOAs,3.74081496325985,10.9552438209753,-48.6647462858614,-27.4460732558732,0.037,0.037
E01034617,High care mismatch,10.2487135506003,9.90566037735849,-19.1828439994869,24.501633697029,0.314,0.314
E01035484,Other LSOAs,9.20353982300885,6.66666666666667,-29.1986138888597,-23.7083687803369,0.753,0.753
E01035485,Other LSOAs,5.35876475930972,4.90463215258856,-16.1771049136387,-9.63471518387954,0.17,0.17
E01035486,Other LSOAs,7.11864406779661,10.7909604519774,-0.338424780945196,11.1083893564551,0.138,0.138
E01035487,Other LSOAs,13.6450992953235,8.263933376041,-9.76015945493741,-11.0558807334962,0.283,0.283
E01035488,Other LSOAs,8.81147540983607,6.89890710382514,-43.2684400748788,-29.1300080401543,0.788,0.788
E01035489,Other LSOAs,4.06320541760722,8.80361173814898,-37.2193989260176,-7.39374498143582,1.042,1.042
E01035490,Other LSOAs,10.9484777517564,9.07494145199063,-23.7271554301611,-22.9143248531418,0.395,0.395
E01035491,Other LSOAs,5.18218623481781,6.80161943319838,-13.0898479610141,-8.50313814029727,1.405,1.405
E01035492,Other LSOAs,2.90112492599171,9.76909413854352,-29.7648764668534,1.33231532629688,0.942,0.942
E01035493,Other LSOAs,7.13853599516031,8.10647307924985,-59.057398379016,-37.6699172174181,1.046,1.046
E01035494,Other LSOAs,2.49722530521643,5.38290788013319,-75.3177807793015,-56.7563310838723,1.005,1.005
E01035495,Other LSOAs,8.17843866171004,12.4163568773234,-37.8287081223334,11.7463910161784,1.28,1.28
E01035496,Other LSOAs,6.37958532695375,4.78468899521531,-17.676849005231,-37.6076023353039,0.282,0.282
E01035497,High care mismatch,1.40562248995984,12.6506024096386,-21.0929004240337,23.3635200819722,0.322,0.322
E01035498,Other LSOAs,1.56765676567657,7.26072607260726,-5.81437387663369,4.52606087503119,0.487,0.487
E01035499,Other LSOAs,11.7683686176837,8.21917808219178,-23.1939847985628,-15.9385825302806,0.4,0.4
E01035638,Other LSOAs,6.39873083024855,8.8841882601798,-22.4763303543659,-15.5921415326022,0.491,0.491
E01035639,Other LSOAs,7.48538011695907,10,-47.741019527552,-20.053569150508,0.389,0.389
E01035640,Other LSOAs,8.60832137733142,8.68005738880918,-29.7737095335233,-26.1691256285219,0.456,0.456
E01035641,Other LSOAs,1.61177295024527,6.16678346180799,-38.4720444685697,-36.6510000691794,0.34,0.34
E01035642,Other LSOAs,3.31161780673181,9.60912052117264,-56.1788388377657,-24.4072494485604,0.231,0.231
E01035643,Other LSOAs,7.20092915214867,9.75609756097561,-36.8923593985826,-22.8725884376655,0.725,0.725
E01035644,Other LSOAs,3.97295012679628,5.66356720202874,-47.3222286054392,-51.5437326790486,0.862,0.862
E01035645,Other LSOAs,9.50920245398773,9.73926380368098,-42.2496340156525,-20.894910054654,0.439,0.439
E01035646,Other LSOAs,9.23276983094929,7.41222366710013,-28.3684618090822,-41.5216987104501,0.943,0.943
E01035647,Other LSOAs,4.57399103139013,6.18834080717489,-34.6972890329112,-25.2595114405078,0.724,0.724
E01035648,Other LSOAs,6.04681404421326,10.0780234070221,-36.8999232224457,-12.4171336020111,0.696,0.696
E01035649,Other LSOAs,4.43989071038251,9.42622950819672,-39.3769506016748,-18.9032963535831,0.704,0.704
E01035650,Other LSOAs,12.0099255583127,6.94789081885856,-51.1726722332291,-44.3361500335282,0.267,0.267
E01035651,Other LSOAs,5.71791613722999,8.64040660736976,-50.6948934296782,-40.7334305680916,0.732,0.732
E01035652,Other LSOAs,6.24512099921936,6.01092896174863,-36.6070921166881,-55.8802618119669,0.772,0.772
E01035653,Other LSOAs,1.1243851018974,7.65987350667604,0.341263296821698,-3.6246132692094,0.427,0.427
E01035654,Other LSOAs,4.55717970765262,13.6715391229579,-27.5430434184065,-3.41057966498629,0.419,0.419
E01035655,Other LSOAs,10.6543138390272,9.26462072958888,-38.350067645142,-32.1129108206925,0.19,0.19
E01035656,Other LSOAs,2.42751180040459,8.90087660148348,-47.5746045241803,-32.2451380222243,0.635,0.635
E01035657,Other LSOAs,1.04961832061069,5.43893129770992,-16.3607349823267,-25.0338412003427,0.476,0.476
E01035658,Other LSOAs,0.696055684454756,8.89404485692189,-26.699189997624,-11.6947316725179,0.371,0.371
E01035659,Other LSOAs,8.34914611005693,9.23466160657811,-62.232327105338,-32.9105076646625,0.813,0.813
E01035660,Other LSOAs,5.1975051975052,7.96950796950797,-42.0824043580524,-28.8245392343844,0.204,0.701
E01035661,Other LSOAs,3.95136778115502,7.0516717325228,-44.8983662351963,-23.9037730833651,0.407,0.526
E01035662,Other LSOAs,1.70863309352518,3.41726618705036,-14.3511315124037,-27.4561196295103,0.424,0.424
E01035663,Other LSOAs,3.98496240601504,12.7067669172932,-32.1532824410612,5.49004402848263,0.254,0.254
E01035664,Other LSOAs,8.22027134876297,9.1779728651237,-51.1317315739259,-23.8806991291073,0.556,0.556
E01035665,Other LSOAs,1.25962211336599,8.11756473058083,-48.425597861495,-35.698866367098,0.271,0.271
E01035666,Other LSOAs,2.8705636743215,8.76826722338205,-58.8591824359475,-33.6389350884066,0.126,0.126
E01035667,Other LSOAs,3.41194179628701,11.0386352232815,-56.3808415110057,-18.2734104665935,0.22,0.22
E01035668,Other LSOAs,4.62205103514685,5.9220028887819,-53.746915138302,-50.7177897011681,0.567,0.603
E01035669,Other LSOAs,1.59304851556843,6.66183924692252,-32.7731530983489,-39.1254900158774,0.217,0.217
E01035670,Other LSOAs,4.62833099579243,4.83870967741936,-52.8925492837772,-40.6333109670157,0.495,0.495
E01035671,Other LSOAs,1.34073046694406,9.70873786407767,-44.7772532956616,-8.60209377857495,0.228,0.228
E01035672,Other LSOAs,3.41677943166441,12.4154262516915,-53.1158346936916,0.421071418065282,0.378,0.378
E01035673,Other LSOAs,3.45438441098317,9.83170947741364,-62.4401287003705,-9.87918708869669,0.612,0.612
E01035674,Other LSOAs,4.46043165467626,10.3597122302158,-54.507801898364,-11.4540841720014,0.252,0.252
E01035675,Other LSOAs,5.16273849607183,9.65207631874298,-36.4411660641075,-7.87276697926384,0.117,0.117
E01035676,Other LSOAs,8.29081632653061,9.75765306122449,-37.6880225035307,-16.589967449535,0.789,0.789
E01035677,Other LSOAs,3.03030303030303,11.1989459815547,-53.1779126364405,-28.6099118025312,0.719,0.719
E01035678,Other LSOAs,5.20887055183084,11.1913357400722,-48.234254283772,-10.1709356894922,0.26,0.26
E01035679,Other LSOAs,6.375,8.875,-57.8280201038561,-15.1221056067278,0.1,0.1
E01035680,Other LSOAs,2.21262817053427,11.8726389638424,-73.8443392480952,-15.1259028247793,0.66,0.66
E01035681,Other LSOAs,6.93266832917706,8.82793017456359,-55.6730295320917,-23.8028987284407,0.491,0.491
E01035682,Other LSOAs,3.03030303030303,11.2457912457912,-73.4808972320965,-8.38204192174337,0.51,0.51
E01035683,Other LSOAs,6.50273224043716,7.04918032786885,-69.9996538532488,-36.3915266787279,0.519,0.519
E01035684,Other LSOAs,5.23292916400766,9.82769623484365,-50.1163171021858,-3.29431146481715,0.394,0.394
E01035685,Other LSOAs,8,12.3389830508475,-45.2441143826017,1.01652691652703,0.345,0.345
E01035686,Other LSOAs,3.23859881031064,6.01454064771976,-55.5387600374972,-45.7224293332652,0.451,0.451
E01035687,Other LSOAs,2.57142857142857,7.6,-72.2862525541796,-50.6100926493798,0.248,0.248
E01035688,Other LSOAs,0.599520383693046,6.95443645083933,-80.5315619454456,-46.9232124258575,0.228,0.228
E01035689,Other LSOAs,2.51688152240638,8.28729281767956,-57.979116218774,-46.5690353870077,0.348,0.348
E01035690,Other LSOAs,2.26266601082145,5.9517953762912,-48.3269223719388,-54.2276037851851,0.385,0.385
E01035691,Other LSOAs,3.32640332640333,7.43243243243243,-46.3793106953221,-30.8630167621368,0.442,0.442
E01035692,Other LSOAs,6.0792349726776,9.56284153005464,-30.3239521409781,3.99338406506648,0.672,0.672
E01035693,Other LSOAs,4.05666452028332,10.3670315518352,-46.3778045944334,-5.33851104677577,0.507,0.507
E01035694,Other LSOAs,4.3380027112517,10.9353818346136,-57.354688912849,-16.5781249815201,0.363,0.363
E01035695,Other LSOAs,7.05596107055961,11.8613138686131,-45.9806905793688,-12.1675343342021,0.314,0.314
E01035696,Other LSOAs,1.68634064080944,7.75716694772344,-45.72423103485,-49.3943683999155,0.587,0.587
E01035697,Other LSOAs,5.31660692951016,3.2258064516129,-46.2858717607399,-51.25376059617,0.284,0.284
E01035698,Other LSOAs,0.998003992015968,10.0798403193613,-60.9090289428668,-29.8357859572846,0.197,0.197
E01035699,Other LSOAs,1.21809744779582,8.87470997679814,-56.3077987825562,-35.3343281913084,0.372,0.372
E01035700,Other LSOAs,1.12847222222222,2.34375,-24.736404171564,-19.0333367856693,0.215,0.215
E01035701,Other LSOAs,1.19250425894378,2.81090289608177,-24.6431951436742,-15.5174093698056,0.213,0.213
E01035702,Other LSOAs,1.937207748831,8.88443553774215,-41.8824744887934,-1.02892965052371,0.208,0.208
E01035703,Other LSOAs,0.722673893405601,3.0713640469738,-52.3509001839914,-45.5569782304658,0.125,0.125
E01035704,Other LSOAs,1.1441647597254,7.89473684210526,-53.1841959047998,-28.8650030992684,0.178,0.178
E01035705,Other LSOAs,9.23501033769814,9.57960027567195,-52.9976273477664,-31.944534758509,0.287,0.287
E01035706,Other LSOAs,3.17092034029389,9.74477958236659,-66.7032312321324,-42.7819253753846,0.069,0.069
E01035707,Other LSOAs,11.3330615572768,7.37871993477375,-17.1449734614827,-12.3420443599159,0.548,0.548
E01035708,Other LSOAs,4.4592516658124,8.20092260379293,-32.4989056541223,-28.7342956963921,0.544,0.948
E01035709,Other LSOAs,13.9701104613385,8.90188434048083,-22.577952290804,-23.8136346406766,0.479,0.635
E01035710,Other LSOAs,7.96425796425797,8.003108003108,-11.5928911922235,11.9445423960433,0.343,0.343
E01035711,Other LSOAs,10.3207236842105,3.33059210526316,-41.3622305924577,-61.8971947105689,0.171,0.171
E01035712,Other LSOAs,10.5777054515867,4.10903173311636,-53.5232068321977,-44.3790580018884,0.637,0.637
E01035713,Other LSOAs,13.6568284142071,8.70435217608804,-22.6808433335674,-43.303270047095,0.271,0.271
E01035714,Other LSOAs,15.2163344676714,7.63247447739426,-0.733602172911006,-23.528817412122,0.738,0.738
E01035715,Other LSOAs,12.450521770421,6.33321338611011,-21.3001161577253,-31.7310733812615,0.234,0.234
E01035716,Other LSOAs,11.3594890510949,5.06386861313869,-26.4685886929817,-40.9365987922755,0.344,0.344
E01035717,Other LSOAs,11.5161119915478,6.3391442155309,-17.7655893700217,-49.5483160406977,0.475,0.475
E01035718,High older mismatch,10.1754385964912,4.5224171539961,11.4426285896548,11.6973898781127,0.7,0.7
E01035719,Other LSOAs,10.7704402515723,9.19811320754717,-21.9662102822008,-7.59249807833091,0.592,0.592
E01035720,Other LSOAs,9.75409836065574,8.52459016393443,-16.877734375756,-22.5969046274163,0.382,0.382
E01035721,Other LSOAs,13.7945853029652,7.00472711645896,-53.0993618850632,-43.3596753382199,0.401,0.401
E01035722,Other LSOAs,17.4776564051639,4.41906653426018,0.290098210232777,-35.842062551731,0.298,0.298
