LSOA21CD,LSOA21NM,household_single_person_aged_66_over,household_couple_with_dependent_children,household_lone_parent_with_dependent_children
E01000001,City of London 001A,129,81,10
E01000002,City of London 001B,101,57,13
E01000003,City of London 001C,160,56,23
E01000005,City of London 001E,47,59,29
E01000006,Barking and Dagenham 016A,26,127,53
E01000007,Barking and Dagenham 015A,28,265,134
E01000008,Barking and Dagenham 015B,17,145,84
E01000009,Barking and Dagenham 016B,44,116,33
E01000011,Barking and Dagenham 016C,19,107,25
E01000012,Barking and Dagenham 015D,28,213,136
E01000013,Barking and Dagenham 013A,49,139,83
E01000014,Barking and Dagenham 013B,58,154,64
E01000015,Barking and Dagenham 009A,48,191,149
E01000016,Barking and Dagenham 009B,51,137,90
E01000017,Barking and Dagenham 009C,48,128,67
E01000018,Barking and Dagenham 009D,39,136,86
E01000019,Barking and Dagenham 023A,30,145,70
E01000020,Barking and Dagenham 023B,63,208,54
E01000021,Barking and Dagenham 008A,49,156,73
E01000022,Barking and Dagenham 008B,43,112,55
E01000024,Barking and Dagenham 008D,28,105,54
E01000025,Barking and Dagenham 008E,105,162,66
E01000027,Barking and Dagenham 001A,61,164,107
E01000028,Barking and Dagenham 001B,85,135,91
E01000029,Barking and Dagenham 001C,125,156,49
E01000030,Barking and Dagenham 001D,62,250,191
E01000031,Barking and Dagenham 002A,82,128,37
E01000032,Barking and Dagenham 002B,76,172,60
E01000033,Barking and Dagenham 006A,66,120,86
E01000034,Barking and Dagenham 003A,63,98,53
E01000035,Barking and Dagenham 010A,49,136,57
E01000036,Barking and Dagenham 010B,49,111,38
E01000037,Barking and Dagenham 003B,66,125,37
E01000038,Barking and Dagenham 003C,78,131,33
E01000039,Barking and Dagenham 003D,76,142,55
E01000040,Barking and Dagenham 019A,55,170,72
E01000041,Barking and Dagenham 017A,47,154,76
E01000042,Barking and Dagenham 017B,61,155,98
E01000043,Barking and Dagenham 019B,50,106,40
E01000044,Barking and Dagenham 016D,36,167,58
E01000045,Barking and Dagenham 017C,47,147,72
E01000046,Barking and Dagenham 017D,54,154,82
E01000049,Barking and Dagenham 021C,38,150,111
E01000050,Barking and Dagenham 019C,60,147,74
E01000051,Barking and Dagenham 021D,11,121,54
E01000052,Barking and Dagenham 019D,66,223,102
E01000053,Barking and Dagenham 020A,89,113,89
E01000054,Barking and Dagenham 018A,53,144,108
E01000055,Barking and Dagenham 018B,38,127,78
E01000056,Barking and Dagenham 018C,41,137,81
E01000057,Barking and Dagenham 012A,42,115,95
E01000058,Barking and Dagenham 018D,43,161,99
E01000059,Barking and Dagenham 013C,63,111,71
E01000060,Barking and Dagenham 006B,79,158,130
E01000061,Barking and Dagenham 006C,45,130,157
E01000062,Barking and Dagenham 006D,95,150,102
E01000063,Barking and Dagenham 004A,60,153,70
E01000064,Barking and Dagenham 006E,59,173,98
E01000065,Barking and Dagenham 007A,127,139,82
E01000066,Barking and Dagenham 011A,90,156,57
E01000067,Barking and Dagenham 011B,68,174,66
E01000068,Barking and Dagenham 016E,30,89,14
E01000069,Barking and Dagenham 011C,42,141,43
E01000070,Barking and Dagenham 011D,47,137,31
E01000071,Barking and Dagenham 011E,88,206,56
E01000072,Barking and Dagenham 017E,64,156,154
E01000073,Barking and Dagenham 012B,92,157,91
E01000074,Barking and Dagenham 012C,64,151,83
E01000075,Barking and Dagenham 012D,65,163,41
E01000076,Barking and Dagenham 012E,65,162,94
E01000077,Barking and Dagenham 008F,41,136,58
E01000078,Barking and Dagenham 007B,41,168,82
E01000079,Barking and Dagenham 009E,78,142,70
E01000080,Barking and Dagenham 007C,35,134,80
E01000081,Barking and Dagenham 007D,50,171,65
E01000082,Barking and Dagenham 007E,51,153,83
E01000083,Barking and Dagenham 007F,47,154,93
E01000084,Barking and Dagenham 013D,46,107,62
E01000085,Barking and Dagenham 013E,55,125,74
E01000086,Barking and Dagenham 013F,43,101,85
E01000087,Barking and Dagenham 020B,39,129,68
E01000088,Barking and Dagenham 020C,43,150,89
E01000089,Barking and Dagenham 020D,41,150,94
E01000090,Barking and Dagenham 020E,35,134,74
E01000091,Barking and Dagenham 022A,42,171,111
E01000093,Barking and Dagenham 022B,41,129,103
E01000094,Barking and Dagenham 022C,11,249,168
E01000095,Barking and Dagenham 018E,42,216,134
E01000096,Barking and Dagenham 022D,17,160,95
E01000097,Barking and Dagenham 023C,109,160,79
E01000098,Barking and Dagenham 023D,52,172,68
E01000099,Barking and Dagenham 023E,50,263,114
E01000100,Barking and Dagenham 004B,43,141,126
E01000101,Barking and Dagenham 004C,56,141,59
E01000102,Barking and Dagenham 007G,66,155,98
E01000103,Barking and Dagenham 014A,33,131,65
E01000104,Barking and Dagenham 014B,56,153,94
E01000105,Barking and Dagenham 014C,95,170,127
E01000106,Barking and Dagenham 014D,92,173,147
E01000107,Barking and Dagenham 010C,71,148,65
E01000108,Barking and Dagenham 010D,51,160,95
E01000110,Barking and Dagenham 002C,49,117,55
E01000111,Barking and Dagenham 002D,126,142,96
E01000112,Barking and Dagenham 002E,66,151,87
E01000113,Barking and Dagenham 002F,44,138,79
E01000114,Barking and Dagenham 004E,55,229,87
E01000115,Barnet 009A,49,113,9
E01000116,Barnet 009B,80,180,28
E01000117,Barnet 010A,103,161,43
E01000118,Barnet 010B,91,193,35
E01000119,Barnet 009C,54,148,41
E01000120,Barnet 009D,47,142,18
E01000121,Barnet 010C,29,111,64
E01000122,Barnet 009E,57,154,29
E01000123,Barnet 010D,65,138,51
E01000124,Barnet 010E,71,135,81
E01000126,Barnet 026A,40,150,77
E01000127,Barnet 024B,30,94,51
E01000128,Barnet 024C,52,145,45
E01000129,Barnet 024D,70,98,70
E01000130,Barnet 021A,36,111,73
E01000131,Barnet 024E,56,128,82
E01000132,Barnet 021B,24,126,66
E01000133,Barnet 021C,52,114,59
E01000134,Barnet 024F,63,138,77
E01000135,Barnet 038A,57,154,20
E01000136,Barnet 038B,65,118,29
E01000137,Barnet 041A,75,112,128
E01000138,Barnet 040A,60,111,45
E01000139,Barnet 041B,61,111,27
E01000140,Barnet 041C,73,154,50
E01000141,Barnet 039A,63,112,61
E01000142,Barnet 040B,59,183,77
E01000143,Barnet 041D,46,96,110
E01000144,Barnet 038C,61,123,24
E01000145,Barnet 037A,48,122,27
E01000146,Barnet 038D,72,115,30
E01000147,Barnet 043F,59,102,18
E01000150,Barnet 036A,59,163,51
E01000151,Barnet 026B,38,123,167
E01000152,Barnet 026C,31,246,109
E01000153,Barnet 026D,75,151,93
E01000154,Barnet 026E,40,121,74
E01000156,Barnet 022A,73,242,60
E01000157,Barnet 022B,64,150,64
E01000158,Barnet 015A,38,130,53
E01000159,Barnet 015B,52,144,49
E01000160,Barnet 015C,43,171,65
E01000161,Barnet 015D,67,174,93
E01000162,Barnet 015E,64,117,39
E01000163,Barnet 022C,58,132,95
E01000164,Barnet 022D,54,139,71
E01000165,Barnet 022E,63,152,69
E01000166,Barnet 003A,77,141,54
E01000167,Barnet 002A,49,112,55
E01000168,Barnet 003B,80,115,14
E01000169,Barnet 003C,70,143,59
E01000170,Barnet 006A,67,203,57
E01000171,Barnet 006B,71,202,167
E01000172,Barnet 003D,76,192,22
E01000173,Barnet 006C,60,172,59
E01000174,Barnet 006D,103,183,75
E01000175,Barnet 006E,66,178,30
E01000176,Barnet 027A,153,87,70
E01000177,Barnet 029A,98,195,45
E01000178,Barnet 027B,86,169,51
E01000179,Barnet 029B,55,203,43
E01000180,Barnet 029C,128,133,48
E01000181,Barnet 029D,56,149,24
E01000182,Barnet 029E,96,156,24
E01000183,Barnet 033A,113,160,30
E01000184,Barnet 027C,46,131,69
E01000185,Barnet 029F,106,87,68
E01000186,Barnet 014A,35,154,19
E01000187,Barnet 014B,100,163,31
E01000188,Barnet 014C,45,153,18
E01000189,Barnet 014D,50,232,112
E01000190,Barnet 014E,66,160,32
E01000191,Barnet 014F,97,139,21
E01000192,Barnet 018A,91,158,42
E01000193,Barnet 018B,70,132,52
E01000194,Barnet 018C,66,137,96
E01000195,Barnet 013A,60,151,95
E01000196,Barnet 028A,129,145,51
E01000197,Barnet 023A,53,158,48
E01000198,Barnet 025A,79,223,47
E01000199,Barnet 025B,109,142,27
E01000200,Barnet 028B,198,178,26
E01000201,Barnet 028C,66,147,9
E01000202,Barnet 028D,61,150,24
E01000203,Barnet 028E,64,137,94
E01000204,Barnet 025C,101,149,32
E01000205,Barnet 035A,99,182,19
E01000206,Barnet 033B,43,98,17
E01000207,Barnet 033C,146,152,26
E01000208,Barnet 033D,76,157,21
E01000209,Barnet 035B,219,134,24
E01000210,Barnet 033E,66,182,37
E01000211,Barnet 035C,122,147,90
E01000212,Barnet 035D,65,106,21
E01000213,Barnet 033F,41,160,10
E01000214,Barnet 038E,67,130,30
E01000215,Barnet 037B,122,224,30
E01000216,Barnet 035E,85,182,20
E01000217,Barnet 035F,44,174,16
E01000218,Barnet 037C,48,163,27
E01000219,Barnet 037D,52,185,21
E01000220,Barnet 037E,94,154,28
E01000221,Barnet 039B,32,106,69
E01000222,Barnet 040C,44,133,84
E01000223,Barnet 039C,46,158,89
E01000224,Barnet 040D,50,120,37
E01000225,Barnet 037F,96,197,15
E01000226,Barnet 018D,67,115,58
E01000227,Barnet 018E,50,154,13
E01000228,Barnet 007A,38,132,25
E01000229,Barnet 013B,53,141,54
E01000230,Barnet 013C,101,166,24
E01000231,Barnet 013D,51,152,59
E01000232,Barnet 013E,85,162,44
E01000233,Barnet 013F,55,190,35
E01000234,Barnet 021D,65,174,47
E01000235,Barnet 021E,36,120,71
E01000236,Barnet 034A,66,212,30
E01000237,Barnet 032A,50,165,45
E01000238,Barnet 034B,41,188,48
E01000239,Barnet 031A,65,146,57
E01000240,Barnet 031B,60,111,36
E01000241,Barnet 031C,76,150,33
E01000242,Barnet 032B,90,143,30
E01000243,Barnet 032C,94,141,51
E01000244,Barnet 032D,58,100,38
E01000245,Barnet 032E,70,135,94
E01000246,Barnet 002B,106,135,27
E01000247,Barnet 002C,63,158,49
E01000248,Barnet 001A,120,182,37
E01000249,Barnet 001B,74,162,33
E01000250,Barnet 001C,146,213,73
E01000251,Barnet 002D,150,155,75
E01000252,Barnet 002E,131,136,49
E01000253,Barnet 007B,88,194,13
E01000254,Barnet 001D,90,153,20
E01000255,Barnet 017A,63,127,51
E01000256,Barnet 016A,69,192,41
E01000257,Barnet 017B,112,163,74
E01000258,Barnet 016B,105,163,30
E01000259,Barnet 025D,113,248,66
E01000260,Barnet 025E,73,198,71
E01000261,Barnet 017C,156,150,18
E01000263,Barnet 016C,45,176,12
E01000264,Barnet 016D,57,164,42
E01000265,Barnet 011A,74,177,70
E01000266,Barnet 011B,49,136,16
E01000267,Barnet 005A,67,135,30
E01000268,Barnet 005B,95,171,112
E01000269,Barnet 005C,66,121,26
E01000270,Barnet 005D,88,145,29
E01000271,Barnet 008A,90,131,24
E01000272,Barnet 008B,52,125,15
E01000273,Barnet 008C,104,123,44
E01000274,Barnet 011C,68,164,60
E01000275,Barnet 012A,74,143,31
E01000276,Barnet 020A,39,201,12
E01000277,Barnet 012B,123,110,40
E01000278,Barnet 020B,46,186,15
E01000279,Barnet 007C,62,110,14
E01000280,Barnet 007D,59,126,12
E01000281,Barnet 008D,71,182,53
E01000282,Barnet 008E,79,186,25
E01000283,Barnet 012C,50,142,12
E01000284,Barnet 012D,105,120,54
E01000285,Barnet 004A,89,127,51
E01000286,Barnet 007E,83,136,55
E01000287,Barnet 004B,78,110,78
E01000288,Barnet 004C,87,152,33
E01000289,Barnet 004D,51,110,70
E01000290,Barnet 007F,131,134,37
E01000291,Barnet 004E,64,133,68
E01000292,Barnet 001E,105,119,37
E01000293,Barnet 001F,79,164,27
E01000294,Barnet 004F,112,174,40
E01000295,Barnet 023B,62,137,23
E01000296,Barnet 023C,58,171,42
E01000297,Barnet 027D,41,124,24
E01000298,Barnet 023D,80,148,31
E01000299,Barnet 019A,104,184,59
E01000300,Barnet 019B,73,162,41
E01000301,Barnet 020C,55,165,15
E01000302,Barnet 019C,93,162,42
E01000303,Barnet 020D,48,160,19
E01000304,Barnet 020E,40,128,41
E01000305,Barnet 036B,57,89,30
E01000306,Barnet 036C,42,88,26
E01000307,Barnet 039D,58,104,39
E01000308,Barnet 036D,80,144,57
E01000309,Barnet 031D,60,132,31
E01000310,Barnet 034C,70,134,55
E01000311,Barnet 034D,47,184,21
E01000312,Barnet 036E,47,135,37
E01000313,Barnet 036F,53,122,47
E01000314,Barnet 032F,50,135,35
E01000315,Barnet 022F,61,100,76
E01000316,Barnet 027E,46,181,81
E01000317,Barnet 019D,72,142,40
E01000318,Barnet 019E,62,143,32
E01000319,Barnet 027F,42,162,19
E01000320,Barnet 011D,113,163,41
E01000321,Barnet 012E,61,154,42
E01000322,Barnet 011E,97,150,89
E01000323,Barnet 019F,88,155,57
E01000324,Barnet 015F,57,161,47
E01000325,Bexley 014A,56,154,24
E01000326,Bexley 014B,47,136,46
E01000327,Bexley 017A,105,153,23
E01000328,Bexley 017B,80,170,36
E01000329,Bexley 017C,81,153,63
E01000330,Bexley 017D,176,101,49
E01000331,Bexley 017E,75,149,62
E01000332,Bexley 005A,93,95,37
E01000333,Bexley 003A,130,157,83
E01000334,Bexley 006A,97,141,45
E01000335,Bexley 003B,50,197,123
E01000336,Bexley 003C,89,124,130
E01000337,Bexley 003D,50,127,93
E01000338,Bexley 003E,57,147,67
E01000339,Bexley 025A,67,146,49
E01000340,Bexley 018A,90,151,35
E01000341,Bexley 022A,99,132,30
E01000342,Bexley 022B,83,147,31
E01000343,Bexley 022C,70,147,33
E01000344,Bexley 025B,97,162,41
E01000345,Bexley 022D,42,118,23
E01000346,Bexley 021A,80,165,23
E01000347,Bexley 021B,112,136,41
E01000348,Bexley 020A,54,150,14
E01000349,Bexley 020B,94,182,30
E01000350,Bexley 021C,50,143,21
E01000351,Bexley 024A,79,153,25
E01000352,Bexley 021D,102,130,64
E01000353,Bexley 011A,117,129,14
E01000354,Bexley 011B,85,123,48
E01000355,Bexley 011C,103,113,19
E01000356,Bexley 009A,114,150,15
E01000357,Bexley 009B,61,147,17
E01000358,Bexley 011D,94,141,36
E01000359,Bexley 009C,60,106,15
E01000360,Bexley 015A,97,171,62
E01000361,Bexley 020C,56,143,35
E01000362,Bexley 015B,124,138,58
E01000363,Bexley 020D,75,126,30
E01000364,Bexley 023A,84,175,33
E01000365,Bexley 015C,139,149,59
E01000366,Bexley 015D,62,164,31
E01000367,Bexley 010A,65,171,130
E01000368,Bexley 010B,45,129,93
E01000369,Bexley 014C,57,130,36
E01000370,Bexley 014D,107,130,15
E01000371,Bexley 014E,68,166,43
E01000372,Bexley 010C,57,120,61
E01000373,Bexley 008A,30,145,70
E01000374,Bexley 019A,45,142,68
E01000375,Bexley 019B,54,194,72
E01000376,Bexley 019C,75,168,47
E01000377,Bexley 019D,93,128,42
E01000379,Bexley 019F,73,152,46
E01000380,Bexley 010D,184,97,67
E01000381,Bexley 028A,78,126,76
E01000382,Bexley 027A,83,153,22
E01000383,Bexley 028B,89,125,26
E01000384,Bexley 027B,146,161,53
E01000385,Bexley 028C,74,150,131
E01000386,Bexley 028D,110,91,83
E01000387,Bexley 027C,102,138,23
E01000388,Bexley 016A,101,131,19
E01000389,Bexley 020E,107,145,42
E01000390,Bexley 020F,77,130,23
E01000391,Bexley 021E,75,171,41
E01000392,Bexley 016B,67,153,108
E01000393,Bexley 020G,66,162,28
E01000394,Bexley 015E,113,147,38
E01000395,Bexley 018B,53,147,20
E01000396,Bexley 018C,57,131,15
E01000398,Bexley 029A,80,117,36
E01000399,Bexley 029B,106,128,23
E01000400,Bexley 029C,74,123,29
E01000401,Bexley 013A,95,125,79
E01000402,Bexley 005B,80,111,86
E01000403,Bexley 004A,199,154,156
E01000404,Bexley 004B,53,195,214
E01000405,Bexley 004C,33,145,86
E01000406,Bexley 005C,44,206,89
E01000407,Bexley 005D,134,153,39
E01000408,Bexley 004D,28,136,82
E01000409,Bexley 016C,91,180,25
E01000410,Bexley 018D,78,166,38
E01000411,Bexley 016D,74,130,35
E01000412,Bexley 018E,67,176,35
E01000413,Bexley 018F,62,121,41
E01000414,Bexley 016E,115,143,51
E01000415,Bexley 016F,63,119,10
E01000416,Bexley 002A,31,85,60
E01000417,Bexley 006B,80,134,54
E01000418,Bexley 002B,79,163,58
E01000419,Bexley 006C,102,131,17
E01000420,Bexley 006D,71,116,38
E01000421,Bexley 009D,104,127,12
E01000422,Bexley 002C,34,82,82
E01000423,Bexley 025C,86,178,16
E01000424,Bexley 026A,99,114,26
E01000425,Bexley 025D,60,192,15
E01000426,Bexley 026B,86,148,45
E01000427,Bexley 026C,196,169,48
E01000428,Bexley 027D,185,127,79
E01000429,Bexley 008B,41,119,134
E01000430,Bexley 008C,42,202,97
E01000431,Bexley 008D,43,87,60
E01000433,Bexley 008F,51,142,125
E01000434,Bexley 008G,67,109,85
E01000435,Bexley 010E,77,112,77
E01000436,Bexley 011E,74,171,22
E01000437,Bexley 007A,77,119,25
E01000438,Bexley 007B,65,152,70
E01000439,Bexley 007C,44,113,59
E01000440,Bexley 007D,84,106,12
E01000441,Bexley 007E,74,145,109
E01000442,Bexley 006E,90,140,35
E01000443,Bexley 024B,64,121,33
E01000444,Bexley 023B,74,153,25
E01000445,Bexley 024C,118,169,34
E01000446,Bexley 024D,58,148,34
E01000447,Bexley 023C,134,191,57
E01000448,Bexley 023D,84,138,12
E01000449,Bexley 023E,128,162,10
E01000450,Bexley 009E,71,172,56
E01000451,Bexley 009F,54,159,31
E01000452,Bexley 009G,47,139,22
E01000453,Bexley 013B,47,147,27
E01000454,Bexley 013C,92,128,36
E01000455,Bexley 013D,59,178,24
E01000456,Bexley 013E,34,143,26
E01000457,Bexley 026D,136,154,70
E01000458,Bexley 027E,172,131,18
E01000459,Bexley 027F,212,129,53
E01000460,Bexley 022E,43,127,7
E01000461,Bexley 024E,49,169,14
E01000462,Bexley 026E,138,122,69
E01000463,Bexley 025E,50,141,16
E01000464,Bexley 002D,71,83,65
E01000465,Bexley 002E,90,103,91
E01000466,Bexley 001A,43,108,85
E01000467,Bexley 001B,30,118,99
E01000468,Bexley 001C,29,233,183
E01000469,Bexley 001D,42,129,97
E01000470,Bexley 002F,50,77,96
E01000471,Brent 026A,36,82,21
E01000472,Brent 029A,47,197,97
E01000473,Brent 029B,43,142,70
E01000474,Brent 026B,34,77,23
E01000475,Brent 029C,37,129,22
E01000476,Brent 026C,44,58,19
E01000477,Brent 026D,40,141,41
E01000478,Brent 029D,45,129,45
E01000479,Brent 009A,46,107,19
E01000480,Brent 006A,39,109,22
E01000481,Brent 009B,65,130,70
E01000483,Brent 009D,51,118,103
E01000484,Brent 006B,38,101,83
E01000485,Brent 006C,70,103,34
E01000486,Brent 006D,36,125,25
E01000487,Brent 006E,130,143,39
E01000488,Brent 022A,47,95,43
E01000489,Brent 030A,129,107,49
E01000490,Brent 023A,51,120,34
E01000491,Brent 030B,73,148,64
E01000492,Brent 030C,42,123,19
E01000493,Brent 030D,58,118,31
E01000494,Brent 023B,104,135,45
E01000495,Brent 023C,138,83,38
E01000497,Brent 011A,41,97,37
E01000498,Brent 010B,31,101,48
E01000499,Brent 011B,31,132,89
E01000501,Brent 011C,74,132,102
E01000502,Brent 011D,60,155,93
E01000503,Brent 011E,81,133,67
E01000504,Brent 018A,62,140,44
E01000505,Brent 018B,55,93,35
E01000506,Brent 014A,45,96,90
E01000507,Brent 018C,41,102,29
E01000508,Brent 025A,83,174,96
E01000509,Brent 014B,44,65,21
E01000510,Brent 014C,75,88,64
E01000511,Brent 014D,37,124,82
E01000512,Brent 018D,92,111,34
E01000513,Brent 002A,42,107,18
E01000514,Brent 002B,32,97,37
E01000515,Brent 003A,57,138,65
E01000516,Brent 002C,39,155,32
E01000517,Brent 003B,43,100,10
E01000518,Brent 005A,68,98,39
E01000519,Brent 005B,54,144,43
E01000520,Brent 002D,71,140,39
E01000521,Brent 025B,67,119,145
E01000522,Brent 025C,42,149,109
E01000523,Brent 031A,47,155,150
E01000524,Brent 031B,83,118,149
E01000525,Brent 031C,65,97,112
E01000526,Brent 025D,70,121,117
E01000527,Brent 025E,69,115,115
E01000528,Brent 025F,61,103,92
E01000530,Brent 033A,56,150,42
E01000531,Brent 033B,119,106,69
E01000532,Brent 033C,49,90,37
E01000533,Brent 031E,86,140,112
E01000534,Brent 033D,50,143,54
E01000535,Brent 031F,78,136,96
E01000536,Brent 004A,54,109,22
E01000538,Brent 004B,35,113,10
E01000539,Brent 004C,89,113,12
E01000540,Brent 004D,50,83,14
E01000541,Brent 004E,59,96,19
E01000543,Brent 003E,46,89,19
E01000544,Brent 034A,50,112,64
E01000545,Brent 028A,80,101,50
E01000546,Brent 028B,70,101,43
E01000547,Brent 028C,50,122,48
E01000548,Brent 028D,99,82,80
E01000549,Brent 028E,81,119,34
E01000550,Brent 034B,96,114,83
E01000551,Brent 034C,68,165,123
E01000552,Brent 034D,41,115,64
E01000553,Brent 015A,49,104,53
E01000554,Brent 015B,61,156,57
E01000555,Brent 015C,38,104,56
E01000556,Brent 015D,56,87,49
E01000557,Brent 015E,49,114,45
E01000558,Brent 015F,67,78,53
E01000559,Brent 018E,76,101,25
E01000560,Brent 023D,70,100,35
E01000561,Brent 023E,65,128,54
E01000562,Brent 008A,52,73,20
E01000563,Brent 008B,43,83,11
E01000564,Brent 013A,30,123,34
E01000565,Brent 013B,39,97,35
E01000566,Brent 008C,56,89,11
E01000567,Brent 016A,49,122,25
E01000568,Brent 008D,24,113,22
E01000569,Brent 008E,48,77,19
E01000570,Brent 012A,42,85,24
E01000571,Brent 012B,29,64,19
E01000572,Brent 007A,38,101,23
E01000573,Brent 007B,41,104,18
E01000574,Brent 007C,35,112,15
E01000575,Brent 007D,61,129,36
E01000576,Brent 012C,61,98,24
E01000577,Brent 007E,45,223,145
E01000578,Brent 012D,96,160,65
E01000579,Brent 032A,43,101,49
E01000580,Brent 032B,91,190,67
E01000581,Brent 030E,40,120,47
E01000582,Brent 032C,47,201,57
E01000583,Brent 032D,81,146,63
E01000584,Brent 033E,47,138,25
E01000585,Brent 033F,36,142,51
E01000586,Brent 032E,62,144,75
E01000587,Brent 001A,32,92,12
E01000589,Brent 001B,48,170,50
E01000590,Brent 001C,82,116,25
E01000591,Brent 003F,61,136,20
E01000592,Brent 001D,42,90,41
E01000593,Brent 001E,53,111,58
E01000594,Brent 001F,38,90,18
E01000595,Brent 027A,50,101,154
E01000596,Brent 021A,62,128,94
E01000599,Brent 027D,48,103,103
E01000601,Brent 021B,29,63,110
E01000602,Brent 021C,45,64,59
E01000603,Brent 021D,54,108,116
E01000604,Brent 021E,46,98,57
E01000605,Brent 021F,37,92,68
E01000606,Brent 016B,63,122,37
E01000607,Brent 013C,44,132,35
E01000608,Brent 013D,96,172,53
E01000609,Brent 016C,35,128,55
E01000610,Brent 019A,43,162,45
E01000611,Brent 016D,36,142,34
E01000612,Brent 019B,39,118,27
E01000613,Brent 013E,53,133,61
E01000615,Brent 036A,41,182,52
E01000616,Brent 020A,38,94,31
E01000617,Brent 036B,81,102,38
E01000618,Brent 036D,56,69,32
E01000619,Brent 036C,39,81,24
E01000620,Brent 020B,41,74,24
E01000621,Brent 020C,40,68,33
E01000622,Brent 010D,54,167,68
E01000623,Brent 005C,37,126,27
E01000624,Brent 005D,81,96,24
E01000625,Brent 009E,71,114,56
E01000626,Brent 010E,65,110,73
E01000627,Brent 014E,52,106,72
E01000628,Brent 014F,50,84,50
E01000629,Brent 005E,64,128,24
E01000630,Brent 026E,55,171,61
E01000631,Brent 019C,31,115,16
E01000632,Brent 029E,28,98,24
E01000633,Brent 019D,45,129,33
E01000634,Brent 019E,42,168,66
E01000636,Brent 020E,53,149,51
E01000637,Brent 022B,56,86,56
E01000638,Brent 024A,66,169,116
E01000639,Brent 022C,37,100,49
E01000640,Brent 024B,52,144,122
E01000641,Brent 024C,57,137,91
E01000642,Brent 022D,78,99,65
E01000643,Brent 024D,86,117,143
E01000644,Brent 022E,60,103,73
E01000645,Bromley 007A,55,154,17
E01000646,Bromley 016A,129,170,48
E01000647,Bromley 016B,55,195,55
E01000648,Bromley 016C,61,201,51
E01000649,Bromley 007B,111,229,35
E01000650,Bromley 022A,131,175,36
E01000651,Bromley 020A,95,162,27
E01000652,Bromley 022B,95,165,32
E01000653,Bromley 016D,94,153,20
E01000654,Bromley 039A,48,127,29
E01000655,Bromley 039B,48,134,31
E01000656,Bromley 039C,59,142,16
E01000657,Bromley 039D,89,131,54
E01000658,Bromley 042A,115,76,24
E01000659,Bromley 039E,48,142,26
E01000661,Bromley 026A,159,220,189
E01000662,Bromley 026B,75,174,41
E01000663,Bromley 026C,121,171,65
E01000664,Bromley 026D,68,164,50
E01000665,Bromley 033A,106,171,63
E01000666,Bromley 033B,137,140,28
E01000667,Bromley 033C,77,159,16
E01000668,Bromley 020B,140,250,51
E01000669,Bromley 020C,82,197,48
E01000670,Bromley 018A,87,183,27
E01000671,Bromley 020D,139,229,64
E01000672,Bromley 011A,83,163,34
E01000673,Bromley 011B,54,187,45
E01000674,Bromley 008A,124,153,52
E01000676,Bromley 008B,96,147,77
E01000677,Bromley 018C,68,205,62
E01000678,Bromley 016E,70,206,27
E01000679,Bromley 020E,52,212,46
E01000680,Bromley 037A,68,125,19
E01000681,Bromley 035A,69,215,23
E01000682,Bromley 035B,124,176,26
E01000683,Bromley 035C,97,177,52
E01000684,Bromley 035D,68,273,23
E01000685,Bromley 037B,74,185,42
E01000686,Bromley 037C,137,150,27
E01000687,Bromley 037D,109,141,37
E01000688,Bromley 037E,60,147,10
E01000689,Bromley 002A,76,110,59
E01000690,Bromley 002B,62,152,26
E01000691,Bromley 002C,97,148,44
E01000692,Bromley 002D,88,175,44
E01000693,Bromley 010A,182,109,19
E01000694,Bromley 007C,101,270,42
E01000695,Bromley 007D,89,155,24
E01000696,Bromley 007E,132,146,21
E01000697,Bromley 007F,93,173,43
E01000698,Bromley 010B,57,107,11
E01000699,Bromley 015A,44,115,72
E01000700,Bromley 013A,65,148,54
E01000701,Bromley 015B,46,163,45
E01000702,Bromley 013B,44,138,30
E01000703,Bromley 013C,68,193,42
E01000704,Bromley 015C,78,152,38
E01000705,Bromley 015D,52,99,55
E01000706,Bromley 013D,73,126,39
E01000707,Bromley 041A,36,234,24
E01000708,Bromley 041B,101,183,45
E01000709,Bromley 006A,159,100,29
E01000710,Bromley 006B,117,189,56
E01000711,Bromley 006C,161,129,49
E01000712,Bromley 012A,141,131,35
E01000713,Bromley 012B,112,174,44
E01000714,Bromley 006D,155,164,97
E01000715,Bromley 012C,187,145,31
E01000716,Bromley 011C,100,151,19
E01000717,Bromley 011D,140,142,45
E01000718,Bromley 006E,83,164,103
E01000719,Bromley 019A,96,163,128
E01000720,Bromley 019B,53,154,95
E01000721,Bromley 019C,64,117,84
E01000722,Bromley 023A,89,156,63
E01000723,Bromley 029A,123,82,22
E01000724,Bromley 019D,74,131,105
E01000725,Bromley 023B,100,137,74
E01000726,Bromley 029B,95,106,25
E01000727,Bromley 028A,157,146,44
E01000728,Bromley 019E,106,107,71
E01000729,Bromley 014A,82,159,130
E01000730,Bromley 014B,60,133,111
E01000731,Bromley 023C,57,119,52
E01000732,Bromley 023D,73,144,21
E01000733,Bromley 023E,69,158,47
E01000734,Bromley 028B,51,152,47
E01000735,Bromley 014C,47,133,66
E01000736,Bromley 010C,60,133,72
E01000737,Bromley 010D,81,114,59
E01000738,Bromley 014D,82,151,38
E01000739,Bromley 014E,75,125,106
E01000741,Bromley 005B,54,128,70
E01000742,Bromley 005C,55,122,104
E01000743,Bromley 009A,93,95,100
E01000744,Bromley 009B,68,83,100
E01000745,Bromley 005D,64,140,85
E01000746,Bromley 005E,76,148,86
E01000747,Bromley 042B,99,174,53
E01000748,Bromley 042C,114,94,28
E01000749,Bromley 036A,101,144,26
E01000750,Bromley 036B,145,79,80
E01000751,Bromley 036C,161,262,48
E01000752,Bromley 036D,179,150,38
E01000753,Bromley 031A,127,186,33
E01000754,Bromley 031B,121,186,44
E01000755,Bromley 031C,102,173,33
E01000756,Bromley 033D,106,163,30
E01000757,Bromley 031D,69,163,16
E01000758,Bromley 031E,75,173,17
E01000759,Bromley 034A,46,175,20
E01000760,Bromley 034B,88,148,34
E01000761,Bromley 034C,73,170,18
E01000762,Bromley 018D,114,174,44
E01000763,Bromley 027A,64,172,15
E01000764,Bromley 027B,82,195,37
E01000765,Bromley 034D,95,179,40
E01000766,Bromley 027C,84,227,17
E01000767,Bromley 027D,84,190,21
E01000768,Bromley 034E,110,154,29
E01000769,Bromley 024A,51,127,22
E01000770,Bromley 012D,157,127,16
E01000771,Bromley 041C,73,191,22
E01000772,Bromley 012E,181,119,20
E01000773,Bromley 024B,129,179,17
E01000774,Bromley 041D,65,171,40
E01000775,Bromley 024C,98,230,61
E01000777,Bromley 024D,53,170,43
E01000778,Bromley 024E,64,148,50
E01000779,Bromley 001A,71,94,44
E01000780,Bromley 001B,89,132,74
E01000781,Bromley 001C,66,123,97
E01000782,Bromley 001D,64,108,83
E01000783,Bromley 001E,72,130,91
E01000784,Bromley 002E,41,171,44
E01000785,Bromley 001F,55,129,86
E01000786,Bromley 032A,125,107,19
E01000787,Bromley 029C,113,102,41
E01000788,Bromley 029D,70,141,37
E01000789,Bromley 032B,50,149,142
E01000790,Bromley 028C,118,184,65
E01000791,Bromley 029E,117,125,17
E01000792,Bromley 032C,61,155,40
E01000793,Bromley 032D,102,158,14
E01000794,Bromley 035E,92,147,16
E01000795,Bromley 032E,71,146,26
E01000796,Bromley 009C,34,83,104
E01000797,Bromley 013E,67,180,27
E01000798,Bromley 009D,63,78,86
E01000799,Bromley 004A,53,156,69
E01000800,Bromley 009E,54,96,89
E01000801,Bromley 015E,80,118,49
E01000802,Bromley 004B,53,153,56
E01000803,Bromley 004C,125,134,37
E01000804,Bromley 004D,61,160,21
E01000805,Bromley 004E,108,129,84
E01000806,Bromley 009F,57,113,142
E01000807,Bromley 022C,60,192,42
E01000808,Bromley 025A,91,179,20
E01000809,Bromley 022D,124,157,24
E01000810,Bromley 025B,76,186,20
E01000811,Bromley 025C,80,167,29
E01000812,Bromley 028D,81,149,28
E01000813,Bromley 025D,100,174,17
E01000814,Bromley 028E,64,173,5
E01000815,Bromley 025E,57,166,4
E01000816,Bromley 040A,76,145,31
E01000818,Bromley 040B,65,147,16
E01000819,Bromley 040C,92,149,82
E01000820,Bromley 008C,96,147,63
E01000822,Bromley 008D,61,159,71
E01000823,Bromley 008E,65,171,47
E01000824,Bromley 008F,36,133,53
E01000825,Bromley 008G,114,132,79
E01000826,Bromley 021A,53,182,13
E01000827,Bromley 021B,139,165,50
E01000828,Bromley 011E,136,161,41
E01000829,Bromley 018E,71,196,35
E01000830,Bromley 021C,60,181,21
E01000831,Bromley 021D,163,174,24
E01000832,Bromley 030A,97,159,15
E01000833,Bromley 021E,53,162,11
E01000834,Bromley 027E,41,162,18
E01000835,Bromley 030B,100,156,61
E01000836,Bromley 030C,44,175,16
E01000837,Bromley 030D,124,152,41
E01000838,Bromley 030E,80,121,30
E01000839,Bromley 030F,72,118,14
E01000840,Bromley 030G,183,106,14
E01000841,Bromley 030H,99,169,26
E01000842,Camden 011A,97,115,24
E01000843,Camden 014A,109,87,19
E01000844,Camden 011B,72,156,35
E01000845,Camden 014B,73,114,31
E01000846,Camden 014C,94,106,62
E01000847,Camden 014D,77,136,50
E01000848,Camden 011C,78,133,21
E01000849,Camden 011D,90,93,22
E01000850,Camden 026A,41,34,9
E01000851,Camden 026B,35,31,18
E01000853,Camden 029H,164,60,43
E01000855,Camden 028A,91,34,14
E01000856,Camden 019A,41,65,51
E01000857,Camden 018A,93,96,30
E01000858,Camden 018B,49,86,71
E01000859,Camden 018C,80,117,22
E01000860,Camden 018D,229,52,25
E01000861,Camden 019B,48,39,35
E01000862,Camden 018E,99,142,37
E01000863,Camden 021A,36,53,29
E01000866,Camden 009A,98,104,88
E01000867,Camden 015C,70,68,50
E01000868,Camden 015D,46,98,90
E01000869,Camden 015E,87,99,47
E01000870,Camden 009B,57,95,49
E01000871,Camden 005A,70,131,35
E01000872,Camden 005B,63,89,48
E01000873,Camden 005C,54,135,38
E01000874,Camden 005D,62,151,15
E01000875,Camden 013A,63,81,46
E01000876,Camden 013B,70,112,61
E01000877,Camden 005E,60,121,20
E01000878,Camden 004A,79,145,63
E01000879,Camden 004B,69,139,13
E01000880,Camden 004C,47,164,23
E01000881,Camden 008A,50,121,24
E01000882,Camden 008B,63,143,28
E01000883,Camden 008C,59,129,17
E01000884,Camden 004D,47,161,30
E01000885,Camden 004E,67,124,24
E01000886,Camden 006A,63,97,25
E01000887,Camden 006B,63,85,34
E01000888,Camden 006C,68,121,42
E01000889,Camden 007A,79,92,105
E01000890,Camden 007B,99,90,57
E01000891,Camden 007C,57,80,59
E01000892,Camden 006D,104,118,55
E01000893,Camden 002A,98,110,21
E01000894,Camden 002B,65,122,23
E01000895,Camden 002C,142,125,29
E01000896,Camden 002D,86,139,25
E01000897,Camden 008D,89,190,27
E01000898,Camden 008E,96,91,33
E01000899,Camden 002E,95,142,25
E01000900,Camden 012A,73,92,58
E01000901,Camden 007D,34,146,113
E01000902,Camden 012B,65,79,60
E01000903,Camden 006E,106,97,31
E01000904,Camden 012C,101,97,64
E01000905,Camden 012D,109,85,105
E01000906,Camden 012E,71,86,29
E01000907,Camden 001A,74,102,80
E01000908,Camden 001B,105,83,61
E01000909,Camden 001C,87,128,29
E01000910,Camden 003A,73,123,13
E01000911,Camden 003B,86,108,48
E01000912,Camden 001D,104,70,67
E01000913,Camden 001E,104,133,17
E01000914,Camden 028B,82,44,28
E01000915,Camden 027A,57,90,57
E01000916,Camden 027B,71,70,46
E01000917,Camden 027C,81,82,68
E01000918,Camden 028C,82,41,36
E01000919,Camden 028D,75,36,39
E01000920,Camden 027D,107,71,22
E01000921,Camden 003C,59,106,50
E01000922,Camden 007E,57,108,46
E01000923,Camden 003D,58,97,38
E01000924,Camden 009C,52,83,42
E01000925,Camden 009D,80,95,70
E01000926,Camden 009E,40,68,69
E01000927,Camden 007F,75,103,31
E01000928,Camden 003E,64,103,58
E01000929,Camden 020A,71,130,81
E01000930,Camden 020B,235,113,87
E01000931,Camden 013C,90,126,105
E01000932,Camden 013D,80,89,32
E01000933,Camden 020C,90,93,51
E01000934,Camden 020D,119,86,58
E01000935,Camden 020E,56,100,102
E01000937,Camden 029G,45,31,12
E01000938,Camden 029A,23,53,44
E01000939,Camden 029B,43,68,38
E01000941,Camden 029D,48,60,42
E01000942,Camden 029C,60,24,18
E01000943,Camden 029F,44,14,16
E01000944,Camden 023A,59,65,39
E01000946,Camden 021B,65,82,45
E01000947,Camden 021C,38,46,39
E01000948,Camden 021D,93,81,43
E01000949,Camden 023C,65,101,64
E01000951,Camden 023E,54,101,60
E01000952,Camden 022A,59,83,63
E01000954,Camden 022C,47,119,109
E01000955,Camden 022D,70,83,51
E01000956,Camden 022E,29,68,62
E01000957,Camden 019C,60,66,46
E01000958,Camden 019D,41,110,102
E01000959,Camden 019E,62,72,60
E01000960,Camden 017A,76,136,53
E01000961,Camden 017B,64,128,64
E01000962,Camden 016A,64,121,17
E01000963,Camden 017C,89,196,56
E01000964,Camden 016B,79,135,44
E01000965,Camden 016C,61,131,47
E01000966,Camden 016D,52,162,21
E01000967,Camden 017D,75,156,33
E01000968,Camden 016E,76,96,25
E01000969,Camden 010A,69,129,20
E01000970,Camden 010B,61,79,23
E01000971,Camden 010C,53,130,22
E01000972,Camden 010D,116,101,71
E01000973,Camden 010E,49,122,79
E01000974,Camden 013E,67,71,52
E01000975,Croydon 022A,65,159,84
E01000976,Croydon 022B,83,153,96
E01000977,Croydon 022C,118,126,77
E01000978,Croydon 022D,103,118,61
E01000979,Croydon 022E,64,131,63
E01000980,Croydon 017A,39,98,71
E01000981,Croydon 017B,55,143,58
E01000982,Croydon 017C,52,144,74
E01000983,Croydon 017D,61,127,47
E01000984,Croydon 022F,101,112,83
E01000985,Croydon 021A,44,108,23
E01000986,Croydon 021B,95,137,33
E01000987,Croydon 021C,53,110,22
E01000989,Croydon 018A,62,146,35
E01000990,Croydon 045A,71,72,79
E01000991,Croydon 018B,96,124,28
E01000992,Croydon 014A,53,118,78
E01000993,Croydon 021D,56,149,45
E01000994,Croydon 009A,40,96,47
E01000995,Croydon 009B,54,107,67
E01000996,Croydon 009C,51,75,25
E01000997,Croydon 009D,42,81,60
E01000998,Croydon 010A,34,75,60
E01000999,Croydon 009E,46,76,33
E01001000,Croydon 010B,43,74,51
E01001001,Croydon 013A,44,80,92
E01001002,Croydon 009F,46,102,47
E01001003,Croydon 010C,44,116,79
E01001004,Croydon 015A,52,152,110
E01001005,Croydon 019A,45,120,64
E01001006,Croydon 016A,28,146,130
E01001007,Croydon 016B,43,150,46
E01001008,Croydon 019B,38,133,59
E01001009,Croydon 019C,31,183,83
E01001010,Croydon 019D,55,102,79
E01001011,Croydon 019E,45,161,155
E01001012,Croydon 020A,37,114,109
E01001013,Croydon 020B,95,120,142
E01001015,Croydon 041A,56,113,79
E01001016,Croydon 041B,92,162,32
E01001017,Croydon 043A,78,168,13
E01001018,Croydon 044A,75,172,22
E01001019,Croydon 044B,97,137,12
E01001020,Croydon 044C,107,176,29
E01001021,Croydon 044D,100,100,72
E01001022,Croydon 044E,127,135,14
E01001023,Croydon 041C,117,250,109
E01001024,Croydon 043B,64,125,24
E01001025,Croydon 043C,43,148,18
E01001026,Croydon 043D,63,192,70
E01001027,Croydon 043E,52,380,60
E01001028,Croydon 038A,42,135,13
E01001029,Croydon 038B,44,129,50
E01001030,Croydon 038C,45,139,22
E01001031,Croydon 038D,39,140,14
E01001032,Croydon 035A,57,158,23
E01001033,Croydon 031A,67,144,42
E01001034,Croydon 031B,35,153,52
E01001035,Croydon 047C,57,137,81
E01001036,Croydon 029A,68,138,24
E01001037,Croydon 029B,64,133,80
E01001038,Croydon 029C,59,140,89
E01001039,Croydon 029D,56,156,35
E01001040,Croydon 029E,46,149,67
E01001041,Croydon 031C,44,137,84
E01001042,Croydon 024B,41,146,123
E01001044,Croydon 023A,127,219,31
E01001046,Croydon 023B,94,230,34
E01001047,Croydon 047A,75,125,65
E01001049,Croydon 023C,50,107,16
E01001050,Croydon 023D,198,152,54
E01001051,Croydon 030A,110,105,93
E01001052,Croydon 030B,40,87,100
E01001053,Croydon 032A,61,119,72
E01001054,Croydon 030C,65,112,97
E01001055,Croydon 032B,100,101,70
E01001056,Croydon 030D,28,112,176
E01001057,Croydon 030E,40,138,179
E01001058,Croydon 034A,65,122,44
E01001059,Croydon 034B,94,115,71
E01001060,Croydon 034C,82,144,53
E01001061,Croydon 034D,70,107,57
E01001062,Croydon 026A,72,83,26
E01001063,Croydon 026B,62,131,34
E01001064,Croydon 026C,96,110,23
E01001065,Croydon 034E,108,73,34
E01001066,Croydon 034F,62,86,91
E01001067,Croydon 041D,51,165,16
E01001068,Croydon 042A,58,147,71
E01001069,Croydon 040A,48,143,18
E01001070,Croydon 040B,70,156,53
E01001071,Croydon 042B,58,187,54
E01001072,Croydon 042C,56,130,11
E01001073,Croydon 037A,74,127,40
E01001074,Croydon 041E,111,157,97
E01001075,Croydon 040C,60,164,57
E01001076,Croydon 036A,51,125,102
E01001077,Croydon 032C,56,110,45
E01001078,Croydon 032D,44,95,76
E01001079,Croydon 036B,69,100,86
E01001080,Croydon 036C,110,81,92
E01001081,Croydon 036D,35,110,77
E01001082,Croydon 032E,45,111,71
E01001083,Croydon 003A,69,99,27
E01001084,Croydon 002A,67,147,30
E01001085,Croydon 004A,75,118,43
E01001086,Croydon 003B,63,103,25
E01001087,Croydon 003C,128,155,158
E01001088,Croydon 004B,45,103,56
E01001089,Croydon 004C,53,117,74
E01001090,Croydon 004D,83,155,110
E01001091,Croydon 004E,58,88,44
E01001092,Croydon 037B,76,140,37
E01001093,Croydon 037C,66,135,61
E01001094,Croydon 038E,59,130,14
E01001095,Croydon 031D,42,138,71
E01001096,Croydon 037D,46,146,8
E01001097,Croydon 037E,193,157,118
E01001098,Croydon 037F,41,158,21
E01001099,Croydon 040D,32,151,61
E01001100,Croydon 031E,75,151,30
E01001101,Croydon 035B,51,157,9
E01001102,Croydon 035C,166,133,25
E01001103,Croydon 039A,106,147,17
E01001104,Croydon 042D,59,162,27
E01001105,Croydon 039B,86,153,53
E01001106,Croydon 039C,64,138,36
E01001107,Croydon 035D,69,147,23
E01001108,Croydon 035E,73,188,17
E01001109,Croydon 013B,111,147,158
E01001110,Croydon 020D,46,137,142
E01001111,Croydon 010D,41,129,61
E01001112,Croydon 013C,69,135,115
E01001113,Croydon 013D,34,137,97
E01001114,Croydon 013E,27,111,119
E01001115,Croydon 015B,80,106,100
E01001116,Croydon 013F,34,92,84
E01001118,Croydon 020E,92,120,141
E01001119,Croydon 034G,102,129,20
E01001120,Croydon 033A,64,114,29
E01001121,Croydon 039D,97,98,12
E01001122,Croydon 033B,40,95,9
E01001123,Croydon 033C,71,144,19
E01001124,Croydon 033D,105,128,11
E01001125,Croydon 033E,75,133,39
E01001126,Croydon 034H,91,115,39
E01001127,Croydon 025A,59,140,11
E01001128,Croydon 025B,41,109,131
E01001129,Croydon 026D,55,120,7
E01001130,Croydon 025C,27,117,172
E01001131,Croydon 018C,134,151,68
E01001132,Croydon 018D,102,117,32
E01001133,Croydon 026E,188,92,27
E01001134,Croydon 018E,110,131,28
E01001135,Croydon 025D,101,111,39
E01001136,Croydon 007A,83,124,96
E01001137,Croydon 001A,119,172,81
E01001138,Croydon 001B,74,120,74
E01001139,Croydon 007B,63,136,70
E01001140,Croydon 007C,49,124,83
E01001141,Croydon 008A,39,86,64
E01001142,Croydon 007D,60,157,71
E01001143,Croydon 008B,100,124,101
E01001144,Croydon 007E,57,100,81
E01001145,Croydon 008C,75,98,169
E01001146,Croydon 006A,68,118,52
E01001147,Croydon 005A,33,113,107
E01001148,Croydon 005B,67,122,79
E01001149,Croydon 006B,42,139,68
E01001150,Croydon 006C,39,152,51
E01001151,Croydon 005C,63,98,94
E01001152,Croydon 005D,56,128,132
E01001153,Croydon 006D,46,89,60
E01001154,Croydon 006E,47,135,101
E01001155,Croydon 010E,112,93,111
E01001156,Croydon 001C,67,141,61
E01001157,Croydon 002B,49,139,55
E01001158,Croydon 005E,51,113,79
E01001159,Croydon 002C,70,155,68
E01001160,Croydon 002D,55,108,33
E01001161,Croydon 003D,36,76,64
E01001162,Croydon 001D,58,127,108
E01001163,Croydon 002E,77,167,71
E01001164,Croydon 001E,102,129,75
E01001165,Croydon 024C,45,144,64
E01001166,Croydon 024D,139,135,105
E01001167,Croydon 028A,58,192,87
E01001168,Croydon 024E,63,142,60
E01001169,Croydon 028B,57,121,95
E01001170,Croydon 047D,146,159,95
E01001171,Croydon 028C,68,109,88
E01001172,Croydon 028D,59,142,126
E01001173,Croydon 028E,105,241,133
E01001174,Croydon 011A,44,93,39
E01001175,Croydon 011B,50,100,58
E01001176,Croydon 011C,34,122,65
E01001177,Croydon 016C,25,111,58
E01001178,Croydon 015D,33,104,106
E01001179,Croydon 016D,55,130,38
E01001180,Croydon 016E,42,142,91
E01001181,Croydon 015E,55,136,203
E01001182,Croydon 011D,34,64,41
E01001183,Croydon 011E,45,112,91
E01001184,Croydon 011F,48,53,21
E01001185,Croydon 014B,60,137,71
E01001186,Croydon 014C,100,81,110
E01001187,Croydon 017E,70,132,102
E01001188,Croydon 014D,41,133,115
E01001189,Croydon 045B,39,94,56
E01001190,Croydon 045C,41,117,68
E01001191,Croydon 008D,40,153,111
E01001192,Croydon 008E,49,107,85
E01001193,Croydon 014E,23,93,95
E01001194,Croydon 045D,38,140,65
E01001195,Ealing 021A,53,167,37
E01001196,Ealing 015A,97,90,87
E01001197,Ealing 021B,69,176,32
E01001198,Ealing 021C,48,123,34
E01001199,Ealing 021D,54,103,67
E01001200,Ealing 025A,40,146,30
E01001201,Ealing 025B,41,126,34
E01001202,Ealing 025C,69,197,72
E01001203,Ealing 025D,91,116,49
E01001204,Ealing 018A,53,138,33
E01001205,Ealing 018B,51,152,62
E01001206,Ealing 018C,31,116,133
E01001207,Ealing 018D,59,165,38
E01001208,Ealing 018E,61,128,21
E01001209,Ealing 013A,74,176,26
E01001210,Ealing 016A,125,123,110
E01001211,Ealing 013B,115,168,39
E01001212,Ealing 018F,106,141,26
E01001213,Ealing 023A,49,106,21
E01001214,Ealing 023B,44,89,16
E01001215,Ealing 023C,81,134,37
E01001216,Ealing 023D,40,135,26
E01001217,Ealing 014A,46,92,24
E01001218,Ealing 012A,101,132,79
E01001219,Ealing 029A,47,147,95
E01001220,Ealing 029B,33,103,56
E01001223,Ealing 041B,80,107,29
E01001224,Ealing 019B,51,150,20
E01001225,Ealing 041A,108,116,68
E01001226,Ealing 019C,80,121,28
E01001227,Ealing 019D,51,138,26
E01001228,Ealing 019E,82,121,37
E01001229,Ealing 031A,57,97,64
E01001230,Ealing 031B,55,86,21
E01001231,Ealing 027A,63,123,37
E01001232,Ealing 031C,78,117,32
E01001233,Ealing 031D,90,100,26
E01001234,Ealing 027B,48,77,29
E01001235,Ealing 042D,46,110,33
E01001236,Ealing 042C,79,97,28
E01001237,Ealing 031E,59,106,24
E01001239,Ealing 015C,32,85,54
E01001240,Ealing 024A,45,68,23
E01001241,Ealing 024B,49,86,42
E01001242,Ealing 024C,60,109,86
E01001243,Ealing 024D,83,169,71
E01001244,Ealing 024E,87,199,103
E01001245,Ealing 024F,52,190,80
E01001246,Ealing 015D,33,91,52
E01001247,Ealing 015E,73,125,70
E01001248,Ealing 035A,61,117,39
E01001249,Ealing 028A,89,161,125
E01001250,Ealing 028B,89,139,110
E01001251,Ealing 030A,62,177,64
E01001252,Ealing 030B,73,201,90
E01001253,Ealing 030C,47,215,75
E01001254,Ealing 030D,111,168,62
E01001255,Ealing 028C,54,181,32
E01001257,Ealing 008A,48,186,123
E01001258,Ealing 010B,79,154,56
E01001259,Ealing 014B,56,104,30
E01001260,Ealing 012B,71,153,32
E01001261,Ealing 012C,69,166,56
E01001262,Ealing 010C,67,108,51
E01001263,Ealing 010D,66,161,86
E01001264,Ealing 010E,50,130,71
E01001265,Ealing 006A,46,134,46
E01001266,Ealing 006B,52,106,33
E01001267,Ealing 006C,134,158,63
E01001268,Ealing 012D,67,171,27
E01001269,Ealing 001A,53,203,49
E01001270,Ealing 004A,42,146,31
E01001271,Ealing 001B,43,154,51
E01001272,Ealing 006D,42,120,23
E01001273,Ealing 041C,69,176,19
E01001274,Ealing 041E,73,198,18
E01001275,Ealing 041D,104,113,37
E01001276,Ealing 011A,70,100,38
E01001277,Ealing 011B,54,185,52
E01001278,Ealing 011C,78,173,79
E01001279,Ealing 013C,86,160,16
E01001280,Ealing 011D,112,181,44
E01001281,Ealing 013D,93,166,37
E01001282,Ealing 016B,101,132,44
E01001283,Ealing 016C,139,135,76
E01001284,Ealing 022A,53,144,63
E01001285,Ealing 016D,42,161,49
E01001286,Ealing 016E,69,156,76
E01001287,Ealing 016F,43,140,63
E01001288,Ealing 022B,36,142,41
E01001289,Ealing 022C,35,137,36
E01001290,Ealing 022D,54,185,63
E01001291,Ealing 014C,32,117,24
E01001292,Ealing 014D,42,90,21
E01001293,Ealing 014E,40,125,31
E01001294,Ealing 017A,31,118,30
E01001295,Ealing 017B,37,118,27
E01001296,Ealing 017C,24,86,18
E01001297,Ealing 017D,46,130,21
E01001298,Ealing 017E,61,104,24
E01001299,Ealing 035B,73,170,28
E01001300,Ealing 039A,59,194,21
E01001301,Ealing 039B,83,136,57
E01001302,Ealing 039C,61,164,32
E01001303,Ealing 032A,61,177,41
E01001304,Ealing 039D,75,169,61
E01001305,Ealing 035C,63,196,24
E01001306,Ealing 035D,98,191,34
E01001307,Ealing 002A,54,143,26
E01001308,Ealing 002B,72,106,17
E01001309,Ealing 001C,51,157,31
E01001310,Ealing 001D,64,157,55
E01001311,Ealing 001E,55,156,67
E01001312,Ealing 002C,41,145,22
E01001313,Ealing 002D,43,92,29
E01001314,Ealing 002E,47,110,31
E01001315,Ealing 003A,43,113,32
E01001316,Ealing 003B,42,124,95
E01001317,Ealing 003C,60,187,71
E01001318,Ealing 003D,95,133,85
E01001319,Ealing 004B,44,108,21
E01001320,Ealing 003E,39,117,91
E01001321,Ealing 003F,82,140,116
E01001322,Ealing 004C,60,144,72
E01001323,Ealing 004D,67,157,94
E01001324,Ealing 008B,45,132,77
E01001325,Ealing 009A,64,155,54
E01001326,Ealing 008C,64,134,107
E01001327,Ealing 009B,51,135,46
E01001328,Ealing 009C,58,133,69
E01001329,Ealing 009D,47,154,82
E01001330,Ealing 008D,48,144,94
E01001331,Ealing 009E,36,140,117
E01001332,Ealing 008E,43,130,92
E01001333,Ealing 038A,47,146,71
E01001334,Ealing 029C,69,106,51
E01001335,Ealing 038B,47,92,20
E01001336,Ealing 038C,39,90,33
E01001337,Ealing 029D,33,145,63
E01001338,Ealing 029E,40,97,24
E01001339,Ealing 029F,26,158,80
E01001340,Ealing 029G,21,122,56
E01001341,Ealing 005A,38,140,34
E01001342,Ealing 005B,41,140,29
E01001343,Ealing 005C,44,87,15
E01001344,Ealing 007A,82,186,55
E01001345,Ealing 005D,33,107,29
E01001346,Ealing 007B,61,174,35
E01001347,Ealing 007C,42,129,30
E01001348,Ealing 007D,58,118,61
E01001349,Ealing 006E,57,73,54
E01001350,Ealing 027C,80,114,23
E01001351,Ealing 025E,104,146,59
E01001352,Ealing 027D,48,116,26
E01001353,Ealing 033A,75,93,48
E01001354,Ealing 027E,58,152,37
E01001355,Ealing 033B,97,149,44
E01001356,Ealing 033C,66,107,81
E01001357,Ealing 033D,44,223,84
E01001358,Ealing 033E,34,173,67
E01001359,Ealing 026A,32,157,27
E01001360,Ealing 026B,32,88,19
E01001361,Ealing 023E,31,141,38
E01001362,Ealing 026C,28,166,53
E01001363,Ealing 026D,31,156,31
E01001364,Ealing 026E,77,100,36
E01001365,Ealing 026F,40,121,25
E01001366,Ealing 044C,36,149,42
E01001367,Ealing 043B,31,216,57
E01001368,Ealing 044D,27,95,28
E01001369,Ealing 038D,33,126,37
E01001370,Ealing 044A,25,114,25
E01001371,Ealing 044B,31,158,46
E01001372,Ealing 043C,29,210,40
E01001373,Ealing 043A,30,156,37
E01001374,Ealing 040A,73,169,30
E01001375,Ealing 034A,69,189,28
E01001376,Ealing 040B,77,138,37
E01001377,Ealing 034B,99,152,24
E01001379,Ealing 034C,81,192,28
E01001380,Ealing 040C,108,205,33
E01001381,Ealing 034D,66,141,49
E01001382,Ealing 032B,64,184,16
E01001383,Ealing 028D,43,146,28
E01001384,Ealing 032C,52,186,36
E01001385,Ealing 032D,76,189,28
E01001386,Ealing 031F,67,183,20
E01001387,Ealing 032E,59,97,25
E01001388,Ealing 028E,112,92,66
E01001389,Ealing 028F,93,142,56
E01001390,Enfield 036A,56,139,36
E01001391,Enfield 036B,43,114,62
E01001392,Enfield 032A,76,138,34
E01001393,Enfield 036C,55,150,56
E01001394,Enfield 035A,74,108,43
E01001395,Enfield 035B,51,101,76
E01001396,Enfield 036D,51,85,36
E01001397,Enfield 035C,48,157,93
E01001398,Enfield 021A,51,129,31
E01001399,Enfield 021B,60,92,16
E01001400,Enfield 021C,87,105,28
E01001401,Enfield 016A,59,133,39
E01001402,Enfield 021D,92,133,30
E01001403,Enfield 021E,129,105,41
E01001404,Enfield 026A,52,123,33
E01001405,Enfield 015A,183,118,37
E01001406,Enfield 015B,43,123,72
E01001407,Enfield 005A,63,155,53
E01001408,Enfield 004A,73,164,69
E01001409,Enfield 005B,84,136,127
E01001410,Enfield 005C,48,177,164
E01001411,Enfield 004B,87,215,67
E01001412,Enfield 004C,80,106,75
E01001413,Enfield 004D,91,166,20
E01001414,Enfield 004E,122,111,108
E01001415,Enfield 011A,156,177,65
E01001416,Enfield 013A,73,161,11
E01001417,Enfield 011B,64,169,15
E01001418,Enfield 011C,137,142,61
E01001419,Enfield 020A,97,159,62
E01001420,Enfield 020B,77,127,63
E01001421,Enfield 020C,109,146,45
E01001422,Enfield 011D,83,137,13
E01001423,Enfield 027A,87,134,68
E01001424,Enfield 030A,34,77,93
E01001425,Enfield 027B,56,138,127
E01001426,Enfield 030B,49,109,101
E01001427,Enfield 030C,64,89,106
E01001428,Enfield 027C,47,116,72
E01001429,Enfield 030D,146,160,164
E01001430,Enfield 030E,45,144,120
E01001431,Enfield 033A,36,121,109
E01001432,Enfield 033B,131,95,84
E01001433,Enfield 007A,38,139,110
E01001434,Enfield 007B,48,105,90
E01001435,Enfield 007C,40,93,71
E01001436,Enfield 007D,50,125,118
E01001437,Enfield 014A,83,147,198
E01001438,Enfield 007E,24,102,96
E01001439,Enfield 006A,52,132,186
E01001440,Enfield 012A,72,114,74
E01001441,Enfield 006B,40,114,122
E01001442,Enfield 002A,60,101,138
E01001444,Enfield 001A,57,112,129
E01001445,Enfield 003B,50,222,227
E01001446,Enfield 001B,62,119,106
E01001447,Enfield 003C,89,113,131
E01001448,Enfield 003D,53,128,118
E01001449,Enfield 003E,42,122,77
E01001450,Enfield 015C,156,153,162
E01001451,Enfield 017A,92,135,33
E01001452,Enfield 017B,40,125,18
E01001453,Enfield 017C,88,155,25
E01001454,Enfield 017D,118,165,37
E01001455,Enfield 021F,62,114,33
E01001456,Enfield 022A,46,146,14
E01001457,Enfield 010A,128,173,49
E01001458,Enfield 037A,63,116,95
E01001459,Enfield 024A,48,116,49
E01001460,Enfield 024B,36,121,100
E01001461,Enfield 027D,75,83,90
E01001462,Enfield 024C,36,80,78
E01001463,Enfield 031A,40,102,48
E01001464,Enfield 027E,43,70,36
E01001465,Enfield 031B,49,102,46
E01001466,Enfield 031C,44,130,96
E01001467,Enfield 031D,42,164,136
E01001468,Enfield 010B,98,146,32
E01001469,Enfield 008A,68,149,61
E01001470,Enfield 013B,100,146,36
E01001471,Enfield 010C,167,127,100
E01001472,Enfield 010D,108,128,66
E01001473,Enfield 013C,72,124,38
E01001474,Enfield 010E,125,155,54
E01001475,Enfield 013D,70,179,29
E01001476,Enfield 018A,61,133,91
E01001477,Enfield 018B,56,119,88
E01001478,Enfield 016B,60,102,66
E01001479,Enfield 023A,64,118,87
E01001480,Enfield 024D,53,108,66
E01001481,Enfield 018C,52,114,69
E01001482,Enfield 023B,64,144,98
E01001483,Enfield 025A,41,54,121
E01001484,Enfield 016C,57,108,65
E01001485,Enfield 025B,90,115,93
E01001486,Enfield 025C,86,119,143
E01001487,Enfield 023C,76,125,112
E01001488,Enfield 024E,65,121,105
E01001489,Enfield 023D,70,141,101
E01001491,Enfield 023E,56,125,105
E01001492,Enfield 025E,58,117,100
E01001493,Enfield 026B,85,113,61
E01001494,Enfield 026C,52,124,22
E01001495,Enfield 029A,50,143,46
E01001496,Enfield 026D,71,135,26
E01001497,Enfield 031E,69,112,40
E01001498,Enfield 029B,55,165,38
E01001499,Enfield 031F,56,92,27
E01001500,Enfield 035D,58,99,37
E01001501,Enfield 036E,94,175,84
E01001502,Enfield 018D,59,124,100
E01001503,Enfield 018E,71,123,101
E01001504,Enfield 012B,34,127,76
E01001505,Enfield 012C,29,109,89
E01001507,Enfield 012D,75,174,121
E01001508,Enfield 012E,45,184,129
E01001509,Enfield 014C,51,118,138
E01001511,Enfield 016D,69,156,87
E01001512,Enfield 015D,82,209,107
E01001513,Enfield 012F,68,129,158
E01001514,Enfield 016E,47,148,98
E01001515,Enfield 015E,36,133,132
E01001516,Enfield 005D,54,142,89
E01001517,Enfield 006C,52,120,139
E01001518,Enfield 016F,63,126,71
E01001520,Enfield 019A,71,125,59
E01001521,Enfield 028A,58,206,40
E01001522,Enfield 019B,60,190,106
E01001523,Enfield 019C,129,180,52
E01001524,Enfield 019D,46,118,41
E01001525,Enfield 020E,98,183,63
E01001526,Enfield 019E,105,140,36
E01001527,Enfield 036F,95,149,52
E01001528,Enfield 032B,36,105,105
E01001529,Enfield 032C,43,103,65
E01001530,Enfield 032D,40,134,76
E01001531,Enfield 028B,51,128,21
E01001532,Enfield 028C,86,154,19
E01001533,Enfield 028D,66,129,10
E01001534,Enfield 032E,51,127,29
E01001535,Enfield 028E,58,110,14
E01001536,Enfield 008B,114,160,81
E01001537,Enfield 005E,72,148,94
E01001538,Enfield 009A,58,152,28
E01001539,Enfield 009B,78,170,37
E01001540,Enfield 008C,90,168,69
E01001541,Enfield 008D,80,169,51
E01001542,Enfield 008E,95,122,92
E01001543,Enfield 009C,58,133,37
E01001544,Enfield 009D,88,144,30
E01001545,Enfield 002B,59,115,124
E01001546,Enfield 001C,45,113,106
E01001547,Enfield 002C,56,126,103
E01001548,Enfield 002D,50,140,125
E01001549,Enfield 006D,71,156,200
E01001550,Enfield 006E,43,115,105
E01001551,Enfield 002E,55,104,94
E01001552,Enfield 001D,52,131,90
E01001553,Enfield 037B,35,115,58
E01001554,Enfield 037C,54,102,125
E01001555,Enfield 033C,47,200,107
E01001556,Enfield 035E,51,84,49
E01001557,Enfield 033D,33,125,63
E01001558,Enfield 033E,36,139,100
E01001559,Enfield 033F,38,127,125
E01001560,Enfield 035F,38,78,58
E01001562,Enfield 037D,37,157,139
E01001563,Enfield 029C,63,172,45
E01001564,Enfield 022B,69,171,39
E01001565,Enfield 029D,96,134,41
E01001566,Enfield 029E,52,139,36
E01001567,Enfield 022C,99,156,23
E01001568,Enfield 022D,65,121,7
E01001569,Enfield 022E,85,156,54
E01001570,Enfield 026E,80,174,74
E01001571,Greenwich 008A,54,110,74
E01001572,Greenwich 008B,55,122,53
E01001573,Greenwich 008C,35,91,37
E01001574,Greenwich 008D,65,142,138
E01001575,Greenwich 003A,52,128,124
E01001576,Greenwich 003B,54,141,94
E01001577,Greenwich 003C,67,155,110
E01001578,Greenwich 003D,57,148,96
E01001579,Greenwich 003E,53,127,87
E01001580,Greenwich 021A,72,133,31
E01001581,Greenwich 016A,100,116,34
E01001582,Greenwich 021B,102,128,60
E01001583,Greenwich 021C,90,121,32
E01001584,Greenwich 021D,73,143,23
E01001585,Greenwich 016B,51,171,39
E01001586,Greenwich 016C,104,109,40
E01001587,Greenwich 016D,93,138,47
E01001588,Greenwich 012A,103,93,40
E01001589,Greenwich 012B,51,116,67
E01001590,Greenwich 014A,54,106,56
E01001591,Greenwich 012C,70,137,89
E01001592,Greenwich 014B,51,198,40
E01001593,Greenwich 014C,96,192,28
E01001594,Greenwich 014D,72,152,107
E01001595,Greenwich 012D,48,159,125
E01001596,Greenwich 032A,75,179,30
E01001597,Greenwich 031A,84,117,28
E01001598,Greenwich 031B,77,136,20
E01001599,Greenwich 032B,60,147,47
E01001600,Greenwich 032C,70,125,43
E01001601,Greenwich 032D,86,139,14
E01001602,Greenwich 031C,79,153,72
E01001603,Greenwich 031D,108,134,95
E01001604,Greenwich 027A,69,144,36
E01001605,Greenwich 023A,69,152,17
E01001606,Greenwich 023B,66,184,25
E01001607,Greenwich 027B,96,143,38
E01001608,Greenwich 027C,103,135,22
E01001609,Greenwich 027D,142,120,36
E01001610,Greenwich 023C,88,187,46
E01001611,Greenwich 023D,103,163,47
E01001613,Greenwich 028A,134,133,62
E01001614,Greenwich 028B,53,126,14
E01001615,Greenwich 028C,124,148,61
E01001617,Greenwich 028D,149,132,31
E01001618,Greenwich 030C,84,165,76
E01001619,Greenwich 030D,72,183,59
E01001620,Greenwich 025A,49,104,49
E01001621,Greenwich 025B,85,120,50
E01001623,Greenwich 025C,54,143,63
E01001624,Greenwich 025D,85,119,42
E01001625,Greenwich 025E,74,131,70
E01001629,Greenwich 009A,67,138,126
E01001631,Greenwich 007B,43,136,115
E01001632,Greenwich 007C,38,107,48
E01001633,Greenwich 009B,59,110,104
E01001634,Greenwich 009C,56,101,102
E01001635,Greenwich 007D,53,122,43
E01001636,Greenwich 007E,65,96,47
E01001637,Greenwich 009D,46,108,78
E01001638,Greenwich 038A,47,89,106
E01001641,Greenwich 038B,86,124,41
E01001642,Greenwich 038C,71,156,29
E01001644,Greenwich 038D,41,191,45
E01001645,Greenwich 022A,73,133,68
E01001646,Greenwich 019A,63,212,149
E01001647,Greenwich 022B,71,118,38
E01001648,Greenwich 022C,54,134,47
E01001649,Greenwich 022D,45,123,58
E01001650,Greenwich 019B,70,140,49
E01001651,Greenwich 019C,71,141,87
E01001652,Greenwich 019D,112,126,32
E01001653,Greenwich 029A,63,109,95
E01001654,Greenwich 029B,51,115,87
E01001655,Greenwich 029C,53,111,81
E01001656,Greenwich 034A,87,118,55
E01001657,Greenwich 034B,91,143,46
E01001658,Greenwich 034C,122,138,63
E01001659,Greenwich 034D,82,134,20
E01001660,Greenwich 029D,47,117,65
E01001661,Greenwich 029E,59,123,84
E01001664,Greenwich 037B,69,137,43
E01001665,Greenwich 037C,47,153,35
E01001666,Greenwich 041G,62,120,59
E01001669,Greenwich 033A,54,148,176
E01001671,Greenwich 033B,74,150,69
E01001672,Greenwich 006A,42,107,68
E01001673,Greenwich 006B,102,81,66
E01001674,Greenwich 006C,59,126,75
E01001675,Greenwich 006D,34,99,69
E01001676,Greenwich 033C,39,101,105
E01001677,Greenwich 006E,54,115,83
E01001678,Greenwich 017A,58,129,80
E01001679,Greenwich 020A,59,127,38
E01001680,Greenwich 020B,77,140,27
E01001681,Greenwich 020C,55,146,36
E01001682,Greenwich 020D,66,98,46
E01001683,Greenwich 017B,56,127,49
E01001684,Greenwich 017C,66,97,63
E01001685,Greenwich 017D,69,98,54
E01001686,Greenwich 020E,63,112,86
E01001687,Greenwich 002A,54,82,60
E01001688,Greenwich 002B,47,232,163
E01001690,Greenwich 001A,81,94,84
E01001692,Greenwich 001B,37,84,116
E01001693,Greenwich 001C,47,89,125
E01001694,Greenwich 001D,39,127,69
E01001695,Greenwich 011A,44,84,56
E01001696,Greenwich 011B,39,148,158
E01001697,Greenwich 011C,37,174,118
E01001698,Greenwich 015A,34,110,122
E01001699,Greenwich 015B,14,97,69
E01001700,Greenwich 011D,43,138,83
E01001701,Greenwich 015C,98,154,56
E01001702,Greenwich 015D,35,70,73
E01001703,Greenwich 011E,37,177,121
E01001704,Greenwich 011F,54,113,56
E01001705,Greenwich 005A,26,139,143
E01001708,Greenwich 005C,50,130,69
E01001710,Greenwich 005D,58,108,111
E01001712,Greenwich 042A,59,159,128
E01001714,Hackney 002A,46,107,81
E01001715,Hackney 007A,41,60,26
E01001716,Hackney 007B,46,80,132
E01001717,Hackney 007C,23,61,19
E01001718,Hackney 007D,35,113,22
E01001719,Hackney 007E,58,105,63
E01001720,Hackney 007F,44,101,39
E01001722,Hackney 029A,88,175,84
E01001723,Hackney 006A,31,134,29
E01001724,Hackney 006B,52,175,69
E01001725,Hackney 004A,32,151,60
E01001726,Hackney 004B,27,89,94
E01001727,Hackney 006C,24,151,23
E01001728,Hackney 029B,32,240,55
E01001729,Hackney 019A,14,70,65
E01001730,Hackney 019B,62,200,196
E01001731,Hackney 017A,40,148,109
E01001732,Hackney 019C,47,89,133
E01001733,Hackney 015A,27,127,47
E01001734,Hackney 017B,51,81,71
E01001735,Hackney 019D,69,76,63
E01001736,Hackney 012A,29,112,39
E01001737,Hackney 012B,25,142,61
E01001738,Hackney 012C,51,122,45
E01001739,Hackney 012D,90,149,40
E01001740,Hackney 014A,50,80,91
E01001741,Hackney 009A,43,143,25
E01001742,Hackney 008A,49,117,105
E01001744,Hackney 031A,74,113,80
E01001745,Hackney 016A,44,115,130
E01001746,Hackney 016B,44,117,124
E01001747,Hackney 014B,70,104,71
E01001749,Hackney 020B,53,71,63
E01001750,Hackney 031D,52,107,88
E01001751,Hackney 031B,54,105,26
E01001753,Hackney 025B,33,103,120
E01001755,Hackney 025D,46,88,71
E01001756,Hackney 030C,79,104,56
E01001757,Hackney 016C,50,113,105
E01001758,Hackney 016D,79,154,149
E01001759,Hackney 016E,75,89,58
E01001760,Hackney 017C,59,77,68
E01001761,Hackney 016F,93,80,72
E01001762,Hackney 017D,51,77,48
E01001763,Hackney 020C,95,102,86
E01001764,Hackney 010A,45,109,57
E01001765,Hackney 010B,85,84,84
E01001767,Hackney 010D,36,123,60
E01001768,Hackney 006D,46,110,42
E01001769,Hackney 006E,36,104,43
E01001770,Hackney 010E,45,88,89
E01001772,Hackney 024A,52,105,78
E01001773,Hackney 025E,48,117,79
E01001774,Hackney 024B,32,90,84
E01001775,Hackney 024C,93,82,76
E01001776,Hackney 025F,66,82,51
E01001777,Hackney 033A,55,102,83
E01001780,Hackney 032D,87,75,86
E01001781,Hackney 026B,50,48,107
E01001783,Hackney 026D,48,73,100
E01001784,Hackney 032A,67,90,88
E01001785,Hackney 015B,61,110,69
E01001786,Hackney 013A,60,118,151
E01001787,Hackney 013B,134,66,71
E01001788,Hackney 013C,107,68,75
E01001789,Hackney 015C,39,119,54
E01001790,Hackney 013D,42,76,123
E01001791,Hackney 015D,37,93,63
E01001792,Hackney 011A,52,124,68
E01001793,Hackney 011B,36,116,76
E01001794,Hackney 011C,37,111,25
E01001795,Hackney 011D,25,91,30
E01001796,Hackney 011E,32,82,43
E01001798,Hackney 028A,66,132,77
E01001799,Hackney 003A,38,151,27
E01001800,Hackney 004C,59,161,68
E01001801,Hackney 008B,73,147,61
E01001802,Hackney 003B,33,102,45
E01001803,Hackney 008C,58,139,49
E01001804,Hackney 003C,33,173,35
E01001805,Hackney 009B,36,89,27
E01001806,Hackney 008D,77,114,60
E01001807,Hackney 003D,51,133,54
E01001808,Hackney 001A,78,170,38
E01001809,Hackney 001B,72,155,32
E01001811,Hackney 002D,52,97,131
E01001812,Hackney 003E,56,153,31
E01001813,Hackney 002E,60,81,167
E01001814,Hackney 001C,31,176,49
E01001815,Hackney 024D,79,87,60
E01001816,Hackney 020D,48,111,57
E01001819,Hackney 020E,117,100,27
E01001820,Hackney 024E,61,72,55
E01001821,Hackney 024F,60,64,62
E01001822,Hackney 029C,59,172,63
E01001823,Hackney 001D,30,139,41
E01001824,Hackney 004D,55,157,47
E01001825,Hackney 001E,33,138,24
E01001826,Hackney 004E,65,151,48
E01001827,Hackney 029D,72,108,82
E01001828,Hackney 028B,66,120,102
E01001829,Hackney 009C,34,181,22
E01001830,Hackney 014C,78,83,64
E01001831,Hackney 009D,64,75,32
E01001832,Hackney 009E,28,88,47
E01001833,Hackney 014D,53,131,83
E01001834,Hackney 014E,34,114,66
E01001835,Hackney 014F,22,79,22
E01001836,Hackney 022A,60,102,70
E01001837,Hackney 023B,56,112,36
E01001838,Hackney 019E,53,111,114
E01001839,Hackney 023C,49,92,72
E01001840,Hackney 022B,94,86,76
E01001841,Hackney 022C,76,89,42
E01001842,Hackney 023D,47,62,89
E01001843,Hackney 023E,33,84,53
E01001844,Hackney 022D,49,119,61
E01001845,Hackney 022E,74,67,91
E01001846,Hackney 018A,75,51,57
E01001847,Hackney 018B,41,68,59
E01001848,Hackney 018C,86,113,105
E01001849,Hackney 018D,26,113,104
E01001850,Hackney 019F,50,106,157
E01001851,Hammersmith and Fulham 010A,49,134,29
E01001852,Hammersmith and Fulham 007A,79,60,44
E01001853,Hammersmith and Fulham 007B,42,106,23
E01001854,Hammersmith and Fulham 007C,65,86,46
E01001855,Hammersmith and Fulham 010B,59,108,40
E01001856,Hammersmith and Fulham 010C,44,107,57
E01001857,Hammersmith and Fulham 007D,93,74,63
E01001858,Hammersmith and Fulham 006A,75,68,57
E01001859,Hammersmith and Fulham 008A,63,226,119
E01001860,Hammersmith and Fulham 006B,59,82,69
E01001861,Hammersmith and Fulham 006C,61,93,50
E01001862,Hammersmith and Fulham 005A,62,74,70
E01001863,Hammersmith and Fulham 006D,59,97,41
E01001864,Hammersmith and Fulham 006E,77,112,39
E01001865,Hammersmith and Fulham 008B,50,145,29
E01001866,Hammersmith and Fulham 012A,53,93,19
E01001867,Hammersmith and Fulham 012B,99,54,18
E01001868,Hammersmith and Fulham 012C,65,52,65
E01001869,Hammersmith and Fulham 010D,103,115,21
E01001870,Hammersmith and Fulham 012D,64,60,24
E01001871,Hammersmith and Fulham 012E,100,91,30
E01001872,Hammersmith and Fulham 012F,64,62,31
E01001873,Hammersmith and Fulham 010E,64,100,66
E01001875,Hammersmith and Fulham 001B,56,89,79
E01001876,Hammersmith and Fulham 001C,54,111,81
E01001877,Hammersmith and Fulham 001D,41,66,51
E01001878,Hammersmith and Fulham 001E,49,82,74
E01001879,Hammersmith and Fulham 019A,61,77,31
E01001880,Hammersmith and Fulham 017A,82,66,51
E01001881,Hammersmith and Fulham 017B,47,101,32
E01001882,Hammersmith and Fulham 017C,32,105,15
E01001883,Hammersmith and Fulham 017D,101,99,41
E01001884,Hammersmith and Fulham 017E,143,72,49
E01001885,Hammersmith and Fulham 015A,46,61,73
E01001886,Hammersmith and Fulham 016A,51,66,63
E01001887,Hammersmith and Fulham 016B,98,82,32
E01001888,Hammersmith and Fulham 018A,61,95,21
E01001889,Hammersmith and Fulham 014A,51,86,18
E01001890,Hammersmith and Fulham 016C,43,74,32
E01001891,Hammersmith and Fulham 018B,65,157,39
E01001892,Hammersmith and Fulham 016D,56,78,55
E01001893,Hammersmith and Fulham 013A,48,84,64
E01001894,Hammersmith and Fulham 013B,62,50,45
E01001895,Hammersmith and Fulham 009A,54,96,39
E01001896,Hammersmith and Fulham 009B,94,74,31
E01001897,Hammersmith and Fulham 009C,55,110,33
E01001898,Hammersmith and Fulham 013C,62,120,46
E01001899,Hammersmith and Fulham 013D,103,62,81
E01001900,Hammersmith and Fulham 013E,54,71,71
E01001901,Hammersmith and Fulham 019B,44,158,27
E01001902,Hammersmith and Fulham 019C,73,87,31
E01001903,Hammersmith and Fulham 019D,51,71,43
E01001904,Hammersmith and Fulham 022A,47,131,18
E01001905,Hammersmith and Fulham 022B,77,134,23
E01001906,Hammersmith and Fulham 022C,43,126,30
E01001907,Hammersmith and Fulham 022D,44,113,32
E01001908,Hammersmith and Fulham 015B,45,59,24
E01001909,Hammersmith and Fulham 015C,110,66,42
E01001910,Hammersmith and Fulham 014B,56,51,21
E01001911,Hammersmith and Fulham 015D,66,80,107
E01001912,Hammersmith and Fulham 015E,41,59,72
E01001913,Hammersmith and Fulham 014C,70,58,18
E01001914,Hammersmith and Fulham 014D,38,46,34
E01001915,Hammersmith and Fulham 024A,85,126,24
E01001916,Hammersmith and Fulham 024B,133,75,14
E01001917,Hammersmith and Fulham 018C,137,100,41
E01001918,Hammersmith and Fulham 018D,67,146,36
E01001919,Hammersmith and Fulham 018E,81,152,12
E01001920,Hammersmith and Fulham 020A,99,56,48
E01001921,Hammersmith and Fulham 020B,48,104,23
E01001922,Hammersmith and Fulham 020C,57,149,31
E01001923,Hammersmith and Fulham 020D,70,116,39
E01001924,Hammersmith and Fulham 020E,54,139,17
E01001925,Hammersmith and Fulham 025A,52,159,24
E01001926,Hammersmith and Fulham 024C,58,116,23
E01001927,Hammersmith and Fulham 008C,57,144,11
E01001928,Hammersmith and Fulham 011A,94,147,36
E01001929,Hammersmith and Fulham 009D,83,137,35
E01001930,Hammersmith and Fulham 008D,152,116,36
E01001931,Hammersmith and Fulham 011B,56,94,29
E01001932,Hammersmith and Fulham 011C,53,93,57
E01001933,Hammersmith and Fulham 011D,77,78,40
E01001934,Hammersmith and Fulham 025B,73,130,72
E01001935,Hammersmith and Fulham 023A,85,122,49
E01001937,Hammersmith and Fulham 025C,51,156,34
E01001938,Hammersmith and Fulham 025D,59,92,67
E01001940,Hammersmith and Fulham 005B,77,72,50
E01001941,Hammersmith and Fulham 005C,45,52,33
E01001942,Hammersmith and Fulham 005D,56,91,27
E01001943,Hammersmith and Fulham 004A,67,102,102
E01001944,Hammersmith and Fulham 004B,84,82,101
E01001945,Hammersmith and Fulham 004C,59,93,56
E01001946,Hammersmith and Fulham 004D,53,103,65
E01001947,Hammersmith and Fulham 021A,47,65,91
E01001948,Hammersmith and Fulham 021B,55,139,36
E01001949,Hammersmith and Fulham 021C,46,136,18
E01001950,Hammersmith and Fulham 021D,37,154,19
E01001951,Hammersmith and Fulham 021E,55,92,37
E01001952,Hammersmith and Fulham 024D,58,69,31
E01001953,Hammersmith and Fulham 021F,66,62,41
E01001954,Hammersmith and Fulham 003A,91,102,69
E01001955,Hammersmith and Fulham 002A,57,139,88
E01001956,Hammersmith and Fulham 003B,74,97,62
E01001957,Hammersmith and Fulham 002B,37,88,105
E01001958,Hammersmith and Fulham 002C,29,95,98
E01001959,Hammersmith and Fulham 003C,47,111,54
E01001960,Hammersmith and Fulham 003D,42,108,57
E01001961,Hammersmith and Fulham 002D,44,100,99
E01001962,Haringey 004A,67,218,68
E01001963,Haringey 009A,67,217,40
E01001964,Haringey 009B,53,152,32
E01001965,Haringey 009C,63,216,44
E01001966,Haringey 009D,52,154,23
E01001967,Haringey 014A,51,152,21
E01001968,Haringey 014B,58,175,40
E01001969,Haringey 001A,109,123,71
E01001970,Haringey 004B,48,93,75
E01001971,Haringey 001B,95,115,98
E01001972,Haringey 004C,83,106,74
E01001973,Haringey 004D,111,202,123
E01001974,Haringey 001C,62,180,76
E01001975,Haringey 001D,51,130,74
E01001976,Haringey 011A,48,100,75
E01001977,Haringey 011B,54,85,90
E01001978,Haringey 011C,73,101,95
E01001979,Haringey 011D,66,135,120
E01001980,Haringey 018A,52,106,58
E01001981,Haringey 018B,44,79,62
E01001982,Haringey 018C,71,107,74
E01001983,Haringey 018D,38,119,57
E01001984,Haringey 033A,142,120,40
E01001985,Haringey 033B,68,160,33
E01001986,Haringey 034A,65,142,28
E01001987,Haringey 033C,104,169,21
E01001988,Haringey 034B,92,151,33
E01001989,Haringey 033D,96,176,25
E01001990,Haringey 034C,67,117,58
E01001991,Haringey 017A,76,165,60
E01001992,Haringey 017B,80,191,28
E01001993,Haringey 017C,78,210,17
E01001994,Haringey 030A,89,150,24
E01001995,Haringey 017D,77,247,116
E01001996,Haringey 014C,63,154,40
E01001997,Haringey 014D,57,163,44
E01001998,Haringey 023A,50,136,36
E01001999,Haringey 023B,55,172,58
E01002000,Haringey 031A,46,127,37
E01002001,Haringey 031B,34,101,26
E01002002,Haringey 031C,48,91,30
E01002003,Haringey 023C,54,126,119
E01002004,Haringey 023D,55,124,33
E01002005,Haringey 035A,39,84,23
E01002006,Haringey 035B,69,109,47
E01002007,Haringey 035C,75,114,24
E01002008,Haringey 030B,83,138,21
E01002009,Haringey 035D,78,112,21
E01002010,Haringey 030C,91,135,52
E01002011,Haringey 030D,66,145,30
E01002013,Haringey 022A,58,140,36
E01002014,Haringey 020B,82,113,47
E01002015,Haringey 020C,73,95,46
E01002016,Haringey 028A,66,138,61
E01002017,Haringey 028B,57,122,46
E01002018,Haringey 020D,81,116,51
E01002019,Haringey 022B,49,118,32
E01002020,Haringey 021A,77,118,37
E01002021,Haringey 022C,76,137,13
E01002022,Haringey 021B,115,171,56
E01002023,Haringey 021C,109,127,20
E01002024,Haringey 022D,50,107,27
E01002025,Haringey 021D,61,161,17
E01002026,Haringey 016A,63,82,84
E01002027,Haringey 010A,56,68,28
E01002028,Haringey 010B,41,95,46
E01002029,Haringey 016B,42,94,66
E01002030,Haringey 016C,43,68,52
E01002031,Haringey 016D,44,83,59
E01002032,Haringey 010C,51,104,80
E01002033,Haringey 010D,53,91,77
E01002034,Haringey 037A,56,179,219
E01002036,Haringey 002A,56,101,102
E01002037,Haringey 002B,53,88,91
E01002038,Haringey 037B,70,101,107
E01002039,Haringey 002C,36,112,110
E01002040,Haringey 002D,104,112,109
E01002041,Haringey 037C,77,109,89
E01002042,Haringey 027A,51,102,30
E01002043,Haringey 026A,41,135,61
E01002044,Haringey 027B,38,74,46
E01002045,Haringey 026B,55,165,105
E01002046,Haringey 026C,78,72,68
E01002047,Haringey 027C,30,89,28
E01002048,Haringey 027D,55,91,51
E01002049,Haringey 026D,65,104,67
E01002050,Haringey 029A,25,189,25
E01002051,Haringey 029B,50,107,72
E01002052,Haringey 029C,32,213,27
E01002053,Haringey 032A,77,120,83
E01002054,Haringey 032B,45,88,114
E01002055,Haringey 029D,22,205,28
E01002056,Haringey 032C,73,160,75
E01002057,Haringey 032D,39,90,41
E01002058,Haringey 031D,42,94,37
E01002059,Haringey 028C,83,131,37
E01002060,Haringey 028D,53,137,38
E01002061,Haringey 036A,45,99,15
E01002062,Haringey 034D,58,107,35
E01002063,Haringey 036B,75,99,35
E01002064,Haringey 036C,43,74,44
E01002065,Haringey 036D,58,87,23
E01002066,Haringey 025A,50,125,142
E01002067,Haringey 024A,87,72,59
E01002068,Haringey 025B,51,119,81
E01002069,Haringey 024B,147,87,88
E01002070,Haringey 024C,82,154,80
E01002071,Haringey 025C,73,102,97
E01002072,Haringey 025D,67,67,71
E01002073,Haringey 024D,45,82,86
E01002074,Haringey 012A,82,137,112
E01002075,Haringey 015A,68,127,121
E01002076,Haringey 015B,54,90,115
E01002077,Haringey 012B,49,121,141
E01002078,Haringey 015C,97,144,105
E01002079,Haringey 012C,44,106,58
E01002081,Haringey 012D,78,77,75
E01002082,Haringey 013A,50,58,74
E01002083,Haringey 019A,50,76,28
E01002084,Haringey 019B,53,118,53
E01002085,Haringey 019C,56,133,67
E01002086,Haringey 013B,30,95,37
E01002087,Haringey 019D,57,122,63
E01002088,Haringey 013C,52,106,61
E01002089,Haringey 013D,55,74,97
E01002090,Haringey 005A,45,93,59
E01002091,Haringey 006A,85,92,69
E01002092,Haringey 006B,41,100,136
E01002093,Haringey 005B,54,124,79
E01002094,Haringey 006C,37,81,79
E01002095,Haringey 006D,55,87,92
E01002096,Haringey 005C,72,94,68
E01002097,Haringey 005D,45,104,80
E01002098,Haringey 007A,65,120,34
E01002099,Haringey 008A,59,117,91
E01002100,Haringey 008B,49,110,71
E01002101,Haringey 007B,63,158,40
E01002102,Haringey 007C,55,106,73
E01002103,Haringey 008C,48,95,55
E01002104,Haringey 008D,39,60,31
E01002105,Haringey 007D,59,104,51
E01002106,Harrow 008A,56,149,19
E01002107,Harrow 012A,53,161,28
E01002108,Harrow 008B,43,171,12
E01002109,Harrow 008C,66,174,27
E01002110,Harrow 008D,49,132,17
E01002111,Harrow 008E,48,168,37
E01002112,Harrow 001A,93,183,25
E01002113,Harrow 002A,75,125,24
E01002114,Harrow 001B,260,154,57
E01002115,Harrow 002B,59,107,12
E01002116,Harrow 002C,99,121,18
E01002118,Harrow 002E,83,134,45
E01002119,Harrow 007A,48,186,68
E01002120,Harrow 007B,63,93,42
E01002121,Harrow 007C,34,123,20
E01002122,Harrow 007D,54,130,28
E01002123,Harrow 007E,39,91,23
E01002124,Harrow 010A,38,110,25
E01002125,Harrow 010B,36,128,31
E01002127,Harrow 023B,89,150,15
E01002128,Harrow 020A,56,166,52
E01002129,Harrow 023C,80,255,51
E01002130,Harrow 020B,60,229,112
E01002131,Harrow 023D,101,96,41
E01002132,Harrow 029A,82,173,53
E01002133,Harrow 027A,112,116,93
E01002134,Harrow 029B,67,108,30
E01002135,Harrow 029C,84,150,47
E01002136,Harrow 027B,71,162,36
E01002137,Harrow 029D,39,85,18
E01002138,Harrow 027C,46,130,31
E01002139,Harrow 006A,64,90,48
E01002140,Harrow 005A,77,128,39
E01002141,Harrow 005B,119,128,26
E01002142,Harrow 005C,71,133,48
E01002143,Harrow 005D,38,123,42
E01002144,Harrow 004A,82,124,26
E01002145,Harrow 005E,118,106,39
E01002146,Harrow 004B,58,146,12
E01002147,Harrow 004C,60,89,9
E01002148,Harrow 006B,41,125,12
E01002149,Harrow 004D,41,115,9
E01002150,Harrow 006C,140,233,44
E01002151,Harrow 006D,82,104,47
E01002152,Harrow 006E,107,165,28
E01002153,Harrow 019A,78,153,19
E01002155,Harrow 019B,93,178,22
E01002156,Harrow 015B,45,125,13
E01002157,Harrow 019C,57,133,30
E01002158,Harrow 019D,46,134,12
E01002159,Harrow 021A,47,168,36
E01002160,Harrow 021B,44,251,67
E01002161,Harrow 021C,67,154,51
E01002162,Harrow 015C,60,159,51
E01002163,Harrow 015D,56,140,20
E01002164,Harrow 021D,58,174,53
E01002165,Harrow 017A,40,95,25
E01002166,Harrow 017B,45,83,16
E01002167,Harrow 017C,53,73,17
E01002168,Harrow 017D,61,105,35
E01002169,Harrow 017E,51,80,30
E01002170,Harrow 033A,34,70,20
E01002171,Harrow 033B,46,117,25
E01002172,Harrow 033C,47,107,21
E01002173,Harrow 033D,43,94,10
E01002174,Harrow 033E,39,85,14
E01002175,Harrow 033F,35,61,12
E01002176,Harrow 033G,36,100,14
E01002177,Harrow 033H,35,96,14
E01002178,Harrow 033I,36,105,17
E01002179,Harrow 013A,56,223,93
E01002181,Harrow 020C,53,219,41
E01002182,Harrow 020D,40,176,33
E01002183,Harrow 013C,64,124,44
E01002184,Harrow 013D,73,140,47
E01002185,Harrow 009A,56,141,63
E01002186,Harrow 009B,118,171,61
E01002187,Harrow 009C,116,188,39
E01002188,Harrow 016A,105,161,9
E01002189,Harrow 016B,111,158,36
E01002190,Harrow 009D,85,155,8
E01002191,Harrow 022A,56,218,26
E01002192,Harrow 016C,127,170,11
E01002193,Harrow 016D,77,229,61
E01002194,Harrow 022B,75,207,24
E01002195,Harrow 022C,76,190,21
E01002196,Harrow 022D,57,207,12
E01002197,Harrow 012B,45,91,13
E01002198,Harrow 010C,34,102,10
E01002199,Harrow 012C,38,103,20
E01002200,Harrow 010D,36,97,17
E01002201,Harrow 012D,41,97,10
E01002202,Harrow 012E,50,202,65
E01002203,Harrow 010E,35,130,24
E01002204,Harrow 032A,61,183,35
E01002206,Harrow 032B,49,112,14
E01002207,Harrow 032C,42,184,18
E01002208,Harrow 025A,70,125,12
E01002209,Harrow 025B,50,152,32
E01002210,Harrow 032D,38,121,14
E01002211,Harrow 028A,33,105,52
E01002212,Harrow 028B,65,182,44
E01002214,Harrow 031A,51,151,53
E01002215,Harrow 031B,92,152,61
E01002216,Harrow 028C,31,184,23
E01002217,Harrow 028D,43,189,76
E01002218,Harrow 030A,85,131,31
E01002219,Harrow 030B,64,132,42
E01002220,Harrow 031C,35,122,28
E01002221,Harrow 030C,39,115,36
E01002222,Harrow 030D,34,126,22
E01002223,Harrow 031D,40,134,27
E01002224,Harrow 031E,37,140,43
E01002225,Harrow 001C,115,119,17
E01002226,Harrow 001D,170,177,59
E01002227,Harrow 003A,68,104,59
E01002228,Harrow 003B,77,191,32
E01002229,Harrow 003C,114,145,32
E01002230,Harrow 003D,71,133,18
E01002231,Harrow 013E,49,191,46
E01002232,Harrow 011A,86,129,51
E01002233,Harrow 011B,86,174,73
E01002234,Harrow 011C,47,209,55
E01002235,Harrow 011D,85,123,49
E01002236,Harrow 011E,40,204,71
E01002237,Harrow 024A,41,142,49
E01002238,Harrow 024B,64,161,22
E01002239,Harrow 025C,74,165,31
E01002240,Harrow 024C,78,115,29
E01002241,Harrow 025D,44,155,45
E01002242,Harrow 024D,69,147,23
E01002243,Havering 013A,114,153,111
E01002244,Havering 011A,69,162,62
E01002245,Havering 011B,97,147,32
E01002246,Havering 017A,73,118,27
E01002247,Havering 017B,53,214,126
E01002248,Havering 017C,62,133,98
E01002250,Havering 017E,57,150,62
E01002251,Havering 017F,42,129,59
E01002252,Havering 018A,102,131,33
E01002253,Havering 019A,87,165,14
E01002254,Havering 019B,109,159,12
E01002255,Havering 022A,90,129,40
E01002256,Havering 018B,107,142,32
E01002257,Havering 019C,124,190,11
E01002258,Havering 018C,130,152,87
E01002259,Havering 018D,98,146,41
E01002260,Havering 026A,54,150,37
E01002261,Havering 026B,81,150,45
E01002262,Havering 026C,81,131,46
E01002263,Havering 026D,73,134,21
E01002264,Havering 026E,125,128,105
E01002265,Havering 025A,88,117,22
E01002266,Havering 027A,97,125,36
E01002267,Havering 027B,147,133,61
E01002268,Havering 010A,60,129,34
E01002269,Havering 010B,94,159,41
E01002270,Havering 015A,124,109,22
E01002271,Havering 015B,50,112,10
E01002272,Havering 014A,67,126,21
E01002273,Havering 015C,59,103,17
E01002274,Havering 014B,107,133,25
E01002275,Havering 015D,74,78,7
E01002276,Havering 001A,57,141,77
E01002277,Havering 002A,73,99,60
E01002278,Havering 001B,74,136,97
E01002279,Havering 002B,65,140,62
E01002280,Havering 004A,47,148,124
E01002281,Havering 002C,80,256,141
E01002282,Havering 004B,54,161,135
E01002283,Havering 002D,77,127,59
E01002284,Havering 004C,89,177,90
E01002285,Havering 025B,84,113,14
E01002286,Havering 025C,76,149,16
E01002287,Havering 023A,74,138,22
E01002288,Havering 025D,67,128,35
E01002289,Havering 022B,75,159,26
E01002290,Havering 025E,127,121,18
E01002291,Havering 023B,120,87,41
E01002292,Havering 022C,83,163,57
E01002294,Havering 007B,106,141,20
E01002295,Havering 010C,71,184,65
E01002296,Havering 007C,112,122,29
E01002297,Havering 004D,62,91,85
E01002298,Havering 007D,94,128,46
E01002299,Havering 002E,55,173,45
E01002300,Havering 007E,131,145,40
E01002301,Havering 003A,72,119,23
E01002302,Havering 005A,60,158,42
E01002303,Havering 003B,103,157,110
E01002304,Havering 003C,75,102,26
E01002305,Havering 005B,72,142,49
E01002306,Havering 003D,53,145,117
E01002307,Havering 003E,56,158,87
E01002308,Havering 005C,80,143,66
E01002309,Havering 006A,85,146,61
E01002310,Havering 006B,101,130,79
E01002311,Havering 006C,69,166,75
E01002312,Havering 001C,126,137,55
E01002313,Havering 001D,99,198,73
E01002314,Havering 004E,84,143,92
E01002315,Havering 006D,65,140,78
E01002316,Havering 004F,116,159,136
E01002317,Havering 014C,73,128,17
E01002318,Havering 014D,82,142,27
E01002319,Havering 016A,96,139,77
E01002320,Havering 021A,59,138,15
E01002321,Havering 021B,100,166,27
E01002322,Havering 021C,84,170,40
E01002323,Havering 021D,69,159,37
E01002324,Havering 021E,108,99,36
E01002325,Havering 011C,157,158,110
E01002326,Havering 005D,71,137,67
E01002327,Havering 009A,89,115,41
E01002328,Havering 009B,68,151,54
E01002329,Havering 011D,90,153,36
E01002330,Havering 011E,81,168,73
E01002331,Havering 005E,80,133,42
E01002332,Havering 009C,101,150,49
E01002333,Havering 008A,96,94,18
E01002334,Havering 008B,95,124,30
E01002335,Havering 009D,85,116,56
E01002336,Havering 008C,90,119,39
E01002337,Havering 012A,69,91,7
E01002338,Havering 009E,66,137,28
E01002339,Havering 008D,73,161,15
E01002340,Havering 009F,50,139,20
E01002341,Havering 008E,88,143,16
E01002342,Havering 030A,94,130,60
E01002343,Havering 029A,86,131,31
E01002344,Havering 029B,91,153,75
E01002345,Havering 030B,60,157,141
E01002346,Havering 030C,52,120,55
E01002347,Havering 030D,74,127,24
E01002348,Havering 029C,120,118,22
E01002349,Havering 029D,99,101,32
E01002350,Havering 016B,70,127,74
E01002351,Havering 016C,60,165,62
E01002352,Havering 016D,85,174,77
E01002353,Havering 013B,131,149,57
E01002354,Havering 012B,84,129,27
E01002355,Havering 014E,55,157,28
E01002356,Havering 013C,63,177,122
E01002358,Havering 016E,63,189,85
E01002359,Havering 020A,116,124,13
E01002360,Havering 020B,235,90,33
E01002361,Havering 020C,142,153,82
E01002362,Havering 022D,90,127,34
E01002363,Havering 020D,108,113,59
E01002364,Havering 023C,84,108,8
E01002365,Havering 023D,83,96,39
E01002366,Havering 023E,64,132,30
E01002367,Havering 020E,72,144,44
E01002368,Havering 028A,68,182,155
E01002369,Havering 028B,75,141,84
E01002370,Havering 028C,85,207,87
E01002371,Havering 028D,84,123,50
E01002372,Havering 027C,83,146,35
E01002373,Havering 027D,90,148,41
E01002374,Havering 027E,71,131,65
E01002375,Havering 028E,82,155,82
E01002376,Havering 012C,43,142,19
E01002377,Havering 010D,96,167,43
E01002378,Havering 010E,52,182,33
E01002379,Havering 012D,97,141,48
E01002380,Havering 012E,127,166,96
E01002381,Havering 012F,77,113,71
E01002382,Havering 014F,87,155,51
E01002383,Havering 010F,71,158,40
E01002384,Havering 019D,124,169,29
E01002385,Havering 024A,85,126,19
E01002386,Havering 022E,132,162,71
E01002387,Havering 024B,86,156,14
E01002388,Havering 024C,74,171,10
E01002389,Havering 024D,89,121,11
E01002390,Havering 024E,54,157,13
E01002391,Havering 018E,94,152,18
E01002392,Hillingdon 020A,43,156,109
E01002393,Hillingdon 020B,40,192,71
E01002394,Hillingdon 021A,40,149,31
E01002395,Hillingdon 021B,26,108,24
E01002396,Hillingdon 026A,75,118,39
E01002397,Hillingdon 021C,23,143,38
E01002398,Hillingdon 021D,24,138,27
E01002399,Hillingdon 021E,38,118,21
E01002400,Hillingdon 024A,71,154,41
E01002401,Hillingdon 024B,60,215,79
E01002402,Hillingdon 024C,33,112,38
E01002403,Hillingdon 024D,45,213,59
E01002404,Hillingdon 024E,60,165,89
E01002405,Hillingdon 027A,64,150,53
E01002408,Hillingdon 019A,68,119,54
E01002409,Hillingdon 019B,90,157,62
E01002410,Hillingdon 017A,71,164,44
E01002411,Hillingdon 022A,55,197,64
E01002412,Hillingdon 017B,59,180,39
E01002413,Hillingdon 022B,72,126,72
E01002414,Hillingdon 015A,56,79,26
E01002415,Hillingdon 010A,73,179,31
E01002416,Hillingdon 008A,55,172,38
E01002417,Hillingdon 008B,113,155,31
E01002418,Hillingdon 006A,85,172,28
E01002419,Hillingdon 006B,63,184,25
E01002420,Hillingdon 008C,90,154,46
E01002421,Hillingdon 008D,80,170,35
E01002422,Hillingdon 018A,42,122,38
E01002423,Hillingdon 018B,53,164,17
E01002424,Hillingdon 018C,40,153,38
E01002425,Hillingdon 018D,54,153,56
E01002426,Hillingdon 021F,57,226,50
E01002427,Hillingdon 018E,67,132,24
E01002428,Hillingdon 018F,47,122,41
E01002429,Hillingdon 019C,37,117,56
E01002430,Hillingdon 007A,65,128,10
E01002431,Hillingdon 006C,62,141,8
E01002432,Hillingdon 006D,109,124,23
E01002433,Hillingdon 004A,126,209,79
E01002434,Hillingdon 007B,69,106,12
E01002435,Hillingdon 007C,92,145,15
E01002436,Hillingdon 004B,104,154,37
E01002437,Hillingdon 006E,130,106,3
E01002438,Hillingdon 003A,58,130,28
E01002439,Hillingdon 003B,108,117,60
E01002440,Hillingdon 003C,103,126,41
E01002441,Hillingdon 003D,111,108,61
E01002442,Hillingdon 003E,62,136,49
E01002443,Hillingdon 032A,31,149,47
E01002444,Hillingdon 031A,62,95,38
E01002445,Hillingdon 029A,51,150,100
E01002446,Hillingdon 031B,59,134,42
E01002447,Hillingdon 031C,31,143,50
E01002448,Hillingdon 032B,90,168,55
E01002449,Hillingdon 032C,49,176,50
E01002450,Hillingdon 014A,39,164,31
E01002451,Hillingdon 014B,42,130,33
E01002452,Hillingdon 014C,43,131,24
E01002453,Hillingdon 014D,58,180,36
E01002454,Hillingdon 014E,78,193,62
E01002455,Hillingdon 019D,72,173,70
E01002456,Hillingdon 017C,104,152,48
E01002457,Hillingdon 019E,29,134,58
E01002458,Hillingdon 011A,66,130,12
E01002459,Hillingdon 011B,98,165,15
E01002460,Hillingdon 011C,129,122,17
E01002461,Hillingdon 013A,47,99,22
E01002462,Hillingdon 011D,45,166,19
E01002463,Hillingdon 013B,65,125,19
E01002464,Hillingdon 011E,73,176,28
E01002465,Hillingdon 009A,60,161,69
E01002466,Hillingdon 010B,61,199,25
E01002467,Hillingdon 009B,121,172,25
E01002468,Hillingdon 010C,64,171,29
E01002469,Hillingdon 010D,70,153,21
E01002470,Hillingdon 007D,97,139,55
E01002471,Hillingdon 008E,72,176,29
E01002472,Hillingdon 002A,172,131,57
E01002473,Hillingdon 001A,91,123,18
E01002474,Hillingdon 002B,95,160,35
E01002475,Hillingdon 001B,112,137,40
E01002476,Hillingdon 001C,84,151,23
E01002477,Hillingdon 001D,85,115,23
E01002478,Hillingdon 002C,90,133,38
E01002479,Hillingdon 004C,67,165,44
E01002480,Hillingdon 004D,91,196,26
E01002481,Hillingdon 004E,102,129,54
E01002482,Hillingdon 001E,83,174,12
E01002483,Hillingdon 002D,107,186,34
E01002484,Hillingdon 002E,94,126,41
E01002485,Hillingdon 002F,91,181,68
E01002486,Hillingdon 028A,39,167,59
E01002487,Hillingdon 028B,56,132,34
E01002488,Hillingdon 030B,40,124,35
E01002489,Hillingdon 030C,44,135,25
E01002490,Hillingdon 030D,46,162,47
E01002491,Hillingdon 032D,36,115,72
E01002492,Hillingdon 030E,26,120,32
E01002493,Hillingdon 032E,29,184,89
E01002494,Hillingdon 009C,51,168,44
E01002495,Hillingdon 010E,55,177,45
E01002496,Hillingdon 033A,69,211,59
E01002497,Hillingdon 033B,84,233,91
E01002498,Hillingdon 033C,63,142,14
E01002499,Hillingdon 033D,77,169,44
E01002501,Hillingdon 026B,41,93,31
E01002502,Hillingdon 026C,37,159,74
E01002503,Hillingdon 027C,52,122,49
E01002505,Hillingdon 026D,59,141,73
E01002506,Hillingdon 027E,41,131,68
E01002507,Hillingdon 027F,28,119,37
E01002508,Hillingdon 026E,108,153,62
E01002509,Hillingdon 017D,61,132,7
E01002511,Hillingdon 017E,100,132,49
E01002512,Hillingdon 013C,84,209,35
E01002513,Hillingdon 013D,99,86,25
E01002514,Hillingdon 015C,131,150,63
E01002516,Hillingdon 013E,45,104,10
E01002518,Hillingdon 022C,52,91,16
E01002519,Hillingdon 022D,127,131,59
E01002520,Hillingdon 016B,52,154,91
E01002521,Hillingdon 016C,141,137,73
E01002523,Hillingdon 016D,38,120,23
E01002525,Hillingdon 029B,71,140,50
E01002526,Hillingdon 028C,32,278,84
E01002527,Hillingdon 031D,73,115,70
E01002528,Hillingdon 028D,43,134,53
E01002529,Hillingdon 029C,37,235,90
E01002530,Hillingdon 029D,65,135,81
E01002531,Hillingdon 029E,85,123,28
E01002533,Hillingdon 005A,52,124,52
E01002534,Hillingdon 005B,104,142,26
E01002535,Hillingdon 007E,139,166,37
E01002536,Hillingdon 009D,73,138,25
E01002537,Hillingdon 009E,153,247,50
E01002538,Hillingdon 005C,142,139,37
E01002539,Hillingdon 005D,113,167,29
E01002540,Hillingdon 020C,41,166,69
E01002541,Hillingdon 023A,82,167,60
E01002542,Hillingdon 020D,46,228,93
E01002543,Hillingdon 020E,55,174,84
E01002544,Hillingdon 023B,52,135,29
E01002545,Hillingdon 023C,21,89,109
E01002546,Hillingdon 023D,14,123,24
E01002547,Hillingdon 023E,22,124,45
E01002548,Hillingdon 025A,96,129,140
E01002549,Hillingdon 025B,112,147,67
E01002550,Hillingdon 022E,56,156,85
E01002551,Hillingdon 025C,66,145,89
E01002552,Hillingdon 025D,40,147,56
E01002553,Hillingdon 025E,66,121,70
E01002555,Hounslow 022A,71,143,39
E01002556,Hounslow 022B,64,169,68
E01002557,Hounslow 023A,75,154,49
E01002558,Hounslow 023B,84,186,81
E01002559,Hounslow 023C,58,207,83
E01002560,Hounslow 023D,84,124,50
E01002561,Hounslow 023E,31,99,89
E01002562,Hounslow 030D,52,108,47
E01002563,Hounslow 006A,67,152,44
E01002564,Hounslow 031E,63,144,73
E01002565,Hounslow 006B,108,232,76
E01002567,Hounslow 006C,95,132,50
E01002569,Hounslow 001A,82,202,33
E01002570,Hounslow 001B,56,109,28
E01002571,Hounslow 007A,100,119,13
E01002572,Hounslow 007B,71,118,76
E01002573,Hounslow 001C,66,150,18
E01002574,Hounslow 001D,67,200,20
E01002575,Hounslow 001E,70,153,24
E01002576,Hounslow 008A,63,141,59
E01002577,Hounslow 007C,66,140,20
E01002578,Hounslow 007D,65,157,38
E01002579,Hounslow 008B,138,161,32
E01002580,Hounslow 008C,89,122,43
E01002581,Hounslow 008D,81,184,40
E01002582,Hounslow 008E,101,182,39
E01002583,Hounslow 013A,39,105,36
E01002584,Hounslow 013B,37,126,32
E01002585,Hounslow 013C,40,118,27
E01002586,Hounslow 013D,38,85,9
E01002587,Hounslow 016A,52,149,34
E01002588,Hounslow 016B,57,176,103
E01002589,Hounslow 013E,74,188,72
E01002590,Hounslow 022C,205,192,69
E01002591,Hounslow 024A,52,144,46
E01002592,Hounslow 022D,116,162,75
E01002593,Hounslow 024B,71,134,31
E01002594,Hounslow 024C,72,136,28
E01002595,Hounslow 022E,57,142,70
E01002596,Hounslow 027A,22,178,100
E01002598,Hounslow 025B,43,159,48
E01002599,Hounslow 025C,55,126,66
E01002600,Hounslow 025D,37,123,41
E01002601,Hounslow 027B,45,203,54
E01002602,Hounslow 027C,46,147,29
E01002603,Hounslow 025E,34,181,49
E01002604,Hounslow 026A,24,117,85
E01002605,Hounslow 026B,76,185,99
E01002606,Hounslow 026C,88,126,71
E01002607,Hounslow 026D,55,186,67
E01002608,Hounslow 028A,57,155,64
E01002609,Hounslow 028B,81,151,46
E01002610,Hounslow 028C,73,149,85
E01002611,Hounslow 024D,59,143,69
E01002612,Hounslow 024E,91,162,66
E01002613,Hounslow 024F,55,136,44
E01002614,Hounslow 027D,73,211,54
E01002615,Hounslow 026E,83,108,75
E01002616,Hounslow 027E,64,130,43
E01002617,Hounslow 028D,74,157,29
E01002618,Hounslow 011A,34,153,17
E01002619,Hounslow 010A,94,108,20
E01002620,Hounslow 004A,50,287,84
E01002621,Hounslow 011B,38,143,42
E01002622,Hounslow 010B,35,149,31
E01002623,Hounslow 011C,26,82,39
E01002624,Hounslow 017A,38,118,30
E01002625,Hounslow 004B,40,93,24
E01002626,Hounslow 004C,33,92,12
E01002627,Hounslow 004D,44,157,81
E01002628,Hounslow 011D,48,137,35
E01002629,Hounslow 011E,65,231,77
E01002630,Hounslow 012A,43,132,47
E01002631,Hounslow 004E,26,125,23
E01002632,Hounslow 010C,116,126,15
E01002633,Hounslow 005A,69,175,83
E01002634,Hounslow 005B,23,143,91
E01002635,Hounslow 010D,41,111,21
E01002636,Hounslow 010E,54,131,35
E01002637,Hounslow 005C,43,114,43
E01002638,Hounslow 005D,34,168,61
E01002639,Hounslow 012B,39,99,18
E01002640,Hounslow 012C,41,131,22
E01002641,Hounslow 018A,59,180,115
E01002643,Hounslow 015B,161,208,102
E01002645,Hounslow 015C,80,150,57
E01002646,Hounslow 017B,70,205,74
E01002647,Hounslow 021A,63,213,74
E01002649,Hounslow 018D,41,186,58
E01002650,Hounslow 021B,44,227,80
E01002651,Hounslow 021C,45,131,27
E01002652,Hounslow 021D,39,107,17
E01002653,Hounslow 019A,42,148,17
E01002654,Hounslow 019B,64,146,25
E01002655,Hounslow 019C,64,143,26
E01002656,Hounslow 019D,50,132,24
E01002657,Hounslow 018E,61,170,36
E01002658,Hounslow 015D,48,122,21
E01002659,Hounslow 019E,46,127,14
E01002660,Hounslow 016C,53,132,20
E01002661,Hounslow 016D,44,103,19
E01002662,Hounslow 017C,70,140,30
E01002663,Hounslow 017D,98,119,34
E01002665,Hounslow 016E,64,106,38
E01002666,Hounslow 021E,32,109,21
E01002667,Hounslow 020A,97,165,75
E01002668,Hounslow 014A,84,207,85
E01002669,Hounslow 014B,55,156,85
E01002670,Hounslow 020B,60,197,39
E01002671,Hounslow 020C,51,186,76
E01002672,Hounslow 020D,72,108,58
E01002673,Hounslow 020E,43,127,121
E01002674,Hounslow 012D,57,219,34
E01002675,Hounslow 009A,53,231,50
E01002676,Hounslow 012E,45,82,14
E01002677,Hounslow 015E,51,177,67
E01002678,Hounslow 009B,53,165,23
E01002679,Hounslow 009C,49,154,21
E01002680,Hounslow 009D,64,180,38
E01002681,Hounslow 014C,42,182,87
E01002682,Hounslow 014D,84,223,56
E01002686,Hounslow 006E,58,119,63
E01002687,Hounslow 029A,81,166,31
E01002689,Hounslow 007E,123,116,56
E01002690,Hounslow 007F,44,132,19
E01002691,Hounslow 029B,56,117,23
E01002692,Hounslow 029C,95,163,49
E01002693,Hounslow 029D,208,133,35
E01002694,Islington 019A,59,74,109
E01002695,Islington 021A,47,49,32
E01002696,Islington 020A,69,85,39
E01002697,Islington 019B,73,79,75
E01002698,Islington 017A,50,89,69
E01002699,Islington 017B,81,76,45
E01002700,Islington 017C,51,106,20
E01002701,Islington 023A,89,60,63
E01002702,Islington 023B,59,112,146
E01002703,Islington 023C,82,105,128
E01002704,Islington 023D,88,107,106
E01002706,Islington 023E,92,98,110
E01002707,Islington 022B,69,65,53
E01002708,Islington 015A,67,98,99
E01002709,Islington 019C,72,75,43
E01002710,Islington 019D,53,80,56
E01002711,Islington 021B,45,69,53
E01002712,Islington 015B,65,61,61
E01002713,Islington 015C,132,110,112
E01002714,Islington 017D,48,94,24
E01002715,Islington 019E,48,99,93
E01002716,Islington 014A,111,104,109
E01002717,Islington 016A,39,82,42
E01002718,Islington 014B,42,75,23
E01002719,Islington 016B,83,123,28
E01002720,Islington 016C,80,103,164
E01002721,Islington 014C,61,116,48
E01002722,Islington 018A,64,103,63
E01002723,Islington 022C,75,76,84
E01002724,Islington 022D,62,66,44
E01002725,Islington 022E,39,58,79
E01002726,Islington 022F,68,111,51
E01002727,Islington 021C,55,55,54
E01002728,Islington 021D,34,43,35
E01002729,Islington 021E,65,75,35
E01002730,Islington 007A,52,60,47
E01002732,Islington 005A,83,71,74
E01002733,Islington 007C,37,79,34
E01002734,Islington 005B,42,107,132
E01002735,Islington 003A,49,86,80
E01002736,Islington 005C,68,76,73
E01002737,Islington 005D,66,117,93
E01002738,Islington 009A,95,113,57
E01002739,Islington 013A,79,133,50
E01002740,Islington 013B,63,196,41
E01002741,Islington 009B,63,91,69
E01002742,Islington 006A,45,177,21
E01002743,Islington 009C,55,110,47
E01002744,Islington 009D,70,86,22
E01002745,Islington 013C,69,83,36
E01002747,Islington 006B,47,128,37
E01002748,Islington 006C,38,88,71
E01002749,Islington 006D,42,114,67
E01002751,Islington 005E,70,93,105
E01002752,Islington 009E,48,96,50
E01002753,Islington 002A,65,52,55
E01002754,Islington 002B,60,127,32
E01002755,Islington 001A,73,71,63
E01002756,Islington 001B,45,92,33
E01002757,Islington 002C,53,96,70
E01002758,Islington 001C,52,111,129
E01002759,Islington 002D,56,91,38
E01002760,Islington 002E,58,116,81
E01002762,Islington 011C,59,74,39
E01002763,Islington 007D,58,59,39
E01002764,Islington 010A,70,90,94
E01002765,Islington 015D,81,100,115
E01002766,Islington 015E,78,124,78
E01002767,Islington 011D,96,68,88
E01002768,Islington 004A,102,80,54
E01002769,Islington 008A,78,121,38
E01002770,Islington 004B,68,100,39
E01002771,Islington 004C,57,73,62
E01002772,Islington 002F,76,72,61
E01002773,Islington 004D,89,67,62
E01002774,Islington 004E,80,101,93
E01002775,Islington 014D,44,73,32
E01002776,Islington 014E,72,96,94
E01002777,Islington 012A,51,87,52
E01002778,Islington 012B,63,90,113
E01002779,Islington 012C,42,103,63
E01002780,Islington 014F,45,73,47
E01002781,Islington 012D,51,77,60
E01002782,Islington 012E,40,79,85
E01002783,Islington 010B,87,60,99
E01002784,Islington 010C,88,91,90
E01002785,Islington 008B,51,127,42
E01002786,Islington 010D,78,104,89
E01002787,Islington 010E,40,74,57
E01002788,Islington 008C,70,109,46
E01002789,Islington 008D,64,147,30
E01002790,Islington 016D,78,57,95
E01002791,Islington 016E,70,136,48
E01002792,Islington 017E,49,102,56
E01002793,Islington 016F,96,69,87
E01002794,Islington 020B,75,87,52
E01002795,Islington 013D,47,99,66
E01002796,Islington 013E,35,61,27
E01002797,Islington 018B,67,68,77
E01002798,Islington 018C,79,161,39
E01002799,Islington 018D,73,120,114
E01002800,Islington 018E,60,71,79
E01002801,Islington 020C,70,71,23
E01002802,Islington 020D,48,105,54
E01002804,Islington 001D,62,76,72
E01002805,Islington 003B,46,53,39
E01002806,Islington 003C,69,123,34
E01002807,Islington 001E,65,76,86
E01002808,Islington 003D,63,105,78
E01002809,Islington 003E,74,76,45
E01002810,Islington 003F,60,71,51
E01002811,Islington 001F,71,128,74
E01002812,Kensington and Chelsea 013A,62,97,24
E01002813,Kensington and Chelsea 011A,79,111,31
E01002814,Kensington and Chelsea 015A,81,148,81
E01002815,Kensington and Chelsea 011B,87,60,15
E01002816,Kensington and Chelsea 011C,49,88,19
E01002817,Kensington and Chelsea 011D,78,100,17
E01002818,Kensington and Chelsea 012A,67,64,22
E01002819,Kensington and Chelsea 012B,51,77,15
E01002821,Kensington and Chelsea 014A,47,66,13
E01002823,Kensington and Chelsea 014B,95,64,42
E01002824,Kensington and Chelsea 008A,59,93,21
E01002825,Kensington and Chelsea 008B,81,159,58
E01002826,Kensington and Chelsea 008C,72,96,28
E01002827,Kensington and Chelsea 008D,81,144,32
E01002828,Kensington and Chelsea 008E,86,88,23
E01002829,Kensington and Chelsea 004A,79,58,30
E01002830,Kensington and Chelsea 004B,114,59,61
E01002831,Kensington and Chelsea 004C,124,86,52
E01002832,Kensington and Chelsea 004D,94,70,62
E01002833,Kensington and Chelsea 007A,73,71,30
E01002834,Kensington and Chelsea 013B,66,98,15
E01002835,Kensington and Chelsea 016C,57,98,17
E01002836,Kensington and Chelsea 016D,68,88,24
E01002837,Kensington and Chelsea 016E,39,69,18
E01002839,Kensington and Chelsea 013C,80,73,11
E01002840,Kensington and Chelsea 021A,116,43,50
E01002841,Kensington and Chelsea 021B,66,68,27
E01002842,Kensington and Chelsea 021C,65,49,41
E01002843,Kensington and Chelsea 021D,119,69,55
E01002844,Kensington and Chelsea 019A,98,73,9
E01002845,Kensington and Chelsea 019B,79,59,22
E01002846,Kensington and Chelsea 017A,68,29,35
E01002847,Kensington and Chelsea 015B,55,68,14
E01002848,Kensington and Chelsea 015C,64,60,25
E01002849,Kensington and Chelsea 017B,77,127,23
E01002850,Kensington and Chelsea 013D,45,58,19
E01002851,Kensington and Chelsea 015D,151,37,28
E01002852,Kensington and Chelsea 001A,84,96,101
E01002853,Kensington and Chelsea 001B,52,55,43
E01002854,Kensington and Chelsea 001C,56,61,53
E01002855,Kensington and Chelsea 001D,87,64,59
E01002856,Kensington and Chelsea 004E,79,49,43
E01002857,Kensington and Chelsea 001E,48,56,64
E01002858,Kensington and Chelsea 014C,78,42,33
E01002859,Kensington and Chelsea 012C,60,74,26
E01002860,Kensington and Chelsea 012D,62,91,15
E01002861,Kensington and Chelsea 014D,69,69,17
E01002862,Kensington and Chelsea 014E,121,27,16
E01002863,Kensington and Chelsea 012E,66,75,19
E01002864,Kensington and Chelsea 009A,64,121,22
E01002865,Kensington and Chelsea 011E,34,105,25
E01002866,Kensington and Chelsea 009B,63,84,40
E01002867,Kensington and Chelsea 009C,87,87,47
E01002868,Kensington and Chelsea 009D,71,102,16
E01002869,Kensington and Chelsea 009E,74,110,35
E01002870,Kensington and Chelsea 005A,104,58,66
E01002871,Kensington and Chelsea 007B,67,124,21
E01002872,Kensington and Chelsea 005B,151,68,47
E01002873,Kensington and Chelsea 007C,54,74,22
E01002874,Kensington and Chelsea 007D,67,61,30
E01002875,Kensington and Chelsea 007E,97,76,16
E01002876,Kensington and Chelsea 003A,80,124,36
E01002877,Kensington and Chelsea 003B,60,104,99
E01002878,Kensington and Chelsea 003C,113,81,35
E01002879,Kensington and Chelsea 005C,91,119,61
E01002880,Kensington and Chelsea 005D,35,54,49
E01002881,Kensington and Chelsea 005E,51,86,54
E01002882,Kensington and Chelsea 006A,110,74,29
E01002883,Kensington and Chelsea 006B,80,101,27
E01002884,Kensington and Chelsea 006C,74,52,14
E01002885,Kensington and Chelsea 006D,78,68,31
E01002886,Kensington and Chelsea 006E,70,86,17
E01002887,Kensington and Chelsea 010A,53,56,9
E01002888,Kensington and Chelsea 013E,60,75,18
E01002889,Kensington and Chelsea 010B,48,77,19
E01002890,Kensington and Chelsea 010C,67,137,20
E01002891,Kensington and Chelsea 010D,56,72,16
E01002892,Kensington and Chelsea 010E,50,86,31
E01002893,Kensington and Chelsea 017C,100,74,36
E01002894,Kensington and Chelsea 017D,55,69,14
E01002896,Kensington and Chelsea 020C,66,118,26
E01002897,Kensington and Chelsea 020D,65,63,27
E01002898,Kensington and Chelsea 017E,111,143,27
E01002899,Kensington and Chelsea 018A,115,62,33
E01002900,Kensington and Chelsea 018B,73,66,17
E01002901,Kensington and Chelsea 018C,112,42,9
E01002902,Kensington and Chelsea 018D,107,63,31
E01002903,Kensington and Chelsea 018E,72,97,25
E01002904,Kensington and Chelsea 002A,52,54,75
E01002905,Kensington and Chelsea 002B,55,58,63
E01002906,Kensington and Chelsea 002C,55,90,65
E01002907,Kensington and Chelsea 002D,70,63,106
E01002908,Kensington and Chelsea 003D,67,94,45
E01002909,Kensington and Chelsea 003E,117,83,50
E01002910,Kensington and Chelsea 019C,123,65,19
E01002911,Kensington and Chelsea 019D,60,91,26
E01002912,Kensington and Chelsea 020E,81,57,39
E01002913,Kensington and Chelsea 021E,73,115,46
E01002914,Kensington and Chelsea 019E,77,76,18
E01002915,Kingston upon Thames 014A,58,113,23
E01002916,Kingston upon Thames 014B,75,148,17
E01002917,Kingston upon Thames 014C,50,154,10
E01002918,Kingston upon Thames 017A,55,164,53
E01002919,Kingston upon Thames 017B,76,152,62
E01002920,Kingston upon Thames 014D,74,189,21
E01002921,Kingston upon Thames 011A,99,125,35
E01002922,Kingston upon Thames 010A,104,165,20
E01002923,Kingston upon Thames 013A,181,73,58
E01002924,Kingston upon Thames 014E,55,184,4
E01002925,Kingston upon Thames 013B,82,121,36
E01002926,Kingston upon Thames 010B,65,201,23
E01002927,Kingston upon Thames 008A,94,161,38
E01002928,Kingston upon Thames 008B,107,173,47
E01002929,Kingston upon Thames 007A,73,187,21
E01002930,Kingston upon Thames 007B,73,173,57
E01002931,Kingston upon Thames 007C,55,238,38
E01002932,Kingston upon Thames 006A,37,141,96
E01002933,Kingston upon Thames 004A,106,223,60
E01002934,Kingston upon Thames 004B,49,273,26
E01002935,Kingston upon Thames 003A,81,192,47
E01002937,Kingston upon Thames 004D,49,265,31
E01002938,Kingston upon Thames 003B,92,263,42
E01002939,Kingston upon Thames 018A,63,142,55
E01002940,Kingston upon Thames 020A,75,149,36
E01002941,Kingston upon Thames 018B,101,146,34
E01002942,Kingston upon Thames 018C,70,140,19
E01002943,Kingston upon Thames 020B,60,125,39
E01002944,Kingston upon Thames 019A,59,124,48
E01002945,Kingston upon Thames 019B,67,155,41
E01002946,Kingston upon Thames 019C,70,142,24
E01002947,Kingston upon Thames 019D,58,170,38
E01002948,Kingston upon Thames 020C,76,196,54
E01002949,Kingston upon Thames 020D,77,183,38
E01002950,Kingston upon Thames 020E,103,130,58
E01002951,Kingston upon Thames 003C,68,184,29
E01002952,Kingston upon Thames 002A,48,115,8
E01002953,Kingston upon Thames 002B,39,102,17
E01002954,Kingston upon Thames 003D,90,114,58
E01002955,Kingston upon Thames 002C,54,115,31
E01002956,Kingston upon Thames 002D,65,93,21
E01002957,Kingston upon Thames 003E,40,106,82
E01002958,Kingston upon Thames 008C,59,220,23
E01002959,Kingston upon Thames 002E,50,170,8
E01002960,Kingston upon Thames 006B,63,166,23
E01002961,Kingston upon Thames 008D,52,206,17
E01002962,Kingston upon Thames 006C,48,146,39
E01002963,Kingston upon Thames 007D,93,193,52
E01002964,Kingston upon Thames 005A,149,161,62
E01002965,Kingston upon Thames 009A,104,178,58
E01002966,Kingston upon Thames 010C,48,202,34
E01002967,Kingston upon Thames 009B,123,140,41
E01002968,Kingston upon Thames 009C,100,164,47
E01002969,Kingston upon Thames 005B,56,136,125
E01002970,Kingston upon Thames 006D,38,158,54
E01002971,Kingston upon Thames 005C,52,194,39
E01002972,Kingston upon Thames 005D,103,171,65
E01002973,Kingston upon Thames 006E,27,131,55
E01002974,Kingston upon Thames 005E,53,192,40
E01002975,Kingston upon Thames 012A,45,122,32
E01002976,Kingston upon Thames 015A,74,185,37
E01002977,Kingston upon Thames 012B,82,131,61
E01002978,Kingston upon Thames 015B,90,171,25
E01002979,Kingston upon Thames 015C,51,129,26
E01002980,Kingston upon Thames 012C,57,120,5
E01002981,Kingston upon Thames 012D,61,121,15
E01002982,Kingston upon Thames 015D,72,121,16
E01002983,Kingston upon Thames 015E,70,179,9
E01002984,Kingston upon Thames 012E,105,120,33
E01002985,Kingston upon Thames 007E,59,176,42
E01002986,Kingston upon Thames 008E,60,114,24
E01002987,Kingston upon Thames 011B,127,101,41
E01002988,Kingston upon Thames 011C,46,113,35
E01002989,Kingston upon Thames 011D,61,177,27
E01002990,Kingston upon Thames 009D,86,129,24
E01002991,Kingston upon Thames 009E,59,142,28
E01002992,Kingston upon Thames 010D,50,96,16
E01002993,Kingston upon Thames 013C,83,129,36
E01002994,Kingston upon Thames 016A,53,159,26
E01002995,Kingston upon Thames 013D,67,136,25
E01002996,Kingston upon Thames 016B,48,173,36
E01002997,Kingston upon Thames 016C,44,171,23
E01002998,Kingston upon Thames 016D,48,193,62
E01002999,Kingston upon Thames 013E,63,120,66
E01003000,Kingston upon Thames 017C,51,187,38
E01003001,Kingston upon Thames 017D,63,173,25
E01003002,Kingston upon Thames 016E,102,182,73
E01003003,Kingston upon Thames 017E,64,160,48
E01003004,Kingston upon Thames 018D,65,162,32
E01003005,Kingston upon Thames 018E,56,154,36
E01003006,Kingston upon Thames 001A,76,165,24
E01003007,Kingston upon Thames 001B,56,209,35
E01003008,Kingston upon Thames 001C,68,197,21
E01003009,Kingston upon Thames 001D,94,240,59
E01003010,Kingston upon Thames 001E,50,169,25
E01003011,Kingston upon Thames 004E,94,184,37
E01003013,Lambeth 036A,26,34,17
E01003014,Lambeth 036B,96,74,51
E01003015,Lambeth 002A,86,65,60
E01003016,Lambeth 036C,34,27,18
E01003017,Lambeth 036D,97,53,44
E01003018,Lambeth 020A,41,74,27
E01003019,Lambeth 015A,47,70,45
E01003020,Lambeth 016A,45,74,79
E01003021,Lambeth 021A,55,67,53
E01003022,Lambeth 021B,48,81,42
E01003023,Lambeth 021C,54,117,99
E01003024,Lambeth 021D,48,77,123
E01003025,Lambeth 021E,59,109,94
E01003026,Lambeth 019A,44,69,14
E01003027,Lambeth 019B,22,136,5
E01003028,Lambeth 019C,36,121,36
E01003029,Lambeth 017A,64,74,45
E01003030,Lambeth 019D,43,82,24
E01003031,Lambeth 023A,48,63,70
E01003032,Lambeth 017B,97,61,57
E01003033,Lambeth 019E,34,118,34
E01003034,Lambeth 012A,50,97,53
E01003035,Lambeth 012B,52,63,28
E01003036,Lambeth 012C,59,71,37
E01003037,Lambeth 013A,51,57,64
E01003038,Lambeth 013B,51,85,28
E01003039,Lambeth 013C,55,114,34
E01003040,Lambeth 013D,43,67,26
E01003041,Lambeth 017C,50,57,70
E01003042,Lambeth 013E,41,46,31
E01003043,Lambeth 018A,64,80,40
E01003044,Lambeth 018B,43,63,99
E01003045,Lambeth 011A,62,49,117
E01003046,Lambeth 009A,38,64,114
E01003047,Lambeth 011B,59,53,72
E01003048,Lambeth 009B,46,115,117
E01003049,Lambeth 011C,49,75,86
E01003050,Lambeth 016B,63,35,49
E01003051,Lambeth 018C,33,57,69
E01003052,Lambeth 016C,64,64,83
E01003053,Lambeth 015B,31,47,21
E01003054,Lambeth 015C,28,40,35
E01003055,Lambeth 016D,100,38,41
E01003056,Lambeth 015D,30,43,33
E01003057,Lambeth 017D,42,55,74
E01003058,Lambeth 015E,51,54,45
E01003059,Lambeth 011D,57,75,84
E01003060,Lambeth 011E,35,65,81
E01003061,Lambeth 011F,56,34,34
E01003062,Lambeth 033A,56,110,70
E01003063,Lambeth 033B,43,66,64
E01003064,Lambeth 028A,36,146,58
E01003065,Lambeth 031A,75,105,121
E01003066,Lambeth 028B,58,126,102
E01003067,Lambeth 033C,54,153,65
E01003068,Lambeth 031B,62,116,93
E01003069,Lambeth 033D,39,112,73
E01003070,Lambeth 033E,48,79,82
E01003071,Lambeth 018D,49,154,51
E01003072,Lambeth 014A,87,138,29
E01003073,Lambeth 014B,49,85,72
E01003074,Lambeth 018E,75,130,65
E01003075,Lambeth 009C,52,79,104
E01003076,Lambeth 014C,25,121,68
E01003077,Lambeth 014D,30,85,49
E01003078,Lambeth 014E,70,142,36
E01003079,Lambeth 027A,44,107,92
E01003080,Lambeth 027B,45,145,68
E01003081,Lambeth 028C,43,136,76
E01003082,Lambeth 031C,61,86,73
E01003083,Lambeth 030A,73,124,41
E01003084,Lambeth 030B,50,134,40
E01003085,Lambeth 030C,96,166,48
E01003086,Lambeth 031D,34,105,67
E01003087,Lambeth 031E,37,92,120
E01003088,Lambeth 010A,44,67,73
E01003089,Lambeth 008A,24,73,100
E01003090,Lambeth 012D,48,62,43
E01003091,Lambeth 008B,42,61,78
E01003092,Lambeth 008C,26,97,116
E01003093,Lambeth 010B,65,103,156
E01003094,Lambeth 010C,53,47,35
E01003095,Lambeth 012E,34,86,26
E01003096,Lambeth 010D,53,53,18
E01003097,Lambeth 006A,94,53,68
E01003098,Lambeth 005A,66,69,53
E01003099,Lambeth 005B,82,72,72
E01003100,Lambeth 005C,23,53,28
E01003101,Lambeth 003A,34,47,80
E01003102,Lambeth 004A,46,42,32
E01003104,Lambeth 004C,81,67,72
E01003105,Lambeth 003B,100,62,83
E01003106,Lambeth 003C,81,94,111
E01003107,Lambeth 003D,71,62,47
E01003108,Lambeth 002B,78,72,88
E01003110,Lambeth 002C,92,88,46
E01003111,Lambeth 002D,88,86,119
E01003112,Lambeth 002E,63,83,102
E01003113,Lambeth 032A,38,104,55
E01003114,Lambeth 032B,40,164,63
E01003115,Lambeth 034A,43,108,69
E01003116,Lambeth 029A,49,132,41
E01003117,Lambeth 029B,64,96,69
E01003118,Lambeth 029C,70,167,69
E01003119,Lambeth 032C,40,141,70
E01003120,Lambeth 032D,60,121,97
E01003121,Lambeth 006B,49,70,113
E01003122,Lambeth 004D,58,69,62
E01003123,Lambeth 006C,41,72,36
E01003124,Lambeth 006D,32,42,64
E01003125,Lambeth 006E,54,76,100
E01003126,Lambeth 008D,44,51,69
E01003127,Lambeth 010E,50,92,64
E01003128,Lambeth 008E,44,72,81
E01003129,Lambeth 004E,40,60,51
E01003130,Lambeth 026A,55,116,53
E01003131,Lambeth 026B,45,132,51
E01003132,Lambeth 024A,43,68,67
E01003133,Lambeth 027C,43,111,65
E01003134,Lambeth 027D,43,115,48
E01003135,Lambeth 026C,50,77,45
E01003136,Lambeth 022A,40,83,67
E01003137,Lambeth 022B,51,53,99
E01003138,Lambeth 026D,35,114,23
E01003139,Lambeth 035A,40,115,37
E01003140,Lambeth 035B,52,95,29
E01003141,Lambeth 034B,79,135,70
E01003142,Lambeth 035C,48,86,31
E01003143,Lambeth 035D,44,71,68
E01003144,Lambeth 034C,43,121,14
E01003145,Lambeth 034D,62,106,57
E01003146,Lambeth 035E,34,87,42
E01003147,Lambeth 034E,63,137,56
E01003148,Lambeth 032E,46,144,62
E01003149,Lambeth 030D,59,125,40
E01003150,Lambeth 032F,79,98,82
E01003151,Lambeth 026E,97,82,115
E01003152,Lambeth 027E,46,135,44
E01003153,Lambeth 029D,46,97,35
E01003154,Lambeth 030E,73,135,127
E01003155,Lambeth 029E,59,149,34
E01003156,Lambeth 023B,45,114,45
E01003157,Lambeth 023C,35,170,39
E01003158,Lambeth 023D,50,138,23
E01003159,Lambeth 022C,58,67,43
E01003160,Lambeth 022D,25,52,59
E01003161,Lambeth 023E,54,82,33
E01003162,Lambeth 022E,48,98,74
E01003163,Lambeth 023F,50,111,42
E01003164,Lambeth 025A,58,119,103
E01003165,Lambeth 025B,91,127,63
E01003166,Lambeth 028D,50,151,100
E01003167,Lambeth 028E,62,200,38
E01003168,Lambeth 025C,54,60,109
E01003169,Lambeth 025D,50,171,85
E01003170,Lambeth 025E,143,200,26
E01003171,Lambeth 020B,44,81,48
E01003172,Lambeth 024B,52,110,98
E01003173,Lambeth 020C,52,86,32
E01003174,Lambeth 024C,43,87,147
E01003175,Lambeth 024D,42,83,82
E01003176,Lambeth 016E,63,86,102
E01003177,Lambeth 020D,25,63,45
E01003178,Lambeth 020E,37,85,20
E01003179,Lambeth 024E,42,74,119
E01003180,Lambeth 005D,38,78,38
E01003181,Lambeth 007A,61,53,59
E01003182,Lambeth 009D,49,85,81
E01003183,Lambeth 005E,56,60,77
E01003184,Lambeth 007B,32,68,95
E01003185,Lambeth 007C,63,58,74
E01003186,Lambeth 007D,52,79,78
E01003187,Lambeth 007E,51,118,86
E01003188,Lambeth 009E,49,44,57
E01003189,Lewisham 034A,57,104,80
E01003190,Lewisham 034B,58,137,198
E01003191,Lewisham 034C,69,109,99
E01003192,Lewisham 034D,63,105,104
E01003193,Lewisham 029A,72,160,67
E01003194,Lewisham 029B,87,94,88
E01003195,Lewisham 029C,66,124,58
E01003196,Lewisham 029D,74,98,81
E01003197,Lewisham 029E,66,79,90
E01003198,Lewisham 009A,66,120,51
E01003199,Lewisham 007A,65,159,52
E01003200,Lewisham 009B,59,113,22
E01003201,Lewisham 007B,47,103,55
E01003202,Lewisham 009C,115,115,30
E01003203,Lewisham 009D,72,124,88
E01003204,Lewisham 007C,51,80,91
E01003205,Lewisham 007D,42,87,72
E01003206,Lewisham 007E,33,103,32
E01003207,Lewisham 005A,72,95,99
E01003209,Lewisham 005B,39,84,98
E01003210,Lewisham 005C,35,114,48
E01003211,Lewisham 008B,30,94,43
E01003212,Lewisham 005D,79,120,54
E01003213,Lewisham 008C,46,148,66
E01003214,Lewisham 008D,43,107,76
E01003215,Lewisham 005E,39,67,49
E01003216,Lewisham 025A,25,115,52
E01003217,Lewisham 022A,55,154,44
E01003218,Lewisham 022B,47,144,43
E01003219,Lewisham 025B,112,130,47
E01003220,Lewisham 022C,46,106,46
E01003221,Lewisham 025C,50,157,68
E01003222,Lewisham 022D,50,113,52
E01003223,Lewisham 025D,51,96,31
E01003224,Lewisham 022E,47,156,52
E01003225,Lewisham 015A,48,194,25
E01003226,Lewisham 019A,38,165,40
E01003227,Lewisham 019B,63,177,24
E01003228,Lewisham 019C,44,161,38
E01003229,Lewisham 019D,75,100,101
E01003230,Lewisham 019E,55,158,98
E01003231,Lewisham 015B,53,121,47
E01003232,Lewisham 015C,58,176,23
E01003233,Lewisham 015D,49,156,65
E01003235,Lewisham 038A,42,102,45
E01003236,Lewisham 037A,52,121,91
E01003237,Lewisham 037B,48,137,76
E01003238,Lewisham 037C,39,122,99
E01003239,Lewisham 037D,42,120,89
E01003240,Lewisham 038B,61,140,99
E01003241,Lewisham 038C,165,91,42
E01003243,Lewisham 038D,70,97,76
E01003244,Lewisham 001A,27,119,118
E01003245,Lewisham 001B,27,136,115
E01003246,Lewisham 002A,27,91,118
E01003247,Lewisham 001C,36,79,35
E01003248,Lewisham 002B,29,76,103
E01003249,Lewisham 001D,50,108,87
E01003251,Lewisham 002C,36,89,122
E01003252,Lewisham 002D,50,69,111
E01003253,Lewisham 002E,62,70,57
E01003254,Lewisham 021A,69,121,41
E01003255,Lewisham 021B,51,131,77
E01003256,Lewisham 028A,73,158,97
E01003257,Lewisham 028B,53,127,59
E01003258,Lewisham 028C,29,83,115
E01003259,Lewisham 028D,53,158,65
E01003260,Lewisham 021C,41,167,38
E01003261,Lewisham 021D,52,131,43
E01003262,Lewisham 021E,46,120,54
E01003263,Lewisham 023A,71,137,96
E01003264,Lewisham 031A,135,105,62
E01003265,Lewisham 031B,44,108,98
E01003266,Lewisham 031C,96,111,80
E01003267,Lewisham 031D,70,126,69
E01003268,Lewisham 023B,74,141,83
E01003269,Lewisham 023C,54,118,59
E01003270,Lewisham 023D,54,118,38
E01003271,Lewisham 023E,73,134,32
E01003272,Lewisham 014A,36,149,48
E01003273,Lewisham 011A,46,113,44
E01003274,Lewisham 014B,43,128,63
E01003275,Lewisham 014C,62,104,55
E01003276,Lewisham 014D,30,183,51
E01003277,Lewisham 011B,43,105,47
E01003278,Lewisham 011C,51,119,75
E01003279,Lewisham 011D,65,119,39
E01003280,Lewisham 016A,58,141,75
E01003281,Lewisham 016B,59,166,38
E01003282,Lewisham 013A,88,157,56
E01003283,Lewisham 013B,79,252,35
E01003284,Lewisham 013C,52,167,60
E01003285,Lewisham 016C,85,154,61
E01003286,Lewisham 013D,95,159,98
E01003287,Lewisham 016D,62,245,44
E01003288,Lewisham 041A,122,103,91
E01003290,Lewisham 041E,56,92,87
E01003291,Lewisham 041D,68,78,104
E01003292,Lewisham 017A,45,127,69
E01003293,Lewisham 017B,40,81,61
E01003295,Lewisham 017D,26,123,72
E01003297,Lewisham 003A,23,110,53
E01003298,Lewisham 039A,28,51,85
E01003299,Lewisham 003B,30,86,71
E01003300,Lewisham 039B,35,64,75
E01003301,Lewisham 003C,29,109,69
E01003302,Lewisham 003D,60,84,108
E01003303,Lewisham 039C,41,64,72
E01003304,Lewisham 039D,38,94,83
E01003305,Lewisham 003E,43,131,101
E01003307,Lewisham 024A,56,147,46
E01003308,Lewisham 024B,56,148,68
E01003309,Lewisham 027A,78,103,93
E01003310,Lewisham 027B,50,100,58
E01003311,Lewisham 027C,47,145,29
E01003312,Lewisham 027D,116,142,58
E01003313,Lewisham 027E,33,115,103
E01003314,Lewisham 024C,41,174,70
E01003315,Lewisham 024D,40,84,55
E01003316,Lewisham 024E,43,136,33
E01003318,Lewisham 020B,31,110,112
E01003319,Lewisham 018A,81,91,93
E01003320,Lewisham 018B,42,84,78
E01003321,Lewisham 020C,53,106,79
E01003322,Lewisham 020D,46,98,44
E01003323,Lewisham 018C,50,83,64
E01003324,Lewisham 020E,58,118,118
E01003325,Lewisham 018D,77,97,144
E01003326,Lewisham 035A,86,116,73
E01003327,Lewisham 035B,66,133,48
E01003328,Lewisham 035C,103,105,79
E01003329,Lewisham 033A,57,147,70
E01003330,Lewisham 033B,74,125,117
E01003331,Lewisham 033C,91,104,54
E01003332,Lewisham 033D,81,117,59
E01003333,Lewisham 035D,48,123,60
E01003334,Lewisham 033E,73,85,80
E01003335,Lewisham 035E,49,93,99
E01003336,Lewisham 010A,50,99,85
E01003337,Lewisham 010B,33,73,103
E01003338,Lewisham 006A,64,82,109
E01003339,Lewisham 006B,41,95,53
E01003340,Lewisham 006C,31,90,32
E01003341,Lewisham 006D,32,92,29
E01003342,Lewisham 010C,28,142,56
E01003343,Lewisham 006E,39,100,55
E01003344,Lewisham 010D,39,116,44
E01003345,Lewisham 010E,28,156,59
E01003346,Lewisham 026A,61,84,75
E01003347,Lewisham 030A,42,113,178
E01003348,Lewisham 030B,69,117,73
E01003349,Lewisham 026B,37,127,94
E01003350,Lewisham 030C,39,67,62
E01003351,Lewisham 026C,68,104,83
E01003352,Lewisham 030D,85,146,141
E01003353,Lewisham 030E,71,150,41
E01003354,Lewisham 026D,58,117,108
E01003355,Merton 009A,56,137,21
E01003356,Merton 009B,63,202,28
E01003357,Merton 012A,59,135,103
E01003358,Merton 009C,64,166,28
E01003359,Merton 006A,108,145,34
E01003360,Merton 006B,44,174,24
E01003361,Merton 015A,58,152,38
E01003362,Merton 021A,60,129,24
E01003363,Merton 021B,74,182,22
E01003364,Merton 021C,99,184,11
E01003365,Merton 021D,60,133,7
E01003366,Merton 016A,58,139,31
E01003368,Merton 008A,42,108,24
E01003369,Merton 005B,48,111,31
E01003370,Merton 005C,45,129,51
E01003371,Merton 005D,51,94,14
E01003372,Merton 008B,43,103,60
E01003373,Merton 018A,30,82,101
E01003374,Merton 022A,70,127,74
E01003375,Merton 022B,139,165,31
E01003376,Merton 012B,57,95,47
E01003377,Merton 012C,28,96,83
E01003378,Merton 018B,47,192,65
E01003379,Merton 018C,78,151,86
E01003380,Merton 011A,71,216,15
E01003381,Merton 016B,96,158,18
E01003382,Merton 011B,70,206,31
E01003383,Merton 009D,40,175,24
E01003384,Merton 009E,41,171,34
E01003385,Merton 011C,33,235,12
E01003386,Merton 013A,57,198,68
E01003387,Merton 014A,72,150,80
E01003388,Merton 013B,87,113,45
E01003389,Merton 013C,59,119,42
E01003390,Merton 018D,36,136,105
E01003391,Merton 014B,36,82,90
E01003392,Merton 013D,43,112,30
E01003393,Merton 008C,35,124,40
E01003394,Merton 007A,49,115,34
E01003395,Merton 007B,40,105,19
E01003396,Merton 007C,53,105,17
E01003397,Merton 007D,47,95,31
E01003398,Merton 007E,51,121,29
E01003399,Merton 011D,66,117,29
E01003400,Merton 003A,50,132,19
E01003401,Merton 004A,104,134,21
E01003402,Merton 004B,98,149,23
E01003403,Merton 004C,99,118,10
E01003404,Merton 004D,160,143,30
E01003405,Merton 018E,59,193,66
E01003406,Merton 008D,19,110,44
E01003407,Merton 008E,41,150,59
E01003408,Merton 012D,63,163,46
E01003409,Merton 013E,57,108,41
E01003410,Merton 012E,29,124,53
E01003411,Merton 014C,45,198,66
E01003412,Merton 014D,44,108,81
E01003413,Merton 017A,54,153,63
E01003414,Merton 017B,61,105,36
E01003415,Merton 017C,57,184,52
E01003416,Merton 017D,58,98,18
E01003417,Merton 025A,83,143,35
E01003418,Merton 025B,65,128,25
E01003419,Merton 025C,60,176,42
E01003420,Merton 025D,35,155,19
E01003421,Merton 021E,67,137,31
E01003422,Merton 025E,70,118,26
E01003423,Merton 011E,71,185,16
E01003424,Merton 015B,84,173,14
E01003425,Merton 015C,55,156,13
E01003426,Merton 015D,61,140,23
E01003427,Merton 023A,62,170,40
E01003428,Merton 015E,97,166,25
E01003429,Merton 019A,49,114,36
E01003430,Merton 019B,29,90,97
E01003431,Merton 019C,40,104,81
E01003432,Merton 019D,39,112,86
E01003433,Merton 019E,63,99,58
E01003434,Merton 017E,40,103,24
E01003435,Merton 014E,49,164,77
E01003436,Merton 023B,57,142,46
E01003437,Merton 022C,96,141,36
E01003438,Merton 024A,76,139,59
E01003439,Merton 023C,37,107,64
E01003440,Merton 022D,56,115,66
E01003441,Merton 022E,47,137,59
E01003442,Merton 010A,97,172,25
E01003443,Merton 010B,82,215,29
E01003444,Merton 010C,74,177,27
E01003445,Merton 010D,57,192,35
E01003446,Merton 016C,63,163,48
E01003447,Merton 016D,59,113,86
E01003448,Merton 023D,57,188,61
E01003449,Merton 024B,75,139,39
E01003450,Merton 024C,61,160,54
E01003451,Merton 024D,59,159,33
E01003452,Merton 024E,104,171,64
E01003453,Merton 023E,63,143,50
E01003454,Merton 003B,74,126,20
E01003455,Merton 005E,38,144,34
E01003456,Merton 003C,45,131,21
E01003457,Merton 006C,46,236,22
E01003458,Merton 006D,47,186,32
E01003459,Merton 006E,69,150,90
E01003460,Merton 002A,127,100,23
E01003461,Merton 004E,71,105,22
E01003462,Merton 002B,83,149,19
E01003463,Merton 010E,59,161,30
E01003464,Merton 002C,80,133,12
E01003465,Merton 002D,50,118,15
E01003466,Merton 020A,71,179,18
E01003467,Merton 020B,80,189,35
E01003468,Merton 020C,69,205,18
E01003469,Merton 020D,33,153,41
E01003470,Merton 020E,55,193,31
E01003471,Merton 016E,71,168,28
E01003472,Merton 001A,39,204,15
E01003473,Merton 001B,43,155,23
E01003474,Merton 001C,32,163,15
E01003476,Merton 003D,37,133,32
E01003477,Merton 003E,50,182,30
E01003478,Merton 001E,38,234,28
E01003479,Newham 035A,36,129,70
E01003480,Newham 033A,48,114,54
E01003481,Newham 035B,46,91,45
E01003483,Newham 032A,58,95,60
E01003484,Newham 032B,21,128,56
E01003485,Newham 035C,40,118,54
E01003486,Newham 033C,65,48,55
E01003487,Newham 033D,18,86,41
E01003488,Newham 019A,54,124,78
E01003489,Newham 019B,33,258,64
E01003490,Newham 019C,22,177,53
E01003491,Newham 022A,97,108,32
E01003492,Newham 025A,33,148,33
E01003494,Newham 025C,25,198,39
E01003495,Newham 025D,45,206,39
E01003496,Newham 027A,34,64,52
E01003497,Newham 034A,49,93,63
E01003498,Newham 027B,36,123,65
E01003499,Newham 030A,90,145,128
E01003500,Newham 027C,57,108,80
E01003501,Newham 030B,46,171,83
E01003502,Newham 030C,45,144,101
E01003503,Newham 030D,42,137,88
E01003506,Newham 034D,40,80,55
E01003507,Newham 031A,67,140,66
E01003508,Newham 031B,38,135,113
E01003509,Newham 031C,63,121,154
E01003511,Newham 036A,38,131,66
E01003512,Newham 036B,61,112,84
E01003513,Newham 035D,22,128,63
E01003514,Newham 036C,29,104,88
E01003515,Newham 036D,65,102,100
E01003516,Newham 032C,46,107,108
E01003517,Newham 036E,34,107,121
E01003518,Newham 032D,24,134,56
E01003519,Newham 032E,29,70,39
E01003520,Newham 018A,52,132,28
E01003521,Newham 018B,33,161,37
E01003522,Newham 018C,32,160,34
E01003523,Newham 024A,54,150,58
E01003524,Newham 019D,37,157,41
E01003525,Newham 018D,37,157,32
E01003526,Newham 018E,31,111,32
E01003527,Newham 024B,37,152,36
E01003528,Newham 005A,27,100,56
E01003529,Newham 010A,21,143,26
E01003530,Newham 010B,29,117,21
E01003531,Newham 010C,31,120,42
E01003532,Newham 010D,38,95,20
E01003533,Newham 011A,34,148,34
E01003534,Newham 010E,33,166,50
E01003535,Newham 023A,33,145,78
E01003536,Newham 023B,27,182,67
E01003537,Newham 024C,39,199,50
E01003538,Newham 029A,50,154,78
E01003539,Newham 029B,39,188,61
E01003540,Newham 029C,33,139,72
E01003541,Newham 029D,27,154,65
E01003542,Newham 024D,44,182,73
E01003543,Newham 001A,42,179,61
E01003544,Newham 001B,32,135,43
E01003545,Newham 006A,40,97,62
E01003546,Newham 001C,31,112,67
E01003547,Newham 007A,50,135,36
E01003548,Newham 006B,87,123,48
E01003549,Newham 006C,42,156,70
E01003550,Newham 001D,39,132,46
E01003551,Newham 009A,52,106,57
E01003552,Newham 016A,37,108,37
E01003553,Newham 009B,48,158,68
E01003554,Newham 009C,51,83,29
E01003555,Newham 007B,32,83,18
E01003556,Newham 008A,34,163,69
E01003557,Newham 006D,25,118,59
E01003558,Newham 008B,28,131,47
E01003559,Newham 009D,46,136,61
E01003560,Newham 011B,29,106,29
E01003561,Newham 007C,29,111,25
E01003562,Newham 014A,29,132,22
E01003563,Newham 011C,21,165,41
E01003564,Newham 014B,26,175,44
E01003565,Newham 014C,22,159,23
E01003566,Newham 014D,43,159,27
E01003567,Newham 007D,20,141,44
E01003568,Newham 017A,33,111,29
E01003569,Newham 017B,21,122,33
E01003570,Newham 008C,22,141,28
E01003571,Newham 008D,31,122,35
E01003572,Newham 008E,20,95,24
E01003573,Newham 017C,28,125,39
E01003574,Newham 017D,71,179,44
E01003575,Newham 005B,28,138,32
E01003576,Newham 002A,57,161,68
E01003577,Newham 005C,63,251,99
E01003578,Newham 003A,24,203,63
E01003579,Newham 004A,31,141,38
E01003580,Newham 005D,41,181,74
E01003581,Newham 002B,19,128,44
E01003582,Newham 002C,29,116,55
E01003583,Newham 002D,23,172,65
E01003584,Newham 003B,47,117,41
E01003585,Newham 004B,14,88,25
E01003586,Newham 003C,20,127,37
E01003587,Newham 004C,65,222,99
E01003588,Newham 011D,23,111,21
E01003589,Newham 011E,30,142,29
E01003590,Newham 003D,52,108,108
E01003591,Newham 004D,51,172,66
E01003592,Newham 022B,41,117,54
E01003593,Newham 027D,36,90,52
E01003594,Newham 026A,24,121,47
E01003595,Newham 026B,86,100,46
E01003596,Newham 016B,44,139,39
E01003597,Newham 016C,33,87,29
E01003598,Newham 021A,37,119,93
E01003599,Newham 022C,44,109,44
E01003600,Newham 021B,48,91,54
E01003601,Newham 028A,42,155,67
E01003602,Newham 026C,26,144,48
E01003603,Newham 028B,32,171,56
E01003604,Newham 031D,46,186,91
E01003605,Newham 028C,52,159,62
E01003607,Newham 026D,22,157,61
E01003608,Newham 028D,29,172,62
E01003611,Newham 041C,56,157,123
E01003615,Newham 039A,70,106,45
E01003616,Newham 012A,47,124,45
E01003618,Newham 012C,62,119,54
E01003619,Newham 012D,89,140,176
E01003621,Newham 023C,18,134,28
E01003622,Newham 023D,25,154,59
E01003623,Newham 023E,27,134,48
E01003624,Newham 024E,24,134,35
E01003625,Newham 015A,21,132,35
E01003626,Newham 015B,21,128,19
E01003627,Newham 015C,29,108,15
E01003628,Newham 015D,11,126,17
E01003629,Newham 015E,22,136,37
E01003630,Newham 021C,59,111,49
E01003631,Newham 020A,36,94,58
E01003632,Newham 020B,41,120,50
E01003633,Newham 020C,48,124,82
E01003634,Newham 020D,42,105,49
E01003635,Newham 016D,41,88,24
E01003636,Newham 020E,43,118,105
E01003637,Newham 021D,40,89,33
E01003638,Redbridge 017A,109,165,19
E01003639,Redbridge 013A,103,224,50
E01003640,Redbridge 013B,51,178,37
E01003641,Redbridge 013C,39,136,31
E01003642,Redbridge 013D,43,139,36
E01003643,Redbridge 017B,104,201,29
E01003644,Redbridge 017C,43,135,23
E01003645,Redbridge 017D,41,325,59
E01003646,Redbridge 012A,70,137,21
E01003647,Redbridge 015A,37,166,44
E01003648,Redbridge 012B,88,107,20
E01003649,Redbridge 012C,50,130,29
E01003650,Redbridge 015B,71,148,36
E01003651,Redbridge 012D,72,103,13
E01003652,Redbridge 015C,40,134,19
E01003653,Redbridge 015D,40,159,95
E01003654,Redbridge 004A,52,157,44
E01003655,Redbridge 004B,69,135,19
E01003656,Redbridge 005A,89,121,52
E01003657,Redbridge 005B,104,171,55
E01003658,Redbridge 004C,86,121,71
E01003659,Redbridge 005C,54,182,50
E01003660,Redbridge 004D,60,193,24
E01003661,Redbridge 038A,60,208,57
E01003662,Redbridge 038C,50,199,51
E01003663,Redbridge 037A,123,177,30
E01003664,Redbridge 037B,41,195,34
E01003665,Redbridge 037E,46,154,22
E01003666,Redbridge 038B,56,290,183
E01003668,Redbridge 007A,103,127,36
E01003669,Redbridge 007B,48,161,36
E01003670,Redbridge 007C,61,142,32
E01003671,Redbridge 007D,60,187,14
E01003672,Redbridge 007E,101,152,58
E01003673,Redbridge 007F,70,214,33
E01003674,Redbridge 007G,99,228,75
E01003675,Redbridge 036A,33,105,24
E01003676,Redbridge 036B,36,128,29
E01003677,Redbridge 036C,46,127,15
E01003678,Redbridge 036D,21,125,24
E01003679,Redbridge 036E,33,141,15
E01003680,Redbridge 036F,36,129,19
E01003681,Redbridge 036G,107,135,76
E01003682,Redbridge 036H,31,144,15
E01003683,Redbridge 040C,34,180,42
E01003684,Redbridge 040E,30,146,33
E01003685,Redbridge 040D,27,132,27
E01003686,Redbridge 040A,40,125,37
E01003688,Redbridge 040B,21,113,66
E01003689,Redbridge 039C,77,196,35
E01003690,Redbridge 035A,61,201,44
E01003691,Redbridge 035B,32,109,27
E01003692,Redbridge 035C,35,133,23
E01003693,Redbridge 035D,22,100,12
E01003694,Redbridge 035E,58,86,24
E01003695,Redbridge 035F,34,106,27
E01003696,Redbridge 035G,54,113,22
E01003697,Redbridge 035H,35,134,19
E01003698,Redbridge 006A,51,142,27
E01003699,Redbridge 006B,90,129,34
E01003700,Redbridge 006C,108,204,41
E01003701,Redbridge 006D,63,172,50
E01003702,Redbridge 006E,103,208,66
E01003703,Redbridge 006F,82,192,103
E01003704,Redbridge 006G,86,164,51
E01003705,Redbridge 010A,67,224,59
E01003706,Redbridge 010B,72,146,64
E01003707,Redbridge 008A,44,121,27
E01003708,Redbridge 008B,56,176,83
E01003709,Redbridge 008C,63,156,25
E01003710,Redbridge 008D,83,89,13
E01003711,Redbridge 010C,76,169,43
E01003712,Redbridge 010D,88,94,49
E01003713,Redbridge 034A,32,115,20
E01003714,Redbridge 034B,47,216,32
E01003715,Redbridge 034C,33,146,33
E01003716,Redbridge 034D,65,116,24
E01003718,Redbridge 034E,26,224,66
E01003719,Redbridge 034F,44,193,63
E01003720,Redbridge 002A,133,129,60
E01003721,Redbridge 003A,80,138,84
E01003722,Redbridge 002B,62,216,69
E01003723,Redbridge 002C,75,148,64
E01003724,Redbridge 003B,41,134,29
E01003725,Redbridge 003C,57,134,95
E01003726,Redbridge 002D,43,260,70
E01003727,Redbridge 003D,62,124,59
E01003729,Redbridge 032B,40,138,33
E01003730,Redbridge 032C,13,139,33
E01003731,Redbridge 033A,29,107,37
E01003732,Redbridge 032D,14,179,113
E01003733,Redbridge 032E,24,137,40
E01003734,Redbridge 033B,32,126,38
E01003735,Redbridge 033C,86,145,104
E01003736,Redbridge 033D,15,143,43
E01003737,Redbridge 031A,63,142,41
E01003738,Redbridge 031B,53,182,33
E01003739,Redbridge 031C,62,192,43
E01003740,Redbridge 031D,49,151,27
E01003741,Redbridge 031E,96,149,72
E01003742,Redbridge 031F,35,195,36
E01003743,Redbridge 031G,36,134,39
E01003744,Redbridge 001A,111,131,20
E01003745,Redbridge 001B,41,135,13
E01003746,Redbridge 001C,122,143,22
E01003747,Redbridge 001D,66,147,9
E01003748,Redbridge 001E,71,151,17
E01003749,Redbridge 001F,83,140,60
E01003750,Redbridge 001G,197,157,42
E01003751,Redbridge 020A,44,166,45
E01003752,Redbridge 023A,43,227,32
E01003753,Redbridge 020B,49,203,37
E01003754,Redbridge 020C,75,104,25
E01003755,Redbridge 023B,30,215,43
E01003756,Redbridge 023C,51,199,71
E01003757,Redbridge 020D,41,159,49
E01003759,Redbridge 009A,62,176,12
E01003760,Redbridge 009B,45,158,53
E01003761,Redbridge 009C,47,150,128
E01003762,Redbridge 009D,64,184,39
E01003763,Redbridge 009E,73,186,34
E01003764,Redbridge 009F,82,215,60
E01003765,Redbridge 009G,43,194,55
E01003766,Redbridge 024A,41,207,27
E01003767,Redbridge 024B,54,186,79
E01003768,Redbridge 024C,47,150,57
E01003769,Redbridge 022A,26,163,51
E01003770,Redbridge 022B,37,260,65
E01003771,Redbridge 022C,35,133,43
E01003772,Redbridge 024D,31,150,29
E01003773,Redbridge 022D,46,173,29
E01003774,Redbridge 014A,108,213,42
E01003775,Redbridge 014B,75,121,33
E01003776,Redbridge 014C,247,95,48
E01003777,Redbridge 014D,103,134,25
E01003778,Redbridge 014E,133,167,32
E01003779,Redbridge 014F,142,139,38
E01003780,Redbridge 014G,44,134,14
E01003781,Redbridge 026A,28,173,53
E01003782,Redbridge 026B,27,157,39
E01003783,Redbridge 029A,83,234,94
E01003784,Redbridge 029B,25,140,37
E01003785,Redbridge 029C,32,163,55
E01003786,Redbridge 026C,22,146,19
E01003787,Redbridge 026D,39,129,24
E01003788,Redbridge 029D,32,186,63
E01003789,Redbridge 018A,72,113,25
E01003790,Redbridge 027A,65,156,24
E01003791,Redbridge 027B,59,138,18
E01003792,Redbridge 027C,43,146,17
E01003793,Redbridge 027D,120,135,64
E01003794,Redbridge 018B,98,176,28
E01003795,Redbridge 018C,42,136,12
E01003796,Redbridge 018D,65,156,28
E01003797,Richmond upon Thames 001A,82,165,19
E01003798,Richmond upon Thames 001B,112,119,33
E01003799,Richmond upon Thames 001C,70,166,19
E01003800,Richmond upon Thames 001D,81,136,42
E01003801,Richmond upon Thames 001E,74,124,17
E01003802,Richmond upon Thames 001F,96,146,29
E01003803,Richmond upon Thames 001G,72,121,58
E01003804,Richmond upon Thames 005A,83,241,40
E01003805,Richmond upon Thames 012A,64,233,12
E01003806,Richmond upon Thames 012B,52,175,15
E01003807,Richmond upon Thames 005B,96,208,36
E01003808,Richmond upon Thames 005C,117,250,34
E01003809,Richmond upon Thames 005D,74,198,20
E01003810,Richmond upon Thames 019A,52,189,35
E01003811,Richmond upon Thames 018A,65,256,51
E01003812,Richmond upon Thames 018B,60,219,38
E01003813,Richmond upon Thames 019B,83,180,25
E01003814,Richmond upon Thames 019C,102,150,29
E01003815,Richmond upon Thames 019D,165,184,67
E01003816,Richmond upon Thames 012C,83,210,31
E01003817,Richmond upon Thames 012D,168,193,45
E01003818,Richmond upon Thames 017A,111,177,52
E01003819,Richmond upon Thames 017B,98,146,75
E01003820,Richmond upon Thames 017C,92,217,76
E01003821,Richmond upon Thames 008A,92,191,33
E01003822,Richmond upon Thames 023A,48,149,14
E01003823,Richmond upon Thames 023B,125,108,20
E01003824,Richmond upon Thames 023C,80,200,27
E01003825,Richmond upon Thames 023D,65,228,23
E01003826,Richmond upon Thames 023E,110,147,68
E01003827,Richmond upon Thames 023F,121,197,55
E01003828,Richmond upon Thames 020A,86,152,32
E01003829,Richmond upon Thames 020B,113,133,65
E01003830,Richmond upon Thames 020C,87,192,43
E01003831,Richmond upon Thames 020D,95,168,55
E01003832,Richmond upon Thames 020E,105,93,61
E01003833,Richmond upon Thames 020F,91,114,49
E01003834,Richmond upon Thames 022A,82,115,43
E01003835,Richmond upon Thames 022B,40,218,24
E01003836,Richmond upon Thames 022C,121,133,39
E01003837,Richmond upon Thames 022D,118,206,52
E01003838,Richmond upon Thames 022E,79,196,36
E01003839,Richmond upon Thames 022F,114,225,77
E01003840,Richmond upon Thames 013A,50,166,26
E01003841,Richmond upon Thames 013B,84,189,100
E01003842,Richmond upon Thames 013C,57,164,52
E01003843,Richmond upon Thames 013D,99,161,73
E01003844,Richmond upon Thames 013E,71,133,24
E01003845,Richmond upon Thames 013F,95,156,15
E01003846,Richmond upon Thames 002A,67,194,16
E01003847,Richmond upon Thames 002B,132,138,20
E01003848,Richmond upon Thames 004A,70,205,40
E01003849,Richmond upon Thames 002C,87,157,20
E01003851,Richmond upon Thames 002D,92,168,14
E01003852,Richmond upon Thames 003A,112,116,20
E01003853,Richmond upon Thames 003B,100,135,32
E01003854,Richmond upon Thames 003C,78,131,33
E01003855,Richmond upon Thames 003D,105,143,89
E01003856,Richmond upon Thames 003E,71,186,56
E01003857,Richmond upon Thames 003F,89,256,38
E01003858,Richmond upon Thames 003G,78,230,25
E01003859,Richmond upon Thames 005E,72,214,29
E01003860,Richmond upon Thames 002E,64,157,19
E01003861,Richmond upon Thames 004C,91,199,34
E01003862,Richmond upon Thames 004D,87,182,82
E01003863,Richmond upon Thames 004E,138,153,31
E01003864,Richmond upon Thames 002F,91,160,22
E01003865,Richmond upon Thames 004F,60,140,46
E01003866,Richmond upon Thames 007A,60,239,19
E01003867,Richmond upon Thames 011A,53,167,27
E01003868,Richmond upon Thames 007B,60,183,22
E01003869,Richmond upon Thames 011B,79,172,39
E01003870,Richmond upon Thames 011C,62,267,31
E01003871,Richmond upon Thames 007C,59,207,49
E01003872,Richmond upon Thames 007D,57,155,31
E01003873,Richmond upon Thames 006A,122,142,28
E01003874,Richmond upon Thames 006B,93,154,21
E01003875,Richmond upon Thames 006C,86,200,32
E01003876,Richmond upon Thames 008B,122,131,24
E01003877,Richmond upon Thames 008C,120,164,15
E01003878,Richmond upon Thames 006D,103,107,30
E01003879,Richmond upon Thames 008D,63,163,26
E01003880,Richmond upon Thames 016A,45,184,22
E01003881,Richmond upon Thames 016B,70,109,14
E01003882,Richmond upon Thames 014A,101,237,25
E01003883,Richmond upon Thames 014B,93,261,54
E01003884,Richmond upon Thames 016C,119,173,32
E01003885,Richmond upon Thames 016D,73,154,36
E01003886,Richmond upon Thames 021A,59,181,31
E01003887,Richmond upon Thames 021B,107,188,26
E01003888,Richmond upon Thames 021C,158,177,57
E01003889,Richmond upon Thames 021D,107,156,22
E01003890,Richmond upon Thames 018C,79,197,26
E01003891,Richmond upon Thames 018D,150,150,32
E01003892,Richmond upon Thames 009A,134,235,36
E01003893,Richmond upon Thames 009B,104,142,19
E01003894,Richmond upon Thames 009C,84,171,19
E01003895,Richmond upon Thames 009D,76,185,54
E01003896,Richmond upon Thames 014C,93,149,38
E01003897,Richmond upon Thames 014D,93,195,36
E01003898,Richmond upon Thames 015A,69,177,50
E01003899,Richmond upon Thames 015B,66,181,48
E01003900,Richmond upon Thames 015C,76,158,41
E01003901,Richmond upon Thames 015D,54,255,31
E01003902,Richmond upon Thames 015E,66,184,24
E01003903,Richmond upon Thames 015F,46,178,50
E01003904,Richmond upon Thames 015G,74,213,42
E01003905,Richmond upon Thames 010A,72,113,29
E01003906,Richmond upon Thames 010B,83,160,37
E01003907,Richmond upon Thames 010C,77,138,52
E01003908,Richmond upon Thames 010D,93,165,18
E01003909,Richmond upon Thames 010E,85,150,33
E01003910,Richmond upon Thames 011D,111,189,21
E01003911,Southwark 020A,42,90,111
E01003912,Southwark 019A,30,101,160
E01003913,Southwark 024A,59,114,77
E01003914,Southwark 024B,62,105,40
E01003915,Southwark 024C,52,75,74
E01003916,Southwark 020B,50,104,74
E01003917,Southwark 020C,100,75,79
E01003918,Southwark 020D,105,52,75
E01003919,Southwark 021A,56,71,38
E01003920,Southwark 021B,61,93,129
E01003921,Southwark 021C,55,79,90
E01003922,Southwark 021D,68,99,144
E01003923,Southwark 017A,61,61,57
E01003924,Southwark 021E,104,98,136
E01003925,Southwark 020E,63,114,86
E01003926,Southwark 021F,62,62,68
E01003929,Southwark 002B,64,64,49
E01003930,Southwark 034A,47,75,84
E01003932,Southwark 034B,32,48,94
E01003933,Southwark 034C,50,64,56
E01003934,Southwark 002C,116,54,33
E01003935,Southwark 002D,53,49,24
E01003936,Southwark 009A,39,75,11
E01003937,Southwark 009B,31,46,29
E01003938,Southwark 006A,39,62,75
E01003939,Southwark 002E,25,55,50
E01003940,Southwark 006B,49,56,85
E01003941,Southwark 006C,48,86,63
E01003942,Southwark 006D,50,87,87
E01003943,Southwark 009C,41,76,61
E01003945,Southwark 033A,70,158,65
E01003946,Southwark 033B,99,171,60
E01003947,Southwark 033C,41,89,149
E01003948,Southwark 033D,71,138,83
E01003949,Southwark 032A,63,150,57
E01003950,Southwark 032B,60,128,96
E01003951,Southwark 033E,73,111,35
E01003952,Southwark 030A,48,144,41
E01003953,Southwark 028A,72,149,28
E01003954,Southwark 030B,50,174,25
E01003955,Southwark 028B,76,176,33
E01003956,Southwark 030C,50,197,30
E01003957,Southwark 032C,42,194,30
E01003958,Southwark 032D,55,158,44
E01003960,Southwark 012A,51,67,60
E01003961,Southwark 012B,120,97,119
E01003963,Southwark 016A,43,77,100
E01003966,Southwark 015B,74,88,82
E01003969,Southwark 017B,71,86,71
E01003971,Southwark 015D,30,66,124
E01003972,Southwark 016D,36,67,106
E01003973,Southwark 016E,62,77,88
E01003975,Southwark 004A,39,83,110
E01003976,Southwark 036D,63,101,123
E01003977,Southwark 010A,68,94,81
E01003979,Southwark 006E,45,76,66
E01003980,Southwark 013A,84,80,79
E01003981,Southwark 006F,69,48,49
E01003983,Southwark 018A,31,95,145
E01003984,Southwark 023A,106,107,83
E01003986,Southwark 011A,91,81,92
E01003987,Southwark 011B,93,79,100
E01003988,Southwark 018B,118,66,112
E01003989,Southwark 018C,43,117,116
E01003990,Southwark 018D,60,112,123
E01003991,Southwark 017C,104,53,48
E01003992,Southwark 014A,105,83,95
E01003993,Southwark 017D,56,86,135
E01003994,Southwark 012E,61,64,62
E01003995,Southwark 014B,75,55,69
E01003997,Southwark 017E,36,44,60
E01003998,Southwark 014D,55,61,48
E01003999,Southwark 014E,41,77,77
E01004000,Southwark 026A,74,121,76
E01004001,Southwark 026B,96,98,73
E01004002,Southwark 029A,55,181,42
E01004003,Southwark 023B,72,88,86
E01004004,Southwark 023C,84,121,141
E01004005,Southwark 023D,78,83,139
E01004006,Southwark 023E,58,129,63
E01004007,Southwark 018E,41,64,101
E01004008,Southwark 022B,53,99,114
E01004010,Southwark 022D,44,80,81
E01004011,Southwark 019B,61,84,114
E01004012,Southwark 019C,37,103,102
E01004013,Southwark 019D,33,61,76
E01004014,Southwark 019E,59,116,125
E01004015,Southwark 028C,49,124,54
E01004016,Southwark 029B,73,237,76
E01004017,Southwark 029C,40,156,50
E01004018,Southwark 032E,57,200,46
E01004019,Southwark 026C,52,145,76
E01004020,Southwark 029D,73,105,134
E01004021,Southwark 028D,60,157,52
E01004023,Southwark 004D,75,76,57
E01004024,Southwark 011C,80,75,105
E01004028,Southwark 004E,58,136,115
E01004029,Southwark 001A,26,122,61
E01004030,Southwark 007A,64,60,58
E01004031,Southwark 007B,65,107,64
E01004032,Southwark 001B,26,100,13
E01004033,Southwark 007C,82,104,105
E01004034,Southwark 007D,39,74,101
E01004035,Southwark 011D,78,69,46
E01004036,Southwark 007E,57,106,134
E01004037,Southwark 010B,38,136,95
E01004038,Southwark 010C,25,125,121
E01004039,Southwark 013B,18,88,53
E01004040,Southwark 013C,89,76,142
E01004041,Southwark 013D,54,113,59
E01004042,Southwark 010D,86,71,87
E01004043,Southwark 010E,52,69,31
E01004044,Southwark 013E,35,65,83
E01004045,Southwark 027A,35,99,114
E01004046,Southwark 028E,35,139,27
E01004047,Southwark 027B,52,78,70
E01004048,Southwark 027C,40,144,65
E01004049,Southwark 027D,29,92,73
E01004050,Southwark 024D,37,83,26
E01004051,Southwark 027E,66,95,31
E01004052,Southwark 024E,54,128,41
E01004053,Southwark 001C,43,125,25
E01004054,Southwark 001D,33,99,27
E01004055,Southwark 001E,69,72,53
E01004056,Southwark 008A,58,141,43
E01004057,Southwark 008B,48,182,65
E01004058,Southwark 008C,28,81,15
E01004059,Southwark 008D,19,108,46
E01004060,Southwark 008E,56,80,81
E01004061,Southwark 025A,53,115,40
E01004062,Southwark 025B,61,113,107
E01004063,Southwark 025C,94,134,44
E01004064,Southwark 026D,77,102,88
E01004065,Southwark 025D,37,120,17
E01004066,Southwark 025E,48,129,101
E01004067,Southwark 022E,48,108,108
E01004068,Southwark 026E,129,80,74
E01004069,Southwark 031A,54,147,15
E01004070,Southwark 031B,67,213,51
E01004071,Southwark 030D,64,127,47
E01004072,Southwark 030E,50,184,30
E01004073,Southwark 031C,61,223,38
E01004074,Southwark 031D,73,178,30
E01004075,Southwark 031E,63,214,36
E01004076,Sutton 011A,86,139,44
E01004077,Sutton 011B,74,156,41
E01004078,Sutton 011C,48,175,77
E01004079,Sutton 011D,39,135,14
E01004080,Sutton 011E,76,114,12
E01004081,Sutton 011F,56,184,53
E01004082,Sutton 011G,51,135,20
E01004083,Sutton 019A,77,87,96
E01004084,Sutton 024A,59,110,8
E01004085,Sutton 024B,69,126,15
E01004086,Sutton 019B,53,202,61
E01004087,Sutton 017A,56,129,16
E01004088,Sutton 019C,72,106,130
E01004089,Sutton 019D,52,98,100
E01004090,Sutton 021A,86,106,76
E01004091,Sutton 022A,60,118,15
E01004092,Sutton 022B,68,142,18
E01004093,Sutton 025A,68,203,33
E01004094,Sutton 025B,91,205,50
E01004095,Sutton 025C,77,152,22
E01004096,Sutton 021B,79,130,53
E01004097,Sutton 015A,72,180,29
E01004098,Sutton 015B,58,133,23
E01004099,Sutton 015C,111,138,77
E01004100,Sutton 015D,62,179,37
E01004101,Sutton 013A,80,140,24
E01004102,Sutton 015E,69,173,25
E01004103,Sutton 013B,81,187,44
E01004104,Sutton 020A,59,176,19
E01004105,Sutton 022C,60,214,42
E01004106,Sutton 022D,40,164,12
E01004107,Sutton 020B,64,167,53
E01004108,Sutton 024C,66,219,34
E01004109,Sutton 024D,65,155,63
E01004110,Sutton 016A,106,164,68
E01004111,Sutton 016B,151,174,27
E01004112,Sutton 016C,103,171,19
E01004114,Sutton 025D,47,141,9
E01004115,Sutton 009A,83,204,29
E01004116,Sutton 008A,146,140,20
E01004117,Sutton 006A,47,147,13
E01004118,Sutton 009B,102,169,46
E01004119,Sutton 009C,40,153,23
E01004120,Sutton 016D,72,145,9
E01004121,Sutton 006B,84,170,26
E01004122,Sutton 008B,83,141,10
E01004123,Sutton 002A,50,198,85
E01004124,Sutton 002B,50,175,67
E01004125,Sutton 001A,82,129,66
E01004126,Sutton 002C,43,145,70
E01004127,Sutton 005A,61,178,58
E01004128,Sutton 002D,44,103,59
E01004129,Sutton 002E,95,152,78
E01004130,Sutton 003A,94,157,30
E01004131,Sutton 003B,65,202,44
E01004132,Sutton 009D,52,173,25
E01004133,Sutton 009E,55,179,19
E01004134,Sutton 003C,53,133,33
E01004135,Sutton 003D,63,139,12
E01004136,Sutton 003E,57,137,23
E01004137,Sutton 012A,81,256,72
E01004138,Sutton 013C,61,191,70
E01004139,Sutton 013D,62,141,48
E01004140,Sutton 012B,85,160,81
E01004141,Sutton 012C,115,160,102
E01004143,Sutton 014A,82,165,31
E01004144,Sutton 007A,69,168,22
E01004145,Sutton 007B,89,255,49
E01004146,Sutton 007C,92,202,43
E01004147,Sutton 007D,89,139,26
E01004148,Sutton 014B,98,201,90
E01004149,Sutton 012E,119,166,55
E01004150,Sutton 021C,238,168,58
E01004151,Sutton 021D,77,181,56
E01004152,Sutton 018A,160,162,55
E01004153,Sutton 021E,118,233,43
E01004154,Sutton 022E,75,153,17
E01004155,Sutton 018B,95,199,62
E01004156,Sutton 018C,119,216,57
E01004157,Sutton 016E,47,132,13
E01004158,Sutton 018D,106,125,34
E01004159,Sutton 014C,71,164,43
E01004160,Sutton 014D,53,165,45
E01004161,Sutton 014E,63,167,45
E01004162,Sutton 018E,90,170,56
E01004163,Sutton 005B,65,166,42
E01004164,Sutton 004A,80,132,33
E01004165,Sutton 005C,64,141,78
E01004166,Sutton 004B,87,159,36
E01004167,Sutton 005D,79,134,85
E01004168,Sutton 013E,74,159,30
E01004169,Sutton 004C,40,226,89
E01004170,Sutton 017B,83,216,69
E01004171,Sutton 010A,66,165,22
E01004172,Sutton 010B,87,194,113
E01004173,Sutton 010C,81,119,35
E01004174,Sutton 017C,76,153,48
E01004175,Sutton 010D,72,165,47
E01004176,Sutton 010E,54,158,35
E01004177,Sutton 020C,286,133,75
E01004178,Sutton 017D,144,235,98
E01004179,Sutton 017E,60,169,19
E01004180,Sutton 020D,76,148,17
E01004181,Sutton 020E,144,148,66
E01004182,Sutton 019E,61,173,103
E01004183,Sutton 001B,63,147,66
E01004184,Sutton 001C,49,174,89
E01004185,Sutton 001D,31,189,115
E01004186,Sutton 004D,51,178,62
E01004187,Sutton 005E,78,147,48
E01004189,Sutton 001E,82,170,87
E01004190,Sutton 008C,53,131,8
E01004191,Sutton 008D,87,197,47
E01004192,Sutton 006C,60,206,52
E01004193,Sutton 006D,80,348,96
E01004194,Sutton 008E,91,146,53
E01004195,Sutton 006E,97,153,51
E01004196,Sutton 008F,75,164,24
E01004198,Tower Hamlets 002B,73,78,48
E01004199,Tower Hamlets 002C,45,104,45
E01004200,Tower Hamlets 005A,15,68,15
E01004201,Tower Hamlets 002D,53,93,46
E01004202,Tower Hamlets 005B,35,138,36
E01004203,Tower Hamlets 005C,42,90,32
E01004204,Tower Hamlets 005D,58,125,41
E01004205,Tower Hamlets 013A,31,164,48
E01004206,Tower Hamlets 013B,23,92,33
E01004207,Tower Hamlets 011A,39,78,69
E01004208,Tower Hamlets 013C,22,64,41
E01004209,Tower Hamlets 011B,19,125,41
E01004211,Tower Hamlets 013D,32,65,34
E01004212,Tower Hamlets 011D,31,134,36
E01004214,Tower Hamlets 030A,58,122,70
E01004216,Tower Hamlets 030B,63,152,42
E01004217,Tower Hamlets 030C,68,149,55
E01004218,Tower Hamlets 030D,55,158,40
E01004219,Tower Hamlets 035B,20,192,91
E01004221,Tower Hamlets 036A,47,133,56
E01004222,Tower Hamlets 001A,129,161,88
E01004223,Tower Hamlets 001B,128,157,78
E01004226,Tower Hamlets 001D,39,177,89
E01004228,Tower Hamlets 003A,58,118,46
E01004229,Tower Hamlets 004C,29,85,27
E01004230,Tower Hamlets 003B,71,145,54
E01004231,Tower Hamlets 004D,51,101,44
E01004232,Tower Hamlets 003C,41,110,21
E01004233,Tower Hamlets 003D,107,115,62
E01004234,Tower Hamlets 003E,49,167,47
E01004235,Tower Hamlets 008A,34,122,52
E01004236,Tower Hamlets 008B,25,132,42
E01004237,Tower Hamlets 008C,33,125,65
E01004239,Tower Hamlets 008E,40,99,54
E01004240,Tower Hamlets 012A,32,133,61
E01004241,Tower Hamlets 012B,34,141,69
E01004243,Tower Hamlets 020A,25,109,34
E01004244,Tower Hamlets 020B,72,120,56
E01004245,Tower Hamlets 018A,26,204,112
E01004247,Tower Hamlets 020C,45,187,84
E01004248,Tower Hamlets 018C,36,148,97
E01004249,Tower Hamlets 018D,41,185,101
E01004251,Tower Hamlets 023A,51,210,81
E01004255,Tower Hamlets 023C,34,102,36
E01004256,Tower Hamlets 024C,52,132,43
E01004257,Tower Hamlets 024D,32,184,95
E01004258,Tower Hamlets 023D,57,94,21
E01004259,Tower Hamlets 007A,44,105,40
E01004260,Tower Hamlets 007B,36,148,42
E01004263,Tower Hamlets 007C,45,90,44
E01004264,Tower Hamlets 010C,31,115,37
E01004266,Tower Hamlets 007D,55,82,42
E01004267,Tower Hamlets 012D,35,130,67
E01004268,Tower Hamlets 012E,40,116,62
E01004270,Tower Hamlets 014B,21,127,44
E01004271,Tower Hamlets 014C,36,215,73
E01004272,Tower Hamlets 014D,34,233,72
E01004274,Tower Hamlets 031A,25,115,44
E01004275,Tower Hamlets 031B,38,228,93
E01004276,Tower Hamlets 031C,25,184,29
E01004277,Tower Hamlets 033A,14,85,21
E01004280,Tower Hamlets 032A,46,140,61
E01004281,Tower Hamlets 031D,17,134,38
E01004283,Tower Hamlets 016A,47,140,46
E01004286,Tower Hamlets 019C,53,149,68
E01004287,Tower Hamlets 016B,147,193,53
E01004288,Tower Hamlets 019D,32,127,104
E01004289,Tower Hamlets 016C,61,122,31
E01004290,Tower Hamlets 016D,63,124,46
E01004291,Tower Hamlets 027A,66,113,27
E01004292,Tower Hamlets 026A,36,111,8
E01004293,Tower Hamlets 027B,74,105,18
E01004295,Tower Hamlets 026C,38,177,58
E01004296,Tower Hamlets 026D,59,150,57
E01004297,Tower Hamlets 027C,44,99,19
E01004298,Tower Hamlets 022A,44,75,41
E01004300,Tower Hamlets 022B,55,106,52
E01004301,Tower Hamlets 025B,25,98,23
E01004302,Tower Hamlets 025C,7,144,49
E01004303,Tower Hamlets 025D,67,219,79
E01004304,Tower Hamlets 022C,47,132,37
E01004305,Tower Hamlets 022D,73,140,40
E01004306,Tower Hamlets 015A,35,79,21
E01004307,Tower Hamlets 015B,29,55,23
E01004308,Tower Hamlets 015C,25,88,23
E01004309,Tower Hamlets 015D,37,153,40
E01004310,Tower Hamlets 015E,30,92,38
E01004311,Tower Hamlets 006A,74,118,54
E01004312,Tower Hamlets 009A,28,101,46
E01004313,Tower Hamlets 009B,40,157,84
E01004315,Tower Hamlets 006C,68,99,24
E01004316,Tower Hamlets 009C,17,66,22
E01004319,Tower Hamlets 021A,23,158,45
E01004321,Tower Hamlets 021C,56,127,47
E01004322,Tower Hamlets 017A,44,89,25
E01004323,Tower Hamlets 017B,24,89,33
E01004324,Tower Hamlets 017C,31,105,31
E01004326,Tower Hamlets 017D,38,136,57
E01004327,Waltham Forest 028A,62,76,31
E01004328,Waltham Forest 028B,35,136,59
E01004329,Waltham Forest 028C,41,128,54
E01004330,Waltham Forest 028D,52,142,32
E01004331,Waltham Forest 028E,39,124,62
E01004332,Waltham Forest 028F,28,121,54
E01004333,Waltham Forest 024A,38,156,69
E01004334,Waltham Forest 024B,70,93,93
E01004335,Waltham Forest 027A,33,93,95
E01004336,Waltham Forest 026A,77,74,30
E01004337,Waltham Forest 027B,63,114,53
E01004338,Waltham Forest 027C,33,93,36
E01004339,Waltham Forest 027D,35,167,41
E01004340,Waltham Forest 027E,58,95,97
E01004341,Waltham Forest 027F,66,80,76
E01004342,Waltham Forest 011A,42,176,70
E01004343,Waltham Forest 008A,50,158,43
E01004344,Waltham Forest 008B,44,169,79
E01004345,Waltham Forest 010A,45,154,41
E01004346,Waltham Forest 011B,41,179,52
E01004347,Waltham Forest 011C,64,234,70
E01004348,Waltham Forest 010B,56,230,123
E01004349,Waltham Forest 001A,58,130,48
E01004350,Waltham Forest 001B,309,121,55
E01004351,Waltham Forest 001C,85,143,28
E01004352,Waltham Forest 002A,130,135,24
E01004353,Waltham Forest 002B,125,143,37
E01004354,Waltham Forest 002C,70,191,53
E01004355,Waltham Forest 004A,79,139,87
E01004356,Waltham Forest 001D,65,126,46
E01004357,Waltham Forest 001E,72,116,39
E01004358,Waltham Forest 002D,139,161,64
E01004359,Waltham Forest 002E,65,154,30
E01004360,Waltham Forest 004B,59,106,21
E01004361,Waltham Forest 005A,61,120,18
E01004362,Waltham Forest 021A,57,145,39
E01004363,Waltham Forest 019A,44,134,33
E01004364,Waltham Forest 019B,37,143,63
E01004365,Waltham Forest 020A,40,130,81
E01004366,Waltham Forest 019C,63,144,19
E01004367,Waltham Forest 019D,39,128,28
E01004368,Waltham Forest 019E,48,143,40
E01004369,Waltham Forest 023A,23,139,40
E01004370,Waltham Forest 023B,42,174,48
E01004371,Waltham Forest 025A,36,114,44
E01004372,Waltham Forest 023C,41,128,30
E01004373,Waltham Forest 025B,39,134,41
E01004374,Waltham Forest 025C,41,145,30
E01004375,Waltham Forest 025D,35,131,37
E01004376,Waltham Forest 025E,39,86,34
E01004377,Waltham Forest 010C,53,163,47
E01004378,Waltham Forest 010D,47,160,47
E01004379,Waltham Forest 007A,45,192,35
E01004380,Waltham Forest 007B,54,158,55
E01004381,Waltham Forest 007C,41,181,57
E01004382,Waltham Forest 008C,38,138,102
E01004383,Waltham Forest 007D,51,175,35
E01004384,Waltham Forest 003A,85,150,101
E01004385,Waltham Forest 003B,96,127,66
E01004386,Waltham Forest 003C,92,149,16
E01004387,Waltham Forest 007E,49,146,17
E01004388,Waltham Forest 007F,60,138,59
E01004389,Waltham Forest 003D,83,124,54
E01004390,Waltham Forest 003E,84,127,59
E01004391,Waltham Forest 014A,52,146,95
E01004392,Waltham Forest 017A,41,192,74
E01004393,Waltham Forest 014B,93,92,82
E01004394,Waltham Forest 017B,53,120,75
E01004395,Waltham Forest 018A,40,161,24
E01004396,Waltham Forest 012A,50,156,37
E01004397,Waltham Forest 017C,50,179,80
E01004398,Waltham Forest 009A,69,117,76
E01004399,Waltham Forest 009B,39,121,82
E01004400,Waltham Forest 009C,42,166,50
E01004401,Waltham Forest 014C,55,221,70
E01004402,Waltham Forest 009D,60,153,63
E01004403,Waltham Forest 009E,45,235,93
E01004404,Waltham Forest 014D,59,227,173
E01004405,Waltham Forest 020B,32,146,44
E01004406,Waltham Forest 016A,40,123,48
E01004407,Waltham Forest 013A,47,88,88
E01004408,Waltham Forest 016B,50,135,61
E01004409,Waltham Forest 016C,81,108,88
E01004410,Waltham Forest 013B,117,133,71
E01004411,Waltham Forest 016D,31,195,35
E01004412,Waltham Forest 015A,50,162,41
E01004413,Waltham Forest 004C,154,91,56
E01004414,Waltham Forest 005B,75,139,51
E01004415,Waltham Forest 004D,106,103,35
E01004416,Waltham Forest 004E,69,164,43
E01004417,Waltham Forest 005C,98,150,41
E01004418,Waltham Forest 008D,55,149,67
E01004419,Waltham Forest 008E,48,232,93
E01004420,Waltham Forest 020C,43,115,55
E01004421,Waltham Forest 018B,38,127,14
E01004422,Waltham Forest 022A,37,187,81
E01004423,Waltham Forest 020D,64,134,79
E01004424,Waltham Forest 022B,33,116,64
E01004425,Waltham Forest 022C,39,164,99
E01004426,Waltham Forest 022D,41,113,34
E01004427,Waltham Forest 022E,45,160,73
E01004428,Waltham Forest 026B,48,130,102
E01004429,Waltham Forest 026C,37,103,83
E01004430,Waltham Forest 026D,61,139,60
E01004432,Waltham Forest 023D,53,160,47
E01004434,Waltham Forest 026E,75,157,88
E01004435,Waltham Forest 023E,56,154,70
E01004436,Waltham Forest 021B,37,103,32
E01004437,Waltham Forest 021C,68,126,56
E01004438,Waltham Forest 024C,37,123,39
E01004439,Waltham Forest 021D,46,107,45
E01004440,Waltham Forest 024D,45,132,75
E01004441,Waltham Forest 024E,54,115,33
E01004442,Waltham Forest 021E,37,116,30
E01004443,Waltham Forest 016E,31,143,56
E01004444,Waltham Forest 017D,51,158,104
E01004445,Waltham Forest 018C,44,143,39
E01004446,Waltham Forest 017E,49,197,55
E01004447,Waltham Forest 016F,39,155,27
E01004448,Waltham Forest 018D,33,156,74
E01004449,Waltham Forest 018E,54,104,82
E01004450,Waltham Forest 006A,75,156,31
E01004451,Waltham Forest 005D,66,128,49
E01004452,Waltham Forest 005E,123,158,58
E01004453,Waltham Forest 006B,52,127,58
E01004454,Waltham Forest 006C,83,160,80
E01004455,Waltham Forest 006D,58,130,56
E01004456,Waltham Forest 006E,47,76,83
E01004457,Waltham Forest 012B,36,151,50
E01004458,Waltham Forest 012C,41,152,58
E01004459,Waltham Forest 012D,37,125,84
E01004460,Waltham Forest 011D,45,144,57
E01004462,Waltham Forest 011E,68,220,43
E01004463,Waltham Forest 012E,51,172,113
E01004464,Waltham Forest 013C,28,131,106
E01004465,Waltham Forest 015B,39,160,34
E01004466,Waltham Forest 015C,56,177,35
E01004467,Waltham Forest 015D,60,182,116
E01004468,Waltham Forest 015E,48,165,36
E01004469,Waltham Forest 013D,47,148,108
E01004470,Waltham Forest 013E,52,152,63
E01004471,Waltham Forest 013F,42,147,84
E01004472,Wandsworth 021A,64,129,23
E01004473,Wandsworth 026A,56,132,15
E01004474,Wandsworth 021B,42,84,46
E01004475,Wandsworth 026B,40,103,31
E01004476,Wandsworth 021C,65,82,31
E01004477,Wandsworth 017A,64,176,17
E01004478,Wandsworth 017B,32,207,14
E01004479,Wandsworth 017C,46,141,18
E01004480,Wandsworth 026C,31,90,19
E01004481,Wandsworth 029A,50,71,24
E01004482,Wandsworth 030A,45,79,28
E01004483,Wandsworth 026D,62,133,54
E01004484,Wandsworth 026E,36,84,26
E01004485,Wandsworth 030B,88,89,36
E01004486,Wandsworth 026F,75,63,21
E01004487,Wandsworth 030C,36,88,22
E01004488,Wandsworth 029B,41,114,16
E01004489,Wandsworth 030D,35,106,41
E01004490,Wandsworth 031A,39,177,19
E01004491,Wandsworth 031B,46,128,56
E01004492,Wandsworth 031C,43,149,40
E01004493,Wandsworth 019A,54,145,39
E01004494,Wandsworth 018A,44,118,55
E01004495,Wandsworth 024A,33,87,50
E01004496,Wandsworth 024B,63,117,26
E01004497,Wandsworth 024C,47,183,25
E01004498,Wandsworth 031D,39,149,29
E01004499,Wandsworth 020A,53,104,29
E01004500,Wandsworth 014A,124,96,28
E01004501,Wandsworth 014B,84,88,39
E01004502,Wandsworth 020B,50,146,17
E01004503,Wandsworth 014C,60,101,30
E01004504,Wandsworth 020C,51,165,18
E01004505,Wandsworth 014D,102,118,28
E01004506,Wandsworth 011A,109,129,22
E01004507,Wandsworth 014E,88,183,53
E01004508,Wandsworth 012A,57,82,23
E01004510,Wandsworth 012B,45,105,25
E01004511,Wandsworth 010B,36,122,29
E01004512,Wandsworth 019B,39,134,20
E01004513,Wandsworth 018B,63,109,73
E01004514,Wandsworth 012C,56,144,26
E01004515,Wandsworth 012D,48,63,30
E01004516,Wandsworth 036A,40,149,24
E01004517,Wandsworth 037A,37,170,57
E01004518,Wandsworth 036B,55,158,48
E01004519,Wandsworth 036C,51,140,35
E01004520,Wandsworth 036D,42,97,41
E01004521,Wandsworth 037B,47,168,64
E01004522,Wandsworth 037C,40,115,58
E01004523,Wandsworth 036E,126,102,42
E01004524,Wandsworth 037D,125,84,110
E01004525,Wandsworth 035A,42,98,63
E01004526,Wandsworth 035B,47,106,50
E01004527,Wandsworth 035C,66,113,25
E01004528,Wandsworth 035D,67,101,64
E01004529,Wandsworth 035E,52,140,61
E01004530,Wandsworth 035F,58,104,25
E01004531,Wandsworth 033A,49,116,82
E01004532,Wandsworth 032A,57,112,44
E01004533,Wandsworth 033B,38,78,78
E01004534,Wandsworth 008A,68,130,31
E01004535,Wandsworth 007A,39,91,171
E01004536,Wandsworth 008B,60,98,102
E01004537,Wandsworth 007B,78,84,112
E01004538,Wandsworth 007C,103,123,91
E01004539,Wandsworth 003A,50,133,135
E01004540,Wandsworth 003B,89,120,78
E01004541,Wandsworth 007D,112,72,85
E01004542,Wandsworth 021D,46,157,21
E01004543,Wandsworth 027A,43,130,23
E01004544,Wandsworth 021E,30,142,13
E01004545,Wandsworth 027B,72,80,15
E01004546,Wandsworth 027C,31,115,16
E01004547,Wandsworth 029C,48,91,29
E01004548,Wandsworth 029D,94,91,69
E01004549,Wandsworth 027D,48,115,18
E01004550,Wandsworth 017D,61,96,67
E01004551,Wandsworth 012E,45,54,30
E01004552,Wandsworth 008C,29,93,14
E01004553,Wandsworth 015A,55,126,28
E01004554,Wandsworth 009A,33,174,21
E01004555,Wandsworth 017E,39,232,18
E01004556,Wandsworth 009B,36,234,26
E01004557,Wandsworth 015B,45,211,27
E01004558,Wandsworth 015C,36,226,38
E01004559,Wandsworth 015D,32,175,19
E01004560,Wandsworth 001A,67,113,72
E01004563,Wandsworth 039E,46,85,135
E01004564,Wandsworth 039D,49,75,41
E01004565,Wandsworth 005A,59,73,41
E01004566,Wandsworth 001B,96,82,26
E01004567,Wandsworth 039A,52,117,139
E01004568,Wandsworth 013A,40,97,97
E01004569,Wandsworth 023A,69,122,84
E01004570,Wandsworth 023B,117,139,99
E01004571,Wandsworth 023C,72,97,76
E01004572,Wandsworth 016A,69,125,56
E01004573,Wandsworth 023D,56,115,63
E01004574,Wandsworth 013B,42,127,167
E01004575,Wandsworth 013C,141,81,73
E01004576,Wandsworth 013D,65,115,79
E01004577,Wandsworth 003C,105,133,34
E01004579,Wandsworth 004B,81,116,50
E01004580,Wandsworth 004C,51,114,50
E01004581,Wandsworth 004D,99,95,31
E01004582,Wandsworth 001C,157,127,34
E01004583,Wandsworth 001D,136,74,48
E01004584,Wandsworth 003D,28,76,131
E01004585,Wandsworth 008D,68,94,35
E01004586,Wandsworth 009C,44,100,21
E01004587,Wandsworth 009D,48,154,18
E01004588,Wandsworth 008E,47,119,14
E01004589,Wandsworth 009E,28,155,26
E01004590,Wandsworth 005B,96,105,60
E01004591,Wandsworth 005C,66,102,52
E01004592,Wandsworth 005D,90,95,65
E01004593,Wandsworth 025A,75,185,37
E01004594,Wandsworth 020D,55,182,31
E01004595,Wandsworth 025B,69,165,30
E01004596,Wandsworth 020E,66,198,15
E01004597,Wandsworth 025C,78,194,45
E01004598,Wandsworth 025D,36,204,25
E01004599,Wandsworth 025E,45,217,12
E01004601,Wandsworth 018D,96,172,45
E01004602,Wandsworth 010C,41,119,23
E01004604,Wandsworth 006A,51,181,18
E01004605,Wandsworth 006B,121,158,46
E01004606,Wandsworth 006C,47,140,21
E01004607,Wandsworth 006D,62,143,19
E01004608,Wandsworth 006E,103,93,31
E01004609,Wandsworth 010E,82,126,21
E01004610,Wandsworth 033C,44,95,26
E01004611,Wandsworth 032B,37,98,26
E01004612,Wandsworth 032C,35,77,22
E01004613,Wandsworth 033D,88,111,71
E01004614,Wandsworth 034A,65,115,45
E01004615,Wandsworth 034B,67,79,100
E01004616,Wandsworth 034C,32,84,33
E01004617,Wandsworth 034D,43,66,53
E01004618,Wandsworth 032D,49,112,15
E01004619,Wandsworth 015E,25,138,22
E01004620,Wandsworth 019C,50,156,23
E01004621,Wandsworth 019D,52,138,26
E01004622,Wandsworth 024D,42,60,41
E01004623,Wandsworth 019E,48,172,33
E01004624,Wandsworth 024E,41,140,39
E01004625,Wandsworth 027E,58,154,10
E01004626,Wandsworth 027F,69,198,31
E01004627,Wandsworth 019F,36,170,22
E01004628,Wandsworth 022A,62,163,66
E01004629,Wandsworth 020F,66,136,26
E01004630,Wandsworth 022B,82,122,102
E01004631,Wandsworth 022C,54,145,62
E01004632,Wandsworth 028A,51,136,25
E01004633,Wandsworth 022D,61,111,87
E01004634,Wandsworth 028B,74,109,46
E01004635,Wandsworth 028C,77,133,36
E01004636,Wandsworth 028D,55,118,45
E01004637,Wandsworth 028E,47,105,34
E01004638,Wandsworth 011B,51,138,15
E01004639,Wandsworth 011C,86,136,28
E01004640,Wandsworth 011D,77,139,11
E01004641,Wandsworth 011E,124,139,55
E01004642,Wandsworth 016B,102,171,52
E01004643,Wandsworth 016C,100,190,90
E01004644,Wandsworth 016D,131,218,47
E01004645,Wandsworth 016E,95,139,99
E01004646,Westminster 002A,64,151,32
E01004647,Westminster 001A,81,118,16
E01004648,Westminster 002B,97,171,40
E01004649,Westminster 001B,64,138,22
E01004650,Westminster 002C,108,159,24
E01004651,Westminster 003A,109,125,13
E01004652,Westminster 017A,68,70,21
E01004653,Westminster 014A,94,114,30
E01004654,Westminster 014B,98,119,24
E01004656,Westminster 014D,109,94,49
E01004657,Westminster 012A,59,67,9
E01004658,Westminster 012B,46,57,13
E01004659,Westminster 008A,68,55,29
E01004660,Westminster 008B,54,108,25
E01004661,Westminster 012C,46,71,22
E01004662,Westminster 012D,80,56,18
E01004663,Westminster 012E,79,76,17
E01004665,Westminster 024A,68,88,62
E01004668,Westminster 023D,65,97,35
E01004669,Westminster 024B,85,84,63
E01004670,Westminster 009A,129,98,117
E01004674,Westminster 005A,95,96,68
E01004675,Westminster 005B,139,117,97
E01004676,Westminster 006A,44,83,51
E01004677,Westminster 005C,62,71,78
E01004678,Westminster 005D,76,100,92
E01004679,Westminster 005E,69,96,97
E01004680,Westminster 015A,71,64,9
E01004681,Westminster 016A,63,76,33
E01004682,Westminster 016B,48,43,18
E01004683,Westminster 015B,55,88,11
E01004684,Westminster 015C,39,64,26
E01004686,Westminster 015E,89,58,25
E01004687,Westminster 019A,76,74,20
E01004690,Westminster 019D,36,61,14
E01004691,Westminster 019E,64,41,19
E01004692,Westminster 019F,54,57,15
E01004693,Westminster 017B,58,85,21
E01004694,Westminster 016C,47,50,20
E01004695,Westminster 017C,58,32,9
E01004696,Westminster 017D,92,62,54
E01004697,Westminster 016D,56,78,21
E01004698,Westminster 017E,46,74,12
E01004699,Westminster 017F,61,87,28
E01004700,Westminster 016E,49,75,20
E01004701,Westminster 007A,100,120,22
E01004702,Westminster 009E,116,143,103
E01004703,Westminster 007B,87,205,30
E01004705,Westminster 007D,52,116,16
E01004706,Westminster 006B,61,109,25
E01004707,Westminster 006C,52,152,26
E01004708,Westminster 006D,67,96,34
E01004709,Westminster 007E,63,113,34
E01004710,Westminster 002D,72,133,72
E01004711,Westminster 002E,74,136,105
E01004712,Westminster 008C,73,80,12
E01004713,Westminster 011A,95,79,16
E01004714,Westminster 011B,54,103,16
E01004715,Westminster 013A,92,51,43
E01004716,Westminster 011C,60,68,16
E01004717,Westminster 011D,66,56,10
E01004718,Westminster 004A,57,95,56
E01004719,Westminster 004B,72,104,78
E01004720,Westminster 004C,66,136,73
E01004721,Westminster 004D,101,91,114
E01004722,Westminster 004E,52,156,111
E01004723,Westminster 005F,68,120,98
E01004724,Westminster 001C,72,102,34
E01004725,Westminster 003B,51,67,47
E01004726,Westminster 003C,80,118,18
E01004727,Westminster 008D,62,95,15
E01004728,Westminster 003D,122,73,32
E01004729,Westminster 003E,182,83,31
E01004730,Westminster 001D,108,98,25
E01004731,Westminster 020A,54,110,32
E01004732,Westminster 020B,95,51,60
E01004733,Westminster 020C,71,78,31
E01004734,Westminster 018A,121,35,19
E01004735,Westminster 018B,115,85,32
E01004736,Westminster 018C,52,37,5
E01004737,Westminster 024C,88,86,50
E01004740,Westminster 021A,159,67,34
E01004741,Westminster 024F,87,62,31
E01004742,Westminster 022A,43,50,14
E01004743,Westminster 021B,47,80,44
E01004744,Westminster 020D,117,87,35
E01004746,Westminster 021D,101,55,50
E01004747,Westminster 021E,129,93,53
E01004748,Westminster 020E,63,59,14
E01004749,Westminster 022B,88,99,58
E01004750,Westminster 023E,153,55,51
E01004751,Westminster 022C,64,66,18
E01004752,Westminster 022D,75,65,22
E01004753,Westminster 022E,107,63,26
E01004754,Westminster 010A,78,120,77
E01004755,Westminster 010B,50,134,70
E01004756,Westminster 006E,53,77,57
E01004757,Westminster 010C,52,100,72
E01004760,Westminster 014E,75,91,45
E01004761,Westminster 018D,70,37,23
E01004762,Westminster 011E,93,54,30
E01004763,Westminster 013B,57,47,22
E01004765,Westminster 013D,80,64,24
E01032512,Westminster 010F,64,135,161
E01032513,Westminster 010G,62,74,68
E01032562,Bromley 040D,56,117,109
E01032563,Bromley 040E,85,114,17
E01032564,Lewisham 037E,33,78,94
E01032565,Lewisham 038E,87,101,74
E01032566,Bexley 029D,81,154,58
E01032567,Greenwich 033D,65,86,51
E01032568,Bromley 041E,83,115,57
E01032569,Croydon 045E,45,115,137
E01032570,Bromley 042D,137,133,60
E01032572,Ealing 040D,71,127,29
E01032573,Hounslow 029E,111,129,35
E01032574,Enfield 037E,64,141,99
E01032575,Haringey 037D,46,102,122
E01032576,Harrow 032E,37,142,17
E01032577,Hillingdon 033E,54,196,35
E01032579,Lewisham 039E,54,111,94
E01032580,Barking and Dagenham 023F,25,141,51
E01032581,Redbridge 034G,65,174,86
E01032582,Lambeth 036E,72,69,71
E01032583,Southwark 034D,44,79,98
E01032584,Southwark 034E,43,60,40
E01032623,Sutton 025E,68,156,7
E01032637,Southwark 035E,8,24,3
E01032638,Southwark 035D,26,46,9
E01032639,Southwark 014F,45,54,52
E01032640,Southwark 035B,18,37,6
E01032646,Southwark 036B,37,54,33
E01032719,Southwark 014G,46,45,65
E01032739,City of London 001F,17,28,7
E01032740,City of London 001G,42,28,8
E01032741,Havering 013E,54,114,47
E01032742,Havering 013F,137,145,59
E01032743,Ealing 010F,17,244,128
E01032744,Ealing 010G,35,134,43
E01032764,Tower Hamlets 004E,36,117,67
E01032765,Tower Hamlets 004F,35,78,73
E01032767,Tower Hamlets 021F,12,35,10
E01032768,Tower Hamlets 025E,16,72,15
E01032769,Tower Hamlets 025F,18,82,17
E01032770,Tower Hamlets 032B,34,103,43
E01032771,Tower Hamlets 033B,19,80,24
E01032772,Tower Hamlets 032C,29,132,72
E01032774,Tower Hamlets 032E,21,118,75
E01032775,Tower Hamlets 031F,15,122,13
E01032776,Tower Hamlets 034D,4,109,34
E01032777,Tower Hamlets 035A,7,80,38
E01032779,Tower Hamlets 035C,3,93,40
E01032780,Tower Hamlets 035D,9,111,37
E01032781,Tower Hamlets 033C,13,117,29
E01032782,Tower Hamlets 033D,14,107,61
E01032783,Tower Hamlets 031G,45,78,38
E01032784,Tower Hamlets 004G,45,86,42
E01032785,Tower Hamlets 010E,9,197,94
E01032786,Tower Hamlets 010F,46,144,48
E01032787,Tower Hamlets 011F,34,193,55
E01032788,Hammersmith and Fulham 023D,34,104,68
E01032789,Hammersmith and Fulham 023E,10,83,70
E01032790,Hammersmith and Fulham 023F,41,88,55
E01032803,Southwark 036C,21,55,40
E01032834,Southwark 035C,23,27,6
E01033000,Hounslow 025F,40,132,107
E01033030,Hounslow 025G,9,274,48
E01033081,Hounslow 031D,81,128,53
E01033082,Hounslow 031C,142,71,48
E01033083,Hounslow 018F,11,325,32
E01033084,Hounslow 018G,28,171,109
E01033086,Haringey 020F,43,75,59
E01033098,Wandsworth 038C,21,108,31
E01033099,Wandsworth 004E,39,75,83
E01033100,Wandsworth 039B,73,63,46
E01033132,Wandsworth 038D,29,103,49
E01033133,Wandsworth 004G,29,52,31
E01033135,Wandsworth 010G,25,117,12
E01033146,Enfield 025F,34,102,99
E01033148,Enfield 003F,36,125,145
E01033150,Enfield 003G,18,111,198
E01033151,Enfield 025G,41,98,104
E01033208,Lambeth 004G,21,73,51
E01033320,Lewisham 017E,45,115,53
E01033322,Lewisham 017F,17,87,52
E01033324,Lewisham 008E,63,89,49
E01033325,Lewisham 008F,3,82,33
E01033327,Lewisham 041B,44,107,57
E01033341,Lewisham 041C,32,67,73
E01033455,Brent 031G,31,83,69
E01033456,Brent 027F,78,136,146
E01033457,Brent 035A,38,131,24
E01033463,Brent 003G,84,139,26
E01033485,Brent 031H,49,75,91
E01033486,Islington 011E,25,55,46
E01033487,Islington 011F,7,61,33
E01033488,Islington 011G,47,54,55
E01033489,Islington 022G,25,50,18
E01033490,Islington 022H,43,44,44
E01033491,Islington 011H,51,88,55
E01033493,Islington 006F,20,74,8
E01033494,Islington 006G,45,143,18
E01033569,Kingston upon Thames 004G,40,175,52
E01033570,Richmond upon Thames 004G,46,202,73
E01033571,Richmond upon Thames 004H,67,138,33
E01033579,Newham 040C,13,86,34
E01033580,Newham 042A,11,118,21
E01033581,Newham 041A,48,142,105
E01033582,Newham 041B,15,110,38
E01033584,Newham 034I,32,106,72
E01033586,Newham 040D,35,125,61
E01033587,Barking and Dagenham 021E,22,220,172
E01033589,Redbridge 039B,5,320,31
E01033590,Redbridge 037C,11,124,102
E01033591,Redbridge 039A,76,331,72
E01033592,Redbridge 037D,44,177,54
E01033593,Westminster 015F,22,96,79
E01033594,Westminster 015G,114,50,27
E01033597,Westminster 023F,65,55,28
E01033598,Westminster 009F,78,47,60
E01033599,Westminster 023G,20,69,91
E01033601,Westminster 009G,88,86,54
E01033602,Westminster 009H,84,86,76
E01033603,Westminster 009I,37,62,36
E01033604,Westminster 009J,39,65,51
E01033605,Westminster 009K,93,80,72
E01033699,Hackney 030A,20,51,26
E01033700,Hackney 030B,39,92,50
E01033702,Hackney 028C,23,118,81
E01033703,Hackney 010F,52,48,36
E01033704,Hackney 023F,17,111,71
E01033705,Hackney 028D,32,78,72
E01033706,Hackney 033B,11,40,29
E01033708,Hackney 033C,10,31,22
E01033709,Hackney 032B,29,97,57
E01033710,Hackney 028E,16,59,80
E01033711,Hackney 032C,25,39,25
E01033712,Hackney 023G,46,87,69
E01033713,Hackney 010G,27,65,42
E01033727,Greenwich 035B,39,127,95
E01033728,Greenwich 035C,28,101,38
E01033729,Greenwich 030E,101,138,81
E01033732,Greenwich 041E,8,77,45
E01033734,Greenwich 039B,10,94,51
E01033735,Greenwich 042D,46,101,48
E01033736,Greenwich 039A,11,125,25
E01033737,Greenwich 042B,36,114,98
E01033738,Greenwich 037D,48,156,43
E01033739,Greenwich 002E,10,144,94
E01033740,Greenwich 002F,10,138,79
E01033741,Greenwich 002G,9,133,88
E01033742,Greenwich 007F,23,100,55
E01033743,Greenwich 002H,47,155,122
E01033744,Greenwich 007G,30,118,86
E01033745,Greenwich 002I,20,165,99
E01033746,Greenwich 038E,141,118,29
E01033784,Havering 007F,86,145,52
E01033785,Havering 007G,17,148,38
E01033786,Havering 017G,9,137,64
E01033787,Havering 017H,4,119,78
E01033788,Havering 017I,34,113,45
E01033789,Bexley 008H,21,200,70
E01033790,Bexley 008I,66,97,58
E01033791,Bexley 019G,60,107,79
E01033792,Bexley 019H,76,132,35
E01033862,Lambeth 003F,42,36,21
E01033863,Lambeth 003G,58,49,61
E01033864,Lambeth 004H,99,42,40
E01033865,Lambeth 004I,13,36,19
E01033866,Lambeth 004J,4,31,23
E01033867,Southwark 002F,47,50,41
E01033868,Southwark 002G,16,30,22
E01033869,Southwark 004F,71,64,99
E01033870,Southwark 004G,25,62,69
E01033871,Southwark 004H,56,71,60
E01033872,Southwark 004I,38,66,44
E01033873,Southwark 009G,24,76,84
E01033874,Southwark 009H,1,17,22
E01033875,Southwark 012G,61,48,72
E01033876,Southwark 012H,15,36,31
E01033877,Southwark 012I,42,57,57
E01033878,Southwark 015F,29,61,69
E01033879,Southwark 015G,54,115,165
E01033880,Southwark 015H,18,67,26
E01033881,Southwark 016F,67,87,95
E01033882,Southwark 022G,42,58,45
E01033883,Southwark 022H,33,78,78
E01033884,Southwark 035A,17,38,25
E01033885,Southwark 036A,39,56,54
E01033911,Barnet 017E,56,171,39
E01033912,Barnet 017F,16,215,49
E01033913,Barnet 024G,51,118,123
E01033914,Barnet 024H,40,124,105
E01033915,Barnet 042A,3,135,123
E01033916,Barnet 042B,39,129,76
E01033917,Barnet 042C,10,125,50
E01033918,Barnet 042D,14,100,32
E01033919,Barnet 042E,5,92,31
E01033920,Barnet 042F,16,138,18
E01033921,Barnet 043A,8,150,70
E01033922,Barnet 043B,9,144,39
E01033923,Barnet 043C,40,136,58
E01033924,Barnet 043D,28,100,59
E01033925,Barnet 043E,48,135,33
E01033926,Enfield 014E,51,174,192
E01033927,Enfield 020F,68,135,79
E01033928,Enfield 020G,51,113,51
E01033929,Brent 002F,3,125,73
E01033930,Brent 002G,44,79,80
E01033931,Brent 009F,45,116,48
E01033932,Brent 009G,37,74,51
E01033933,Brent 010G,41,83,32
E01033934,Brent 010H,32,111,37
E01033935,Brent 020F,28,109,44
E01033936,Brent 020G,20,94,38
E01033937,Brent 027G,43,49,52
E01033938,Brent 027H,36,75,63
E01033939,Brent 027I,7,194,88
E01033940,Brent 035B,2,111,51
E01033941,Brent 035C,25,147,67
E01033942,Brent 035D,3,59,52
E01033943,Haringey 015E,22,89,51
E01033944,Haringey 015F,12,127,120
E01033945,Haringey 020G,34,70,53
E01033946,Haringey 020H,10,85,57
E01034026,Ealing 015F,14,58,30
E01034027,Ealing 015G,49,108,92
E01034028,Ealing 019F,31,63,54
E01034029,Ealing 019G,48,125,51
E01034030,Ealing 042A,83,115,31
E01034031,Ealing 042B,46,158,14
E01034032,Hounslow 006G,67,123,72
E01034033,Hounslow 006H,38,149,43
E01034034,Hounslow 014F,25,211,56
E01034035,Hounslow 014G,90,173,35
E01034036,Hounslow 015F,15,195,73
E01034037,Hounslow 015G,48,156,85
E01034038,Hounslow 017F,16,215,50
E01034039,Hounslow 017G,33,192,61
E01034040,Hounslow 018H,31,139,42
E01034041,Hounslow 018I,30,106,27
E01034042,Hounslow 030A,30,78,101
E01034043,Hounslow 030B,40,108,65
E01034044,Hounslow 030C,28,97,51
E01034045,Hounslow 031A,19,150,69
E01034046,Hounslow 031B,95,128,98
E01034139,Croydon 015F,37,120,85
E01034140,Croydon 015G,11,106,65
E01034141,Croydon 020F,16,143,43
E01034142,Croydon 020G,47,131,61
E01034143,Croydon 020H,4,95,43
E01034144,Croydon 024F,36,110,57
E01034145,Croydon 024G,38,84,81
E01034146,Croydon 024H,17,145,93
E01034147,Croydon 046A,3,47,27
E01034148,Croydon 046B,10,84,35
E01034149,Croydon 046C,126,133,72
E01034150,Croydon 046D,20,97,74
E01034151,Croydon 046E,7,59,54
E01034152,Croydon 047B,28,123,107
E01034153,Sutton 004F,45,127,57
E01034154,Sutton 004G,15,187,44
E01034155,Sutton 012F,89,196,121
E01034156,Sutton 012G,42,122,50
E01034173,Greenwich 005F,39,104,91
E01034174,Greenwich 034F,114,123,17
E01034175,Greenwich 034G,5,97,19
E01034176,Greenwich 034H,43,123,70
E01034177,Greenwich 034I,37,126,74
E01034178,Greenwich 035E,20,93,91
E01034179,Greenwich 035F,21,52,73
E01034180,Greenwich 035G,29,73,110
E01034181,Greenwich 035H,6,92,57
E01034182,Greenwich 035I,31,75,58
E01034183,Greenwich 037E,28,120,70
E01034184,Greenwich 037F,6,120,51
E01034185,Greenwich 037G,41,101,18
E01034186,Greenwich 039C,22,68,16
E01034187,Greenwich 039D,62,54,31
E01034188,Greenwich 040A,0,90,45
E01034189,Greenwich 040B,2,125,35
E01034190,Greenwich 040C,84,93,91
E01034191,Greenwich 040D,16,118,65
E01034192,Greenwich 040E,119,149,79
E01034193,Greenwich 041A,3,81,81
E01034194,Greenwich 041B,7,85,39
E01034195,Greenwich 041C,3,72,79
E01034196,Greenwich 041D,7,104,32
E01034198,Greenwich 042C,64,164,86
E01034199,Newham 012E,55,85,99
E01034200,Newham 012F,12,70,24
E01034201,Newham 022E,12,108,48
E01034202,Newham 022F,36,107,42
E01034203,Newham 025E,30,108,30
E01034204,Newham 025F,26,162,39
E01034205,Newham 033E,24,140,61
E01034206,Newham 033F,3,129,71
E01034207,Newham 033G,5,141,39
E01034208,Newham 034J,63,120,80
E01034209,Newham 034K,4,82,22
E01034210,Newham 034L,41,99,24
E01034211,Newham 034M,3,62,7
E01034212,Newham 034N,27,138,23
E01034213,Newham 038A,4,167,60
E01034214,Newham 038B,2,70,27
E01034215,Newham 038C,4,74,56
E01034216,Newham 038D,0,94,60
E01034217,Newham 038E,3,80,40
E01034218,Newham 039B,28,115,50
E01034219,Newham 039C,5,91,50
E01034220,Newham 039D,5,27,5
E01034221,Newham 039E,21,76,56
E01034222,Newham 040A,9,67,56
E01034223,Newham 040B,13,65,43
E01034224,Newham 041D,32,111,82
E01034225,Newham 042B,25,108,69
E01034226,Newham 042C,5,106,47
E01034227,Newham 042D,1,165,107
E01034228,Newham 042E,4,111,12
E01034229,Newham 042F,6,90,38
E01034230,Newham 042G,2,54,4
E01034231,Newham 042H,1,105,12
E01034383,Bromley 005F,32,67,85
E01034384,Bromley 005G,16,90,97
E01034385,Bromley 018F,78,140,22
E01034386,Bromley 018G,25,101,38
E01034387,Lewisham 001F,45,79,14
E01034388,Lewisham 001G,27,60,24
E01034389,Lewisham 001H,23,84,69
E01034390,Lewisham 020F,15,95,82
E01034391,Lewisham 020G,33,167,45
E01034392,Lewisham 040A,31,86,73
E01034393,Lewisham 040B,6,47,10
E01034394,Lewisham 040C,4,62,12
E01034395,Lewisham 040D,17,90,153
E01034469,Barking and Dagenham 004F,25,242,57
E01034470,Barking and Dagenham 004G,30,126,52
E01034471,Barking and Dagenham 008G,37,226,107
E01034472,Barking and Dagenham 008H,14,181,124
E01034473,Barking and Dagenham 015E,9,130,23
E01034474,Barking and Dagenham 015F,14,277,84
E01034475,Barking and Dagenham 019F,68,132,64
E01034476,Barking and Dagenham 019G,9,171,88
E01034477,Barking and Dagenham 019H,3,187,93
E01034478,Barking and Dagenham 019I,0,152,31
E01034479,Barking and Dagenham 021G,35,198,160
E01034480,Redbridge 023E,9,162,60
E01034481,Redbridge 023F,20,142,50
E01034482,Redbridge 032F,2,153,44
E01034483,Redbridge 032G,6,157,113
E01034484,Redbridge 032H,50,139,46
E01034485,Waltham Forest 014F,51,145,36
E01034486,Waltham Forest 014G,3,59,24
E01034487,Waltham Forest 020H,22,91,51
E01034488,Waltham Forest 020I,41,117,117
E01034576,Kingston upon Thames 004H,35,131,33
E01034577,Kingston upon Thames 004I,26,126,68
E01034578,Merton 001F,32,93,69
E01034579,Merton 001G,30,131,86
E01034580,Merton 005F,21,84,19
E01034581,Merton 005G,22,109,35
E01034589,Harrow 002F,50,155,33
E01034590,Harrow 002G,28,150,32
E01034591,Harrow 013F,28,95,48
E01034592,Harrow 013G,37,86,31
E01034593,Harrow 015E,67,140,35
E01034594,Harrow 015F,20,205,24
E01034595,Harrow 023E,51,160,29
E01034596,Harrow 023F,24,160,37
E01034597,Harrow 023G,93,130,37
E01034598,Harrow 023H,7,123,20
E01034599,Harrow 027E,50,131,41
E01034600,Harrow 027F,57,204,69
E01034601,Hillingdon 015G,76,150,58
E01034602,Hillingdon 015H,40,127,40
E01034603,Hillingdon 015I,7,191,23
E01034604,Hillingdon 015J,72,88,42
E01034605,Hillingdon 015K,24,185,36
E01034606,Hillingdon 016G,45,90,24
E01034607,Hillingdon 016H,54,127,55
E01034608,Hillingdon 022G,30,228,118
E01034609,Hillingdon 022H,34,196,93
E01034610,Hillingdon 027G,32,147,65
E01034611,Hillingdon 027H,32,119,47
E01034612,Hillingdon 027I,44,139,49
E01034613,Hillingdon 027J,5,78,28
E01034614,Hillingdon 028F,18,235,96
E01034615,Hillingdon 028G,36,242,65
E01034616,Hillingdon 030F,14,125,39
E01034617,Hillingdon 030G,31,167,64
E01035484,Hammersmith and Fulham 001F,77,64,49
E01035485,Hammersmith and Fulham 001G,24,30,24
E01035486,Hammersmith and Fulham 023G,38,120,71
E01035487,Hammersmith and Fulham 023H,98,73,56
E01035488,Wandsworth 004H,48,82,19
E01035489,Wandsworth 004I,20,86,31
E01035490,Wandsworth 010H,47,118,37
E01035491,Wandsworth 010I,27,67,17
E01035492,Wandsworth 010J,17,135,30
E01035493,Wandsworth 010K,54,79,55
E01035494,Wandsworth 018E,15,72,25
E01035495,Wandsworth 018F,26,55,112
E01035496,Wandsworth 038A,25,37,23
E01035497,Wandsworth 038B,5,69,120
E01035498,Wandsworth 038E,2,82,6
E01035499,Wandsworth 039C,63,57,75
E01035638,Hackney 002G,58,79,89
E01035639,Hackney 002H,44,86,85
E01035640,Hackney 020F,44,72,49
E01035641,Hackney 020G,13,47,41
E01035642,Hackney 025G,22,104,73
E01035643,Hackney 025H,57,99,69
E01035644,Hackney 025I,18,43,24
E01035645,Hackney 025J,58,49,78
E01035646,Hackney 026E,53,63,51
E01035647,Hackney 026F,11,56,13
E01035648,Hackney 026G,36,72,83
E01035649,Hackney 026H,16,68,70
E01035650,Hackney 031C,83,76,64
E01035651,Islington 007E,37,79,57
E01035652,Islington 007F,35,46,31
E01035653,Islington 011J,9,91,18
E01035654,Islington 011K,24,90,69
E01035655,Islington 020F,59,104,56
E01035656,Islington 020G,11,69,63
E01035657,Tower Hamlets 001E,3,42,15
E01035658,Tower Hamlets 001F,0,87,28
E01035659,Tower Hamlets 001G,43,97,49
E01035660,Tower Hamlets 002E,23,83,32
E01035661,Tower Hamlets 002F,23,83,33
E01035662,Tower Hamlets 004H,10,28,10
E01035663,Tower Hamlets 004I,24,97,72
E01035664,Tower Hamlets 006E,87,160,70
E01035665,Tower Hamlets 008F,1,76,40
E01035666,Tower Hamlets 008G,15,104,64
E01035667,Tower Hamlets 008H,12,150,70
E01035668,Tower Hamlets 009E,15,87,36
E01035669,Tower Hamlets 009F,5,62,30
E01035670,Tower Hamlets 010G,52,153,54
E01035671,Tower Hamlets 012F,4,151,59
E01035672,Tower Hamlets 012G,28,267,100
E01035673,Tower Hamlets 012H,6,85,26
E01035674,Tower Hamlets 014F,22,93,51
E01035675,Tower Hamlets 014G,46,136,36
E01035676,Tower Hamlets 014H,24,109,44
E01035677,Tower Hamlets 014I,7,119,51
E01035678,Tower Hamlets 018E,29,144,73
E01035679,Tower Hamlets 018F,43,96,46
E01035680,Tower Hamlets 019E,7,167,53
E01035681,Tower Hamlets 019F,54,134,43
E01035682,Tower Hamlets 019G,10,116,51
E01035683,Tower Hamlets 019H,24,89,40
E01035684,Tower Hamlets 020E,12,104,50
E01035685,Tower Hamlets 020F,53,127,55
E01035686,Tower Hamlets 021G,7,69,22
E01035687,Tower Hamlets 021H,24,79,54
E01035688,Tower Hamlets 021I,3,81,35
E01035689,Tower Hamlets 021J,7,93,42
E01035690,Tower Hamlets 023E,9,84,37
E01035691,Tower Hamlets 023F,13,100,43
E01035692,Tower Hamlets 024E,16,89,51
E01035693,Tower Hamlets 024F,19,94,67
E01035694,Tower Hamlets 024G,35,174,68
E01035695,Tower Hamlets 024H,46,131,64
E01035696,Tower Hamlets 026E,6,70,22
E01035697,Tower Hamlets 026F,23,42,12
E01035698,Tower Hamlets 032F,4,71,30
E01035699,Tower Hamlets 032G,3,91,62
E01035700,Tower Hamlets 034A,0,21,6
E01035701,Tower Hamlets 034B,0,26,7
E01035702,Tower Hamlets 034C,3,95,38
E01035703,Tower Hamlets 036B,2,29,5
E01035704,Tower Hamlets 036C,2,83,55
E01035705,Tower Hamlets 036D,39,87,52
E01035706,Tower Hamlets 036E,8,97,29
E01035707,Camden 015F,106,129,52
E01035708,Camden 022F,31,87,73
E01035709,Camden 022G,97,76,61
E01035710,Camden 023F,68,121,85
E01035711,Camden 026E,104,44,37
E01035712,Camden 029E,107,50,51
E01035713,Kensington and Chelsea 016F,99,140,34
E01035714,Kensington and Chelsea 020F,106,134,23
E01035715,Westminster 007H,102,149,27
E01035716,Westminster 013G,137,75,36
E01035717,Westminster 014H,72,90,30
E01035718,Westminster 019G,75,93,23
E01035719,Westminster 021F,50,81,36
E01035720,Westminster 021G,52,74,30
E01035721,Westminster 023H,134,99,64
E01035722,Westminster 024G,179,69,20
