osm_type,osm_id,name,category,lon,lat,source_geometry_type
node,26542844,,education_schools,-0.1678725,51.4007103,Point
node,32544804,Wood End Infant School,education_schools,-0.3493892,51.5535239,Point
node,33228431,Hounslow Heath Infant and Nursery School,education_schools,-0.3858009,51.4675474,Point
node,33228440,Hounslow Education Centre,education_schools,-0.3858224,51.4680668,Point
node,33228443,Hounslow Heath Junior School,education_schools,-0.3836201,51.4673317,Point
node,36470220,Wood End Academy (Junior),education_schools,-0.3474633,51.5537407,Point
node,60473138,Noak Hill School,education_schools,0.2259836,51.6217494,Point
node,245097346,St Matthew Academy West Campus,education_schools,-0.0023261,51.4636891,Point
node,248443928,Tolworth Infant and Nursery School,education_schools,-0.292373,51.3818653,Point
node,248443969,Tolworth Junior School,education_schools,-0.2921156,51.3820689,Point
node,251385772,The Pheasant Nursery,education_schools,-0.4398324,51.4855842,Point
node,270801800,Little Heath School,education_schools,0.1185925,51.5841912,Point
node,290017298,Little Gems Nursery,education_schools,-0.1201696,51.448645,Point
node,294758605,Children's Centre Services SureStart Euston,education_schools,-0.1335601,51.5314094,Point
node,294758628,St. Aloysius' School Nursery,education_schools,-0.131964,51.5328177,Point
node,326122985,Saint Anne's Catholic High School for Girls,education_schools,-0.0797211,51.6504431,Point
node,366346399,Abbey Wood School,education_schools,0.1079972,51.4930958,Point
node,412953065,Maple Infants' School,education_schools,-0.3070887,51.3950417,Point
node,412953066,St Andrew's and St Mark's CofE Junior School,education_schools,-0.3066939,51.395363,Point
node,484206463,Christian Education Centre,education_schools,-0.1587266,51.4355644,Point
node,548660241,Mount Stewart Junior School,education_schools,-0.3032563,51.5781287,Point
node,548660249,Mount Stewart Infant School,education_schools,-0.3011411,51.578403,Point
node,597295791,EF International Language Center,education_schools,-0.1078595,51.505039,Point
node,615733146,Alphabet House,education_schools,0.0594574,51.5109715,Point
node,652832590,London Study Centre,education_schools,-0.2064696,51.4751467,Point
node,686667365,The Learning Tree Day Nursery,education_schools,0.0122118,51.4307896,Point
node,702052235,Devonshire House,education_schools,-0.1764217,51.5529722,Point
node,734707001,GEO London Centre,education_schools,-0.1165517,51.5211293,Point
node,909388318,Heathside Preparatory School,education_schools,-0.1765474,51.558535,Point
node,957642916,"Gloucester House, The Tavistock Children's Day Unit",education_schools,-0.1747067,51.5507388,Point
node,1124698511,Rainbow Montessori School,education_schools,-0.2071263,51.5386365,Point
node,1221718414,Paint Pots Montessori School,education_schools,-0.1940476,51.5181701,Point
node,1230534001,Cherry Tree Nursery,education_schools,-0.1971784,51.515657,Point
node,1373926000,Bancroft's Prep School,education_schools,0.0247271,51.6212506,Point
node,1437305576,Bayswater Maria Montessori Children's House,education_schools,-0.1912221,51.5115535,Point
node,1738491735,Learning & Enterprise College Bexley,education_schools,0.1263723,51.4609092,Point
node,1893971980,Lubavitch House School (Senior Girls),education_schools,-0.0732644,51.5721193,Point
node,2294043174,Sudbury Hill Montessori School,education_schools,-0.3332682,51.5508358,Point
node,2494054442,St Catherine of Siena 6th Form Centre,education_schools,-0.3042944,51.5833245,Point
node,2511315808,Alleyn's Junior School,education_schools,-0.0799751,51.4563679,Point
node,2622714732,Milne’s House,education_schools,-0.1296934,51.4984001,Point
node,2622714733,Ashburnham House,education_schools,-0.1297177,51.4983481,Point
node,2625325473,Oshwal Gujurati School,education_schools,-0.1099267,51.386784,Point
node,2706219314,Ashburton Primary School,education_schools,-0.0623001,51.3871935,Point
node,2932567512,The Davis School,education_schools,0.0096522,51.6257896,Point
node,3160157258,London School of Arts,education_schools,-0.0810993,51.6523072,Point
node,3217450161,Oasis Academy,education_schools,-0.1115481,51.4987413,Point
node,3738244456,Nikon school,education_schools,-0.1403028,51.5167298,Point
node,3911006575,Explore Learning,education_schools,-0.1875357,51.4673998,Point
node,3957999201,Kings Kids Christian School,education_schools,-0.0381317,51.4802475,Point
node,4007141242,Greenvale School,education_schools,0.0037153,51.4332636,Point
node,4168183996,Royal Academy Of Dance,education_schools,-0.1794205,51.4663686,Point
node,4200464391,The Islamic College,education_schools,-0.2309221,51.5457765,Point
node,4294499308,LSI London Central,education_schools,-0.1321459,51.5205829,Point
node,4517773686,Montessori Community School,education_schools,-0.1843052,51.4720964,Point
node,4549378500,OSE Open School East,education_schools,-0.0815085,51.5390297,Point
node,4560491384,London Ballet School,education_schools,-0.2197479,51.5342405,Point
node,4609663501,St. Giles Colleges London Central,education_schools,-0.1237495,51.521401,Point
node,4638675724,Brook House Primary School,education_schools,-0.0683856,51.6083429,Point
node,4677019988,Bertrum House School,education_schools,-0.158405,51.4375642,Point
node,4770859221,Elemis Steiner,education_schools,-0.3370817,51.6118655,Point
node,4971277521,Watchtower,education_schools,-0.2145265,51.6138737,Point
node,5103151321,Akiva School,education_schools,-0.1895363,51.5955296,Point
node,5122195004,Seva Education,education_schools,-0.3324636,51.5850808,Point
node,5142183383,Harris Westminster Sixth Form,education_schools,-0.1310359,51.4996085,Point
node,5198143035,Harrow Independent College School of Mathematics and Economics,education_schools,-0.3716688,51.5622442,Point
node,5240887774,Holy Trinity Primary School,education_schools,-0.0737911,51.5444405,Point
node,5295701763,Victoria School of English,education_schools,-0.1542392,51.4917126,Point
node,5311516762,Inchbald School of Design,education_schools,-0.1547403,51.4941801,Point
node,5427102547,Cactus Language Courses,education_schools,-0.130287,51.5137001,Point
node,5535816921,Explore Learning (Tuition),education_schools,-0.1819223,51.4153852,Point
node,5614139021,Bromley Language Centre,education_schools,0.0124111,51.4065103,Point
node,5784878099,Explore Learning,education_schools,-0.0689797,51.3824175,Point
node,5906469054,Twickenham Primary Academy,education_schools,-0.3397268,51.4450967,Point
node,6110106277,One Degree Academy,education_schools,-0.0512973,51.6456764,Point
node,6113607391,A Star Tutors,education_schools,-0.3111092,51.5848603,Point
node,6386850112,Explore Learning - Maths & English,education_schools,0.097956,51.3734614,Point
node,6718688889,London Vegetarian and Vegan School,education_schools,-0.0833384,51.4985909,Point
node,6724279302,Profad Resource Centre,education_schools,-0.061271,51.4764483,Point
node,7202379261,Maria Montessori School - Notting Hill,education_schools,-0.2026299,51.5166903,Point
node,7282614352,La Petite École Française,education_schools,-0.2169355,51.5202484,Point
node,7301516224,Bassett House School,education_schools,-0.2189363,51.5189301,Point
node,7391450922,SIAL.school,education_schools,-0.2110888,51.5059866,Point
node,7391450929,School Of Meditation,education_schools,-0.211205,51.5059636,Point
node,7619804052,Ashbourne College,education_schools,-0.1891256,51.5019135,Point
node,7833153877,Whitehall Junior School,education_schools,-0.4810324,51.5403701,Point
node,7833153878,Whitehall Infant School,education_schools,-0.4811446,51.5408521,Point
node,8288640119,The Royal Marsden School,education_schools,-0.1718958,51.4907113,Point
node,8432670751,Dolphin School (Incorporating Noahs Ark Nursery Schools),education_schools,-0.1659235,51.4571361,Point
node,8437173155,Plan B Education Chelsea,education_schools,-0.1777172,51.4814282,Point
node,8518284063,Deer Park School,education_schools,-0.3101202,51.4558855,Point
node,8946723807,The Little Vic School For Girls,education_schools,-0.303499,51.4574194,Point
node,8989631716,St John Ambulance First Aid Training,education_schools,-0.2280748,51.4961154,Point
node,9416694487,King's College London Mathematics School Lambeth Walk Building,education_schools,-0.1121661,51.4957297,Point
node,9557779210,King’s Cross Academy,education_schools,-0.1271351,51.5372723,Point
node,9557779211,Frank Barnes School for Deaf Children,education_schools,-0.1271605,51.5372483,Point
node,9702462629,The Children's Hospital School at Great Ormond Street Hospital (GOSH),education_schools,-0.1205378,51.5219973,Point
node,9746959012,St Paul's and All Hallows C of E Junior School,education_schools,-0.0638513,51.6030681,Point
node,9746959053,St Paul's and All Hallows C of E Infant School,education_schools,-0.0638606,51.6027156,Point
node,9764508744,Oak Heights Independent School,education_schools,-0.3634459,51.469067,Point
node,9773173242,Suffah Primary School,education_schools,-0.375209,51.4591824,Point
node,9803607730,Benedict House Preparatory School,education_schools,0.1004801,51.4283293,Point
node,9806789492,Woodbridge Park Education Service - KS4,education_schools,-0.39475,51.4474205,Point
node,9849031118,DLD College London,education_schools,-0.116294,51.5001489,Point
node,9942359325,London Scandinavian School,education_schools,-0.1039823,51.546991,Point
node,10103387734,Kew House School Sixth Form Annex,education_schools,-0.2889827,51.488412,Point
node,10744789277,The Archer Academy,education_schools,-0.1653795,51.5868197,Point
node,10935101749,Beis Chinuch Primary School,education_schools,-0.2751744,51.6164652,Point
node,10942908781,Riverside School,education_schools,0.0242101,51.3956629,Point
node,11034821276,Tanzeel Maktab & Hifdh Madrasah,education_schools,-0.0216052,51.4968337,Point
node,11122063398,Our Newham Learning & Skills,education_schools,0.0588773,51.5468872,Point
node,11196501001,The Write Time,education_schools,-0.1083371,51.3686675,Point
node,11229711038,ES English London,education_schools,-0.1258191,51.5206491,Point
node,11377627450,St Mary's Priory Catholic Junior School,education_schools,-0.0861654,51.5799748,Point
node,11377627451,St Mary's Priory Catholic Infant School,education_schools,-0.0864641,51.5795446,Point
node,11377635013,Woodlands School,education_schools,-0.287877,51.6046954,Point
node,11377635014,Camrose Primary With Nursery,education_schools,-0.2879847,51.6040572,Point
node,11378208067,Garden Suburb Infant School,education_schools,-0.1975078,51.5849079,Point
node,11378208068,Garden Suburb Junior School,education_schools,-0.1982898,51.5850256,Point
node,11378237064,Deansbrook Infant School,education_schools,-0.2611038,51.6132761,Point
node,11378237065,Deansbrook Junior School,education_schools,-0.2625921,51.6132171,Point
node,11397664259,Moss Hall Junior School,education_schools,-0.1854379,51.6100499,Point
node,11397664260,Moss Hall Infant School,education_schools,-0.1854,51.6093585,Point
node,11403337361,The PRIDE Academy,education_schools,-0.4716371,51.5181285,Point
node,11403337362,The Skills Hub,education_schools,-0.4718429,51.5177363,Point
node,11967687702,Greenwich Waldorf School,education_schools,0.0162821,51.4796343,Point
node,12083843692,MEfA Montesorri and Forest School,education_schools,0.0202137,51.4812486,Point
node,12265584543,Risley Avenue Primary School,education_schools,-0.0778245,51.6002355,Point
node,12294379470,Roe Green Junior School,education_schools,-0.2726915,51.5899105,Point
node,12294379474,Roe Green Infant School,education_schools,-0.2721966,51.5900493,Point
node,12294425798,Blessed Dominic Catholic Primary School,education_schools,-0.240861,51.6002399,Point
node,12296154355,Field End Junior School,education_schools,-0.3880456,51.5669406,Point
node,12296154370,Field End Infant School,education_schools,-0.3876507,51.5666313,Point
node,12296538998,Rosedale Primary School,education_schools,-0.4294219,51.52076,Point
node,12296612121,Minet Infant and Nursery School,education_schools,-0.4080057,51.5110859,Point
node,12296612188,Minet Junior School,education_schools,-0.409605,51.5117322,Point
node,12296776719,De Salis Studio College,education_schools,-0.4395069,51.5283794,Point
node,12297418825,Hazelwood Junior School,education_schools,-0.102659,51.6178723,Point
node,12297418832,Hazelwood Infant School,education_schools,-0.1028972,51.6176125,Point
node,12301291706,Springwest Academy,education_schools,-0.4010318,51.4440658,Point
node,12301291707,The Rise Free School,education_schools,-0.4008272,51.443487,Point
node,12301291708,Logic Studio School,education_schools,-0.3996353,51.4439688,Point
node,12301408808,Heathfield Junior School,education_schools,-0.3693193,51.4467638,Point
node,12301408809,Heathfield Infant School,education_schools,-0.3702089,51.4470997,Point
node,12301506230,Manor Infant School,education_schools,0.1020195,51.5434598,Point
node,12301506231,Manor Junior School,education_schools,0.101495,51.5427059,Point
node,12312141169,The Warren School,education_schools,0.1413362,51.5770954,Point
node,12312141175,Warren Junior School,education_schools,0.1412705,51.5766264,Point
node,12312145547,Ardleigh Green Junior School,education_schools,0.2197577,51.5849242,Point
node,12312145548,Ardleigh Green Infant School,education_schools,0.2201987,51.5851685,Point
node,12312165378,Squirrels Heath Primary School,education_schools,0.2053054,51.5772464,Point
node,12312165379,Squirrels Heath Infant School,education_schools,0.2053042,51.5769788,Point
node,12312733425,Carterhatch Infant School,education_schools,-0.0566,51.6601887,Point
node,12312733426,Carterhatch Junior School,education_schools,-0.0551321,51.660125,Point
node,12324087362,La Fontaine Academy,education_schools,0.0316951,51.4024827,Point
node,12324120679,Harris Primary Academy Beckenham,education_schools,-0.0265527,51.4002848,Point
node,12324834525,St Ann's School,education_schools,-0.3386097,51.5105536,Point
node,12517215701,International British Online School,education_schools,-0.1316681,51.45954,Point
node,12643545704,James Allen's Preparatory School,education_schools,-0.084388,51.4556545,Point
node,12657239925,Eltham College Junior School,education_schools,0.0346908,51.4393387,Point
node,12784814344,,education_schools,-0.1026769,51.5008936,Point
node,12888443998,Early Years Assessment Service,education_schools,0.1021222,51.6093288,Point
node,12902187856,Loxford School,education_schools,0.0890124,51.5487273,Point
node,13063274283,Riverside School,education_schools,0.1176257,51.5216087,Point
node,13063274284,Riverside Primary School,education_schools,0.1184637,51.5215002,Point
node,13142278682,Crownfield Junior School,education_schools,0.1559396,51.5917,Point
node,13142278683,Crownfield Infant School,education_schools,0.1549619,51.5921357,Point
node,13142317618,Rise Park Junior School,education_schools,0.1780933,51.5961781,Point
node,13142317619,Rise Park Infant School,education_schools,0.1783857,51.5966779,Point
node,13159788809,Maudsley and Bethlem Hospital School,education_schools,-0.0911642,51.46984,Point
node,13159795812,Arco Academy,education_schools,-0.0906057,51.4749387,Point
node,13165307685,John Chilton School,education_schools,-0.3474634,51.5535378,Point
node,13165307686,John Chilton School Post 14 Site,education_schools,-0.3845586,51.5442191,Point
node,13165309849,Parkside Studio College,education_schools,-0.4294112,51.520045,Point
node,13165342510,Hewens Primary School,education_schools,-0.4392284,51.5284152,Point
node,13165361977,Unique Academy,education_schools,-0.4138397,51.4807707,Point
node,13166953413,Menorah Foundation School,education_schools,-0.2644273,51.6078382,Point
node,13166953414,Menorah Grammar School,education_schools,-0.2636747,51.6079201,Point
node,13703781318,Capella House School (Secondary Centre),education_schools,-0.3406307,51.4516041,Point
node,13703781326,Clarendon School Secondary Centre,education_schools,-0.3406312,51.4517648,Point
way,4068461,Wood End Primary School,education_schools,-0.3483331515852273,51.55350945,MultiPolygon
way,4097475,North Harringay Primary School,education_schools,-0.10535798626079684,51.5860644,MultiPolygon
way,4132124,Queens Park Community School,education_schools,-0.219051096418556,51.540337050000005,MultiPolygon
way,4229534,Harris Lowe Academy Willesden,education_schools,-0.23415490132487765,51.53981625,MultiPolygon
way,4234606,Hornsey School for Girls,education_schools,-0.11469034195906443,51.5820942,MultiPolygon
way,4234649,Weston Park Primary School,education_schools,-0.11280069920200983,51.58042655,MultiPolygon
way,4239295,Lauriston School,education_schools,-0.045592533127284764,51.53672465,MultiPolygon
way,4262577,Oaks Park High School,education_schools,0.09125448333333379,51.57845845,MultiPolygon
way,4267812,The Crest Academy,education_schools,-0.24122881731675078,51.56248025,MultiPolygon
way,4289954,The Royal Liberty School,education_schools,0.20937854516094873,51.58606315,MultiPolygon
way,4358794,Green Wrythe Primary School,education_schools,-0.17637145141078592,51.38890415,MultiPolygon
way,4404347,St Michael's CofE Primary School,education_schools,-0.08794006578530064,51.6642191,MultiPolygon
way,4404348,Chace Community School,education_schools,-0.07667349771484133,51.6615134,MultiPolygon
way,4408761,Uxbridge High School,education_schools,-0.4741908811991602,51.53575285,MultiPolygon
way,4409715,Heron Hall Academy,education_schools,-0.050301979332165236,51.645943,MultiPolygon
way,4413870,Laurel Park School,education_schools,-0.12307617731428469,51.614670700000005,MultiPolygon
way,4413922,Winchmore School,education_schools,-0.09129532303536317,51.62807,MultiPolygon
way,4413929,St Anne's Catholic High School for Girls,education_schools,-0.10775346692020471,51.616146900000004,MultiPolygon
way,4413948,Palmers Green High School,education_schools,-0.10417687892043706,51.626066,MultiPolygon
way,4414019,Aylward Academy,education_schools,-0.08207018932777226,51.6181627,MultiPolygon
way,4414101,Southgate School,education_schools,-0.1420119747042537,51.647316000000004,MultiPolygon
way,4414129,Highlands School,education_schools,-0.1066441337452031,51.64960135,MultiPolygon
way,4420787,Enfield County School for Girls - Upper School,education_schools,-0.08535269723836313,51.655549300000004,MultiPolygon
relation,13699337,Enfield Grammar School,education_schools,-0.0815252935150158,51.6563244,MultiPolygon
way,4420864,AIM Academy North London,education_schools,-0.046281294314704874,51.63287835,MultiPolygon
way,4421339,Kingsmead School,education_schools,-0.061115860165720806,51.65173585,MultiPolygon
way,4442967,St Ignatius College,education_schools,-0.055305667047434545,51.673149699999996,MultiPolygon
way,4443239,Bishop Stopford's School,education_schools,-0.056619310996266325,51.656847850000005,MultiPolygon
way,4443297,The Lea Valley Academy,education_schools,-0.04154216171510014,51.679716850000005,MultiPolygon
way,4443314,Ark John Keats Academy,education_schools,-0.03695908300856049,51.66659145,MultiPolygon
way,4647094,Goose Green Primary and Nursery School,education_schools,-0.07697874564244372,51.461451999999994,MultiPolygon
way,4652365,St John's and St Clement's Church of England Primary School,education_schools,-0.07167374109928215,51.4630448,MultiPolygon
way,4765426,Holy Trinity Church of England Primary School,education_schools,-0.2844023145189768,51.46377,MultiPolygon
way,4766398,The King's Church of England Primary School,education_schools,-0.28555479881923196,51.481088650000004,MultiPolygon
way,4770429,St Agatha's Catholic Primary School,education_schools,-0.2931251164415545,51.4217742,MultiPolygon
way,4770646,St Paul's C of E Primary School,education_schools,-0.28662259981298166,51.4173307,MultiPolygon
way,4770823,Robin Hood Primary and Nursery School,education_schools,-0.2603158847201739,51.429118200000005,MultiPolygon
way,4775621,St Richard's Church of England Primary School,education_schools,-0.31834425335120364,51.436909150000005,MultiPolygon
way,4784157,,education_schools,0.2058516132661355,51.5771216,MultiPolygon
way,4796634,St George's Primary Catholic Voluntary Academy,education_schools,-0.33159588772282106,51.56313085,MultiPolygon
way,4800540,The Frances Bardsley Academy for Girls,education_schools,0.1988350702791552,51.572995899999995,MultiPolygon
way,4830291,Wallington County Grammar School,education_schools,-0.14970926051258293,51.36931655,MultiPolygon
way,4842335,Lampton Academy,education_schools,-0.3687347131390273,51.4763811,MultiPolygon
way,4844651,Lift Kingsley,education_schools,-0.3584830382508837,51.4711481,MultiPolygon
way,4865563,The Belham Primary School,education_schools,-0.0731872556187024,51.46625275,MultiPolygon
way,4896040,All Saints Carshalton Church of England Primary School,education_schools,-0.15890313987711102,51.36462265,MultiPolygon
way,4907488,Redden Court School,education_schools,0.23208024897959012,51.58668455,MultiPolygon
way,4907651,Harold Court Primary School,education_schools,0.24048293339067645,51.59922965,MultiPolygon
way,4926701,Mandeville School,education_schools,-0.33676867768680896,51.549966299999994,MultiPolygon
way,4941131,Drayton Manor High School,education_schools,-0.33589362034569403,51.51601355,MultiPolygon
way,4941199,Oldfield Primary School and Ealing Primary Centre,education_schools,-0.3470365968798391,51.537711,MultiPolygon
way,4942606,Hilldene Primary School,education_schools,0.20832056406781446,51.602203200000005,MultiPolygon
way,4942983,Ingrebourne School,education_schools,0.21468728793708394,51.61315855,MultiPolygon
way,4942997,Harold Wood Primary School,education_schools,0.23667638826105353,51.5853793,MultiPolygon
way,4944009,Grove Road Primary School,education_schools,-0.3725396600783325,51.46461775,MultiPolygon
way,4949563,Emerson Park Academy,education_schools,0.2446075885697554,51.568769599999996,MultiPolygon
way,4953330,New Oaks Primary,education_schools,-0.34677590147492227,51.4689798,MultiPolygon
way,4953331,Hounslow Town Primary School,education_schools,-0.3536088060763954,51.46991605,MultiPolygon
way,4958932,Orchard Primary School,education_schools,-0.37380412639128824,51.4629341,MultiPolygon
way,4971810,St. Mark's Catholic School,education_schools,-0.37425965845233067,51.4680551,MultiPolygon
way,4986435,St. Michael and St. Martin Catholic Primary School,education_schools,-0.37955032412907835,51.46784295,MultiPolygon
way,4986436,,education_schools,-0.38453665555800826,51.4677851,MultiPolygon
way,4986442,The Heathland School,education_schools,-0.37467691438408257,51.4573469,MultiPolygon
way,4996349,Wellington Primary School - Infants Site,education_schools,-0.376416862310337,51.47470225,MultiPolygon
way,5002548,Alexandra Primary School,education_schools,-0.36044047055280737,51.47402665,MultiPolygon
way,5007797,Gorringe Park Primary School,education_schools,-0.15643267599999625,51.41228835,MultiPolygon
way,5012795,Beavers Community Primary School,education_schools,-0.40034062641368695,51.46926785,MultiPolygon
way,5014215,St Ursula's Catholic Primary School,education_schools,0.20816779926606666,51.6051365,MultiPolygon
way,5015045,James Alleyn Preparatory School,education_schools,-0.08830153965909465,51.45263745,MultiPolygon
way,5022131,Merryhills Primary School,education_schools,-0.1097945578870245,51.6521859,MultiPolygon
way,5034164,Beddington Infants' School,education_schools,-0.14497387496945052,51.3688918,MultiPolygon
way,5034509,Holy Trinity CofE Junior School,education_schools,-0.1465048756347422,51.367849250000006,MultiPolygon
way,5044058,Heston Community School,education_schools,-0.36808181149318375,51.48437045,MultiPolygon
way,5044062,Cranford Community College,education_schools,-0.40808109955713445,51.4873791,MultiPolygon
way,5068503,Isleworth Town Primary School,education_schools,-0.3291376018356832,51.47374765,MultiPolygon
way,5068515,St. Mary's Catholic Primary School,education_schools,-0.32725940291012956,51.469267099999996,MultiPolygon
way,5076640,JCoSS,education_schools,-0.1699919162621,51.65631585,MultiPolygon
way,5076647,Livingstone Primary and Nursery School,education_schools,-0.1666383945271165,51.6555812,MultiPolygon
way,5081403,The Smallberry Green Primary School,education_schools,-0.32781723383720485,51.47549535,MultiPolygon
way,5081409,The Green School for Girls,education_schools,-0.3246604245706287,51.4790402,MultiPolygon
way,5081762,Chiswick School,education_schools,-0.26049068396083225,51.4811928,MultiPolygon
way,5096771,Isleworth and Syon School,education_schools,-0.34178457173509524,51.48014705,MultiPolygon
way,5096788,The Green School for Boys,education_schools,-0.3227319944888204,51.47804295,MultiPolygon
way,5096815,Marlborough Primary School,education_schools,-0.3277078344560295,51.47915245,MultiPolygon
way,5191391,Rooks Heath College,education_schools,-0.37053108720030625,51.563515949999996,MultiPolygon
way,5210822,Mead Primary School,education_schools,0.23147116806863116,51.60347555,MultiPolygon
way,5211117,Drapers' Academy,education_schools,0.24123735398106444,51.61113145,MultiPolygon
way,5211234,Drapers' Pyrgo Priory School,education_schools,0.23709104523519164,51.60995725,MultiPolygon
way,5211981,St Joseph's Catholic Primary School,education_schools,-0.3383903486129569,51.51041275,MultiPolygon
way,5211983,Hobbayne Primary School,education_schools,-0.33624429238195164,51.51696025,MultiPolygon
way,5211985,Brentside High School,education_schools,-0.34060981642362254,51.52657365,MultiPolygon
way,5216490,Vicar's Green Primary School,education_schools,-0.31092675784282564,51.5345453,MultiPolygon
way,5216974,Hathaway Primary School,education_schools,-0.3312594244944687,51.52442775,MultiPolygon
way,5217109,"Gumley House RC Convent School, FCJ",education_schools,-0.3300205778678762,51.46895055,MultiPolygon
way,5235501,Carshalton High School for Girls,education_schools,-0.16964961288521588,51.369650449999995,MultiPolygon
way,5261045,St Philomena's Catholic High School for Girls,education_schools,-0.16909270021545536,51.36483545,MultiPolygon
way,5450707,Beddington Park Academy,education_schools,-0.13415178140782832,51.3727837,MultiPolygon
way,5450728,Sherwood Foundation School,education_schools,-0.13605986075846943,51.369668950000005,MultiPolygon
way,5548356,Cherry Garden School,education_schools,-0.07218432361111135,51.472033550000006,MultiPolygon
way,5655418,Selborne Primary School,education_schools,-0.3354935077826533,51.53765435,MultiPolygon
way,5831179,St John the Baptist Voluntary Aided Church of England Primary School,education_schools,-0.08403015728619559,51.53077195,MultiPolygon
way,5984807,St John's C of E Primary and Nursery School,education_schools,-0.17719887833713738,51.626686899999996,MultiPolygon
way,5991334,The Totteridge Academy,education_schools,-0.2003176643900614,51.638627,MultiPolygon
way,6008166,Rotherfield Primary School,education_schools,-0.09109199419495986,51.539033,MultiPolygon
way,6083578,Mossbourne Parkside Academy,education_schools,-0.06251412962832628,51.548855399999994,MultiPolygon
way,6231349,Lift Noel Park,education_schools,-0.10343393062758138,51.59532525,MultiPolygon
way,7724596,The Compton School,education_schools,-0.16327265458209195,51.60924985,MultiPolygon
way,7848021,Chase Bridge Primary School,education_schools,-0.345344496234697,51.45501415,MultiPolygon
way,7848043,Chatsworth Primary School,education_schools,-0.35445517895570366,51.465087249999996,MultiPolygon
way,7955752,The Campion School,education_schools,0.23093820706863988,51.58133455,MultiPolygon
way,8010152,Pardes House Grammar School,education_schools,-0.19717259993285816,51.599171150000004,MultiPolygon
way,8011955,Nelson Primary School,education_schools,-0.36136188672221675,51.45381065,MultiPolygon
way,8038010,Marshalls Park Academy,education_schools,0.1850915799786712,51.59049195,MultiPolygon
way,8060186,Perivale Primary School,education_schools,-0.3111240084248207,51.53773125,MultiPolygon
way,8083129,Lyndhurst Primary School,education_schools,-0.08833986892261741,51.4701367,MultiPolygon
way,8084133,Southville Primary School,education_schools,-0.4213996639861648,51.44916675,MultiPolygon
way,8116460,Westbrook Primary School,education_schools,-0.375383969325482,51.4830052,MultiPolygon
relation,1974,Main Building,education_schools,-0.14887031335898224,51.36932245,MultiPolygon
way,8396535,Hampstead School,education_schools,-0.20713046885386338,51.5557208,MultiPolygon
way,8598106,Brent Knoll School,education_schools,-0.039850699894512176,51.4322687,MultiPolygon
way,8685853,The Rosary Catholic Primary School,education_schools,-0.3737451167118755,51.48723955,MultiPolygon
way,8902998,Pinner Park Primary School,education_schools,-0.35938703244515197,51.596982,MultiPolygon
way,8916819,Alec Reed Academy,education_schools,-0.383765248645044,51.5437568,MultiPolygon
way,9394731,Garfield Primary School,education_schools,-0.13663552728858755,51.61384675,MultiPolygon
way,9395432,Our Lady of Lourdes Catholic Primary School,education_schools,-0.13595728745865032,51.6157235,MultiPolygon
way,9395730,St Monica's RC Primary School,education_schools,-0.1206192074731198,51.6222044,MultiPolygon
way,9396051,Bowes Primary School,education_schools,-0.12572412202998284,51.6137926,MultiPolygon
way,9396950,Walker Primary School,education_schools,-0.12728968302032984,51.6255127,MultiPolygon
way,9398664,St Michael at Bowes CofE Junior School,education_schools,-0.10506861463878098,51.61092085,MultiPolygon
way,9399967,Hazelwood Infant & Junior Schools,education_schools,-0.10284102764357125,51.617716349999995,MultiPolygon
way,9401173,Oakthorpe Primary School,education_schools,-0.09232476785457108,51.6139803,MultiPolygon
way,9403153,St Andrew's Southgate Primary School (CE),education_schools,-0.12812146818906583,51.63417905,MultiPolygon
way,9404147,Osidge Primary School,education_schools,-0.1354088527777742,51.6337089,MultiPolygon
way,9404554,Wilbury Primary School,education_schools,-0.08319214959424828,51.6116082,MultiPolygon
way,9405486,Highfield Primary School,education_schools,-0.09420748002165902,51.63022735,MultiPolygon
way,9406088,Wolfson Hillel Primary School,education_schools,-0.12746810573044443,51.6391175,MultiPolygon
way,9540347,St Paul's CofE Primary School,education_schools,-0.09973626001197342,51.63452015,MultiPolygon
way,9541025,Firs Farm Primary School,education_schools,-0.08397939754367603,51.623102349999996,MultiPolygon
way,9542284,Eversley Primary School,education_schools,-0.11473818166020441,51.64302145,MultiPolygon
way,9542750,De Bohun Primary School,education_schools,-0.14053755898898967,51.6438617,MultiPolygon
way,9543129,Hazelbury Primary School,education_schools,-0.07706930651667893,51.6222111,MultiPolygon
way,9543625,St John and St James CofE Primary School,education_schools,-0.06673874435341906,51.611154049999996,MultiPolygon
way,9544126,Latymer All Saints CofE Primary School,education_schools,-0.06848130202566675,51.6258107,MultiPolygon
way,9544808,Grange Park Primary School,education_schools,-0.10628673211844326,51.64811815,MultiPolygon
way,9545363,Raynham Primary School,education_schools,-0.06071072951751284,51.61320105,MultiPolygon
way,9555652,Fleecefield Primary School,education_schools,-0.060296504529631714,51.618753,MultiPolygon
way,9557815,Hadley Wood Primary School,education_schools,-0.17285163147892313,51.66991925,MultiPolygon
way,9652972,Springwell School,education_schools,-0.38366866075236894,51.4810036,MultiPolygon
way,9652974,Springwell School,education_schools,-0.3851166173789616,51.481429750000004,MultiPolygon
way,9792453,Coldfall Primary School,education_schools,-0.1537058066392835,51.5965439,MultiPolygon
way,9820623,Preston Park Primary School,education_schools,-0.29916645327854374,51.5715614,MultiPolygon
way,9823123,St Gregory's Catholic Science College,education_schools,-0.30484166275127345,51.5837261,MultiPolygon
way,9823262,Uxendon Manor Primary School,education_schools,-0.29777977893474583,51.5835055,MultiPolygon
way,9823304,Claremont High School,education_schools,-0.2937162327811275,51.5836707,MultiPolygon
way,9870741,Oaktree School,education_schools,-0.1462732085133564,51.642896449999995,MultiPolygon
way,9936075,Spring Grove Primary School,education_schools,-0.3482938248515979,51.47351835,MultiPolygon
way,10044714,The Raglan Schools,education_schools,-0.07270821488706136,51.636417,MultiPolygon
way,10044857,St Edmund's Catholic Primary School,education_schools,-0.05568777760175676,51.6295606,MultiPolygon
way,10044944,Churchfield Primary School,education_schools,-0.0679780508865834,51.63034425,MultiPolygon
way,10045199,Galliard Primary School,education_schools,-0.058146075444267,51.638459850000004,MultiPolygon
way,10045363,Houndsfield Primary School,education_schools,-0.055360762675998564,51.6342273,MultiPolygon
way,10045454,Eldon Junior School,education_schools,-0.04995647230547695,51.6306446,MultiPolygon
way,10045599,Bush Hill Park Primary School,education_schools,-0.062642495660062,51.645388499999996,MultiPolygon
way,10045810,Chase Side Primary School,education_schools,-0.08940970121873501,51.658643,MultiPolygon
way,10046025,St Andrew's CofE Primary School,education_schools,-0.07855548806271143,51.65769725,MultiPolygon
way,10046131,St George's Catholic Primary School,education_schools,-0.08167653544387707,51.65943625,MultiPolygon
way,10046640,Woodpecker Hall Primary Academy,education_schools,-0.0440660844444451,51.63665375,MultiPolygon
way,10047837,St Matthew's CofE Primary School,education_schools,-0.04373980897380782,51.64333065,MultiPolygon
way,10048308,Southbury Primary School,education_schools,-0.0481784799411952,51.6498233,MultiPolygon
way,10049722,,education_schools,-0.05547145594222567,51.66242225,MultiPolygon
way,10049942,St Mary's Catholic Primary School,education_schools,-0.039264636397617556,51.647963149999995,MultiPolygon
way,10049997,Alma Primary School,education_schools,-0.035651765876910754,51.6451594,MultiPolygon
way,10050316,St John's CofE Primary School,education_schools,-0.09542282086840514,51.6741622,MultiPolygon
way,10050497,Worcesters Primary School,education_schools,-0.06417521991585898,51.6675025,MultiPolygon
way,10050708,Forty Hill CofE Primary School,education_schools,-0.06044314783726777,51.67094285,MultiPolygon
way,10051435,St James CofE Primary School,education_schools,-0.04608405972314118,51.65777975,MultiPolygon
way,10051597,Brimsdown Primary School,education_schools,-0.036483478642779246,51.65418845,MultiPolygon
way,10051790,Eastfield Primary School,education_schools,-0.03986379159287486,51.66570125,MultiPolygon
way,10051970,Capel Manor Primary School,education_schools,-0.055392557780190366,51.67770385,MultiPolygon
way,10052104,Honilands Primary School,education_schools,-0.05016099036655455,51.6768381,MultiPolygon
way,10052224,Chesterfield Primary School,education_schools,-0.031010783065087064,51.670499449999994,MultiPolygon
way,10052419,Freezywater St George's CofE VA Primary School,education_schools,-0.039977834716292904,51.6738507,MultiPolygon
way,10052651,Prince of Wales Primary School,education_schools,-0.023473309130321453,51.6682452,MultiPolygon
relation,11018850,Edmonton County School,education_schools,-0.07845231577143126,51.633029199999996,MultiPolygon
way,10278820,Greenshaw High School,education_schools,-0.1837247642231406,51.37701515,MultiPolygon
way,10278841,All Saints Benhilton CofE Primary School,education_schools,-0.19163641234190074,51.3724491,MultiPolygon
way,10440056,Ark Elvin Academy,education_schools,-0.28933998754454177,51.551740699999996,MultiPolygon
way,10440077,Lyon Park Primary School,education_schools,-0.288146144759712,51.542734100000004,MultiPolygon
way,10507126,Alperton Community School,education_schools,-0.29255508340742453,51.543842999999995,MultiPolygon
way,10507358,Barham Primary School,education_schools,-0.3070164802637674,51.548210850000004,MultiPolygon
way,10523168,Harris Primary Academy South Kenton,education_schools,-0.31070905807849225,51.5691537,MultiPolygon
way,10523361,Wembley High Technology College,education_schools,-0.3098029739560748,51.56338025,MultiPolygon
way,10575064,Norwood Green Infant and Nursery School,education_schools,-0.3800121975633521,51.4929316,MultiPolygon
way,10575067,Norwood Green Junior School,education_schools,-0.38174397544622707,51.49275795,MultiPolygon
way,10575085,The Old Rectory Nursery School,education_schools,-0.4084727355263176,51.4906094,MultiPolygon
way,10575121,Berkeley Academy,education_schools,-0.3897452329610115,51.48527025,MultiPolygon
way,10595308,Brettenham Primary School,education_schools,-0.060889426507614273,51.61768345,MultiPolygon
way,10699704,Oaklands Primary Academy,education_schools,0.024697104746200356,51.3155936,MultiPolygon
way,11402051,Greenvale Primary School,education_schools,-0.052113335065204824,51.339069550000005,MultiPolygon
way,11402143,Croydon High School,education_schools,-0.06292944436391125,51.3407201,MultiPolygon
way,11402242,Selsdon Primary and Nursery School,education_schools,-0.05677286006378687,51.347526450000004,MultiPolygon
way,11402366,Courtwood Primary School,education_schools,-0.03808037303615752,51.3445339,MultiPolygon
way,11402494,Forestdale Primary School,education_schools,-0.040153607925592416,51.34932505,MultiPolygon
way,11403088,Trinity School,education_schools,-0.05915471309144364,51.3739639,MultiPolygon
way,11842312,Cannon Lane Primary School,education_schools,-0.38979465180686634,51.58051345,MultiPolygon
way,11845181,Priestmead Primary School and Nursery,education_schools,-0.3147700868162233,51.59619875,MultiPolygon
way,11846595,Saracens Broadfields,education_schools,-0.2747450738854873,51.63045785,MultiPolygon
way,12116455,Queen Elizabeth's Girls' School,education_schools,-0.19657568434733452,51.651879199999996,MultiPolygon
way,13853996,Norbury High School for Girls,education_schools,-0.11429113876590394,51.411964,MultiPolygon
way,14642038,Starks Field Primary School,education_schools,-0.07320009104640182,51.6292897,MultiPolygon
way,14756355,Oak Lodge Primary School,education_schools,-0.022251803571428745,51.38088595,MultiPolygon
way,14966341,Moss Hall Schools,education_schools,-0.18622571671233012,51.61003395,MultiPolygon
way,15244837,The Cedars Primary School,education_schools,-0.4102490781090808,51.48403935,MultiPolygon
way,17063948,St Andrew's C of E Primary School,education_schools,-0.19643372456381036,51.629825499999995,MultiPolygon
way,17442711,Parsloes Primary School,education_schools,0.1442673697231877,51.543295900000004,MultiPolygon
way,17456497,The Sydney Russell School,education_schools,0.13347690520601718,51.54767095,MultiPolygon
way,17456597,Roding Primary School,education_schools,0.12594099541011466,51.549359100000004,MultiPolygon
way,17704417,Mayfield School,education_schools,0.11996814547746434,51.56473615,MultiPolygon
way,17708825,Henry Green Primary School,education_schools,0.1280519917621965,51.5633226,MultiPolygon
way,17710100,Robert Clack School (Green Lane Site),education_schools,0.14541262658422677,51.56276305,MultiPolygon
way,17713529,St Dunstan's Cheam Church of England Primary School,education_schools,-0.2195896874900411,51.35646105,MultiPolygon
way,17715749,Abbs Cross Academy and Arts College,education_schools,0.20841126435318125,51.552771,MultiPolygon
way,17720986,Sutton High School,education_schools,-0.19766976349757998,51.3602681,MultiPolygon
way,17721455,Overton Grange School,education_schools,-0.19635361670607038,51.3520284,MultiPolygon
way,17931448,Gaynes School,education_schools,0.2561704894311451,51.54721015,MultiPolygon
way,17932109,The Coopers' Company & Coborn School,education_schools,0.2620233848312512,51.55608135,MultiPolygon
way,17934233,Hacton Primary School,education_schools,0.2256150155787629,51.5506802,MultiPolygon
way,17935456,Sanders Draper,education_schools,0.2132023921648012,51.5501169,MultiPolygon
way,17935549,Scotts Primary School,education_schools,0.21130748449881803,51.54398405,MultiPolygon
way,17935786,R J Mitchell Primary School,education_schools,0.20382303153241707,51.54248645,MultiPolygon
way,18099648,St Mary's CE Primary School,education_schools,-0.20248593216139105,51.6040972,MultiPolygon
way,18522420,Hall Mead School,education_schools,0.26204379733793337,51.564577,MultiPolygon
way,18929893,Thames View Junior School,education_schools,0.10246273763942179,51.5268217,MultiPolygon
way,18933024,High View Primary School,education_schools,-0.12923857316176451,51.36233595,MultiPolygon
way,18934418,Eastbury Primary School,education_schools,0.09950020931460951,51.53686665,MultiPolygon
way,18934447,Eastbury Community School,education_schools,0.09067684914966206,51.540651,MultiPolygon
way,18934552,Loxford School,education_schools,0.08924012888632497,51.54901285,MultiPolygon
way,19190494,Summerside Primary Academy,education_schools,-0.1682670047230541,51.6085895,MultiPolygon
way,19789863,Woodridge Primary School,education_schools,-0.19386626722725026,51.623835150000005,MultiPolygon
way,19792192,Wilson's School,education_schools,-0.1271205718344004,51.35927575,MultiPolygon
way,19831931,Sparrow Farm Primary School,education_schools,-0.4000015348176609,51.452040249999996,MultiPolygon
way,20030710,Queen Elizabeth's School,education_schools,-0.21311894141575843,51.655847800000004,MultiPolygon
way,20030926,Foulds School,education_schools,-0.21017376809326094,51.65651725,MultiPolygon
way,20031076,Underhill School,education_schools,-0.20578869834450686,51.6447086,MultiPolygon
way,20031613,Grasvenor Avenue Infant School,education_schools,-0.18878403481465267,51.64206065,MultiPolygon
way,21124019,Coppice Primary School,education_schools,0.11304739877286561,51.6119707,MultiPolygon
way,22560777,Chingford Foundation School,education_schools,-0.007786490329778745,51.62989345,MultiPolygon
way,22588119,St Ann's C.E. Primary School,education_schools,-0.08542843615125861,51.5814412,MultiPolygon
way,22604045,Sparrow Farm Primary School,education_schools,-0.4017219234600648,51.45288825,MultiPolygon
way,22604308,Tudor Park,education_schools,-0.398988007573433,51.44269145,MultiPolygon
way,22615255,Tiverton Primary School,education_schools,-0.08537371707665165,51.5765244,MultiPolygon
way,22615598,,education_schools,-0.08617419638669116,51.57986305,MultiPolygon
way,22661024,Avenue Primary Academy,education_schools,-0.20437877942721647,51.3465042,MultiPolygon
way,22677278,Harris Academy Merton,education_schools,-0.13340476488880465,51.403580899999994,MultiPolygon
way,22701618,Marjory Kinnon School,education_schools,-0.43007649310943474,51.4586028,MultiPolygon
way,22701619,Bedfont Primary School,education_schools,-0.4308822020302251,51.457660849999996,MultiPolygon
way,22702620,Ealing Fields Church of England High School,education_schools,-0.31205683606724,51.4960254,MultiPolygon
way,22710561,John Roan Senior School,education_schools,0.00718327872360645,51.47842855,MultiPolygon
way,22715519,Blackheath High School,education_schools,0.015527315336212849,51.4778273,MultiPolygon
way,22715784,Our Lady of Grace Catholic Primary School,education_schools,0.027232339569543997,51.480847749999995,MultiPolygon
way,22715865,Leigh Academy Blackheath,education_schools,0.028255552740303547,51.4765996,MultiPolygon
way,22724427,Corelli College,education_schools,0.042515743162703484,51.46918325,MultiPolygon
way,22728027,Henwick Primary School,education_schools,0.04301378735354681,51.4621746,MultiPolygon
way,22728028,St Thomas More Catholic Primary School,education_schools,0.04503079001561797,51.461747200000005,MultiPolygon
way,22747509,King Athelstan Primary School,education_schools,-0.2954665907862087,51.40530965,MultiPolygon
way,22751248,,education_schools,-0.2923745808312003,51.38204175,MultiPolygon
way,22761451,The John Roan School,education_schools,0.009462154550561675,51.47877325,MultiPolygon
way,22793609,St Edward's Church of England Academy,education_schools,0.15181300750276672,51.57167225,MultiPolygon
way,22797846,John Ball Primary School,education_schools,0.003986174510115232,51.466420150000005,MultiPolygon
way,22797847,John Ball Nursery School,education_schools,0.004729235771388176,51.4657576,MultiPolygon
way,22797872,St Margaret's Lee CofE Primary School,education_schools,0.004912396347477718,51.45978485,MultiPolygon
way,22868362,St Patrick's Catholic Primary School,education_schools,0.15940548972243124,51.596202500000004,MultiPolygon
way,22868413,Crownfield Infant and Junior Schools,education_schools,0.15505775445218256,51.5919995,MultiPolygon
way,22868462,Robert Clack School (Gosfield Road Site),education_schools,0.15267568362220724,51.56403115,MultiPolygon
way,22869625,Rise Park Infant and Junior Schools,education_schools,0.1778461819542867,51.59636245,MultiPolygon
way,22869701,Parklands Junior School,education_schools,0.17370110589491417,51.5887565,MultiPolygon
way,22869909,Bower Park Academy,education_schools,0.1818082479220428,51.6052605,MultiPolygon
way,22870075,The Brittons Academy,education_schools,0.18915555772705916,51.5367387,MultiPolygon
way,22870076,Whybridge Junior School,education_schools,0.1901471682908351,51.5333822,MultiPolygon
way,22870087,Thomas Arnold Primary School,education_schools,0.14588118554233104,51.536691950000005,MultiPolygon
way,22905783,Culvers House Primary School,education_schools,-0.15890110134127117,51.3813481,MultiPolygon
way,22924013,Oriel Academy West London,education_schools,-0.3889538093907954,51.43640375,MultiPolygon
way,22924454,Lindon Bennett School,education_schools,-0.3955953663779768,51.427745,MultiPolygon
way,22934760,Cobourg Primary School,education_schools,-0.07724755282422413,51.484701400000006,MultiPolygon
way,22969181,Rivers Academy West London,education_schools,-0.42130960033869563,51.4526214,MultiPolygon
way,22969490,Fairholme Primary School,education_schools,-0.43427252780659964,51.44702705,MultiPolygon
way,22970518,Deansfield Primary School,education_schools,0.06200523098592804,51.46208755,MultiPolygon
way,22987506,Wallington Primary Academy,education_schools,-0.12961260851941486,51.35195725,MultiPolygon
way,22987509,Bandon Hill Primary School (Meadow Field Site),education_schools,-0.13854378662384528,51.3585732,MultiPolygon
way,22987512,Foresters Primary School,education_schools,-0.1365908559170672,51.3554855,MultiPolygon
way,22987520,The Federation of St Elphege's Catholic Schools,education_schools,-0.12740901809848573,51.35681385,MultiPolygon
way,22992563,St Richard's Church of England Primary School,education_schools,-0.3886200768909252,51.42722905,MultiPolygon
way,23015878,Coombe Girls' School,education_schools,-0.2629528965837748,51.41042405,MultiPolygon
way,23031360,The Blue School CofE Primary,education_schools,-0.3252451862155877,51.46933919999999,MultiPolygon
way,23031369,Worple Primary School,education_schools,-0.3255009568556681,51.46549455,MultiPolygon
way,23038306,The John Fisher School,education_schools,-0.13456679293076151,51.34502115,MultiPolygon
way,23051295,Benhurst Primary School,education_schools,0.20446327506578227,51.55450535,MultiPolygon
way,23060039,Crane Park Primary School,education_schools,-0.3819052828867101,51.44108065,MultiPolygon
way,23088172,Tolworth Girls' School and Sixth Form,education_schools,-0.29558628698256645,51.374787,MultiPolygon
way,23089370,Walthamstow School for Girls,education_schools,-0.013692188862424005,51.584963200000004,MultiPolygon
way,23108964,Coombe Hill Infant & Junior Schools,education_schools,-0.26624958106422114,51.41447345,MultiPolygon
way,23124966,Yardley Primary School,education_schools,-0.005746476443282237,51.64101145,MultiPolygon
way,23141601,Eastbrook School,education_schools,0.16440325320289043,51.550996850000004,MultiPolygon
way,23167442,Whittingham Primary Academy,education_schools,-0.03421310466243725,51.5977588,MultiPolygon
way,23209419,Walthamstow Academy,education_schools,-0.024460348780213872,51.600592899999995,MultiPolygon
way,23265126,St Mark's Primary School,education_schools,-0.34167710835681453,51.5067091,MultiPolygon
way,23265252,Cheam High School,education_schools,-0.2180308162078612,51.36588775,MultiPolygon
way,23269150,Wallington High School for Girls,education_schools,-0.1510514263941396,51.3477788,MultiPolygon
way,23340632,Ivybridge Primary School,education_schools,-0.3343518105520077,51.455780450000006,MultiPolygon
way,23388084,Cardinal Road Nursery and Infant School,education_schools,-0.4078281145140565,51.4467228,MultiPolygon
way,23388092,Victoria Junior School,education_schools,-0.40784153628977143,51.44564445,MultiPolygon
way,23406906,,education_schools,-0.1700289252037148,51.62681685,MultiPolygon
way,23437559,Heathrow Primary School,education_schools,-0.46005168141363295,51.4900815,MultiPolygon
way,23438593,Harmondsworth Primary School,education_schools,-0.4800296302239979,51.486917250000005,MultiPolygon
way,23481212,Wandle Valley Academy,education_schools,-0.16943345434056822,51.3832441,MultiPolygon
way,23485744,Feltham Hill Infant and Nursery School,education_schools,-0.4234679496491225,51.439297350000004,MultiPolygon
way,23486327,Oasis Academy South Bank Primary,education_schools,-0.11149632103016374,51.50086415,MultiPolygon
way,23506401,Cowley St Laurence CofE Primary School,education_schools,-0.4804805321928257,51.525546000000006,MultiPolygon
way,23507820,Chalgrove Primary School,education_schools,-0.20654955048593227,51.5907857,MultiPolygon
way,23517767,West Acton Primary School,education_schools,-0.27778501932230026,51.5172674,MultiPolygon
way,23520898,Woodlane High School,education_schools,-0.23110461084212153,51.516922550000004,MultiPolygon
way,23546090,Edward Pauling Primary School,education_schools,-0.42689414980185936,51.4433779,MultiPolygon
way,23647908,Emanuel School,education_schools,-0.17350548968147683,51.45685845,MultiPolygon
way,23660149,Deanesfield Primary School,education_schools,-0.3902853847600142,51.558999799999995,MultiPolygon
way,23699299,Green Dragon Primary School,education_schools,-0.29605320653490086,51.48842295,MultiPolygon
way,23699604,Lionel Primary School,education_schools,-0.29623961793072917,51.493994650000005,MultiPolygon
way,23792421,St Paul's Church of England Primary School,education_schools,-0.30535812150988684,51.484651549999995,MultiPolygon
way,23792427,Brentford School for Girls,education_schools,-0.3063007372295204,51.48608315,MultiPolygon
way,23806472,Wood Field Primary School,education_schools,-0.15807107108578294,51.3564219,MultiPolygon
way,23860648,St Swithun Wells Catholic Primary School,education_schools,-0.39194710257466875,51.5641967,MultiPolygon
way,24038541,Lady Bankes Primary School,education_schools,-0.407863264667112,51.57055735,MultiPolygon
way,24058442,Hasmonean High School for Girls,education_schools,-0.23377839650524707,51.60386305,MultiPolygon
way,24058553,Dollis Primary School,education_schools,-0.22354739205129603,51.60806085,MultiPolygon
way,24265564,Gunnersbury Catholic School,education_schools,-0.31451315036287353,51.49248805,MultiPolygon
way,24317101,Dawlish Primary School,education_schools,-0.008814256789329795,51.5654016,MultiPolygon
way,24384626,Belmont Primary School,education_schools,-0.2626770379045146,51.4934857,MultiPolygon
way,24384849,St. Mary's Catholic Primary School,education_schools,-0.25724774210233525,51.487965200000005,MultiPolygon
way,24391696,St John's Church of England Primary & Nursery School,education_schools,-0.2998140029443255,51.4046364,MultiPolygon
way,24397610,Charlotte Sharman Primary School,education_schools,-0.1057036899918821,51.4959614,MultiPolygon
way,24420016,Notre Dame Catholic Girls' School,education_schools,-0.10629901973568905,51.4971262,MultiPolygon
way,24471188,Blue Gate Fields Junior School,education_schools,-0.05410279886863796,51.5101628,MultiPolygon
way,24489630,St Stephen's C E Primary School,education_schools,-0.32357396363987223,51.45683235,MultiPolygon
way,24496972,Welldon Park Infants & Nursery,education_schools,-0.35508295907494114,51.5597942,MultiPolygon
way,24524820,Dorchester Primary School,education_schools,-0.23123750352977418,51.38008225,MultiPolygon
way,24526012,Cheam Park Farm Primary Academy,education_schools,-0.21441917922514936,51.374570500000004,MultiPolygon
way,24526044,Cheam Park Farm Primary Academy (KS2),education_schools,-0.21348263353266678,51.371965149999994,MultiPolygon
way,24551236,Ruislip High School,education_schools,-0.41180324381129646,51.56292965,MultiPolygon
way,24579738,Cheam Common Junior Academy,education_schools,-0.23840597121018328,51.37614035,MultiPolygon
way,24579760,Cheam Common Infants' Academy,education_schools,-0.23786482046270138,51.37567655,MultiPolygon
way,24592268,The Elms Academy,education_schools,-0.13961115785664613,51.457246350000005,MultiPolygon
way,24605302,The William Hogarth Primary School,education_schools,-0.25599352817913634,51.48824215,MultiPolygon
way,24611384,Aldersbrook Primary School,education_schools,0.034668938799968324,51.564353,MultiPolygon
way,24611507,Wanstead High School,education_schools,0.036193904424887326,51.57485225,MultiPolygon
way,24620259,The Holy Cross School,education_schools,-0.26139515183275414,51.39788355,MultiPolygon
way,24673354,Barking Abbey School,education_schools,0.10349826120080571,51.54367045,MultiPolygon
way,24692967,Whitings Hill Primary School,education_schools,-0.21935152870696661,51.646081249999995,MultiPolygon
way,24707434,Central Park Primary School,education_schools,0.044203641787852334,51.52927535,MultiPolygon
way,24707678,New City Primary School,education_schools,0.03788963864672916,51.5247696,MultiPolygon
way,24750974,Wolf Fields Primary School,education_schools,-0.3769409882957592,51.49605895,MultiPolygon
way,24750984,,education_schools,-0.3807873355167495,51.4933825,MultiPolygon
way,24759856,Greenholm School,education_schools,-0.19123179462755074,51.35379575,MultiPolygon
way,24759857,Devonshire Primary School,education_schools,-0.18941194488619514,51.35405435,MultiPolygon
way,24777628,Barrow Hedges Primary School,education_schools,-0.1746492980516376,51.3524956,MultiPolygon
way,24788607,West Twyford Primary School,education_schools,-0.2836703765415747,51.53442175,MultiPolygon
way,24798086,Heathcote School & Science College,education_schools,0.012146143204940903,51.62653845,MultiPolygon
way,24804856,Hampton Court House,education_schools,-0.3444561735842643,51.4087914,MultiPolygon
way,24805046,St Michael's Catholic College,education_schools,-0.0675919273212045,51.4998905,MultiPolygon
way,24814561,Tower Bridge Primary School,education_schools,-0.07742467797391137,51.5017669,MultiPolygon
way,24817860,Strand-on-the-Green Junior School,education_schools,-0.28068827734556673,51.4875724,MultiPolygon
way,24822735,Southwark Park Primary School,education_schools,-0.05862617957139934,51.493854549999995,MultiPolygon
way,24830971,Eveline Lowe Primary School,education_schools,-0.06719367692413317,51.4870571,MultiPolygon
way,24830972,Eveline Lowe Primary School,education_schools,-0.06844390801242739,51.486327200000005,MultiPolygon
way,24839051,Riverside Primary School,education_schools,-0.0649386505279618,51.499293249999994,MultiPolygon
way,24876965,St Chad's Catholic Primary School,education_schools,-0.08457670231482665,51.393744,MultiPolygon
way,24877116,Heavers Farm Primary School,education_schools,-0.08111534943257716,51.3933848,MultiPolygon
way,24965268,Harbinger Primary School,education_schools,-0.020039501038040506,51.4893199,MultiPolygon
way,25134775,Orleans Primary School,education_schools,-0.32149444400594634,51.452329750000004,MultiPolygon
way,25338107,John Perryn Primary School,education_schools,-0.25576950080733424,51.51898195,MultiPolygon
way,25346495,Ruislip Gardens Primary School,education_schools,-0.42070929170516624,51.5614613,MultiPolygon
way,25355718,Parkside Primary School,education_schools,-0.014118849993397022,51.6248872,MultiPolygon
way,25366358,Hammersmith Academy,education_schools,-0.23615002593900342,51.502133,MultiPolygon
way,25367052,Greenside Primary School,education_schools,-0.2373708253835155,51.50348425,MultiPolygon
way,25446782,Woodbridge High School,education_schools,0.03245902618633414,51.60135335,MultiPolygon
way,25498046,Robin Hood Junior School,education_schools,-0.19589730261926636,51.36531295,MultiPolygon
way,25502196,Glebe Primary School,education_schools,-0.4358226915286554,51.5585744,MultiPolygon
way,25518110,Rushy Meadow Primary Academy,education_schools,-0.17307650665452,51.37350025,MultiPolygon
way,25518130,Carshalton Boys Sports College,education_schools,-0.17541023744923628,51.377890550000004,MultiPolygon
way,25525198,St Mark's Church of England Academy,education_schools,-0.15216716274491743,51.407939049999996,MultiPolygon
way,25536148,Hermitage Primary School,education_schools,-0.06620908754688981,51.5053682,MultiPolygon
way,25557513,Whitehall Primary School,education_schools,0.01256582508885,51.6253946,MultiPolygon
way,25568953,Hampton High,education_schools,-0.37366961488512707,51.4295116,MultiPolygon
way,25568954,Hampton School,education_schools,-0.3702941339685334,51.4295116,MultiPolygon
way,25568955,Lady Eleanor Holles School,education_schools,-0.36733778720685595,51.428261,MultiPolygon
way,25600906,Tweeddale Primary School,education_schools,-0.17963698770739034,51.3842529,MultiPolygon
way,25611561,Forest Gate Community School,education_schools,0.023050438916597936,51.5498531,MultiPolygon
way,25640584,Beal High School,education_schools,0.05065418576722379,51.58756595,MultiPolygon
way,25640670,Redbridge Primary School,education_schools,0.050576632569975764,51.5807673,MultiPolygon
way,25644465,Downsell Primary School,education_schools,0.000901938061538811,51.554366349999995,MultiPolygon
way,25646250,Bancroft's School,education_schools,0.02574430902662472,51.6201806,MultiPolygon
way,25684553,Swanlea School,education_schools,-0.06021084563851439,51.5208902,MultiPolygon
way,25717304,Allen Edwards Primary School,education_schools,-0.1276884796360607,51.47253385,MultiPolygon
way,25756930,St Mary Magdalene Church of England Primary School,education_schools,-0.06297084930952299,51.468407299999996,MultiPolygon
way,25786169,Woodford County High School,education_schools,0.018492504279832823,51.6069183,MultiPolygon
way,25815764,Queen's Manor Primary School,education_schools,-0.2219250069318376,51.479857,MultiPolygon
way,25820641,Iqra Primary School,education_schools,-0.12993575440743477,51.45515505,MultiPolygon
way,25860384,Mandeville Primary School,education_schools,-0.03975123428724392,51.5573639,MultiPolygon
way,25863903,Grove Park Primary School,education_schools,-0.27110500755317446,51.484523949999996,MultiPolygon
way,25872828,Kaizen Primary School,education_schools,0.027155453912050043,51.5211707,MultiPolygon
way,25872845,St Mary Abbots CofE Primary School,education_schools,-0.19216277737430026,51.502044999999995,MultiPolygon
way,25880918,Cavendish Primary School,education_schools,-0.2567546211657723,51.4812362,MultiPolygon
way,25886181,Hollydale Primary School,education_schools,-0.05270949805833886,51.4676452,MultiPolygon
way,25906265,Royal Docks Academy,education_schools,0.0357432355955359,51.5107871,MultiPolygon
way,25906340,St Joachim's Catholic Primary School,education_schools,0.030631130591254472,51.5113494,MultiPolygon
way,25906590,Rosetta Primary School,education_schools,0.02766514364959154,51.51550675,MultiPolygon
way,25953017,Deptford Park Primary School,education_schools,-0.037714640049685014,51.488438599999995,MultiPolygon
way,26014161,St Paul's Whitechapel Church of England Primary School,education_schools,-0.0659369951284537,51.5101918,MultiPolygon
way,26214649,,education_schools,-0.38878512532966836,51.56678775,MultiPolygon
way,26280408,Kew Green Preparatory School,education_schools,-0.29009495973292554,51.48583275,MultiPolygon
way,26295391,Derwentwater Primary School,education_schools,-0.2692774173929534,51.5101776,MultiPolygon
way,26401501,St Joseph's Catholic Primary and Nursery School,education_schools,-0.20003417819204383,51.459233100000006,MultiPolygon
way,26434042,Fenstanton Primary School,education_schools,-0.11386513248779076,51.4421399,MultiPolygon
way,26446233,The Elmgreen School,education_schools,-0.10217700183369731,51.43838755,MultiPolygon
way,26465894,Jubilee Primary School,education_schools,-0.1143193385518592,51.452203,MultiPolygon
way,26538134,Acland Burghley School,education_schools,-0.1402079357642474,51.5572783,MultiPolygon
way,26547666,Hallsville Primary School,education_schools,0.018375801764887047,51.51244735,MultiPolygon
way,26559499,Keir Hardie Primary School,education_schools,0.01967444442635242,51.51630455,MultiPolygon
way,26567500,Tiffin School,education_schools,-0.2949917673530945,51.41139545,MultiPolygon
way,26573991,Harris Girls' Academy East Dulwich,education_schools,-0.0549959898666319,51.45702985,MultiPolygon
way,26577980,,education_schools,-0.04961494962789143,51.45852135,MultiPolygon
way,26595111,Kentish Town Church of England Primary School,education_schools,-0.13956071007985021,51.5499713,MultiPolygon
way,26596152,Woodside Primary School,education_schools,-0.07293119685864036,51.38497385,MultiPolygon
way,26612294,Perseid School,education_schools,-0.19605831310273855,51.39647625,MultiPolygon
way,26613999,Archbishop Tenison's Church of England High School,education_schools,-0.08235685760298608,51.3694987,MultiPolygon
way,26619470,Nightingale Primary School,education_schools,0.03400963766285273,51.584728850000005,MultiPolygon
way,26634043,Ravensworth Primary School,education_schools,0.05167283281500024,51.429685,MultiPolygon
way,26734778,Townley Grammar School,education_schools,0.1389625511535405,51.4510772,MultiPolygon
way,26734858,Townley Grammar School,education_schools,0.14124654864993366,51.45072145,MultiPolygon
way,26734897,Blackfen School for Girls,education_schools,0.11266909220102618,51.448245,MultiPolygon
way,26735031,Bexley Grammar School,education_schools,0.1099280134094354,51.455944349999996,MultiPolygon
way,26735116,Danson Primary School,education_schools,0.10716435940690265,51.457574199999996,MultiPolygon
way,26735704,Cleeve Park School,education_schools,0.11834501965772445,51.427851700000005,MultiPolygon
way,26735831,Royal Park Primary Academy,education_schools,0.12989000036036602,51.43031205,MultiPolygon
way,26784313,Stewart Fleming Primary School,education_schools,-0.058240809364004956,51.40379885,MultiPolygon
way,26785787,Netley Primary School and Nursery,education_schools,-0.14015936742957746,51.527499750000004,MultiPolygon
way,27005891,The St Marylebone CofE School,education_schools,-0.15206507855793472,51.52211925,MultiPolygon
way,27027134,Birkbeck Primary School,education_schools,0.10684756607679215,51.4320977,MultiPolygon
way,27040770,Smallwood Primary School and Language Unit,education_schools,-0.17978207880498553,51.4311134,MultiPolygon
way,27070831,Mayville Academy,education_schools,0.0062727698735428605,51.5600948,MultiPolygon
way,27101809,Bessemer Grange Primary School,education_schools,-0.08730147005760402,51.45859755,MultiPolygon
way,27101890,Bessemer Grange Primary School,education_schools,-0.08812449771969813,51.4590321,MultiPolygon
way,27129828,Eleanor Palmer Primary School,education_schools,-0.13915810049850244,51.5548993,MultiPolygon
way,27161796,Denmead School,education_schools,-0.36547104844394873,51.42055245,MultiPolygon
way,27162637,Hampton Hill Junior School,education_schools,-0.359982093849298,51.427433199999996,MultiPolygon
way,27163431,Lady Eleanor Holles School - Junior Department,education_schools,-0.36657778470615965,51.4298455,MultiPolygon
way,27219670,Snowsfields Primary School,education_schools,-0.08390264929987222,51.50145705,MultiPolygon
way,27256844,Dulwich Village Church of England Infants' School (Francis Building),education_schools,-0.0861046692405979,51.4504496,MultiPolygon
way,27256903,Dulwich Village Church of England Infants' School (Lake Building),education_schools,-0.08649647670650615,51.4522583,MultiPolygon
way,27319204,Cherry Lane Primary School,education_schools,-0.46090922856419586,51.49781805,MultiPolygon
way,27328347,Malden Manor Primary and Nursery School,education_schools,-0.2621660594353076,51.386105650000005,MultiPolygon
way,27338140,St Michael's East Wickham Church of England Primary School,education_schools,0.12041333253746975,51.469728849999996,MultiPolygon
way,27366176,Lycée Français Charles de Gaulle,education_schools,-0.17651015256974606,51.494770599999995,MultiPolygon
way,27470424,Ilderton Primary School,education_schools,-0.05421579000289998,51.48539935,MultiPolygon
way,27485265,Harris Academy Morden,education_schools,-0.1794741593142026,51.392009599999994,MultiPolygon
way,27485326,St Teresa's Catholic Primary School,education_schools,-0.18236056460198963,51.3889532,MultiPolygon
way,27514562,Goodrich Community Primary School,education_schools,-0.06789004558525262,51.45002835,MultiPolygon
way,27514619,Summerhouse Primary Referral Unit,education_schools,-0.06868565303865926,51.45058425,MultiPolygon
way,27515337,St Anthony's Catholic Primary School,education_schools,-0.07184900053262813,51.449461549999995,MultiPolygon
way,27549846,Gateway Academy,education_schools,-0.17091934441944384,51.525595,MultiPolygon
way,27601645,Wren Academy Finchley,education_schools,-0.1668585926759305,51.6128914,MultiPolygon
way,27693807,Mitchell Brook Primary School,education_schools,-0.25603234565939414,51.54891,MultiPolygon
way,27771727,The James Oglethorpe Primary School,education_schools,0.2717682323451017,51.555922949999996,MultiPolygon
way,27784435,St Patrick's Catholic Primary School,education_schools,-0.14275276936353773,51.54927845,MultiPolygon
way,27821741,St Antony's Catholic Primary School,education_schools,0.025057910188906067,51.5408369,MultiPolygon
way,27821924,Elmhurst Primary School,education_schools,0.029160436010989065,51.5400516,MultiPolygon
way,27826000,Dulwich College,education_schools,-0.08528244120171478,51.438602599999996,MultiPolygon
way,27870458,St Vincent's Catholic Primary School,education_schools,-0.22263403169089693,51.61667905,MultiPolygon
way,27879755,St Joseph's Catholic Primary School,education_schools,-0.29476000560859195,51.4084804,MultiPolygon
way,28171341,St. Mary of the Angels Catholic Primary School,education_schools,-0.19797446453107798,51.51807365,MultiPolygon
way,28177848,Hallfield Primary School,education_schools,-0.18609053105803552,51.51472305,MultiPolygon
way,28278442,The Mount,education_schools,-0.22430320960071015,51.61532775,MultiPolygon
way,28304406,Mill Hill School,education_schools,-0.23263638764906625,51.617390400000005,MultiPolygon
way,28315811,Abbey Primary School,education_schools,-0.1978928743144542,51.384009899999995,MultiPolygon
way,28315845,Glenthorne High School,education_schools,-0.2006796234685549,51.3806315,MultiPolygon
way,28410174,The German School,education_schools,-0.30648063456429997,51.44594635,MultiPolygon
way,28458278,St James' CofE Junior School,education_schools,0.018701677186756565,51.5489145,MultiPolygon
way,28476626,Maryland Primary School,education_schools,0.008014153419035757,51.5497656,MultiPolygon
way,28483139,Whitmore High School,education_schools,-0.35316550944419633,51.573649450000005,MultiPolygon
way,28584815,Lister Community School,education_schools,0.027928125380665178,51.53247785,MultiPolygon
way,28585847,Southern Road Primary School,education_schools,0.03005432148318805,51.5307249,MultiPolygon
way,28674744,Portway Primary School,education_schools,0.017312903960055984,51.534579050000005,MultiPolygon
way,29001217,William Davies Primary School,education_schools,0.04159173390467108,51.5426789,MultiPolygon
way,29017857,Monega Primary School,education_schools,0.043331133861377456,51.54554335,MultiPolygon
way,29119562,Ickburgh School,education_schools,-0.03662977560972604,51.54779405,MultiPolygon
way,29120491,Belvedere Junior School,education_schools,0.15720560924068777,51.4907234,MultiPolygon
way,29120496,Belvedere Infant School,education_schools,0.15850059519776655,51.4907235,MultiPolygon
way,29150725,Avenue Primary School,education_schools,0.05026352700434472,51.5497883,MultiPolygon
way,29152376,Dersingham Primary School,education_schools,0.062213535422456806,51.54982085,MultiPolygon
way,29159469,Little Ilford School,education_schools,0.05870422189068132,51.547317500000005,MultiPolygon
way,29216568,St. Edward's Catholic Primary School,education_schools,0.037898851024722666,51.5330584,MultiPolygon
way,29216694,Cleves Primary School,education_schools,0.04291722859637082,51.53457280000001,MultiPolygon
way,29292139,St Stephen's Primary School,education_schools,0.03874932646043933,51.5381327,MultiPolygon
way,29333604,St Anselm's Catholic Primary School,education_schools,-0.34085678059461294,51.5759716,MultiPolygon
way,29360810,St Paul's Church of England Primary School,education_schools,-0.09925898851654019,51.486336800000004,MultiPolygon
way,29402593,Putney School of Art & Design,education_schools,-0.21272312827426976,51.4607434,MultiPolygon
way,29408456,Norbury School,education_schools,-0.33988590753707243,51.58366945,MultiPolygon
way,29428970,Turing House School,education_schools,-0.3706466837862626,51.44986135,MultiPolygon
way,29429490,Waldegrave School,education_schools,-0.3523924883643661,51.4395559,MultiPolygon
way,29429494,St James's Catholic Primary School,education_schools,-0.34520623450891585,51.43788205,MultiPolygon
way,29429899,Grange Primary School,education_schools,-0.3586023552987302,51.572481249999996,MultiPolygon
way,29480916,St Cuthbert with St Matthias CofE Primary School,education_schools,-0.19377409913113947,51.48971535,MultiPolygon
way,29548612,Curwen Primary School,education_schools,0.020059037178496816,51.529626750000006,MultiPolygon
way,29586576,King Solomon High School,education_schools,0.08835878783052964,51.593675149999996,MultiPolygon
way,30024364,The Tiffin Girls' School,education_schools,-0.3029918514023652,51.42526195,MultiPolygon
way,30049268,Grafton Primary School,education_schools,-0.11930420867336758,51.55893175,MultiPolygon
way,30073408,The Bridge Integrated Learning Space,education_schools,-0.10899245803178259,51.538095150000004,MultiPolygon
way,30073442,St Andrew's (Barnsbury) Church of England Primary School,education_schools,-0.11448349689189247,51.53821325,MultiPolygon
way,30079954,Thornhill Primary School,education_schools,-0.10986690361785159,51.5407311,MultiPolygon
way,30082454,Essex Primary School,education_schools,0.054153664992540984,51.5461807,MultiPolygon
way,30084050,Kensington Primary School,education_schools,0.05640333850806371,51.54220895,MultiPolygon
way,30084543,Plashet School,education_schools,0.04936194775561132,51.53999975,MultiPolygon
way,30124475,,education_schools,0.142322898121161,51.576324650000004,MultiPolygon
way,30240084,Harris Academy Peckham,education_schools,-0.07369211266463999,51.472721,MultiPolygon
way,30253129,Lathom Junior School,education_schools,0.05332851408675849,51.5376599,MultiPolygon
way,30253554,Hartley Primary School,education_schools,0.04980869168735594,51.5339076,MultiPolygon
way,30327581,Mayespark Primary School,education_schools,0.10654123362746844,51.55634885,MultiPolygon
way,30442892,Putney High School,education_schools,-0.21767845929675908,51.4568812,MultiPolygon
way,30450179,Vyners School,education_schools,-0.4621668957055654,51.5586442,MultiPolygon
way,30476117,Drayton Park Primary School,education_schools,-0.10581191933434977,51.5517581,MultiPolygon
way,30686618,William Tyndale Primary School,education_schools,-0.10134257531309653,51.542191349999996,MultiPolygon
way,30692180,Canonbury Primary School,education_schools,-0.10090128827961181,51.54507795,MultiPolygon
way,30694838,Altmore Infant School,education_schools,0.05843380026380397,51.536444700000004,MultiPolygon
way,30729994,,education_schools,-0.09699373225352342,51.5492614,MultiPolygon
way,30836799,Northwold Primary School,education_schools,-0.06417469718563831,51.56251415,MultiPolygon
way,30843183,Norlington School and 6th Form,education_schools,-0.001815555119244039,51.567169750000005,MultiPolygon
way,30845915,Sacred Heart Catholic Primary School,education_schools,-0.1134166815473365,51.55035395,MultiPolygon
way,30896439,Montem Primary School,education_schools,-0.11499167503409735,51.5610705,MultiPolygon
way,30899217,St John Vianney RC Primary School,education_schools,-0.09688306015525272,51.58581315,MultiPolygon
way,30900570,West Green Primary School,education_schools,-0.09310748156964749,51.585504650000004,MultiPolygon
way,30902427,Arts and Media School Islington,education_schools,-0.11550325623800314,51.5676075,MultiPolygon
way,30904031,Christ The King Catholic Primary School,education_schools,-0.11495186206016621,51.5663306,MultiPolygon
way,31014918,St John's Walham Green Church of England Primary School,education_schools,-0.20928417924814152,51.47703565,MultiPolygon
way,31026845,Laycock Primary School,education_schools,-0.104640496029173,51.544208499999996,MultiPolygon
way,31292885,West Lea School,education_schools,-0.0776968423652796,51.623206999999994,MultiPolygon
way,31314467,Sheringham Primary School,education_schools,0.05950528520574504,51.55346165,MultiPolygon
way,31314694,Sir John Heron Primary School,education_schools,0.05547677635473695,51.55162835,MultiPolygon
way,31318091,Cleveland Road Primary School,education_schools,0.07482152110812298,51.55455605,MultiPolygon
way,31356476,Salisbury Primary School,education_schools,0.04674314283984414,51.549696749999995,MultiPolygon
way,31634443,New River College Secondary,education_schools,-0.11302072907300412,51.547437349999996,MultiPolygon
way,31637611,St Charles Catholic Primary School,education_schools,-0.2147399517365734,51.52126165,MultiPolygon
way,31637773,All Saints Catholic College,education_schools,-0.21405126869631025,51.52066945,MultiPolygon
way,31799959,Wetherby School,education_schools,-0.18607676669097395,51.4917401,MultiPolygon
way,31865074,Goldbeaters Primary School,education_schools,-0.2575195646420483,51.60424245,MultiPolygon
way,31865080,Woodcroft Primary School,education_schools,-0.25322320529463693,51.60837005,MultiPolygon
way,31874456,Ravenscroft Primary School,education_schools,0.022371595987189827,51.520511150000004,MultiPolygon
way,32151960,Cumberland Community School,education_schools,0.03553278179754479,51.5214881,MultiPolygon
way,32151962,Tollgate Primary School,education_schools,0.03469594541607918,51.519863799999996,MultiPolygon
way,32266477,St. Mary Magdalene Academy,education_schools,-0.11055223256988375,51.54699275,MultiPolygon
way,32381676,Brandlehow Primary School,education_schools,-0.20650877673668533,51.461317,MultiPolygon
relation,11000918,Hillyfield Primary Academy,education_schools,-0.01940422641438097,51.596459949999996,MultiPolygon
way,32623046,Marlborough Primary School,education_schools,-0.3405749474341978,51.589631600000004,MultiPolygon
way,32644420,Christ's College Finchley,education_schools,-0.187519326479394,51.591991199999995,MultiPolygon
way,32644445,Brookland Infant & Junior School,education_schools,-0.18809599999114346,51.5898753,MultiPolygon
way,32645272,Oak Lodge School,education_schools,-0.17738558489027456,51.58946865,MultiPolygon
way,32645416,Bishop Douglass Catholic School,education_schools,-0.17919928249240236,51.5943836,MultiPolygon
way,32687839,Norbiton Children's Centre,education_schools,-0.27524293762949464,51.4053803,MultiPolygon
way,32853872,St Mary's Church of England Primary School (nursery to year 2),education_schools,-0.11483446792975968,51.5871979,MultiPolygon
way,32863513,Campsbourne Infant School,education_schools,-0.12174222093008447,51.59035355,MultiPolygon
way,32930164,Christ Church New Malden CofE Primary School,education_schools,-0.26617775,51.4041189,MultiPolygon
way,32954340,King's Oak Primary School,education_schools,-0.2757441261394801,51.405085,MultiPolygon
way,32986557,Carlisle Infant School,education_schools,-0.3638690668344814,51.42340375,MultiPolygon
way,33178658,Hanover Primary School,education_schools,-0.09811457404060084,51.53298065,MultiPolygon
way,33181954,Ark Bentworth Primary Academy,education_schools,-0.2325669309019645,51.515332400000005,MultiPolygon
way,33183065,Old Oak Primary School,education_schools,-0.2439574183682767,51.5180364,MultiPolygon
way,33234398,Archdeacon Cambridge's Church of England Primary School,education_schools,-0.34203794040495406,51.4420736,MultiPolygon
way,33324168,Grove Primary School,education_schools,-0.0827584750322401,51.465273749999994,MultiPolygon
way,33324170,James Allen's Girls' School,education_schools,-0.08657245803670018,51.4565719,MultiPolygon
way,33488580,St Luke's CofE Primary School,education_schools,-0.09186096424816736,51.52643925,MultiPolygon
way,33522329,Grimsdyke School,education_schools,-0.3756391750368402,51.61272975,MultiPolygon
way,33683815,Penwortham Primary School,education_schools,-0.14670938483645662,51.4218901,MultiPolygon
way,33683860,Goldfinch Primary School,education_schools,-0.14057470568909755,51.42131645,MultiPolygon
way,33704467,Heber Primary School,education_schools,-0.07364700515291628,51.452842149999995,MultiPolygon
way,33779259,St George the Martyr Church of England Primary School,education_schools,-0.11686938072851355,51.5224743,MultiPolygon
way,34039963,Star Primary School,education_schools,0.0061444299324538865,51.520965849999996,MultiPolygon
way,34064923,Eastlea Community School,education_schools,0.005763252526247096,51.522120349999994,MultiPolygon
way,34066480,City of London Academy Islington,education_schools,-0.09749611230715204,51.53598595,MultiPolygon
way,34083444,Moreland Primary School,education_schools,-0.09929598005171167,51.52861395,MultiPolygon
way,34117804,Gainsborough Primary School,education_schools,0.006496335826771496,51.5252072,MultiPolygon
way,34118271,Rokeby School,education_schools,0.015938593384891585,51.51855575,MultiPolygon
way,34150469,Thomas Jones Primary School,education_schools,-0.21136233966673512,51.51566785,MultiPolygon
way,34185587,Saint Francis of Assisi Catholic Primary School,education_schools,-0.21708909469697213,51.512147999999996,MultiPolygon
way,34212155,St John XXIII Catholic Primary School,education_schools,-0.23255647574936164,51.512131,MultiPolygon
way,34214424,Carpenters Primary School,education_schools,-0.005629314057898346,51.53656225,MultiPolygon
way,34227494,St Clement and St James C of E Primary School,education_schools,-0.21149629406866027,51.5093873,MultiPolygon
way,34255195,The John Lyon School,education_schools,-0.34409334203167297,51.5715453,MultiPolygon
way,34754031,West Hampstead Primary School,education_schools,-0.19948290737735164,51.5506642,MultiPolygon
way,34766093,St Joseph's College,education_schools,-0.10740211008131498,51.42110275,MultiPolygon
way,34795257,The Kingston Academy,education_schools,-0.30224054154834284,51.42388285,MultiPolygon
way,34795384,Fern Hill Primary School,education_schools,-0.3015375539302415,51.423357550000006,MultiPolygon
way,34830089,The Mulberry House School,education_schools,-0.20793565353590518,51.551192799999995,MultiPolygon
way,34850498,Cumnor House School for Girls,education_schools,-0.13982034643564875,51.340427000000005,MultiPolygon
way,34869695,Kingsgate Primary School,education_schools,-0.19668056673626047,51.5434032,MultiPolygon
way,34875740,Kisharon Day School,education_schools,-0.19819934713154347,51.578823549999996,MultiPolygon
way,35208899,Rye Oak Primary School,education_schools,-0.06322439988216982,51.4642677,MultiPolygon
way,35392883,The Hollyfield School and Sixth Form Centre,education_schools,-0.29863710873338434,51.3964151,MultiPolygon
way,35418616,Courtland School,education_schools,-0.2522871571601438,51.6273865,MultiPolygon
way,35428079,John Donne Primary School,education_schools,-0.06181082370565624,51.473337599999994,MultiPolygon
way,35781080,Oasis Academy Putney,education_schools,-0.22854250387399463,51.4691576,MultiPolygon
way,35921041,Colindale Primary School,education_schools,-0.24691178033336741,51.58909985,MultiPolygon
way,35997707,Farringtons School,education_schools,0.08399629014678893,51.413806550000004,MultiPolygon
way,35997709,Midfield Primary School,education_schools,0.10292571563180067,51.41021915,MultiPolygon
way,35997710,St Peter and St Paul Catholic Primary School,education_schools,0.08757457288660081,51.4054869,MultiPolygon
way,36072980,Kemnal Technology College,education_schools,0.11031056213161625,51.41193725,MultiPolygon
way,36072981,Gray's Farm Primary Academy,education_schools,0.1119916620101164,51.40725675,MultiPolygon
way,36110581,Hillcross Primary School,education_schools,-0.2102921021432334,51.3985788,MultiPolygon
way,36805590,Grange Primary School,education_schools,0.016303955110823973,51.52427445,MultiPolygon
way,36884646,Harris Boys' Academy East Dulwich,education_schools,-0.0646718660114064,51.45623485,MultiPolygon
way,37181150,Phoenix School,education_schools,-0.026770837872417658,51.5276662,MultiPolygon
way,37207656,Malmesbury Primary School,education_schools,-0.029186305179030897,51.5278964,MultiPolygon
way,37228609,Gayhurst Community School,education_schools,-0.062234741497723435,51.541988599999996,MultiPolygon
way,37238083,Olga Primary School,education_schools,-0.036664258438081916,51.53073185,MultiPolygon
way,37371133,Haverstock School,education_schools,-0.153193182845633,51.54483195,MultiPolygon
way,37418205,Meadlands Primary School,education_schools,-0.31497242185975644,51.4347019,MultiPolygon
way,37418206,Grey Court School,education_schools,-0.31131167523369335,51.43818855000001,MultiPolygon
way,37521804,Jewish Day School,education_schools,-0.38418433415628506,51.57473905,MultiPolygon
way,37538559,Newnham School,education_schools,-0.3930393103674699,51.5742752,MultiPolygon
way,37746181,Keyworth Primary School,education_schools,-0.10469933685516711,51.48677305,MultiPolygon
way,37754176,Garden House School,education_schools,-0.15778741343639624,51.48986705,MultiPolygon
way,37760217,Keys Meadow Primary School,education_schools,-0.026529418343793736,51.675427049999996,MultiPolygon
way,37798940,Chelsea Academy,education_schools,-0.1828469996207383,51.4782579,MultiPolygon
way,37875094,Thomas Buxton Primary School,education_schools,-0.06591254202453932,51.521971300000004,MultiPolygon
way,37889328,Chelsfield Primary School,education_schools,0.1277885737541058,51.3577851,MultiPolygon
way,37965092,Belmore Primary Academy,education_schools,-0.4007791463249021,51.5317473,MultiPolygon
way,37965093,Barnhill Community High School,education_schools,-0.3986040955588481,51.530566449999995,MultiPolygon
way,37965128,Brookside Primary School,education_schools,-0.39457537208091853,51.5303415,MultiPolygon
way,37978065,Henry Cavendish Primary School Streatham Site,education_schools,-0.1318904916313361,51.43707925,MultiPolygon
way,38083627,"The City Academy, Hackney",education_schools,-0.049938432352439555,51.5489139,MultiPolygon
way,38087580,St Columba's Catholic Boys' School,education_schools,0.15450058899038033,51.45192435,MultiPolygon
way,38118926,Fox Primary School,education_schools,-0.1970727539857657,51.50722065,MultiPolygon
way,38160407,"Broadoak Campus, Abbey Manor College",education_schools,0.011059639132149529,51.45488345,MultiPolygon
way,38258785,Park Academy West London,education_schools,-0.4610744403336322,51.519690600000004,MultiPolygon
way,38258786,Colham Manor Primary School,education_schools,-0.4580017515525471,51.52175685,MultiPolygon
way,38421686,Downe Primary School,education_schools,0.05663283672055262,51.337228550000006,MultiPolygon
relation,10998524,Chingford CofE Primary School,education_schools,0.005012448152722946,51.62967625,MultiPolygon
way,38574289,Sacred Heart Roman Catholic Primary School,education_schools,-0.16446885252142962,51.6293433,MultiPolygon
way,38582949,St Winifred's Catholic Junior School,education_schools,0.00978961867782055,51.4477932,MultiPolygon
way,38661685,Sacred Heart Catholic Primary School,education_schools,-0.4259299587362149,51.567285999999996,MultiPolygon
way,38820877,Earlsmead Primary School,education_schools,-0.06865564246486677,51.58401805,MultiPolygon
way,38822080,Tyssen School and Children's Centre,education_schools,-0.06651406777379226,51.5692644,MultiPolygon
way,38833514,Warren Road Primary School,education_schools,0.09186466846178742,51.360887899999994,MultiPolygon
way,38863030,Leigh Stationers' Academy,education_schools,0.07554631479065739,51.453531850000005,MultiPolygon
way,38865774,The Highway Primary School,education_schools,0.11047684698750926,51.360076899999996,MultiPolygon
way,38866894,All Saints CofE Primary School,education_schools,-0.08672857392139799,51.41214095,MultiPolygon
way,39116563,Fortismere School,education_schools,-0.15265830799372698,51.593563849999995,MultiPolygon
way,39398254,Pickhurst,education_schools,0.005725703205076015,51.3855841,MultiPolygon
way,39445289,Lammas School,education_schools,-0.02539739793725295,51.566306850000004,MultiPolygon
way,39498160,Crawford Primary School,education_schools,-0.09530339758003906,51.47223794999999,MultiPolygon
way,39502488,Comber Grove Primary School,education_schools,-0.09708562172112528,51.477616499999996,MultiPolygon
way,39528953,St John the Divine Church of England Primary School,education_schools,-0.10377299387359962,51.47908525,MultiPolygon
way,39643183,Beaconsfield Primary School,education_schools,-0.3822181324078925,51.50797935,MultiPolygon
way,39698474,Saint Gabriel's College,education_schools,-0.10232617326793383,51.47599795,MultiPolygon
way,39895357,Haseltine Primary School,education_schools,-0.036755346888292614,51.428012249999995,MultiPolygon
way,40253030,Christ Church Church of England Primary School,education_schools,-0.14431924280216527,51.53075855,MultiPolygon
way,40325260,Roman Road Primary School,education_schools,0.04473819029590702,51.52189695,MultiPolygon
way,40493401,Morpeth School,education_schools,-0.048519089721792405,51.5268119,MultiPolygon
way,40527851,Jessop Primary School,education_schools,-0.10105739730740193,51.460084800000004,MultiPolygon
way,40693921,Hope Community School,education_schools,0.11949964408099378,51.41942845,MultiPolygon
way,40798001,London Academy,education_schools,-0.2891587523951862,51.6221744,MultiPolygon
way,41151620,Ellen Wilkinson Primary School,education_schools,0.04530226533647899,51.5159161,MultiPolygon
way,41182873,St Alban's Church of England Primary School,education_schools,-0.11109880863962934,51.52016955,MultiPolygon
way,41234525,East Barnet School,education_schools,-0.1549328212763993,51.642906999999994,MultiPolygon
way,41391147,Lift Bexleyheath,education_schools,0.14404298802599724,51.4606468,MultiPolygon
way,41421015,St Theresa's Catholic Primary School,education_schools,-0.18840898025746072,51.59469895,MultiPolygon
way,41670356,Manorside Primary School,education_schools,-0.18135454820202546,51.6009562,MultiPolygon
way,41670358,Tudor Primary School,education_schools,-0.1771052535558832,51.600173999999996,MultiPolygon
way,41690535,St Gabriel's College,education_schools,-0.10597227542420887,51.473714349999995,MultiPolygon
way,41742357,North Beckton Primary School,education_schools,0.05735624933604215,51.517917,MultiPolygon
way,41956891,Mulberry Academy Woodside,education_schools,-0.10084073860122746,51.60326805,MultiPolygon
way,42003196,St Francis de Sales Catholic Infant & Junior School,education_schools,-0.06883543075928134,51.6027759,MultiPolygon
way,42022407,JFS,education_schools,-0.2816820399999995,51.5816691,MultiPolygon
way,42023427,Yeading Infant and Nursery School,education_schools,-0.39838795813632777,51.52158915,MultiPolygon
way,42023428,Yeading Junior School,education_schools,-0.39966602622994796,51.5222914,MultiPolygon
way,42230578,St Paul's Academy,education_schools,0.10581096495861374,51.49281605,MultiPolygon
way,42314298,Kings Avenue School,education_schools,-0.12985266749195362,51.4569452,MultiPolygon
way,42383594,St Thomas More Catholic School,education_schools,-0.10764755867988146,51.6040353,MultiPolygon
way,42388133,,education_schools,-0.07177010598710956,51.590525549999995,MultiPolygon
way,42388540,Welbourne Primary School,education_schools,-0.06645076850287007,51.58853055,MultiPolygon
way,42567722,Elm Park Primary School,education_schools,0.20359442894058624,51.55001385,MultiPolygon
way,42971557,Holmleigh Primary School,education_schools,-0.07512306663157887,51.56999435,MultiPolygon
way,42998927,St Mary's Church of England Primary School,education_schools,-0.10026457887492388,51.5396336,MultiPolygon
way,42999284,"City of London Academy, Highgate Hill",education_schools,-0.12952760164516264,51.56797525,MultiPolygon
way,43346202,St Richard Reynolds Catholic College,education_schools,-0.33501423629582106,51.4478619,MultiPolygon
way,43410550,Longfield Primary School,education_schools,-0.36961052486833645,51.580359650000005,MultiPolygon
way,43587554,Little Ealing Primary School,education_schools,-0.30927602372222507,51.498261049999996,MultiPolygon
way,43587555,Mount Carmel Catholic Primary School,education_schools,-0.310303429887123,51.49791625,MultiPolygon
way,43893073,Grange Primary School,education_schools,-0.30478744222026954,51.50317045,MultiPolygon
way,43914544,Warrender Primary School,education_schools,-0.41439973126348306,51.5775611,MultiPolygon
way,43935421,Thomas Fairchild Community School,education_schools,-0.09111846917386028,51.5331501,MultiPolygon
way,43996029,Rushmore Primary School,education_schools,-0.04625031674585911,51.554693549999996,MultiPolygon
way,44072412,Radnor House,education_schools,-0.3313027488905459,51.4420446,MultiPolygon
way,44677809,Parish Church of England Primary School,education_schools,0.013829707101773872,51.415850899999995,MultiPolygon
way,44929728,Millfields Community School,education_schools,-0.05125709358466531,51.555631500000004,MultiPolygon
way,45167884,International School of London,education_schools,-0.2827725550402851,51.4957649,MultiPolygon
way,45241140,,education_schools,-0.2144022614079887,51.5964601,MultiPolygon
way,45515145,Nightingale Community Academy,education_schools,-0.1720020448520303,51.4409311,MultiPolygon
way,45696265,Harlyn Primary School,education_schools,-0.40241542448797873,51.596258500000005,MultiPolygon
way,45729589,The Annunciation R.C. Junior School,education_schools,-0.2581105621846515,51.611951250000004,MultiPolygon
way,45877463,Oliver Goldsmith Primary School,education_schools,-0.25772304061111106,51.5829227,MultiPolygon
way,45932159,Kenmore Park Junior School,education_schools,-0.29755188890446627,51.5939015,MultiPolygon
way,45932241,St Bernadette's Catholic Primary School,education_schools,-0.29023576972743553,51.58898945,MultiPolygon
way,45932245,Glebe Primary School,education_schools,-0.2962747590164326,51.59163605,MultiPolygon
way,45942306,Harrow High School,education_schools,-0.3261371672960395,51.57962875,MultiPolygon
way,45942581,Weald Rise Primary School,education_schools,-0.331598262549591,51.60734305,MultiPolygon
way,45942818,Elmgrove Primary School & Nursery,education_schools,-0.32191141526323586,51.588650650000005,MultiPolygon
way,45953182,Canons High School,education_schools,-0.2876845580737023,51.5990692,MultiPolygon
way,45953332,The Village School,education_schools,-0.2647763557103156,51.5901248,MultiPolygon
way,45975769,Mathilda Marks-Kennedy Jewish Primary School,education_schools,-0.25485356959215155,51.615592649999996,MultiPolygon
way,46184284,Snaresbrook Primary School,education_schools,0.02407389268509222,51.5859159,MultiPolygon
way,46508561,St. Paul's Church of England Primary School,education_schools,-0.2309178475447617,51.6201878,MultiPolygon
way,46829329,Parkfield Primary School,education_schools,-0.23305312928972027,51.576556999999994,MultiPolygon
way,46890770,John Perry Primary School,education_schools,0.17161110388071282,51.54141625,MultiPolygon
way,46928420,The Leys Primary School,education_schools,0.1677622573231378,51.5359093,MultiPolygon
way,47303441,Albion Primary School,education_schools,-0.051528083919600356,51.499878100000004,MultiPolygon
way,47313970,Redriff Primary School,education_schools,-0.03692193995247102,51.50187425,MultiPolygon
way,47322661,Alfred Salter Primary School,education_schools,-0.04338500457385371,51.4995115,MultiPolygon
way,47659515,Hillside Infant and Junior Schools,education_schools,-0.4106674655031537,51.60809055,MultiPolygon
way,47975407,South Chingford Foundation School,education_schools,-0.012069404781188058,51.6040042,MultiPolygon
way,47975433,Selwyn Primary School,education_schools,-0.0065282335945734135,51.60586075,MultiPolygon
way,47975449,Highams Park School,education_schools,0.0044891844403546904,51.607862049999994,MultiPolygon
way,47975450,Joseph Clarke School,education_schools,0.003623900940212606,51.60653405,MultiPolygon
way,47976065,St Aubyn's School,education_schools,0.01745330066394835,51.60275525,MultiPolygon
way,48045086,Angel Oak Academy,education_schools,-0.0789096520195838,51.4805472,MultiPolygon
way,48146600,Watergate School,education_schools,-0.02203612002600251,51.424963,MultiPolygon
way,48180774,St Paul's Girls' School,education_schools,-0.2185675040393663,51.494895,MultiPolygon
way,48188811,St Michael's CE Primary School,education_schools,-0.11359425923469449,51.59936595,MultiPolygon
way,48199614,Sir Thomas Abney Primary School,education_schools,-0.08237359321061759,51.5706584,MultiPolygon
way,48200168,St Ignatius RC Primary School,education_schools,-0.07469321870753023,51.57699805,MultiPolygon
way,48200172,Gladesmore Community School,education_schools,-0.06603482707293656,51.580179799999996,MultiPolygon
way,48232345,Lea Valley Primary School,education_schools,-0.06077843791219528,51.603866100000005,MultiPolygon
way,48232352,Duke's Aldridge Academy,education_schools,-0.06350404213088122,51.60432325,MultiPolygon
way,48244622,Harris Primary Academy Coleraine Park,education_schools,-0.05893904105687604,51.59803545,MultiPolygon
way,48244907,Ferry Lane Primary School,education_schools,-0.05837886451962763,51.585415,MultiPolygon
way,48277398,The Willow Primary School,education_schools,-0.08204423922897754,51.59616395,MultiPolygon
way,48277399,,education_schools,-0.08043920703007576,51.5961295,MultiPolygon
way,48278216,Harris Primary Academy Philip Lane,education_schools,-0.0874096932363361,51.587372200000004,MultiPolygon
way,48286050,Lancasterian Primary School,education_schools,-0.07181685791296713,51.6016429,MultiPolygon
way,48286082,The Devonshire Hill Nursery & Primary School,education_schools,-0.08101269417019748,51.60756365,MultiPolygon
way,48290914,St Martin of Porres Catholic Primary School,education_schools,-0.13319843637617354,51.60766115,MultiPolygon
way,48290918,Bounds Green Infant School,education_schools,-0.1239433119779666,51.60578595,MultiPolygon
way,48290949,Earlham Primary School,education_schools,-0.10846587358305268,51.6028574,MultiPolygon
way,48345772,South Grove Primary School,education_schools,-0.0824719841427837,51.5829039,MultiPolygon
relation,10999866,Forest School,education_schools,0.01479067517577079,51.58784995,MultiPolygon
way,48360635,Our Lady of Lourdes RC Primary School,education_schools,0.01970872196115947,51.5747135,MultiPolygon
way,48369296,Big Creative Academy,education_schools,-0.0384080975435816,51.5887675,MultiPolygon
way,48369308,Coppermill Primary School,education_schools,-0.03996164140625,51.58124825,MultiPolygon
way,48371918,Roger Ascham Primary School,education_schools,-0.02690178707264133,51.5986176,MultiPolygon
way,48387672,South Grove Primary School,education_schools,-0.029398481365515518,51.5781982,MultiPolygon
way,48387675,St Saviour's Church of England Primary School,education_schools,-0.030164954918972673,51.57307175,MultiPolygon
way,48407867,Emmanuel Community School,education_schools,-0.014189020716816693,51.58755675,MultiPolygon
way,48435164,Frederick Bremer School,education_schools,-0.0035988545754840253,51.5943216,MultiPolygon
way,48435358,Thorpe Hall Primary School,education_schools,-0.0023281518652916236,51.59773585,MultiPolygon
relation,11007207,Henry Maynard Primary School,education_schools,-0.005259975906742116,51.5820392,MultiPolygon
relation,11007205,The Woodside Primary Academy,education_schools,-0.0037833599217539414,51.5911476,MultiPolygon
way,48436683,George Tomlinson Primary School,education_schools,0.008977027190201157,51.5663323,MultiPolygon
way,48562644,Godwin Junior School,education_schools,0.02922315746625759,51.55211,MultiPolygon
way,48562669,Woodgrange Infant School,education_schools,0.02896965158549819,51.55130805,MultiPolygon
way,48647826,Stratford Manor Primary School & Nursery,education_schools,0.0055634177259626435,51.53150945,MultiPolygon
way,48654218,Selwyn Primary School,education_schools,0.024244882234626692,51.53618815,MultiPolygon
way,48659750,School 21,education_schools,0.001153513534054473,51.53783565,MultiPolygon
way,48700380,Langdon Academy,education_schools,0.06875433924327781,51.532805499999995,MultiPolygon
way,48735034,Scott Wilkie Primary School,education_schools,0.03787044228963142,51.514038,MultiPolygon
way,48735037,Calverton Primary School,education_schools,0.04158252022751517,51.51148035,MultiPolygon
way,48752525,St Luke's Primary School,education_schools,0.01403900893641858,51.51322315,MultiPolygon
way,48775192,Latchmere School,education_schools,-0.29406487753734667,51.42259185,MultiPolygon
way,48915773,,education_schools,-0.14054911267051007,51.56768645,MultiPolygon
way,48967955,The Archer Academy,education_schools,-0.1700298084883672,51.5917313,MultiPolygon
way,48976430,Rokesly Junior and Infant School,education_schools,-0.12016649466874141,51.582983049999996,MultiPolygon
way,49011907,TreeHouse School,education_schools,-0.15090547055530507,51.5874049,MultiPolygon
way,49015941,Hollickwood Primary School,education_schools,-0.14492538892171591,51.604944950000004,MultiPolygon
way,49121519,Gospel Oak Primary School,education_schools,-0.15200032000523483,51.555132900000004,MultiPolygon
way,49136187,John Stainer Community Primary School,education_schools,-0.0391521299925609,51.46424815,MultiPolygon
way,49162504,Hatfeild Primary School,education_schools,-0.2184158509596455,51.3913661,MultiPolygon
way,49182683,Mapledown School,education_schools,-0.21970229801948254,51.5740616,MultiPolygon
way,49182684,Clarion,education_schools,-0.21780440327830133,51.573863149999994,MultiPolygon
way,49300646,St Mary's and St John's CofE School (Neale House Campus),education_schools,-0.22783936005407907,51.58504895,MultiPolygon
way,49302215,Anson Primary School,education_schools,-0.2193544915327822,51.5534725,MultiPolygon
way,49302218,Gladstone Park Primary School,education_schools,-0.2338073276123486,51.55206685,MultiPolygon
way,49522680,Our Lady of Grace Catholic Junior School,education_schools,-0.2328595430033567,51.56149155,MultiPolygon
way,49674351,Princess Frederica CofE Primary School,education_schools,-0.22465707547268945,51.53307455,MultiPolygon
way,49676333,Brentfield Primary School,education_schools,-0.2627340472567127,51.546857450000005,MultiPolygon
way,49696009,Newman Catholic College,education_schools,-0.2383164993782716,51.53794605,MultiPolygon
way,49696010,Furness Primary School,education_schools,-0.23860690952790392,51.533825199999995,MultiPolygon
way,49696241,St Joseph's Roman Catholic Primary School,education_schools,-0.2507469345463773,51.54358845,MultiPolygon
way,49696335,Donnington Primary School,education_schools,-0.23362813204783459,51.54180195,MultiPolygon
way,49745675,Phoenix Academy,education_schools,-0.23749135241935404,51.512944399999995,MultiPolygon
way,49745676,Wormholt Park Primary School,education_schools,-0.23846426891953426,51.51179325,MultiPolygon
way,49771266,Adamsrill Primary School,education_schools,-0.04163600864642299,51.43061665,MultiPolygon
relation,14550618,St Michael's Church of England Primary School,education_schools,-0.04130183399785468,51.4292349,MultiPolygon
way,49865485,,education_schools,0.05978134137619033,51.480121249999996,MultiPolygon
way,50071564,Prior Weston Primary School and Children's Centre,education_schools,-0.0934446887216703,51.521708149999995,MultiPolygon
way,50258659,Our Lady and St Joseph Catholic Primary School,education_schools,-0.019753766404136393,51.5097014,MultiPolygon
way,50408569,Culloden Primary,education_schools,-0.006771203203244541,51.51331945,MultiPolygon
way,50575729,Bygrove Primary School,education_schools,-0.018838493827423926,51.5125068,MultiPolygon
way,50584596,Mayflower Primary School,education_schools,-0.01992693814878892,51.5117507,MultiPolygon
way,50592256,Tufnell Park Primary School,education_schools,-0.12974563252291588,51.55436455,MultiPolygon
way,50668372,The Excelsior Academy,education_schools,-0.06976824845189958,51.5517703,MultiPolygon
way,50695380,Berger Primary School,education_schools,-0.044660705876521024,51.546164149999996,MultiPolygon
way,50763606,Cypress Primary School,education_schools,-0.08236798584971275,51.40815705,MultiPolygon
way,50810360,Stepney Greencoat Church of England Primary School,education_schools,-0.032423014828867294,51.51391365,MultiPolygon
way,50823532,Stebon Primary School,education_schools,-0.026500657327975848,51.5165903,MultiPolygon
way,50825769,The Clara Grant Primary School,education_schools,-0.02005747065954784,51.5215787,MultiPolygon
way,50843730,Waterside Academy,education_schools,-0.07738773989706837,51.53869575,MultiPolygon
way,50934644,Eltham Church of England Primary School,education_schools,0.05629693466773256,51.4518841,MultiPolygon
relation,15317809,The Garden School,education_schools,-0.07831338389678322,51.55406065,MultiPolygon
way,51226743,Stoke Newington School & Sixth Form,education_schools,-0.08412868455018674,51.559071450000005,MultiPolygon
way,51233444,St Agnes RC Primary School,education_schools,-0.018702613947570442,51.527401499999996,MultiPolygon
way,51281671,Marner Primary School,education_schools,-0.012707266682761603,51.522744849999995,MultiPolygon
way,51452078,Surbiton High Junior Girls School,education_schools,-0.30244656334792164,51.3998974,MultiPolygon
way,51453545,Surbiton High School Assembly Rooms,education_schools,-0.30262675623188434,51.3988897,MultiPolygon
way,51550273,Ian Mikardo School,education_schools,-0.013325645037986123,51.524809250000004,MultiPolygon
way,51574416,St. Dominic's Catholic Primary School,education_schools,-0.037687448213875735,51.545484349999995,MultiPolygon
way,51740961,Mulberry Stepney Green Mathematics and Computing College,education_schools,-0.042163853683914544,51.5185319,MultiPolygon
way,51782319,Drew Primary School,education_schools,0.0470989622844465,51.503139250000004,MultiPolygon
way,51787168,Oasis Academy Silvertown,education_schools,0.027485464523809303,51.502584999999996,MultiPolygon
way,51876153,Manorfield Primary School,education_schools,-0.013077309832942748,51.5182117,MultiPolygon
way,52083165,St Joseph's Catholic Primary School,education_schools,0.07687531360828086,51.534231500000004,MultiPolygon
way,52083166,St Margarets C of E Primary School,education_schools,0.07559417267704698,51.53650585,MultiPolygon
way,52119553,John Scurr Primary School,education_schools,-0.05232938683750395,51.52212525,MultiPolygon
way,52175673,Jo Richardson Community School,education_schools,0.12466687971886532,51.53314935,MultiPolygon
way,52199263,St Anne's and Guardian Angels Catholic Primary School,education_schools,-0.06859397207392282,51.52131765,MultiPolygon
way,52246914,English Martyrs Roman Catholic Primary School,education_schools,-0.07183911741350843,51.51262765,MultiPolygon
way,52516700,New Directions,education_schools,0.06608421941302856,51.5013707,MultiPolygon
way,52597649,Twin Oaks Primary School,education_schools,-0.04187929014012472,51.4854846,MultiPolygon
way,52879930,Riverside Bridge School,education_schools,0.1103440773546461,51.52433875,MultiPolygon
way,53371088,Edith Neville Primary School,education_schools,-0.130997957344025,51.532921200000004,MultiPolygon
way,53649941,St Paul's Church of England Primary School,education_schools,-0.16255511809734197,51.54170245,MultiPolygon
way,53651512,Westminster Cathedral Catholic Primary School,education_schools,-0.13220843014409467,51.4884336,MultiPolygon
way,53651523,Churchill Gardens Primary Academy,education_schools,-0.13945862571127304,51.4873643,MultiPolygon
way,53651524,Pimlico Academy,education_schools,-0.13684493810518145,51.48782785,MultiPolygon
way,54059802,St. Matthew Academy,education_schools,-0.0006236981230702966,51.4642082,MultiPolygon
way,54158627,The Hayes Primary School,education_schools,-0.10948753160502356,51.31672825,MultiPolygon
way,54989268,Galleywall Primary,education_schools,-0.059520911007140714,51.48963905,MultiPolygon
way,55112382,Oasis Academy Enfield,education_schools,-0.024730371611264568,51.67350375,MultiPolygon
way,55360968,Springfield Primary School,education_schools,-0.06477526580944164,51.57666355,MultiPolygon
way,55825816,Highbury Fields School,education_schools,-0.10124196488900845,51.5528077,MultiPolygon
way,55880292,Hampton Junior School,education_schools,-0.37300780710765513,51.41658295,MultiPolygon
way,55880293,Athelstan House School,education_schools,-0.37314663117506064,51.41712325,MultiPolygon
way,55891663,St John's Primary School,education_schools,-0.3240151203005194,51.5119779,MultiPolygon
way,56002074,Rush Green Primary School,education_schools,0.17691457871196536,51.56307255,MultiPolygon
way,56096055,St Saviour's and St Olave's Church of England School,education_schools,-0.08725989936355602,51.4948624,MultiPolygon
way,56158386,Harrow Lodge Primary School,education_schools,0.19392700889102304,51.5629392,MultiPolygon
way,56175768,Raphael Independent School,education_schools,0.19281233461985492,51.57070455,MultiPolygon
way,56224761,Langtons Schools,education_schools,0.22244555879028022,51.56294615,MultiPolygon
way,56229347,Upminster Infant School,education_schools,0.2500536695198818,51.5548575,MultiPolygon
way,56230294,Corbets Tey School,education_schools,0.2486515504497323,51.54286115,MultiPolygon
way,56315318,Engayne Primary School,education_schools,0.26473223014554254,51.5705183,MultiPolygon
way,56651227,,education_schools,-0.062486,51.625138,MultiPolygon
way,58704152,Our Lady and St Joseph Catholic Primary School,education_schools,-0.0802693685411251,51.5451728,MultiPolygon
way,58706840,Grazebrook Primary School,education_schools,-0.0827440345749774,51.5646602,MultiPolygon
way,58715045,St Gildas' Catholic Junior School,education_schools,-0.12035632961843423,51.57580565000001,MultiPolygon
way,58716958,Channing School,education_schools,-0.14343247207577062,51.57053045,MultiPolygon
relation,15180068,Oaklands School,education_schools,-0.05810814380573368,51.5300847,MultiPolygon
way,58759537,Paddington Academy,education_schools,-0.19387495525531795,51.5253009,MultiPolygon
way,58800382,St Mary's RC Primary School,education_schools,-0.19690072899315747,51.5352554,MultiPolygon
way,58924271,Wyborne Primary School,education_schools,0.06953288621845903,51.43988265,MultiPolygon
way,58965170,Educare Small School,education_schools,-0.2997214999999993,51.413844,MultiPolygon
way,59467582,William Torbitt School,education_schools,0.09793162701007835,51.579195150000004,MultiPolygon
way,59470352,Woodlands Primary School,education_schools,0.08413888514515183,51.5490084,MultiPolygon
way,59472773,Uphall Primary School,education_schools,0.07215771804121753,51.54781955,MultiPolygon
way,59515934,St Joseph's Catholic Primary School,education_schools,-0.14055207943463788,51.56778985,MultiPolygon
way,59541028,Newbridge School Upper School,education_schools,0.11572521660865051,51.57935675,MultiPolygon
way,59541035,Grove Primary School,education_schools,0.12004780198118581,51.57894745,MultiPolygon
way,59544264,Ilford County High School,education_schools,0.0781768350762914,51.5923985,MultiPolygon
way,59544265,Mossford Green Primary School,education_schools,0.07978420061260294,51.591434199999995,MultiPolygon
way,59544281,Caterham High School,education_schools,0.061257989953246134,51.59310735,MultiPolygon
way,59545637,Hatton Special School,education_schools,0.04569533844027117,51.58884995,MultiPolygon
way,59603883,Churchfields Infants' School,education_schools,0.02523450000001863,51.59790984999999,MultiPolygon
way,59603884,Churchfields Junior School,education_schools,0.02352920621890469,51.59800285,MultiPolygon
way,59604409,Woodford Green Primary School,education_schools,0.02087674226905876,51.61218305,MultiPolygon
way,59605776,Trinity Catholic High School (Upper Site),education_schools,0.02052822842591917,51.6165956,MultiPolygon
way,59619807,Roding Primary School,education_schools,0.05537967170343467,51.603978,MultiPolygon
way,59708416,Braintcroft E-ACT Primary Academy,education_schools,-0.2456539436990116,51.56417329999999,MultiPolygon
way,60129374,Newbury Park Primary School,education_schools,0.08590971277201839,51.57570125,MultiPolygon
way,60134747,Clore Tikva School,education_schools,0.07992554248697113,51.594112550000006,MultiPolygon
way,60137216,New Rush Hall School,education_schools,0.08353935277593308,51.59944205,MultiPolygon
way,60137400,Fairlop Primary School,education_schools,0.08178940136314847,51.5987788,MultiPolygon
way,60138405,Chadwell Heath Academy,education_schools,0.11803217081856826,51.5715912,MultiPolygon
way,60140812,St Vincent's Catholic Primary School,education_schools,0.12207373497897644,51.55960795,MultiPolygon
way,60150181,Southwood Primary School,education_schools,0.1350936655525192,51.55166455,MultiPolygon
way,60202661,Ray Lodge Primary School,education_schools,0.04402648219886045,51.607418800000005,MultiPolygon
way,60209482,Oakhill Primary School,education_schools,0.007489244900990144,51.6062831,MultiPolygon
relation,20148598,Lime Academy Hornbeam,education_schools,-0.03189508543069079,51.6003233,MultiPolygon
way,60210017,Valentines High School,education_schools,0.06988656762765857,51.57380975,MultiPolygon
way,60223135,Manford Primary School,education_schools,0.10131631330718402,51.6093808,MultiPolygon
way,60224735,,education_schools,0.12011134935512446,51.58305995,MultiPolygon
way,60797064,Rose Lane Primary School,education_schools,0.13677766406449582,51.58590435,MultiPolygon
way,60905348,Farnham Green Primary School,education_schools,0.1079028075162737,51.571967,MultiPolygon
way,60905375,St Bede's Catholic Primary School,education_schools,0.12575105317907243,51.57629805,MultiPolygon
way,61158016,St Luke's C of E Primary School,education_schools,-0.20306122817282646,51.532144450000004,MultiPolygon
way,61278156,Sunnyfields Primary School,education_schools,-0.23133213108383807,51.59120435,MultiPolygon
way,61299508,Wickham Common Primary School,education_schools,0.011439308402735713,51.3643532,MultiPolygon
way,61374798,Shrewsbury House School,education_schools,-0.30476714015146417,51.3807061,MultiPolygon
way,61382626,The London Oratory School,education_schools,-0.19413597643477976,51.4821513,MultiPolygon
way,61410534,Gilbert Colvin Primary School,education_schools,0.07001305170204764,51.5949343,MultiPolygon
way,61412778,Parkhill Infants' School,education_schools,0.06263771741868362,51.58805795,MultiPolygon
way,61464808,John Bramston Primary School,education_schools,0.10740824950396943,51.6052019,MultiPolygon
way,61726012,Childs Hill Primary School,education_schools,-0.20590242273214607,51.5614362,MultiPolygon
way,61726115,All Saints’ C.E. Primary School,education_schools,-0.2000107974674881,51.562173349999995,MultiPolygon
way,61798395,Bute House Preparatory School for Girls,education_schools,-0.22215140983408746,51.4957912,MultiPolygon
way,61799685,Larmenier & Sacred Heart Catholic Primary School,education_schools,-0.2178140172330097,51.49446785,MultiPolygon
way,61812027,Sacred Heart High School,education_schools,-0.22292275280141668,51.4940174,MultiPolygon
relation,17163910,Latymer Upper School,education_schools,-0.23682264208565124,51.4920927,MultiPolygon
way,61882142,The King Alfred School,education_schools,-0.1843964000604505,51.569785949999996,MultiPolygon
way,62028971,Meridian Angel Primary School,education_schools,-0.05216897825897664,51.6114995,MultiPolygon
way,62028981,"West Lea School (Meridian Campus, Dyson’s Road)",education_schools,-0.053758713162208614,51.61222055,MultiPolygon
way,62229534,The School of the Islamic Republic of Iran,education_schools,-0.19626866421186873,51.532631550000005,MultiPolygon
way,63540519,,education_schools,-0.1549680090489101,51.60288395,MultiPolygon
way,65382161,St James the Great Roman Catholic Primary School,education_schools,-0.07293588777018314,51.474549550000006,MultiPolygon
way,67221812,St John Evangelist Catholic Primary School,education_schools,-0.10397026630434823,51.53406465,MultiPolygon
way,67524776,All Saints Catholic School and Technology College,education_schools,0.15108732505558053,51.562983450000004,MultiPolygon
way,67554559,St Joseph's Catholic Primary School,education_schools,0.14325378437524616,51.55150705,MultiPolygon
way,67601391,The Hall Junior School,education_schools,-0.1729150360459049,51.5465036,MultiPolygon
way,67601393,,education_schools,-0.1698665863480731,51.550992449999995,MultiPolygon
way,67604540,Rosary Catholic Primary School,education_schools,-0.16647869525891804,51.55194985,MultiPolygon
way,67604541,Fitzjohn's Primary School,education_schools,-0.1749852222915517,51.55404075,MultiPolygon
way,67701260,Goresbrook School,education_schools,0.13090039919781776,51.53232105,MultiPolygon
way,67709280,Sarum Hall School,education_schools,-0.1656362111830033,51.544951999999995,MultiPolygon
way,67888637,Brunswick Park Primary School,education_schools,-0.08894967266630982,51.47782025,MultiPolygon
way,69217623,Walnut Tree Walk Primary School,education_schools,-0.1134685884088488,51.49394875,MultiPolygon
way,69365937,Tetherdown Primary School,education_schools,-0.1518485653841573,51.587712100000005,MultiPolygon
way,69416467,St Dominic's Catholic Primary School,education_schools,-0.15765965034558205,51.5513434,MultiPolygon
way,70913315,St George's Church of England Primary School,education_schools,-0.08410413145224858,51.48032605,MultiPolygon
way,70941820,Our Lady of Muswell Catholic Primary School,education_schools,-0.1485748794972387,51.59371659999999,MultiPolygon
way,71402774,Brondesbury College London,education_schools,-0.21260669395232862,51.54238555,MultiPolygon
way,73229311,Alexandra Centre of Further Education,education_schools,-0.1809703443840603,51.539959100000004,MultiPolygon
way,73496662,Haymerle School,education_schools,-0.06979472682901867,51.48097165,MultiPolygon
way,73813354,St Francis RC Primary School,education_schools,-0.06659817291158007,51.4803997,MultiPolygon
way,73813358,Bird In Bush School,education_schools,-0.0632216524716882,51.48056865,MultiPolygon
way,75059867,The Villa,education_schools,-0.07766321852754629,51.4698997,MultiPolygon
way,75134943,Woodford Green Preparatory School,education_schools,0.025108445022293913,51.608210150000005,MultiPolygon
way,75668652,Southwark Inclusive Learning Service (Sils),education_schools,-0.07508172898669667,51.48175185,MultiPolygon
way,75906142,Northview Primary School,education_schools,-0.24773454368273068,51.55525795,MultiPolygon
way,76236574,St Augustine's CE High School,education_schools,-0.19221376799787818,51.534114200000005,MultiPolygon
way,76236577,St Augustines Federated Schools: CofE Primary School,education_schools,-0.19139052607994025,51.534514200000004,MultiPolygon
way,76237766,St Peter's C. of E. Primary School,education_schools,-0.19663184753004992,51.52411695,MultiPolygon
way,76564832,London Fields Primary School,education_schools,-0.060023701216929924,51.53732775,MultiPolygon
way,76564833,William Ellis School,education_schools,-0.1505268918493095,51.5589818,MultiPolygon
way,76564840,Parliament Hill School,education_schools,-0.14978766529925747,51.558229749999995,MultiPolygon
way,77065177,Harris Academy St John's Wood,education_schools,-0.17655445941674108,51.53835205,MultiPolygon
way,77259389,Bales College,education_schools,-0.21535618046067803,51.5283747,MultiPolygon
way,77339750,St John's Upper Holloway CofE Primary School,education_schools,-0.1331615743365543,51.56276665,MultiPolygon
way,77993259,Norfolk House School,education_schools,-0.142749977325266,51.59488805,MultiPolygon
way,78230896,Peckham After-School Club,education_schools,-0.06808384847080969,51.4737583,MultiPolygon
way,78252601,King Solomon Academy - Youngers Years Site,education_schools,-0.17791261768722433,51.5227985,MultiPolygon
way,78252616,L'Ecole Bilingue Elementaire,education_schools,-0.17654317373134082,51.5212753,MultiPolygon
way,78391637,Simon Marks Jewish Primary School,education_schools,-0.06882457798947314,51.56556425,MultiPolygon
way,78391639,Jubilee Primary School,education_schools,-0.06582625024938377,51.56598515,MultiPolygon
way,78391645,,education_schools,-0.06439460518192938,51.56601795,MultiPolygon
way,78391646,,education_schools,-0.06783651870849759,51.568159,MultiPolygon
way,78391653,All Saints Catholic High School,education_schools,-0.07556051966270466,51.5746471,MultiPolygon
way,78393319,St Elizabeth Catholic Primary School,education_schools,-0.05142338679979392,51.53267475,MultiPolygon
way,78491423,Islamia Primary School,education_schools,-0.20776086526853274,51.5391599,MultiPolygon
way,78622060,Hasmonean Primary School,education_schools,-0.21652904506374948,51.5825508,MultiPolygon
way,79025906,Ainslie Wood Primary School,education_schools,-0.010968660987398265,51.61172405000001,MultiPolygon
way,79107410,College Park School,education_schools,-0.19229397107690693,51.5147931,MultiPolygon
way,79404990,Hillside Infant School,education_schools,-0.4105548755034505,51.607797250000004,MultiPolygon
way,79405005,Northwood School,education_schools,-0.40596859306260735,51.60296945,MultiPolygon
way,79405110,Haydon School,education_schools,-0.4120009156062586,51.5940016,MultiPolygon
way,80151448,Preston Manor Upper School,education_schools,-0.2894500832202652,51.5658053,MultiPolygon
way,80151489,Ashley College,education_schools,-0.2930549379752976,51.566098800000006,MultiPolygon
way,80227555,Sudbury Primary School,education_schools,-0.32003383786758377,51.55955605,MultiPolygon
way,80236405,Orley Farm School,education_schools,-0.3439369954614926,51.561668350000005,MultiPolygon
way,80273527,St Peter's Church of England Primary School,education_schools,-0.09165095827833558,51.4870076,MultiPolygon
way,80278340,St John's Walworth Church of England Primary School,education_schools,-0.09582077887734983,51.490570399999996,MultiPolygon
way,80278348,Robert Browning Primary School,education_schools,-0.09275642724185237,51.4889666,MultiPolygon
way,80339086,South Bank University Academy,education_schools,-0.08942132983963057,51.4886453,MultiPolygon
way,80339120,Michael Faraday School,education_schools,-0.08790306669454004,51.48520795,MultiPolygon
way,80804218,Ark Walworth Academy,education_schools,-0.07821978051948134,51.4877338,MultiPolygon
way,80804341,Surrey Square Primary School,education_schools,-0.08315657013117955,51.4889343,MultiPolygon
way,80804404,Townsend Primary School,education_schools,-0.08508382765109357,51.49272255,MultiPolygon
way,80814071,Victory Primary School,education_schools,-0.09291127750397378,51.4928903,MultiPolygon
way,81130134,,education_schools,-0.07640644999999999,51.5994392,MultiPolygon
way,81254231,Burntwood School,education_schools,-0.17914196429253287,51.43737875,MultiPolygon
way,81351250,Chestnuts Primary School,education_schools,-0.0920180417581958,51.5822611,MultiPolygon
way,81353300,Rokesly Junior School,education_schools,-0.11975360575642977,51.58330565,MultiPolygon
way,81353301,Rokesly Infant & Nursery School,education_schools,-0.12047147626699192,51.582943549999996,MultiPolygon
way,81353313,St Mary's Church of England Primary School (Years 3-6),education_schools,-0.1216713033733363,51.58784715,MultiPolygon
way,81353316,Campsbourne School,education_schools,-0.12177032258248369,51.5910949,MultiPolygon
way,82110378,Pilgrims' Way Primary School,education_schools,-0.0555628268129679,51.480484000000004,MultiPolygon
way,82122322,Regent High School,education_schools,-0.13325703023502294,51.533513299999996,MultiPolygon
way,82125592,St Mary and St Pancras Church of England Primary School,education_schools,-0.1330560934285713,51.5320206,MultiPolygon
way,82489130,St. James' Catholic High School,education_schools,-0.24058335625760047,51.6012367,MultiPolygon
way,82489269,Deansbrook Infant and Junior Schools,education_schools,-0.2629212700306779,51.613597350000006,MultiPolygon
way,82609583,St Benedict's School,education_schools,-0.30754910559108717,51.520845949999995,MultiPolygon
way,82609759,St Gregory's Catholic Primary School,education_schools,-0.30640141921016006,51.5248978,MultiPolygon
way,82609991,Montpelier Primary School,education_schools,-0.3033853408855697,51.523487599999996,MultiPolygon
way,82610211,Drayton Green Primary School,education_schools,-0.3249585127236647,51.51498975,MultiPolygon
way,82785019,Barn Croft Primary School,education_schools,-0.03517845701923153,51.575789549999996,MultiPolygon
way,83016354,St Mary's RC Voluntary Aided Primary School,education_schools,-0.1458435821145267,51.476300550000005,MultiPolygon
way,83016358,Newton Preparatory School,education_schools,-0.144804562807962,51.4765754,MultiPolygon
way,83341929,Barnfield Primary School,education_schools,-0.26397365200955747,51.60074925,MultiPolygon
way,83488737,Hampden Gurney CofE Primary School,education_schools,-0.1643235460550235,51.5167776,MultiPolygon
way,84730462,Clapton Girls' Academy,education_schools,-0.0520475701583757,51.5540273,MultiPolygon
way,84820244,Shacklewell Primary School,education_schools,-0.073207892970729,51.5530269,MultiPolygon
way,84823023,The New North Academy,education_schools,-0.09549459192404569,51.538990850000005,MultiPolygon
way,84842517,Queensbridge Primary School,education_schools,-0.07064673958763454,51.53993825,MultiPolygon
way,84842545,Haggerston School,education_schools,-0.07109695694342089,51.53260485,MultiPolygon
way,85166184,Boutcher Church of England Primary School,education_schools,-0.07616774516289102,51.493863000000005,MultiPolygon
way,85166336,Grange Primary School,education_schools,-0.08207238569645264,51.495925650000004,MultiPolygon
way,85192342,Fine Arts College,education_schools,-0.16210478473419965,51.54575735,MultiPolygon
way,85719757,Fleet Primary School,education_schools,-0.15938877660657685,51.553412300000005,MultiPolygon
way,85719819,Carlton Primary School,education_schools,-0.14950748532095387,51.5513686,MultiPolygon
way,85864449,Heathbrook Primary School,education_schools,-0.14333251026670274,51.469543599999994,MultiPolygon
way,85865471,Clapham Manor Primary School,education_schools,-0.1374591962971357,51.46447825,MultiPolygon
way,85945083,St Mary's Roman Catholic Primary School,education_schools,-0.1377010625539201,51.459003100000004,MultiPolygon
way,85945110,Bonneville Primary School,education_schools,-0.1394776874228555,51.45290885,MultiPolygon
way,85945121,La Retraite Roman Catholic Girls' School,education_schools,-0.14375067707464095,51.4478224,MultiPolygon
way,86750437,Alexandra Junior School,education_schools,-0.04628123538225945,51.42084715,MultiPolygon
way,86840435,Harlesden Primary School,education_schools,-0.25510753779857376,51.5369621,MultiPolygon
way,86843645,John Keble C of E Primary School,education_schools,-0.24697729014330616,51.53793665,MultiPolygon
way,86843647,Saint Claudine's Catholic School for Girls,education_schools,-0.2455301636789008,51.5377704,MultiPolygon
way,87096544,,education_schools,-0.2885251669542907,51.6043199,MultiPolygon
way,87496726,Kender Primary School,education_schools,-0.05043943031132062,51.4749128,MultiPolygon
way,87496752,Childeric Primary School,education_schools,-0.03825510356163979,51.476483,MultiPolygon
way,87681827,The Camden School for Girls,education_schools,-0.1344415791213988,51.5455937,MultiPolygon
way,87681853,Brecknock Primary School,education_schools,-0.12733518474667171,51.54690665,MultiPolygon
way,87681907,Robert Blair School and Children's Centre,education_schools,-0.12152211627703138,51.54467365,MultiPolygon
way,87748268,Spéos,education_schools,-0.08580325801967961,51.470886300000004,MultiPolygon
way,87922603,Spa School,education_schools,-0.06779416927922163,51.49163085,MultiPolygon
way,88107998,Sir John Lillie Primary School,education_schools,-0.20952629389198535,51.48299815,MultiPolygon
relation,17164617,Christ the Saviour Church of England Primary School;Christ The Saviour,education_schools,-0.3052736778927311,51.51395695,MultiPolygon
way,88838515,St John and St James CofE Primary School,education_schools,-0.05098639186665287,51.5480758,MultiPolygon
way,89471476,The Charter School North Dulwich,education_schools,-0.08886415954989371,51.45642375,MultiPolygon
way,89825017,St George's Cathedral Catholic Primary School,education_schools,-0.10617496005344723,51.49812135,MultiPolygon
way,91044415,The Vineyard School,education_schools,-0.2972544983296994,51.45366015,MultiPolygon
way,92240486,Friars Primary Foundation School,education_schools,-0.1031468487705812,51.5013694,MultiPolygon
way,92793300,Hampton Infant School and Nursery,education_schools,-0.37622206011628123,51.418938499999996,MultiPolygon
way,92873901,Kingsbury High School,education_schools,-0.2753261301640973,51.58948135,MultiPolygon
way,92873902,,education_schools,-0.27281799655885763,51.5898505,MultiPolygon
way,92873912,Kingsbury High School,education_schools,-0.26849802086571084,51.587779749999996,MultiPolygon
way,92967034,Stanburn Primary School,education_schools,-0.30891487075195956,51.60680025,MultiPolygon
way,92967044,Park High School,education_schools,-0.3028475978183022,51.5994126,MultiPolygon
way,93308044,The Kilburn Park School,education_schools,-0.19966577910631444,51.53204725,MultiPolygon
way,93728176,L'Ecole de Battersea,education_schools,-0.17259089999999955,51.4740512,MultiPolygon
way,93879129,Falconbrook Primary School,education_schools,-0.17447539895919761,51.4685614,MultiPolygon
relation,11019126,George Spicer Primary School,education_schools,-0.06777565706728497,51.6516855,MultiPolygon
way,94090190,Van Gogh Primary School (Infants),education_schools,-0.11111309583000788,51.4742356,MultiPolygon
way,94090197,Christ Church Primary,education_schools,-0.10830693160952565,51.476132500000006,MultiPolygon
way,94339905,Belmont Park School,education_schools,-0.008328490873665296,51.575953299999995,MultiPolygon
relation,11010409,George Mitchell School,education_schools,-0.013400655599441884,51.56793665,MultiPolygon
way,94346917,Thomas Gamuel Primary School,education_schools,-0.022081834047251305,51.57496795,MultiPolygon
way,94346929,Kelmscott School,education_schools,-0.028165405825545387,51.5755487,MultiPolygon
way,94703763,Bentley Wood High School,education_schools,-0.33238047508380986,51.6173641,MultiPolygon
way,95864126,Ravenstone Primary School,education_schools,-0.15333058886639417,51.441238850000005,MultiPolygon
way,95892411,St Mark's Primary School,education_schools,-0.1617597332665262,51.406893800000006,MultiPolygon
way,95895867,St Angela's Ursuline School,education_schools,0.027966009612795245,51.542383799999996,MultiPolygon
way,96038230,King's College London Mathematics School Kennington Road Building,education_schools,-0.11155266637139684,51.495854699999995,MultiPolygon
way,96213393,Farley House Junior School,education_schools,-0.1179542620018583,51.49510255,MultiPolygon
way,97062848,Salusbury Primary School,education_schools,-0.20552894707640507,51.53681195,MultiPolygon
way,97237928,St Josephs Catholic Primary School,education_schools,-0.12177906162441926,51.516232,MultiPolygon
way,97390346,Collingwood School,education_schools,-0.15213559638613477,51.36212155,MultiPolygon
way,97425746,Harris Junior Academy Carshalton,education_schools,-0.16698978725486102,51.3689179,MultiPolygon
way,97425754,St Mary's RC Infants School,education_schools,-0.16818009791978522,51.3675119,MultiPolygon
way,97729033,Robin Hood Infants' School,education_schools,-0.2008195406840545,51.3633447,MultiPolygon
way,97861621,Russet House School,education_schools,-0.05652593339977371,51.66267714999999,MultiPolygon
way,97897763,Victor Seymour Infants' School,education_schools,-0.16491159391292404,51.3695704,MultiPolygon
way,97999807,Rabbsfarm Primary School,education_schools,-0.4729354147938406,51.5178625,MultiPolygon
way,98107269,Gatehouse School,education_schools,-0.04682796480432266,51.5320642,MultiPolygon
way,98180940,St Andrew's C of E Primary School,education_schools,-0.47531995503231017,51.54250735,MultiPolygon
way,98849490,Oratory Roman Catholic Primary School,education_schools,-0.17012724516460614,51.490505049999996,MultiPolygon
way,98976957,Maria Fidelis Catholic School FCJ,education_schools,-0.1319823051830823,51.530366099999995,MultiPolygon
way,98977295,Elizabeth Garrett Anderson School,education_schools,-0.11338627426115294,51.5330492,MultiPolygon
way,99347265,The Fulham Boys School,education_schools,-0.20003644534161766,51.4793639,MultiPolygon
way,99409844,Salmons Brook School,education_schools,-0.0356244292940109,51.66413945,MultiPolygon
way,99493663,Saint Joseph's Catholic Primary School,education_schools,-0.09324013010939294,51.50267145,MultiPolygon
way,99493705,The Cathedral School of St Saviour and St Mary Overie,education_schools,-0.0937126931221913,51.50312505,MultiPolygon
way,99813474,Hugh Myddelton Primary School,education_schools,-0.10606649295326004,51.5277522,MultiPolygon
way,99847216,St John of Jerusalem Church of England Primary School,education_schools,-0.04951744392138497,51.539438700000005,MultiPolygon
way,99847218,Orchard Primary School,education_schools,-0.04903367800139265,51.540778849999995,MultiPolygon
way,99847225,The Urswick School,education_schools,-0.05304910555784022,51.5444184,MultiPolygon
way,100275623,Ark Globe Academy,education_schools,-0.09117516264622003,51.4954558,MultiPolygon
way,100426427,Fern House School,education_schools,-0.04384118756748666,51.6740872,MultiPolygon
way,100614964,Chrysolyte School,education_schools,-0.0866920465249046,51.4965852,MultiPolygon
way,100615393,Bishop Challoner Catholic School,education_schools,-0.0507615481877242,51.5129283,MultiPolygon
way,100623173,Madani Secondary Girls' School,education_schools,-0.06282761839372428,51.5155895,MultiPolygon
way,100720482,The Holly Lodge Centre,education_schools,-0.28036470978213857,51.4524908,MultiPolygon
way,101433354,Durants School,education_schools,-0.04624712638707118,51.6634473,MultiPolygon
way,101530108,Southwark Inclusive Learning Centre,education_schools,-0.08817830903856325,51.50111715,MultiPolygon
way,101530133,Beormund Primary School,education_schools,-0.08838234045530298,51.5007185,MultiPolygon
way,102019616,Barking Abbey School,education_schools,0.09187235817295919,51.5461332,MultiPolygon
way,102318596,Beam Primary School,education_schools,0.16413679434508807,51.52820265,MultiPolygon
way,102344849,Waverley School,education_schools,-0.04501527405562006,51.65073805,MultiPolygon
way,102376841,South Hampstead High School,education_schools,-0.17685379313579735,51.54601745,MultiPolygon
way,102376842,Holy Trinity CofE Primary School,education_schools,-0.17779840484955892,51.546069599999996,MultiPolygon
way,102471947,St Matthew's C of E Primary School,education_schools,-0.4740489931623301,51.51272025,MultiPolygon
way,102669249,Oasis Academy Coulsdon,education_schools,-0.11013579049369615,51.29985265,MultiPolygon
relation,1459885,St Paul's Juniors,education_schools,-0.2387183617798354,51.4884216,MultiPolygon
way,103107382,South Hampstead High School - Junior School,education_schools,-0.17885791435944154,51.5483541,MultiPolygon
way,103107383,South Hampstead High School - Junior School,education_schools,-0.17952069435452517,51.548555050000004,MultiPolygon
way,103107386,St Mary's School,education_schools,-0.17627299780683456,51.550413,MultiPolygon
way,103108563,University College School,education_schools,-0.1803116393454386,51.55311815,MultiPolygon
way,103110115,Hampstead Parochial Church of England Primary School,education_schools,-0.1795618375511186,51.55633195,MultiPolygon
way,103110120,New End Primary School,education_schools,-0.1768011389920438,51.55796235,MultiPolygon
way,103110122,,education_schools,-0.17804046404106177,51.5578898,MultiPolygon
way,103110123,Christ Church Primary School,education_schools,-0.1762627345033901,51.559516599999995,MultiPolygon
way,103833538,Garfield Primary School,education_schools,-0.1847432230814906,51.4232286,MultiPolygon
way,103872127,Bishop Gilpin Church of England Primary School,education_schools,-0.20690115561877787,51.4271491,MultiPolygon
way,103891073,Eglinton Primary School,education_schools,0.06397823077570677,51.4782026,MultiPolygon
way,104645651,St Augustine of Canterbury CofE Primary School,education_schools,0.14346308699568255,51.49019855,MultiPolygon
way,105306239,Globe Primary School,education_schools,-0.0514540893146515,51.52907785,MultiPolygon
way,107103079,St Andrews school,education_schools,-0.17665973084042463,51.55340595,MultiPolygon
way,107160898,St Peter's Eaton Square CE Primary School,education_schools,-0.14666057020789375,51.4961468,MultiPolygon
way,107271580,Emmanuel C of E Primary School,education_schools,-0.19363392354271702,51.5523191,MultiPolygon
way,107298611,All Saints C of E Primary School,education_schools,-0.21377360557465852,51.472789950000006,MultiPolygon
way,107679042,London Nautical School,education_schools,-0.10820326872444598,51.50649475,MultiPolygon
way,107880544,Bruce Grove Primary School,education_schools,-0.07359768658297904,51.59371925,MultiPolygon
way,108048213,Greenleaf Primary School,education_schools,-0.024716702199920622,51.58945525,MultiPolygon
way,108822906,St Agnes' Catholic Primary School,education_schools,-0.21090993100059385,51.560483399999995,MultiPolygon
way,110154130,St. John's C of E School,education_schools,-0.31910986551926046,51.62108535,MultiPolygon
way,110520613,Devonshire House Preparatory School,education_schools,-0.17771494881547134,51.5533638,MultiPolygon
way,110604125,School of Economic Science,education_schools,-0.15144988448850594,51.51670915,MultiPolygon
way,111262562,Connaught House School,education_schools,-0.16300451587363363,51.5138477,MultiPolygon
way,111473289,St Aidan's Voluntary Controlled Primary School,education_schools,-0.11025347409470548,51.57515725,MultiPolygon
way,111489950,Abercorn School (pre-prep),education_schools,-0.16400049919872045,51.5212736,MultiPolygon
way,111490838,King Solomon Academy,education_schools,-0.16905609448669007,51.5216674,MultiPolygon
way,111511450,Fulham Cross Academy,education_schools,-0.21490225062928683,51.477677299999996,MultiPolygon
way,111511457,Lady Margaret School,education_schools,-0.1990949958473081,51.4742809,MultiPolygon
way,111618644,Ashburnham Community School,education_schools,-0.17885503650672213,51.48157735,MultiPolygon
way,112300672,St Joseph's Catholic Primary School,education_schools,-0.16217312195121483,51.49277355,MultiPolygon
way,112300685,St. Thomas More Language College,education_schools,-0.1614452986728828,51.49276355,MultiPolygon
way,112306886,Sussex House School,education_schools,-0.16152119101581253,51.493593950000005,MultiPolygon
way,112528164,Essendine Primary School,education_schools,-0.19504423881973595,51.5281981,MultiPolygon
way,112554062,St Edward's Catholic Primary School,education_schools,-0.16568305175651954,51.52309225,MultiPolygon
way,112603199,Ark Burlington Danes Academy,education_schools,-0.23253629398045134,51.518167000000005,MultiPolygon
way,112603203,Jack Tizard School,education_schools,-0.2336252710491729,51.50946655,MultiPolygon
way,112662020,Millbank Academy,education_schools,-0.13053896454662844,51.49181505,MultiPolygon
way,112678901,St Barnabas and St Philip's C of E Primary School,education_schools,-0.1985837055710284,51.49756305,MultiPolygon
way,113081342,Westminster Cathedral Choir School,education_schools,-0.13907850906598812,51.495182150000005,MultiPolygon
way,113198533,Kenmont Primary School,education_schools,-0.23496437513979468,51.531629699999996,MultiPolygon
way,113212938,Manor School,education_schools,-0.2210296383843822,51.5369827,MultiPolygon
way,113422061,Southwold Primary School,education_schools,-0.053678413960212584,51.563217949999995,MultiPolygon
way,113636899,Oak Wood School,education_schools,-0.4452012480423903,51.53910085,MultiPolygon
way,113636906,Highfield Primary School,education_schools,-0.4445215017911931,51.53462005,MultiPolygon
way,113636912,Charville Academy,education_schools,-0.4272967912924558,51.5367336,MultiPolygon
way,113636914,Swakeleys School for Girls,education_schools,-0.4455388028949092,51.53687875,MultiPolygon
way,113638360,Hewens College,education_schools,-0.4395549195866121,51.5292539,MultiPolygon
way,113751444,Oak Farm Primary School,education_schools,-0.4480007284208667,51.5445699,MultiPolygon
way,113839189,Meadow High School,education_schools,-0.4666364960605301,51.52419555,MultiPolygon
way,114200737,Bishopshalt School,education_schools,-0.4592871039823586,51.532065149999994,MultiPolygon
way,114959181,Gidea Park Primary School,education_schools,0.19419954674847453,51.58419705,MultiPolygon
way,115263501,,education_schools,-0.2113469728230019,51.544753549999996,MultiPolygon
way,115407404,Menorah Primary School,education_schools,-0.20707146682021127,51.5746307,MultiPolygon
way,115413480,Rimon Jewish Primary School,education_schools,-0.20028462587006957,51.568086,MultiPolygon
way,115595617,The Godolphin & Latymer School,education_schools,-0.22993453301368383,51.495581650000005,MultiPolygon
way,115596278,Ravenscourt Park Preparatory School,education_schools,-0.23828173376005185,51.494023299999995,MultiPolygon
way,115596293,Brackenbury Primary School,education_schools,-0.23296074262640898,51.4999616,MultiPolygon
way,115673240,Westminster School,education_schools,-0.12719611451385626,51.49537375,MultiPolygon
way,116306796,Fulham Prep School,education_schools,-0.20967567420526567,51.48618435,MultiPolygon
way,116308173,St Augustine's RC Primary School,education_schools,-0.20939648255114035,51.4840251,MultiPolygon
way,116465152,The Aldgate School,education_schools,-0.07750867978239351,51.513706299999996,MultiPolygon
way,116717574,Broadhurst School,education_schools,-0.18132558890870187,51.54461115,MultiPolygon
way,116953200,Daubeney Primary School,education_schools,-0.0382480608607721,51.55273255,MultiPolygon
way,117557254,St Bonaventure's RC School,education_schools,0.024295113343836064,51.539022149999994,MultiPolygon
way,117562250,Brampton Manor Academy,education_schools,0.042365498563538134,51.521494649999994,MultiPolygon
way,119086652,Village Infants School,education_schools,0.15368346234280936,51.5375877,MultiPolygon
way,119086653,William Ford Church of England Junior School,education_schools,0.1536766871796958,51.53680085,MultiPolygon
way,119439274,The Pears Family School,education_schools,-0.10868915181665065,51.53304465,MultiPolygon
way,119477409,Clerkenwell Parochial CofE Primary School,education_schools,-0.11026849652370857,51.5284714,MultiPolygon
way,120675655,Channing School for Girls Junior,education_schools,-0.14480313655263125,51.569676900000005,MultiPolygon
relation,11016431,St James' Church of England Primary School,education_schools,-0.06754674763837978,51.49778265,MultiPolygon
way,122228354,St John's Roman Catholic Primary School,education_schools,-0.041279148995537876,51.5004302,MultiPolygon
way,122297268,St Peter's Catholic Primary School,education_schools,0.1446505183950022,51.53199955,MultiPolygon
way,122414809,Swaffield School,education_schools,-0.185850734232327,51.4509539,MultiPolygon
way,123186063,St Saviour's Church of England Primary School,education_schools,-0.18704877999769853,51.52366395,MultiPolygon
way,123372160,London Training College,education_schools,-0.23001418761346215,51.54689165,MultiPolygon
way,123372196,The Islamic College,education_schools,-0.23099582438186023,51.5466571,MultiPolygon
way,124628031,St Joseph's Catholic Primary School,education_schools,-0.3210428013959086,51.60029695,MultiPolygon
way,125771150,Judith Kerr Primary School,education_schools,-0.09294775057603778,51.4528637,MultiPolygon
way,126301957,The Winns Primary School,education_schools,-0.024567712653384748,51.5933261,MultiPolygon
way,126772778,Herne Hill School,education_schools,-0.09887115965504145,51.4545538,MultiPolygon
way,126895868,Swiss Cottage School,education_schools,-0.17161630556710372,51.5407268,MultiPolygon
way,128799091,Kestrel House School,education_schools,-0.12221940122846747,51.57648705,MultiPolygon
way,129130054,Durston House Junior School,education_schools,-0.3087084825357044,51.5156291,MultiPolygon
way,129377899,North Bridge House School,education_schools,-0.14689470417643352,51.536730399999996,MultiPolygon
way,132702061,St Bede's Catholic Infant School,education_schools,-0.13572354714305346,51.44457345,MultiPolygon
way,134708049,Wetherby Senior School,education_schools,-0.1503079657610743,51.51761475,MultiPolygon
way,135790824,Riverston School,education_schools,0.019916422139192806,51.455111,MultiPolygon
way,138084586,Peter Hills with St Mary's and St Paul's CofE Primary School,education_schools,-0.042378144680063456,51.5058976,MultiPolygon
way,138801879,Lovelace Primary School,education_schools,-0.3171830528935804,51.36458075,MultiPolygon
way,138841824,Christ Church C of E Primary School,education_schools,-0.11084376357601129,51.3425718,MultiPolygon
way,139712988,Guru Nanak Sikh Academy,education_schools,-0.3979569209182963,51.50803195,MultiPolygon
way,140287827,Darell Primary and Nursery School,education_schools,-0.2845930796306426,51.46882025,MultiPolygon
relation,6761816,Graveney School,education_schools,-0.15117425557320893,51.42388785,MultiPolygon
way,141309093,Castle Hill Primary School,education_schools,-0.2963329593313582,51.366653,MultiPolygon
way,142063898,Cumnor House School,education_schools,-0.10795539515542912,51.3482294,MultiPolygon
way,142063899,Regina Coeli Catholic Primary School,education_schools,-0.10679389371534231,51.35356185,MultiPolygon
way,142063900,Harris Academy Purley,education_schools,-0.10919162663493731,51.35347415,MultiPolygon
way,142064458,Whitgift School,education_schools,-0.10309978530920504,51.3600512,MultiPolygon
way,142209699,Charles Darwin School,education_schools,0.044665127819647335,51.31640605,MultiPolygon
way,142287815,Allfarthing Primary School,education_schools,-0.18573236534911333,51.4535339,MultiPolygon
way,142883961,Upland Primary School,education_schools,0.13698324584521518,51.4612903,MultiPolygon
way,142994747,Al-Zahra School,education_schools,-0.20950772550786062,51.5397446,MultiPolygon
way,142994748,Al-Sadiq School,education_schools,-0.20904756761283738,51.539677999999995,MultiPolygon
way,143558595,Malorees Infant School,education_schools,-0.21399758733473584,51.5414144,MultiPolygon
way,143558597,Malorees Junior School,education_schools,-0.21466828350363948,51.5416099,MultiPolygon
way,143583153,St Eugene de Mazenod Roman Catholic Primary School,education_schools,-0.19386182324561357,51.5410593,MultiPolygon
way,143606575,Bedelsford School,education_schools,-0.3014249730454208,51.4054633,MultiPolygon
way,144138526,Earlham Primary School,education_schools,0.01741297882716139,51.5471477,MultiPolygon
way,144147798,Sarah Bonnell School,education_schools,0.007528826363425639,51.54382245,MultiPolygon
way,144158268,St Francis' Catholic Primary School,education_schools,0.006635640298734713,51.5479728,MultiPolygon
way,144342996,Park Primary School,education_schools,0.015105811541729564,51.541589450000004,MultiPolygon
way,144350978,West Ham Church Primary School,education_schools,0.01031657586305785,51.536749,MultiPolygon
way,144358412,Sandringham Primary School,education_schools,0.03466208340494048,51.5463507,MultiPolygon
way,144909133,All Saints' Church of England Primary School,education_schools,-0.18274098134749944,51.41854155,MultiPolygon
way,146549712,Melcombe Primary School,education_schools,-0.22124383498771255,51.4861476,MultiPolygon
way,146667429,Brunswick Park Primary and Nursery School,education_schools,-0.14772237051513215,51.6302417,MultiPolygon
way,146738536,St Catherine's Catholic Primary School,education_schools,-0.19343070380000082,51.648587,MultiPolygon
way,147221865,Gordonbrock Primary School,education_schools,-0.027746857263055855,51.455727550000006,MultiPolygon
way,148895102,Christ Church CofE Primary School,education_schools,-0.20428994641807785,51.5411192,MultiPolygon
way,149061332,Muschamp Primary School,education_schools,-0.17208137342099328,51.3764295,MultiPolygon
way,151271700,Mount House School,education_schools,-0.1893751184243006,51.66308255,MultiPolygon
way,151272430,Monken Hadley C of E Primary School,education_schools,-0.19059065391420943,51.66289125,MultiPolygon
way,151622198,Bacon's College,education_schools,-0.040739224603759894,51.50287525,MultiPolygon
way,151882092,Brick Lane School,education_schools,-0.07081701730371144,51.52435735,MultiPolygon
way,152119073,John Wood School & Nursery,education_schools,-0.079411308120195,51.3851674,MultiPolygon
way,152361298,Cromer Road Primary School,education_schools,-0.17977138860327074,51.6529346,MultiPolygon
way,153918201,St John Fisher RC Primary School,education_schools,-0.22596649914056946,51.3941026,MultiPolygon
way,154099166,Seaton House School,education_schools,-0.18172152108274092,51.34664105,MultiPolygon
way,154193268,Cranford Primary School,education_schools,-0.40949740758256703,51.47361815,MultiPolygon
way,154202550,Stepney All Saints Church of England Secondary School,education_schools,-0.04415396224894906,51.51616865,MultiPolygon
way,154292893,Ben Jonson Primary School,education_schools,-0.03776382585735355,51.52088245,MultiPolygon
way,154294305,Stepney Park Primary School,education_schools,-0.051479875155025945,51.518954550000004,MultiPolygon
way,154314798,Halley Primary School,education_schools,-0.03732766844122666,51.5180347,MultiPolygon
way,154315908,Mulberry School for Girls,education_schools,-0.05948496077811957,51.51398795,MultiPolygon
way,154381335,City of London School,education_schools,-0.09908836909671576,51.5113317,MultiPolygon
way,154639597,Atwood Primary School,education_schools,-0.07476342120018054,51.3278773,MultiPolygon
way,154953950,St Joseph's RC Primary School,education_schools,-0.18220568055857594,51.52741195,MultiPolygon
way,154983937,Wimbledon Chase Primary School,education_schools,-0.21258925918516697,51.4123481,MultiPolygon
way,157009539,Malmesbury Primary School,education_schools,-0.18624873210033224,51.3879821,MultiPolygon
way,157050641,St. Andrew's and St. Mark's Church of England Junior School,education_schools,-0.30664019998561887,51.395248800000005,MultiPolygon
way,157151094,Primrose Hill Primary School,education_schools,-0.15136022130132992,51.5391776,MultiPolygon
way,157153058,The Cavendish School,education_schools,-0.1448181708682998,51.53872345,MultiPolygon
way,158054350,The Lyceum,education_schools,-0.08423506183861734,51.52245165,MultiPolygon
way,158083312,Shoreditch Park Primary School,education_schools,-0.08599537169032098,51.53550815,MultiPolygon
way,158235617,Fulham Cross Girls' School & Language College,education_schools,-0.21496064316658436,51.4810918,MultiPolygon
way,158257181,Church Hill Primary School,education_schools,-0.15760724546783672,51.6357306,MultiPolygon
way,158350813,Oak Hill School,education_schools,-0.15613172902621283,51.63475595,MultiPolygon
way,158406736,Sebright School,education_schools,-0.06600018252804157,51.53396105,MultiPolygon
way,158437746,Holy Trinity Church of England Primary School,education_schools,-0.05649065410192334,51.435505,MultiPolygon
way,158438051,Sydenham School,education_schools,-0.05955896620477094,51.434202049999996,MultiPolygon
way,158438839,Forest Hill School,education_schools,-0.048525173352766154,51.4325949,MultiPolygon
way,158481613,St. George's Church of England Primary School,education_schools,-0.05158560770299771,51.437505599999994,MultiPolygon
way,158482346,Perrymount Primary School,education_schools,-0.04667688850992696,51.436879700000006,MultiPolygon
way,158489040,Good Shepherd RC Primary School,education_schools,-0.24565104883297803,51.50266445,MultiPolygon
way,158500678,ArtsEd Day School & Sixth Form,education_schools,-0.2525728564206403,51.49594555,MultiPolygon
way,158578897,Radnor House Prep School,education_schools,-0.30005148180625585,51.465933500000006,MultiPolygon
way,158711047,St Mary's C of E Primary School,education_schools,-0.16139600013386962,51.641102599999996,MultiPolygon
way,158753702,Eltham College,education_schools,0.036334833645580586,51.43689965,MultiPolygon
way,158787056,Kingswood Primary School,education_schools,-0.09008403573150912,51.4268918,MultiPolygon
way,158879235,Danegrove Primary School (Reception - Year 1),education_schools,-0.15535162713892992,51.6411269,MultiPolygon
way,159063829,Surbiton High School,education_schools,-0.3041200223309404,51.39920085,MultiPolygon
way,159064697,Surbiton High School Boys' Prep,education_schools,-0.3022774356628899,51.39783075,MultiPolygon
way,159708654,Rutlish School,education_schools,-0.20752284618598643,51.4077982,MultiPolygon
way,159757516,Monkfrith Primary School,education_schools,-0.14653550462363774,51.636710199999996,MultiPolygon
relation,3560905,Old Palace of John Whitgift School,education_schools,-0.1042961322800019,51.3723307,MultiPolygon
way,161431380,Benthal Primary School,education_schools,-0.06498832407626698,51.5584245,MultiPolygon
way,161639861,St Mary's Church of England Primary School,education_schools,-0.3276931939736529,51.44907635,MultiPolygon
way,162158295,Nelmes Primary School,education_schools,0.23311584587165768,51.5791798,MultiPolygon
way,162967686,Harrow School,education_schools,-0.33112384540424644,51.57148755,MultiPolygon
way,164080986,Harris Primary Academy Peckham Park,education_schools,-0.06540906823564824,51.4767202,MultiPolygon
way,164250329,Carew Academy,education_schools,-0.1390758057905036,51.3719234,MultiPolygon
way,164812335,Instituto Español Vicente Cañada Blanch,education_schools,-0.20912782542184385,51.52015245,MultiPolygon
way,164942560,Knightsbridge School,education_schools,-0.16296615969675513,51.4964566,MultiPolygon
way,165299728,Elthorne Park High School,education_schools,-0.3311103152229348,51.5004872,MultiPolygon
way,165299731,Fielding Primary School,education_schools,-0.3205344173020719,51.50084215,MultiPolygon
way,166072539,Pentland Field School,education_schools,-0.43994391440058633,51.5657621,MultiPolygon
way,166164838,Bishop Ramsey Church of England School,education_schools,-0.4083201285876321,51.5777695,MultiPolygon
way,166970291,Sydenham High School,education_schools,-0.06420908936589084,51.4260797,MultiPolygon
way,167160789,Gonville Academy,education_schools,-0.12273445194048926,51.3945209,MultiPolygon
way,167160794,The Archbishop Lanfranc Academy,education_schools,-0.12975779377180693,51.39075015,MultiPolygon
way,167160795,West Thornton Primary School,education_schools,-0.12190148302449902,51.38724305,MultiPolygon
way,167374436,William Morris Primary School,education_schools,-0.1332970996531575,51.401930699999994,MultiPolygon
way,167402158,The Minster Junior School,education_schools,-0.110451143095143,51.36950985,MultiPolygon
way,167571619,Oliver Goldsmith Primary School,education_schools,-0.07816349098125946,51.4747597,MultiPolygon
way,168166495,Downshall Primary School,education_schools,0.09622165818820413,51.57051535,MultiPolygon
way,168241811,Crown Lane Primary School,education_schools,-0.10923575936300517,51.4236104,MultiPolygon
way,168241813,Downsview Primary and Nursery School,education_schools,-0.10238370505553643,51.4156069,MultiPolygon
way,168241817,Harris Academy Beulah Hill,education_schools,-0.09564605078223706,51.414183550000004,MultiPolygon
way,168695323,Harris Invictus Academy Croydon,education_schools,-0.10415114491880759,51.38060185,MultiPolygon
way,169137577,Coombe Wood School,education_schools,-0.07576401015149688,51.361658500000004,MultiPolygon
way,169691956,St Joseph's Catholic Infant & Junior School,education_schools,-0.09886653454004315,51.4791679,MultiPolygon
way,170754285,Trafalgar Junior School,education_schools,-0.3477537873188272,51.44211060000001,MultiPolygon
way,171799202,Forest Academy,education_schools,-0.02871528919440084,51.370599350000006,MultiPolygon
way,172055432,St George's Catholic School,education_schools,-0.18748625027257262,51.532860400000004,MultiPolygon
way,173960318,Gearies Primary School,education_schools,0.0705776459922331,51.58014795,MultiPolygon
way,175491446,Ark Acton Academy,education_schools,-0.2803943647714453,51.50583825,MultiPolygon
way,175847440,Barnehurst Infant School,education_schools,0.16253355191626523,51.4692492,MultiPolygon
way,175847441,Woodside Academy,education_schools,0.17252414227567803,51.4705371,MultiPolygon
way,175847442,Fairford Academy Barnehurst,education_schools,0.17257092235488064,51.46895925,MultiPolygon
way,175847443,Barnehurst Junior School,education_schools,0.160746901167413,51.46923855,MultiPolygon
way,176910974,Danegrove Primary School (Windsor Drive Site),education_schools,-0.1594131193259487,51.64346425,MultiPolygon
way,177218528,Rosendale Primary School,education_schools,-0.09801295608448932,51.4461229,MultiPolygon
way,177218532,Turney School,education_schools,-0.0978088058412408,51.44696245,MultiPolygon
way,177387695,Bishop Thomas Grant Catholic Secondary School,education_schools,-0.11940899763730961,51.4251706,MultiPolygon
way,177387697,Julian's Primary School (Streatham),education_schools,-0.11565245013166084,51.4292899,MultiPolygon
way,177387698,Sunnyhill Primary School,education_schools,-0.12037123499999576,51.42935005,MultiPolygon
way,178871555,David Livingstone Academy,education_schools,-0.09775291828122086,51.4096335,MultiPolygon
way,178871562,Kensington Avenue Primary School,education_schools,-0.11052207777800085,51.4095224,MultiPolygon
way,178871563,St James the Great RC Primary and Nursery School,education_schools,-0.10657544305225569,51.40570775,MultiPolygon
way,178938256,,education_schools,-0.06710737331633115,51.59834935000001,MultiPolygon
way,179055953,St. Margaret's Nursery School,education_schools,-0.16816038688779444,51.6491006,MultiPolygon
way,179316594,Bromley High School,education_schools,0.05875018976576846,51.394436799999994,MultiPolygon
way,179318725,Bickley Park School,education_schools,0.043315332057359365,51.4008013,MultiPolygon
way,179318728,Bickley Park School,education_schools,0.03969867220231293,51.40036535,MultiPolygon
way,180232790,Harris City Academy Crystal Palace,education_schools,-0.07733971496717135,51.41191605,MultiPolygon
way,181651644,St Joseph's Catholic Infant School,education_schools,-0.28782188478140247,51.55171495,MultiPolygon
way,181651645,St Joseph's Catholic Junior School,education_schools,-0.2878058945815064,51.55244985,MultiPolygon
way,181830517,Aerodrome Primary Academy,education_schools,-0.10903109427130903,51.361494199999996,MultiPolygon
way,181873940,Elsley Primary School,education_schools,-0.2871152033534291,51.5488538,MultiPolygon
way,182185377,St. Mark's Church of England Primary School,education_schools,-0.11989948075069348,51.56370055,MultiPolygon
way,182707259,James Dixon Primary School,education_schools,-0.06869101706039527,51.4102857,MultiPolygon
way,182927163,Royal Russell School,education_schools,-0.069141395113784,51.35891705,MultiPolygon
way,183353274,Oasis Academy Arena,education_schools,-0.06190555639285017,51.39288575,MultiPolygon
way,183779298,The Quest Academy,education_schools,-0.05089752010064803,51.351303099999996,MultiPolygon
way,183855097,Thomas's Clapham,education_schools,-0.15946639335203341,51.4552414,MultiPolygon
way,184117318,Belleville Primary School,education_schools,-0.16399248999660354,51.4571899,MultiPolygon
way,184117749,London Park School,education_schools,-0.14949904489146165,51.45265365,MultiPolygon
way,184144380,The Raglan Junior School,education_schools,-0.0723517084114749,51.6369683,MultiPolygon
way,184144489,Raglan Infant School,education_schools,-0.0722282724206372,51.6363998,MultiPolygon
way,184280909,Invicta Primary School Deptford,education_schools,-0.024174531992568686,51.48370385,MultiPolygon
way,184467859,Ark Bolingbroke Academy,education_schools,-0.16833402670416203,51.4561701,MultiPolygon
way,185594063,Merlin School,education_schools,-0.21658957372123483,51.45717945,MultiPolygon
way,185669080,St Mary's and St John's CofE School (Bennett House Campus),education_schools,-0.22590934935514298,51.59157035,MultiPolygon
way,185883136,Highgate Wood School,education_schools,-0.13315808674690865,51.5823056,MultiPolygon
way,185967032,Riversdale Primary School,education_schools,-0.19915064133815305,51.44652065,MultiPolygon
way,186116730,Wandsworth Preparatory School,education_schools,-0.18265512905953943,51.45418335,MultiPolygon
way,186256492,Southfields Academy,education_schools,-0.19724108012518893,51.4453217,MultiPolygon
relation,20679335,Martin Primary School,education_schools,-0.16800732619815056,51.594958500000004,MultiPolygon
way,186396289,Roehampton Church Forest Primary School,education_schools,-0.2374187623221245,51.44886495,MultiPolygon
way,186463534,Melrose School,education_schools,-0.17339006887461234,51.401614050000006,MultiPolygon
way,186577763,Charterhouse Square School,education_schools,-0.09882085465968246,51.52035285,MultiPolygon
way,186648331,Garratt Park School,education_schools,-0.18607232023425804,51.437291349999995,MultiPolygon
way,186649277,Earlsfield Primary School,education_schools,-0.1858619694038527,51.441406549999996,MultiPolygon
way,186837355,Harris Academy Rainham,education_schools,0.2059252161456453,51.51562935,MultiPolygon
way,186890169,Haberdashers’ Aske’s Hatcham College (years 10-13 site),education_schools,-0.042938917853986756,51.467847649999996,MultiPolygon
way,186890764,Haberdashers’ Aske’s Hatcham College (years 7-9 site),education_schools,-0.04132814978391787,51.47366575,MultiPolygon
way,187235129,Holy Trinity C of E Primary School,education_schools,-0.16911092575300884,51.5908666,MultiPolygon
way,187358541,Ashcroft Technology Academy,education_schools,-0.20755776192743985,51.45653045,MultiPolygon
way,187714540,Coppetts Wood Primary School,education_schools,-0.15168498548628825,51.60288655,MultiPolygon
way,187771103,St Monica's Catholic Primary School,education_schools,-0.08066281676046216,51.528579750000006,MultiPolygon
way,188073816,Manor Park Primary Academy,education_schools,-0.18803419019563888,51.364674,MultiPolygon
way,188781400,,education_schools,-0.1421115807429767,51.631463,MultiPolygon
way,188936923,Ashmole Academy,education_schools,-0.13288839992331208,51.62918655,MultiPolygon
way,189068714,Riddlesdown Collegiate,education_schools,-0.08673956030146279,51.32581035,MultiPolygon
way,189506374,DUCKS Kindergarten and Infants' School,education_schools,-0.0793308566283387,51.4356188,MultiPolygon
way,189508271,Kingsdale Foundation School,education_schools,-0.08453990055661145,51.4323633,MultiPolygon
way,189508273,Dulwich Hamlet Junior School,education_schools,-0.08701379340633719,51.4504478,MultiPolygon
way,189733614,Dulwich Prep & Senior,education_schools,-0.08475943635646571,51.433735799999994,MultiPolygon
way,189780356,Deptford Green School,education_schools,-0.036158453377555834,51.47844515,MultiPolygon
way,189838565,The Mall School,education_schools,-0.3493215944372573,51.4372386,MultiPolygon
way,190221214,Dulwich Wood Primary School,education_schools,-0.08227363137548274,51.43181385,MultiPolygon
way,191154268,Beckmead College (Tennison Road Site),education_schools,-0.08078469512814643,51.39643255,MultiPolygon
way,191612172,Stanley Primary School,education_schools,-0.34492749143720147,51.4343522,MultiPolygon
way,191828447,Stephen Hawking School,education_schools,-0.03706577454096573,51.51325225,MultiPolygon
way,192328206,"Canary Wharf College, East Ferry",education_schools,-0.013502879867439473,51.48923125,MultiPolygon
way,192335359,Latymer Preparatory School,education_schools,-0.2364755326543068,51.490690650000005,MultiPolygon
way,192355123,Wapping High School,education_schools,-0.06174375187386659,51.515014550000004,MultiPolygon
way,192794334,Avonmore Primary School,education_schools,-0.20831747287478541,51.494839,MultiPolygon
way,192932025,George Green's School,education_schools,-0.008252198141238495,51.48780265,MultiPolygon
way,192949780,Meridian High School,education_schools,-0.0007863540632134117,51.3310968,MultiPolygon
way,192975723,Marian Vian Primary School,education_schools,-0.045436507191490116,51.394294849999994,MultiPolygon
way,193000826,Cubitt Town Primary School,education_schools,-0.009728800012747613,51.49507455,MultiPolygon
way,193103487,Langley Park School for Boys,education_schools,-0.019857400222717432,51.3889846,MultiPolygon
way,193103490,Langley Park School for Girls,education_schools,-0.017577646162539227,51.38842305,MultiPolygon
way,193103508,Langley Park Primary School,education_schools,-0.016963976995205562,51.38626175,MultiPolygon
way,193134028,Hayes Primary School,education_schools,0.023027252272727915,51.3777095,MultiPolygon
way,193134031,Baston House School,education_schools,0.02308489524737685,51.3723595,MultiPolygon
way,193305472,Hayes School,education_schools,0.01797936372874851,51.37447575,MultiPolygon
way,193313661,Ravens Wood School,education_schools,0.03667614970027408,51.370432699999995,MultiPolygon
way,193603532,St Luke's Church of England Primary School,education_schools,-0.005533712730471934,51.4902617,MultiPolygon
way,193799546,Aspire Learning,education_schools,-0.09196633379685595,51.36737,MultiPolygon
way,194171279,,education_schools,-0.15061326903033895,51.3704313,MultiPolygon
relation,11047649,Cyril Jackson Primary School,education_schools,-0.029681353229032904,51.510298649999996,MultiPolygon
way,194529481,Tudor Primary School,education_schools,-0.3846389729412569,51.514420599999994,MultiPolygon
way,195118168,Furzedown Primary School,education_schools,-0.15350550811274494,51.42271805,MultiPolygon
way,195941675,Our Lady Immaculate Catholic Primary School,education_schools,-0.2835665667858465,51.3828977,MultiPolygon
way,196360580,,education_schools,-0.2921943752637659,51.386575,MultiPolygon
relation,11004280,Our Lady and St George's Catholic Primary School,education_schools,-0.007429406557601511,51.58906365,MultiPolygon
relation,11004279,Holy Family Catholic School,education_schools,-0.007128388813800402,51.58975725,MultiPolygon
way,196778436,Paxton Primary School,education_schools,-0.08163111642401172,51.42215865,MultiPolygon
way,196898653,St Mary's and St Peter's Church of England Primary School,education_schools,-0.3393630324729906,51.42869555,MultiPolygon
way,197294230,Langdon Park Community School,education_schools,-0.012091104439388772,51.514716500000006,MultiPolygon
way,197447090,Sir William Burrough Primary School,education_schools,-0.03459409119662844,51.5137421,MultiPolygon
way,198375006,Browns School,education_schools,0.1365337053843152,51.358703,MultiPolygon
way,198655761,Belmont Junior School (Mill Hill Preparatory School),education_schools,-0.23326314776139317,51.62362095,MultiPolygon
way,198989315,Rosh Pinah Primary School,education_schools,-0.27036643101928703,51.626951649999995,MultiPolygon
way,198994204,,education_schools,-0.26422592026291924,51.6078684,MultiPolygon
way,199117697,The Hyde School,education_schools,-0.24761050081810881,51.58291105000001,MultiPolygon
way,199167414,Chapel End Junior Academy,education_schools,-0.013895726334442766,51.59837655,MultiPolygon
relation,11004278,Mission Grove Primary School,education_schools,-0.03010364880411691,51.58347285,MultiPolygon
way,200018981,Bangabandhu Primary School,education_schools,-0.05216699311529703,51.5257668,MultiPolygon
way,200080072,St Thomas the Apostle College,education_schools,-0.05608778188155891,51.47124145,MultiPolygon
way,200676730,Ayeshas Community School,education_schools,-0.2360239948005794,51.57982335,MultiPolygon
way,200724312,Christ Church Bentinck C of E Primary School,education_schools,-0.16628435191137642,51.52131035,MultiPolygon
way,201203310,Brampton College,education_schools,-0.22212308210955706,51.5886402,MultiPolygon
way,201338060,Educational Excellence & Wellbeing,education_schools,-0.10012637433789837,51.369823999999994,MultiPolygon
way,201346857,Hendon School,education_schools,-0.21703795216820523,51.585781,MultiPolygon
way,201350446,,education_schools,-0.2140594506317201,51.58562175,MultiPolygon
way,201352481,Bell Lane Primary School,education_schools,-0.21643627628595924,51.58744815,MultiPolygon
relation,18735148,The Royal Ballet School,education_schools,-0.26491554495726405,51.44526515,MultiPolygon
way,201660561,Pardes House Primary School,education_schools,-0.19799428160005944,51.598854900000006,MultiPolygon
way,201994822,Sybil Elgar School,education_schools,-0.37385918406587226,51.5012857,MultiPolygon
way,202453248,Our Lady of Lourdes RC School,education_schools,-0.17594719692737104,51.603292999999994,MultiPolygon
way,202745626,Wetherby Preparatory School,education_schools,-0.1611516275262716,51.51661915,MultiPolygon
way,203139955,Harris Primary Academy Benson,education_schools,-0.04125293446377179,51.370546250000004,MultiPolygon
way,203139956,Coloma Convent Girls' School,education_schools,-0.0518619873327353,51.36855695,MultiPolygon
way,203139965,Shirley High School Performing Arts College,education_schools,-0.049163740092510705,51.369044099999996,MultiPolygon
way,203139969,St. John's C of E Primary School,education_schools,-0.05134782191768528,51.371913899999996,MultiPolygon
way,203229412,Burdett-Coutts and Townshend Foundation C of E Primary School,education_schools,-0.1345984024565985,51.49490695,MultiPolygon
way,203229413,Christopher Hatton Primary School,education_schools,-0.11226534791532108,51.522715500000004,MultiPolygon
way,203229414,The Grey Coat Hospital,education_schools,-0.13407767661337933,51.4958987,MultiPolygon
way,203229415,St Peter and St Paul Catholic Primary School,education_schools,-0.10093465155454759,51.524949649999996,MultiPolygon
way,203229416,St Vincent De Paul Catholic Primary School,education_schools,-0.1397462896878009,51.49536234999999,MultiPolygon
way,203229417,The St Marylebone C.E School Sixth Form Site,education_schools,-0.15261579166668793,51.5186113,MultiPolygon
way,203229418,Westminster City School,education_schools,-0.1386650001575163,51.4978689,MultiPolygon
way,203452648,All Souls Church of England Primary School,education_schools,-0.1385897245973027,51.519842499999996,MultiPolygon
way,203452649,Argyle Primary School,education_schools,-0.12401955061726021,51.5287508,MultiPolygon
way,203452650,Mulberry Canon Barnett Primary Academy,education_schools,-0.07187501206567132,51.51622745,MultiPolygon
way,203452651,Central Foundation Boys' School,education_schools,-0.08581822181031125,51.5249948,MultiPolygon
way,203452652,St George's Hanover Square CofE Primary School,education_schools,-0.15000499184587862,51.5088231,MultiPolygon
way,203452653,St Mary's Bryanston Square CE Primary School,education_schools,-0.16291389055233413,51.520329000000004,MultiPolygon
way,203493632,Harris Primary Academy Croydon,education_schools,-0.11748911622373448,51.381564,MultiPolygon
way,203662865,Harris Primary Academy Purley Way,education_schools,-0.1173965216776492,51.362310550000004,MultiPolygon
way,204867650,Gresham Primary School,education_schools,-0.07852582528819194,51.3336392,MultiPolygon
way,205275924,Collège Français Bilingue de Londres,education_schools,-0.1454434603775891,51.54896205,MultiPolygon
way,205636741,Oasis Academy Hadley,education_schools,-0.03713808074706458,51.6417142,MultiPolygon
way,205671394,Cameron Vale School,education_schools,-0.17522487081739904,51.48560325,MultiPolygon
way,205701839,Miles Coverdale Primary School,education_schools,-0.22886624570365577,51.50425955,MultiPolygon
way,205811028,Heathfield Academy,education_schools,-0.09822517271345244,51.365544650000004,MultiPolygon
way,205980272,Cudham Church of England Primary School,education_schools,0.05487058340620178,51.315127849999996,MultiPolygon
way,206183113,Norbury Manor Primary School,education_schools,-0.12772510377925186,51.40998415,MultiPolygon
way,206183123,Stanford Primary School,education_schools,-0.13479773279527343,51.40962639999999,MultiPolygon
way,206183126,Woodmansterne School,education_schools,-0.13502447972490644,51.41241615,MultiPolygon
way,206602611,Lonesome Primary School,education_schools,-0.14991366462299976,51.409173800000005,MultiPolygon
way,206999735,Smitham Primary School,education_schools,-0.14381702407310587,51.318319,MultiPolygon
way,206999736,St Aidan's Catholic Primary School,education_schools,-0.1459176420463048,51.317609000000004,MultiPolygon
way,207443589,Newland House School,education_schools,-0.33437952471930676,51.4331811,MultiPolygon
way,207576961,Ecclesbourne Primary School,education_schools,-0.1019224104644972,51.39188265,MultiPolygon
way,208347826,Sylvia Young Theatre School,education_schools,-0.16249721748497514,51.517150349999994,MultiPolygon
way,208697931,Harris Academy Falconwood,education_schools,0.08815917391732035,51.4588241,MultiPolygon
way,208702069,St Peter's London Docks CofE Primary School,education_schools,-0.055166692407586856,51.50604405,MultiPolygon
way,209204539,Sheringdale Primary School,education_schools,-0.20376274510125053,51.44649,MultiPolygon
way,209688895,Arnhem Wharf Primary School,education_schools,-0.02641552964985549,51.4952144,MultiPolygon
way,210101105,Beaumont Primary School,education_schools,-0.12107171003017803,51.32815255,MultiPolygon
way,210101131,Harris Primary Academy Kenley,education_schools,-0.10279850510458712,51.326066850000004,MultiPolygon
way,210101134,St Nicholas School,education_schools,-0.12092932017564043,51.32881485,MultiPolygon
way,210346957,Marshgate Primary School,education_schools,-0.29026642437804884,51.4614872,MultiPolygon
way,210347533,Christ's Church of England Comprehensive Secondary School,education_schools,-0.287999698603865,51.459093100000004,MultiPolygon
way,210348598,Kew Riverside Primary School,education_schools,-0.2763858589471051,51.4741477,MultiPolygon
way,210386539,Beatrice Tate School,education_schools,-0.030429755409944532,51.5241314,MultiPolygon
way,210613348,Clockhouse Primary School,education_schools,0.16327863462641826,51.6029053,MultiPolygon
way,210873192,St Elizabeth's Catholic Primary School,education_schools,-0.2902665062572864,51.456722850000006,MultiPolygon
way,210875815,Sheen Mount Primary School,education_schools,-0.2765216090155945,51.4610872,MultiPolygon
way,210881521,Richmond Park Academy,education_schools,-0.2588410486820809,51.4625693,MultiPolygon
way,210881970,East Sheen Primary School,education_schools,-0.25546353325622534,51.4646836,MultiPolygon
way,210882641,St Mary Magdalen's Catholic Primary School,education_schools,-0.26188958442661464,51.4689628,MultiPolygon
way,210885687,St Osmund's Catholic Primary School,education_schools,-0.24552147588632756,51.47457215,MultiPolygon
way,210886686,Lowther Primary School,education_schools,-0.2386228721502624,51.483231149999995,MultiPolygon
way,210891574,Southbank International School Westminster Campus - Cleveland Street,education_schools,-0.14290507593643648,51.52370965,MultiPolygon
way,211551040,Buckingham Primary School,education_schools,-0.3766042638126732,51.4272136,MultiPolygon
way,211552798,Collis Primary School,education_schools,-0.3241887062278294,51.42199825,MultiPolygon
way,211554607,Hampton Wick Infant and Nursery School,education_schools,-0.311449318251954,51.4182781,MultiPolygon
way,211555228,Sacred Heart Catholic Primary School,education_schools,-0.3217349406344472,51.420546900000005,MultiPolygon
way,211556068,St John the Baptist Church of England Junior School,education_schools,-0.31041741641271037,51.417251300000004,MultiPolygon
way,211781782,The Harrodian School,education_schools,-0.24466282363888528,51.48197435,MultiPolygon
way,211790276,Bishop Perrin CE Primary School,education_schools,-0.3660024055362655,51.44884265,MultiPolygon
way,211800143,Heathfield Schools,education_schools,-0.36990255462667887,51.44671825,MultiPolygon
way,211808063,St Edmund's Catholic Primary School,education_schools,-0.36273920700458295,51.45187145,MultiPolygon
way,211813935,St Mary's Church of England Primary School,education_schools,-0.3185116861545212,51.45029925,MultiPolygon
way,211814853,Orleans Park School,education_schools,-0.32031309195402047,51.44949165,MultiPolygon
way,211818538,Trafalgar Infant School,education_schools,-0.35085471668557106,51.445043749999996,MultiPolygon
way,211819112,Teddington School,education_schools,-0.3109294601346733,51.4231397,MultiPolygon
way,211819343,Twickenham School,education_schools,-0.36350468747088477,51.4436824,MultiPolygon
way,211823003,The Russell Primary School,education_schools,-0.3059700666458977,51.443913699999996,MultiPolygon
way,212876476,The Oxfield School of English,education_schools,-0.19292389466411117,51.53723125,MultiPolygon
way,213915822,Serenity School,education_schools,-0.09919065544399194,51.3644766,MultiPolygon
way,214288100,Rotherhithe Primary School,education_schools,-0.04948646454778134,51.4916579,MultiPolygon
way,214869139,St Helen's School,education_schools,-0.42086045450228293,51.612477049999995,MultiPolygon
way,215120623,Oasis Academy Byron,education_schools,-0.1284059675768694,51.313642349999995,MultiPolygon
way,215120630,New Valley Primary School,education_schools,-0.11323038159317829,51.3147242,MultiPolygon
way,215793000,Heathland School,education_schools,-0.36934760257630195,51.56372825,MultiPolygon
way,216499579,Immanuel and St Andrew Church of England Primary School,education_schools,-0.1314099346629357,51.41913375,MultiPolygon
way,216873106,The Swedish School,education_schools,-0.2447637617202027,51.485312949999994,MultiPolygon
way,217018514,Tower House School,education_schools,-0.2683736277196077,51.46277915,MultiPolygon
way,217398096,St Mary's CofE Primary School,education_schools,-0.0026832627953295796,51.5835343,MultiPolygon
way,217462198,Convent of Jesus and Mary RC Infant School,education_schools,-0.22737732952705642,51.5481346,MultiPolygon
way,217462832,St Mary Magdalen's Catholic Junior School,education_schools,-0.22891431057046951,51.5477876,MultiPolygon
way,217480248,The Mulberry Primary School,education_schools,-0.0665142041277985,51.59598235,MultiPolygon
way,218903191,Crampton Primary School,education_schools,-0.10092975304867519,51.490015150000005,MultiPolygon
way,219245499,William Perkin Church of England High School,education_schools,-0.3517062014324312,51.5380464,MultiPolygon
way,219995899,St John Fisher Catholic Primary School,education_schools,-0.3122770771758285,51.53785205,MultiPolygon
way,220011217,Sudbourne Primary (second site),education_schools,-0.126212424402866,51.45581365,MultiPolygon
way,220331990,ARK John Archer Primary Academy,education_schools,-0.17475180093295734,51.46196535,MultiPolygon
way,220434720,Sherington Primary School,education_schools,0.025769141989211184,51.480508549999996,MultiPolygon
way,220490117,Gifford Primary School,education_schools,-0.3754957373507317,51.536926550000004,MultiPolygon
way,220591400,Blackheath High School,education_schools,0.010744273251693172,51.467439150000004,MultiPolygon
way,220958850,Babington House School,education_schools,0.04977219517572121,51.41834645,MultiPolygon
way,221050476,The Edward Betham Church of England Primary School,education_schools,-0.3508872729733078,51.53433415,MultiPolygon
way,221050478,Edward Betham Church of England Infant School,education_schools,-0.34985074095500934,51.53400765,MultiPolygon
way,221050485,Coston Primary School,education_schools,-0.35096390119506393,51.533798000000004,MultiPolygon
way,221074371,Our Lady of the Visitation Catholic Primary School,education_schools,-0.351199341401976,51.52605015,MultiPolygon
way,221076055,The Cardinal Wiseman Catholic School,education_schools,-0.3513514905785998,51.5253128,MultiPolygon
way,221131647,Pinkwell Primary School,education_schools,-0.4390493377230331,51.49768905,MultiPolygon
way,221185829,Stanhope Primary School,education_schools,-0.35571057442965887,51.5268271,MultiPolygon
way,221191955,Dormers Wells Primary School,education_schools,-0.3629271948696463,51.5133938,MultiPolygon
way,221192746,Mayfield Primary School,education_schools,-0.34803147748344376,51.52074435,MultiPolygon
way,221214984,Knollmead Primary School,education_schools,-0.27411736750391236,51.37873955,MultiPolygon
way,222185395,Lady Margaret Primary School,education_schools,-0.3729075747084257,51.5240649,MultiPolygon
way,222186319,Durdans Park Primary School,education_schools,-0.376463401006337,51.5231799,MultiPolygon
way,222221899,Elmwood Junior School,education_schools,-0.10578120906859623,51.385800599999996,MultiPolygon
way,222221900,Elmwood Infant School,education_schools,-0.10557921221085934,51.3867423,MultiPolygon
way,222351184,Ravenor Primary School,education_schools,-0.3665563096082667,51.5323372,MultiPolygon
way,222517943,Greenford High School,education_schools,-0.36929450852228995,51.5309109,MultiPolygon
way,222572111,Kew College Prep,education_schools,-0.2845009129017738,51.48056525,MultiPolygon
way,222576087,Broomfield House School,education_schools,-0.28816227898556146,51.47883145,MultiPolygon
way,222576418,Unicorn School,education_schools,-0.2905934767192815,51.47654395,MultiPolygon
way,222576798,King's House School (Junior Department),education_schools,-0.2937746995477234,51.4607103,MultiPolygon
way,222577838,King's House School (Senior Department),education_schools,-0.29265290035654923,51.459385299999994,MultiPolygon
way,222578347,The Old Vicarage School,education_schools,-0.3019868914648899,51.4563648,MultiPolygon
way,222711288,Mulgrave Primary School,education_schools,0.060786429295209235,51.488579200000004,MultiPolygon
way,222776893,Belvue School,education_schools,-0.36887443274165166,51.5414239,MultiPolygon
way,222987311,St Nicholas Church of England Primary,education_schools,0.0728640030400735,51.41088105,MultiPolygon
way,223017675,Park Hill Preparatory School and Nursery,education_schools,-0.2845321201419635,51.417316650000004,MultiPolygon
way,223035560,Islip Manor High School,education_schools,-0.37573962182860593,51.551569,MultiPolygon
way,223050186,Brindishe Green School,education_schools,-0.004543586861852149,51.4508796,MultiPolygon
way,223211558,The BRIT School,education_schools,-0.09131223064241079,51.39009245,MultiPolygon
way,223211559,The Crescent Primary School,education_schools,-0.09195350203565725,51.391081,MultiPolygon
way,223292722,Petts Hill Primary School,education_schools,-0.36146213054014875,51.55287425,MultiPolygon
way,223330998,Viking Primary School,education_schools,-0.3917492607825588,51.53263565,MultiPolygon
way,223332257,Downe Manor Primary School,education_schools,-0.4028340284096159,51.5344575,MultiPolygon
way,223332802,St Raphael's Catholic Primary School,education_schools,-0.40331552483239935,51.5366738,MultiPolygon
way,223339023,Willow Tree Primary School,education_schools,-0.3805456148946932,51.550619999999995,MultiPolygon
way,223398704,Brentside Primary School,education_schools,-0.3396682336041652,51.5257049,MultiPolygon
way,223477360,Avanti House Primary School,education_schools,-0.33806195399432815,51.62839845,MultiPolygon
way,224073296,Rockmount Primary School,education_schools,-0.09185435230512319,51.4187048,MultiPolygon
way,224131713,North Ealing Primary School,education_schools,-0.31780483972569534,51.52641654999999,MultiPolygon
way,224136353,Notting Hill and Ealing High School,education_schools,-0.31593667441560336,51.5206371,MultiPolygon
way,224178088,Buxton School,education_schools,0.01469631934806692,51.5575989,MultiPolygon
way,224260902,Castlebar School,education_schools,-0.32869098891118964,51.52336425,MultiPolygon
way,224283412,Springhallow School,education_schools,-0.32939343417159767,51.5183532,MultiPolygon
way,224390504,Phil Edwards PRU,education_schools,-0.0789386599682099,51.411422349999995,MultiPolygon
way,225431995,Southmead Primary School,education_schools,-0.21626485903198456,51.44521055,MultiPolygon
way,225573575,Ecole Française de Londres Jacques Prévert,education_schools,-0.2179229202488696,51.49583165,MultiPolygon
way,225785466,Richard Cobden Primary School,education_schools,-0.13605937275482566,51.535662599999995,MultiPolygon
way,226224737,St Paul with St Luke CofE Primary School,education_schools,-0.02839885060240837,51.5180126,MultiPolygon
way,226321207,Broadmead Primary School,education_schools,-0.09072179426714963,51.38598705,MultiPolygon
way,226321213,St Mary's Catholic Infant School,education_schools,-0.09584342137638982,51.37933425,MultiPolygon
way,226321214,St Mary's Catholic Junior School,education_schools,-0.0955693424989141,51.3799579,MultiPolygon
relation,5927765,St John's Church of England Primary School,education_schools,-0.05382250554817953,51.53075335,MultiPolygon
way,227417976,Chestnut Park Primary School,education_schools,-0.10511443589492175,51.38409405,MultiPolygon
way,227581836,St Mary's Catholic High School,education_schools,-0.09785595151703244,51.380789050000004,MultiPolygon
way,228069871,Stewart Headlam Primary School,education_schools,-0.05976875364989111,51.52320095,MultiPolygon
way,228375461,St Bartholomews's Church of England Primary School,education_schools,-0.0560971454488389,51.43074365,MultiPolygon
way,228376857,Sydenham High School (Prep School),education_schools,-0.06269761575070418,51.42708425,MultiPolygon
way,229722141,Bensham Manor School,education_schools,-0.1020583637330947,51.3950574,MultiPolygon
way,229767762,Heathfield House School,education_schools,-0.2681213227935959,51.49076275,MultiPolygon
way,229819791,Orley Farm School,education_schools,-0.3437150484687348,51.56166075,MultiPolygon
way,229820511,Roxeth Primary School,education_schools,-0.3435327017398747,51.5693092,MultiPolygon
way,230025678,The Welldon Park Academy,education_schools,-0.3565681344144137,51.5609597,MultiPolygon
way,230150153,,education_schools,-0.340258952459526,51.56917865,MultiPolygon
way,230254472,City of London Academy Highbury Grove,education_schools,-0.09762438258622194,51.548968849999994,MultiPolygon
way,230270703,Orion Scotts Park,education_schools,0.031234652100454986,51.410901949999996,MultiPolygon
way,230271113,St Joseph's Catholic Primary School,education_schools,0.026635765723886852,51.41231225,MultiPolygon
way,230354242,Dormers Wells High School,education_schools,-0.36639521216058407,51.51866905,MultiPolygon
way,230354824,Allenby Primary School,education_schools,-0.3651410987489242,51.52029455,MultiPolygon
way,230405645,Colegrave Primary School,education_schools,0.0014328172058769295,51.548290800000004,MultiPolygon
way,230453520,The Study Preparatory School,education_schools,-0.23176159193886367,51.4263591,MultiPolygon
way,230623555,Cardinal Pole Catholic School,education_schools,-0.04626298336221585,51.5466395,MultiPolygon
way,230789283,William Davis Primary School,education_schools,-0.0671634136523688,51.5241905,MultiPolygon
relation,10999945,Harris Academy Chobham,education_schools,-0.008022205356737163,51.5510953,MultiPolygon
way,232072371,St William of York Catholic Primary School,education_schools,-0.04118230884861533,51.443996850000005,MultiPolygon
way,232805638,Ark Putney Academy,education_schools,-0.2254590919128915,51.4548013,MultiPolygon
way,232838911,Greenslade Primary School,education_schools,0.08629515658541663,51.4795533,MultiPolygon
way,232840356,Plumstead Manor School (Girls),education_schools,0.08476109678600796,51.482159949999996,MultiPolygon
way,233384639,The Japanese School,education_schools,-0.28063412657016007,51.51372685,MultiPolygon
way,234015043,Newland House School Pre-Preparatory Department,education_schools,-0.33639595391684207,51.433981599999996,MultiPolygon
way,234425526,Villiers High School,education_schools,-0.3734870462574043,51.5093443,MultiPolygon
way,234726504,St George's CofE Primary School,education_schools,-0.13938660199241304,51.47729285,MultiPolygon
way,235486371,Blair Peach Primary School,education_schools,-0.3915872089111674,51.50910245,MultiPolygon
way,235621579,Featherstone High School,education_schools,-0.38745879066720346,51.49852490000001,MultiPolygon
way,235828702,Ark Academy,education_schools,-0.27983338285569825,51.5648547,MultiPolygon
way,235885857,Mount Stewart Schools,education_schools,-0.3018881052820149,51.57864655,MultiPolygon
way,236369112,St Antony's Catholic Primary School,education_schools,0.02369733395442435,51.6159081,MultiPolygon
way,236929653,Preston Manor Lower School,education_schools,-0.29286455258521427,51.5683166,MultiPolygon
way,237697402,Eaton Square Upper School,education_schools,-0.1467793433376397,51.505172,MultiPolygon
way,238584201,StreetVibes Academy,education_schools,0.04905660158565786,51.4511928,MultiPolygon
way,240040769,St Giles School,education_schools,-0.10624864156107557,51.3558898,MultiPolygon
way,240326416,Alexandra Infant School,education_schools,-0.28779303938053247,51.41712125,MultiPolygon
way,240326427,Kingston Hill Children's Centre,education_schools,-0.28839965849486304,51.4172395,MultiPolygon
way,241185701,St. Catherine's School,education_schools,-0.3325544827586214,51.4419671,MultiPolygon
way,241234999,Longlands Primary School,education_schools,0.09043338125685423,51.4312062,MultiPolygon
way,241327016,Twickenham Preparatory School,education_schools,-0.36184419383291,51.4149375,MultiPolygon
way,241804211,Denmead School,education_schools,-0.36869292941267395,51.41860185,MultiPolygon
way,241808460,Saint Jerome Bilingual C of E School,education_schools,-0.33193813011416623,51.58540455,MultiPolygon
way,241849361,Woodberry Down Community Primary School,education_schools,-0.09037759560276817,51.573797150000004,MultiPolygon
way,241849363,Skinners' Academy,education_schools,-0.09255506525685395,51.5734493,MultiPolygon
way,242293773,Eaton Square Prep School,education_schools,-0.14121883866625334,51.492000000000004,MultiPolygon
way,242370682,Trinity Secondary,education_schools,0.00747619559787552,51.455278899999996,MultiPolygon
way,243238421,Millennium Primary School,education_schools,0.01113726665238434,51.4932922,MultiPolygon
way,244626366,Brindishe Lee Primary School,education_schools,0.008883377015495401,51.453649850000005,MultiPolygon
way,246923237,Hillingdon Primary School,education_schools,-0.4508867266976663,51.531155150000004,MultiPolygon
way,247220968,Southborough High School,education_schools,-0.301811513319739,51.37556745,MultiPolygon
way,248925138,Snaresbrook Prep School,education_schools,0.02296264350213853,51.59160635,MultiPolygon
way,248940453,Our Lady of Grace RC Infant School,education_schools,-0.22445754999998901,51.564078800000004,MultiPolygon
way,250683429,Pelham Primary School,education_schools,0.14984717942090509,51.45926865,MultiPolygon
way,250683438,Hook Lane Primary School,education_schools,0.10423610235530589,51.4617351,MultiPolygon
way,250785384,Haberdashers' Knights Academy,education_schools,0.016567270941783795,51.42806585,MultiPolygon
way,250785387,Launcelot Primary School,education_schools,0.015171232392895945,51.426420300000004,MultiPolygon
way,251602706,Mowlem Primary School,education_schools,-0.05444902417509283,51.533515449999996,MultiPolygon
way,255472317,Eden Primary,education_schools,-0.1548841418992859,51.594754800000004,MultiPolygon
way,256178615,St Fidelis Catholic Primary School,education_schools,0.16186533247711077,51.4768089,MultiPolygon
relation,3435182,Old Palace of John Whitgift School,education_schools,-0.0789670144242091,51.36039415,MultiPolygon
way,256646463,Blessed Sacrament RC Primary School,education_schools,-0.11857536738529575,51.536463600000005,MultiPolygon
way,256646464,Vittoria Primary School,education_schools,-0.11862122214151588,51.5356663,MultiPolygon
way,256832716,St Matthew's Church of England Primary School,education_schools,-0.29861183377444345,51.387498,MultiPolygon
way,257025626,Dorset Road Infant School,education_schools,0.044369675909861885,51.4359288,MultiPolygon
way,257176506,St Mark's Church of England Primary Academy,education_schools,-0.07133219374376282,51.39859835,MultiPolygon
way,257240682,More House School,education_schools,-0.15966798798247744,51.4973026,MultiPolygon
way,257320333,Featherstone Primary and Nursery School,education_schools,-0.39539139090433884,51.49849235,MultiPolygon
way,258491877,Sherwood Park Primary School,education_schools,0.11078511659107385,51.4479757,MultiPolygon
way,260122206,Beths Grammar School,education_schools,0.15048652538695476,51.4468665,MultiPolygon
way,260633676,The Cedars School,education_schools,-0.0717440458201638,51.36376315,MultiPolygon
way,261829407,Wanstead Church School,education_schools,0.024517504018589355,51.57880335,MultiPolygon
way,262266651,Kingsmead Primary School,education_schools,-0.03516817065285162,51.5533869,MultiPolygon
way,262748977,Negus Sixth Form Centre,education_schools,0.10387516188755569,51.479642850000005,MultiPolygon
way,262749054,St Margaret's CE Primary School,education_schools,0.07562775598978003,51.4830878,MultiPolygon
way,263332979,Wood Green Preschool Playgroup,education_schools,-0.11827619816552915,51.602169950000004,MultiPolygon
way,264140479,Woodcote High School,education_schools,-0.14228290506814162,51.33016,MultiPolygon
way,264140480,Woodcote Primary School,education_schools,-0.14081253227504373,51.328048749999994,MultiPolygon
way,264141190,Hall School Wimbledon Junior School,education_schools,-0.24362974320086966,51.43637915,MultiPolygon
way,265326375,Newstead Wood School,education_schools,0.07614222640449442,51.3667017,MultiPolygon
way,265879317,Castle Hill Academy,education_schools,-0.01736064201361096,51.35540495,MultiPolygon
way,265879318,Good Shepherd Catholic Primary and Nursery School,education_schools,-0.02095271239802295,51.35349295,MultiPolygon
way,265879394,Applegarth Academy,education_schools,-0.026444424966753227,51.354994950000005,MultiPolygon
way,265891042,Mossbourne Victoria Park Academy,education_schools,-0.04216386726006069,51.5391407,MultiPolygon
way,266650737,Seven Mills Primary School,education_schools,-0.02391226593333319,51.4979643,MultiPolygon
way,267105011,Our Lady and St John's Catholic Primary School,education_schools,-0.313430579950114,51.4903342,MultiPolygon
relation,11034600,Christ Church CofE School,education_schools,-0.07235167830279263,51.51882865,MultiPolygon
way,270744990,Queen's Park Primary School,education_schools,-0.20826930717426967,51.5274491,MultiPolygon
way,272096895,St John's Highbury Vale CofE Primary School,education_schools,-0.10022405072322096,51.5581751,MultiPolygon
way,274703393,Wood End Park Academy,education_schools,-0.4385782181603497,51.5170678,MultiPolygon
way,276149623,Ark Evelyn Grace Academy,education_schools,-0.10419170070043171,51.4608296,MultiPolygon
way,277162109,Kingsford Community School,education_schools,0.05424731533748596,51.513651249999995,MultiPolygon
way,279618879,Belmount Infant School,education_schools,-0.09494027329423269,51.59240115,MultiPolygon
way,279652000,West London Community College,education_schools,-0.4944034999999991,51.5388085,MultiPolygon
way,280642872,Beecroft Garden Primary School,education_schools,-0.03639586954995546,51.45692185,MultiPolygon
way,281132375,Ridgeway Primary School and Nursery,education_schools,-0.08602941497306818,51.346192450000004,MultiPolygon
way,281225084,Granard Primary School,education_schools,-0.23292872284130858,51.4556868,MultiPolygon
way,281469362,Harris Academy Greenwich,education_schools,0.03869525478365678,51.4513912,MultiPolygon
way,282453911,UCS Junior Branch,education_schools,-0.1795679556789056,51.55699805,MultiPolygon
way,282807155,Chestnut Grove Academy,education_schools,-0.1550127822108831,51.44436665,MultiPolygon
way,283107905,Alperton Community School,education_schools,-0.30019245823949137,51.541773449999994,MultiPolygon
way,285407024,Van Gogh Primary,education_schools,-0.11594122159391067,51.47452795,MultiPolygon
way,285464312,St Mark's Church of England Primary School,education_schools,-0.11707171251728488,51.484724650000004,MultiPolygon
way,285998546,Margaret Roper Catholic Primary School,education_schools,-0.12008837443793312,51.344180050000006,MultiPolygon
way,285998549,Thomas More Catholic School,education_schools,-0.11903297095662747,51.34355755,MultiPolygon
way,287308805,Ark Franklin Primary Academy,education_schools,-0.21693803998041533,51.53271755,MultiPolygon
way,288304682,City of Westminster College,education_schools,-0.1748934415893599,51.5213399,MultiPolygon
way,288532817,Mulberry UTC,education_schools,-0.02607506184804094,51.53403505,MultiPolygon
way,288563281,Hague Primary School,education_schools,-0.058977636189517436,51.5251389,MultiPolygon
way,288854816,St Mary's Lewisham Church of England Primary School,education_schools,-0.014993724815905593,51.4550702,MultiPolygon
way,289283381,Ashmole Primary School,education_schools,-0.11509088076606513,51.4817309,MultiPolygon
way,289336801,Horniman Primary School,education_schools,-0.05966783479554463,51.443943000000004,MultiPolygon
way,289383492,Eliot Bank Primary School,education_schools,-0.06127211843621705,51.4370519,MultiPolygon
way,289446711,Kilmorie Primary School,education_schools,-0.040132608849569595,51.438542850000005,MultiPolygon
way,291627807,Gwyn Jones Primary School,education_schools,0.0031399678279726865,51.5731488,MultiPolygon
way,291745991,Fairlawn Primary School,education_schools,-0.055294063013192854,51.44691135,MultiPolygon
way,292046441,Pooles Park Primary School,education_schools,-0.11230030403251265,51.5649602,MultiPolygon
way,292103755,Rathfern Primary School,education_schools,-0.03262880616354398,51.44090775,MultiPolygon
way,292293477,Harris Academy South Norwood,education_schools,-0.07480489573609542,51.400811649999994,MultiPolygon
way,292466955,Leytonstone School,education_schools,0.005816697881585441,51.575407299999995,MultiPolygon
way,293151827,Morden Primary School,education_schools,-0.20278988590517946,51.39271325,MultiPolygon
way,293671920,St Joseph's RC Infant School,education_schools,-0.09885153737430041,51.42189405,MultiPolygon
way,293671921,St Joseph's RC Junior School,education_schools,-0.09977811556874192,51.42116355,MultiPolygon
way,293671923,The Laurels School,education_schools,-0.09599071312837024,51.42163145,MultiPolygon
way,293673044,Priory School,education_schools,-0.09566331446920878,51.420024749999996,MultiPolygon
way,294265559,Bow School,education_schools,-0.009468545935635595,51.522895649999995,MultiPolygon
way,294267952,Longshaw Primary Academy,education_schools,0.005160701245254125,51.620785049999995,MultiPolygon
way,294267973,Morningside Primary School,education_schools,-0.050474278357986846,51.546303699999996,MultiPolygon
way,294812772,Greenmead School,education_schools,-0.23319934186242963,51.45912920000001,MultiPolygon
way,299026725,Sulivan Primary School,education_schools,-0.19954617635497307,51.470437950000004,MultiPolygon
way,299086931,Enfield Heights Academy,education_schools,-0.045595319275311894,51.66320695,MultiPolygon
way,300034883,Reay Primary School,education_schools,-0.11529790416184514,51.47745515,MultiPolygon
way,300037228,Platanos College,education_schools,-0.11913456248144152,51.47317940000001,MultiPolygon
way,300860274,Lilian Baylis Technology School,education_schools,-0.11738557988040925,51.48574605,MultiPolygon
way,300967482,Belmont Academy,education_schools,0.14619879210892048,51.4727369,MultiPolygon
way,301149951,Lansdowne School,education_schools,-0.1199398739208932,51.4670191,MultiPolygon
way,301151337,St Andrew's Church of England Primary School,education_schools,-0.12245851504379728,51.468705650000004,MultiPolygon
way,301174869,"Wyvil Primary School and Resource Bases for Speech, Language and Communication Needs, and Autism",education_schools,-0.12541415878477916,51.48124,MultiPolygon
way,301499712,Montbelle Primary School,education_schools,0.0626145466294316,51.42772545,MultiPolygon
way,301692549,Herbert Morrison Primary School,education_schools,-0.12573652174860056,51.478624350000004,MultiPolygon
way,301886705,Trinity Academy,education_schools,-0.11955930762573971,51.456614200000004,MultiPolygon
way,301957704,Vauxhall Primary School,education_schools,-0.11797399836689351,51.4888249,MultiPolygon
way,301993036,Richard Atkins Primary School,education_schools,-0.12694320482422822,51.4482324,MultiPolygon
way,302038459,Streatham & Clapham Nursery & Prep School,education_schools,-0.12141885283131353,51.4410097,MultiPolygon
way,302039512,Holy Trinity Church of England Primary School,education_schools,-0.11870984526730308,51.447528000000005,MultiPolygon
way,302045404,Dunraven School North Side,education_schools,-0.12139882803509766,51.434426099999996,MultiPolygon
way,302045405,Dunraven School South Side,education_schools,-0.1200791491336553,51.43295825,MultiPolygon
way,302045406,Streatham Wells Primary School,education_schools,-0.11618772208019805,51.439966,MultiPolygon
way,302088954,Streatham & Clapham High School (Senior School),education_schools,-0.13846600655631675,51.435526100000004,MultiPolygon
way,302319605,Loughborough Primary School,education_schools,-0.10506846005814657,51.4695289,MultiPolygon
way,302321872,Heron Academy,education_schools,-0.10083315168954039,51.461650899999995,MultiPolygon
way,302321873,St Saviour's Church of England Primary School,education_schools,-0.09817234072700141,51.463646100000005,MultiPolygon
way,302827733,St Stephen's Church of England Primary School,education_schools,-0.12235037328309775,51.479647549999996,MultiPolygon
relation,4035175,Alleyn's Oakfield,education_schools,-0.0937964750929885,51.441369449999996,MultiPolygon
way,303142425,Rosemead Preparatory School,education_schools,-0.09880073280492646,51.43911205,MultiPolygon
way,303157589,Hitherfield Primary School,education_schools,-0.11501865465759029,51.436226149999996,MultiPolygon
way,303158337,St Luke's Church of England Primary School,education_schools,-0.09984849126965258,51.426672499999995,MultiPolygon
way,303222332,Telferscot Primary School,education_schools,-0.13685542698373704,51.44298465,MultiPolygon
way,303225391,St Bernadette Catholic Junior School,education_schools,-0.14301190116431195,51.44695195,MultiPolygon
way,303225392,The White House Preparatory School & Woodentops Kindergarten,education_schools,-0.1355665684875655,51.44536735,MultiPolygon
way,303226736,Henry Cavendish Primary School (Balham Site),education_schools,-0.14369057510190522,51.44440335,MultiPolygon
way,303229814,Sudbourne Primary School,education_schools,-0.11972379692492477,51.4582448,MultiPolygon
relation,4047635,Dycorts School,education_schools,0.23800040868532402,51.611313949999996,MultiPolygon
way,304920128,The Children's House Upper School,education_schools,-0.08002246358560515,51.5490162,MultiPolygon
way,305299182,Marion Richardson Primary School,education_schools,-0.04608965971773493,51.513585899999995,MultiPolygon
way,305751137,Alderbrook Primary School,education_schools,-0.1499323548449617,51.4485959,MultiPolygon
way,305791940,Ernest Bevin Academy,education_schools,-0.16769296344333895,51.43726695,MultiPolygon
way,306045517,Elm Wood School,education_schools,-0.09237804227856361,51.432109100000005,MultiPolygon
way,306298530,Reach Academy Feltham,education_schools,-0.411729697225824,51.44262235,MultiPolygon
way,307058749,Beckmead Park Academy,education_schools,-0.027315669527569694,51.37855675,MultiPolygon
way,307058752,Orchard Park High School,education_schools,-0.03833331330357515,51.38466135,MultiPolygon
way,307058755,Orchard Way Primary School,education_schools,-0.04016901657442738,51.38311775,MultiPolygon
way,308558348,Harry Gosling Primary School,education_schools,-0.06610182549880896,51.51374455,MultiPolygon
way,308764400,,education_schools,-0.28175122537083774,51.57952405,MultiPolygon
way,310164655,Westminster Academy,education_schools,-0.19293726962074909,51.52072025,MultiPolygon
way,312377863,Centre Academy London,education_schools,-0.17502188188401435,51.46114795,MultiPolygon
way,312525359,Farnborough Primary School,education_schools,0.07369660447474935,51.358628949999996,MultiPolygon
way,313366683,,education_schools,-0.22850068406885446,51.469193700000005,MultiPolygon
way,313367313,St Paul's School,education_schools,-0.24063047369058216,51.48693635,MultiPolygon
way,314079401,St Augustine's Priory,education_schools,-0.2932622249641038,51.523143950000005,MultiPolygon
way,314269609,Sacred Heart Catholic Primary School,education_schools,-0.1669154482947905,51.4692322,MultiPolygon
way,314557124,Three Bridges Primary School,education_schools,-0.36576646065547036,51.500062,MultiPolygon
way,315240170,Eaton Square Pre-Prep & Nursery,education_schools,-0.14857297882096526,51.4950954,MultiPolygon
way,315290924,Holy Family Catholic Primary School,education_schools,-0.2835755073224966,51.5211469,MultiPolygon
way,315308776,Durston House,education_schools,-0.307316585771343,51.51681095,MultiPolygon
way,315601703,North Primary School,education_schools,-0.3737762660060975,51.512731349999996,MultiPolygon
way,316443658,École André Malraux (Lycée Français Charles de Gaulle),education_schools,-0.33763626647679,51.5232119,MultiPolygon
way,316464047,Colfe's School,education_schools,0.018898219902255597,51.449931750000005,MultiPolygon
way,316546956,Durston House,education_schools,-0.30668218443490586,51.5167444,MultiPolygon
relation,17178934,Durston House School,education_schools,-0.3074306710184723,51.5168295,MultiPolygon
way,316546958,Durston House,education_schools,-0.30766470040650407,51.5168295,MultiPolygon
way,316802166,St Paul's Cathedral School,education_schools,-0.09678632081304103,51.51372255,MultiPolygon
way,317354469,Wimbledon Park Primary School,education_schools,-0.19558455427336782,51.438434,MultiPolygon
way,317599834,St Stephen's CofE Primary School,education_schools,-0.22856313085258148,51.5051995,MultiPolygon
way,317677638,Harris Primary Academy East Dulwich,education_schools,-0.07612795868540309,51.4552913,MultiPolygon
way,318023154,The Latymer School,education_schools,-0.07559386984677789,51.625681900000004,MultiPolygon
way,318023603,Grange Park Preparatory School,education_schools,-0.09611239300721348,51.6405786,MultiPolygon
way,318024055,Keble School,education_schools,-0.10362028107664624,51.6359693,MultiPolygon
way,318377531,Thomas's Battersea,education_schools,-0.17445217694866932,51.4741905,MultiPolygon
way,319301882,West Drayton Academy,education_schools,-0.4678233101489286,51.5059193,MultiPolygon
way,319422862,Harlington School,education_schools,-0.4353048971551772,51.496778899999995,MultiPolygon
way,320378371,Blossom House School (Motspur Park),education_schools,-0.23883604503351621,51.39568125,MultiPolygon
way,320403899,Abercorn School (nursery),education_schools,-0.1796243862883332,51.53266225,MultiPolygon
way,320405549,Abercorn School (prep),education_schools,-0.14437395686767757,51.520111400000005,MultiPolygon
way,321325249,Stockwell Primary School and Children's Centre,education_schools,-0.11816652495367097,51.46666555,MultiPolygon
way,321364488,St Matthias Church of England Primary School,education_schools,-0.0797175004094721,51.5525361,MultiPolygon
way,321509784,Branfil Primary School,education_schools,0.2370484912462576,51.55140845,MultiPolygon
way,321648608,Sacred Heart of Mary Girls' School,education_schools,0.24326594945436625,51.55613515,MultiPolygon
way,322204791,Aragon Primary School,education_schools,-0.2188121214298126,51.38823775,MultiPolygon
way,322432645,Harris Academy Battersea,education_schools,-0.15912652366499996,51.4732594,MultiPolygon
way,322941277,Laurel Lane Primary School,education_schools,-0.47471556009815563,51.498442499999996,MultiPolygon
way,322962466,St Helen's Catholic Primary School,education_schools,-0.1135311406176141,51.467240200000006,MultiPolygon
way,324544295,Dairy Meadow Primary & Nursery School,education_schools,-0.3754525438538867,51.5023397,MultiPolygon
way,324545175,"Havelock Primary School, Nursery & Arp",education_schools,-0.3747911690492707,51.5009728,MultiPolygon
way,324580461,Clifton Primary School,education_schools,-0.38247560087616844,51.49802095,MultiPolygon
way,324745963,Khalsa Primary School,education_schools,-0.3674134444919962,51.4964899,MultiPolygon
way,324989918,St Anselm's Catholic Primary School,education_schools,-0.3805028128192529,51.50189075,MultiPolygon
way,326054746,London Park School Clapham,education_schools,-0.13562586709249683,51.43353795,MultiPolygon
way,326446441,Hambrough Primary School,education_schools,-0.3787447682186533,51.50843015,MultiPolygon
way,326474526,Holy Trinity Lamorbey Church of England Primary School,education_schools,0.1028873479490087,51.43733435,MultiPolygon
way,327208671,St Anne's C of E Primary School,education_schools,-0.18865426866452634,51.4563944,MultiPolygon
way,327837032,St Leonard's Church of England Primary School,education_schools,-0.1353890158550854,51.42741755,MultiPolygon
way,327837033,St Andrew's Catholic Primary School,education_schools,-0.12769489378981966,51.424221200000005,MultiPolygon
way,329872852,Thomas's Fulham,education_schools,-0.19263445155428055,51.46676415,MultiPolygon
way,329872854,The Hurlingham Academy,education_schools,-0.19617718250671526,51.46762585,MultiPolygon
way,329942757,The Fulham Bilingual,education_schools,-0.19555233667929134,51.47110415,MultiPolygon
way,331231077,Yerbury Primary School,education_schools,-0.13061881452138613,51.561014799999995,MultiPolygon
way,331346033,Canbury School,education_schools,-0.27594079618025036,51.423976749999994,MultiPolygon
way,331932263,St Margaret Clitherow RC Primary School,education_schools,-0.2634003717753804,51.55966195,MultiPolygon
way,332059042,Newington Green Primary School,education_schools,-0.08374310529283195,51.55150365,MultiPolygon
relation,11006265,Barclay Primary School,education_schools,-0.0006823175032599175,51.57593275,MultiPolygon
way,332918631,St Saviour's Church of England Primary School,education_schools,-0.017082397856240442,51.51626905,MultiPolygon
way,334473097,St Faith's Church of England Primary School,education_schools,-0.1871489628018297,51.459571350000004,MultiPolygon
way,336853456,St Mary's Catholic Primary School,education_schools,0.0017662095970137548,51.630263049999996,MultiPolygon
way,337071964,Highgate Primary School,education_schools,-0.15511065871159235,51.5793105,MultiPolygon
way,338296962,Beulah Junior School,education_schools,-0.0990871559220932,51.4042958,MultiPolygon
way,340281486,Christ Church CofE Primary School,education_schools,-0.16711385037263787,51.4676883,MultiPolygon
way,341615487,St Peter's Primary School,education_schools,-0.08994300737972903,51.3577645,MultiPolygon
way,345032731,First Step,education_schools,0.20405577943878278,51.54201865,MultiPolygon
way,345070709,Hornchurch High School,education_schools,0.20136784977990085,51.558688700000005,MultiPolygon
way,345302882,Suttons Primary School,education_schools,0.21613020507578684,51.549306400000006,MultiPolygon
way,346893098,Edinburgh Primary School,education_schools,-0.024387657157591284,51.57785485,MultiPolygon
way,349938605,St Alban's Catholic Primary School,education_schools,0.19898965456295342,51.53751255,MultiPolygon
way,351200891,Cumnor House School Sports Ground,education_schools,-0.11274264678077292,51.347298800000004,MultiPolygon
way,351436953,,education_schools,0.22042176009515532,51.5855904,MultiPolygon
way,351718293,International Community School,education_schools,-0.17025733050969008,51.5177179,MultiPolygon
way,352075036,Harefield Infant School,education_schools,-0.48446646448986874,51.60396179999999,MultiPolygon
way,352078331,Harefield School,education_schools,-0.4751478844671646,51.607956349999995,MultiPolygon
way,354032850,Winton Primary School,education_schools,-0.11804466051060838,51.5327323,MultiPolygon
way,354182409,The Mall School,education_schools,-0.3465768171718956,51.44094065,MultiPolygon
way,356115548,Churchfields Primary School,education_schools,-0.04800819709414733,51.403886,MultiPolygon
way,357278378,Merton Abbey Primary School,education_schools,-0.19034852869112068,51.413315499999996,MultiPolygon
way,357560314,Notting Hill Prep School,education_schools,-0.2090142372828342,51.51674,MultiPolygon
way,361579113,Wimbledon High School GDST,education_schools,-0.21134934860094523,51.42262675,MultiPolygon
way,361789935,Kensington Prep School,education_schools,-0.2025768868470988,51.4776334,MultiPolygon
way,364196418,The Henrietta Barnett School,education_schools,-0.18866327354034104,51.58125595,MultiPolygon
way,364215325,Thomas's Kensington Lower School,education_schools,-0.18565195205215423,51.4991704,MultiPolygon
way,364315466,Harris Academy Bermondsey,education_schools,-0.07184278214285647,51.49319895,MultiPolygon
way,364339538,Holland Park School,education_schools,-0.20070140548864535,51.5048399,MultiPolygon
way,364970389,Gainsborough Primary School,education_schools,-0.025403162355043543,51.54616745,MultiPolygon
way,366045313,George Eliot Primary School,education_schools,-0.1772236547197638,51.5364395,MultiPolygon
way,366078207,L'Ecole des Petits School,education_schools,-0.19102523307767155,51.47213975,MultiPolygon
way,366267086,Langford Primary School,education_schools,-0.18901144834978373,51.47283615,MultiPolygon
way,366677591,Park Hill Infant School,education_schools,-0.08931630969526358,51.37108395,MultiPolygon
way,366677592,Park Hill Junior School,education_schools,-0.08859325106608193,51.369957,MultiPolygon
way,370896973,Lubavitch Boys' Primary School,education_schools,-0.07032368727381652,51.572505449999994,MultiPolygon
way,371654910,Red Gates School,education_schools,-0.04517896866225152,51.3524686,MultiPolygon
way,371654911,Quest Primary School,education_schools,-0.0467742541369209,51.3523301,MultiPolygon
way,371654916,Cotelands PRU,education_schools,-0.0434793688754643,51.35196315,MultiPolygon
way,372601446,Grasmere Primary School,education_schools,-0.08370181284020882,51.55488715,MultiPolygon
way,373415831,Stormont House School,education_schools,-0.060703747443480595,51.5527938,MultiPolygon
way,373992956,Mossbourne Community Academy,education_schools,-0.06205869462586727,51.551448199999996,MultiPolygon
way,374780720,Holy Cross RC School,education_schools,-0.19860451908661808,51.4757575,MultiPolygon
way,375928438,St John's Church of England Primary School,education_schools,-0.05580630989649188,51.41495535,MultiPolygon
way,375972461,John Locke Academy,education_schools,-0.4673335168307987,51.5457989,MultiPolygon
way,376223933,Green Lane Primary & Nursery School,education_schools,-0.23746443386112182,51.3873189,MultiPolygon
way,376224322,Harris Primary Academy Crystal Palace,education_schools,-0.058608173288740587,51.416445499999995,MultiPolygon
way,376251950,Kensington Primary Academy,education_schools,-0.20520228210059105,51.4962929,MultiPolygon
way,376263619,Thomas's College,education_schools,-0.29614256145319534,51.452576,MultiPolygon
way,376277207,Bromley Beacon Academy,education_schools,0.11830966525680456,51.37020285,MultiPolygon
way,376408205,West Wimbledon Primary School,education_schools,-0.23659924905610896,51.405544649999996,MultiPolygon
way,376408218,Raynes Park High School,education_schools,-0.23840785543970255,51.4034269,MultiPolygon
way,376408232,Sacred Heart Catholic Primary School,education_schools,-0.24068093161888224,51.40050325,MultiPolygon
way,377487533,West Hill Primary School,education_schools,-0.19849103660768014,51.456062900000006,MultiPolygon
way,377513919,Saint Cecilia's Church of England School,education_schools,-0.20880479374103456,51.44690595,MultiPolygon
way,378039946,St Patrick's Catholic Primary School,education_schools,-0.03719521537139775,51.585109,MultiPolygon
relation,11003514,Stoneydown Park School,education_schools,-0.036534668481153436,51.585923199999996,MultiPolygon
way,378266075,Willowfield School,education_schools,-0.04098371225423986,51.5860569,MultiPolygon
way,378714892,Floreat Wandsworth Primary School,education_schools,-0.18881401701784561,51.4473482,MultiPolygon
way,378737333,Wendell Park Primary School,education_schools,-0.2490196407421547,51.503321850000006,MultiPolygon
way,380552600,Beatrix Potter Primary School,education_schools,-0.18220004867393738,51.44387685,MultiPolygon
way,380576369,Beis Chinuch Lebonos Girls School,education_schools,-0.09109962488487601,51.5709941,MultiPolygon
way,381721425,Ricards Lodge High School,education_schools,-0.20667337108753175,51.4287836,MultiPolygon
way,382295356,Willington Prep,education_schools,-0.20503843419902748,51.4243805,MultiPolygon
way,382660912,Myatt Garden Primary School,education_schools,-0.03183171131777359,51.470000549999995,MultiPolygon
way,382781275,Sandhurst Infant and Junior School,education_schools,-0.000286186845659491,51.44249035,MultiPolygon
way,382784006,Torridon Primary School,education_schools,-0.0028588718549789763,51.43670555,MultiPolygon
way,384745598,Baring Primary School,education_schools,0.014242533277746314,51.4442739,MultiPolygon
way,385057600,Elfrida Primary School,education_schools,-0.023426367380027943,51.429133750000005,MultiPolygon
way,385057604,Athelney Primary School,education_schools,-0.024118331078914538,51.434562400000004,MultiPolygon
way,385182818,St Mary Magdalen's Catholic Primary School,education_schools,-0.037758709479818284,51.4588513,MultiPolygon
way,385509711,Dalmain Primary School,education_schools,-0.04341525663901122,51.443560149999996,MultiPolygon
way,385509712,Stillness Infant & Junior Schools,education_schools,-0.03835919881258422,51.44960265,MultiPolygon
way,385654799,Drumbeat School and ASD Service,education_schools,-0.04218008023417226,51.46268225,MultiPolygon
way,385654801,Turnham Academy,education_schools,-0.042249794840540686,51.45888255,MultiPolygon
way,385745971,Addey and Stanhope School,education_schools,-0.027914701452984733,51.47458195,MultiPolygon
way,385804795,Heathmere Primary School,education_schools,-0.24164862475924165,51.44531335,MultiPolygon
way,385820003,Forster Park Primary School,education_schools,0.0036522036994498476,51.43396285,MultiPolygon
way,385821795,Burnt Ash Primary School,education_schools,0.012748342370101442,51.4214682,MultiPolygon
way,385874654,St Mary's Hampton Church of England Primary,education_schools,-0.3797201135625351,51.41446075,MultiPolygon
way,387153930,The St Michael Steiner School,education_schools,-0.396528678980418,51.43414855,MultiPolygon
way,387191081,Our Lady of Lourdes Catholic Primary School,education_schools,-0.2647624763274128,51.540868450000005,MultiPolygon
way,389207724,Ambler Primary School and Children's Centre,education_schools,-0.10176231660320864,51.5624384,MultiPolygon
way,389210971,Ashmount Primary School,education_schools,-0.12411094106844796,51.57373065,MultiPolygon
way,389245284,Alexandra Primary School,education_schools,-0.1151985831715689,51.5952562,MultiPolygon
way,389421039,St. Paul's With St. Michael's CofE Primary School,education_schools,-0.06513389424681842,51.53764405,MultiPolygon
way,390098793,St Thomas More Catholic Comprehensive School,education_schools,0.06154326501404943,51.44808225,MultiPolygon
way,390638547,Hargrave Park Primary School,education_schools,-0.13969262411931574,51.56405815,MultiPolygon
way,390785033,All Saints' Church of England Primary School,education_schools,-0.2276703444017859,51.4674763,MultiPolygon
way,390965716,Larkhall Primary Campus,education_schools,-0.1300547440437038,51.47008835,MultiPolygon
way,390967668,Links Primary School,education_schools,-0.1554284230006471,51.41995255,MultiPolygon
way,390968558,London Steiner School,education_schools,-0.14361025816492023,51.44603215,MultiPolygon
way,390986928,Macaulay Church of England Primary School,education_schools,-0.14747500025514293,51.463560099999995,MultiPolygon
way,390990014,Eaton House the Manor,education_schools,-0.15109877060081,51.4619997,MultiPolygon
way,390990015,Belleville Wix Academy,education_schools,-0.15153372642273472,51.46341595,MultiPolygon
way,391032478,Holy Ghost Catholic Primary School,education_schools,-0.15741694212962978,51.44751375,MultiPolygon
way,391045145,Broomwood Prep – Girls,education_schools,-0.1586992067032019,51.4503793,MultiPolygon
way,391049970,Oak Lodge School,education_schools,-0.15837482877008713,51.44910285,MultiPolygon
way,391050871,Hornsby House School,education_schools,-0.15676793954054116,51.44456075,MultiPolygon
relation,11169583,Thomson House School,education_schools,-0.26613902752315194,51.4684179,MultiPolygon
way,391064230,Paddock Secondary School,education_schools,-0.24995407417129406,51.463818950000004,MultiPolygon
way,391066674,The Alton School,education_schools,-0.25413106175096456,51.45305345,MultiPolygon
way,391083247,Ormiston Bridge Academy,education_schools,-0.21928093599586926,51.47560345,MultiPolygon
way,391086881,Park House School,education_schools,-0.17851307373009245,51.4585443,MultiPolygon
way,391090586,Ronald Ross Primary School,education_schools,-0.2166439514849469,51.4496064,MultiPolygon
way,391090587,Our Lady Queen of Heaven RC School,education_schools,-0.22113433058843493,51.4474142,MultiPolygon
way,391092790,St Michael's CofE Primary School,education_schools,-0.20414497128011977,51.4504241,MultiPolygon
way,391160769,The Roche School,education_schools,-0.19769464166666417,51.459247399999995,MultiPolygon
way,391189702,Alexandra Infant School,education_schools,-0.04573124150890782,51.4129612,MultiPolygon
way,391189704,Harris Primary Academy Kent House,education_schools,-0.0485753016469543,51.41243015,MultiPolygon
way,391189705,Kelvin Grove Primary School,education_schools,-0.06210345548191515,51.4324258,MultiPolygon
way,391189708,St Anthony's Catholic Primary School,education_schools,-0.06027086947945472,51.410279450000004,MultiPolygon
way,391189710,Tuke School,education_schools,-0.07709670321089218,51.4807289,MultiPolygon
way,391193986,Shaftesbury Park Primary School,education_schools,-0.15733655186103823,51.4686522,MultiPolygon
way,391221122,Life In London Uk,education_schools,-0.053854044626737936,51.43666685,MultiPolygon
way,391221123,Marathon Science School,education_schools,-0.042030425831058364,51.4902331,MultiPolygon
way,391221124,Rose House Montessori School,education_schools,-0.0480639875268712,51.438109100000005,MultiPolygon
way,391236970,Chesterton Primary School,education_schools,-0.15682522119061668,51.473582199999996,MultiPolygon
way,391236971,The Dominie,education_schools,-0.1573889780534038,51.47445465,MultiPolygon
way,391255747,John Burns Primary School,education_schools,-0.15356503320768883,51.46967265,MultiPolygon
way,391256146,Westbridge Academy,education_schools,-0.1721380497312927,51.477554749999996,MultiPolygon
way,391256790,Saint John Bosco College,education_schools,-0.17159776120616085,51.47481225,MultiPolygon
way,391257829,Sinclair House School,education_schools,-0.21072765331900056,51.47773255,MultiPolygon
way,391261016,Duncombe Primary School,education_schools,-0.12376407486553034,51.56700535,MultiPolygon
way,391261017,Highbury Quadrant Primary School,education_schools,-0.09160367378576653,51.55399615,MultiPolygon
way,391261018,Hungerford School,education_schools,-0.1263022958333334,51.5486534,MultiPolygon
way,391261021,North Bridge House Senior Canonbury School,education_schools,-0.09820702186327657,51.5441742,MultiPolygon
way,391261022,Pakeman Primary School,education_schools,-0.1141523929453583,51.55866845,MultiPolygon
way,391261023,,education_schools,-0.12686729920797496,51.54810415,MultiPolygon
way,391261028,Gillespie Primary School,education_schools,-0.10003927801788198,51.5599219,MultiPolygon
way,391261203,Burlington House School,education_schools,-0.21453350194034612,51.47253125,MultiPolygon
way,391261204,Parsons Green Prep School,education_schools,-0.20778941817855076,51.4728731,MultiPolygon
way,391261205,Thomas's Academy,education_schools,-0.2051694447593012,51.472170649999995,MultiPolygon
way,391261415,Merton Park Primary School,education_schools,-0.2013473058966042,51.4090979,MultiPolygon
way,391262360,Corpus Christi Catholic Primary School,education_schools,-0.12027589266834103,51.4560457,MultiPolygon
way,391340074,Chelsea Hall School,education_schools,-0.1853139886222404,51.440618900000004,MultiPolygon
way,391340145,Fircroft Primary School,education_schools,-0.16442664409176797,51.4369943,MultiPolygon
way,391371833,St Mary's CofE Nursery and Primary School,education_schools,-0.22144801671171094,51.4655786,MultiPolygon
way,391372244,Falcons School for Girls,education_schools,-0.23414588065089934,51.462118849999996,MultiPolygon
way,391381114,Bousfield Primary School,education_schools,-0.1863774943637958,51.49011485,MultiPolygon
way,391382007,Our Lady of Victories RC Primary School,education_schools,-0.17944331074419712,51.49285075,MultiPolygon
way,391382338,Broadwater Primary School,education_schools,-0.17348310578839454,51.43102545,MultiPolygon
way,391389790,Haringey Learning Partnership Commerce House,education_schools,-0.11600434582631851,51.6018467,MultiPolygon
way,391392579,Falkner House,education_schools,-0.1812397292826215,51.491190149999994,MultiPolygon
way,391393073,St Paul's Waldorf School,education_schools,-0.08769530966997699,51.546482,MultiPolygon
way,391411776,Finton House School,education_schools,-0.1657532278034947,51.440858750000004,MultiPolygon
way,391413812,St Barnabas' CofE Primary School,education_schools,-0.15182738068693732,51.49058075,MultiPolygon
way,391413814,Francis Holland School,education_schools,-0.15356941663247903,51.4916374,MultiPolygon
way,391443907,Gatton (VA) Primary School,education_schools,-0.16787161284306654,51.430496399999996,MultiPolygon
way,391520361,Mander Portman Woodward School,education_schools,-0.1790703933266932,51.49343555,MultiPolygon
way,391520362,Queen's Gate School,education_schools,-0.17850668884981807,51.49480815,MultiPolygon
way,391521077,The Hampshire School Chelsea,education_schools,-0.17165256396248252,51.4870754,MultiPolygon
way,391521212,Christ Church CofE Primary School,education_schools,-0.16394557116246422,51.4851739,MultiPolygon
way,391522427,City Heights E-ACT Academy,education_schools,-0.11318386791915432,51.441927500000006,MultiPolygon
way,391524484,Wimbledon College,education_schools,-0.22091193572684537,51.4186675,MultiPolygon
way,391524485,King's College School,education_schools,-0.22510489163312508,51.420407850000004,MultiPolygon
way,391524544,Wimbledon Common Preparatory School,education_schools,-0.22307534540540258,51.4196398,MultiPolygon
way,391524683,Ursuline High School Wimbledon,education_schools,-0.2228140473838917,51.41486755,MultiPolygon
way,391581524,Dundonald Primary School,education_schools,-0.20975293861795818,51.415954400000004,MultiPolygon
way,391653084,Sacred Heart Catholic Primary School,education_schools,-0.24171297501017214,51.4574765,MultiPolygon
way,391661285,Honeywell Infant School,education_schools,-0.1631194805579731,51.454447849999994,MultiPolygon
way,391661286,Honeywell Junior School,education_schools,-0.1629300551883277,51.4547845,MultiPolygon
way,391670538,Goodmayes Primary School,education_schools,0.11549957396770533,51.563510550000004,MultiPolygon
way,391670539,Al-Noor Voluntary Aided Muslim Primary School,education_schools,0.11649063546650723,51.5632411,MultiPolygon
way,392032362,Hurlingham School,education_schools,-0.2089568533551081,51.4630261,MultiPolygon
way,392032521,Hotham Primary School,education_schools,-0.22138462572358816,51.464413750000006,MultiPolygon
way,392032849,Our Lady of Victories Catholic Primary School,education_schools,-0.22135630905590775,51.46359175,MultiPolygon
way,392033761,Hurlingham School,education_schools,-0.22230272643422558,51.4618742,MultiPolygon
way,392034313,Prospect House School,education_schools,-0.22056111255252056,51.451186449999994,MultiPolygon
way,392035930,Linden Lodge School,education_schools,-0.21282872429557298,51.44349525,MultiPolygon
way,392037844,Hillbrook Primary School,education_schools,-0.15909394880715988,51.43104165,MultiPolygon
relation,5876572,Coleridge Primary School,education_schools,-0.1270895776314726,51.5757699,MultiPolygon
way,392066704,St Joseph's Catholic Primary School,education_schools,-0.05196122410485299,51.49527475,MultiPolygon
way,392084956,Chatsworth Infant School,education_schools,0.10536968688353529,51.4400269,MultiPolygon
way,392085120,Christ Church CofE Primary School,education_schools,0.17014019122013666,51.478087,MultiPolygon
way,392089392,Hurstmere School,education_schools,0.11436074100486945,51.439080700000005,MultiPolygon
way,392094341,Park Walk Primary School,education_schools,-0.17803045323576566,51.48401575,MultiPolygon
way,392096599,Tooting Primary School,education_schools,-0.1624704276936264,51.4262783,MultiPolygon
way,392096600,St Boniface RC Primary School,education_schools,-0.16465353690732631,51.427694200000005,MultiPolygon
way,392096603,Franciscan Primary School,education_schools,-0.15968462902923675,51.42763125,MultiPolygon
way,392098659,St Peter Chanel Catholic Primary School,education_schools,0.11659017436878227,51.42065795,MultiPolygon
way,392103383,Upton Primary School,education_schools,0.13565868034456166,51.4500989,MultiPolygon
way,392103948,Parkgate House School,education_schools,-0.15400788476244692,51.4614405,MultiPolygon
way,392331350,St Matthew's CofE Primary School,education_schools,-0.2439011047276799,51.4148303,MultiPolygon
way,392398926,Singlegate Primary School,education_schools,-0.1760810361428393,51.4172997,MultiPolygon
way,392401138,Park Academy,education_schools,-0.1932276287542606,51.408583750000005,MultiPolygon
way,392402553,Pelham Primary School,education_schools,-0.19773779375058262,51.41626375,MultiPolygon
way,392402554,St Mary's Catholic Primary School,education_schools,-0.200806302645617,51.41834315,MultiPolygon
way,392402557,The Priory CofE School,education_schools,-0.19304537423585083,51.4249806,MultiPolygon
way,392402558,Holy Trinity CofE Primary School,education_schools,-0.19570698303474954,51.422669150000004,MultiPolygon
way,392404360,All Saints' C of E Primary School,education_schools,-0.18786295288822458,51.418264949999994,MultiPolygon
way,392404559,Granton Primary School,education_schools,-0.14256362448159687,51.41477505,MultiPolygon
way,392404612,St Anselm's Catholic Primary School,education_schools,-0.15855633569042327,51.435736899999995,MultiPolygon
way,392404935,Trinity St Mary's CofE Primary School,education_schools,-0.15524357803972033,51.44270785,MultiPolygon
way,392405213,St. Matthew's Primary School and Nursery,education_schools,-0.13085857707677223,51.4973868,MultiPolygon
way,392405626,St Thomas of Canterbury Catholic Primary School,education_schools,-0.207401800186787,51.4814765,MultiPolygon
way,392480410,Trinity Church of England School,education_schools,0.161123351682942,51.4854736,MultiPolygon
way,392498306,The Rowans School,education_schools,-0.23981896378261347,51.4189229,MultiPolygon
way,392498552,Hollymount School,education_schools,-0.23083392151813292,51.41407565,MultiPolygon
way,392498660,Norwegian School in London,education_schools,-0.22600230848029204,51.41627065,MultiPolygon
way,392498661,Ursuline Preparatory School,education_schools,-0.2218065488426183,51.4161309,MultiPolygon
way,392499196,Donhead Preparatory School,education_schools,-0.22221404800337807,51.41781705,MultiPolygon
way,392501902,Poplar Primary School,education_schools,-0.20025711572167887,51.40283095,MultiPolygon
way,392503180,Sellincourt Primary School,education_schools,-0.1685212325218408,51.4234658,MultiPolygon
way,392503893,The Livity School,education_schools,-0.12374823121025459,51.436642449999994,MultiPolygon
way,392587518,James Wolfe Primary School and Centre for the Deaf,education_schools,-0.013292841789177983,51.478962949999996,MultiPolygon
way,392587521,Prendergast Ladywell School,education_schools,-0.028085814730333693,51.45076145,MultiPolygon
way,392587522,Tidemill Academy,education_schools,-0.024719648916978622,51.478041250000004,MultiPolygon
way,392604721,St Philip's School,education_schools,-0.182679405749629,51.4927772,MultiPolygon
way,392631244,Glendower Preparatory School,education_schools,-0.17916295998415208,51.4939554,MultiPolygon
way,392722408,Kensington Park School Sixth Form,education_schools,-0.17963707631725212,51.495987150000005,MultiPolygon
way,392723704,Ravenstone Preparatory School,education_schools,-0.18058324895476646,51.4976614,MultiPolygon
way,392804427,Parkway Primary School,education_schools,0.13420305524527035,51.492618949999994,MultiPolygon
way,392833761,Broomwood Prep - Boys,education_schools,-0.1652040708063554,51.45186755,MultiPolygon
way,392835006,St John's Angell Town Church of England Primary School,education_schools,-0.11038782768334958,51.46141385,MultiPolygon
way,392835007,Hill Mead Primary School,education_schools,-0.10704875734188782,51.4617409,MultiPolygon
way,392836742,Griffin Primary School,education_schools,-0.13824026293434227,51.47443095,MultiPolygon
way,393231680,St. Mary's CofE Primary School,education_schools,-0.25191515717939733,51.54865705,MultiPolygon
way,393281213,Dallington School,education_schools,-0.10042996595174594,51.524613200000005,MultiPolygon
way,393320911,Ormiston Courtyard Academy,education_schools,-0.18814897137691355,51.472556100000006,MultiPolygon
way,393321105,Snowflake School,education_schools,-0.1976218362450382,51.49331525,MultiPolygon
way,393326531,Holy Trinity C of E Primary School,education_schools,-0.15659952541046313,51.49344335,MultiPolygon
way,393328440,Eaton House Belgravia,education_schools,-0.15489373833087206,51.4941201,MultiPolygon
way,393378392,Rutherford House School,education_schools,-0.1551162134332712,51.43903565,MultiPolygon
way,393378393,Eveline Day School,education_schools,-0.15445219916989092,51.44020775,MultiPolygon
way,393381554,Orchard Primary School,education_schools,-0.12257436252867582,51.4452118,MultiPolygon
way,393381597,Elm Court School,education_schools,-0.11755643948948075,51.44797155,MultiPolygon
way,393382350,Collingham,education_schools,-0.18832375348088715,51.492189350000004,MultiPolygon
way,393383265,Al Risalah School,education_schools,-0.16343448889154327,51.4322929,MultiPolygon
way,393403320,Cornerstone School,education_schools,0.1556719013775709,51.48953745,MultiPolygon
way,393404470,Leigh Academy Bexley,education_schools,0.1659073680909362,51.472776550000006,MultiPolygon
way,393447012,RANN Horizon School,education_schools,-0.13224731521821392,51.461002699999995,MultiPolygon
way,393465286,Dania School,education_schools,-0.10672763557803679,51.52520235,MultiPolygon
way,393563927,Mosaic Jewish Primary School,education_schools,-0.2451445595093586,51.45180395,MultiPolygon
way,393564724,RR6,education_schools,-0.20628494150784055,51.42846575,MultiPolygon
way,393566443,St. Joan of Arc Roman Catholic Primary School,education_schools,-0.09699120087366844,51.556498649999995,MultiPolygon
way,393566444,St Jude and St Paul's CofE Primary School,education_schools,-0.079514575657849,51.5481326,MultiPolygon
way,393566445,Samuel Rhodes MLD School,education_schools,-0.09736515232936105,51.549704750000004,MultiPolygon
way,393887856,Princess May Primary School,education_schools,-0.07565919430633389,51.55261865,MultiPolygon
way,393967023,Wandsworth Hospital and Home Tuition Service,education_schools,-0.17028629083109612,51.436141899999996,MultiPolygon
way,394055320,Francis Barber Pupil Referral Unit,education_schools,-0.16314978135913208,51.4260942,MultiPolygon
way,394429180,Evergreen Primary School,education_schools,-0.20147729847214793,51.4762013,MultiPolygon
way,394430389,Little Bromwood,education_schools,-0.15649174046864806,51.451817399999996,MultiPolygon
way,394431177,Broomwood Pre-Prep,education_schools,-0.15590237664402803,51.4511277,MultiPolygon
way,394958419,Richard Cloudesley School,education_schools,-0.09848632480364176,51.5359287,MultiPolygon
way,394958420,Rosemary Works School,education_schools,-0.08312518906259003,51.53693115,MultiPolygon
way,394988407,Old Palace Primary School,education_schools,-0.013812890845681334,51.52757205,MultiPolygon
way,394988408,Wellington Primary School,education_schools,-0.024376017534839603,51.52567175,MultiPolygon
way,394992377,Kobi Nazrul Primary School,education_schools,-0.06487386824214611,51.516119200000006,MultiPolygon
way,394992380,Virginia Primary School,education_schools,-0.0754436935602286,51.52663395,MultiPolygon
way,395524691,Fulham Primary School,education_schools,-0.19799841261222512,51.483562649999996,MultiPolygon
way,395783915,Hall School Wimbledon (Senior School),education_schools,-0.22157340047170038,51.41492205,MultiPolygon
way,396051344,Thames Christian School,education_schools,-0.17539026255725285,51.46774875,MultiPolygon
way,396844420,Victoria Drive Primary Pupil Referral Unit,education_schools,-0.2174850146863575,51.44230505,MultiPolygon
way,397113136,Chelsea Community Hospital School,education_schools,-0.1816101,51.4840278,MultiPolygon
way,397773985,Holy Trinity Church of England Primary School,education_schools,-0.07438530398785426,51.5430571,MultiPolygon
way,397898511,Conisborough College,education_schools,-0.009644829792295032,51.43399935,MultiPolygon
way,397944802,Rushey Green Primary School,education_schools,-0.018219145226421804,51.4422984,MultiPolygon
way,397944803,Holbeach Primary School,education_schools,-0.023324745324154156,51.447966050000005,MultiPolygon
way,397944806,St Winifred's Catholic Infant & Nursery School,education_schools,0.005471369664213431,51.4535348,MultiPolygon
way,397944809,Holy Cross Catholic Primary School,education_schools,-0.013920770198361304,51.44254415,MultiPolygon
way,397964117,Prendergast Vale School,education_schools,-0.016033570226846997,51.4635349,MultiPolygon
way,397966630,St Stephen's CofE Primary School,education_schools,-0.024783384888667687,51.470636999999996,MultiPolygon
way,397966631,Ashmead Primary School,education_schools,-0.025454062762595694,51.46913345,MultiPolygon
way,397966632,Oak Gardens Primary School,education_schools,-0.028335225127615375,51.4713493,MultiPolygon
way,398022043,Horn Park Primary School,education_schools,0.024811992413086507,51.444324550000005,MultiPolygon
way,398178328,St Saviour's Catholic Primary School,education_schools,-0.010238271804817858,51.45987955,MultiPolygon
way,398182924,Grinling Gibbons Primary School,education_schools,-0.029478114192192664,51.481652249999996,MultiPolygon
way,398184196,St Joseph's Catholic Primary School,education_schools,-0.025062616191742854,51.479003950000006,MultiPolygon
way,398186091,Ealdham Primary School,education_schools,0.035369563867605015,51.45716675,MultiPolygon
way,398189765,Haimo Primary School,education_schools,0.04143736947492131,51.45520285,MultiPolygon
way,398233891,Brooklands Primary School,education_schools,0.018163076854473145,51.46397075,MultiPolygon
way,398428034,Fossdene Primary School,education_schools,0.02702290431177435,51.4843495,MultiPolygon
way,398428049,Halstow Primary School,education_schools,0.01592193471124483,51.48506055,MultiPolygon
way,398612980,St Mary's Catholic Primary School,education_schools,0.06263124836208059,51.453715,MultiPolygon
way,398612991,Moatbridge School,education_schools,0.03840451533268756,51.44914945,MultiPolygon
way,398613000,Gordon Primary School,education_schools,0.054241247669826256,51.45852335,MultiPolygon
way,398613005,Charlton Manor Primary School,education_schools,0.03680369655813899,51.47766615,MultiPolygon
way,398613013,Thorntree Primary School,education_schools,0.04152452314200056,51.48667735,MultiPolygon
way,398613014,Eltham Hill School,education_schools,0.045440852273337426,51.45091845,MultiPolygon
way,398616936,Christ Church Church of England Primary School,education_schools,0.0067256482770936595,51.4879713,MultiPolygon
way,398616942,St Joseph's Catholic Primary School,education_schools,0.0065472868749993805,51.4867444,MultiPolygon
way,398616947,Meridian Primary School,education_schools,-0.001707755570438149,51.483845599999995,MultiPolygon
way,398621587,South Norwood Primary,education_schools,-0.07353930225568392,51.395432299999996,MultiPolygon
way,398724975,Brampton Primary Academy,education_schools,0.12806205173384744,51.4669394,MultiPolygon
way,398725912,Chislehurst and Sidcup Grammar School,education_schools,0.10883655728299091,51.43626805,MultiPolygon
way,398732334,Park View Academy,education_schools,0.1154442,51.46142005,MultiPolygon
way,398981077,Cherry Orchard Primary School,education_schools,0.03227698928669046,51.4764069,MultiPolygon
way,398984343,Ark Greenwich Free School,education_schools,0.05294218381762991,51.4720102,MultiPolygon
way,398987263,Woodhill Primary School,education_schools,0.04941021022039894,51.4892781,MultiPolygon
way,398987265,Cardwell Primary School,education_schools,0.053156235701825844,51.49063925,MultiPolygon
way,398987269,Charlton Park Academy,education_schools,0.04632358168917022,51.48160775,MultiPolygon
way,398987777,St Ursula's Convent School,education_schools,-0.006359556287859861,51.47576545,MultiPolygon
way,398988291,St Alfege with St Peter's Church of England Primary School,education_schools,-0.012489197712812275,51.481625300000005,MultiPolygon
way,398988850,Thomas Tallis School,education_schools,0.026192011961811527,51.465732700000004,MultiPolygon
way,398997795,Trinity Primary School,education_schools,-0.0039017751759336003,51.45501925000001,MultiPolygon
way,398997797,Brindishe Manor School,education_schools,0.003810758354671381,51.45221215,MultiPolygon
way,398998828,Haberdashers' Knights Primary,education_schools,0.015932728368408,51.43262805,MultiPolygon
way,398999522,Marvels Lane Primary School,education_schools,0.03326526098913957,51.42848935,MultiPolygon
way,398999791,Our Lady & St Philip Neri Catholic Primary School,education_schools,-0.04664054806417056,51.432927899999996,MultiPolygon
way,399001056,Morden Mount Primary School,education_schools,-0.014872265125673176,51.4702968,MultiPolygon
way,399001400,The Norwood School,education_schools,-0.09899674245017884,51.42341295,MultiPolygon
way,399073392,Kingswood Primary School (Lower Site),education_schools,-0.09702740255149109,51.4282625,MultiPolygon
way,399073402,Park Campus Academy,education_schools,-0.0981764805965353,51.4284705,MultiPolygon
way,399428747,Rhodes Avenue Primary School,education_schools,-0.1361167271805737,51.600735150000006,MultiPolygon
way,399428767,Alexandra Park School,education_schools,-0.1361450456687578,51.6021426,MultiPolygon
way,399430599,St Cyprian's Greek Orthodox Primary Academy,education_schools,-0.09974839526386128,51.40974105,MultiPolygon
way,399982018,Wilberforce Primary,education_schools,-0.2085966680560049,51.53181025,MultiPolygon
way,400675238,Monks Orchard Primary School,education_schools,-0.04829094791981328,51.392091,MultiPolygon
way,401058761,Biggin Hill Primary School,education_schools,0.04223019851058393,51.314161299999995,MultiPolygon
way,401105052,Bedonwell Junior School,education_schools,0.13437241863117932,51.47875935,MultiPolygon
way,401107801,Bursted Wood Primary School,education_schools,0.15321051335055536,51.4672638,MultiPolygon
way,401109276,East Wickham Primary Academy,education_schools,0.1013232307597886,51.4692735,MultiPolygon
way,401109628,Foster's Primary School,education_schools,0.12147347489164324,51.46353435,MultiPolygon
way,401110125,Gravel Hill Primary School,education_schools,0.1542517877254297,51.45425845,MultiPolygon
way,401171366,Northumberland Heath Primary School,education_schools,0.15701716416020556,51.473794600000005,MultiPolygon
way,401171975,Endeavour Academy Bexley,education_schools,0.16901368201854522,51.457953450000005,MultiPolygon
way,401308664,Stroud Green Primary School,education_schools,-0.10743060819357816,51.56867985,MultiPolygon
way,401352875,St Catherine's Catholic School,education_schools,0.157083582622579,51.4540748,MultiPolygon
way,402053252,Highfield Junior School,education_schools,0.0017918817734576963,51.39681325,MultiPolygon
way,402262055,The Ravensbourne School,education_schools,0.021303136610791286,51.39505755,MultiPolygon
way,402788236,Thames View Infants,education_schools,0.10587846010858877,51.5276236,MultiPolygon
way,402992334,Latimer Alternative Provision Academy,education_schools,-0.21985999130651096,51.513804449999995,MultiPolygon
way,403113908,Keston Church of England Primary School,education_schools,0.03250332240978174,51.36114725,MultiPolygon
way,403249536,Pratts Bottom Primary School,education_schools,0.11332322377044662,51.3375154,MultiPolygon
way,403251203,Green Street Green Primary School,education_schools,0.09171659175190675,51.35256,MultiPolygon
way,403254785,Holy Innocents Catholic Primary School,education_schools,0.09166125462887675,51.36628665,MultiPolygon
way,403255248,Southborough Primary School,education_schools,0.05737014930967803,51.388224550000004,MultiPolygon
way,404549716,Waterside Primary School,education_schools,0.08111406139650229,51.48649355,MultiPolygon
way,404549719,South Rise Primary School,education_schools,0.08243427273363378,51.48616485,MultiPolygon
way,404549721,Notre Dame Catholic Primary School,education_schools,0.06732301454762454,51.4813379,MultiPolygon
way,404550197,Foxfield Primary School,education_schools,0.07434618078315008,51.48663689999999,MultiPolygon
way,404558432,Greenacres Primary School,education_schools,0.05636437943201137,51.43404554999999,MultiPolygon
way,404559373,St Vincent's Catholic Primary School,education_schools,0.04362040623481463,51.4288208,MultiPolygon
way,404560039,St Olave's Prep School,education_schools,0.06610468359054969,51.43582055,MultiPolygon
way,404571024,Timbercroft Primary School,education_schools,0.09072182044839357,51.477228,MultiPolygon
way,404571710,Rockliffe Manor Primary School,education_schools,0.09466260774023552,51.478447149999994,MultiPolygon
way,404575876,Leigh Stationers' Primary Academy,education_schools,0.08326946921379946,51.4636467,MultiPolygon
way,404578298,Marlborough School,education_schools,0.10158224179245202,51.4417853,MultiPolygon
way,404578929,Nightingale Primary School,education_schools,0.0705575959144967,51.48306225,MultiPolygon
way,404591077,Bannockburn Primary School,education_schools,0.09464594730721922,51.487282949999994,MultiPolygon
way,404591079,Alexander McLeod Primary School,education_schools,0.11261367757875577,51.48511025,MultiPolygon
way,404591092,Gallions Mount Primary School,education_schools,0.0987501896321468,51.484603,MultiPolygon
way,404869565,Welling School,education_schools,0.11391890216306233,51.468766099999996,MultiPolygon
way,406039506,St Joseph's Catholic Primary School,education_schools,0.24738211183495135,51.5566889,MultiPolygon
way,406270068,Five Elms Primary School,education_schools,0.14554882977212602,51.5550633,MultiPolygon
way,406474151,St Paul's Cray Church of England Primary School,education_schools,0.12119342435693922,51.397276500000004,MultiPolygon
way,406474478,Manor Oak Primary School,education_schools,0.12450407622950965,51.3904615,MultiPolygon
way,406475399,Aspris Woodview School,education_schools,0.12749901054911278,51.388063349999996,MultiPolygon
way,406475674,St. Mary Cray Primary Academy,education_schools,0.11445529827556877,51.387048750000005,MultiPolygon
way,406475797,St Philomena's Primary School,education_schools,0.11524923079661081,51.38266945,MultiPolygon
way,406476616,Harris Primary Academy Orpington,education_schools,0.11396057607159568,51.379400000000004,MultiPolygon
way,406477114,Harris Academy Orpington,education_schools,0.11451630598667016,51.375251500000005,MultiPolygon
way,406477993,Orion Blenheim,education_schools,0.11690876231049385,51.372308700000005,MultiPolygon
way,406478859,Leesons Primary School,education_schools,0.10472806657349608,51.39845645,MultiPolygon
way,406479854,Poverest Primary School,education_schools,0.10078846694504318,51.3911286,MultiPolygon
way,407459668,Millbrook Park CE Primary School,education_schools,-0.2074853784568318,51.61003245,MultiPolygon
way,407539219,Downderry Primary School,education_schools,0.00034725944012775416,51.4281156,MultiPolygon
way,409334179,Elizabeth Selby Infants' School,education_schools,-0.06340952866178118,51.52836365,MultiPolygon
way,410094251,Whitefield School,education_schools,-0.0017705334168891932,51.594621700000005,MultiPolygon
way,421467887,City Junior School,education_schools,-0.11428728973278404,51.518980799999994,MultiPolygon
way,422873242,Henry Fawcett Primary School,education_schools,-0.11221572197887802,51.4845639,MultiPolygon
way,423416090,Grand Avenue Primary and Nursery School,education_schools,-0.2752951047040113,51.3896995,MultiPolygon
way,424186030,Robert Fitzroy Academy,education_schools,-0.08099819722134734,51.3869999,MultiPolygon
way,427364890,Whitehall Infant and Junior Schools,education_schools,-0.4798720443324359,51.540840200000005,MultiPolygon
way,427556500,Orchard Primary School,education_schools,0.11176568887817176,51.419754,MultiPolygon
way,429486228,The Sacred Heart Language College,education_schools,-0.3360499123840438,51.599437449999996,MultiPolygon
way,431242878,Dulverton Primary School,education_schools,0.08154025784172245,51.43617685,MultiPolygon
relation,14713052,Albemarle Primary School,education_schools,-0.21379140751164327,51.4420505,MultiPolygon
way,432447803,Worsley Bridge Primary School,education_schools,-0.02631506361360184,51.417040650000004,MultiPolygon
way,434727876,Netley Primary School and Woodlands Centre for Autism,education_schools,-0.14009733956158665,51.52728225,MultiPolygon
way,435283669,Christ Church CofE Primary School,education_schools,-0.2877779589676971,51.392628,MultiPolygon
way,435283731,Malden Parochial CofE Primary School,education_schools,-0.25812080411094007,51.382122249999995,MultiPolygon
way,435283758,Richard Challoner School,education_schools,-0.2654359487683583,51.385482499999995,MultiPolygon
way,435284009,St Cecilia's Catholic Primary School,education_schools,-0.22207731354415164,51.37762515,MultiPolygon
way,435284057,Brookfield Primary Academy,education_schools,-0.21523846763308035,51.37987055,MultiPolygon
way,435284495,Homefield Preparatory School,education_schools,-0.20314761125636882,51.363001,MultiPolygon
way,435284612,Westbourne Primary School,education_schools,-0.2030800207529478,51.372283800000005,MultiPolygon
way,435284617,The Link Primary School,education_schools,-0.12891436587240063,51.3679487,MultiPolygon
way,435512585,St Michael's CofE Voluntary Aided Primary School,education_schools,-0.15154341473667782,51.57345855,MultiPolygon
way,435513406,St James Church of England Primary School,education_schools,-0.14911540776866325,51.586327350000005,MultiPolygon
way,435516192,Woodfield School,education_schools,-0.2540887744248479,51.57166615,MultiPolygon
way,435516249,Kingsbury Green Primary School,education_schools,-0.26935893176829273,51.58294805,MultiPolygon
way,435516261,St Robert Southwell Catholic Primary School,education_schools,-0.2678985359400885,51.58183175,MultiPolygon
way,435516531,Fryent Primary School,education_schools,-0.26407097316479444,51.5767537,MultiPolygon
way,435516582,Bnos Beis Yaakov Primary School,education_schools,-0.2636462337740289,51.582704250000006,MultiPolygon
way,435516919,Wykeham Primary School,education_schools,-0.25382608749999436,51.5622354,MultiPolygon
way,435517563,St Luke's Church of England School,education_schools,-0.19405011618852536,51.5582037,MultiPolygon
way,435518761,Roxeth Mead School,education_schools,-0.3451975570105442,51.5699499,MultiPolygon
way,436848744,North London ITeC,education_schools,-0.23986372755804214,51.578047,MultiPolygon
way,437352937,Whitehorse Manor Schools - Brigstock Site,education_schools,-0.10883821225390858,51.39513905,MultiPolygon
relation,11025294,Bonner Primary School,education_schools,-0.03128778333831797,51.52223375,MultiPolygon
way,440361143,St Joseph's Catholic Primary School,education_schools,0.17236463489349002,51.453358449999996,MultiPolygon
way,440362008,St Paulinus Church of England Primary School,education_schools,0.17722227870921808,51.4551829,MultiPolygon
way,440367681,Hurst Primary School,education_schools,0.12785488674186046,51.441303,MultiPolygon
way,440368425,Old Bexley Church of England School,education_schools,0.14128416215127204,51.440220499999995,MultiPolygon
way,440369103,Old Bexley Church of England School,education_schools,0.14279221337097003,51.44047855,MultiPolygon
way,440369745,Shenstone School,education_schools,0.17088095850847457,51.4539745,MultiPolygon
way,440370413,Haberdashers' Crayford Academy,education_schools,0.18399685797608317,51.456804500000004,MultiPolygon
way,440370784,Darrick Wood School,education_schools,0.0666341942500947,51.36695525,MultiPolygon
way,440370881,Darrick Wood Junior School,education_schools,0.06484682911127199,51.3652532,MultiPolygon
way,440370886,Darrick Wood Infant & Nursery School,education_schools,0.06478762718966055,51.3660347,MultiPolygon
way,440371076,Tubbenden Primary School,education_schools,0.0784882997385436,51.36558605,MultiPolygon
way,440371143,Crofton Junior School,education_schools,0.07682343321293983,51.3820768,MultiPolygon
way,440371168,Crofton Infant School,education_schools,0.07911851606781717,51.3815493,MultiPolygon
way,440371300,Perry Hall Primary School,education_schools,0.09448550290548724,51.3838949,MultiPolygon
way,440371464,St Olave's and St Saviour's Grammar School,education_schools,0.10404288312132667,51.367788700000006,MultiPolygon
way,440371480,Edgebury Primary School,education_schools,0.07235830814907615,51.42603105,MultiPolygon
way,440371562,Our Lady of the Rosary Catholic Primary School,education_schools,0.0916687358801509,51.44766635,MultiPolygon
way,440371566,Alderwood Primary School,education_schools,0.08606881672158387,51.448425900000004,MultiPolygon
way,440371698,Red Hill Primary School,education_schools,0.06250318364529796,51.419733949999994,MultiPolygon
way,440371739,Orion Coopers,education_schools,0.07353495351523068,51.4057422,MultiPolygon
way,440372157,Orion Mead Road,education_schools,0.07295111751393933,51.4195247,MultiPolygon
way,440374114,Chislehurst School for Girls,education_schools,0.08844004243711491,51.419262700000004,MultiPolygon
way,440374228,Middle Park Primary School,education_schools,0.038702789581990665,51.44467315,MultiPolygon
way,440374551,Ivydale Primary School,education_schools,-0.046308755538307496,51.459663649999996,MultiPolygon
way,440374588,Raglan Primary School,education_schools,0.032915263801261585,51.394833,MultiPolygon
way,440374667,"St George's, Bickley, Church of England Primary School",education_schools,0.033855494553767074,51.4030274,MultiPolygon
way,440375032,Bullers Wood School,education_schools,0.04943453186151031,51.4093709,MultiPolygon
way,440375135,Breaside Preparatory School,education_schools,0.03428561290810195,51.4102166,MultiPolygon
way,440375914,Glebe School,education_schools,-0.003962933767271178,51.3760672,MultiPolygon
way,440377184,Wickham Court School,education_schools,-0.0046861168883417115,51.36507845,MultiPolygon
way,440377417,Hawes Down Primary School,education_schools,-0.0032460343824888094,51.37636155,MultiPolygon
way,440377789,St James' Roman Catholic Primary School,education_schools,0.06510745316128515,51.39017975,MultiPolygon
way,440378544,Bishop Justus CofE School,education_schools,0.04448207738041715,51.3822154,MultiPolygon
way,440379406,Balgowan Primary School,education_schools,-0.039081469482394854,51.40452885,MultiPolygon
way,440379995,Harris Academy Beckenham,education_schools,-0.027146178426563913,51.3995159,MultiPolygon
way,440380005,Harris Primary Academy Beckenham Green,education_schools,-0.023491748433964676,51.4088492,MultiPolygon
way,440380008,St Mary's Catholic Primary School,education_schools,-0.015868532013607394,51.4135561,MultiPolygon
way,440380039,Clare House Primary School,education_schools,-0.01377392631169263,51.404397200000005,MultiPolygon
way,440380056,St Christophers The Hall School,education_schools,-0.012895618119550627,51.40689745,MultiPolygon
way,440380094,Bishop Challoner School,education_schools,-0.0033336074525189214,51.406775499999995,MultiPolygon
way,440380153,Valley Primary School,education_schools,0.007005826005757891,51.406038699999996,MultiPolygon
way,440381451,St Mark's Church of England Primary School,education_schools,0.011537355062751598,51.39964205,MultiPolygon
way,440382453,Our Lady and St Philip Neri Catholic Primary School,education_schools,-0.04163372750555025,51.42617275,MultiPolygon
way,440382507,St Augustine's Catholic Primary School and Nursery,education_schools,-0.01643360325064569,51.42385470000001,MultiPolygon
way,440382535,St John Baptist Southend Church of England Primary School,education_schools,-0.011704026177713739,51.42894865,MultiPolygon
way,440382563,Bonus Pastor Catholic College,education_schools,-0.0014025673906240112,51.426550899999995,MultiPolygon
way,440382802,New Woodlands School,education_schools,0.001695980130233415,51.429542999999995,MultiPolygon
way,440382841,Rangefield Primary School,education_schools,0.0037738820981676703,51.4241401,MultiPolygon
way,440382880,Good Shepherd RC School,education_schools,0.01039790213753326,51.426602349999996,MultiPolygon
way,440383165,Rowdown Primary School,education_schools,-0.006913835667610144,51.3424644,MultiPolygon
way,440383228,Edmund Waller Primary School,education_schools,-0.04948390077021757,51.47124205,MultiPolygon
way,440383232,Oasis Academy Shirley Park,education_schools,-0.06085995987870811,51.38269315,MultiPolygon
way,440813315,The Willows School,education_schools,-0.38849209283235375,51.526559199999994,MultiPolygon
way,440813437,Earlsmead Primary School,education_schools,-0.37327049493825537,51.5581641,MultiPolygon
way,440813738,Roxbourne Primary School,education_schools,-0.38381022903237383,51.5688737,MultiPolygon
way,440814457,Buckingham Preparatory School,education_schools,-0.3711924138298592,51.57921815,MultiPolygon
way,440814567,St John Fisher Catholic Primary School,education_schools,-0.3699263533654732,51.5883755,MultiPolygon
way,440816102,Reddiford School,education_schools,-0.37849631572714904,51.59070445,MultiPolygon
way,440816222,Pinner Wood School,education_schools,-0.3961114639393947,51.6036179,MultiPolygon
way,440816341,Frithwood Primary School,education_schools,-0.4172051783170367,51.61373185,MultiPolygon
way,440817638,Rosedale College,education_schools,-0.4310073740613396,51.5199845,MultiPolygon
way,440817675,Grange Park Junior School,education_schools,-0.4163539700482213,51.526389550000005,MultiPolygon
way,440817692,Hayes Park School,education_schools,-0.4218830721985115,51.529365150000004,MultiPolygon
way,440818456,Hedgewood School,education_schools,-0.4250734715757267,51.534773799999996,MultiPolygon
way,440828938,Ryefield Primary School,education_schools,-0.43620375405497436,51.5433048,MultiPolygon
way,440829283,Hillingdon Manor School,education_schools,-0.4502338236506833,51.523514000000006,MultiPolygon
way,440829352,RNIB Sunshine House School and Children's Home,education_schools,-0.43201681289422666,51.6140156,MultiPolygon
way,440829366,St Catherine Catholic Primary School,education_schools,-0.4779977033967032,51.504767,MultiPolygon
way,440843440,St Martin's School,education_schools,-0.43195152806113063,51.6175595,MultiPolygon
way,440843910,Pield Heath House RC School,education_schools,-0.46647138501465213,51.52868635,MultiPolygon
way,440843988,St Bernadette Catholic Primary School,education_schools,-0.4504918846463885,51.5400781,MultiPolygon
way,440844066,Hermitage Primary School,education_schools,-0.47376648659126813,51.54916605,MultiPolygon
way,440844184,The Breakspear School,education_schools,-0.451917738218391,51.5698133,MultiPolygon
way,440844904,Whiteheath Infant & Nursery School,education_schools,-0.4412641422944805,51.5812112,MultiPolygon
way,440845008,Whiteheath Junior School,education_schools,-0.4395455017641525,51.5805323,MultiPolygon
way,440845105,Bishop Winnington-Ingram CofE Primary School,education_schools,-0.43355688593569475,51.57773915,MultiPolygon
way,440845171,Northwood College for Girls,education_schools,-0.42862736322419526,51.60996595,MultiPolygon
way,440845190,Coteford Junior School,education_schools,-0.413868793263625,51.5872545,MultiPolygon
way,440845225,Coteford Infant School,education_schools,-0.4112439887075673,51.5843432,MultiPolygon
way,440845325,St John's School,education_schools,-0.4048714774743224,51.61045915,MultiPolygon
way,442923540,Winsor Primary School,education_schools,0.06094903500361595,51.5105225,MultiPolygon
way,442924229,Brampton Primary School,education_schools,0.04607459679537518,51.5244105,MultiPolygon
way,442927673,Gallions Primary School,education_schools,0.06902672787220118,51.513413099999994,MultiPolygon
way,442931499,Vicarage Primary School,education_schools,0.057946593964009294,51.52661915,MultiPolygon
way,444620772,Whitchurch Primary School & Nursery,education_schools,-0.3027578991777715,51.60764,MultiPolygon
way,444621279,Aylward Primary School,education_schools,-0.29763076361624485,51.6165416,MultiPolygon
way,444621586,Krishna Avanti Primary School,education_schools,-0.2803723548142336,51.60315985,MultiPolygon
way,444622143,Kingsley High School,education_schools,-0.35014271485205656,51.6071279,MultiPolygon
way,444622215,The Annunciation Catholic Infant School,education_schools,-0.2601430454920843,51.60265175,MultiPolygon
way,444622218,John Lyon,education_schools,-0.3408714765625003,51.58521015,MultiPolygon
way,444622253,Alpha Preparatory School,education_schools,-0.3349792096721975,51.5852578,MultiPolygon
way,444622854,Nower Hill High School,education_schools,-0.3659528918730031,51.5922618,MultiPolygon
way,445296292,Forest Academy,education_schools,0.11389247227466512,51.607978450000004,MultiPolygon
way,445296906,Oasis Academy Pinewood,education_schools,0.16359071743806342,51.6102575,MultiPolygon
way,445297311,Immanuel School,education_schools,0.1774672348708829,51.60885535,MultiPolygon
way,445297562,Dame Tipping Church of England Primary School,education_schools,0.1812697080558478,51.620361200000005,MultiPolygon
way,445297610,Gidea Park Preparatory School and Nursery,education_schools,0.1994272849572986,51.5859188,MultiPolygon
way,445976307,St Luke's CofE Primary School,education_schools,-0.2963071884146337,51.415651600000004,MultiPolygon
way,445977751,Corpus Christi Catholic Primary School,education_schools,-0.270024554962647,51.4049641,MultiPolygon
way,445978169,St Paul's CofE Primary School,education_schools,-0.30510963078509257,51.3703771,MultiPolygon
way,445978224,St Mary's CofE (Aided) Primary School,education_schools,-0.2987911294170553,51.35959875,MultiPolygon
way,448209838,South Harringay School,education_schools,-0.10164955731921407,51.58038495,MultiPolygon
way,448737237,Woolmore Primary School,education_schools,-0.00850671846429446,51.5106519,MultiPolygon
way,449852224,The Ursuline Academy Ilford,education_schools,0.06914688174776337,51.56252345,MultiPolygon
way,449852281,The Ursuline Prep School Ilford,education_schools,0.06924877843693683,51.5628907,MultiPolygon
way,449852417,St Michael's Catholic Primary School,education_schools,0.05730382336169337,51.53054955,MultiPolygon
way,449852776,Nelson Primary School,education_schools,0.06179413549709885,51.5320339,MultiPolygon
relation,15082582,The Pointer School,education_schools,0.016440670159941446,51.4739505,MultiPolygon
way,450506844,Rokeby Independent Preparatory School for Boys,education_schools,-0.2706277180877726,51.41742775,MultiPolygon
way,450506845,Marymount International School,education_schools,-0.2688465444007408,51.41705285,MultiPolygon
way,450506846,Holy Cross Preparatory School,education_schools,-0.2741786408244944,51.41708635,MultiPolygon
way,450841185,Belmont School,education_schools,-0.32703648119558026,51.59959105,MultiPolygon
way,450841336,St Teresa's Catholic Primary School and Nursery,education_schools,-0.3545670774171961,51.60471205,MultiPolygon
way,450841362,Shaftesbury High School,education_schools,-0.35565472640882567,51.605129250000005,MultiPolygon
way,450841376,Hatch End High School,education_schools,-0.3563092713924133,51.60616345,MultiPolygon
way,450841428,Cedars Manor School,education_schools,-0.350756150013147,51.6058547,MultiPolygon
way,450841597,Salvatorian Roman Catholic College,education_schools,-0.3391217891520155,51.5996386,MultiPolygon
way,450841608,Whitefriars School,education_schools,-0.34121876696936104,51.597444,MultiPolygon
way,450841641,Vaughan Primary School,education_schools,-0.35487024301793857,51.58074245,MultiPolygon
way,450841761,St Mary's and St John's CofE School,education_schools,-0.2230665181286573,51.59217995,MultiPolygon
way,452038025,Haslemere Primary School,education_schools,-0.1794247964737805,51.4076913,MultiPolygon
way,452038487,Cricket Green School,education_schools,-0.170690092324895,51.401808900000006,MultiPolygon
way,452038614,SS Peter and Paul Catholic Primary School,education_schools,-0.1676771153308818,51.39972515,MultiPolygon
way,452038855,Bond Primary School,education_schools,-0.16484965347070052,51.4082954,MultiPolygon
way,452038962,Cranmer Primary School,education_schools,-0.16475496688587749,51.39695885,MultiPolygon
way,452039031,St Thomas of Canterbury Catholic Primary School,education_schools,-0.15935911700492028,51.4045092,MultiPolygon
way,452263523,Beecholme Primary School,education_schools,-0.1522903177411646,51.412534199999996,MultiPolygon
way,452263587,The Sherwood School,education_schools,-0.14061878792960858,51.3978716,MultiPolygon
way,452263972,Christ Church New Malden CofE Primary School,education_schools,-0.2603185709804692,51.40592795,MultiPolygon
way,452264192,Burlington Junior School,education_schools,-0.24983952051424246,51.399945450000004,MultiPolygon
way,452264272,Burlington Infant and Nursery School,education_schools,-0.2484364132436332,51.39997435,MultiPolygon
way,452264462,Oaklands Primary School,education_schools,-0.3311698337644586,51.505391900000006,MultiPolygon
way,452264741,St Mary's Church of England Primary School,education_schools,-0.3257688263772692,51.4502327,MultiPolygon
way,452264856,Mulberry Academy Shoreditch,education_schools,-0.06995751987973181,51.5270697,MultiPolygon
way,452266857,Cayley Primary School,education_schools,-0.03811773058249858,51.5153044,MultiPolygon
way,452266991,Chisenhale Primary School,education_schools,-0.038925406195603585,51.5328868,MultiPolygon
way,452267140,St Joseph's Catholic Junior School,education_schools,-0.016226560388042516,51.5684042,MultiPolygon
way,452267167,Willow Brook Primary School Academy,education_schools,-0.021621351007125936,51.5659615,MultiPolygon
way,452267225,Riverley Primary School,education_schools,-0.0189210430816859,51.56613445,MultiPolygon
way,452267270,Barlby Primary School,education_schools,-0.21547726794863034,51.523710449999996,MultiPolygon
way,452267293,St Thomas' CofE Primary School,education_schools,-0.2097251085593969,51.52394885,MultiPolygon
way,452267415,Queen Elizabeth II Jubilee School,education_schools,-0.20218040044698266,51.5252704,MultiPolygon
way,452267417,Avenue House School,education_schools,-0.3190432357288828,51.5168593,MultiPolygon
relation,13698495,St John's Preparatory and Senior School,education_schools,-0.14226403176481245,51.6820029,MultiPolygon
way,452668296,Britannia Village Primary School,education_schools,0.025516598247615235,51.503531949999996,MultiPolygon
way,452689200,Normanhurst School,education_schools,0.006828872086165117,51.63276005,MultiPolygon
way,452689553,All Saints' Church of England Primary School Blackheath,education_schools,0.003556197783216924,51.4695178,MultiPolygon
way,452689648,Blackheath Prep,education_schools,0.016890136222720203,51.4725804,MultiPolygon
way,452689763,St Edmund's Catholic School,education_schools,-0.0227078962293766,51.49095025,MultiPolygon
way,452689893,Carlton Vale Infant School,education_schools,-0.20011003827638435,51.531701600000005,MultiPolygon
way,452689933,Old Ford Primary - A Paradigm Academy,education_schools,-0.031522824332330765,51.5331676,MultiPolygon
way,453365405,Link Secondary School,education_schools,-0.1244069519710666,51.36795515,MultiPolygon
way,453365429,Ark Oval Primary Academy,education_schools,-0.0896283650076076,51.3782016,MultiPolygon
way,453365541,Al-Khair Secondary School for Boys and Girls,education_schools,-0.08913427959524667,51.3793697,MultiPolygon
way,453365638,Howard Primary School,education_schools,-0.10118469619839685,51.3647463,MultiPolygon
way,453365720,Elmhurst School for Boys,education_schools,-0.0923267287859977,51.363901049999996,MultiPolygon
way,453366364,Rutherford School,education_schools,-0.0804546000000004,51.36005865,MultiPolygon
way,453646672,Salisbury Manor Primary School,education_schools,-0.02390340759220326,51.6080403,MultiPolygon
way,453646831,North London Rudolf Steiner School,education_schools,-0.12007431742245998,51.58791175,MultiPolygon
way,453646907,Heartlands High School,education_schools,-0.11757928795287076,51.59593715,MultiPolygon
way,453646940,St Paul's Catholic Primary School,education_schools,-0.11508830312500001,51.5972335,MultiPolygon
way,453646985,Tottenhall Infant School,education_schools,-0.10611789471550108,51.6108522,MultiPolygon
way,453646994,St Peter-in-Chains RC Infant School,education_schools,-0.11907107339566599,51.576192199999994,MultiPolygon
way,453647123,Parkwood Primary School,education_schools,-0.09945939960129091,51.5650818,MultiPolygon
way,453695805,St Mary's Catholic Primary School,education_schools,-0.48645710933962294,51.5438773,MultiPolygon
way,453695912,St Helen's College,education_schools,-0.4511901400175974,51.5452112,MultiPolygon
way,453700371,Oakfields Preparatory School,education_schools,0.24845751790499204,51.5410776,MultiPolygon
way,453701193,Towers Junior School,education_schools,0.2111518335978838,51.56883845,MultiPolygon
way,453701357,Towers Infant School,education_schools,0.21123544746496248,51.56918495,MultiPolygon
way,453701633,Lime Academy Ravensbourne,education_schools,0.21826281490709173,51.5949816,MultiPolygon
way,453701690,Broadford Primary School,education_schools,0.22127044632152748,51.601264799999996,MultiPolygon
way,453701698,St. Paul's (Slade Green) Church of England Primary School,education_schools,0.19180385524653243,51.47278235,MultiPolygon
way,453702034,Trinity School,education_schools,0.14899098881107906,51.55297575,MultiPolygon
way,453702075,Richard Alibon Primary School with ARP for Cognitive and Learning Difficulties,education_schools,0.1508651750162504,51.548329300000006,MultiPolygon
way,453702126,William Bellamy Primary School,education_schools,0.15426731533720117,51.5585238,MultiPolygon
way,453702289,Hunters Hall Primary School,education_schools,0.15608402331645416,51.54663175,MultiPolygon
way,453702313,Barking and Dagenham College,education_schools,0.17190721192128985,51.56028655,MultiPolygon
way,453703035,St Mary's Catholic Primary School,education_schools,0.19668704134289122,51.564138299999996,MultiPolygon
way,453703038,Marsh Green Primary School,education_schools,0.15242734935964702,51.5308013,MultiPolygon
way,453703247,Newtons Primary School,education_schools,0.17107708808101724,51.527525499999996,MultiPolygon
way,453703313,Hillsgrove Primary School,education_schools,0.11754926454421236,51.4750494,MultiPolygon
way,453703487,La Salette Catholic Primary School,education_schools,0.19042091196653693,51.5228312,MultiPolygon
way,453703582,Parsonage Farm Primary School,education_schools,0.21001219907559102,51.5240116,MultiPolygon
way,453703684,Eastcourt Independent School,education_schools,0.10916830728523182,51.5670842,MultiPolygon
way,453703742,Barley Lane Primary School,education_schools,0.11259312618456258,51.5693325,MultiPolygon
way,453703785,Becontree Primary School,education_schools,0.11762508247446853,51.55671305,MultiPolygon
way,453703834,Chadwell Primary School,education_schools,0.1220848596008117,51.568542050000005,MultiPolygon
way,453703877,Valence Primary School,education_schools,0.13223710973260028,51.55819055,MultiPolygon
way,453703983,Grafton Primary School,education_schools,0.14090322582831355,51.5586321,MultiPolygon
way,453704040,St Stephen's Catholic Primary School,education_schools,0.10454285374287219,51.4644002,MultiPolygon
way,453704102,Aspire Academy,education_schools,0.1233823973443211,51.462002049999995,MultiPolygon
way,453704354,Hopewell School,education_schools,0.1380108648588662,51.5329002,MultiPolygon
way,453704399,Monteagle Primary School,education_schools,0.11607279056284955,51.53547905,MultiPolygon
way,453704819,The James Cambell Primary School,education_schools,0.12921998445416744,51.53631445,MultiPolygon
way,453704877,Godwin Primary School,education_schools,0.13956412618808206,51.5375571,MultiPolygon
way,453705343,Dorothy Barley Infants' School,education_schools,0.11553861672295754,51.546581700000004,MultiPolygon
way,453705463,Furze Infant School,education_schools,0.13981104188424165,51.571386149999995,MultiPolygon
way,453705542,Crowlands Primary School,education_schools,0.16480001388968962,51.57376025,MultiPolygon
way,453705551,The Mawney Foundation School,education_schools,0.1736420438313152,51.5789179,MultiPolygon
way,453705723,St Peter's Catholic Primary School,education_schools,0.1785918756285323,51.58461645,MultiPolygon
way,453705790,St Edward's Church of England Voluntary Aided Primary School,education_schools,0.17997886693506623,51.5839695,MultiPolygon
way,453706043,Discovery Primary School,education_schools,0.09527723831360872,51.5008667,MultiPolygon
way,453706270,George Carey Church of England Primary School,education_schools,0.10905256727732118,51.52016305,MultiPolygon
way,453706327,Woolwich Polytechnic School,education_schools,0.10883439241007456,51.50325795,MultiPolygon
way,453720917,De Lucy Primary School,education_schools,0.11169480830331234,51.49598585,MultiPolygon
way,453721186,Hawksmoor Primary School,education_schools,0.1123292843178876,51.504614700000005,MultiPolygon
way,453721234,Linton Mead Primary School,education_schools,0.11347545052631726,51.50798625,MultiPolygon
way,453721380,St Margaret Clitherow Catholic Primary School,education_schools,0.11340566417862563,51.500972000000004,MultiPolygon
way,453721605,Windrush Primary School,education_schools,0.11580618390076572,51.5030537,MultiPolygon
way,453721654,Boxgrove Primary School,education_schools,0.11744974776175346,51.493141800000004,MultiPolygon
way,453721730,Bishop John Robinson Church of England Primary School,education_schools,0.11881048458752969,51.508305050000004,MultiPolygon
way,453721857,Castilion Primary School,education_schools,0.12142460428132643,51.510228999999995,MultiPolygon
way,453769158,Riverside School,education_schools,0.11456695740439893,51.404735,MultiPolygon
way,453769374,Bickley Primary School,education_schools,0.03054512264865651,51.40218685,MultiPolygon
way,453769884,Ashgrove School Ltd,education_schools,0.02529645958722291,51.406471550000006,MultiPolygon
way,453770456,Livability Nash College,education_schools,0.005189682364987694,51.37158445,MultiPolygon
way,453815181,Salcombe Infants School,education_schools,-0.1390941377340234,51.64391085,MultiPolygon
way,454091411,Purley Oaks Primary School,education_schools,-0.096279779928028,51.352976850000005,MultiPolygon
way,454734998,Jamiatul Ummah School,education_schools,-0.058344599891722825,51.51248555,MultiPolygon
way,454735579,The Lloyd Williamson School Foundation,education_schools,-0.21207953048364597,51.5220393,MultiPolygon
way,454735857,Ashbourne College,education_schools,-0.18974586322113116,51.50277345,MultiPolygon
way,455056875,Sussex House School,education_schools,-0.1613707947028471,51.4945656,MultiPolygon
way,455195094,Madaniyah Foundation,education_schools,0.04125953586803717,51.54204455,MultiPolygon
way,455335317,Plaistow Primary School,education_schools,0.029232149661993265,51.53158035,MultiPolygon
way,455335934,Our Lady Roman Catholic Primary School,education_schools,-0.1378165024772129,51.53906015,MultiPolygon
way,455336115,St John's Wood Pre-Preparatory School,education_schools,-0.16808775100864617,51.5306519,MultiPolygon
way,455336286,Barrow Hill Junior School,education_schools,-0.16913683197248153,51.5330228,MultiPolygon
way,455336365,Trevor-Roberts School,education_schools,-0.17019625447365663,51.54432705,MultiPolygon
way,455336622,The Hall Middle School,education_schools,-0.17140713760972093,51.544757450000006,MultiPolygon
way,455336623,The Hall Senior School,education_schools,-0.1707587465858308,51.5452867,MultiPolygon
way,455336642,Bigland Green Primary School,education_schools,-0.05970539298658144,51.513167499999994,MultiPolygon
way,455336942,London East Academy,education_schools,-0.06617150603459948,51.51736955,MultiPolygon
way,455336974,Osmani Primary School,education_schools,-0.06485112464084306,51.52077715,MultiPolygon
way,455337035,London Islamic School,education_schools,-0.05663747739049148,51.51607,MultiPolygon
way,455547896,Susi Earnshaw Theatre School,education_schools,-0.19981809769108053,51.6534594,MultiPolygon
way,455548384,Vita Et Pax School,education_schools,-0.13807405195893033,51.64479445,MultiPolygon
way,455548560,West Grove Primary,education_schools,-0.12588234390451614,51.63689875,MultiPolygon
way,455548807,Phoenix Academy,education_schools,-0.05145269852799427,51.628499250000004,MultiPolygon
way,455548937,Lime Academy Larkswood,education_schools,-0.012099234877005755,51.618200599999994,MultiPolygon
way,455549209,Haringey Sixth Form College,education_schools,-0.0730099494231066,51.60678525,MultiPolygon
way,455549968,Orchard House School,education_schools,-0.2577801653306977,51.497089700000004,MultiPolygon
way,455550968,East Acton Primary School,education_schools,-0.2559531174750812,51.51146975,MultiPolygon
way,455551065,Ark Conway Primary Academy,education_schools,-0.24236556744394516,51.5138856,MultiPolygon
way,455555098,Ashton House School,education_schools,-0.3463289366539749,51.477744,MultiPolygon
way,455555347,St Paul's CofE Primary School,education_schools,-0.22692435917883602,51.49050535,MultiPolygon
way,455555710,Hereward House School,education_schools,-0.17006632500000113,51.545105500000005,MultiPolygon
way,455556236,Regent Independent College,education_schools,-0.36869823789337053,51.5770175,MultiPolygon
way,455556372,Oakleigh School & Acorn Assessment Centre,education_schools,-0.15905197444093394,51.624339250000006,MultiPolygon
way,455556518,All Saints' CofE Primary School N20,education_schools,-0.16740531036564754,51.62886355,MultiPolygon
way,455556652,Lyonsdown School,education_schools,-0.1803206535930077,51.64661705,MultiPolygon
way,455556741,Trent CofE Primary School,education_schools,-0.15273365514747325,51.65102485,MultiPolygon
way,455557115,St Stephen's CofE Primary School,education_schools,-0.19567305208564803,51.51899875,MultiPolygon
way,455557238,St Vincent's Catholic Primary School,education_schools,-0.27360474038744476,51.51187435,MultiPolygon
way,455557398,Thomas's Kensington Preparatory School,education_schools,-0.18795442487271957,51.49878795,MultiPolygon
way,455557498,Falcons Pre-Preparatory,education_schools,-0.27301668207797086,51.48768415,MultiPolygon
way,455557899,Keston Primary School,education_schools,-0.11764532841082748,51.3049872,MultiPolygon
way,455559998,Cranford Park Academy,education_schools,-0.41841201819995605,51.494991850000005,MultiPolygon
way,455560064,Botwell House Catholic Primary School,education_schools,-0.4205506676804108,51.50695825,MultiPolygon
way,455560144,Dr Triplett's CofE Primary School,education_schools,-0.41642547925587536,51.5179993,MultiPolygon
way,455560449,Jack and Jill School,education_schools,-0.37081231466126374,51.42534195,MultiPolygon
way,455560993,Grace’s Day Nursery & Pre-School,education_schools,-0.03563560322395726,51.4341568,MultiPolygon
way,455561084,Bonus Pastor Catholic College,education_schools,-0.0005387972895052243,51.42923525,MultiPolygon
way,455561297,Drumbeat School and ASD Service,education_schools,0.01357345486544433,51.4329086,MultiPolygon
way,455561366,St David's Prep,education_schools,-0.02215966519127059,51.3835773,MultiPolygon
way,455561548,Unicorn Primary School,education_schools,-0.022680067921642805,51.39191715,MultiPolygon
way,455562010,St Thomas Becket Catholic Primary School,education_schools,-0.07046112557946513,51.3889525,MultiPolygon
way,455562054,Kingsdown Secondary School,education_schools,-0.06453535759075495,51.324546850000004,MultiPolygon
way,455562598,St John's CofE Junior Mixed and Infant School,education_schools,-0.15566788764755027,51.6167337,MultiPolygon
way,455562680,Friern Barnet School,education_schools,-0.1550479820764235,51.616081699999995,MultiPolygon
way,455562862,Holly Park Primary School,education_schools,-0.15154576815322207,51.61676635,MultiPolygon
way,455562930,St Paul's CofE Primary School N11,education_schools,-0.1442611641048956,51.616459,MultiPolygon
way,455562952,St Martin's School,education_schools,-0.24769102650928143,51.61596395,MultiPolygon
way,455563151,Etz Chaim Jewish Primary School,education_schools,-0.24069499001227823,51.614992900000004,MultiPolygon
way,455563219,Goodwyn School,education_schools,-0.23676883527092063,51.61727295,MultiPolygon
way,455563269,North London Collegiate School,education_schools,-0.294086285291419,51.61541055,MultiPolygon
way,455563514,Holland House School,education_schools,-0.27389780079436377,51.6219066,MultiPolygon
way,455563532,Beit Shvidler Primary School,education_schools,-0.27123585465293154,51.61771665,MultiPolygon
way,455563545,Stag Lane Primary School,education_schools,-0.28016093455752683,51.599330949999995,MultiPolygon
way,455563750,Hendon Preparatory School,education_schools,-0.21699956626750722,51.5910478,MultiPolygon
way,455563836,Finchley and Acton Yochien School,education_schools,-0.2008057329017082,51.599121999999994,MultiPolygon
way,455563885,Annemount School,education_schools,-0.17571734968664837,51.5797427,MultiPolygon
way,455563950,Kerem School,education_schools,-0.17370080317809938,51.5840417,MultiPolygon
way,455564406,Whitehall Park School,education_schools,-0.13374969883843163,51.57241065,MultiPolygon
way,455564611,St Nicholas School,education_schools,-0.26634297591631806,51.56767165,MultiPolygon
way,455564664,St Margaret's School,education_schools,-0.19012985178762648,51.5577952,MultiPolygon
way,455564719,Lyndhurst House Preparatory School,education_schools,-0.171065950643956,51.5524676,MultiPolygon
way,455564946,The Village School,education_schools,-0.15817491055940366,51.547573150000005,MultiPolygon
way,455565118,La Petite Ecole Bilingue,education_schools,-0.15291273889360268,51.552258800000004,MultiPolygon
way,455565153,Rhyl Community Primary School,education_schools,-0.15060867412253698,51.5475513,MultiPolygon
way,455565264,Mora Primary School,education_schools,-0.2251763904751881,51.5590273,MultiPolygon
way,455565337,Sakutu Organisation Montessori,education_schools,-0.22489505401094317,51.5645625,MultiPolygon
way,455565366,Claremont Primary School,education_schools,-0.21794342112251938,51.565751649999996,MultiPolygon
way,455565573,Wessex Gardens Primary School,education_schools,-0.20972445291103614,51.5719235,MultiPolygon
way,455565735,Naima Jewish Preparatory School,education_schools,-0.1903301506795444,51.5343022,MultiPolygon
way,455565792,Phoenix Arch School,education_schools,-0.26293575261686464,51.5535911,MultiPolygon
way,455565848,Maple Walk School,education_schools,-0.24641929553460523,51.539567399999996,MultiPolygon
way,455565876,The Stonebridge School,education_schools,-0.2639563339332042,51.540256150000005,MultiPolygon
way,455565916,Newfield Primary School,education_schools,-0.2446159641261956,51.5423124,MultiPolygon
way,455566015,Leopold Primary School,education_schools,-0.2474981134057982,51.544525750000005,MultiPolygon
way,455566162,St Andrew and St Francis CofE Primary School,education_schools,-0.23513973956631562,51.548824350000004,MultiPolygon
way,455566210,Wembley Primary School,education_schools,-0.29413163917269475,51.56111945,MultiPolygon
way,455566304,Park Lane Primary School,education_schools,-0.2942969335524691,51.5558958,MultiPolygon
way,455566496,Oakington Manor Primary School,education_schools,-0.27083602442947385,51.55266815,MultiPolygon
way,455566623,Chalkhill Primary School,education_schools,-0.27084297334566276,51.5618329,MultiPolygon
way,455566739,Avigdor Hirsch Torah Temimah Primary School,education_schools,-0.23246534724645135,51.558815550000006,MultiPolygon
way,455566791,The Hall School,education_schools,-0.43354578968655477,51.612721699999994,MultiPolygon
way,455566932,Jubilee Primary School,education_schools,0.12152582986086112,51.50464625,MultiPolygon
way,455567014,Willow Bank Primary School,education_schools,0.1259526292167689,51.49687025,MultiPolygon
way,455567104,St John Fisher Catholic Primary School,education_schools,0.1321585079498413,51.495024900000004,MultiPolygon
way,455567109,Harris Garrard Academy,education_schools,0.13565468232125102,51.4958252,MultiPolygon
way,455567137,Willow Dene School,education_schools,0.09027705659633867,51.4727399,MultiPolygon
way,455567174,Conway Primary School,education_schools,0.08883665525585961,51.487187500000005,MultiPolygon
way,455567230,Gascoigne Primary School,education_schools,0.08107254440293604,51.5326071,MultiPolygon
way,455567448,Northbury Primary School,education_schools,0.07529801510369685,51.54129025,MultiPolygon
way,455568170,Ad-Deen Primary School,education_schools,0.08016858893584008,51.550019199999994,MultiPolygon
way,455568176,Winston Way Academy,education_schools,0.08105076546961312,51.559513499999994,MultiPolygon
way,455568369,Ark Isaac Newton Academy,education_schools,0.09229868876562033,51.56086715,MultiPolygon
way,455568496,Christ Church Church of England Primary School,education_schools,0.060828264419998467,51.469586199999995,MultiPolygon
way,455568868,St Peter's Catholic Primary School,education_schools,0.06860047391602078,51.4872251,MultiPolygon
way,455568966,Christchurch Primary School,education_schools,0.07687623205541544,51.5641373,MultiPolygon
way,455568970,The Palmer Catholic Academy,education_schools,0.09314830238183161,51.56470395,MultiPolygon
way,455569014,St Aidan's Catholic Primary Academy,education_schools,0.09009954535437309,51.56636505,MultiPolygon
way,455569107,Cranbrook Primary School,education_schools,0.05644494678156767,51.571937750000004,MultiPolygon
way,455569124,Glade Primary School,education_schools,0.05770732109374949,51.5947418,MultiPolygon
way,455569254,St Augustine's Catholic Primary School,education_schools,0.07587849625670484,51.5803574,MultiPolygon
way,455569613,Fullwood Primary School,education_schools,0.0799136259425646,51.584816950000004,MultiPolygon
way,455569626,Avanti Court Primary School,education_schools,0.08806774697379427,51.587894399999996,MultiPolygon
way,455569685,St Winefride's RC Primary School,education_schools,0.05898620274653928,51.5491454,MultiPolygon
way,455570065,St Helen's Catholic Primary School,education_schools,0.017283570291065226,51.52306255,MultiPolygon
way,455571394,Ranelagh Primary School,education_schools,0.009276665603005864,51.53115835,MultiPolygon
way,457644935,The Academy North London Music,education_schools,-0.1405103541348594,51.53715165,MultiPolygon
way,460379482,Mini Picassos,education_schools,-0.22038070236288537,51.53400525,MultiPolygon
way,461176901,,education_schools,-0.15454462337252906,51.46222905,MultiPolygon
way,463420319,St David's School,education_schools,-0.12299060035986563,51.33767829999999,MultiPolygon
way,463420524,Coulsdon CofE Primary School,education_schools,-0.1237564809345167,51.30795435,MultiPolygon
way,464940918,Highlands Primary School,education_schools,0.05483407525743736,51.566747449999994,MultiPolygon
way,464940972,The Jenny Hammond Primary School,education_schools,0.008457113215676423,51.5547399,MultiPolygon
way,464941082,East London Independent School,education_schools,0.009474243709677527,51.5402604,MultiPolygon
way,465221929,Westbury House School,education_schools,-0.26266662214322134,51.3973096,MultiPolygon
way,465222167,CACFO UK Education Centre,education_schools,-0.10322851412993185,51.4074975,MultiPolygon
way,465222230,Harris Primary Academy Merton,education_schools,-0.1365007527830681,51.402300249999996,MultiPolygon
way,465376314,Alma Primary,education_schools,-0.17405780139415755,51.6274839,MultiPolygon
way,465837776,Queensmead School,education_schools,-0.3926828927677787,51.5577502,MultiPolygon
way,465874035,Lycée International de Londres Winston Churchill,education_schools,-0.2736506081828547,51.566186349999995,MultiPolygon
way,467180325,The Cardinal Vaughan Memorial RC School,education_schools,-0.21178996438276826,51.503828350000006,MultiPolygon
way,475500354,Prendergast Hilly Fields College Upper Site,education_schools,-0.02590417812988994,51.4593901,MultiPolygon
way,475500358,Prendergast Hilly Fields College Lower Site,education_schools,-0.027665555190483315,51.4581769,MultiPolygon
way,476081961,Les Petites Etoiles,education_schools,-0.1269951999999996,51.55658915,MultiPolygon
way,476304382,Heath House Preparatory School,education_schools,0.00940774197911012,51.467100849999994,MultiPolygon
way,478112317,Warren Park Children's Centre,education_schools,-0.2744631698568927,51.42606815,MultiPolygon
way,479890127,Brookhill Children’s Centre,education_schools,0.06657951024101891,51.4848266,MultiPolygon
way,486446314,Suffolks Primary School,education_schools,-0.05442688768989545,51.6562924,MultiPolygon
way,490086974,The Tutorial Foundation,education_schools,0.02552417323276735,51.41126615,MultiPolygon
way,490176906,Nelly’s Nursery,education_schools,-0.09577374647436168,51.446865849999995,MultiPolygon
way,491535003,Coombe Boys' School,education_schools,-0.24711800340950946,51.395845699999995,MultiPolygon
way,492655366,,education_schools,0.17986474337899544,51.6060868,MultiPolygon
way,494473714,Harris Girls' Academy Bromley,education_schools,-0.041711989014734205,51.41620185,MultiPolygon
way,494804353,St John's Angell Town Church of England Primary School,education_schools,-0.1086529634259058,51.468000849999996,MultiPolygon
way,506764425,Lake Farm Park Academy,education_schools,-0.4258992324988199,51.511370150000005,MultiPolygon
relation,11028160,Central Foundation Girls' School,education_schools,-0.028184267951426003,51.5274373,MultiPolygon
relation,7407060,Copthall School,education_schools,-0.23112109395004493,51.60931885,MultiPolygon
relation,6794970,St Michael's Catholic Grammar School,education_schools,-0.18091885586233838,51.61445075,MultiPolygon
way,509442126,Stanley Park High School,education_schools,-0.16636141869208426,51.34642395,MultiPolygon
way,512859407,Kensington Aldridge Academy,education_schools,-0.21542887707892958,51.51449065,MultiPolygon
way,513321376,Muswell Hill Primary School,education_schools,-0.13971722044447765,51.5914071,MultiPolygon
way,513374160,Nightingale Primary School,education_schools,-0.059913010336364314,51.555969950000005,MultiPolygon
way,514256994,Perseid School,education_schools,-0.19676142960895854,51.39058585,MultiPolygon
way,523036780,Abbotsbury Primary School,education_schools,-0.19597664897571831,51.39526305,MultiPolygon
way,524518200,The Lawrence Weaver Institute,education_schools,-0.20078773745940287,51.390919499999995,MultiPolygon
way,524688635,,education_schools,-0.405948128170571,51.4455646,MultiPolygon
way,529016290,Julian's Primary School (West Norwood),education_schools,-0.10526185821138212,51.4315736,MultiPolygon
way,531738536,"Canary Wharf College, Glenworth",education_schools,-0.00558157944250939,51.4895583,MultiPolygon
way,533507024,Fairley House School,education_schools,-0.13150289795616224,51.49056705,MultiPolygon
way,533584886,Grey Coat Hospital School,education_schools,-0.13273140935277383,51.49129165,MultiPolygon
way,535287783,London Welsh School/Ysgol Gymraeg Llundain,education_schools,-0.3351401269172074,51.52101465,MultiPolygon
way,535476792,Merton Court School,education_schools,0.11558810353562218,51.423401,MultiPolygon
way,537012982,St Scholastica's Catholic Primary School,education_schools,-0.06246598151898651,51.5588333,MultiPolygon
way,538114539,Greig City Academy,education_schools,-0.11885922007530252,51.5868663,MultiPolygon
way,538638193,Blanche Nevile School,education_schools,-0.15188574848486824,51.594265,MultiPolygon
way,540658528,St Aloysius' College,education_schools,-0.13846248901079172,51.56979425,MultiPolygon
way,542995274,St Joseph's Catholic Primary School,education_schools,-0.2319102592758987,51.58715995,MultiPolygon
way,543428075,St Gabriel's Church of England Primary School,education_schools,-0.14213643682528537,51.486326500000004,MultiPolygon
way,544318582,Lessness Heath Primary School,education_schools,0.14940318825165558,51.4828537,MultiPolygon
way,552625378,St Anthony's School for Boys,education_schools,-0.17617680997303642,51.5538392,MultiPolygon
way,556494537,Cavendish School,education_schools,-0.05128208055555199,51.4915523,MultiPolygon
way,558000015,Scargill Infant & Junior Schools,education_schools,0.19166851570338111,51.538836200000006,MultiPolygon
way,558918659,A* Star Kids Nursery,education_schools,0.19957160361476595,51.547930699999995,MultiPolygon
way,558918661,Little Learners Nursery & Pre-School,education_schools,0.19803650313593335,51.552107649999996,MultiPolygon
way,559245492,Elm Park Children's Centre,education_schools,0.20126407667707463,51.550597249999996,MultiPolygon
way,564776997,Kilburn Grange School,education_schools,-0.19718653607248138,51.540526150000005,MultiPolygon
way,566399678,Ark Pioneer Academy,education_schools,-0.19218554923126113,51.645413500000004,MultiPolygon
way,570602313,Soho Parish C of E Primary School,education_schools,-0.13442671506832085,51.51171985,MultiPolygon
way,574871477,Yesodey Hatorah Senior Girls School,education_schools,-0.06956645262636742,51.57359445,MultiPolygon
way,574872501,Skinners' Company's Upper School,education_schools,-0.07363794901049497,51.57273255,MultiPolygon
way,583439773,Edgware Primary School,education_schools,-0.276321706879725,51.6099576,MultiPolygon
way,587298737,Charles Darwin School,education_schools,0.045337958832911834,51.31764355,MultiPolygon
way,587726419,Daffodil Preparatory School,education_schools,-0.061338954081632646,51.51492595,MultiPolygon
way,589471672,Tram House School,education_schools,-0.18717052653510263,51.43763865,MultiPolygon
way,596339168,Watling Park School,education_schools,-0.26911170336244344,51.607815099999996,MultiPolygon
way,598205280,Reedham Park School,education_schools,-0.11907873092268603,51.3251193,MultiPolygon
way,603051769,ACS Hillingdon International School,education_schools,-0.46024231153771433,51.543040649999995,MultiPolygon
way,612229733,Winterbourne Junior Girls' School,education_schools,-0.1136816852944175,51.398970399999996,MultiPolygon
way,612229741,Winterbourne Boys' Academy,education_schools,-0.11386674210732697,51.399583,MultiPolygon
way,612229742,Winterbourne Nursery and Infants' School,education_schools,-0.11502959491354335,51.399138449999995,MultiPolygon
way,612394465,Harris Primary Academy Haling Park,education_schools,-0.0960893089243683,51.3587912,MultiPolygon
way,614916542,Whitehorse Manor Junior School,education_schools,-0.09198399672047414,51.3956019,MultiPolygon
way,614916543,Whitehorse Manor Infant School,education_schools,-0.09162575614820412,51.39657085,MultiPolygon
way,615292970,Beulah Infants' School,education_schools,-0.09888939429414627,51.4037651,MultiPolygon
way,615375782,Paxton Academy Sports and Science,education_schools,-0.1117466965952912,51.393775149999996,MultiPolygon
way,615380588,RISE Education,education_schools,-0.16740285485971465,51.40645225,MultiPolygon
way,616713722,Tudor Academy,education_schools,-0.012288826011201334,51.34952425,MultiPolygon
way,616717196,Benedict Academy,education_schools,-0.1765044119450318,51.40233,MultiPolygon
way,616719736,Laleham Lea School,education_schools,-0.13223464250442038,51.34383630000001,MultiPolygon
way,616722477,Jus'T'Learn,education_schools,-0.16175599247798922,51.40445135,MultiPolygon
way,616728055,Fairchildes Primary School,education_schools,-0.004052667058421418,51.3330003,MultiPolygon
way,616735291,Lavender Lodge School,education_schools,-0.16419791940319606,51.407874199999995,MultiPolygon
way,616736821,Oak Tree Primary School,education_schools,-0.16592612723576744,51.4025293,MultiPolygon
way,617259125,Springboard Tuition / Bramley Bank Short Stay School,education_schools,-0.09489483451141094,51.34818985,MultiPolygon
way,617265178,Conigsby Centre,education_schools,-0.09472305000000072,51.367262249999996,MultiPolygon
way,617265459,Saffron Valley Collegiate,education_schools,-0.09901533699186958,51.3682367,MultiPolygon
way,619202524,High Oaks Secondary,education_schools,-0.3547577110331931,51.4792105,MultiPolygon
way,620726307,Krishna Avanti Primary School,education_schools,-0.104618194823978,51.3679156,MultiPolygon
way,620973301,The Minster Nursery and Infants Church of England Academy,education_schools,-0.10995539729532353,51.3690393,MultiPolygon
way,620974290,Harris Federation Post 16,education_schools,-0.09661418959609183,51.3749438,MultiPolygon
way,623114318,West Lodge Primary School,education_schools,-0.3881782763770931,51.59167255,MultiPolygon
way,623925865,Bellenden Primary School,education_schools,-0.06785999430080206,51.4648306,MultiPolygon
way,624599066,Oasis Academy South Bank,education_schools,-0.11172337746324798,51.49823165,MultiPolygon
way,624746813,St Joseph's Catholic Primary School,education_schools,-0.06961813202960915,51.499292350000005,MultiPolygon
way,625370710,Cypress Primary School,education_schools,-0.0828350921243809,51.40662555,MultiPolygon
way,626656386,John Ruskin Primary School and Language Classes,education_schools,-0.0968486991662002,51.48305925,MultiPolygon
way,629190898,Stanley Park Junior School,education_schools,-0.1638012655361658,51.355392550000005,MultiPolygon
way,629190899,Stanley Park Infants School,education_schools,-0.163685441571278,51.3548206,MultiPolygon
way,630720422,Holy Trinity Church of England Primary School,education_schools,-0.15908250509160543,51.49326705,MultiPolygon
way,640731476,Sedgehill Academy,education_schools,-0.022054979533179784,51.42307735,MultiPolygon
way,640731552,Sedgehill School Playing Fields,education_schools,-0.017649443054545425,51.42347095,MultiPolygon
way,645371303,,education_schools,-0.1103142739098499,51.5284593,MultiPolygon
way,648355401,Fashion Retail Academy,education_schools,-0.1330744009771676,51.51723005,MultiPolygon
way,652539948,Sydney Russell Primary School,education_schools,0.14063689847178862,51.546345849999994,MultiPolygon
way,655348340,Mossbourne Riverside Academy,education_schools,-0.022346790645878162,51.5453463,MultiPolygon
way,656746666,Nishkam School West London,education_schools,-0.3370182274113538,51.48542285,MultiPolygon
way,661385056,Portland Place School,education_schools,-0.14477540237350733,51.52082025,MultiPolygon
way,661385064,EIFA International School,education_schools,-0.14442484502491326,51.5200252,MultiPolygon
way,662740367,RJ Mitchell Nursery,education_schools,0.20310091219746396,51.54209545,MultiPolygon
way,664425148,Chessington School,education_schools,-0.3092369043328381,51.35684655,MultiPolygon
way,664931077,Whybridge Infant School,education_schools,0.1904059122407747,51.534333450000005,MultiPolygon
way,667366339,Queen's College Preparatory School,education_schools,-0.1459983146639186,51.5215064,MultiPolygon
way,667704603,"Newton Farm Nursery, Infant and Junior School",education_schools,-0.3745091056970894,51.56914185,MultiPolygon
way,667704604,Alexandra School,education_schools,-0.36998875087834626,51.567157800000004,MultiPolygon
way,668343918,Kingfisher Hall Primary Academy,education_schools,-0.044924534647189214,51.6518885,MultiPolygon
way,669455608,Southbank International School Westminster,education_schools,-0.1461969320981365,51.52160335,MultiPolygon
way,670186711,Hampstead Hill School,education_schools,-0.1678259933772712,51.55328815,MultiPolygon
relation,9324344,"Queen's College, London",education_schools,-0.1469846515632438,51.51848505,MultiPolygon
way,672139171,The Limes College,education_schools,-0.20055506565323267,51.3650497,MultiPolygon
way,674377808,St Vincent's Catholic Primary School,education_schools,-0.15238794660872593,51.518697849999995,MultiPolygon
way,675560607,Manor Longbridge School,education_schools,0.11271871714441623,51.550644750000004,MultiPolygon
way,677021260,,education_schools,-0.07939352869542621,51.6500058,MultiPolygon
way,677031094,St Monica's RC Primary School,education_schools,-0.12041790383540243,51.6222419,MultiPolygon
way,677032659,West Grove Primary School,education_schools,-0.12580976593862775,51.63666295,MultiPolygon
way,679216821,St Joseph's Catholic Infant School,education_schools,-0.02283399017743619,51.564865749999996,MultiPolygon
way,679248278,Noor Ul Islam Primary School,education_schools,-0.0059638148594525955,51.56327665,MultiPolygon
way,679431635,The Richmond upon Thames School,education_schools,-0.34141561148459276,51.4520411,MultiPolygon
relation,9436139,International Community School (Primary),education_schools,-0.16138810385479035,51.5196374,MultiPolygon
way,680468740,Halcyon London International School,education_schools,-0.16157236229390842,51.51535560000001,MultiPolygon
way,681416044,Avon House Preparatory School,education_schools,0.025732722224244643,51.6146627,MultiPolygon
way,681604652,Hylands Primary School,education_schools,0.19710214584685126,51.57239025,MultiPolygon
way,685604860,Sybourn Primary School,education_schools,-0.026941979192209014,51.5702968,MultiPolygon
way,685983190,Mill Hill County High School,education_schools,-0.24934860105465728,51.629423599999996,MultiPolygon
way,686393725,Francis Holland School,education_schools,-0.16021644031169258,51.5247326,MultiPolygon
way,691098394,Lime Tree Primary School,education_schools,-0.30089313109523624,51.39107315,MultiPolygon
way,697273363,Saint Christina's School,education_schools,-0.16378658945882676,51.53581785,MultiPolygon
way,698078648,Robinsfield Infant School,education_schools,-0.16964295765626985,51.53567965,MultiPolygon
way,698340192,Marlborough Primary School,education_schools,-0.1659274386103095,51.4926777,MultiPolygon
way,699363989,Lift Newlands,education_schools,-0.05005802697419795,51.458459250000004,MultiPolygon
way,700488637,Arnold House School,education_schools,-0.17668906847490992,51.533832000000004,MultiPolygon
way,700900252,The American School in London,education_schools,-0.17663419046385764,51.5347564,MultiPolygon
way,701403056,Ormiston Beachcroft Academy,education_schools,-0.1765939570895523,51.53641485,MultiPolygon
way,703442369,Rainham Village Primary School,education_schools,0.19500396218090754,51.5198352,MultiPolygon
way,703453155,SS Peter and Paul's Catholic Primary School,education_schools,0.08749289740487923,51.5573312,MultiPolygon
way,703453156,Gordan Infants School,education_schools,0.08712314841763974,51.55633815,MultiPolygon
way,706357167,Global Academy,education_schools,-0.42718419244222683,51.50481155,MultiPolygon
way,706490844,Hawley Primary School,education_schools,-0.14291911718801287,51.542466000000005,MultiPolygon
way,711259335,"West Lodge School, Sidcup",education_schools,0.10211945541039644,51.42911275,MultiPolygon
way,714009821,Trinity Church of England Primary School,education_schools,0.043865835141772204,51.3807587,MultiPolygon
way,716700368,Ark Atwood Primary Academy,education_schools,-0.19184350184860435,51.523001199999996,MultiPolygon
way,724846025,The St Marylebone Church of England Bridge School,education_schools,-0.2079122451903993,51.528045750000004,MultiPolygon
way,725457672,The Betty Layward Primary School,education_schools,-0.08534654441996432,51.558181399999995,MultiPolygon
relation,14456249,Harris Academy Tottenham,education_schools,-0.05847135552329001,51.594045550000004,MultiPolygon
way,728898362,City of London Academy Shoreditch Park,education_schools,-0.08345337086774894,51.535643699999994,MultiPolygon
way,729225994,Our Lady of Dolours Catholic Primary,education_schools,-0.19140925614929552,51.521176800000006,MultiPolygon
way,729226009,Edward Wilson Primary School,education_schools,-0.18949835446424604,51.52127745,MultiPolygon
way,729294019,St Mary Magdalene CE Primary School,education_schools,-0.18982732241582984,51.5223559,MultiPolygon
way,729321133,St James's Hatcham Church of England Primary School,education_schools,-0.03873818829099715,51.47409265,MultiPolygon
way,731798207,Abingdon House School,education_schools,-0.1662865226412188,51.52441695,MultiPolygon
way,731993747,,education_schools,-0.22222409880536104,51.41642125,MultiPolygon
way,733392242,Avondale Park Primary School,education_schools,-0.21378355961383463,51.5107601,MultiPolygon
way,741704888,Hackney New Primary School,education_schools,-0.07746010329712484,51.5393313,MultiPolygon
way,741974437,Strand-on-the-Green Infant and Nursery School,education_schools,-0.28073510424782033,51.48699245,MultiPolygon
way,748903063,St. James & St. John CE Primary School,education_schools,-0.17941430232281516,51.5130132,MultiPolygon
way,757319763,Brookhill Nursery School,education_schools,-0.16469947599278634,51.645000350000004,MultiPolygon
way,757731854,Joseph Hood Primary School,education_schools,-0.21425343660031987,51.4061954,MultiPolygon
way,757731856,Harris Academy Wimbledon,education_schools,-0.21523439464158584,51.4063532,MultiPolygon
way,758949488,The School of Mary,education_schools,-0.1976711464935758,51.51610555,MultiPolygon
way,762250701,Wetherby School,education_schools,-0.1950315032399666,51.511362399999996,MultiPolygon
way,762250704,Pembridge Hall School,education_schools,-0.19509160268599646,51.5112521,MultiPolygon
way,762408379,Pembridge Hall School,education_schools,-0.19347754480325285,51.511537000000004,MultiPolygon
way,763212432,Russian Embassy School,education_schools,-0.19663218312699654,51.51323865,MultiPolygon
way,763212433,Little Wetherby,education_schools,-0.19662257575826536,51.513418900000005,MultiPolygon
way,764543048,Southbank International School (Kensington Campus),education_schools,-0.1986431989230697,51.5108,MultiPolygon
way,766039641,Ellingham Primary School,education_schools,-0.3084972228287881,51.35814635,MultiPolygon
way,766039642,St. Philip's School,education_schools,-0.30890709233080826,51.35892855,MultiPolygon
way,766328646,Trinity Catholic High School (lower school),education_schools,0.02387787847566933,51.614235449999995,MultiPolygon
way,768605927,Colville Primary School,education_schools,-0.20292649823207093,51.51495495,MultiPolygon
way,771122067,Marylebone Boys' School,education_schools,-0.17680289309598618,51.5189513,MultiPolygon
way,773801046,Lawdale Junior School,education_schools,-0.06260242688884901,51.5284398,MultiPolygon
way,774543367,Chepstow House School,education_schools,-0.20794263513522326,51.517604649999996,MultiPolygon
way,776091225,Haberdashers' Hatcham Free School,education_schools,-0.04282821179871145,51.46722305,MultiPolygon
way,776881040,Fledgelings Day Nursery,education_schools,0.21854941837499944,51.54960825,MultiPolygon
way,777096916,St Mary’s Catholic Junior School,education_schools,-0.16688075376206274,51.36434285,MultiPolygon
way,777107254,Bevington Primary School,education_schools,-0.20815114783825023,51.521508049999994,MultiPolygon
way,777453841,Scallywags Nursery,education_schools,0.21884781869644493,51.55145865,MultiPolygon
relation,11048206,St Paul's Way Trust School,education_schools,-0.024937050103056066,51.519085450000006,MultiPolygon
way,777685364,Ark Brunel Primary Academy,education_schools,-0.21225806899797803,51.525362,MultiPolygon
way,777820896,Kew House School,education_schools,-0.2862905374974206,51.4902019,MultiPolygon
way,777900526,Saint Mary's Catholic Primary School,education_schools,-0.21102115820879247,51.525180500000005,MultiPolygon
way,781866114,Bassett House School,education_schools,-0.21757545000000209,51.518298200000004,MultiPolygon
way,782995527,Oxford Gardens Primary School,education_schools,-0.2187618360930511,51.51677745,MultiPolygon
way,783562123,Archbishop Sumner School (Oakden Site),education_schools,-0.10948198874861738,51.49243625,MultiPolygon
way,786199334,La Sainte Union Catholic Secondary School,education_schools,-0.1477957773516257,51.56058365,MultiPolygon
way,789630124,Tabernacle School,education_schools,-0.21478771018113751,51.50754015,MultiPolygon
way,790632164,Norland Place School,education_schools,-0.21157386313755966,51.506092800000005,MultiPolygon
relation,11016279,St Mary Magdalene C of E School,education_schools,0.010032567093289603,51.49455615,MultiPolygon
way,792088602,Hawkswood Therapeutic School,education_schools,-0.002822406567796745,51.64241655,MultiPolygon
way,792147755,Burnside Secondary PRU,education_schools,-0.02256932153035761,51.60805925,MultiPolygon
way,792147759,Chapel End Infant School and Early Years Centre,education_schools,-0.013402686501080096,51.59841435,MultiPolygon
way,792197777,Chase Lane Primary School,education_schools,-0.02383277040497013,51.61505375,MultiPolygon
way,792197783,Handsworth Primary School,education_schools,0.0023548017825131135,51.60788755,MultiPolygon
relation,11000919,Walthamstow Montessori School,education_schools,-0.01480425957227334,51.596860750000005,MultiPolygon
way,792487915,The Cardinal Vaughan Memorial School,education_schools,-0.2114488592431288,51.5045683,MultiPolygon
way,792504501,"Eden Girls' School, Waltham Forest",education_schools,-0.04278801540022162,51.5937671,MultiPolygon
way,792504503,Big Creative Independent School,education_schools,-0.040304683646656334,51.59341685,MultiPolygon
way,792838773,Oakdale Junior School,education_schools,0.03412055835427069,51.5923114,MultiPolygon
way,792838779,Oakdale Infants' School,education_schools,0.03079363132123978,51.592609350000004,MultiPolygon
way,792887252,Leaways School,education_schools,-0.05247757746847952,51.5640791,MultiPolygon
relation,11007510,Connaught School for Girls,education_schools,0.004679369653492258,51.56613015,MultiPolygon
way,793220522,Lantern of Knowledge Secondary School,education_schools,-0.009227821153844918,51.564458450000004,MultiPolygon
way,793265849,Talmud Torah Machzikei Hadass School,education_schools,-0.06579949623702311,51.5725551,MultiPolygon
way,793265851,Ohr Emes,education_schools,-0.0656785287037104,51.5724489,MultiPolygon
way,793265852,Side By Side School,education_schools,-0.055012960855853055,51.568873100000005,MultiPolygon
way,793265859,Beis Trana Girls' School,education_schools,-0.05968454891714685,51.56644945,MultiPolygon
way,793513936,Al-Falah Primary School,education_schools,-0.058823015705541944,51.558170950000004,MultiPolygon
way,793824335,Odessa Infant School,education_schools,0.018520550930851434,51.5494452,MultiPolygon
way,794725055,The Boxing Academy AP Free School,education_schools,-0.056564168281952945,51.54423815,MultiPolygon
way,794809489,Darul Hadis Latifiah,education_schools,-0.0534475113543469,51.5263839,MultiPolygon
way,794809492,Mazahirul Uloom London School,education_schools,-0.044476429256644405,51.52237985,MultiPolygon
way,795614811,Hawkswood Primary PRU,education_schools,-0.0037896564394005855,51.6420773,MultiPolygon
way,795614812,Talmud Torah London,education_schools,-0.05794511962265163,51.5667135,MultiPolygon
way,795614813,Zakariya Primary School,education_schools,0.034751593173677965,51.547665800000004,MultiPolygon
way,795614814,Hafs Academy,education_schools,0.0031226615122991064,51.548229649999996,MultiPolygon
way,795614815,Halley House School,education_schools,-0.07221421013656473,51.5516976,MultiPolygon
way,795614816,Phoenix Autism Trust,education_schools,-0.0272385189481459,51.5277353,MultiPolygon
way,795695154,Columbia Primary School,education_schools,-0.07008390769744567,51.529273399999994,MultiPolygon
way,795933325,Stephen Hawking School,education_schools,-0.05710561271152442,51.5297201,MultiPolygon
way,796425290,London Design and Engineering UTC,education_schools,0.06047949087978577,51.5073803,MultiPolygon
way,796540795,Grangewood Independent School,education_schools,0.04069108521954946,51.53977155,MultiPolygon
way,796540797,Shaftesbury Primary School,education_schools,0.037153569915393106,51.54011515,MultiPolygon
way,796594029,Quwwat Ul Islam Girls' School,education_schools,0.02537910109005803,51.544715499999995,MultiPolygon
way,796938730,Tunmarsh School,education_schools,0.031876360281691274,51.5252517,MultiPolygon
way,796938736,Eko Pathways,education_schools,0.06518936512579297,51.529580550000006,MultiPolygon
way,797016812,Royal Wharf Primary School,education_schools,0.02717692799600524,51.50075245,MultiPolygon
relation,11017089,Bobby Moore Academy,education_schools,-0.014283362284006097,51.536310799999995,MultiPolygon
way,797548061,Canary Wharf College Crossharbour,education_schools,-0.01520210000000035,51.494744,MultiPolygon
way,798026076,Lansbury Lawrence Primary School,education_schools,-0.017183095506947736,51.5132161,MultiPolygon
way,798071537,Solebay Primary,education_schools,-0.0382118698044613,51.5226604,MultiPolygon
way,798122284,London Enterprise Academy,education_schools,-0.06458487871937016,51.515025800000004,MultiPolygon
way,798122285,Buttercup Primary School,education_schools,-0.062086262920673055,51.5142125,MultiPolygon
way,798258524,Date Palm Primary,education_schools,-0.05899216259712253,51.5151686,MultiPolygon
way,799164834,The Bridge Academy,education_schools,-0.07279304804964534,51.5356794,MultiPolygon
way,799331544,David Game College,education_schools,-0.07634028877575239,51.51286705,MultiPolygon
way,799331545,The ArtsXchange,education_schools,-0.09773890314479593,51.530099,MultiPolygon
way,799331546,Mencap Training Academy,education_schools,-0.07240903928578636,51.5163462,MultiPolygon
relation,18661187,Jeannine Manuel School,education_schools,-0.12973008866347985,51.5183306,MultiPolygon
way,800779576,,education_schools,-0.1964632530032428,51.50720604999999,MultiPolygon
way,802734784,,education_schools,-0.18073425509166105,51.584612899999996,MultiPolygon
way,802734785,,education_schools,-0.1813256805421321,51.584114850000006,MultiPolygon
way,816125293,Blue Gate Fields Infants' School,education_schools,-0.054120484969890637,51.51065705,MultiPolygon
way,816129739,New Regent's College,education_schools,-0.09041540577621196,51.52963945,MultiPolygon
way,817923279,Wellington Primary School - Junior Site,education_schools,-0.37935162891627405,51.47319625,MultiPolygon
way,818928311,Avenue Pre-Prep & Nursery School,education_schools,-0.1448191033333391,51.5760624,MultiPolygon
way,820175336,St Mary and St Michael Primary School,education_schools,-0.05281727853795093,51.513671450000004,MultiPolygon
way,824632104,Hillside Junior School,education_schools,-0.4108941260784457,51.608410899999996,MultiPolygon
way,829223025,William Patten Primary School,education_schools,-0.07527172615194991,51.56171545,MultiPolygon
way,832643587,Ashmole Primary School,education_schools,-0.1362330123676625,51.6294273,MultiPolygon
way,833254822,Falkner House Boys' School,education_schools,-0.1937582067328918,51.49121495,MultiPolygon
way,836479774,Trinity Primary Academy,education_schools,-0.11354396585649167,51.6002382,MultiPolygon
way,838219197,Pinner High School,education_schools,-0.3886731131911464,51.5793934,MultiPolygon
way,839142043,Harris Academy Sutton,education_schools,-0.19386341699695014,51.347121900000005,MultiPolygon
way,839368951,Moorcroft School,education_schools,-0.4604815520227759,51.521592999999996,MultiPolygon
way,840217541,Bourne Primary School,education_schools,-0.3959540170164138,51.55180285,MultiPolygon
way,840593960,The Olive School,education_schools,-0.05289662916966467,51.55022195,MultiPolygon
way,840934110,Woodside Children's Centre,education_schools,-0.10705581518810983,51.60193945,MultiPolygon
way,844902071,Queen's Gate Junior School,education_schools,-0.1784085334854626,51.494238949999996,MultiPolygon
way,845748469,Zaitoon Nursery,education_schools,-0.016476854085205637,51.45169355,MultiPolygon
way,846618131,Westminster Tutors,education_schools,-0.1775988046771853,51.4926694,MultiPolygon
way,846813796,Brady Primary School,education_schools,0.2041174886938452,51.5139736,MultiPolygon
way,846957793,Orion Eden Park,education_schools,-0.04016254501385136,51.3950503,MultiPolygon
way,848024364,Oak Hill Academy,education_schools,-0.42328042210921935,51.43798435,MultiPolygon
way,848509946,"City of London Primary Academy, Islington",education_schools,-0.09589566418298093,51.5231713,MultiPolygon
way,849933574,Dysart School,education_schools,-0.29752929267516015,51.38693235,MultiPolygon
way,854903744,,education_schools,0.15362696099432335,51.5371619,MultiPolygon
way,855180887,Upminster Junior School,education_schools,0.2501181748626874,51.5551294,MultiPolygon
way,855489790,,education_schools,-0.17867854223897622,51.54787475,MultiPolygon
way,856903724,Servite RC Primary School,education_schools,-0.18419130201884265,51.48507335,MultiPolygon
way,858036350,Yesodeh Hatorah Boys School,education_schools,-0.07430984960934832,51.5741629,MultiPolygon
way,858325839,Harris Academy Wimbledon,education_schools,-0.18883469596412528,51.4133462,MultiPolygon
way,858900216,Robert Clack School - Lymington Campus,education_schools,0.14237527612039236,51.56466705,MultiPolygon
way,859332405,Sutton Grammar School,education_schools,-0.1897977783742393,51.364584449999995,MultiPolygon
relation,11772096,Dagenham Park CofE School,education_schools,0.15434979057974618,51.535479249999995,MultiPolygon
way,862963987,Abbey Manor College,education_schools,-0.02466755405883305,51.452560399999996,MultiPolygon
way,867909928,St Mary's Kilburn Church of England Primary School,education_schools,-0.19226658616079179,51.54060735,MultiPolygon
way,881904123,Normand Croft Community School,education_schools,-0.2042487971123838,51.48511965,MultiPolygon
relation,12006909,Alleyn's School,education_schools,-0.08107282815887236,51.45508755,MultiPolygon
relation,11043383,John F Kennedy Special School,education_schools,0.039949835713992056,51.51713225,MultiPolygon
way,888436791,Al-Mizan School,education_schools,-0.06617150603459948,51.51736955,MultiPolygon
way,888895369,,education_schools,-0.4082553352661473,51.5117151,MultiPolygon
relation,18356985,The Douay Martyrs Catholic School,education_schools,-0.4446362875116931,51.559029300000006,MultiPolygon
way,893570517,Crook Log Primary School,education_schools,0.12572423382480175,51.4582043,MultiPolygon
way,896311701,Fulham Boys School,education_schools,-0.20320011080000644,51.489643799999996,MultiPolygon
way,896492710,Harrington Hill Primary School,education_schools,-0.055387889641997146,51.567184749999996,MultiPolygon
way,897913550,Mulberry Academy London Dock,education_schools,-0.06624969234135653,51.5090164,MultiPolygon
relation,19506484,Ripple Primary School,education_schools,0.09131403935764057,51.536208650000006,MultiPolygon
way,901875984,The Laurels School,education_schools,-0.15891288096052705,51.484696099999994,MultiPolygon
way,902493588,Yiewsley Grange School,education_schools,-0.47606910459592566,51.5177752,MultiPolygon
way,903070691,Christ Church C of E Primary School,education_schools,-0.164374794444446,51.48548565,MultiPolygon
relation,18187326,Hill House School,education_schools,-0.1657835473969505,51.486287450000006,MultiPolygon
way,905240640,Drapers' Brookside Primary School,education_schools,0.22447898762019014,51.609358650000004,MultiPolygon
way,906697991,Windrush Charlton Primary School,education_schools,0.04194793235913391,51.49217525,MultiPolygon
way,906697992,Royal Greenwich Trust School,education_schools,0.04111213617063404,51.4919158,MultiPolygon
way,907250642,Allen Hall Seminary,education_schools,-0.17447205071660749,51.483776649999996,MultiPolygon
way,907569221,Pimlico Primary,education_schools,-0.1366949,51.4881735,MultiPolygon
relation,17163455,Acton Gardens Primary School,education_schools,-0.27305173117254045,51.50273315,MultiPolygon
relation,12365626,Fairway Primary School and Children's Centre,education_schools,-0.25690080008959976,51.627624499999996,MultiPolygon
relation,12365627,Northway School,education_schools,-0.25619797753442264,51.6273819,MultiPolygon
way,912261115,Kensington Aldridge Academy,education_schools,-0.23002745133991898,51.5197567,MultiPolygon
way,913478533,Ark Blake Academy,education_schools,-0.08428249051292275,51.380976399999994,MultiPolygon
way,913497321,Chaffinch Brook School,education_schools,-0.08085307053700581,51.38229495,MultiPolygon
way,918398536,Wetherby Senior School (Hannah House),education_schools,-0.153774042060803,51.5190359,MultiPolygon
way,923241956,Cambridge School,education_schools,-0.23681198476957355,51.512012150000004,MultiPolygon
way,925025732,Randolf Beresford Early Years Centre,education_schools,-0.23256286009113425,51.5107388,MultiPolygon
way,926097885,Ormiston Queensmill Academy,education_schools,-0.24294180006184318,51.5072586,MultiPolygon
way,935532874,Harris Academy Clapham,education_schools,-0.13230445207665015,51.45309215,MultiPolygon
way,936710039,School 360,education_schools,-0.008967017131241952,51.531416300000004,MultiPolygon
way,944826833,Emmanuel Church of England Primary School,education_schools,-0.19442883596122168,51.5517478,MultiPolygon
way,946017908,Beis Aharon School,education_schools,-0.08181049105870519,51.57114435,MultiPolygon
way,948552407,John Keats Primary School,education_schools,-0.06414851480582748,51.48554915,MultiPolygon
way,949667858,Fine Arts College,education_schools,-0.16218891084769987,51.545662899999996,MultiPolygon
relation,12807483,"Christ Church, Streatham Church of England Primary School",education_schools,-0.12144780497500085,51.445056199999996,MultiPolygon
way,952050767,Park View School,education_schools,-0.09080139787161487,51.58769205,MultiPolygon
way,952730034,Archbishop Sumner Church of England Primary School,education_schools,-0.10969148600115519,51.491691599999996,MultiPolygon
way,953573026,Holy Trinity and Saint Silas CofE Primary School,education_schools,-0.14566462690402415,51.5441953,MultiPolygon
way,953825209,Camden Centre for Learning,education_schools,-0.14660782687501425,51.54442225,MultiPolygon
way,956191499,Hoxton Garden Primary School,education_schools,-0.08129213460802362,51.533698599999994,MultiPolygon
way,959578293,Roding Primary School,education_schools,0.12076657232478454,51.543382050000005,MultiPolygon
way,959919817,Comet Nursery School and Children's Centre,education_schools,-0.08053393014513434,51.5360504,MultiPolygon
way,960169745,Days Lane Primary School,education_schools,0.09811466566304955,51.4469593,MultiPolygon
way,962599231,St Dunstan's College,education_schools,-0.029791218955047213,51.44405835,MultiPolygon
way,963162870,Durants School,education_schools,-0.12632375839010773,51.6299518,MultiPolygon
way,965108862,John Betts Primary School,education_schools,-0.23574811282463137,51.4967953,MultiPolygon
relation,13020077,St Martin's Church of England Primary School,education_schools,-0.47319554687357923,51.4984403,MultiPolygon
way,967515945,Saracens High School,education_schools,-0.24290427722459712,51.60322035,MultiPolygon
way,969139773,"Francis Holland, Regents Park",education_schools,-0.16054164177052063,51.5247827,MultiPolygon
way,969557615,Burnt Oak Junior School,education_schools,0.09990505718422002,51.43789995,MultiPolygon
way,971050392,West London Free School Primary,education_schools,-0.23101743222749233,51.495319249999994,MultiPolygon
way,971252645,Bromley Beacon Academy,education_schools,0.0296923746066124,51.39803335,MultiPolygon
way,975168911,Flora Gardens Primary School,education_schools,-0.22453631803160584,51.4989371,MultiPolygon
way,978159902,,education_schools,-0.02371116990399183,51.35736065,MultiPolygon
way,983027520,Beacon High,education_schools,-0.12930869035389458,51.5531108,MultiPolygon
way,985775251,Holy Trinity CofE Primary School,education_schools,-0.4367281056637077,51.6143353,MultiPolygon
way,986803556,Corpus Christi Catholic Primary School,education_schools,-0.12058957413118401,51.45554655,MultiPolygon
way,986952084,St Clement Danes Church of England Primary School,education_schools,-0.1191614216477253,51.51362195,MultiPolygon
way,987363343,Addison Primary School,education_schools,-0.21915792208696253,51.49968175,MultiPolygon
way,988336312,Park Primary Academy,education_schools,0.16857887347133022,51.5246891,MultiPolygon
way,989163121,St Mary's Catholic Primary School,education_schools,-0.21622640910588525,51.4981654,MultiPolygon
way,991320015,Barrington Primary School,education_schools,0.12470289807295976,51.4641883,MultiPolygon
way,993618332,The Courtyard Islington,education_schools,-0.10754827791043187,51.54784815,MultiPolygon
way,995183400,,education_schools,-0.2216439189829475,51.496127650000005,MultiPolygon
way,996064878,Michaela Community School,education_schools,-0.2787981272871908,51.5626874,MultiPolygon
way,998257476,Rosemead Preparatory School & Nursery,education_schools,-0.10163687727507717,51.4393277,MultiPolygon
way,1000094999,St James Preparatory & Nursery School,education_schools,-0.20930032815576258,51.4951782,MultiPolygon
way,1000095000,St James Senior Girls' School,education_schools,-0.20908865790068,51.494888149999994,MultiPolygon
relation,13490013,Stratford School Academy,education_schools,0.030188742727273496,51.542487449999996,MultiPolygon
way,1007302315,,education_schools,-0.06119136778398851,51.567388750000006,MultiPolygon
way,1008123326,Green Corridor,education_schools,-0.49320287404658164,51.4695435,MultiPolygon
way,1008655859,Charles Dickens Primary School,education_schools,-0.09614871820322268,51.5011783,MultiPolygon
way,1008674593,Haberdashers’ Aske’s Borough Academy,education_schools,-0.09754862322108843,51.5026461,MultiPolygon
way,1008674595,Haberdashers’ Aske’s Borough Academy,education_schools,-0.099429616513797,51.5017369,MultiPolygon
way,1013143797,,education_schools,-0.08013234949416097,51.5745045,MultiPolygon
way,1013884795,Wren Academy Enfield,education_schools,-0.1008478678569322,51.66499315,MultiPolygon
way,1014195283,Vanguard School,education_schools,-0.1115071225390756,51.49186185,MultiPolygon
relation,13599389,"City of London Academy, Southwark",education_schools,-0.06687860834877259,51.4889626,MultiPolygon
way,1017802388,The Hall Junior School,education_schools,-0.17298809368546458,51.54643795,MultiPolygon
way,1018329286,Fine Arts College,education_schools,-0.16242232715825872,51.5455039,MultiPolygon
way,1018528943,Kingsgate Primary,education_schools,-0.19628652654866757,51.54843785,MultiPolygon
way,1018615218,Glenbrook Primary School,education_schools,-0.13190239664968512,51.45259505,MultiPolygon
way,1019203832,Ark Priory Primary Academy,education_schools,-0.26541532504655474,51.5055897,MultiPolygon
way,1023067917,Liberty Primary School,education_schools,-0.17025916633393118,51.41014585,MultiPolygon
way,1023091578,Orchardside School,education_schools,-0.056652342924795894,51.677658550000004,MultiPolygon
way,1023636013,St. Jude's Church Of England Primary School,education_schools,-0.10526427988067118,51.45418075,MultiPolygon
way,1028175818,Southfield Primary School,education_schools,-0.25570880319260036,51.5014738,MultiPolygon
way,1030084005,The Grove School,education_schools,-0.09538283430424566,51.5901372,MultiPolygon
way,1030670545,Lordship Lane Primary School,education_schools,-0.09492383074659357,51.598813449999994,MultiPolygon
relation,16941157,Redbridge Alternative Provision,education_schools,0.08699509999999945,51.593319550000004,MultiPolygon
way,1031463139,Wohl Ilford Jewish Primary School,education_schools,0.0870533195564622,51.594035500000004,MultiPolygon
way,1031463144,Concordia Academy,education_schools,0.1770704863636389,51.571994149999995,MultiPolygon
way,1034346568,,education_schools,0.10429899466027875,51.491558749999996,MultiPolygon
way,1034354887,Northwood Primary School,education_schools,0.1381409087815296,51.492176650000005,MultiPolygon
way,1034923346,Riverside Beckenhan,education_schools,-0.033629918226528416,51.41087325,MultiPolygon
way,1039210718,Ivy House School,education_schools,-0.1856557711133414,51.568573799999996,MultiPolygon
way,1040496350,The St Teresa Catholic Primary School,education_schools,0.12487986358656719,51.5499715,MultiPolygon
way,1041815650,Putney Park School,education_schools,-0.234590093255688,51.4612106,MultiPolygon
way,1042765006,Peareswood Primary School,education_schools,0.18223745462586058,51.47060305,MultiPolygon
way,1046352466,Crowland Primary School,education_schools,-0.06672292425204217,51.58050675,MultiPolygon
way,1047403827,Harris Primary Academy Shortlands,education_schools,0.003838905568911962,51.4024503,MultiPolygon
way,1047441078,Bullers Wood School For Boys,education_schools,0.040983570648482626,51.40405625,MultiPolygon
way,1050121236,West London Free School,education_schools,-0.23794924826627306,51.492792800000004,MultiPolygon
way,1050121244,St Peter's Church of England Primary School,education_schools,-0.23993649701359765,51.4921207,MultiPolygon
way,1052449520,Kenley Primary School,education_schools,-0.08710436856069576,51.31614225,MultiPolygon
way,1052657714,North London Grammar School,education_schools,-0.24063358500809173,51.5901722,MultiPolygon
way,1052944991,,education_schools,-0.30985125962757387,51.43189425,MultiPolygon
relation,14099881,Seven Kings School,education_schools,0.08617824801068881,51.56844495,MultiPolygon
way,1058077736,Christ the King St. Mary's Sixth Form College,education_schools,0.09753804468249157,51.420890400000005,MultiPolygon
way,1058947862,Mayplace Primary School,education_schools,0.16665690638980662,51.4562678,MultiPolygon
way,1060373148,Invicta Primary School,education_schools,0.02067303284068531,51.4792322,MultiPolygon
way,1062945857,Edison Primary School,education_schools,-0.38184272935918084,51.479163,MultiPolygon
way,1066988640,Prospect House Lower School,education_schools,-0.22002907970505636,51.45535655,MultiPolygon
way,1074738245,Highshore School,education_schools,-0.1011910375891096,51.47850685,MultiPolygon
way,1074745254,Ark All Saints Academy,education_schools,-0.10004632518707879,51.47838435,MultiPolygon
way,1078766045,Riverside School,education_schools,-0.10021251886543245,51.60378225,MultiPolygon
way,1079985902,Dwight School London (Senior School),education_schools,-0.1592503597378051,51.61387585,MultiPolygon
way,1081596717,Dwight School,education_schools,-0.15494811234918993,51.61354265,MultiPolygon
way,1082122902,Isaac Newton Academy Primary,education_schools,0.09058297023809456,51.5622618,MultiPolygon
way,1086252782,Mulberry Wood Wharf Primary School,education_schools,-0.009293694483245175,51.50259145,MultiPolygon
way,1088140612,James Wolfe Primary School and Centre for the Deaf (Royal Hill Campus),education_schools,-0.008826153393410092,51.47685885,MultiPolygon
way,1091806361,Brookfield Primary School,education_schools,-0.14448084679933282,51.56321815,MultiPolygon
way,1093238001,,education_schools,0.035785267503955984,51.470920899999996,MultiPolygon
relation,6754542,Barnes Primary School,education_schools,-0.25026461359731145,51.4694282,MultiPolygon
relation,11620517,Roehampton Gate School,education_schools,-0.25142154479598855,51.46129475,MultiPolygon
way,1096731525,Lavender Primary School,education_schools,-0.07821222676637221,51.66515455,MultiPolygon
way,1096731526,Enfield County School for Girls - Lower School,education_schools,-0.07623707925046563,51.66547355,MultiPolygon
way,1103789814,Newhaven School,education_schools,0.038906461663951536,51.460392549999995,MultiPolygon
relation,14718523,Insights School,education_schools,-0.32025263785204394,51.512642299999996,MultiPolygon
relation,14742394,Davies Lane Primary School,education_schools,0.01308794049708321,51.563863049999995,MultiPolygon
relation,14758344,Newport School,education_schools,-0.003427305800264959,51.56333975,MultiPolygon
relation,14870810,English Martyrs' Roman Catholic Primary School,education_schools,-0.08838954225292836,51.4906719,MultiPolygon
relation,14880176,Sacred Heart Catholic School,education_schools,-0.09748304896712359,51.475187000000005,MultiPolygon
relation,14884664,St Jude's Church of England Primary School,education_schools,-0.10548751276954452,51.49680185,MultiPolygon
relation,14884763,St Anne's Catholic Primary School,education_schools,-0.11943795689698722,51.48548205,MultiPolygon
way,1121019103,Connaught Special School,education_schools,0.03438423731866386,51.5326545,MultiPolygon
way,1121307433,Westminster Under School,education_schools,-0.13413014215110552,51.4917566,MultiPolygon
way,1121516923,Bishop Ridley Church of England VA Primary School,education_schools,0.08883420879679058,51.45960265,MultiPolygon
way,1122150987,,education_schools,-0.11785436306990837,51.49513435,MultiPolygon
relation,15015177,St Martin In The Fields High School for Girls,education_schools,-0.10827351547247764,51.44429935,MultiPolygon
way,1124474112,The UCL Academy,education_schools,-0.1718726975991553,51.54144585,MultiPolygon
way,1124880733,Kidbrooke Park Primary School,education_schools,0.0407637515262604,51.469820999999996,MultiPolygon
way,1125934188,Clarendon School,education_schools,-0.3774321373958083,51.42787385,MultiPolygon
relation,15268676,Frith Manor Primary School,education_schools,-0.20097027290697822,51.61501235,MultiPolygon
way,1133602372,OA - Havering,education_schools,0.22572803343434317,51.5616573,MultiPolygon
way,1135079879,Gascoigne Primary School,education_schools,0.07833007854778046,51.53172185,MultiPolygon
way,1135959485,Valence Primary School,education_schools,0.14147526814956496,51.5502934,MultiPolygon
way,1137640594,Aldborough Primary School,education_schools,0.09525176550821002,51.57085035,MultiPolygon
way,1142973853,Woolwich Polytechnic School for Girls,education_schools,0.10570532413461273,51.50319184999999,MultiPolygon
way,1150124878,South Park Primary School,education_schools,0.09745015001396948,51.5578003,MultiPolygon
way,1151026096,Beacon Business Innovation Hub,education_schools,0.05060024797084076,51.5865151,MultiPolygon
way,1155029756,St Thomas More Catholic Primary School,education_schools,0.13931766648635277,51.4665528,MultiPolygon
way,1157409803,Read Academy,education_schools,0.06693032120609409,51.56274235,MultiPolygon
way,1166012204,Christ Church Primary School,education_schools,-0.2131101332409014,51.65903595,MultiPolygon
way,1176315604,Pathways School,education_schools,0.15126420227054005,51.530130099999994,MultiPolygon
way,1176977686,Tashbar Primary School,education_schools,-0.2766397999447767,51.62193775,MultiPolygon
relation,12026865,Azhar Academy Girls School,education_schools,0.008460318565686246,51.539379249999996,MultiPolygon
way,1182231753,Bolder Academy,education_schools,-0.3310517464797903,51.488950849999995,MultiPolygon
relation,15982410,Westminster Abbey Choir School,education_schools,-0.12962406807566224,51.4985572,MultiPolygon
way,1191422104,Sacks Morasha Jewish Primary School,education_schools,-0.17422505761519502,51.6146313,MultiPolygon
way,1193615817,The Ellen Wilkinson School for Girls,education_schools,-0.2865957232817419,51.5162428,MultiPolygon
way,1197229987,St Thomas Becket Catholic Primary School,education_schools,-0.07069779153800981,51.3891522,MultiPolygon
way,1197229988,St Thomas Becket Catholic Primary School,education_schools,-0.07060881541609823,51.3888738,MultiPolygon
way,1198600998,Hackbridge Primary School - London Road Site,education_schools,-0.1566331697524078,51.38415095,MultiPolygon
relation,18608293,Plumcroft Primary School,education_schools,0.07482379224321288,51.4782192,MultiPolygon
way,1202091971,,education_schools,-0.10067031725098902,51.478522299999995,MultiPolygon
way,1204203020,Marjorie McClure School,education_schools,0.07035867923799533,51.42638365,MultiPolygon
way,1204993586,Cleeve Meadow School,education_schools,0.11845538303981187,51.4284052,MultiPolygon
relation,16293760,Hackbridge Primary School - Hackbridge Corner Site,education_schools,-0.1564838808816127,51.378649550000006,MultiPolygon
way,1208453344,Greatfields School,education_schools,0.08411707178728509,51.532597550000006,MultiPolygon
relation,16499902,Education Links,education_schools,0.0011079970318949414,51.55117795,MultiPolygon
way,1216249890,St Mary's Church of England Primary School,education_schools,-0.3673569990124359,51.494063249999996,MultiPolygon
way,1217541931,Ada Lovelace Church of England High School,education_schools,-0.2930264024524395,51.519144499999996,MultiPolygon
way,1223271848,Sherwood Park School - Sherwood Hill Campus,education_schools,-0.15685759954873657,51.3564219,MultiPolygon
relation,16717709,Cooper's Lane Primary School,education_schools,0.020369819432311566,51.437027900000004,MultiPolygon
way,1227001665,Avanti House School,education_schools,-0.304529035847317,51.60871255,MultiPolygon
way,1227008133,Preston Manor School,education_schools,-0.2918559841214402,51.5669902,MultiPolygon
way,1227719484,,education_schools,-0.04684210097747339,51.479419,MultiPolygon
way,1228231102,The Bridge School,education_schools,-0.12972776720423024,51.5537542,MultiPolygon
way,1228843892,Bright Minds Creative Academy - KS4 site,education_schools,-0.09698245285784804,51.36872975,MultiPolygon
way,1228843893,Bright Minds Creative Academy - KS3 site,education_schools,-0.09675161613662482,51.36799645,MultiPolygon
way,1229044320,Brighton College Prep Kensington,education_schools,-0.17261077976025543,51.50027745,MultiPolygon
way,1229534413,Kensington Park School,education_schools,-0.18969822908682749,51.5111878,MultiPolygon
way,1229587537,Strathmore School,education_schools,-0.3044158673606844,51.444014749999994,MultiPolygon
way,1229694440,,education_schools,-0.4716278622049285,51.5179526,MultiPolygon
way,1234287685,Leopold Gwenneth Rickus Primary School,education_schools,-0.2591881196806337,51.5464196,MultiPolygon
way,1238292883,,education_schools,-0.17605399619384793,51.41963225,MultiPolygon
way,1241348571,Twyford Church of England High School,education_schools,-0.2782382440673421,51.50909335,MultiPolygon
way,1241910545,Abacus Belsize Primary School,education_schools,-0.1319074809484717,51.538322550000004,MultiPolygon
way,1242532239,Torriano Primary School,education_schools,-0.13271408183870032,51.54920595,MultiPolygon
relation,17076874,Northside Primary School,education_schools,-0.17933223260900424,51.6159727,MultiPolygon
relation,17078312,The Holmewood School,education_schools,-0.18472014370653825,51.6180026,MultiPolygon
relation,17078357,Finchley Catholic High School,education_schools,-0.18195609180596664,51.622177750000006,MultiPolygon
way,1252421712,,education_schools,-0.13226004923076792,51.5656763,MultiPolygon
way,1254229977,Ark Byron Primary Academy,education_schools,-0.26264320538216657,51.5072797,MultiPolygon
way,1254273489,Clifton Lodge Preparatory School,education_schools,-0.30812991580360316,51.5116886,MultiPolygon
way,1254282253,Ealing Independent College,education_schools,-0.30814670413267875,51.5120855,MultiPolygon
way,1254496071,Greenwood Primary School,education_schools,-0.34961242383945745,51.5542436,MultiPolygon
way,1254496073,Greek Primary School of London,education_schools,-0.27347057720602297,51.5124888,MultiPolygon
way,1254562364,Horsenden Primary School,education_schools,-0.3356504837704697,51.5496943,MultiPolygon
way,1267035646,Lime Wood Primary School,education_schools,0.16491673896258058,51.48233475,MultiPolygon
way,1275264434,East Lane Montessori School,education_schools,-0.3076832880209599,51.562858250000005,MultiPolygon
way,1278822206,The Woodbridge Park Education Service,education_schools,-0.33412770183642027,51.47743705,MultiPolygon
way,1281334275,Wingfield Primary School,education_schools,0.02247330788710756,51.46119965,MultiPolygon
way,1284823423,,education_schools,-0.30373944314319923,51.484494549999994,MultiPolygon
way,1300131176,Bannockburn Primary School,education_schools,0.10197507402910985,51.48716425,MultiPolygon
way,1302394674,Beth Jacob Grammar School for Girls,education_schools,-0.21805654401890262,51.58709185,MultiPolygon
relation,14995427,Upton Cross Primary School,education_schools,0.03352436716071493,51.53248815,MultiPolygon
way,1308796291,Blossom House School,education_schools,-0.13435039642088392,51.5315195,MultiPolygon
way,1309948853,One Degree Academy,education_schools,-0.10264229950268222,51.66527895,MultiPolygon
way,1315222809,Horizons Academy Bexley,education_schools,0.12386144329792909,51.4941423,MultiPolygon
way,1324577807,Maida Vale School,education_schools,-0.19885068028218686,51.5296086,MultiPolygon
way,1325494536,Cheam Field Primary School,education_schools,-0.21842722435567985,51.365119750000005,MultiPolygon
way,1325539143,St Lawrence Catholic Primary School,education_schools,-0.4090349820599177,51.44513105,MultiPolygon
way,1325556958,Newbridge School,education_schools,0.12080419588483218,51.57531535,MultiPolygon
way,1326378093,Al-Khair School Preparatory School,education_schools,-0.10706238391408188,51.37693515,MultiPolygon
way,1327127868,St Patrick's Catholic Primary School & Nursery,education_schools,0.08565053353289669,51.48787155,MultiPolygon
way,1328372231,Grangewood School,education_schools,-0.3816840760571554,51.5283769,MultiPolygon
way,1328514912,Bedonwell Infant School,education_schools,0.13365224573376552,51.4796064,MultiPolygon
way,1328515981,Haberdashers' Aske's Crayford Temple Grove,education_schools,0.1893827717535153,51.4567762,MultiPolygon
way,1328855811,The Orion Primary School,education_schools,-0.24674389364224458,51.60785025,MultiPolygon
way,1329008172,The Jubilee Academy,education_schools,-0.3378715,51.57868775,MultiPolygon
way,1329012035,Hujjat Primary School,education_schools,-0.3391575139258598,51.6129008,MultiPolygon
way,1329015476,East Lane Primary School,education_schools,-0.30791980585487133,51.56381365,MultiPolygon
way,1329018088,The Helix,education_schools,-0.3364423543919465,51.6122446,MultiPolygon
way,1329018089,London Wellness Academy,education_schools,-0.33732913884024385,51.611930900000004,MultiPolygon
way,1329018629,St Christopher's Prepatory School & Nursery,education_schools,-0.2858866017255849,51.562003000000004,MultiPolygon
way,1329024278,Harmony Primary School,education_schools,-0.3248734800126998,51.57982535,MultiPolygon
way,1329025939,Buxlow Preparatory School,education_schools,-0.2962869270529622,51.5617344,MultiPolygon
way,1329081500,Lady Nafisa School,education_schools,-0.45546936415459793,51.490238000000005,MultiPolygon
way,1329131268,St Mary's C of E School,education_schools,-0.08157656361464866,51.562073850000004,MultiPolygon
way,1329134342,Salcombe Preparatory School,education_schools,-0.13953924098583725,51.6379366,MultiPolygon
way,1329139677,,education_schools,-0.06703199025580084,51.59307335,MultiPolygon
way,1329140711,Holy Trinity CE Primary School,education_schools,-0.06900110058365799,51.5893147,MultiPolygon
way,1329387703,Park Academy,education_schools,-0.19267860986338614,51.408344850000006,MultiPolygon
way,1329598891,Heston Primary School,education_schools,-0.37074069840838064,51.4844168,MultiPolygon
way,1329602193,Wells Primary School,education_schools,0.02781693154445959,51.616591099999994,MultiPolygon
way,1329606230,Beehive Preparatory School,education_schools,0.05810274052541082,51.580932849999996,MultiPolygon
way,1329606334,Apex Primary School,education_schools,0.06527482000920162,51.563152349999996,MultiPolygon
way,1330678115,Atam Academy,education_schools,0.11701148476576631,51.579617,MultiPolygon
way,1330681136,St Mary's Hare Park,education_schools,0.20825509484077157,51.58546495,MultiPolygon
way,1331998400,Kings London,education_schools,-0.036048359492782636,51.40773515,MultiPolygon
way,1332000738,Highfield Infants' School,education_schools,0.003456540252743681,51.39689715,MultiPolygon
relation,18304579,William Byrd Primary Academy,education_schools,-0.43916118977045854,51.490045,MultiPolygon
relation,18435900,Ark Soane Academy,education_schools,-0.2763371099299325,51.50758085,MultiPolygon
relation,18646769,Heronsgate Primary School,education_schools,0.08364146605691161,51.49340305,MultiPolygon
way,1353987389,The Service for Deaf and Partially Hearing Children,education_schools,0.03228724999999731,51.5254889,MultiPolygon
way,1354021156,,education_schools,-0.15821150405335027,51.40434765,MultiPolygon
way,1354905612,Onelab College,education_schools,-0.01785266525423865,51.5217906,MultiPolygon
way,1354910123,OMG Education,education_schools,-0.0645899802270947,51.5114983,MultiPolygon
way,1355438856,Walthamstow Primary Academy,education_schools,-0.023397699890420454,51.6001871,MultiPolygon
relation,18655987,The Complete Works,education_schools,-0.07106894168909803,51.51711115,MultiPolygon
way,1356947425,"The Complete Works, South Hub (Adana Building)",education_schools,-0.01441145705665764,51.467444549999996,MultiPolygon
way,1357546322,Odyssey House School - Bloomsbury,education_schools,-0.12591463767919803,51.520532700000004,MultiPolygon
relation,18661188,Children's Hospital School at Gt Ormond Street and UCH,education_schools,-0.13601024038209994,51.52520355,MultiPolygon
relation,15982409,Westminster School,education_schools,-0.12797063234019507,51.4983638,MultiPolygon
way,1357773750,Paxton Academy,education_schools,-0.11599838058406312,51.396225650000005,MultiPolygon
relation,18675195,London East Alternative Provision,education_schools,-0.04748035222847858,51.523868500000006,MultiPolygon
relation,15079121,Harris Science Academy East London,education_schools,-0.007231068435010587,51.5271725,MultiPolygon
relation,8657820,Ibstock Place School,education_schools,-0.24955830927094486,51.4557055,MultiPolygon
relation,18783134,Highgate School,education_schools,-0.15688764765032304,51.5732177,MultiPolygon
way,1365678021,,education_schools,-0.29332997328094357,51.5840288,MultiPolygon
way,1395661323,Parkhill Junior School,education_schools,0.06395422830210398,51.58877285,MultiPolygon
way,1395664843,Apex Secondary School for Boys,education_schools,0.0658094292361999,51.56573915,MultiPolygon
way,1395664844,Apex Secondary School for Girls,education_schools,0.0658221359667456,51.5658323,MultiPolygon
way,1396477659,Harefield Junior School,education_schools,-0.4832719517559739,51.60388315,MultiPolygon
way,1423520662,,education_schools,0.12046853714837746,51.4034902,MultiPolygon
relation,19527385,Kingston Grammar School,education_schools,-0.29649135892480394,51.40990445,MultiPolygon
way,1428894468,Pavilion Study Centre,education_schools,-0.16858585857231845,51.6339915,MultiPolygon
way,1429761194,Delta Primary School,education_schools,-0.04487369007283172,51.63300165,MultiPolygon
way,1432303754,Nanaksar Primary School,education_schools,-0.3968348492977528,51.5085203,MultiPolygon
way,1432308254,The Eden School,education_schools,-0.4781002396188609,51.48920725,MultiPolygon
way,1432309294,Landon School,education_schools,-0.4747550652032996,51.4885351,MultiPolygon
way,1432472904,Shalom Noam Primary School,education_schools,-0.2672848126110444,51.6028149,MultiPolygon
way,1441903242,,education_schools,-0.0651135546960271,51.393519850000004,MultiPolygon
way,1441903268,,education_schools,-0.064835228554154,51.393923,MultiPolygon
relation,19715936,Belmont Junior School,education_schools,-0.09430393698412254,51.59209835,MultiPolygon
way,1450336241,Brockley Rise Centre - Adult Learning Lewisham,education_schools,-0.042273420096053234,51.44393225,MultiPolygon
way,1467662623,City of London School for Girls,education_schools,-0.09435353333334004,51.5191652,MultiPolygon
way,1473808075,The Charter School East Dulwich,education_schools,-0.08147436349729031,51.4589247,MultiPolygon
relation,20295447,Elmstead Wood Primary School,education_schools,0.04501111130028912,51.424050949999994,MultiPolygon
way,1491484081,Spring School,education_schools,-0.2874349648812361,51.4127884,MultiPolygon
relation,20776427,Holy Family Catholic Primary School,education_schools,0.030236566510154408,51.46005685,MultiPolygon
