osm_type,osm_id,name,category,lon,lat,source_geometry_type
node,8954753262,Burnt Oak Lane Open Space,green_space_parks,0.1092937,51.4424214,Point
node,11399050249,,green_space_parks,-0.4177856,51.5016853,Point
node,11753048107,Laburnum Close Green,green_space_parks,-0.0563023,51.475998,Point
node,13276415126,Belmont station park,green_space_parks,-0.1976393,51.3451367,Point
node,13515968101,Ealing Beaver Project,green_space_parks,-0.3399898,51.5447432,Point
node,13526930459,Church Green,green_space_parks,-0.0205752,51.5124098,Point
node,13760684102,Wharf Road Park,green_space_parks,-0.0286664,51.6413961,Point
way,2838058,,green_space_parks,-0.09061798997912299,51.6647489,MultiPolygon
way,2903046,,green_space_parks,-0.07847767349724175,51.6673004,MultiPolygon
way,2903368,St Michael's Green,green_space_parks,-0.08611118138166046,51.6624763,MultiPolygon
way,2903369,,green_space_parks,-0.08160063833001788,51.661265900000004,MultiPolygon
way,2903398,Bush Hill Park,green_space_parks,-0.06754674025542362,51.64876825,MultiPolygon
way,2914274,Stephens House & Grounds,green_space_parks,-0.19365529336345333,51.59739635,MultiPolygon
way,2926821,Oakwood Park,green_space_parks,-0.12051893024960735,51.6413556,MultiPolygon
way,2939009,Enfield Town Park,green_space_parks,-0.08589870409030105,51.64926935,MultiPolygon
way,2939140,Victoria Recreation Ground,green_space_parks,-0.1705847067274755,51.65284195,MultiPolygon
way,2953350,Sunnyhill Park,green_space_parks,-0.22979535829985553,51.59572365,MultiPolygon
way,2955990,Whetstone Stray,green_space_parks,-0.1823555470706175,51.6268798,MultiPolygon
way,2956125,School Playing Fields,green_space_parks,-0.00635455598609069,51.43428975,MultiPolygon
way,2956783,Lewisham Park,green_space_parks,-0.013421971052555999,51.453279949999995,MultiPolygon
way,3241371,Russell Square,green_space_parks,-0.12607448257083764,51.521698549999996,MultiPolygon
way,3241840,Tavistock Square,green_space_parks,-0.12904479249248824,51.5250611,MultiPolygon
way,3385169,Glebelands Playing Fields Park,green_space_parks,-0.410980953626909,51.450742399999996,MultiPolygon
way,3400436,Friary Park,green_space_parks,-0.16261063088186556,51.61883235,MultiPolygon
way,3401837,Hatherop Park,green_space_parks,-0.3838893742830539,51.42089575,MultiPolygon
way,3430579,Carlisle Park,green_space_parks,-0.3671153881834171,51.42066845,MultiPolygon
way,3541791,Hampton Court Green,green_space_parks,-0.34250407573294633,51.406972249999995,MultiPolygon
way,3595906,,green_space_parks,-0.21555148546588584,51.4533299,MultiPolygon
way,3664747,Durants Park,green_space_parks,-0.04173667247842627,51.65349435,MultiPolygon
way,3687942,,green_space_parks,-0.23625618761061962,51.45725055,MultiPolygon
way,3690582,,green_space_parks,-0.23607909936641852,51.45647575,MultiPolygon
way,3690586,,green_space_parks,-0.23596531583923194,51.45808425,MultiPolygon
way,3690598,The Pleasance,green_space_parks,-0.23611140805084757,51.4614517,MultiPolygon
way,3725111,,green_space_parks,-0.09045011784629865,51.6612554,MultiPolygon
way,3872808,Broomfield Park,green_space_parks,-0.11752672438394217,51.6186797,MultiPolygon
way,3986346,Kensington Gardens,green_space_parks,-0.1803888440170363,51.50664635,MultiPolygon
way,3988895,Grove Park,green_space_parks,-0.23110313971333468,51.58910735,MultiPolygon
way,3991615,Hampton Court Park,green_space_parks,-0.32515464742968947,51.40080005,MultiPolygon
way,4001101,Big Wood,green_space_parks,-0.18905877093816664,51.5833628,MultiPolygon
way,4001293,St Pancras and Islington Cemetery,green_space_parks,-0.16456750423345007,51.60068015,MultiPolygon
way,4006015,Old Deer Park,green_space_parks,-0.310005367620387,51.4670716,MultiPolygon
way,4013452,Arrandene Open Space,green_space_parks,-0.22821202454094405,51.6135699,MultiPolygon
way,4020542,Fortune Green,green_space_parks,-0.19766217587359766,51.55465945,MultiPolygon
way,4020620,Grove Farm local nature reserve,green_space_parks,-0.3403194473093767,51.5564601,MultiPolygon
way,4040566,Hendon Park,green_space_parks,-0.22100446119048595,51.58123745,MultiPolygon
way,4040975,Wood End East Recreation Ground,green_space_parks,-0.35187868770609165,51.557106000000005,MultiPolygon
way,4045176,Gladstone Park,green_space_parks,-0.23707969307577453,51.5577527,MultiPolygon
way,4045840,Bellingham Green,green_space_parks,-0.024470254002438616,51.4311286,MultiPolygon
way,4045842,Mountsfield Park,green_space_parks,-0.009233442331312132,51.44764515,MultiPolygon
way,4049350,Lammas Park,green_space_parks,-0.3115558112568215,51.50387345,MultiPolygon
way,4072806,Queens Park,green_space_parks,-0.2112430628412134,51.536059050000006,MultiPolygon
way,4075108,Lincoln's Inn,green_space_parks,-0.1146159934673356,51.51718015,MultiPolygon
way,4076730,Bethune Park,green_space_parks,-0.152089679072338,51.619366150000005,MultiPolygon
way,4078566,Craig Park,green_space_parks,-0.05766326108367521,51.6157405,MultiPolygon
way,4078567,Pymmes Park,green_space_parks,-0.06947279579964172,51.6176324,MultiPolygon
way,4078593,,green_space_parks,-0.06838646119301653,51.636494049999996,MultiPolygon
way,4081049,Grosvenor Square,green_space_parks,-0.15138937325979526,51.5115241,MultiPolygon
way,4082589,Leicester Square,green_space_parks,-0.1301523572210713,51.5104338,MultiPolygon
way,4082666,Primrose Hill,green_space_parks,-0.16245690537610002,51.539047999999994,MultiPolygon
way,4085758,Stanley Park,green_space_parks,-0.1634172405357841,51.35653670000001,MultiPolygon
way,4089030,Hampstead Cemetery,green_space_parks,-0.19976673392949315,51.5557793,MultiPolygon
way,4090241,Church Fields,green_space_parks,-0.3407313856378285,51.5743478,MultiPolygon
way,4097473,Fairland Park,green_space_parks,-0.10651168521349091,51.585143450000004,MultiPolygon
way,4097476,Finsbury Park,green_space_parks,-0.10108238233253106,51.57021415,MultiPolygon
way,4111166,Wimbledon Park,green_space_parks,-0.20664588240611936,51.4382776,MultiPolygon
way,4116247,Monken Hadley Common,green_space_parks,-0.19103477571135974,51.66124325,MultiPolygon
way,4133074,Aldersbrook Avenue Recreation Ground,green_space_parks,-0.07502638068399843,51.65868435,MultiPolygon
way,4134680,,green_space_parks,-0.08916931093448807,51.6550999,MultiPolygon
way,4159433,,green_space_parks,-0.14772260562707265,51.6335811,MultiPolygon
way,4188297,Ludgrove Playing Field,green_space_parks,-0.15806507663203923,51.6540198,MultiPolygon
way,4194174,,green_space_parks,-0.056638578352254616,51.670414750000006,MultiPolygon
way,4234648,Stationers Park,green_space_parks,-0.11174358096036807,51.57924175,MultiPolygon
way,4239815,Parsons Green,green_space_parks,-0.1999720975290616,51.47356245,MultiPolygon
way,4242918,Chelmsford Square Tennis Courts & Gardens,green_space_parks,-0.22597272976406407,51.53849725,MultiPolygon
way,4242930,Roundwood Park,green_space_parks,-0.24037518614199443,51.541275150000004,MultiPolygon
way,4244828,Hammersmith Park,green_space_parks,-0.22821055857543657,51.51029925,MultiPolygon
way,4244829,Shepherds Bush Green,green_space_parks,-0.22175496787305077,51.5042468,MultiPolygon
way,4245003,Cranford Country Park,green_space_parks,-0.4164571623226291,51.48994225,MultiPolygon
way,4248612,Preston Park,green_space_parks,-0.3027631764602286,51.5707994,MultiPolygon
way,4251186,Walpole Park,green_space_parks,-0.31021118993713376,51.50903985,MultiPolygon
way,4251190,Dean Gardens,green_space_parks,-0.3203004755617972,51.5102091,MultiPolygon
way,4252522,Hurlingham Park,green_space_parks,-0.2022517445652196,51.469066600000005,MultiPolygon
way,4252532,South Park,green_space_parks,-0.19426826679262116,51.469065400000005,MultiPolygon
way,4253286,Woburn Square,green_space_parks,-0.12971823027813184,51.5233943,MultiPolygon
way,4253288,Gordon Square,green_space_parks,-0.13087727571046542,51.524273199999996,MultiPolygon
way,4253353,St. John's Gardens,green_space_parks,-0.3317531484490824,51.471929149999994,MultiPolygon
way,4253527,West Square Gardens,green_space_parks,-0.10552646323027239,51.4951816,MultiPolygon
way,4253646,Queen Square Gardens,green_space_parks,-0.12241590851341204,51.521737650000006,MultiPolygon
way,4253657,Red Lion Square Gardens,green_space_parks,-0.11889404998612274,51.519190050000006,MultiPolygon
way,4253887,Berkeley Square,green_space_parks,-0.1458122325494609,51.50964155,MultiPolygon
way,4253932,,green_space_parks,-0.1196042379763517,51.5106457,MultiPolygon
way,4254099,Victoria Embankment Gardens,green_space_parks,-0.12132740936004877,51.50868855,MultiPolygon
way,4255959,Goose Green,green_space_parks,-0.07251227718067532,51.46179805,MultiPolygon
way,4256144,Argyle Square Gardens,green_space_parks,-0.12235865628426212,51.52910375,MultiPolygon
way,4256229,Golden Square,green_space_parks,-0.1371829569911288,51.51165495,MultiPolygon
way,4256264,Vauxhall Pleasure Gardens,green_space_parks,-0.12081062667646678,51.4874494,MultiPolygon
way,4256950,Whitehall Garden,green_space_parks,-0.12337873145885583,51.50564185,MultiPolygon
way,4256953,Whitehall Garden,green_space_parks,-0.12391652239995221,51.50396565,MultiPolygon
way,4257005,Grosvenor Gardens,green_space_parks,-0.1469915828608953,51.4976562,MultiPolygon
way,4257006,Grosvenor Gardens,green_space_parks,-0.14544639519223607,51.496567999999996,MultiPolygon
way,4257697,Fairlop Waters Country Park,green_space_parks,0.10046377843835734,51.59284185,MultiPolygon
way,4258095,Christchurch Gardens,green_space_parks,-0.13451260779069663,51.498068700000005,MultiPolygon
way,4259619,Dean's Yard,green_space_parks,-0.12900211639905554,51.49857745,MultiPolygon
way,4259627,College Green,green_space_parks,-0.12613857796015399,51.498055550000004,MultiPolygon
way,4259687,Victoria Tower Gardens,green_space_parks,-0.12492586521612228,51.4965036,MultiPolygon
way,4259726,St John's Gardens,green_space_parks,-0.12802550752008413,51.494387200000006,MultiPolygon
way,4259897,Riverside Walk Gardens,green_space_parks,-0.12803758429063766,51.48916575,MultiPolygon
way,4259902,Millbank Gardens,green_space_parks,-0.12908617916757953,51.49145555,MultiPolygon
way,4259910,Causton Street Playground,green_space_parks,-0.1311493483661454,51.490810100000004,MultiPolygon
way,4260009,Archbishop's Park,green_space_parks,-0.11702839323618071,51.4968157,MultiPolygon
way,4263365,,green_space_parks,0.10428547446344516,51.56862715,MultiPolygon
way,4267353,Clitterhouse Playing Fields,green_space_parks,-0.21491892408994956,51.5693754,MultiPolygon
way,4268231,Lowlands Recreation Ground,green_space_parks,-0.3369047074657544,51.5782362,MultiPolygon
way,4268233,The Grove Open Space,green_space_parks,-0.33682180753032936,51.57697745,MultiPolygon
way,4270104,Barkingside Recreation Ground,green_space_parks,0.0785233898722314,51.5877222,MultiPolygon
way,4271516,Mandeville Parkway,green_space_parks,-0.3630131468513311,51.5508139,MultiPolygon
way,4272920,Crabtree Fields,green_space_parks,-0.13450494125395007,51.5192377,MultiPolygon
way,4274490,Chestnuts Park,green_space_parks,-0.08967842911754284,51.58263675,MultiPolygon
way,4275669,,green_space_parks,-0.02891403073449228,51.4345341,MultiPolygon
way,4280573,Tatem Park,green_space_parks,-0.08685659523320066,51.61871165,MultiPolygon
way,4287154,Priory Park,green_space_parks,-0.12620660719924817,51.5854896,MultiPolygon
way,4296028,Montagu Recreation Ground,green_space_parks,-0.04723283617065989,51.621107699999996,MultiPolygon
way,4300342,Garratt Lane Old Burial Ground,green_space_parks,-0.19146115343813086,51.4556126,MultiPolygon
way,4314454,Fairy Hill Park,green_space_parks,0.05704237108867471,51.438390749999996,MultiPolygon
way,4333599,Lamorbey Park,green_space_parks,0.10705161458019308,51.437393150000005,MultiPolygon
way,4338440,Brunswick Park,green_space_parks,-0.07576551055982217,51.5832466,MultiPolygon
way,4338932,King George V Playing Fields,green_space_parks,-0.19280946558229412,51.640922700000004,MultiPolygon
way,4339203,Sturgess Park,green_space_parks,-0.2266532203918466,51.577123400000005,MultiPolygon
way,4344560,The Green Hackbridge,green_space_parks,-0.15876833000001886,51.378149699999994,MultiPolygon
way,4347189,Beddington Park,green_space_parks,-0.1452774370096846,51.37311895,MultiPolygon
way,4357123,Myatt's Fields,green_space_parks,-0.10334435804489871,51.473679950000005,MultiPolygon
way,4358458,St James's Square Gardens,green_space_parks,-0.13529238596410756,51.507215200000005,MultiPolygon
way,4358882,,green_space_parks,-0.16209727098347537,51.401355300000006,MultiPolygon
way,4358991,Island Gardens,green_space_parks,-0.008210132949272798,51.4869975,MultiPolygon
way,4364605,West End Green,green_space_parks,-0.19261966490325122,51.55228305,MultiPolygon
way,4364957,Childs Hill Park,green_space_parks,-0.20070300649202427,51.5672044,MultiPolygon
way,4373996,Jubilee Gardens,green_space_parks,-0.11817693840206411,51.503939849999995,MultiPolygon
way,4374361,Soham Lane Open Space,green_space_parks,-0.0244202271150543,51.66976045,MultiPolygon
way,4374362,Enfield Island Village Play Area,green_space_parks,-0.012749256628723678,51.6690354,MultiPolygon
way,4380345,Bishop's Park,green_space_parks,-0.2179830839088898,51.47116665,MultiPolygon
way,4384263,Durnsford Road Recreation Ground,green_space_parks,-0.19367634391680438,51.4381136,MultiPolygon
way,4384279,Garratt Park,green_space_parks,-0.1882002355620487,51.4359006,MultiPolygon
way,4392726,Ridding Lane Open Space,green_space_parks,-0.3320103290914722,51.555471,MultiPolygon
way,4392792,Maybank Open Space,green_space_parks,-0.3210592460998748,51.554323100000005,MultiPolygon
way,4393572,Bloomsbury Square Gardens,green_space_parks,-0.12286070260145798,51.51895195,MultiPolygon
way,4395951,Woodcroft Park,green_space_parks,-0.24745259402229774,51.6084508,MultiPolygon
way,4402124,Enfield Playing Fields,green_space_parks,-0.06457431324239556,51.655002800000005,MultiPolygon
way,4402485,,green_space_parks,-0.03776158753301766,51.63768865,MultiPolygon
way,4402581,,green_space_parks,-0.03348241534083479,51.6508956,MultiPolygon
way,4402593,,green_space_parks,-0.05089121543702514,51.66227895,MultiPolygon
way,4406359,London Fields,green_space_parks,-0.06034344900373083,51.54053175,MultiPolygon
way,4407135,Alexandra Park,green_space_parks,-0.3630401723307658,51.5602585,MultiPolygon
way,4407172,,green_space_parks,-0.39261415506247527,51.557848199999995,MultiPolygon
way,4407951,Uxbridge Common,green_space_parks,-0.4719969988129312,51.553248350000004,MultiPolygon
way,4412255,Whitings Hill Open Space,green_space_parks,-0.22303566405226632,51.64397665,MultiPolygon
way,4412442,Blythe Hill Fields,green_space_parks,-0.03560114403016626,51.4470631,MultiPolygon
way,4412724,Downham Fields,green_space_parks,0.007227047757735994,51.4269238,MultiPolygon
way,4412730,,green_space_parks,0.0005968915454899199,51.42382445,MultiPolygon
way,4412731,Downham Park,green_space_parks,0.004922308962961716,51.42242855,MultiPolygon
way,4412732,,green_space_parks,0.017865525128936053,51.4256813,MultiPolygon
way,4412733,Whitefoot Lane Playing Fields,green_space_parks,0.00107786064179067,51.4308945,MultiPolygon
way,4416362,Falcon Park,green_space_parks,-0.1646403411694473,51.46897195,MultiPolygon
way,4416363,Shillington Park,green_space_parks,-0.1659969187139759,51.468478399999995,MultiPolygon
way,4416384,York Gardens,green_space_parks,-0.1769557969648035,51.4673289,MultiPolygon
way,4419221,Golders Hill Park,green_space_parks,-0.18938067198954406,51.566818600000005,MultiPolygon
way,4422151,William Parnell Park,green_space_parks,-0.18917212756528337,51.47353335,MultiPolygon
way,4422546,Grovelands Park,green_space_parks,-0.11475362534777904,51.63288835,MultiPolygon
way,4452003,Painters Lane Open Space,green_space_parks,-0.031011906251228766,51.678113350000004,MultiPolygon
way,4452352,Ponders End Park,green_space_parks,-0.04368035000000016,51.64500485,MultiPolygon
way,4453871,Manchester Gardens,green_space_parks,-0.08323258546323586,51.576939100000004,MultiPolygon
way,4477132,Old Courthouse Recreation Ground,green_space_parks,-0.20306371872334628,51.64959545,MultiPolygon
way,4481793,Clissold Park,green_space_parks,-0.08827626497253582,51.56103455,MultiPolygon
way,4483968,Greenwich Park,green_space_parks,0.0009226893232027653,51.47723545,MultiPolygon
way,4488669,Westfield Park,green_space_parks,-0.18385968771837358,51.47987835,MultiPolygon
way,4488860,Deptford Park,green_space_parks,-0.03916790490498,51.4865169,MultiPolygon
way,4488885,Pepys Park,green_space_parks,-0.0329425126996413,51.4877441,MultiPolygon
way,4566319,Sidney Square Gardens,green_space_parks,-0.05491616708317466,51.5165826,MultiPolygon
way,4629310,St Francis Park,green_space_parks,-0.08221941726606813,51.462039399999995,MultiPolygon
way,4652261,Centre for Wildlife Gardening,green_space_parks,-0.07520858751747582,51.46282685,MultiPolygon
way,4652279,,green_space_parks,-0.07091225093893228,51.46199,MultiPolygon
way,4680796,Talacre Town Green,green_space_parks,-0.14817978343448934,51.546965650000004,MultiPolygon
way,4680850,Harrington Square Gardens,green_space_parks,-0.1387224168150855,51.53299485,MultiPolygon
way,4701427,Latchmere Recreation Ground,green_space_parks,-0.16189382233079005,51.47176855,MultiPolygon
way,4701535,Fred Wells Gardens,green_space_parks,-0.17551581761023938,51.4722328,MultiPolygon
way,4750643,,green_space_parks,-0.3585914041579778,51.47620145,MultiPolygon
way,4756940,,green_space_parks,-0.17292691910847918,51.47937315,MultiPolygon
way,4757046,,green_space_parks,-0.17426241068011547,51.478226649999996,MultiPolygon
way,4764027,Mortlake Green,green_space_parks,-0.267436615984204,51.468927750000006,MultiPolygon
way,4764916,Tangier Green,green_space_parks,-0.2769838934420408,51.466057449999994,MultiPolygon
way,4770407,Dinton Field,green_space_parks,-0.29134898515288626,51.4220979,MultiPolygon
way,4770441,Latchmere Rec,green_space_parks,-0.2948516667158254,51.42370605,MultiPolygon
way,4781721,,green_space_parks,-0.29709196796278486,51.41487645,MultiPolygon
way,4799189,Holly Grove Shrubbery,green_space_parks,-0.07109664146969334,51.470116250000004,MultiPolygon
way,4799491,Terrace Field,green_space_parks,-0.3001922327682125,51.4523731,MultiPolygon
way,4799493,Terrace Gardens,green_space_parks,-0.30104072683377237,51.454065099999994,MultiPolygon
way,4800249,Jersey Gardens,green_space_parks,-0.3427277886996447,51.4831887,MultiPolygon
way,4800542,Hylands Park,green_space_parks,0.20061819573317285,51.57116995,MultiPolygon
way,4834383,Lodge Farm Park,green_space_parks,0.1920197819441167,51.580866900000004,MultiPolygon
way,4842384,Lampton Park,green_space_parks,-0.3730082887723135,51.474181599999994,MultiPolygon
way,4859728,Landseer Gardens,green_space_parks,-0.12220613366224989,51.56270895,MultiPolygon
way,4862221,Orchard Avenue Recreation Ground,green_space_parks,-0.15984634248053958,51.38131035,MultiPolygon
way,4872134,Inwood Park,green_space_parks,-0.3554084024723193,51.467673500000004,MultiPolygon
way,4874264,Butlers Green,green_space_parks,-0.3184571980597018,51.557010149999996,MultiPolygon
way,4891492,Central Park,green_space_parks,0.23130317970097294,51.6071573,MultiPolygon
way,4891717,Tyler's Common,green_space_parks,0.25903137614646515,51.5919349,MultiPolygon
way,4895985,Carshalton Park,green_space_parks,-0.16115617123536707,51.36161905,MultiPolygon
way,4898815,Figges Marsh,green_space_parks,-0.16031605334527363,51.41459405,MultiPolygon
way,4898913,Streatham Common,green_space_parks,-0.12501765270915055,51.42164675,MultiPolygon
way,4898917,Norwood Grove,green_space_parks,-0.11434187315125763,51.419086,MultiPolygon
way,4899546,Mayow Park,green_space_parks,-0.049014528490496034,51.4297276,MultiPolygon
way,4927718,Belvue Park,green_space_parks,-0.3682135179627028,51.5428729,MultiPolygon
way,4929878,Lesnes Abbey Park,green_space_parks,0.12804981316646674,51.4887851,MultiPolygon
way,4940786,Brent Meadow,green_space_parks,-0.3442298982957872,51.509883650000006,MultiPolygon
way,4941069,Bittern's Field,green_space_parks,-0.3486293652516581,51.522938550000006,MultiPolygon
way,4941094,Pear Tree Park,green_space_parks,-0.3393996229054961,51.52943785,MultiPolygon
way,4942926,,green_space_parks,0.2339013450228829,51.6024326,MultiPolygon
way,4946747,Dulwich Park,green_space_parks,-0.07789566968506234,51.4454832,MultiPolygon
way,4953327,Thornbury Playing Fields,green_space_parks,-0.34400536465115816,51.47207425,MultiPolygon
way,4962498,Wanstead Flats,green_space_parks,0.022188549124620344,51.559587300000004,MultiPolygon
way,4962554,Wanstead Park,green_space_parks,0.044175540046896736,51.5679506,MultiPolygon
way,4969113,Islington Green,green_space_parks,-0.10317449610533061,51.536069049999995,MultiPolygon
way,4982149,Larkhall Park,green_space_parks,-0.1310835747857783,51.473376200000004,MultiPolygon
way,4989329,,green_space_parks,-0.38031603240417666,51.475076650000005,MultiPolygon
way,4996350,Wellington Park,green_space_parks,-0.3776456766502986,51.4736027,MultiPolygon
way,5012783,Beaversfield Park,green_space_parks,-0.3884751716094933,51.4711193,MultiPolygon
way,5020144,Park Lane Recreation Ground,green_space_parks,0.19229272890813504,51.56753635,MultiPolygon
way,5022093,,green_space_parks,-0.10719253288029013,51.65143685,MultiPolygon
way,5038028,St Mary's Field,green_space_parks,-0.14800993934523887,51.36614695,MultiPolygon
relation,17298316,Heston Park,green_space_parks,-0.37739910391820797,51.4869812,MultiPolygon
way,5050150,Wallington Green,green_space_parks,-0.15417887552300147,51.36712275,MultiPolygon
way,5059696,Birch (Selsdon),green_space_parks,-0.06408949156984275,51.33525775,MultiPolygon
way,5061857,Haven Green,green_space_parks,-0.3041599736296793,51.51537665,MultiPolygon
way,5061858,Haven Green,green_space_parks,-0.303163793394509,51.5155847,MultiPolygon
way,5068504,Silverhall Park,green_space_parks,-0.32685596380914617,51.470994,MultiPolygon
way,5070293,Stonebridge Gardens,green_space_parks,-0.0748522668312929,51.539345749999995,MultiPolygon
way,5082648,St Mary's Churchyard,green_space_parks,-0.1761593764291244,51.521658200000005,MultiPolygon
way,5082649,Paddington Green,green_space_parks,-0.17406966543036917,51.52046105,MultiPolygon
way,5084450,Coronation Gardens,green_space_parks,-0.010828229837474203,51.55948975,MultiPolygon
way,5088428,Conolly Dell,green_space_parks,-0.3414517133028466,51.510698899999994,MultiPolygon
way,5094376,Dukes Meadows,green_space_parks,-0.2519155616427905,51.47739505,MultiPolygon
way,5095245,Horniman Museum and Gardens,green_space_parks,-0.061324470617138846,51.442179550000006,MultiPolygon
way,5104568,,green_space_parks,-0.11120147069906437,51.446760299999994,MultiPolygon
way,5108124,King George V Playing Field,green_space_parks,-0.33962314923003056,51.506100849999996,MultiPolygon
way,5122303,Rosemary Gardens,green_space_parks,-0.0875980671839395,51.53842555,MultiPolygon
way,5123535,Jersey Gardens,green_space_parks,-0.34068247894404585,51.483435150000005,MultiPolygon
way,5131192,Eel Brook Common,green_space_parks,-0.19482161965589306,51.476405299999996,MultiPolygon
way,5191389,,green_space_parks,-0.3739130029836574,51.56026,MultiPolygon
relation,77740,Warwick Gardens,green_space_parks,-0.07541632681607396,51.46949755,MultiPolygon
way,5204861,Kendor Gardens,green_space_parks,-0.19471556560769168,51.406770949999995,MultiPolygon
way,5211244,,green_space_parks,-0.3412004488797369,51.4910589,MultiPolygon
way,5217106,,green_space_parks,-0.33921023554099583,51.4700981,MultiPolygon
way,5217112,Redlees Park,green_space_parks,-0.33245103018198263,51.4658879,MultiPolygon
way,5217130,,green_space_parks,-0.3520270826274303,51.4593831,MultiPolygon
way,5218665,Garratt Green,green_space_parks,-0.18131302551787293,51.4361431,MultiPolygon
way,5228085,Cottenham Park,green_space_parks,-0.2367742320848546,51.4136067,MultiPolygon
way,5235508,Wrythe Recreation Ground,green_space_parks,-0.17173173817427456,51.3707515,MultiPolygon
way,5243865,Cheam Park,green_space_parks,-0.22149581369830817,51.3591702,MultiPolygon
way,5243866,Cheam Recreation Ground,green_space_parks,-0.22380616050713537,51.36200785,MultiPolygon
way,5247415,Cheam War Memorial,green_space_parks,-0.21699992089581838,51.36007155,MultiPolygon
way,5252533,Seears Park,green_space_parks,-0.2123754750989969,51.3613874,MultiPolygon
way,5260188,Elthorne Park,green_space_parks,-0.12556937231212442,51.57049925,MultiPolygon
way,5261003,,green_space_parks,-0.16670660649606633,51.371417199999996,MultiPolygon
way,5268462,Morden Hall Park,green_space_parks,-0.18616226747073236,51.40367295,MultiPolygon
way,5318737,Burton Court,green_space_parks,-0.15978574552949307,51.4882876,MultiPolygon
way,5376869,Kingsley Park,green_space_parks,-0.35575300824584455,51.4740204,MultiPolygon
way,5450708,,green_space_parks,-0.13462729868228407,51.37321885,MultiPolygon
way,5490982,Manor Park,green_space_parks,-0.1902453394903998,51.3629078,MultiPolygon
way,5551993,Lucas Gardens,green_space_parks,-0.08218795006552776,51.47246725,MultiPolygon
way,5552548,St Giles' Churchyard,green_space_parks,-0.08685860448263587,51.4725082,MultiPolygon
way,5602136,Ford Square Gardens,green_space_parks,-0.05683001076158925,51.51660945,MultiPolygon
way,5655406,Cayton Green Park,green_space_parks,-0.3409314379227313,51.53757255,MultiPolygon
way,5787571,St. Andrew's Park,green_space_parks,0.22926688700157713,51.56332635,MultiPolygon
way,5831176,Hoxton Square,green_space_parks,-0.08120988003838775,51.52785705,MultiPolygon
way,5884904,,green_space_parks,-0.07664342268051394,51.531738399999995,MultiPolygon
way,5923323,Jesus Green,green_space_parks,-0.0683428223743223,51.529212,MultiPolygon
way,5926169,Ion Square Gardens,green_space_parks,-0.06647198071864446,51.53039535,MultiPolygon
way,5926843,Pollard Square,green_space_parks,-0.06436343679349776,51.52743485,MultiPolygon
way,5930237,Paradise Gardens,green_space_parks,-0.05574310469240254,51.52780345,MultiPolygon
way,5942883,Clapton Square,green_space_parks,-0.05391619899058779,51.55123639999999,MultiPolygon
way,5949366,York Square Gardens,green_space_parks,-0.039382274105484165,51.51358085,MultiPolygon
way,5949374,Belgrave Open Space,green_space_parks,-0.04226659386167147,51.5161162,MultiPolygon
way,5950004,Jubilee Gardens,green_space_parks,-0.054040958990050514,51.51549655,MultiPolygon
way,5993319,Hackney Downs,green_space_parks,-0.061910992975267774,51.55392315,MultiPolygon
way,6008841,Aske Gardens,green_space_parks,-0.08399703978660206,51.528268249999996,MultiPolygon
way,6107744,Murray Park,green_space_parks,-0.3558657302585452,51.4568167,MultiPolygon
way,6147620,Well Street Common,green_space_parks,-0.04060945360490363,51.541152350000004,MultiPolygon
way,6148065,Shacklewell Green,green_space_parks,-0.06964429639292816,51.55308755,MultiPolygon
way,6231080,Russell Park,green_space_parks,-0.0981621578535686,51.59503,MultiPolygon
way,6277964,Stonebridge Common,green_space_parks,-0.07468811280611476,51.5399492,MultiPolygon
way,6277982,,green_space_parks,-0.07309475119751602,51.54172345,MultiPolygon
way,7652215,Abbey Recreation Ground,green_space_parks,-0.19403958335630367,51.41178345,MultiPolygon
way,7663020,Waltheof Gardens,green_space_parks,-0.08711391985527799,51.600931900000006,MultiPolygon
way,7663708,Bruce Castle Park,green_space_parks,-0.07415304147035176,51.6001983,MultiPolygon
way,7663738,Lordship Recreation Ground,green_space_parks,-0.08731233095858687,51.59438299999999,MultiPolygon
way,7724595,Woodhouse Open Space,green_space_parks,-0.16642670233436346,51.61007345,MultiPolygon
way,7789731,Hampstead Heath Extension,green_space_parks,-0.18550574477376672,51.574397,MultiPolygon
way,7945971,Craneford Way,green_space_parks,-0.3412334030303028,51.4488256,MultiPolygon
way,7945978,Mereway Nature Reserve,green_space_parks,-0.3453993593166865,51.44746845,MultiPolygon
way,7945979,Kneller Gardens,green_space_parks,-0.3494574352121327,51.44721525,MultiPolygon
way,7945984,Crane Park,green_space_parks,-0.35566865856089813,51.444034599999995,MultiPolygon
way,8038030,Alexandra Park,green_space_parks,-0.1278928810702827,51.59323835,MultiPolygon
way,8044839,Harrow Weald Recreation Ground,green_space_parks,-0.3419792301698813,51.60682595,MultiPolygon
way,8099271,Telegraph Hill Lower Park,green_space_parks,-0.045077561466270316,51.46923245,MultiPolygon
way,8114721,Penge Recreation Ground,green_space_parks,-0.0567974637430351,51.415349750000004,MultiPolygon
way,8119370,Byron Recreation Ground,green_space_parks,-0.3261933365483064,51.5940519,MultiPolygon
way,8125006,Hilly Fields,green_space_parks,-0.08983565775459493,51.66933025,MultiPolygon
way,8125228,Barnet Playing Fields,green_space_parks,-0.19209241192173662,51.64334925,MultiPolygon
way,8125258,Albany Park,green_space_parks,-0.032563537697703565,51.6672587,MultiPolygon
way,8137262,Holland Park,green_space_parks,-0.20409586428201126,51.5029216,MultiPolygon
way,8140333,Springfield Park,green_space_parks,-0.05934098968350591,51.570729150000005,MultiPolygon
way,8145560,,green_space_parks,-0.06721527600747257,51.6709779,MultiPolygon
way,8145621,Dovehouse Green,green_space_parks,-0.16977293856780873,51.48744255,MultiPolygon
way,8364034,St. Martin's Gardens,green_space_parks,-0.13967090731992338,51.538585499999996,MultiPolygon
way,8384289,Temple grounds,green_space_parks,-0.22034006020410776,51.43080175,MultiPolygon
way,8385328,Pinkwell Park,green_space_parks,-0.44012715717433804,51.499647100000004,MultiPolygon
way,8470112,Haynes Park,green_space_parks,0.2147934354546491,51.57748215,MultiPolygon
way,8501796,Haggerston Park,green_space_parks,-0.06765091875350483,51.533085850000006,MultiPolygon
way,8613902,Oaks Park,green_space_parks,-0.16800264819099434,51.33850765,MultiPolygon
way,8614502,Geraldine Mary Harmsworth Park,green_space_parks,-0.10858120350662429,51.4958711,MultiPolygon
way,8874949,,green_space_parks,-0.0452572,51.4441614,MultiPolygon
way,8916888,Rectory Park,green_space_parks,-0.38308941989410666,51.5355872,MultiPolygon
way,9170814,Islip Manor Park,green_space_parks,-0.37517608356973897,51.546693649999995,MultiPolygon
way,9170993,Islip Manor Meadows,green_space_parks,-0.3900126805794918,51.54801035,MultiPolygon
way,9171990,,green_space_parks,-0.39662487279519143,51.52336055,MultiPolygon
way,9174237,,green_space_parks,-0.3994530759684185,51.5198924,MultiPolygon
relation,7500302,,green_space_parks,-0.3877830653284456,51.51990525,MultiPolygon
way,9183927,Stamford Brook Common,green_space_parks,-0.2466671203151417,51.4975626,MultiPolygon
way,9184699,Acton Green Common,green_space_parks,-0.2566762576305917,51.49570865,MultiPolygon
way,9184779,Chiswick Back Common,green_space_parks,-0.25857985075999157,51.494199699999996,MultiPolygon
way,9238547,Benhill Recreation Ground,green_space_parks,-0.18185989787465479,51.36755685,MultiPolygon
way,9384065,Camberwell Green,green_space_parks,-0.09260137927590462,51.4749074,MultiPolygon
way,9396628,Walker Ground,green_space_parks,-0.12927319886881367,51.625777049999996,MultiPolygon
way,9542831,,green_space_parks,-0.28911618108108306,51.591723099999996,MultiPolygon
way,9545952,Centenary Park,green_space_parks,-0.3043986925969171,51.59904375,MultiPolygon
way,9639546,Mill Hill Park,green_space_parks,-0.24287710282092762,51.610575600000004,MultiPolygon
way,9639547,Lyndhurst Park,green_space_parks,-0.25087817499791254,51.6111391,MultiPolygon
way,9640239,Mill Hill Park,green_space_parks,-0.23898163766168937,51.612363349999995,MultiPolygon
way,9823456,Woodcock Park,green_space_parks,-0.3019906822136732,51.5840035,MultiPolygon
way,9935800,,green_space_parks,-0.3298959135735585,51.486261400000004,MultiPolygon
way,10045053,Churchfield Recreation Ground,green_space_parks,-0.0694090945917149,51.63125205,MultiPolygon
way,10047535,Royston Park,green_space_parks,-0.18028061369770582,51.3729955,MultiPolygon
way,10052537,Selsdon Recreation Ground,green_space_parks,-0.05548302700014919,51.34175785,MultiPolygon
way,10148943,Park Hill Recreation Ground,green_space_parks,-0.09162348658626804,51.36941925,MultiPolygon
way,10213435,Telegraph Hill Upper Park,green_space_parks,-0.04609946423197962,51.4671523,MultiPolygon
way,10277879,Brunswick Park,green_space_parks,-0.14562174753358437,51.62875435,MultiPolygon
way,10425456,West Hendon Playing Fields,green_space_parks,-0.25178961025665597,51.5790233,MultiPolygon
way,10440090,Heather Park Open Space,green_space_parks,-0.28166178794708263,51.5422733,MultiPolygon
way,10482343,Watling Park,green_space_parks,-0.2599386896655299,51.6058716,MultiPolygon
way,10482586,Montrose Playing Fields,green_space_parks,-0.2563015494108102,51.598059750000004,MultiPolygon
way,10507253,One Tree Hill Open Space,green_space_parks,-0.3036893363222989,51.54463465,MultiPolygon
way,10507755,Barham Park,green_space_parks,-0.31017740484727757,51.5528933,MultiPolygon
way,10523335,Sudbury Court,green_space_parks,-0.3180177190363588,51.5648235,MultiPolygon
way,10664769,Bethnal Green Gardens,green_space_parks,-0.05387552144736368,51.525947099999996,MultiPolygon
way,10695644,Hounslow Heath Open Space,green_space_parks,-0.37571718292173617,51.4547834,MultiPolygon
way,10713633,Addington Hills,green_space_parks,-0.058943590313595154,51.36276265,MultiPolygon
way,10713712,Lloyd Park,green_space_parks,-0.07428651841382802,51.36750885,MultiPolygon
way,10811445,Carlton Square Gardens,green_space_parks,-0.044882670312498374,51.52389425,MultiPolygon
way,10811927,Meath Gardens,green_space_parks,-0.04387294342539483,51.528097700000004,MultiPolygon
way,10812573,Tredegar Square,green_space_parks,-0.0321839226847567,51.5271275,MultiPolygon
way,10904629,Mid Summer Children's Park,green_space_parks,-0.37925469276886614,51.46455965,MultiPolygon
way,11019215,Waterlow Park,green_space_parks,-0.1445815825374911,51.5684751,MultiPolygon
way,11032324,Abbotts Park,green_space_parks,-0.006840843343925717,51.57120525,MultiPolygon
way,11081595,Husseywell Park,green_space_parks,0.014242617966147147,51.378024249999996,MultiPolygon
way,11146750,Bretons Park,green_space_parks,0.18247808194547793,51.541621,MultiPolygon
way,11282817,Markfield Park,green_space_parks,-0.06362748676298359,51.58105725,MultiPolygon
way,11300063,Wanstead Flats,green_space_parks,0.017288868505645476,51.56428325,MultiPolygon
way,11300633,George Green,green_space_parks,0.027495426176041227,51.57437535,MultiPolygon
way,11842463,Pinner Village Gardens,green_space_parks,-0.3778266856139001,51.5869745,MultiPolygon
way,11842918,,green_space_parks,-0.36948359989254154,51.58517995,MultiPolygon
way,11842968,,green_space_parks,-0.36522650173920485,51.5876555,MultiPolygon
way,11843244,Harrow Recreation Ground,green_space_parks,-0.34570763763134055,51.5843167,MultiPolygon
way,11843368,West Harrow Recreation Ground,green_space_parks,-0.35552200169563797,51.5771803,MultiPolygon
way,11844940,Kenton Recreation Ground,green_space_parks,-0.3198736253470103,51.58748705,MultiPolygon
way,11845199,Priestmead Recreation Ground,green_space_parks,-0.3165420906707457,51.59592275,MultiPolygon
way,11845218,,green_space_parks,-0.30738135113259224,51.59836945,MultiPolygon
way,11845424,,green_space_parks,-0.3004868148617291,51.603708600000004,MultiPolygon
way,11845513,Stanmore Marsh North,green_space_parks,-0.30091113159011473,51.6086634,MultiPolygon
way,11846374,Canons Park,green_space_parks,-0.29342922416931694,51.6109527,MultiPolygon
way,11846478,Stonegrove Park,green_space_parks,-0.283514881228461,51.61602,MultiPolygon
way,12535826,Grenville Gardens,green_space_parks,-0.12023759761904518,51.56917970000001,MultiPolygon
way,12545328,Tottenhall Recreation Ground,green_space_parks,-0.09508657678821655,51.610368199999996,MultiPolygon
way,12874003,Stoneydown Park,green_space_parks,-0.03603710406813249,51.585385099999996,MultiPolygon
way,12901170,Moormead Park,green_space_parks,-0.3260031519867792,51.45369355,MultiPolygon
way,13085344,Sydenham Wells Park,green_space_parks,-0.06816903264846395,51.42962665,MultiPolygon
way,13511298,Castle Green,green_space_parks,0.1199345381580286,51.53348965,MultiPolygon
way,13710483,,green_space_parks,-0.1515209300428112,51.42538155,MultiPolygon
way,13779737,Norwood Park,green_space_parks,-0.09464654026073546,51.4248597,MultiPolygon
way,13788594,South Croydon Recreation Ground,green_space_parks,-0.09773524268196185,51.349543049999994,MultiPolygon
way,13853994,Norbury Park,green_space_parks,-0.1188512873669689,51.412936900000005,MultiPolygon
way,13866245,Colliers Wood Recreation Ground,green_space_parks,-0.1729772868093379,51.41792925,MultiPolygon
way,13868093,,green_space_parks,0.03371629722541199,51.51845415,MultiPolygon
way,13868329,West Ham Park,green_space_parks,0.01846086021952668,51.5389318,MultiPolygon
way,13869841,Wandle Park,green_space_parks,-0.1797879225827564,51.4185924,MultiPolygon
way,13873564,Whitehorse Road Recreation Ground,green_space_parks,-0.0962016303163066,51.3899592,MultiPolygon
way,13873566,Wilford Road Recreation Ground,green_space_parks,-0.09978613846153477,51.3870544,MultiPolygon
way,13884985,Rose Gardens,green_space_parks,-0.319212658957973,51.4801715,MultiPolygon
way,13891699,Chiswick Rugby Football Club,green_space_parks,-0.2627773555154983,51.475059900000005,MultiPolygon
way,13953217,Ashburton Playing Fields,green_space_parks,-0.05424209346042315,51.38558425,MultiPolygon
way,14039211,Museum Gardens,green_space_parks,-0.054669994680144815,51.52814455,MultiPolygon
way,14164486,Gray's Inn Gardens,green_space_parks,-0.1159167664775726,51.5255114,MultiPolygon
way,14182436,Cundy Park,green_space_parks,0.031564518095895125,51.510325800000004,MultiPolygon
way,14325882,Beaumont Square Gardens,green_space_parks,-0.045624956536129795,51.520275549999994,MultiPolygon
way,14645388,Bowes Meadow,green_space_parks,-0.10033977730286056,51.6138543,MultiPolygon
way,14757743,Crease Park,green_space_parks,-0.030705932877309133,51.39758375,MultiPolygon
way,14838860,,green_space_parks,-0.05124283699853169,51.52439775,MultiPolygon
way,15082822,,green_space_parks,-0.048262660511117036,51.522787449999996,MultiPolygon
way,15091737,,green_space_parks,-0.08249033186778032,51.6713769,MultiPolygon
way,15111048,Whitehorse Meadow,green_space_parks,-0.08854388980154948,51.400009749999995,MultiPolygon
way,15112446,South Norwood Recreation Ground,green_space_parks,-0.07807868525052436,51.39537555,MultiPolygon
way,15112631,Betts Park,green_space_parks,-0.06403891667838024,51.408630849999994,MultiPolygon
way,15219325,Library Green,green_space_parks,-0.08634090977621295,51.652004250000005,MultiPolygon
way,15219624,,green_space_parks,-0.08765153687176622,51.65358565,MultiPolygon
way,15244831,Avenue Park,green_space_parks,-0.41250585465730694,51.48618715,MultiPolygon
way,15260066,,green_space_parks,-0.3841224841098031,51.565367699999996,MultiPolygon
way,15975245,Cheney Row Park,green_space_parks,-0.028381786719566107,51.601799,MultiPolygon
way,16287348,Alexandra Park,green_space_parks,-0.2887781248953695,51.3859291,MultiPolygon
way,16290302,Central Park,green_space_parks,0.008378903751007416,51.49771085,MultiPolygon
way,16320738,Thornhill Square,green_space_parks,-0.11521655692480894,51.5401994,MultiPolygon
way,16648893,Paradise Park,green_space_parks,-0.11214211930425902,51.54837605,MultiPolygon
relation,3691817,Waye Avenue Park,green_space_parks,-0.4137431262433,51.47611245,MultiPolygon
way,16773144,,green_space_parks,-0.4137431262433,51.47611245,MultiPolygon
way,17366817,East Greenwich Pleasaunce,green_space_parks,0.013722684520211848,51.484666149999995,MultiPolygon
way,17368819,St. Dunstans Churchyard,green_space_parks,-0.04133156725111081,51.516539449999996,MultiPolygon
way,17456951,Mayesbrook Park,green_space_parks,0.11082834924080202,51.54487335,MultiPolygon
way,17703377,Goodmayes Park,green_space_parks,0.11441762614465922,51.5600078,MultiPolygon
way,17710495,Central Park,green_space_parks,0.16683112529885766,51.5584169,MultiPolygon
way,17710564,,green_space_parks,0.15459938700762388,51.56090245,MultiPolygon
way,17711058,Eastbrookend Country Park,green_space_parks,0.1768197556800484,51.55308015,MultiPolygon
way,17715963,Quarry Park,green_space_parks,-0.2117208774504825,51.35928025,MultiPolygon
way,17743208,Godley Gardens,green_space_parks,-0.17735120931630746,51.442649700000004,MultiPolygon
way,17939182,,green_space_parks,-0.23902287197930722,51.494056650000005,MultiPolygon
way,17939312,Ravenscourt Park,green_space_parks,-0.2385156121615421,51.497073650000004,MultiPolygon
way,17941004,Wormholt Park,green_space_parks,-0.2372844426590722,51.51083255,MultiPolygon
way,17999028,Caledonian Park,green_space_parks,-0.12316080848014299,51.54665105,MultiPolygon
way,18523366,Upminster Hall Playing Fields,green_space_parks,0.26060460031509125,51.567853,MultiPolygon
way,18933788,Greatfields Park,green_space_parks,0.09028516514183821,51.5312123,MultiPolygon
way,18934744,Barking Park,green_space_parks,0.08663634555870561,51.545731599999996,MultiPolygon
way,18936361,Abbey Green,green_space_parks,0.07554502260765436,51.53568665,MultiPolygon
way,19248004,Copthall Playing Fields,green_space_parks,-0.22813056461123632,51.6017789,MultiPolygon
way,19605455,Whitehorse Open Space,green_space_parks,-0.03979845771201382,51.51627915,MultiPolygon
way,19621775,Wapping Woods,green_space_parks,-0.05624412949161986,51.508024899999995,MultiPolygon
way,19748095,Avondale Park,green_space_parks,-0.2124068662355433,51.510656499999996,MultiPolygon
way,19787039,Hampton Village Green,green_space_parks,-0.3689892764048519,51.415182099999996,MultiPolygon
way,19792194,Roundshaw Park Playing Fields,green_space_parks,-0.12294083707547163,51.35475965,MultiPolygon
way,19796961,Ashburton Park,green_space_parks,-0.06575066301783374,51.3853026,MultiPolygon
way,19801622,Coulsdon Memorial Ground,green_space_parks,-0.13419373395836579,51.315049099999996,MultiPolygon
way,19831109,Chester Road Park,green_space_parks,-0.4046123475953557,51.471105550000004,MultiPolygon
way,19836493,,green_space_parks,-0.4021654789438621,51.4508546,MultiPolygon
way,20610224,,green_space_parks,0.025064616104002492,51.5321991,MultiPolygon
way,21361182,Sir John McDougall Gardens,green_space_parks,-0.02673899487405057,51.497086800000005,MultiPolygon
way,21365057,Millwall Park,green_space_parks,-0.011437167864353563,51.4897816,MultiPolygon
way,22311489,Old Lyonian Association Sports Ground,green_space_parks,-0.35218372800401343,51.5862668,MultiPolygon
way,22376956,,green_space_parks,-0.38255042375420334,51.59371565,MultiPolygon
way,22377020,Pinner Memorial Park,green_space_parks,-0.38498627235781857,51.5927497,MultiPolygon
way,22380971,Roundshaw Park,green_space_parks,-0.13630596574972642,51.35084245,MultiPolygon
way,22492036,,green_space_parks,-0.26901614823205366,51.40704255,MultiPolygon
way,22583556,Hanworth Park,green_space_parks,-0.39695386509900343,51.439328700000004,MultiPolygon
way,22583557,,green_space_parks,-0.39844544970281004,51.4421497,MultiPolygon
way,22604626,,green_space_parks,-0.09031067094595072,51.4916935,MultiPolygon
way,22604638,Salisbury Row,green_space_parks,-0.0881002608142018,51.49227495,MultiPolygon
way,22605726,Doncaster Gardens,green_space_parks,-0.09529534791996865,51.5780381,MultiPolygon
way,22608405,Ducketts Common,green_space_parks,-0.10273157385168201,51.5885386,MultiPolygon
way,22608506,Green Gate Common,green_space_parks,-0.10123227717893706,51.58825125,MultiPolygon
way,22627972,Colindale Park,green_space_parks,-0.24892589305134183,51.5941993,MultiPolygon
way,22676936,Eardley Road Sidings Nature Reserve,green_space_parks,-0.1436425326193812,51.41614375,MultiPolygon
way,22676994,Oakleigh Way Recreation Ground,green_space_parks,-0.14789935856733732,51.41200515,MultiPolygon
way,22677309,Pollards Hill,green_space_parks,-0.1277355477037783,51.403139550000006,MultiPolygon
way,22696585,Acton Park,green_space_parks,-0.2599863461298129,51.50807064999999,MultiPolygon
way,22696907,Acton Green Common,green_space_parks,-0.26359169705882446,51.4954307,MultiPolygon
relation,18033155,Turnham Green,green_space_parks,-0.2643666768873385,51.49199885,MultiPolygon
way,22697257,Homefield Recreation Ground North,green_space_parks,-0.2492253808295128,51.48944015,MultiPolygon
way,22697284,St. Peter's Square,green_space_parks,-0.24397406886635564,51.49158735,MultiPolygon
way,22701133,Ravenscroft Park,green_space_parks,-0.0711349402097233,51.5290428,MultiPolygon
way,22702427,Carville Hall Park North,green_space_parks,-0.2957811944290978,51.492418400000005,MultiPolygon
way,22703168,Gunnersbury Park,green_space_parks,-0.29012004828244253,51.4963608,MultiPolygon
way,22710165,Southend Park,green_space_parks,-0.029702327053195067,51.426362299999994,MultiPolygon
way,22724899,Hervey Road Playing Field,green_space_parks,0.029536429425497557,51.47232475,MultiPolygon
way,22731267,Earl of Jersey's Field,green_space_parks,-0.34068628127990785,51.4976627,MultiPolygon
way,22731752,Glade Lane Canalside Park,green_space_parks,-0.361456332474863,51.503883450000004,MultiPolygon
way,22732439,Alexandra Millennium Green,green_space_parks,-0.28626792477186014,51.38648405,MultiPolygon
way,22747527,Athelstan Recreation Ground,green_space_parks,-0.29352937091530457,51.403611850000004,MultiPolygon
way,22793830,Cottons Park,green_space_parks,0.17260455316313184,51.57644085,MultiPolygon
way,22793879,Cottons Park,green_space_parks,0.1741756217114191,51.575492249999996,MultiPolygon
way,22793970,,green_space_parks,0.1559503202184815,51.5710852,MultiPolygon
way,22868553,Lawns Park,green_space_parks,0.16967244207317067,51.5968548,MultiPolygon
way,22870100,Goresbrook Park,green_space_parks,0.1427687880621694,51.53851665,MultiPolygon
way,22870140,Goresbrook Park,green_space_parks,0.14144141276733851,51.5355822,MultiPolygon
way,22895152,Nursery Row Park,green_space_parks,-0.09119694192242445,51.490235,MultiPolygon
way,22924457,Hampton Common,green_space_parks,-0.38290634572314475,51.43013455,MultiPolygon
way,22927041,Dickerage Recreation Ground,green_space_parks,-0.2749102634287127,51.407357149999996,MultiPolygon
way,22936245,Glebelands Open Space,green_space_parks,-0.41421866042601074,51.4542673,MultiPolygon
way,22936250,Glebelands Playing Fields Sport Zone,green_space_parks,-0.412954417336981,51.451904,MultiPolygon
way,22963996,Bedfont Park,green_space_parks,-0.4395860674487073,51.44712895,MultiPolygon
way,22963998,The Pitts,green_space_parks,-0.42778983614780763,51.44535775,MultiPolygon
way,22964036,,green_space_parks,-0.4361381780277812,51.445929050000004,MultiPolygon
way,22982459,Victory Community Park,green_space_parks,-0.09327928967172444,51.4931535,MultiPolygon
way,22990021,,green_space_parks,-0.39046549170255584,51.432172949999995,MultiPolygon
way,22990026,,green_space_parks,-0.38954306420187534,51.42806175,MultiPolygon
way,22990050,,green_space_parks,-0.38596876758327714,51.4313043,MultiPolygon
way,22990052,,green_space_parks,-0.38576470393847756,51.4322396,MultiPolygon
way,22999866,Ravenscroft Park,green_space_parks,-0.2089171907478427,51.6532363,MultiPolygon
way,23007192,Roundshaw Downs,green_space_parks,-0.12259502166586422,51.3497013,MultiPolygon
way,23018529,Thames Barrier Park,green_space_parks,0.03417006043406848,51.5006764,MultiPolygon
way,23023338,Dartmouth Park,green_space_parks,-0.13934615352082932,51.56140365,MultiPolygon
way,23023372,Platford Green,green_space_parks,0.22779034670644116,51.5796681,MultiPolygon
way,23023376,Girdlestone Park,green_space_parks,-0.13755595991713562,51.564738199999994,MultiPolygon
way,23035934,Cantelowes Gardens,green_space_parks,-0.13308656187461515,51.546888,MultiPolygon
way,23038296,,green_space_parks,-0.13740898469387608,51.346710099999996,MultiPolygon
way,23042200,,green_space_parks,0.23380087116357962,51.55138735,MultiPolygon
way,23051299,Harrow Lodge Park,green_space_parks,0.20446955250806673,51.55756925,MultiPolygon
way,23060032,Crane Park,green_space_parks,-0.37471721264499114,51.4432208,MultiPolygon
way,23063393,St James Park,green_space_parks,-0.03786837491447283,51.5770742,MultiPolygon
way,23066825,Grafton Square,green_space_parks,-0.1389171839898593,51.46433365,MultiPolygon
way,23072442,,green_space_parks,-0.3444609404497002,51.4401043,MultiPolygon
way,23084083,Radnor Gardens,green_space_parks,-0.33199454564939246,51.440486899999996,MultiPolygon
way,23084123,,green_space_parks,-0.05732067037372533,51.5053901,MultiPolygon
way,23089249,Chase Lane Park,green_space_parks,-0.02578192425755697,51.615166099999996,MultiPolygon
way,23094178,,green_space_parks,-0.32886344969361736,51.4845711,MultiPolygon
way,23094901,Wapping Green,green_space_parks,-0.05881632331080885,51.505596999999995,MultiPolygon
way,23095184,Wapping Gardens,green_space_parks,-0.06048299660244644,51.50454445,MultiPolygon
way,23095678,St John's Churchyard,green_space_parks,-0.06174014382407979,51.503807699999996,MultiPolygon
way,23104889,Basing Hill Park,green_space_parks,-0.20607487132602859,51.56799855,MultiPolygon
way,23105395,Finsbury Circus Gardens,green_space_parks,-0.08646816417193702,51.517853349999996,MultiPolygon
way,23107853,Heathfield Recreation Ground,green_space_parks,-0.37197229795109277,51.447455649999995,MultiPolygon
way,23109697,Cromwell Avenue Open Space,green_space_parks,-0.25107412979846166,51.39678495,MultiPolygon
way,23116469,,green_space_parks,-0.3119396950300216,51.6198976,MultiPolygon
way,23116647,The Butts,green_space_parks,-0.30930751727391265,51.484292249999996,MultiPolygon
way,23118684,Maryon Wilson Park,green_space_parks,0.04273300348680457,51.484767649999995,MultiPolygon
way,23127925,Blagdon Road Recreation Ground,green_space_parks,-0.25140949180529637,51.40001,MultiPolygon
way,23140382,Berkeley Meadows,green_space_parks,-0.41720264859813094,51.48264305,MultiPolygon
way,23140389,William Byrd Park,green_space_parks,-0.43920714487092855,51.489015300000005,MultiPolygon
way,23140399,Bolton's Lane Open Space,green_space_parks,-0.44418028565516465,51.48441415,MultiPolygon
way,23143066,,green_space_parks,0.1583730880295,51.54609395,MultiPolygon
way,23143067,,green_space_parks,0.16001807659475736,51.54428335,MultiPolygon
way,23152759,Blondin Park,green_space_parks,-0.3175824261011839,51.49616385,MultiPolygon
way,23164245,Goldington Crescent Gardens,green_space_parks,-0.13263842214696323,51.53524935,MultiPolygon
way,23167463,Higham Hill Recreation Ground,green_space_parks,-0.03755092596739097,51.5975483,MultiPolygon
way,23187283,,green_space_parks,-0.33038998367821637,51.45861655,MultiPolygon
way,23195980,Wandle Park,green_space_parks,-0.11163069886488686,51.37489665,MultiPolygon
way,23196081,Duppas Hill Recreation Ground,green_space_parks,-0.11074376206540645,51.36692105,MultiPolygon
way,23198774,The Highams Park,green_space_parks,0.013619058358625756,51.611650600000004,MultiPolygon
way,23206415,Mansfield Park,green_space_parks,-0.01488916096994711,51.6286694,MultiPolygon
way,23206441,Ridgeway Park,green_space_parks,-0.01005206092326787,51.625445,MultiPolygon
way,23227241,Drayton Green,green_space_parks,-0.326700010720672,51.51528725,MultiPolygon
way,23231897,St George's Gardens,green_space_parks,-0.12084149493155841,51.52610455,MultiPolygon
way,23235456,,green_space_parks,-0.43572754236272904,51.4865335,MultiPolygon
way,23236957,Stoneyfields Park,green_space_parks,-0.2631717268231971,51.62406515,MultiPolygon
way,23238674,Windsor Open Space,green_space_parks,-0.20895014702559045,51.59897225,MultiPolygon
way,23265377,,green_space_parks,-0.21481722903330402,51.3616116,MultiPolygon
way,23268752,Duke of Sussex Island,green_space_parks,-0.265048706188467,51.4964187,MultiPolygon
way,23388101,Feltham Green,green_space_parks,-0.41011402083585646,51.444713699999994,MultiPolygon
way,23404697,,green_space_parks,-0.41002626880490084,51.437338499999996,MultiPolygon
way,23452496,Ludlow Road Open Space,green_space_parks,-0.4165974973906901,51.43548565,MultiPolygon
way,23458104,Boston Manor Park,green_space_parks,-0.31881493032060015,51.49015685,MultiPolygon
way,23481209,Limes Green,green_space_parks,-0.16972855508689025,51.37874935,MultiPolygon
way,23481210,Dale Park,green_space_parks,-0.1637976837903553,51.3773041,MultiPolygon
way,23486372,Waterloo Millennium Green,green_space_parks,-0.10988026026303847,51.5015771,MultiPolygon
way,23497049,Queens Walk Children's Playground,green_space_parks,-0.3941813710325049,51.566782849999996,MultiPolygon
way,23497107,Brook Common,green_space_parks,-0.40099326066763297,51.5652409,MultiPolygon
way,23507814,,green_space_parks,-0.20513399660517845,51.5882267,MultiPolygon
way,23507836,,green_space_parks,-0.19625575310082038,51.5885167,MultiPolygon
way,23516979,Hanger Hill Park,green_space_parks,-0.29581557124415714,51.5249654,MultiPolygon
way,23517717,North Acton Playing Field,green_space_parks,-0.27099912435622886,51.52077225,MultiPolygon
way,23518364,Wesley Playing Fields,green_space_parks,-0.25903223986655965,51.532178,MultiPolygon
way,23518753,Trinity Way Open Space,green_space_parks,-0.248816499695671,51.5107998,MultiPolygon
way,23525773,Sunbeam Gardens,green_space_parks,-0.22131482060161725,51.5238035,MultiPolygon
way,23525815,Little Wormwood Scrubs,green_space_parks,-0.22862651967090153,51.52329005,MultiPolygon
way,23526046,,green_space_parks,-0.21981580314570406,51.5205798,MultiPolygon
way,23545171,Raleigh Park,green_space_parks,-0.42828480446507144,51.4424616,MultiPolygon
way,23546101,Grosvenor Park,green_space_parks,-0.41983109899208615,51.4438796,MultiPolygon
way,23549106,,green_space_parks,-0.4217881372074096,51.4387968,MultiPolygon
way,23551098,Nursery Green,green_space_parks,-0.3782536544117656,51.424785400000005,MultiPolygon
way,23556216,Cambridge Gardens,green_space_parks,-0.3063298776004387,51.45600505,MultiPolygon
way,23567194,Bridgwater Road Fields,green_space_parks,-0.4088388846029878,51.561764100000005,MultiPolygon
way,23591864,Powis Square,green_space_parks,-0.20137549669619914,51.51618955,MultiPolygon
way,23591871,Colville Square Gardens,green_space_parks,-0.2037664141544857,51.515727999999996,MultiPolygon
way,23600634,Meanwhile Gardens,green_space_parks,-0.20473638065617916,51.52372735,MultiPolygon
way,23614384,Shenley Park,green_space_parks,-0.41415798788857205,51.572631200000004,MultiPolygon
way,23621837,Bartlett Park,green_space_parks,-0.022603205035286202,51.515117000000004,MultiPolygon
way,23621838,,green_space_parks,-0.01711135787745871,51.5146907,MultiPolygon
way,23621840,Langdon Park,green_space_parks,-0.013393894256369169,51.5163345,MultiPolygon
way,23628320,Brook Common,green_space_parks,-0.3907357737725737,51.567857849999996,MultiPolygon
way,23628419,,green_space_parks,-0.3928221862675839,51.560088949999994,MultiPolygon
way,23660158,Dean Park,green_space_parks,-0.387618511511336,51.56029395,MultiPolygon
way,23680685,Furnivall Gardens,green_space_parks,-0.23252149638363317,51.490579999999994,MultiPolygon
way,23680892,Morden Park,green_space_parks,-0.21066262224288523,51.3913369,MultiPolygon
way,23687878,Land at Prebend Gardens,green_space_parks,-0.248409274428683,51.49708945,MultiPolygon
way,23688098,Carville Hall Park South,green_space_parks,-0.2966370279027112,51.49059655,MultiPolygon
way,23701583,,green_space_parks,-0.31325362368518594,51.48611115,MultiPolygon
way,23763092,,green_space_parks,-0.2378465735979836,51.4986838,MultiPolygon
way,23777668,St. Paul's Recreation Ground,green_space_parks,-0.3042757070746136,51.4854928,MultiPolygon
way,23809465,Northampton Square,green_space_parks,-0.10232099564620287,51.5273874,MultiPolygon
way,23824966,Green Dragon Lane Open Space,green_space_parks,-0.29418402602001537,51.4899652,MultiPolygon
way,23875651,Upper Norwood Recreation Ground,green_space_parks,-0.09190049677197529,51.4173592,MultiPolygon
way,23903865,Ropemakers Fields,green_space_parks,-0.03254973030309002,51.50973505,MultiPolygon
way,23905904,,green_space_parks,-0.30229226691865,51.48512505,MultiPolygon
way,23946211,St. George's Square,green_space_parks,-0.13449403351034656,51.48684325,MultiPolygon
way,23992321,Smithfield Rotunda Garden,green_space_parks,-0.10112652101439595,51.51847685,MultiPolygon
way,24002943,Holmesdale Tunnel Open Space,green_space_parks,-0.037757478628070815,51.682530549999996,MultiPolygon
way,24004528,,green_space_parks,-0.04543450755253761,51.67631555,MultiPolygon
way,24005216,Rammey Marsh,green_space_parks,-0.01609517030747156,51.67507075,MultiPolygon
way,24034914,Homefield Recreation Ground South,green_space_parks,-0.24841887042316269,51.488381399999994,MultiPolygon
way,24038071,Shaftesbury Park,green_space_parks,0.009480574461120796,51.42108005,MultiPolygon
way,24038527,Columbia Avenue Recreation Ground,green_space_parks,-0.4003660262426067,51.57545330000001,MultiPolygon
way,24168016,Allens Garden,green_space_parks,-0.07791662568937929,51.56819135,MultiPolygon
way,24215243,Piermont Green,green_space_parks,-0.06372061302354833,51.454820999999995,MultiPolygon
way,24217951,Bedfont Lakes Country Park.,green_space_parks,-0.4453288103407338,51.44257995,MultiPolygon
way,24224345,,green_space_parks,-0.005762697704612728,51.52905715,MultiPolygon
way,24226433,Bromley Recreation Ground,green_space_parks,-0.013292741314935764,51.5266213,MultiPolygon
way,24228419,Mudchute Park & Farm,green_space_parks,-0.011673064047988898,51.4920448,MultiPolygon
way,24257746,Kynaston Gardens,green_space_parks,-0.07441503371491863,51.56079995,MultiPolygon
way,24269914,Church Street Gardens,green_space_parks,-0.08523781237113476,51.56055155,MultiPolygon
way,24317105,Sidmouth Park,green_space_parks,-0.006903325943703919,51.5611507,MultiPolygon
way,24348984,St George's Gardens,green_space_parks,-0.058990472320934774,51.510153,MultiPolygon
way,24349166,King Edward Memorial Park,green_space_parks,-0.0486453218357883,51.5089245,MultiPolygon
way,24349986,Hermitage Riverside Memorial Garden,green_space_parks,-0.06753588809934945,51.50451045,MultiPolygon
way,24384627,,green_space_parks,-0.26061823044177773,51.49448695,MultiPolygon
way,24393003,Green Lane Recreation Ground,green_space_parks,-0.27496051536553345,51.398412199999996,MultiPolygon
way,24397742,St Mary's Churchyard,green_space_parks,-0.10185750328584875,51.492834200000004,MultiPolygon
way,24398168,,green_space_parks,-0.10619625102041186,51.48972985,MultiPolygon
way,24398443,Cleaver Square,green_space_parks,-0.10867819195044748,51.4877248,MultiPolygon
way,24420060,Coppermill Fields,green_space_parks,-0.051033923914729176,51.5740426,MultiPolygon
way,24420121,WaterWorks Centre Field,green_space_parks,-0.032261569859186386,51.5628136,MultiPolygon
way,24420227,Twyford Crescent Gardens,green_space_parks,-0.2808951780233808,51.5087392,MultiPolygon
way,24420948,Victoria Park,green_space_parks,-0.18399143833528678,51.6031621,MultiPolygon
way,24420949,Victoria Park,green_space_parks,-0.18423533251099528,51.60537085,MultiPolygon
way,24448371,Waterman's Green,green_space_parks,-0.2146175972374949,51.466349750000006,MultiPolygon
way,24462207,,green_space_parks,-0.13049341821862256,51.56765705,MultiPolygon
way,24469634,,green_space_parks,-0.030422533758659498,51.507475150000005,MultiPolygon
way,24470975,Gosling Gardens,green_space_parks,-0.058516913211591304,51.51311155,MultiPolygon
way,24485101,Harvard Hill Recreation Ground,green_space_parks,-0.27560541219217627,51.48853815,MultiPolygon
way,24492053,Sir Joseph Hood Memorial Playing Fields,green_space_parks,-0.23762590374192702,51.3914596,MultiPolygon
way,24500839,St John's Park,green_space_parks,-0.009957428225684638,51.4967331,MultiPolygon
way,24525350,,green_space_parks,-0.22278257569613247,51.37285685,MultiPolygon
way,24525857,,green_space_parks,-0.20968262151162836,51.37501335,MultiPolygon
way,24532778,Collingwood Recreation Ground,green_space_parks,-0.2038951863421006,51.3686144,MultiPolygon
way,24532905,Sutton Green,green_space_parks,-0.19523837351775825,51.37092015,MultiPolygon
way,24545722,,green_space_parks,-0.10840860248473921,51.5300589,MultiPolygon
way,24546137,,green_space_parks,-0.10118100952027195,51.538299550000005,MultiPolygon
way,24546834,The Knoll,green_space_parks,0.014190613368153727,51.3764812,MultiPolygon
way,24549553,Baron Fields,green_space_parks,-0.17312348891690166,51.399504500000006,MultiPolygon
way,24552525,,green_space_parks,-0.22256195605869278,51.383583200000004,MultiPolygon
way,24585005,Mayflower Park,green_space_parks,-0.23292386366154738,51.38553725,MultiPolygon
way,24597961,Alexandra Recreation Ground,green_space_parks,-0.04971854668531672,51.4214975,MultiPolygon
way,24642114,Smiths Farm,green_space_parks,-0.3655275795305316,51.5376943,MultiPolygon
way,24642284,Perivale Park,green_space_parks,-0.3427230884006984,51.5304141,MultiPolygon
way,24695282,Bernie Spain Gardens (North Park),green_space_parks,-0.10928172187797648,51.5078692,MultiPolygon
relation,13519109,Bernie Spain Gardens,green_space_parks,-0.10928172187797648,51.5078692,MultiPolygon
way,24695291,Bernie Spain Gardens (South Park),green_space_parks,-0.10899551512213322,51.50720535,MultiPolygon
way,24705120,,green_space_parks,-0.3313248547958245,51.4738517,MultiPolygon
way,24705299,Gooseley Playing Field,green_space_parks,0.06569820960086417,51.5237156,MultiPolygon
way,24707432,Brampton Park,green_space_parks,0.047675607095618425,51.5239607,MultiPolygon
way,24707433,Central Park,green_space_parks,0.052358948809853284,51.5293822,MultiPolygon
way,24707534,Upperton Road Park,green_space_parks,0.035420735358164944,51.5275849,MultiPolygon
way,24722251,Stratford Park,green_space_parks,0.006891728692862567,51.53830055,MultiPolygon
way,24750963,Wolf Fields Park,green_space_parks,-0.37488766793339534,51.4952277,MultiPolygon
way,24773081,Warren Park,green_space_parks,-0.17904426496986403,51.3608063,MultiPolygon
way,24776691,The Lawns,green_space_parks,-0.09112755049039452,51.41118745,MultiPolygon
way,24797779,,green_space_parks,-0.18744430709684845,51.621331299999994,MultiPolygon
way,24798133,Woodford Green,green_space_parks,0.02407962103878284,51.6118469,MultiPolygon
way,24817859,Chiswick Village Green,green_space_parks,-0.2780330249172406,51.487700450000006,MultiPolygon
way,24831413,,green_space_parks,-0.06997300806451741,51.487174499999995,MultiPolygon
way,24842201,Fishponds Park,green_space_parks,-0.2935393396930717,51.387231799999995,MultiPolygon
way,24917354,Horsenden Lower Thrifts Field,green_space_parks,-0.32600069558022704,51.54140975,MultiPolygon
way,24938849,St. Matthew's Church Gardens,green_space_parks,-0.11595464847118073,51.4599125,MultiPolygon
way,25009166,Lord Halsbury Memorial Playing Field,green_space_parks,-0.3840584379372903,51.55082325,MultiPolygon
way,25020240,Ravenor Park,green_space_parks,-0.3570439920494187,51.53043965,MultiPolygon
way,25028514,Brent Lodge Park (Bunny Park),green_space_parks,-0.34850570235144285,51.513080349999996,MultiPolygon
way,25035359,Northala Fields,green_space_parks,-0.3742614300821146,51.54003155,MultiPolygon
way,25036079,Greenford Lagoons,green_space_parks,-0.3557455683653902,51.5374827,MultiPolygon
way,25048589,,green_space_parks,-0.0209133118038123,51.48789845,MultiPolygon
way,25048593,,green_space_parks,-0.02316057150164931,51.48884185,MultiPolygon
way,25051764,,green_space_parks,-0.4101734398847768,51.563282900000004,MultiPolygon
way,25092436,New Southgate Recreation Ground,green_space_parks,-0.14696715055275128,51.62128125,MultiPolygon
way,25116746,Peabody Hill Wood,green_space_parks,-0.10238685743204418,51.44548265,MultiPolygon
way,25210579,Grangewood Park,green_space_parks,-0.08949394185472564,51.4031598,MultiPolygon
way,25319152,Fox Hill Playing Field,green_space_parks,-0.07847587621543715,51.4153565,MultiPolygon
way,25335162,Elmhurst Gardens,green_space_parks,0.030348019972092556,51.5966806,MultiPolygon
way,25338102,"The Green, East Acton",green_space_parks,-0.2521447175944794,51.51783745,MultiPolygon
way,25366365,Cathnor Park,green_space_parks,-0.2367519619941139,51.5026417,MultiPolygon
way,25396240,Churchfields,green_space_parks,0.025445864696074537,51.59902545,MultiPolygon
way,25396575,Ray Park,green_space_parks,0.045115893252710135,51.60870905,MultiPolygon
way,25396845,Whitbread Playing Fields,green_space_parks,0.04645354706542128,51.613396800000004,MultiPolygon
way,25452770,Albert Embankment Gardens,green_space_parks,-0.12309130890275738,51.489818400000004,MultiPolygon
way,25461953,Fox Hill Green,green_space_parks,-0.07606291597909655,51.41452205,MultiPolygon
way,25502084,,green_space_parks,-0.44003654244864276,51.56263465000001,MultiPolygon
way,25536184,Hellings Street Open Space,green_space_parks,-0.0654931227644872,51.5045789,MultiPolygon
way,25600490,Selby Green,green_space_parks,-0.17052189083904334,51.3869363,MultiPolygon
way,25600901,,green_space_parks,-0.17735931554936268,51.383779399999995,MultiPolygon
way,25605582,Brook Green,green_space_parks,-0.21984829471293557,51.49609585,MultiPolygon
way,25644455,Langthorne Park,green_space_parks,0.0041183928018437375,51.55597265,MultiPolygon
way,25644456,Jubilee Gardens,green_space_parks,0.005598923764044882,51.5548614,MultiPolygon
way,25644468,,green_space_parks,0.0015934275834793656,51.550842700000004,MultiPolygon
way,25644469,Chandos Road Open Space,green_space_parks,-0.0009989289297657135,51.5507269,MultiPolygon
way,25654294,Kinloch Gardens,green_space_parks,-0.1131765807677575,51.55943525,MultiPolygon
way,25654296,,green_space_parks,-0.11159916785917268,51.558492799999996,MultiPolygon
way,25670559,Keir Hardie Park,green_space_parks,0.015668129443464247,51.511846,MultiPolygon
way,25690215,,green_space_parks,-0.1718838073764443,51.3861377,MultiPolygon
way,25691050,Heavers Meadow,green_space_parks,-0.08531262238259343,51.3922868,MultiPolygon
way,25701057,Barnes Green,green_space_parks,-0.24635550949703677,51.4726749,MultiPolygon
way,25732751,Luxmore Gardens,green_space_parks,-0.0319554465786723,51.4710992,MultiPolygon
way,25732805,Friendly Gardens,green_space_parks,-0.02755318859227955,51.4705888,MultiPolygon
way,25732846,Brookmill Park,green_space_parks,-0.020190808787041367,51.47020525,MultiPolygon
way,25732879,Fordham Park,green_space_parks,-0.035978967030965425,51.4774114,MultiPolygon
way,25755924,Croydon Road Recreation Ground,green_space_parks,-0.03285431954261968,51.4039018,MultiPolygon
way,25756980,Consort Park,green_space_parks,-0.061149519365453014,51.4684394,MultiPolygon
way,25757026,Dr Harold Moody Park,green_space_parks,-0.061203028513972184,51.46751805,MultiPolygon
way,25757099,Nunhead Green,green_space_parks,-0.058507669437940335,51.46544635,MultiPolygon
way,25786204,The Green,green_space_parks,0.020113055364215232,51.60612225,MultiPolygon
way,25799965,Homerton Grove,green_space_parks,-0.04345093346557104,51.5496828,MultiPolygon
way,25800420,Daubeney Fields,green_space_parks,-0.03624876486541666,51.55387335,MultiPolygon
way,25818589,Windmill Gardens,green_space_parks,-0.12356994856582532,51.453514049999995,MultiPolygon
way,25839033,Richmond Riverside,green_space_parks,-0.3069655436678921,51.458292549999996,MultiPolygon
way,25873717,Lyle Park,green_space_parks,0.023653724089178395,51.500169,MultiPolygon
way,25906634,Canning Town Recreation Ground,green_space_parks,0.03012322756645855,51.51591585,MultiPolygon
way,25929041,Britannia Village Green,green_space_parks,0.02428673522237214,51.50356965,MultiPolygon
way,25929429,,green_space_parks,0.025046476696393864,51.5026891,MultiPolygon
way,25929506,Beaulieu Heights,green_space_parks,-0.08352487956907279,51.409277700000004,MultiPolygon
way,25948069,St. John's Churchyard,green_space_parks,-0.07859916545746115,51.502108500000006,MultiPolygon
way,25948352,Tanner Street Park,green_space_parks,-0.08043586251091153,51.500083700000005,MultiPolygon
way,25948796,Leathermarket Gardens,green_space_parks,-0.08399941815454909,51.5008938,MultiPolygon
way,25982383,Folkestone Gardens,green_space_parks,-0.04047778322014356,51.48349155,MultiPolygon
way,26013867,Swedenborg Gardens,green_space_parks,-0.06406888894217597,51.5098829,MultiPolygon
way,26134832,,green_space_parks,-0.43770061375877334,51.566103,MultiPolygon
way,26148145,Bramcote Nature,green_space_parks,-0.05629541651253123,51.48558645,MultiPolygon
way,26149511,,green_space_parks,-0.46875971214193624,51.580954399999996,MultiPolygon
way,26163279,Bermondsey Spa Gardens,green_space_parks,-0.07477198499575739,51.4947842,MultiPolygon
way,26164660,Shuttleworth Park,green_space_parks,-0.061100657829294594,51.491767550000006,MultiPolygon
way,26248229,Tabard Gardens,green_space_parks,-0.08911105737899777,51.498615799999996,MultiPolygon
way,26283654,Springfield Gardens,green_space_parks,-0.2719271076156168,51.51128185,MultiPolygon
way,26294080,,green_space_parks,-0.06692179146674918,51.49695405,MultiPolygon
way,26304549,Weymouth Terrace,green_space_parks,-0.0722720231249101,51.53330699999999,MultiPolygon
way,26365357,Friars Gardens,green_space_parks,-0.2612496919159174,51.51484515,MultiPolygon
way,26365391,St Dunstans Gardens,green_space_parks,-0.2620986882118388,51.51356989999999,MultiPolygon
way,26455154,Holmewood Gardens,green_space_parks,-0.12156452793884266,51.4465524,MultiPolygon
way,26464516,Rush Common,green_space_parks,-0.12344932519519107,51.4483868,MultiPolygon
way,26483951,Linear Park,green_space_parks,0.002204151138790801,51.562245250000004,MultiPolygon
way,26487126,Sunray Gardens,green_space_parks,-0.09148083223358275,51.45672825,MultiPolygon
way,26514496,Bedfont Lakes Country Park,green_space_parks,-0.43648573485684306,51.442916100000005,MultiPolygon
relation,16341813,Valentines Park,green_space_parks,0.07140120132868794,51.5690849,MultiPolygon
way,26521899,Brenchley Gardens,green_space_parks,-0.054362443263944515,51.4518597,MultiPolygon
way,26538012,Winsford Gardens,green_space_parks,-0.056273458971168554,51.409359800000004,MultiPolygon
way,26538261,Montpelier Gardens,green_space_parks,-0.13466465789974574,51.5528298,MultiPolygon
way,26576462,Palace Road Nature Gardens,green_space_parks,-0.11864386411116803,51.4414833,MultiPolygon
way,26595561,Addiscombe Railway Park,green_space_parks,-0.07668694029828886,51.3831167,MultiPolygon
way,26595608,Brunswick Park,green_space_parks,-0.0858656232273527,51.475618999999995,MultiPolygon
way,26596101,Rochester Terrace Gardens,green_space_parks,-0.1387467242477427,51.5449062,MultiPolygon
way,26597002,,green_space_parks,-0.11731763291736871,51.37995875,MultiPolygon
way,26600012,Queen's Gardens,green_space_parks,-0.09767222472249934,51.3720191,MultiPolygon
way,26638643,Cossall Park,green_space_parks,-0.062355339870549586,51.47207965,MultiPolygon
way,26717682,Oakley Square Gardens,green_space_parks,-0.13620941131059006,51.53403165,MultiPolygon
way,26726858,Canbury Gardens,green_space_parks,-0.30563059667487563,51.417250100000004,MultiPolygon
way,26760210,Pedlar's Park,green_space_parks,-0.11999135679021364,51.490975399999996,MultiPolygon
relation,13506265,Pedlar's Park,green_space_parks,-0.11999135679021364,51.490975399999996,MultiPolygon
way,26760404,Pedlar's Park,green_space_parks,-0.11928603280400984,51.49152685,MultiPolygon
way,26784740,Hillingdon Court Park,green_space_parks,-0.4558550977655417,51.54470980000001,MultiPolygon
way,26784866,Cumberland Market,green_space_parks,-0.14261573210319284,51.5292154,MultiPolygon
relation,2468782,Hampstead Road Open Space,green_space_parks,-0.13942727488082246,51.5301598,MultiPolygon
way,26785027,,green_space_parks,-0.4644989145604342,51.550702650000005,MultiPolygon
way,26797632,Warwick Dene,green_space_parks,-0.2953204496425689,51.50802215,MultiPolygon
way,26838538,Purchese Street Open Space,green_space_parks,-0.12956012537663397,51.53256665000001,MultiPolygon
way,26976369,Dundonald Recreation Ground,green_space_parks,-0.2098126980209456,51.415228299999995,MultiPolygon
way,26980313,Charles Square,green_space_parks,-0.08458322366747689,51.5270972,MultiPolygon
way,26987465,Wellington Park,green_space_parks,0.07405037235290174,51.493441950000005,MultiPolygon
way,26997773,,green_space_parks,-0.10265851647116364,51.488689750000006,MultiPolygon
way,27005740,,green_space_parks,-0.16670975748020295,51.52540645,MultiPolygon
way,27066213,,green_space_parks,0.017883818139168232,51.532239950000005,MultiPolygon
way,27162611,Arundel Close Open Space,green_space_parks,-0.3623775150485911,51.426711100000006,MultiPolygon
way,27162633,Holly Road Recreation Ground,green_space_parks,-0.3611597895373852,51.4250634,MultiPolygon
way,27230484,Leader's Gardens,green_space_parks,-0.22237244687350355,51.470665249999996,MultiPolygon
way,27236826,Broadley Street Gardens,green_space_parks,-0.1693518849431343,51.5222172,MultiPolygon
way,27245076,Eltham Park South,green_space_parks,0.06842431320836084,51.455567,MultiPolygon
way,27273406,Churchfields Recreation Ground,green_space_parks,-0.04544078956288793,51.405010149999995,MultiPolygon
way,27292923,,green_space_parks,-0.09761354583670157,51.541333800000004,MultiPolygon
way,27334064,,green_space_parks,-0.09803798116581622,51.541189700000004,MultiPolygon
way,27363252,Heathbrook Park,green_space_parks,-0.1422493747502973,51.47103775,MultiPolygon
way,27368405,The Glade,green_space_parks,0.2578941598142164,51.518444200000005,MultiPolygon
way,27415380,Elam Street Open Space,green_space_parks,-0.10252420780184288,51.469181649999996,MultiPolygon
way,27415463,Milkwood Community Park,green_space_parks,-0.10078081208238014,51.46084165,MultiPolygon
way,27469296,Brimmington Park,green_space_parks,-0.05504920230669285,51.47824575,MultiPolygon
way,27485237,,green_space_parks,-0.18016967483456772,51.3898166,MultiPolygon
way,27524220,Bollo Brook Park,green_space_parks,-0.27343475766640435,51.501997450000005,MultiPolygon
way,27524511,Mill Hill Gardens,green_space_parks,-0.2773406565028593,51.50417385,MultiPolygon
way,27524734,The Woodlands,green_space_parks,-0.2746425199599686,51.50739565,MultiPolygon
way,27525075,Mill Hill Park,green_space_parks,-0.2706636222073751,51.504424,MultiPolygon
way,27547874,,green_space_parks,-0.1053054206197406,51.5398722,MultiPolygon
way,27548053,Gibson Square,green_space_parks,-0.10564361434862857,51.53811575,MultiPolygon
way,27548055,Lonsdale Square Garden,green_space_parks,-0.10822273716952624,51.53968705,MultiPolygon
way,27693840,Gibbons Recreation Ground,green_space_parks,-0.2575369610478136,51.54858175,MultiPolygon
way,27713379,,green_space_parks,-0.2691505508020916,51.54328475,MultiPolygon
way,27719591,Tubbs Road Pocket Park,green_space_parks,-0.24496830417763266,51.532949099999996,MultiPolygon
way,27719623,,green_space_parks,-0.256881778802462,51.53697135,MultiPolygon
way,27723345,,green_space_parks,-0.25047134531925247,51.548377450000004,MultiPolygon
way,27739111,,green_space_parks,-0.1747698347493083,51.6696769,MultiPolygon
way,27743411,,green_space_parks,-0.2470576038589087,51.54248125,MultiPolygon
way,27747268,Abbey Estate Open Space,green_space_parks,-0.2891741377388744,51.53616665,MultiPolygon
way,27758643,Long Bolstead Recreation Ground,green_space_parks,-0.14713504140418995,51.4084141,MultiPolygon
way,27784934,Quainton Street Open Space,green_space_parks,-0.26093131096595756,51.562846199999996,MultiPolygon
way,27815140,Arundel Square,green_space_parks,-0.11013244458711799,51.54487675,MultiPolygon
way,27815149,Laycock Green,green_space_parks,-0.10531005371824853,51.5449959,MultiPolygon
way,27815157,St Mary Magdalene Gardens,green_space_parks,-0.10850521679474454,51.54807425,MultiPolygon
way,27817977,,green_space_parks,-0.3143229676619702,51.557854750000004,MultiPolygon
way,27826352,,green_space_parks,-0.42443482533895455,51.540192399999995,MultiPolygon
way,27826764,Plashet Park,green_space_parks,0.0459248960977925,51.5410831,MultiPolygon
way,27833625,Wood Green Common,green_space_parks,-0.11641056719329038,51.596416649999995,MultiPolygon
way,27870732,Bittacy Hill Park,green_space_parks,-0.21512976170358641,51.61063435,MultiPolygon
way,27887212,Mark Street Gardens,green_space_parks,-0.08309330324451321,51.524241399999994,MultiPolygon
way,27929742,Barnsbury Square,green_space_parks,-0.1106734383781973,51.541841149999996,MultiPolygon
way,28102740,Bessborough Gardens,green_space_parks,-0.1306852886697349,51.4886853,MultiPolygon
way,28117054,Millennium Green,green_space_parks,-0.00856722706329921,51.50952545,MultiPolygon
way,28180493,Lavender Park,green_space_parks,-0.17082213802260304,51.412400149999996,MultiPolygon
way,28237063,Horniman Triangle,green_space_parks,-0.06310233079694079,51.43968984999999,MultiPolygon
way,28290002,The Mill Field,green_space_parks,-0.2364143898219006,51.621830599999996,MultiPolygon
way,28315786,Moreton Green,green_space_parks,-0.18381489164729187,51.3905596,MultiPolygon
way,28418911,Channel 4 Park,green_space_parks,-0.13224636777795357,51.495853499999996,MultiPolygon
way,28447372,Miles Road Recreation Ground,green_space_parks,-0.17043890448885185,51.4050642,MultiPolygon
way,28458041,Wellington Road Open Space,green_space_parks,0.01821560132576776,51.550630999999996,MultiPolygon
way,28469304,Goddington Park,green_space_parks,0.11443872673165816,51.3671455,MultiPolygon
way,28476415,Grassmeade Recreation Ground,green_space_parks,0.11603637417021703,51.380011100000004,MultiPolygon
way,28586304,Purley Way Playing Fields,green_space_parks,-0.11294590080296851,51.353064149999994,MultiPolygon
way,28588893,Plaistow Park,green_space_parks,0.025760030515630604,51.526855350000005,MultiPolygon
way,28817103,Jack Cornwell Park,green_space_parks,-0.012042687549874193,51.56971045,MultiPolygon
way,28834580,Henry Reynolds Gardens,green_space_parks,0.017036150882776043,51.570361649999995,MultiPolygon
way,28849449,Wanstead Flats,green_space_parks,0.019989898365419555,51.5709376,MultiPolygon
way,28966973,Christ Church Garden,green_space_parks,-0.10525717189072395,51.506159100000005,MultiPolygon
way,28968606,Moorhall Recreation Ground,green_space_parks,-0.4835614151628416,51.5894531,MultiPolygon
way,28982203,Harmondsworth Moor,green_space_parks,-0.4854393675596819,51.4913231,MultiPolygon
way,29058047,De Beauvoir Square,green_space_parks,-0.07876704229299987,51.54123305,MultiPolygon
way,29076000,,green_space_parks,-0.10008741747598054,51.5082034,MultiPolygon
way,29132945,Leyton Manor Park,green_space_parks,-0.014237721136882816,51.572222350000004,MultiPolygon
way,29214836,Little Ilford Park,green_space_parks,0.06667280538277182,51.5511338,MultiPolygon
way,29215847,Priory Park,green_space_parks,0.04197249772056181,51.534328200000004,MultiPolygon
way,29256941,Beverley Park,green_space_parks,-0.2462360070391601,51.403896200000005,MultiPolygon
way,29360805,Pasley Park,green_space_parks,-0.10085046793993614,51.4862491,MultiPolygon
way,29429448,Crane Park,green_space_parks,-0.3584469480822091,51.4423633,MultiPolygon
way,29616152,Lister Gardens,green_space_parks,0.01760245026663609,51.528680300000005,MultiPolygon
way,29906736,Barley Lane Recreation Ground,green_space_parks,0.11322780318591244,51.56764045,MultiPolygon
way,30049289,Royal Northern Gardens,green_space_parks,-0.12132575535897003,51.5610693,MultiPolygon
way,30073418,Thornhill Road Gardens,green_space_parks,-0.11045999591836733,51.53895705,MultiPolygon
relation,19117130,Barnard Park,green_space_parks,-0.11228355188077754,51.537188099999995,MultiPolygon
way,30118188,Hathaway Crescent Park,green_space_parks,0.061328672135355575,51.544676100000004,MultiPolygon
way,30131571,Whitfield Gardens,green_space_parks,-0.13517961771531217,51.520904900000005,MultiPolygon
way,30170658,Crystal Palace Park,green_space_parks,-0.07004286033845322,51.421387800000005,MultiPolygon
way,30193011,,green_space_parks,-0.10791314028569618,51.5435169,MultiPolygon
way,30197879,,green_space_parks,-0.1185036,51.54142675,MultiPolygon
way,30197882,,green_space_parks,-0.11950064662902068,51.540654599999996,MultiPolygon
way,30197885,,green_space_parks,-0.1183714,51.54062505,MultiPolygon
way,30197887,,green_space_parks,-0.11950829600743271,51.5400486,MultiPolygon
way,30197889,,green_space_parks,-0.11845509999999956,51.5401064,MultiPolygon
way,30197892,,green_space_parks,-0.11819169647884312,51.539692099999996,MultiPolygon
way,30197898,,green_space_parks,-0.12037417443311679,51.5406534,MultiPolygon
way,30197903,Bingfield Park,green_space_parks,-0.12105814451197794,51.5395914,MultiPolygon
way,30198802,,green_space_parks,-0.1090178853210852,51.540716,MultiPolygon
way,30199418,,green_space_parks,-0.1074941262150283,51.54307815,MultiPolygon
way,30199951,,green_space_parks,-0.11959059536613659,51.541164050000006,MultiPolygon
way,30221349,Highgate Woods Fields,green_space_parks,-0.1512891185921687,51.581523250000004,MultiPolygon
way,30240983,,green_space_parks,-0.11847955637512866,51.5412207,MultiPolygon
way,30240984,,green_space_parks,-0.11891120630491897,51.5409909,MultiPolygon
way,30248173,,green_space_parks,-0.1264987502098539,51.557576,MultiPolygon
way,30248353,,green_space_parks,-0.1230637,51.55533725,MultiPolygon
way,30248974,Penn Road Gardens,green_space_parks,-0.11831972560663631,51.553778550000004,MultiPolygon
way,30249257,Biddestone Park,green_space_parks,-0.11484908275456508,51.5539622,MultiPolygon
way,30249307,,green_space_parks,-0.12353081436934471,51.5550834,MultiPolygon
way,30249308,,green_space_parks,-0.12383680000000277,51.55480355,MultiPolygon
way,30264407,Roe Green Park,green_space_parks,-0.2713561072287646,51.5865082,MultiPolygon
way,30313502,Gray's Inn Gardens,green_space_parks,-0.10701258080812054,51.5173911,MultiPolygon
way,30364292,Loxford Park,green_space_parks,0.08138178030360693,51.54834355,MultiPolygon
way,30409859,Calypso Gardens,green_space_parks,-0.07794111323800776,51.47934975,MultiPolygon
way,30495988,Andersons Square,green_space_parks,-0.10216995000000105,51.5371283,MultiPolygon
way,30575228,,green_space_parks,-0.1142209005674237,51.52924145,MultiPolygon
way,30580392,Joseph Grimaldi Park,green_space_parks,-0.11490506233463074,51.53190955,MultiPolygon
way,30610284,,green_space_parks,-0.10704276503940671,51.51784775,MultiPolygon
way,30613392,Lincoln's Inn Fields,green_space_parks,-0.11656663355706372,51.5162327,MultiPolygon
way,30688129,,green_space_parks,-0.09996234544741753,51.54366795,MultiPolygon
way,30691666,,green_space_parks,-0.10087727718923485,51.543507,MultiPolygon
way,30692451,,green_space_parks,-0.10231319299944776,51.54218615,MultiPolygon
way,30694818,Barking Road Recreation Ground,green_space_parks,0.06516846370558614,51.53498865,MultiPolygon
way,30843961,Martin Luther King Adventure Playground,green_space_parks,-0.1107071495906252,51.547982000000005,MultiPolygon
way,30899212,Stanley Road Open Space,green_space_parks,-0.09767145127077295,51.58541755,MultiPolygon
way,30899218,Stanley Culross Open Space,green_space_parks,-0.0963206937002864,51.586283800000004,MultiPolygon
way,30901942,Wray Crescent,green_space_parks,-0.11775830745835543,51.56636865,MultiPolygon
way,31104726,,green_space_parks,-0.10592983229972495,51.543294149999994,MultiPolygon
way,31172607,Guy Street Park,green_space_parks,-0.08650949075587198,51.50165455,MultiPolygon
way,31177510,Bird-in-Bush Park,green_space_parks,-0.06297623562632282,51.4797598,MultiPolygon
way,31178514,,green_space_parks,-0.06281380383765281,51.4816551,MultiPolygon
way,31179083,Stave Hill Ecology Park,green_space_parks,-0.03985419244559839,51.50217455,MultiPolygon
way,31179371,Cator Park,green_space_parks,-0.0403321377766926,51.41428905,MultiPolygon
way,31316009,Uphall Recreation Ground,green_space_parks,0.06932060005838836,51.553245,MultiPolygon
way,31339877,Harefield Village Green,green_space_parks,-0.48048836808760415,51.60473275,MultiPolygon
way,31435269,Paddington Street Gardens North,green_space_parks,-0.15469401639515473,51.5209008,MultiPolygon
way,31511102,Hatfields Green,green_space_parks,-0.10693425506506593,51.505650599999996,MultiPolygon
way,31697733,,green_space_parks,-0.11305549356973736,51.54544315,MultiPolygon
way,31697735,,green_space_parks,-0.11275727378118566,51.5450971,MultiPolygon
way,31697747,,green_space_parks,-0.11156835259505621,51.544646900000004,MultiPolygon
way,31864947,Sandal Street Play Area,green_space_parks,0.004117669351224354,51.5356903,MultiPolygon
way,31874270,,green_space_parks,0.023233277139031415,51.51974835,MultiPolygon
way,31876862,,green_space_parks,0.03107070286887126,51.525912000000005,MultiPolygon
way,32137074,Culpeper Park,green_space_parks,-0.10954725277814621,51.534570349999996,MultiPolygon
way,32261546,,green_space_parks,-0.14269510020979065,51.52643335,MultiPolygon
way,32612739,Lloyd Park,green_space_parks,-0.02132880318372663,51.5938883,MultiPolygon
way,32623495,Manor House Gardens,green_space_parks,0.004873350142229182,51.45612,MultiPolygon
way,32623855,Raleigh Road Recreation Ground,green_space_parks,-0.29057246255924324,51.468515249999996,MultiPolygon
way,32730019,Poverest Park,green_space_parks,0.09654366681443126,51.3850698,MultiPolygon
way,32730038,,green_space_parks,0.10709884570915584,51.3886275,MultiPolygon
way,32853852,,green_space_parks,-0.11594358772110568,51.58455295,MultiPolygon
way,32853878,St Mary's Churchyard Hornsey,green_space_parks,-0.11554637429435491,51.58721655,MultiPolygon
way,32863520,Priory Common,green_space_parks,-0.1278712866071428,51.58691185,MultiPolygon
way,32865592,Redcliffe Square Gardens,green_space_parks,-0.18834649130808845,51.4881806,MultiPolygon
way,32866114,York House Gardens,green_space_parks,-0.32335711001052114,51.44745185,MultiPolygon
way,32912553,St Mark's Churchyard,green_space_parks,-0.11189294670501476,51.48140755,MultiPolygon
way,32982369,Fortune Street Park,green_space_parks,-0.09384701093508369,51.5221262,MultiPolygon
way,33182004,,green_space_parks,-0.22778941473518954,51.515428400000005,MultiPolygon
way,33450168,,green_space_parks,-0.024374008632953883,51.40948505,MultiPolygon
way,33460565,Shaftesbury Playing Fields,green_space_parks,-0.3779999619534864,51.610653400000004,MultiPolygon
way,33694193,Mostyn Gardens,green_space_parks,-0.20287309639082773,51.403223999999994,MultiPolygon
way,33743209,Claremont Gardens,green_space_parks,-0.30448723233152064,51.395681550000006,MultiPolygon
way,33832648,,green_space_parks,-0.2164923544224232,51.5070904,MultiPolygon
way,33888600,Silk Stream Park,green_space_parks,-0.2615216469432227,51.6003052,MultiPolygon
way,33888713,Grahame Park Open Space,green_space_parks,-0.24787519565796584,51.602041799999995,MultiPolygon
way,34022680,Foxham Gardens,green_space_parks,-0.1312981355173554,51.5597228,MultiPolygon
way,34039523,Star Park,green_space_parks,0.00797818858663243,51.519463599999995,MultiPolygon
way,34039724,Malmesbury Road Park,green_space_parks,0.008173806701171203,51.516858,MultiPolygon
way,34065881,Arlington Square,green_space_parks,-0.09236816999419782,51.535824649999995,MultiPolygon
way,34082365,,green_space_parks,-0.09714727165605988,51.5354275,MultiPolygon
way,34083497,King Square Gardens,green_space_parks,-0.09877036506903794,51.5273788,MultiPolygon
way,34115411,Cornwallis Square,green_space_parks,-0.12414902667159419,51.5645399,MultiPolygon
way,34150601,Maxilla Walk,green_space_parks,-0.21513697450007857,51.5167002,MultiPolygon
way,34182069,St Luke's Garden,green_space_parks,-0.09437904036978675,51.5259261,MultiPolygon
way,34182313,Radnor Street Open Space,green_space_parks,-0.0931342596698452,51.52617935,MultiPolygon
way,34203727,Pullens Open Space,green_space_parks,-0.09968428977216481,51.4891686,MultiPolygon
way,34227493,Norland North Open Space,green_space_parks,-0.21732391594957087,51.50870045,MultiPolygon
way,34730598,South Park Gardens,green_space_parks,-0.19862722786458287,51.42233065,MultiPolygon
way,34750460,Biggin Woods,green_space_parks,-0.10771678659007969,51.41557295,MultiPolygon
way,34777241,Church House Gardens,green_space_parks,0.012724173861824482,51.4033418,MultiPolygon
way,34831970,Cambridge Gardens,green_space_parks,-0.19362783744697348,51.534128499999994,MultiPolygon
way,34858462,Barn Elms Playing Fields,green_space_parks,-0.2353493588921699,51.47423055,MultiPolygon
way,34858483,Barn Elms Sports Centre,green_space_parks,-0.22851924073775765,51.47372935,MultiPolygon
way,34872166,Princes Park,green_space_parks,-0.20601857422417305,51.581799950000004,MultiPolygon
way,34932774,Victoria Tower Gardens South,green_space_parks,-0.12492513377563182,51.49389635,MultiPolygon
way,35279471,Edgwarebury Park,green_space_parks,-0.2825900613003164,51.6261478,MultiPolygon
way,35323252,Queenscroft Recreation Ground,green_space_parks,0.043552931248582824,51.450367400000005,MultiPolygon
way,35475594,Central Venture Park,green_space_parks,-0.07606301493981793,51.47623205,MultiPolygon
way,35475970,Jowett Street Park,green_space_parks,-0.07181600354242065,51.477835049999996,MultiPolygon
way,35796476,Scadbury Park,green_space_parks,0.0929906153588665,51.40982235,MultiPolygon
way,35874046,Waring Park,green_space_parks,0.11027116244911674,51.4315473,MultiPolygon
way,35926457,Kings Meadow,green_space_parks,0.020919833916149787,51.418503099999995,MultiPolygon
way,35944198,John Innes Park,green_space_parks,-0.2065883628008724,51.40936205,MultiPolygon
way,36798771,Cherry Tree Wood,green_space_parks,-0.1597889387106596,51.5856452,MultiPolygon
way,36805591,Hermit Road Recreational Ground,green_space_parks,0.014116174907630608,51.5237848,MultiPolygon
way,36882861,,green_space_parks,-0.37908321184564864,51.5792354,MultiPolygon
way,37122252,Lefevre Park,green_space_parks,-0.02571656627427831,51.53465585,MultiPolygon
way,37126471,Grove Hall Park,green_space_parks,-0.017820261821260452,51.5299473,MultiPolygon
way,37179930,,green_space_parks,-0.31425275640374856,51.429218950000006,MultiPolygon
way,37687277,Frank Banfield Park,green_space_parks,-0.2236941948610075,51.48812495,MultiPolygon
way,37691109,St Johns Garden,green_space_parks,-0.10416464693180723,51.520919250000006,MultiPolygon
way,37691374,,green_space_parks,-0.2834374986131344,51.59452735,MultiPolygon
way,37705979,The Walled Garden,green_space_parks,-0.05298219587384903,51.5485891,MultiPolygon
way,37743769,Annette Gardens,green_space_parks,-0.09307361441829115,51.5417791,MultiPolygon
way,37798918,Cremorne Gardens,green_space_parks,-0.17849154884382468,51.4796195,MultiPolygon
way,37841883,Ferrant Park,green_space_parks,-0.02082760883639534,51.4795023,MultiPolygon
way,37878463,Barra Hall Park,green_space_parks,-0.4238026340324105,51.517827800000006,MultiPolygon
way,37878585,Lake Farm Country Park,green_space_parks,-0.43029862838028365,51.5108757,MultiPolygon
way,37879001,Leitrim Park,green_space_parks,-0.3936249827426933,51.4467695,MultiPolygon
way,37898785,Godolphin Garden,green_space_parks,-0.2323630494511525,51.50368495,MultiPolygon
way,37906303,Hayes End Community Park,green_space_parks,-0.43862975255936076,51.52450355,MultiPolygon
way,37918769,Brabazon Green,green_space_parks,-0.019295127109757254,51.5159582,MultiPolygon
way,37976745,Minet Country Park,green_space_parks,-0.4017527978625418,51.5092207,MultiPolygon
way,37981437,Twinkle Park,green_space_parks,-0.024559510453386953,51.4844447,MultiPolygon
way,38034111,Portobello Green,green_space_parks,-0.20858586059701817,51.518462799999995,MultiPolygon
way,38215812,St Luke's Gardens,green_space_parks,-0.16872017221345897,51.489642,MultiPolygon
way,38310101,Hanover Square,green_space_parks,-0.14380088248109846,51.5139601,MultiPolygon
way,38318550,Mount Street Gardens,green_space_parks,-0.15054721817279143,51.50930925,MultiPolygon
way,38385305,Downe Recreation Ground,green_space_parks,0.05781603416827226,51.33752935,MultiPolygon
way,38492709,Pimp Hall Park,green_space_parks,0.005749748111012741,51.6248163,MultiPolygon
way,38531378,,green_space_parks,0.06756353172063442,51.45903095,MultiPolygon
way,38762442,King George VI Memorial Garden,green_space_parks,-0.11071286155654259,51.59928495,MultiPolygon
way,38762543,Cranbrook Park,green_space_parks,-0.10756704385200379,51.5989504,MultiPolygon
way,38769623,Riversdale Gardens,green_space_parks,-0.10896708902617423,51.6019297,MultiPolygon
way,38769707,,green_space_parks,-0.11141455990898752,51.5989487,MultiPolygon
way,38820872,Rangemoor Road Open Space,green_space_parks,-0.06964695228904844,51.58315205,MultiPolygon
way,38821440,,green_space_parks,-0.0707814992378052,51.58689795,MultiPolygon
way,38863276,Danson Park,green_space_parks,0.11758764451144631,51.454878,MultiPolygon
way,38896325,Long Meadow,green_space_parks,-0.08405095686439865,51.42658645,MultiPolygon
way,38939467,Paignton Park,green_space_parks,-0.07864861509040579,51.57719135,MultiPolygon
way,38991820,Milne Park,green_space_parks,-0.00929644657559467,51.3372659,MultiPolygon
way,39115778,Friern Park,green_space_parks,-0.14879563620094494,51.6135887,MultiPolygon
way,39247289,Elder Gardens,green_space_parks,-0.07650635501810032,51.52049165,MultiPolygon
way,39267071,,green_space_parks,-0.06713234828189227,51.52514425,MultiPolygon
way,39289987,,green_space_parks,-0.41076759760860837,51.574033299999996,MultiPolygon
way,39305849,Shoulder of Mutton Green,green_space_parks,0.09273445229804991,51.4666496,MultiPolygon
way,39471940,Franks Park,green_space_parks,0.16098390995886264,51.4874246,MultiPolygon
way,39653041,,green_space_parks,-0.4471096218509675,51.57078115,MultiPolygon
way,39658343,,green_space_parks,-0.4532687652875698,51.5668279,MultiPolygon
way,39658344,Swakeleys Park,green_space_parks,-0.45483481240332024,51.56116195,MultiPolygon
way,39658932,Shepherdess Walk Park,green_space_parks,-0.09401286848741902,51.532254699999996,MultiPolygon
way,39679911,Village Park Rec.,green_space_parks,-0.3031247061626533,51.5009067,MultiPolygon
way,39839544,Palewell Fields and Common,green_space_parks,-0.2602264528639641,51.457872449999996,MultiPolygon
way,39895358,Home Park,green_space_parks,-0.03941522208677309,51.4267242,MultiPolygon
way,40009374,Davenant Road Park,green_space_parks,-0.1271758976121061,51.5637174,MultiPolygon
way,40044430,,green_space_parks,-0.09714269759186335,51.47673605,MultiPolygon
way,40234920,,green_space_parks,-0.1643279236843479,51.5330785,MultiPolygon
way,40253184,Dibden Street Triangle,green_space_parks,-0.09689335679662833,51.5385345,MultiPolygon
way,40253205,Morton Road Park,green_space_parks,-0.09314244065495207,51.5400359,MultiPolygon
way,40305735,Willersley Park,green_space_parks,0.10133945851169013,51.44275075,MultiPolygon
way,40308237,Riverside West,green_space_parks,0.12136470325541979,51.44271705,MultiPolygon
way,40308267,,green_space_parks,0.1188767342913826,51.441494750000004,MultiPolygon
way,40312586,,green_space_parks,-0.028130274695369335,51.528508200000005,MultiPolygon
way,40314126,,green_space_parks,0.13839780422721348,51.44573945,MultiPolygon
way,40498332,Churchyard of St. Ann Blackfriars,green_space_parks,-0.10239873660520867,51.513154650000004,MultiPolygon
way,40517811,Waterside Gardens,green_space_parks,0.17887607554329066,51.45206935,MultiPolygon
way,40749268,,green_space_parks,0.1588629779552263,51.4503905,MultiPolygon
way,40858003,Footscray Meadows,green_space_parks,0.13079846965666236,51.4264065,MultiPolygon
way,40875983,Rembrandt Gardens,green_space_parks,-0.18142198625715694,51.5213734,MultiPolygon
way,40879988,St Anne's Churchyard,green_space_parks,-0.13246001579931777,51.51225755,MultiPolygon
way,41020459,,green_space_parks,-0.41023198451020776,51.44467135,MultiPolygon
way,41117901,,green_space_parks,-0.1282503667534926,51.515133,MultiPolygon
way,41234526,Greenhill Gardens,green_space_parks,-0.18257318101915668,51.644413150000005,MultiPolygon
way,41258936,Kenninghall Open Space,green_space_parks,-0.05167468232686334,51.613706699999994,MultiPolygon
way,41407314,Beckenham Place Park,green_space_parks,-0.013495297094540545,51.4187501,MultiPolygon
way,41417347,River Pool Walkway Open Space,green_space_parks,-0.03991093547164031,51.418277149999994,MultiPolygon
way,41421431,Marie Curie Cancer Care Garden of Hope,green_space_parks,-0.1844573677211081,51.59441415,MultiPolygon
way,41460749,,green_space_parks,-0.0647625086108878,51.570516299999994,MultiPolygon
way,41731463,Bayonne Road Open Space,green_space_parks,-0.21522491502832974,51.4851502,MultiPolygon
way,41781928,,green_space_parks,0.05250443165507476,51.51523865,MultiPolygon
way,41832296,Sherrins Farm Open Space,green_space_parks,-0.2762747612509293,51.553595099999995,MultiPolygon
way,41832323,Brent River Park,green_space_parks,-0.268855046740566,51.549798100000004,MultiPolygon
way,41835712,Muswell Hill Playing Fields,green_space_parks,-0.15800502643191017,51.601243249999996,MultiPolygon
way,42031286,Rotary Field,green_space_parks,-0.11220148448729492,51.34221355,MultiPolygon
way,42381968,Hartington Park,green_space_parks,-0.06478682434544114,51.5975013,MultiPolygon
way,42471586,,green_space_parks,-0.10565174309431186,51.5236124,MultiPolygon
way,42784208,Red Cross Garden,green_space_parks,-0.09455167766025781,51.50313875,MultiPolygon
way,42959066,Cornmill Gardens,green_space_parks,-0.01411926561256582,51.463313799999995,MultiPolygon
way,42998926,Pleasant Place Garden,green_space_parks,-0.09882172782515983,51.53935285,MultiPolygon
way,42999282,Hillside Park,green_space_parks,-0.13020907319872013,51.56956675,MultiPolygon
way,43312362,Edward Square,green_space_parks,-0.11765708592448429,51.53624175,MultiPolygon
way,43339659,Royston Playing Field,green_space_parks,-0.05185616924039643,51.411533649999996,MultiPolygon
way,43411727,,green_space_parks,-0.37335846625947416,51.582541250000006,MultiPolygon
way,43411729,,green_space_parks,-0.3725212000000011,51.5811525,MultiPolygon
way,43588788,Bramley Road Open Space,green_space_parks,-0.3131044380542035,51.4990544,MultiPolygon
way,43626739,Maytrees Rest Gardens,green_space_parks,-0.30621773441533795,51.50176945,MultiPolygon
way,43626971,Lammas Enclosure,green_space_parks,-0.3089458617602271,51.505841950000004,MultiPolygon
way,43644511,Waterside Gardens,green_space_parks,-0.05942671653498917,51.5030171,MultiPolygon
way,43961614,Kelsey Park,green_space_parks,-0.022254679529542652,51.40201385,MultiPolygon
way,44060322,Upper Pepys Park,green_space_parks,-0.030880781276061704,51.488468,MultiPolygon
way,44061612,Cleveland Park,green_space_parks,-0.32240838885250234,51.52299765,MultiPolygon
way,44065275,,green_space_parks,-0.30328994010124855,51.4547355,MultiPolygon
way,44072454,,green_space_parks,-0.30799522063617,51.42643205,MultiPolygon
way,44425766,Newington Gardens,green_space_parks,-0.0958624131499308,51.49763955,MultiPolygon
way,44441656,Pimlico Gardens,green_space_parks,-0.1339638269537728,51.485576800000004,MultiPolygon
way,44593191,Dickens' Fields,green_space_parks,-0.09319227709966285,51.4973052,MultiPolygon
way,44683365,Northbrook Park,green_space_parks,0.013547933554216456,51.441346300000006,MultiPolygon
way,44846644,Jubilee Country Park,green_space_parks,0.06487183346008493,51.39250695,MultiPolygon
way,44953526,,green_space_parks,-0.23926848216720187,51.595452,MultiPolygon
way,45122729,,green_space_parks,-0.1098383451466766,51.50691205,MultiPolygon
way,45327433,General Gordon Square,green_space_parks,0.06775769386868324,51.48996565,MultiPolygon
way,45406090,Manor Road Recreation Ground,green_space_parks,-0.3249128523588811,51.430336350000005,MultiPolygon
way,45441316,Leybourne Road Park,green_space_parks,-0.2810579552011239,51.5869785,MultiPolygon
way,45652387,,green_space_parks,-0.2116784083290943,51.59260305,MultiPolygon
way,45664089,Bromley Palace Park,green_space_parks,0.023191932209899957,51.40315335,MultiPolygon
relation,14331612,Clapton Pond,green_space_parks,-0.054937019683436894,51.55611415,MultiPolygon
way,45917210,Westow Park,green_space_parks,-0.08554023482566124,51.41677705,MultiPolygon
way,46114157,Fassnidge Park,green_space_parks,-0.4848235960809858,51.54713925,MultiPolygon
way,46251142,St. John's Church Gardens,green_space_parks,-0.11194895000000205,51.5045992,MultiPolygon
way,46673347,Old Dagenham Park,green_space_parks,0.15769718642531375,51.536182249999996,MultiPolygon
way,46688740,Goresbrook Park,green_space_parks,0.13616238135833877,51.5362372,MultiPolygon
way,46694049,Valence Park,green_space_parks,0.13721225188622715,51.55742285,MultiPolygon
way,46699933,Gwendwr Gardens,green_space_parks,-0.20876741933985044,51.49126665,MultiPolygon
way,47147676,Well Hall Pleasaunce,green_space_parks,0.04917742620653631,51.4565936,MultiPolygon
way,47147684,Briset Park,green_space_parks,0.04062770103859933,51.458182699999995,MultiPolygon
way,47147692,Kidbrooke Green Park,green_space_parks,0.031937335320709755,51.4644048,MultiPolygon
way,47297270,King George's Park,green_space_parks,-0.05167033992633471,51.4970548,MultiPolygon
way,47297537,Neptune Street Park,green_space_parks,-0.05328374457357484,51.497443149999995,MultiPolygon
way,47312683,Pearsons Park,green_space_parks,-0.03443648625710227,51.50396265,MultiPolygon
way,47592867,,green_space_parks,-0.09339969011819817,51.49004655,MultiPolygon
way,48049375,Hatcham Gardens,green_space_parks,-0.051971778747882544,51.47517065,MultiPolygon
way,48406294,Buccleuch Gardens,green_space_parks,-0.302268326735289,51.45237535,MultiPolygon
way,48455908,Lavender Gardens,green_space_parks,-0.16400959367469797,51.465130099999996,MultiPolygon
way,48461154,New Beckton Park,green_space_parks,0.05822177817666735,51.5108641,MultiPolygon
way,48714760,Broadway Market Green,green_space_parks,-0.060247164579054865,51.536362600000004,MultiPolygon
way,48917048,Lyttelton Playing Fields,green_space_parks,-0.1769618591897771,51.5835883,MultiPolygon
way,49564578,,green_space_parks,-0.05618926949622406,51.6183574,MultiPolygon
way,49564614,,green_space_parks,-0.06121941691396321,51.62405655,MultiPolygon
way,49775883,,green_space_parks,-0.08903556804469426,51.5175284,MultiPolygon
way,49780449,Carter Lane Gardens,green_space_parks,-0.09835950650075553,51.513067649999996,MultiPolygon
way,49865193,,green_space_parks,0.05816194013329211,51.48163165,MultiPolygon
way,49865206,Woolwich Common,green_space_parks,0.05420586806659766,51.4770223,MultiPolygon
way,49874830,,green_space_parks,0.05939800387379837,51.4787817,MultiPolygon
way,49940870,Melbourne Green,green_space_parks,-0.03825078004162798,51.554849399999995,MultiPolygon
way,50258320,Poplar Recreation Ground,green_space_parks,-0.016657611267972328,51.5099144,MultiPolygon
relation,18873680,Paragon Gardens,green_space_parks,-0.0877839296952726,51.493859799999996,MultiPolygon
way,50402874,Leven Road Open Space,green_space_parks,-0.004170602934180282,51.5149113,MultiPolygon
way,50402884,Braithwaite Park,green_space_parks,-0.002513580671174342,51.51398395,MultiPolygon
way,50408563,Aberfeldy Millennium Green,green_space_parks,-0.005660097805318738,51.5148801,MultiPolygon
way,50444644,,green_space_parks,-0.013536833681569245,51.5189398,MultiPolygon
way,50575730,,green_space_parks,-0.016892746209560647,51.5111938,MultiPolygon
way,50584576,,green_space_parks,-0.02023668575747243,51.5112947,MultiPolygon
way,50737599,,green_space_parks,-0.02340445719719436,51.51353755,MultiPolygon
way,50813650,Brickfield Gardens,green_space_parks,-0.030550944006173787,51.515343900000005,MultiPolygon
way,50825770,Clara Grant Green,green_space_parks,-0.020864519815743676,51.52134685,MultiPolygon
way,50826412,Furze Green,green_space_parks,-0.021240997543809828,51.5182469,MultiPolygon
way,50827525,Chiltern Green,green_space_parks,-0.02035015914236845,51.5225304,MultiPolygon
way,50832598,Prospect Park,green_space_parks,-0.015761204942972656,51.523212099999995,MultiPolygon
way,50948028,,green_space_parks,-0.15952406864696494,51.515068299999996,MultiPolygon
way,50981558,Wilbury Open Space,green_space_parks,-0.08409806571362763,51.6143168,MultiPolygon
way,51065736,Tottenham Green,green_space_parks,-0.07148065509440893,51.587562,MultiPolygon
way,51097879,St. Chad's Park,green_space_parks,0.131411073424185,51.5751003,MultiPolygon
way,51163666,Rounton Park,green_space_parks,-0.01950947348484842,51.5235513,MultiPolygon
way,51166448,Newington Green,green_space_parks,-0.08510235774186137,51.55166455,MultiPolygon
way,51260440,Richmond Park,green_space_parks,-0.2747350347565655,51.438511649999995,MultiPolygon
way,51276580,,green_space_parks,-0.011257188043477827,51.52375605,MultiPolygon
way,51346448,Albion Square Gardens,green_space_parks,-0.07253310824165224,51.539653799999996,MultiPolygon
way,51567543,St Leonard's Churchyard,green_space_parks,-0.07709914728506598,51.526886250000004,MultiPolygon
way,51570103,St. Leonard's Priory Park,green_space_parks,-0.012979566741085493,51.5283659,MultiPolygon
way,51740956,Shandy Park,green_space_parks,-0.040071376784616905,51.52044875,MultiPolygon
way,51751738,,green_space_parks,0.059470723492668756,51.500773800000005,MultiPolygon
way,51771151,,green_space_parks,0.05490956771376811,51.501438500000006,MultiPolygon
way,51782321,Tate Park,green_space_parks,0.04782609449115856,51.50203185,MultiPolygon
way,51875910,,green_space_parks,0.012048287816146499,51.5151494,MultiPolygon
way,51894901,,green_space_parks,0.020541356439252492,51.51342795,MultiPolygon
way,52057295,Essex Road Gardens,green_space_parks,0.08703551436925588,51.5368943,MultiPolygon
way,52098449,Bury Lodge Park,green_space_parks,-0.07568837983946064,51.6335276,MultiPolygon
way,52119540,St. Bartholomew's Gardens,green_space_parks,-0.05624947293663608,51.52275265,MultiPolygon
way,52472864,,green_space_parks,0.061502755697859846,51.5136777,MultiPolygon
way,52472880,,green_space_parks,0.06448919361455097,51.5141408,MultiPolygon
way,52597625,Charlotte Turner Gardens,green_space_parks,-0.024825805137182903,51.4823016,MultiPolygon
way,52706557,Durand's Wharf,green_space_parks,-0.032764398074988654,51.5017065,MultiPolygon
way,52782573,Braham Street Park,green_space_parks,-0.07296375753239015,51.51407185,MultiPolygon
way,52919326,,green_space_parks,0.10214590190861979,51.52974775,MultiPolygon
way,54191190,Grange Park,green_space_parks,-0.12050454039695915,51.308468649999995,MultiPolygon
way,54235051,Bleakfield Shaw,green_space_parks,-0.12605696827361068,51.31536185,MultiPolygon
way,54266543,,green_space_parks,-0.026192536027766535,51.47138635,MultiPolygon
way,55019399,,green_space_parks,-0.06552432265021751,51.49300635,MultiPolygon
way,55149489,,green_space_parks,-0.09421056112235346,51.49436835,MultiPolygon
way,55224227,Royal Mint Green,green_space_parks,-0.07041308916790401,51.509631049999996,MultiPolygon
way,55224234,Tower Bridge Piazza,green_space_parks,-0.0746765704388825,51.509332900000004,MultiPolygon
way,55372700,Paterson Park,green_space_parks,-0.06867749016940133,51.489217249999996,MultiPolygon
way,55421655,Tower Hill Garden,green_space_parks,-0.07563446715195626,51.5099351,MultiPolygon
way,55736532,Brunswick Square Gardens,green_space_parks,-0.12185481512465428,51.5245205,MultiPolygon
way,55737057,Coram's Fields,green_space_parks,-0.11990823321844449,51.52428265,MultiPolygon
way,55751581,Norman Park,green_space_parks,0.026117634141380564,51.3882446,MultiPolygon
way,55886879,Shore Gardens,green_space_parks,-0.052103233076541286,51.544053500000004,MultiPolygon
way,56131942,Isledon Gardens,green_space_parks,-0.10928755702183682,51.55984525,MultiPolygon
way,56208402,Ebury Square Gardens,green_space_parks,-0.15029646181891637,51.491695750000005,MultiPolygon
way,56229306,Clockhouse Gardens,green_space_parks,0.25451206093008866,51.5561217,MultiPolygon
way,56230293,Parklands,green_space_parks,0.24358925909999687,51.54284135,MultiPolygon
way,56314759,Cranham Brickfields,green_space_parks,0.2791041705886772,51.5657353,MultiPolygon
way,58780085,Nelson Square,green_space_parks,-0.10340246000889672,51.50292745,MultiPolygon
way,58882796,Castlehaven Open Space,green_space_parks,-0.1453511893255653,51.5425701,MultiPolygon
way,59036469,Northway Gardens,green_space_parks,-0.18756682828113097,51.585710950000006,MultiPolygon
way,60124629,The Glens,green_space_parks,0.1911501930955526,51.549671950000004,MultiPolygon
way,60137453,King George's Playing Fields,green_space_parks,0.16596809425038717,51.5851853,MultiPolygon
way,60202400,,green_space_parks,0.050928612376486784,51.609575750000005,MultiPolygon
way,60302340,East Marsh,green_space_parks,-0.02187357551075097,51.554913299999996,MultiPolygon
way,60690867,Roper's Garden,green_space_parks,-0.17172535810811246,51.48279125,MultiPolygon
way,60707154,Manor Park,green_space_parks,-0.002895802252267882,51.4557679,MultiPolygon
way,60905342,Seven Kings Park,green_space_parks,0.10203057941114188,51.573585249999994,MultiPolygon
way,61341391,Pickhurst Green,green_space_parks,0.0037389978521226606,51.38388535,MultiPolygon
way,61434454,Plumstead Gardens,green_space_parks,0.09924658987173846,51.489317549999996,MultiPolygon
way,61888547,Pond Square,green_space_parks,-0.1491159728975634,51.57056355,MultiPolygon
way,62202103,Priory Gardens,green_space_parks,0.10636109736806293,51.3803855,MultiPolygon
way,67043105,Saint Andrew's Square,green_space_parks,-0.3105037188325803,51.3931742,MultiPolygon
way,67384696,Graham Street Park,green_space_parks,-0.09816817963649302,51.5316652,MultiPolygon
way,67547236,,green_space_parks,-0.10264229999999999,51.47878265,MultiPolygon
way,68506853,Tibby Place,green_space_parks,-0.0964493439680327,51.53971145,MultiPolygon
way,68506858,,green_space_parks,-0.09542989999998575,51.539423049999996,MultiPolygon
way,69365944,,green_space_parks,-0.15264775917967194,51.59083405,MultiPolygon
way,71034940,Highlands Gardens,green_space_parks,-0.18673524896345006,51.6484059,MultiPolygon
way,71245997,Scholefield Road Open Space,green_space_parks,-0.12748513549369878,51.566798250000005,MultiPolygon
way,71336809,Basire Street Playground,green_space_parks,-0.09269900772456699,51.5383578,MultiPolygon
way,71887204,Mill Lane Open Space,green_space_parks,-0.19408280286654328,51.55136525,MultiPolygon
way,73703732,St George's Churchyard Gardens,green_space_parks,-0.09168100763747467,51.5015078,MultiPolygon
way,73855538,South Park,green_space_parks,0.09169175064232271,51.55706095,MultiPolygon
way,75115993,,green_space_parks,0.02669569083615407,51.60185835,MultiPolygon
way,75116737,,green_space_parks,0.02248835535307625,51.60974515,MultiPolygon
way,77260560,Queen's Park Court Communal Gardens,green_space_parks,-0.21469366162378026,51.5290629,MultiPolygon
way,78337915,,green_space_parks,-0.43007093317375455,51.579324549999995,MultiPolygon
way,79308654,Lambeth Walk Doorstep Green,green_space_parks,-0.11248817651983808,51.492596649999996,MultiPolygon
way,79739050,Pelier Park,green_space_parks,-0.09623752322895197,51.484661700000004,MultiPolygon
way,79812484,Camden Gardens,green_space_parks,-0.14158225010645825,51.54208645,MultiPolygon
way,79813282,Chalcot Square Gardens,green_space_parks,-0.15523276792742957,51.5411012,MultiPolygon
way,80273437,Faraday Gardens,green_space_parks,-0.09169932346348172,51.487684099999996,MultiPolygon
way,80427915,Haydons Road Recreation Ground,green_space_parks,-0.1889384135226235,51.41994755,MultiPolygon
way,80877034,Tresham Gardens,green_space_parks,-0.1675248359677673,51.52599145,MultiPolygon
way,82105819,St Mary Frobisher Park,green_space_parks,-0.053805560614758316,51.471451900000005,MultiPolygon
way,82244083,Hampstead Green,green_space_parks,-0.1680467857239351,51.55293485,MultiPolygon
way,82609826,Montpelier Park,green_space_parks,-0.3047110956521657,51.523301450000005,MultiPolygon
way,84235618,Warrender Park,green_space_parks,-0.40594944860121573,51.57783115,MultiPolygon
way,85861850,Tavistock Road Gardens,green_space_parks,-0.2050630608793439,51.51888625,MultiPolygon
way,87079253,,green_space_parks,-0.14269919094354472,51.502061,MultiPolygon
way,87857768,,green_space_parks,-0.4403649145087595,51.5477451,MultiPolygon
way,91044418,Rotary Gardens,green_space_parks,-0.3053480778604074,51.4570128,MultiPolygon
way,93308046,South Kilburn Open Space,green_space_parks,-0.19791654989522114,51.53147915,MultiPolygon
way,93465025,St James' Gardens,green_space_parks,-0.041055850540043085,51.51116075,MultiPolygon
way,93465391,Arbour Square Gardens,green_space_parks,-0.04786785313803259,51.51427665,MultiPolygon
way,93629441,,green_space_parks,0.011116324291057732,51.486456849999996,MultiPolygon
way,94140939,Sensory Gardens,green_space_parks,-0.1816905733186367,51.47210255,MultiPolygon
way,94221095,Normand Park,green_space_parks,-0.20651509726645734,51.4846607,MultiPolygon
way,94221098,,green_space_parks,-0.20582886956775798,51.48479425,MultiPolygon
way,94709618,,green_space_parks,-0.09302298207813894,51.431205649999995,MultiPolygon
way,95599140,,green_space_parks,-0.19797623539373504,51.344601049999994,MultiPolygon
way,95600625,,green_space_parks,-0.16538133961260285,51.365667099999996,MultiPolygon
way,96041872,Vestry Green,green_space_parks,-0.16855047393970318,51.40217105,MultiPolygon
way,96108592,Lambeth Walk Doorstep Green,green_space_parks,-0.11210627615797442,51.49290065,MultiPolygon
way,96203338,Old Paradise Gardens,green_space_parks,-0.1189687231818348,51.493314600000005,MultiPolygon
way,96456153,Elsinge Golden Jubilee Park,green_space_parks,-0.051915432313343085,51.67430175,MultiPolygon
way,96459864,Hoe Lane Space,green_space_parks,-0.050220766980742584,51.6670268,MultiPolygon
way,96594092,,green_space_parks,-0.048102074291889944,51.5251281,MultiPolygon
way,97421094,,green_space_parks,-0.15887739574168663,51.37538765,MultiPolygon
way,97503323,Imperial Park,green_space_parks,-0.18293694343086597,51.4710293,MultiPolygon
way,97592139,Elm Park,green_space_parks,-0.19599349980720943,51.56302625,MultiPolygon
way,98292573,,green_space_parks,-0.12663318361240594,51.397678,MultiPolygon
way,98292577,,green_space_parks,-0.12630664432393676,51.3989019,MultiPolygon
way,98292596,,green_space_parks,-0.1278296004128729,51.4003278,MultiPolygon
way,98292623,,green_space_parks,-0.127737378879001,51.3967893,MultiPolygon
way,98292630,,green_space_parks,-0.12710976878633135,51.399608150000006,MultiPolygon
way,98295444,,green_space_parks,-0.1285775042914478,51.40109125,MultiPolygon
way,98295452,,green_space_parks,-0.13140304368600755,51.40092065,MultiPolygon
way,98295457,,green_space_parks,-0.13029972505868542,51.40143585,MultiPolygon
way,98295458,,green_space_parks,-0.12933616108246623,51.40183450000001,MultiPolygon
way,98366239,Marcus Garvey Park,green_space_parks,-0.20948301317395057,51.4945292,MultiPolygon
way,98436201,,green_space_parks,-0.21674254218812167,51.486788,MultiPolygon
way,98522460,,green_space_parks,-0.09521058990400252,51.6270807,MultiPolygon
way,98546465,Beaumont Green Field,green_space_parks,0.19559995741324937,51.54051435,MultiPolygon
way,99003073,Amphitheatre,green_space_parks,-0.23372778064283722,51.384326200000004,MultiPolygon
way,99420330,Archway Corner,green_space_parks,-0.13367304458495285,51.565696200000005,MultiPolygon
way,99426480,Archway Park,green_space_parks,-0.13451688657948596,51.5670649,MultiPolygon
way,99493717,Little Dorrit Park,green_space_parks,-0.09320313370571431,51.50215575,MultiPolygon
way,100190846,Wilmington Square,green_space_parks,-0.11047621615768119,51.5267864,MultiPolygon
way,100564282,,green_space_parks,0.2239685943725569,51.6013696,MultiPolygon
way,100610481,Shoreditch Park,green_space_parks,-0.0862256703817168,51.5345855,MultiPolygon
way,100672574,Bramford Gardens,green_space_parks,-0.18653900563741616,51.4615452,MultiPolygon
way,100720477,East Sheen Common,green_space_parks,-0.2814149936646101,51.45907595,MultiPolygon
way,100809444,Aragon Gardens,green_space_parks,-0.03120396964409263,51.490325850000005,MultiPolygon
way,100809453,Admiralty Square,green_space_parks,-0.03241263829174068,51.489876100000004,MultiPolygon
way,100814992,Saint George's Square,green_space_parks,-0.03288635631346448,51.492745150000005,MultiPolygon
way,101753834,,green_space_parks,-0.2112849592702744,51.56425195,MultiPolygon
way,101753838,,green_space_parks,-0.2121064340615278,51.56384,MultiPolygon
way,101753841,,green_space_parks,-0.21305012878158724,51.563362999999995,MultiPolygon
way,101753843,,green_space_parks,-0.21410935,51.56284635,MultiPolygon
way,102198677,,green_space_parks,0.13525267499859617,51.5294074,MultiPolygon
way,102375226,Swiss Cottage Open Space,green_space_parks,-0.1731577385828193,51.5433709,MultiPolygon
way,102469671,St Anne's Churchyard,green_space_parks,-0.030396856687314754,51.511744050000004,MultiPolygon
way,102826743,St Thomas's Square,green_space_parks,-0.05449171859104241,51.54209505,MultiPolygon
way,103157042,,green_space_parks,0.07797226116419853,51.48779905,MultiPolygon
way,104035349,,green_space_parks,-0.0201387288068346,51.669831650000006,MultiPolygon
way,104057442,,green_space_parks,0.017359250288303867,51.490276,MultiPolygon
way,104338986,Whitings Hill Wood,green_space_parks,-0.22577451788374892,51.640023400000004,MultiPolygon
way,104864831,,green_space_parks,-0.24943763324222143,51.632189249999996,MultiPolygon
way,105496174,Rowley Lodge Field,green_space_parks,-0.24087100610408135,51.64541215,MultiPolygon
way,105605859,Arkley Open Space,green_space_parks,-0.24085917492802533,51.654561,MultiPolygon
way,105606563,Arkley Rise Estate Open Space,green_space_parks,-0.23653463233561955,51.65184855,MultiPolygon
way,105702420,Arkley Lane Open Space,green_space_parks,-0.23554457288850705,51.657423550000004,MultiPolygon
way,105703497,Arkley Lane Pastures,green_space_parks,-0.2292715987993761,51.6549016,MultiPolygon
way,105704687,Byng Road Playing Fields,green_space_parks,-0.2154941231707889,51.66041285,MultiPolygon
way,106489036,,green_space_parks,-0.05316746161155531,51.5271167,MultiPolygon
way,106576912,,green_space_parks,-0.05216069052588204,51.5272028,MultiPolygon
way,107021624,Catholic Central Library Gardens,green_space_parks,-0.13116256208686872,51.528746749999996,MultiPolygon
way,107450891,,green_space_parks,-0.08683981376810843,51.465109600000005,MultiPolygon
way,107489236,,green_space_parks,-0.0648203773989734,51.5199117,MultiPolygon
way,108075703,Montefiore Gardens,green_space_parks,-0.14788848957473388,51.4693913,MultiPolygon
way,108703962,,green_space_parks,-0.2260866834756889,51.5133155,MultiPolygon
way,108883345,Millennium Green,green_space_parks,-0.21521768182601142,51.562094349999995,MultiPolygon
way,108987476,,green_space_parks,-0.32042654080295735,51.3519728,MultiPolygon
way,109935442,Rush Common Woodland Walk,green_space_parks,-0.11753882584523867,51.457425099999995,MultiPolygon
relation,1554609,Sir Francis Barker Recreation Ground,green_space_parks,-0.31351245834102703,51.355322099999995,MultiPolygon
way,111387315,Leyton Square,green_space_parks,-0.06758125243181207,51.481423649999996,MultiPolygon
way,112482921,,green_space_parks,-0.19922085647519605,51.525263100000004,MultiPolygon
way,112482925,,green_space_parks,-0.19969347891986555,51.525205799999995,MultiPolygon
way,113748126,St Mary Abbots Gardens,green_space_parks,-0.19300950708724146,51.50196105,MultiPolygon
way,113758002,Connaught Recreation Ground,green_space_parks,-0.44410815269496307,51.527009,MultiPolygon
way,114200472,The Closes Recreation Ground,green_space_parks,-0.473494377767021,51.5016856,MultiPolygon
way,114393546,Wandle Meadow Nature Park,green_space_parks,-0.18224696496865092,51.422995400000005,MultiPolygon
way,114858560,Russell Park,green_space_parks,0.1499244933450783,51.4618751,MultiPolygon
way,115549181,Bursted Woods,green_space_parks,0.15584116848883017,51.467388150000005,MultiPolygon
way,116402172,Highgate Enclosures,green_space_parks,-0.14768741710182737,51.5574078,MultiPolygon
way,116405294,St Anne & St Agnes,green_space_parks,-0.09634699378988498,51.516404300000005,MultiPolygon
way,116541807,,green_space_parks,0.07922534705882164,51.5443042,MultiPolygon
way,117416339,Channelsea Path,green_space_parks,-0.0009467071574628539,51.53411565,MultiPolygon
way,117423299,King George V Park,green_space_parks,0.04019164912130482,51.5135908,MultiPolygon
relation,3079567,Stoke Newington Common,green_space_parks,-0.0694145968356391,51.5621358,MultiPolygon
relation,2954903,Wood End Wireless Station,green_space_parks,-0.35667333158058456,51.551052350000006,MultiPolygon
way,118846905,Falcon Glade,green_space_parks,-0.16862794113063823,51.46605315,MultiPolygon
way,118847680,Enigma Square,green_space_parks,-0.40425487649166625,51.58237285,MultiPolygon
way,119181758,,green_space_parks,-0.1330075848199642,51.4922117,MultiPolygon
way,120159805,King George's Field,green_space_parks,0.1508714656806448,51.5322104,MultiPolygon
way,120317147,Greenway,green_space_parks,-0.0040832523220174334,51.5329136,MultiPolygon
way,121039441,,green_space_parks,0.158205081298582,51.534189749999996,MultiPolygon
way,121516957,York House Gardens,green_space_parks,-0.3233875982745967,51.44677025,MultiPolygon
way,121991247,,green_space_parks,-0.16270410674787075,51.5468008,MultiPolygon
way,121991249,,green_space_parks,-0.1632515764379734,51.54725795,MultiPolygon
way,122073551,,green_space_parks,0.14021495000000594,51.53597775,MultiPolygon
way,122073557,,green_space_parks,0.1400640780866885,51.535895999999994,MultiPolygon
way,122073558,,green_space_parks,0.1399115500000061,51.5358169,MultiPolygon
way,122073559,,green_space_parks,0.1405236971563402,51.5361338,MultiPolygon
way,122073560,,green_space_parks,0.14036794999999158,51.536056599999995,MultiPolygon
way,122187971,,green_space_parks,0.1401012223269435,51.53625785,MultiPolygon
way,122187972,,green_space_parks,0.13979128572721772,51.5361056,MultiPolygon
way,122187976,,green_space_parks,0.13987567475133816,51.5361041,MultiPolygon
way,122187979,,green_space_parks,0.140095226588825,51.53621285,MultiPolygon
way,123077214,Brunswick Park,green_space_parks,-0.14304765565552868,51.62943855,MultiPolygon
way,123305394,,green_space_parks,0.2714836450700062,51.5709186,MultiPolygon
way,123335738,,green_space_parks,0.27277906752114767,51.5716933,MultiPolygon
way,124108458,,green_space_parks,0.11678960304662031,51.55379485,MultiPolygon
way,124108462,,green_space_parks,0.11530520608090823,51.5526663,MultiPolygon
way,124122715,,green_space_parks,0.1330468685731261,51.560294299999995,MultiPolygon
way,125008219,Memorial Gardens,green_space_parks,-0.08250131195653121,51.593425499999995,MultiPolygon
way,125038530,,green_space_parks,-0.12829169198604304,51.570062300000004,MultiPolygon
way,125038535,,green_space_parks,-0.13029613384537725,51.568762899999996,MultiPolygon
way,127679182,,green_space_parks,0.129044386166268,51.54134975,MultiPolygon
way,127679185,,green_space_parks,0.12935332103783415,51.541312250000004,MultiPolygon
way,128109722,,green_space_parks,-0.0279025039506322,51.59066465,MultiPolygon
way,128109728,,green_space_parks,-0.029382455107358017,51.590371250000004,MultiPolygon
way,130337748,Haveringwell Memorial,green_space_parks,0.18805391922972195,51.56566925,MultiPolygon
way,130639026,,green_space_parks,0.005261684442027351,51.604306699999995,MultiPolygon
way,131144792,Addiscombe Recreation Ground,green_space_parks,-0.07071453057799748,51.37771455,MultiPolygon
way,131473924,,green_space_parks,-0.05655065925567211,51.6234653,MultiPolygon
way,132092517,Grenfell Park,green_space_parks,0.18562103678944372,51.5645833,MultiPolygon
way,132144320,Dowding Park,green_space_parks,-0.46713118895006933,51.5424804,MultiPolygon
way,132833318,Archibald Open Space,green_space_parks,-0.02431624844518212,51.525017399999996,MultiPolygon
way,132975727,Gas Light and Coke Company Memorial Garden,green_space_parks,-0.004288143811485667,51.5233975,MultiPolygon
way,133645082,,green_space_parks,-0.05856540493159745,51.58772425,MultiPolygon
way,135166671,Kimpton Linear Park,green_space_parks,-0.20673112692820628,51.37797105,MultiPolygon
way,136145866,Bramber Green,green_space_parks,-0.12359687803386588,51.5270095,MultiPolygon
way,139423823,Woodcroft Wildspace,green_space_parks,-0.1062131070323447,51.631525499999995,MultiPolygon
way,140132634,Jubilee Park,green_space_parks,-0.018848310794941505,51.5033454,MultiPolygon
way,140287858,North Sheen Recreation Ground,green_space_parks,-0.2848526242861805,51.4710732,MultiPolygon
way,140855321,Hillside Gardens Park,green_space_parks,-0.11540720186474977,51.437866150000005,MultiPolygon
way,141114004,,green_space_parks,-0.31575582080543796,51.44533165,MultiPolygon
way,142212859,Biggin Hill Recreation Ground,green_space_parks,0.036863737944347184,51.313986099999994,MultiPolygon
way,142680571,Trinity Square Gardens,green_space_parks,-0.0774900016086971,51.509822299999996,MultiPolygon
way,142803827,,green_space_parks,0.01341384282156314,51.467619400000004,MultiPolygon
way,142980812,,green_space_parks,0.10417305185980556,51.36373265,MultiPolygon
way,143076541,Tugmutton Common,green_space_parks,0.06250408696532551,51.3674762,MultiPolygon
way,144162953,,green_space_parks,0.005802214381601955,51.538864950000004,MultiPolygon
way,144475107,,green_space_parks,0.10791569278538515,51.3828381,MultiPolygon
way,144793785,,green_space_parks,-0.12572060697358947,51.6048332,MultiPolygon
way,146073566,Hyde Park Enclosed Garden,green_space_parks,-0.1727987207846411,51.5028156,MultiPolygon
way,146366567,,green_space_parks,0.020691728596287713,51.5346111,MultiPolygon
way,146507190,,green_space_parks,-0.16252095095285665,51.386961150000005,MultiPolygon
way,146798326,Arnos Park,green_space_parks,-0.1320551315132481,51.6189695,MultiPolygon
way,147065653,,green_space_parks,-0.16696836145727528,51.383303549999994,MultiPolygon
way,147096999,,green_space_parks,-0.16721614578134525,51.38204735,MultiPolygon
way,147097000,,green_space_parks,-0.16844774893650205,51.38284125,MultiPolygon
way,147097004,,green_space_parks,-0.1676302419821827,51.38323045,MultiPolygon
way,147221242,,green_space_parks,-0.02219249700232498,51.454677450000005,MultiPolygon
way,147395361,Clayhall Park,green_space_parks,0.06001388103024761,51.5850127,MultiPolygon
way,147576019,,green_space_parks,-0.15296724985488633,51.37208755,MultiPolygon
way,147605754,Saint John's Churchyard,green_space_parks,-0.10262319730497138,51.523203800000005,MultiPolygon
way,147956637,,green_space_parks,-0.16890335332196482,51.38429685,MultiPolygon
way,147974989,,green_space_parks,-0.1744337945020737,51.38390575,MultiPolygon
way,147991519,,green_space_parks,-0.16473625016837465,51.3847691,MultiPolygon
way,147993775,,green_space_parks,-0.15176477630098328,51.37383285,MultiPolygon
way,147993777,,green_space_parks,-0.15141689389073462,51.3738253,MultiPolygon
way,147993779,,green_space_parks,-0.15113317715700142,51.373714,MultiPolygon
way,148004650,Cavendish Square,green_space_parks,-0.14503254037774416,51.5164887,MultiPolygon
way,148126992,,green_space_parks,-0.165261395592216,51.3673245,MultiPolygon
way,148520537,,green_space_parks,-0.159112201241732,51.375298349999994,MultiPolygon
way,148520932,,green_space_parks,-0.15898580412979338,51.3755363,MultiPolygon
way,148527675,,green_space_parks,-0.22427044553128006,51.657549849999995,MultiPolygon
way,148611136,,green_space_parks,-0.16076354948842886,51.3730751,MultiPolygon
way,148625062,,green_space_parks,-0.1659700468430113,51.369606250000004,MultiPolygon
way,148627407,,green_space_parks,-0.2127619614699801,51.6526961,MultiPolygon
way,148849530,,green_space_parks,-0.1596986417059591,51.364778799999996,MultiPolygon
way,148947487,Kilburn Grange Park,green_space_parks,-0.19813007604614127,51.5438343,MultiPolygon
way,149038726,,green_space_parks,-0.15851416764731463,51.3689137,MultiPolygon
way,149459915,Elm Grove,green_space_parks,-0.1546591276410887,51.368937,MultiPolygon
way,149871445,,green_space_parks,-0.16727714189255144,51.3787129,MultiPolygon
way,149872372,,green_space_parks,-0.16742484731557977,51.379439899999994,MultiPolygon
way,150063112,,green_space_parks,-0.1690677592448065,51.377852399999995,MultiPolygon
way,150277313,,green_space_parks,-0.17196541865981108,51.3833594,MultiPolygon
way,150388989,,green_space_parks,-0.17584524666666912,51.3840857,MultiPolygon
way,150797650,Trafalgar Garden,green_space_parks,-0.18559344999999974,51.41725475,MultiPolygon
way,150974755,Bush Hill Gardens,green_space_parks,-0.08145280743839611,51.6374303,MultiPolygon
way,151086291,Wrythe Green,green_space_parks,-0.16851548195392477,51.3712314,MultiPolygon
way,151086304,,green_space_parks,-0.16836420236917646,51.37073465,MultiPolygon
way,151272434,,green_space_parks,-0.1918517457100598,51.6620725,MultiPolygon
way,151394017,St Paul's Shrubbery,green_space_parks,-0.08963114999999938,51.5475646,MultiPolygon
way,151411427,,green_space_parks,-0.17021776800116284,51.3624737,MultiPolygon
way,151504065,Northampton Park Triangle,green_space_parks,-0.0911229733853755,51.547559050000004,MultiPolygon
way,151555313,,green_space_parks,-0.19214997526402466,51.65072825,MultiPolygon
way,151632164,,green_space_parks,-0.16130697862168775,51.3635685,MultiPolygon
way,151776974,Compton Park,green_space_parks,-0.10098749075532341,51.52540825,MultiPolygon
way,151898217,,green_space_parks,-0.15934576413786516,51.36369495,MultiPolygon
way,151993380,,green_space_parks,-0.15674652790668547,51.36350885,MultiPolygon
way,152104678,,green_space_parks,-0.1497703647548711,51.3667286,MultiPolygon
way,152120377,Dartnell Road Wayside Amenity Area,green_space_parks,-0.08145777760354163,51.384803950000006,MultiPolygon
way,152337807,King George's Playing Fields,green_space_parks,-0.19360222677118133,51.65615565,MultiPolygon
way,152414736,,green_space_parks,-0.1419317347291308,51.3611054,MultiPolygon
way,153276519,Cannizaro Park,green_space_parks,-0.23097407221569613,51.423531600000004,MultiPolygon
way,153645352,,green_space_parks,-0.16789556646447928,51.35330395,MultiPolygon
way,153645370,,green_space_parks,-0.16654103234059042,51.35320455,MultiPolygon
way,153859926,,green_space_parks,-0.15976755538008064,51.3876276,MultiPolygon
way,154062587,,green_space_parks,-0.05300496554878177,51.52656335,MultiPolygon
way,154116823,Paddington Street Gardens South,green_space_parks,-0.15395993809903422,51.51991755,MultiPolygon
way,154550387,Allen Gardens,green_space_parks,-0.06943322529206838,51.52242575,MultiPolygon
way,154589961,Maygrove Peace Park,green_space_parks,-0.1985226551570018,51.54869325,MultiPolygon
way,154681438,,green_space_parks,-0.19670228362244901,51.347263999999996,MultiPolygon
way,154682078,,green_space_parks,-0.19631016718533084,51.34796345,MultiPolygon
way,154684052,,green_space_parks,-0.19589527499999812,51.3484916,MultiPolygon
way,154684061,,green_space_parks,-0.19564899677745856,51.3492739,MultiPolygon
way,154705747,,green_space_parks,-0.19375867411391262,51.35000655,MultiPolygon
way,154750364,Three Kings Piece,green_space_parks,-0.15942089918083874,51.40161055,MultiPolygon
way,154750374,,green_space_parks,-0.16097182863267456,51.40386705,MultiPolygon
way,154781525,,green_space_parks,-0.18509407917304677,51.3443331,MultiPolygon
way,154846196,,green_space_parks,-0.19360620264185197,51.3514749,MultiPolygon
way,154866336,,green_space_parks,-0.16594072177723163,51.40003485,MultiPolygon
way,154866337,,green_space_parks,-0.16680317649797285,51.402252000000004,MultiPolygon
way,154981948,,green_space_parks,-0.19167932567198187,51.35573755,MultiPolygon
way,154987760,,green_space_parks,-0.18982859867374396,51.3570874,MultiPolygon
way,154987777,,green_space_parks,-0.19120946429463292,51.357063499999995,MultiPolygon
way,154990813,,green_space_parks,-0.18977357571410486,51.3575957,MultiPolygon
way,155135579,,green_space_parks,-0.19547233789793628,51.361239999999995,MultiPolygon
way,155144169,,green_space_parks,-0.19410933530927726,51.36152605,MultiPolygon
way,155145779,,green_space_parks,-0.1954174743261768,51.3626445,MultiPolygon
way,155146598,,green_space_parks,-0.19463575066707006,51.3634807,MultiPolygon
way,155241574,Royal Victoria Gardens,green_space_parks,0.06637950177824284,51.49968185,MultiPolygon
way,155255021,,green_space_parks,-0.19597345317789416,51.3666147,MultiPolygon
relation,9409113,Mitcham Common,green_space_parks,-0.13750211578162874,51.393622699999995,MultiPolygon
way,155457212,,green_space_parks,-0.14909163719020938,51.6235322,MultiPolygon
way,155988213,,green_space_parks,-0.006881500848616492,51.531831249999996,MultiPolygon
way,156364193,Poulter Park,green_space_parks,-0.17041240124621398,51.389609050000004,MultiPolygon
way,156510046,Paddington Recreation Ground,green_space_parks,-0.19056202168487965,51.530274649999996,MultiPolygon
way,156708553,Edbrooke Road Gardens,green_space_parks,-0.19545881878128482,51.52444025,MultiPolygon
way,156865648,Tamplin Mews Gardens,green_space_parks,-0.19795458250749026,51.52638555,MultiPolygon
way,156931394,Surrey Square Park,green_space_parks,-0.08248406546992718,51.4881465,MultiPolygon
way,157155988,Haling Grove,green_space_parks,-0.1038177287703056,51.35268000000001,MultiPolygon
way,157298357,,green_space_parks,-0.1824138099141746,51.384317499999995,MultiPolygon
way,157580355,,green_space_parks,-0.17905149181985366,51.38562595,MultiPolygon
way,157580421,,green_space_parks,-0.17867908769120183,51.3856717,MultiPolygon
way,158503263,,green_space_parks,-0.1810622273477155,51.36236425,MultiPolygon
way,158748808,Bushy Park,green_space_parks,-0.33704438583615454,51.416862550000005,MultiPolygon
way,159583579,Eastcote House Gardens,green_space_parks,-0.40319980823800483,51.58674465,MultiPolygon
way,159818643,,green_space_parks,-0.058221918696090544,51.5833786,MultiPolygon
way,159818657,Armadale Green,green_space_parks,-0.056908851275163916,51.5849855,MultiPolygon
relation,2147127,Portlands,green_space_parks,-0.011797460990444292,51.546725699999996,MultiPolygon
way,160460157,Mirabelle Gardens,green_space_parks,-0.005455400000000124,51.54689995,MultiPolygon
way,160533857,Owens Field,green_space_parks,-0.10491355874840266,51.53061955,MultiPolygon
way,161024051,Victoria Embankment Gardens,green_space_parks,-0.11287955307139017,51.511174249999996,MultiPolygon
way,161735499,,green_space_parks,-0.16792611285108464,51.400914400000005,MultiPolygon
way,161820350,Norbury Hall Park,green_space_parks,-0.117405864914116,51.40698395,MultiPolygon
way,162375710,,green_space_parks,-0.4808648745260654,51.54447855,MultiPolygon
way,162578781,Charlton Park,green_space_parks,0.04377572805296109,51.480394399999994,MultiPolygon
way,163200530,Sayes Court Park,green_space_parks,-0.030993030019652184,51.484752349999994,MultiPolygon
way,163505835,Nightingale Green,green_space_parks,0.028769063883691694,51.5813215,MultiPolygon
way,163696582,Langdon Park,green_space_parks,-0.3165387178487268,51.4202065,MultiPolygon
way,163735245,Union Square,green_space_parks,-0.09468301434500824,51.535855749999996,MultiPolygon
way,163756824,,green_space_parks,-0.18085084494375783,51.46017085,MultiPolygon
way,163756825,,green_space_parks,-0.18120343500034605,51.4601368,MultiPolygon
way,163782938,,green_space_parks,-0.1812445145901619,51.46004755,MultiPolygon
way,163810590,Nightingale Park,green_space_parks,-0.09161605361070352,51.5450582,MultiPolygon
way,164202180,Church Yard of St Mary Aldermanbury,green_space_parks,-0.09310176409090931,51.5164532,MultiPolygon
relation,2191175,Spa Fields,green_space_parks,-0.10832769857785887,51.52549985,MultiPolygon
way,164699585,,green_space_parks,-0.025494265186382224,51.5040625,MultiPolygon
way,164699586,,green_space_parks,-0.025452281595260647,51.503701,MultiPolygon
way,164721382,,green_space_parks,-0.11100565280833255,51.4187354,MultiPolygon
way,164931481,,green_space_parks,-0.0894487951891432,51.509140450000004,MultiPolygon
way,165236259,Wendell Park,green_space_parks,-0.24825902772176256,51.5023192,MultiPolygon
way,165256669,Little Green,green_space_parks,-0.30456297553838246,51.4624114,MultiPolygon
way,165299725,Elthorne Park,green_space_parks,-0.3322529435451099,51.50149135,MultiPolygon
way,165775782,Streatham Memorial Garden,green_space_parks,-0.12925760016958723,51.42337525,MultiPolygon
way,166268959,Clears Croft,green_space_parks,-0.06383913495295637,51.3483599,MultiPolygon
way,166839657,,green_space_parks,-0.18399334278528168,51.46122245,MultiPolygon
way,166840590,,green_space_parks,-0.18524450314758145,51.4624492,MultiPolygon
way,166840595,,green_space_parks,-0.18579967426068833,51.462265200000004,MultiPolygon
way,167160822,,green_space_parks,-0.12944531422167455,51.3997603,MultiPolygon
way,167404019,,green_space_parks,-0.13175892209725432,51.471372200000005,MultiPolygon
way,168227245,Stepney Green Park,green_space_parks,-0.046321019145329836,51.5177898,MultiPolygon
way,169137580,Heathfield,green_space_parks,-0.0569333124962793,51.3569679,MultiPolygon
way,169781014,Ravensbury Park,green_space_parks,-0.17920679578367504,51.39679685,MultiPolygon
way,170205758,Postman's Park,green_space_parks,-0.09743284362217489,51.5168279,MultiPolygon
way,170206117,Bridgehouse Meadows,green_space_parks,-0.04878039980552901,51.48269635,MultiPolygon
way,170706726,Ilford War Memorial Gardens,green_space_parks,0.08740762884692974,51.5749088,MultiPolygon
way,171045243,,green_space_parks,-0.16437268760800314,51.3658289,MultiPolygon
way,171281194,,green_space_parks,-0.11056599605072116,51.47754705,MultiPolygon
way,171281195,,green_space_parks,-0.10917721986321735,51.4779998,MultiPolygon
way,171283617,,green_space_parks,-0.10641009931678608,51.47852175,MultiPolygon
way,171283624,,green_space_parks,-0.10801646655072315,51.47870985,MultiPolygon
way,171799190,Millers Pond,green_space_parks,-0.03459555982262704,51.3731987,MultiPolygon
way,171799293,Shirley Heath,green_space_parks,-0.02886077997382185,51.3649014,MultiPolygon
way,171799311,,green_space_parks,-0.0322928092383854,51.36513815,MultiPolygon
way,171799320,,green_space_parks,-0.03351987983781386,51.364492,MultiPolygon
way,171923084,,green_space_parks,-0.10194978725498469,51.480489899999995,MultiPolygon
way,172447765,Oakdale Play Area,green_space_parks,0.03532675625486337,51.593372349999996,MultiPolygon
way,175056750,New Barnet Reservoir,green_space_parks,-0.18931685901496118,51.64991155,MultiPolygon
way,175451578,,green_space_parks,0.014796405754848117,51.5731068,MultiPolygon
way,175589906,Jolly's Green,green_space_parks,-0.00944260137318853,51.51493790000001,MultiPolygon
way,176974845,Diamond Jubilee Gardens,green_space_parks,-0.32826464994562654,51.44540615,MultiPolygon
way,177218545,Vale Street MUGA,green_space_parks,-0.09402054934166103,51.43209855,MultiPolygon
way,177293764,,green_space_parks,-0.0711124681487712,51.5626736,MultiPolygon
way,177387726,Valley Road playing fields,green_space_parks,-0.117869862338044,51.4304579,MultiPolygon
way,177649897,,green_space_parks,-0.05942872763919853,51.5856686,MultiPolygon
way,178701388,Tivoli Park,green_space_parks,-0.10335063566041053,51.424859,MultiPolygon
way,178701424,,green_space_parks,-0.10543835894812148,51.422879249999994,MultiPolygon
way,178871559,Green Lane Sports Ground,green_space_parks,-0.1077590426927599,51.407850249999996,MultiPolygon
way,178871564,Thornton Heath Recreation Ground,green_space_parks,-0.1080078200583821,51.401742850000005,MultiPolygon
way,179091556,Eltham Common,green_space_parks,0.052010618166385476,51.4699073,MultiPolygon
way,180386131,Victoria Park,green_space_parks,-0.31454348705255086,51.389014700000004,MultiPolygon
way,180558309,Seething Lane Garden,green_space_parks,-0.07901059432064592,51.510204,MultiPolygon
way,181643010,Coulsdon Common,green_space_parks,-0.10610292068733261,51.297230049999996,MultiPolygon
way,181643016,Farthing Downs,green_space_parks,-0.13646374295729208,51.30671165,MultiPolygon
way,181643019,New Hill,green_space_parks,-0.12819781323817234,51.304288299999996,MultiPolygon
way,182091666,Spring Farm Park,green_space_parks,0.21588525177849466,51.519780499999996,MultiPolygon
way,182664732,Nightingale Square,green_space_parks,-0.15649577288373612,51.448186050000004,MultiPolygon
way,182779917,Bonnetts Wood,green_space_parks,0.23717468884114068,51.53698585,MultiPolygon
way,182825689,,green_space_parks,0.23580872754073848,51.54857295,MultiPolygon
way,182832569,,green_space_parks,0.22752607725310353,51.52942025,MultiPolygon
way,182866231,,green_space_parks,0.2368329092710498,51.53109645,MultiPolygon
way,183214571,,green_space_parks,0.20922669820390663,51.5120958,MultiPolygon
way,183242125,Canada Square Park,green_space_parks,-0.0179357671843938,51.50476735,MultiPolygon
way,183314390,,green_space_parks,-0.013216701902713852,51.50058445,MultiPolygon
way,183314392,,green_space_parks,-0.012762211764704219,51.50071215,MultiPolygon
way,183314397,,green_space_parks,-0.01308529368246079,51.5007727,MultiPolygon
way,183314400,,green_space_parks,-0.012812758256579057,51.5005527,MultiPolygon
way,183314405,,green_space_parks,-0.01299064593971921,51.500631999999996,MultiPolygon
way,183320023,,green_space_parks,-0.07368107406565844,51.41791255,MultiPolygon
way,183779292,Addington Park,green_space_parks,-0.03662981037209388,51.35646725,MultiPolygon
way,183779393,,green_space_parks,-0.03616431493061031,51.34833505,MultiPolygon
way,183848033,,green_space_parks,0.15196379113444997,51.55641325,MultiPolygon
way,184289118,St Luke's Memorial Garden,green_space_parks,-0.10354602899628244,51.43277355,MultiPolygon
way,185031658,,green_space_parks,-0.10981545606817011,51.46954335,MultiPolygon
way,185651761,Aveling Fields,green_space_parks,-0.020662486876540105,51.5953722,MultiPolygon
way,185770360,Richardson Evans Memorial Playing Fields,green_space_parks,-0.24942721980524976,51.435818299999994,MultiPolygon
way,185883145,Shepherds Hill Gardens,green_space_parks,-0.13506188758323856,51.579496750000004,MultiPolygon
way,185905100,Friern Bridge Open Space,green_space_parks,-0.14509147383619783,51.61036085,MultiPolygon
way,185905584,Millennium Green,green_space_parks,-0.13947512916666768,51.61264355,MultiPolygon
way,185905591,High Road Open Space,green_space_parks,-0.1389432555271089,51.6136499,MultiPolygon
way,185966882,Coronation Gardens,green_space_parks,-0.2004954943910258,51.44646135,MultiPolygon
way,186257338,,green_space_parks,-0.20097919613055587,51.452423800000005,MultiPolygon
way,186396545,,green_space_parks,-0.2214852472568578,51.45153845,MultiPolygon
way,186396611,,green_space_parks,-0.22184537168167662,51.4500869,MultiPolygon
way,186461253,,green_space_parks,-0.1711973773832838,51.4012733,MultiPolygon
way,186461254,,green_space_parks,-0.17142105534763002,51.40113755,MultiPolygon
way,186478875,Middle Green,green_space_parks,-0.29427253128658587,51.3901628,MultiPolygon
way,186483295,,green_space_parks,-0.011805699801836446,51.516757549999994,MultiPolygon
way,186513149,,green_space_parks,-0.29477511209676677,51.40138695,MultiPolygon
way,186513200,,green_space_parks,-0.2950194747787663,51.401599700000006,MultiPolygon
way,186513202,,green_space_parks,-0.2949912863024111,51.4017951,MultiPolygon
way,186574050,The Green,green_space_parks,0.06367464065426648,51.50712485,MultiPolygon
way,187070650,,green_space_parks,-0.172910376690822,51.5973945,MultiPolygon
way,187124155,Oak Lane Open Space,green_space_parks,-0.1750777075223205,51.59564655,MultiPolygon
way,187272250,Erebus Gardens,green_space_parks,-0.022836699527560962,51.50179445,MultiPolygon
way,187714481,Halliwick Recreation Ground,green_space_parks,-0.15198903379957535,51.60117255,MultiPolygon
way,188045218,Manchester Estate Gardens,green_space_parks,-0.007720602912933909,51.491509449999995,MultiPolygon
way,188051436,Indescon Square,green_space_parks,-0.020255556101137363,51.49844815,MultiPolygon
way,188051443,,green_space_parks,-0.02083082910256419,51.4989464,MultiPolygon
way,188051444,,green_space_parks,-0.020463473811096252,51.49891425,MultiPolygon
way,188051445,,green_space_parks,-0.02081828467262898,51.498649099999994,MultiPolygon
way,188051446,,green_space_parks,-0.020765577335972292,51.4984075,MultiPolygon
way,188130997,,green_space_parks,-0.0012902071144341382,51.50885675000001,MultiPolygon
way,188492303,Bow Creek Ecology Park,green_space_parks,0.003578349552867688,51.512617,MultiPolygon
way,188494277,,green_space_parks,-0.08548216657303256,51.5391175,MultiPolygon
way,188641567,,green_space_parks,-0.08098946101105414,51.5467476,MultiPolygon
way,188692126,,green_space_parks,-0.015307297230113533,51.49325135,MultiPolygon
way,188692127,,green_space_parks,-0.015268342751112267,51.4935778,MultiPolygon
way,189068713,Riddlesdown,green_space_parks,-0.0915623175903365,51.324403649999994,MultiPolygon
way,189118063,,green_space_parks,-0.019796973606647894,51.487638200000006,MultiPolygon
way,189705396,Friedrick Street Garden,green_space_parks,-0.11611181295664805,51.52845225,MultiPolygon
way,190922878,Avery Hill Park,green_space_parks,0.07631847485569955,51.4482722,MultiPolygon
way,190922880,Oxleas Meadow,green_space_parks,0.07036571541928102,51.4645046,MultiPolygon
way,190922882,Shrewsbury Park,green_space_parks,0.07702994610638099,51.4755959,MultiPolygon
way,190935612,Hornfair Park,green_space_parks,0.04420635572174633,51.475595049999995,MultiPolygon
way,191319520,,green_space_parks,-0.20021157079796362,51.524985900000004,MultiPolygon
way,191388564,Cathall Green,green_space_parks,0.0028866285391556832,51.559757250000004,MultiPolygon
way,191480032,Graham Green,green_space_parks,-0.09989619116863657,51.591197199999996,MultiPolygon
way,191573685,,green_space_parks,-0.008988715121707364,51.5066134,MultiPolygon
way,192339958,Pencil Park,green_space_parks,-0.12078155205959042,51.45229495,MultiPolygon
way,192339966,Rush Common,green_space_parks,-0.12183998199999851,51.450282900000005,MultiPolygon
way,192698582,Brent River Park,green_space_parks,-0.3435175209940433,51.50603585,MultiPolygon
way,192698584,St Margaret's Open Space,green_space_parks,-0.3427085272534543,51.50343565,MultiPolygon
way,192909236,,green_space_parks,-0.09688431490488988,51.522790099999995,MultiPolygon
way,192920262,Leaves Green,green_space_parks,0.030500840370249777,51.33772965,MultiPolygon
way,192964130,,green_space_parks,0.02557971191438013,51.50781805,MultiPolygon
way,192964701,Royal Victoria Square,green_space_parks,0.02409532460779653,51.50772095,MultiPolygon
way,192975740,Elmers End Recreation Ground,green_space_parks,-0.047792291011088325,51.3945522,MultiPolygon
way,193001930,,green_space_parks,-0.007885676499291346,51.49588265,MultiPolygon
way,193006246,,green_space_parks,-0.006998430904093153,51.49617285,MultiPolygon
way,193044330,,green_space_parks,-0.005824989403768879,51.4947428,MultiPolygon
way,193044331,,green_space_parks,-0.006168500593825387,51.495315500000004,MultiPolygon
way,193885821,,green_space_parks,-0.04972601476683945,51.5112654,MultiPolygon
way,194058530,,green_space_parks,-0.2863848510587299,51.556583149999994,MultiPolygon
way,194526314,,green_space_parks,-0.08853390816658169,51.42538665,MultiPolygon
way,194557832,Manor House Grounds (Phoola Walla Park),green_space_parks,-0.37991514198423115,51.502533,MultiPolygon
way,194677196,Kingston Road Recreation Ground,green_space_parks,-0.2786048663220423,51.4040722,MultiPolygon
way,195034836,,green_space_parks,-0.23115570267126895,51.39938635,MultiPolygon
way,195127540,Holly Road Garden,green_space_parks,-0.32955037106724683,51.44676855,MultiPolygon
way,195546712,,green_space_parks,-0.09559239120868177,51.5226916,MultiPolygon
way,196757423,Pennyfields Park,green_space_parks,-0.022841957404313863,51.509833400000005,MultiPolygon
way,196774003,,green_space_parks,-0.35629348865021593,51.5050882,MultiPolygon
way,196841450,South Park,green_space_parks,0.043852230832946884,51.3604629,MultiPolygon
way,197447141,Rectory Gardens,green_space_parks,-0.03247636355826809,51.5120381,MultiPolygon
way,197483373,,green_space_parks,-0.36763554454718683,51.495495250000005,MultiPolygon
way,197787758,Rise Park,green_space_parks,0.18462455650502888,51.598813750000005,MultiPolygon
way,198302880,,green_space_parks,-0.0778385208843762,51.5485328,MultiPolygon
way,198483584,,green_space_parks,-0.11532518277498893,51.543669449999996,MultiPolygon
way,198508546,Scratchwood Park,green_space_parks,-0.2577633733509459,51.639249050000004,MultiPolygon
way,198508551,Scratchwood Park,green_space_parks,-0.25638647936786085,51.63970225,MultiPolygon
way,198626620,Jutsums Park,green_space_parks,0.16233915291498668,51.569471899999996,MultiPolygon
way,198636956,Highwood Park,green_space_parks,-0.24470143158719587,51.6267012,MultiPolygon
way,198677511,Wyatts Farm Open Space,green_space_parks,-0.18563340763264208,51.63938065,MultiPolygon
way,198677745,Brook Farm Open Space,green_space_parks,-0.18412643081068014,51.634449200000006,MultiPolygon
way,198679540,,green_space_parks,-0.17665872628373477,51.634825750000005,MultiPolygon
relation,7407061,Chase Lodge Playing Field,green_space_parks,-0.230112306530476,51.6069982,MultiPolygon
way,198731130,Giesbach Road Open Space,green_space_parks,-0.13238674310643944,51.56604655,MultiPolygon
way,198993851,,green_space_parks,-0.26010602049037335,51.6109589,MultiPolygon
way,199105704,Rushgrove Park,green_space_parks,-0.24321498793909602,51.58887425,MultiPolygon
way,199558834,Westway Garden,green_space_parks,-0.21981902302458817,51.51507635,MultiPolygon
way,200017049,,green_space_parks,-0.2527534277423624,51.595127250000004,MultiPolygon
way,201053712,Malcolm Park,green_space_parks,-0.23781628752548173,51.583396300000004,MultiPolygon
way,201639605,Sudbrook Park,green_space_parks,-0.299587109138363,51.43887745,MultiPolygon
way,202146815,,green_space_parks,-0.18409566692382046,51.596003249999995,MultiPolygon
way,202454125,,green_space_parks,-0.17742887191561688,51.6046568,MultiPolygon
way,202992027,Claybury Park,green_space_parks,0.06640627978858211,51.6008722,MultiPolygon
way,203139963,Shirley Church Recreation Ground,green_space_parks,-0.047226202632757404,51.370851099999996,MultiPolygon
way,203760105,,green_space_parks,-0.28602940102437124,51.577558499999995,MultiPolygon
way,203763631,,green_space_parks,-0.28876186023537165,51.5764062,MultiPolygon
way,203792493,,green_space_parks,0.05247158300567437,51.4622406,MultiPolygon
way,203792494,King George's Field,green_space_parks,0.05283170785209179,51.4685315,MultiPolygon
way,204258605,,green_space_parks,-0.12278652260493866,51.488418949999996,MultiPolygon
way,204260070,,green_space_parks,-0.11445382283671926,51.5049683,MultiPolygon
way,204838871,Bricklayers Arms Roundabout,green_space_parks,-0.08566846877116496,51.494412600000004,MultiPolygon
way,204867727,,green_space_parks,-0.07637521274497747,51.3355418,MultiPolygon
way,204903775,Tortoise Green,green_space_parks,-0.30892073676319437,51.51696065,MultiPolygon
way,205324656,Wingfield Park,green_space_parks,-0.013061292854240687,51.58023235,MultiPolygon
way,205695310,,green_space_parks,-0.18143022492381292,51.5929237,MultiPolygon
way,205782504,,green_space_parks,-0.10838616453223385,51.476867799999994,MultiPolygon
way,205782505,,green_space_parks,-0.10785473912253009,51.47699905,MultiPolygon
way,205782886,,green_space_parks,-0.10921089195192542,51.476855549999996,MultiPolygon
way,206237161,,green_space_parks,-0.17172190640860427,51.4799292,MultiPolygon
way,206554425,,green_space_parks,-0.319066650000002,51.4453484,MultiPolygon
way,206554427,King George's Field,green_space_parks,-0.31834104573658517,51.4430032,MultiPolygon
way,206554428,,green_space_parks,-0.32044558510597465,51.444137350000005,MultiPolygon
way,206556281,,green_space_parks,-0.31035671719626323,51.4422612,MultiPolygon
way,206602612,Rowan Road Recreation Ground,green_space_parks,-0.14090900525484096,51.4082372,MultiPolygon
way,207203665,,green_space_parks,-0.31027638212357356,51.42695435,MultiPolygon
way,207299104,Wapping Rose Gardens,green_space_parks,-0.05879819399725486,51.503785449999995,MultiPolygon
way,207444218,,green_space_parks,-0.3341450200627903,51.43813705,MultiPolygon
way,207639253,Eckington Gardens,green_space_parks,-0.04717553346394575,51.477446650000005,MultiPolygon
way,207880879,Broom Road Recreation Ground,green_space_parks,-0.30889590344401385,51.4220612,MultiPolygon
way,207896802,Dan Leno Gardens,green_space_parks,-0.10641594165564089,51.47715565,MultiPolygon
way,208218276,Queen's Green,green_space_parks,0.21929132454514424,51.56474765,MultiPolygon
way,208637759,Happy Valley,green_space_parks,-0.12160985230281389,51.2954376,MultiPolygon
way,208637833,,green_space_parks,-0.12549276941600038,51.29846285,MultiPolygon
way,210101193,The Glade,green_space_parks,-0.11449134085650875,51.33090675,MultiPolygon
way,210390823,,green_space_parks,-0.02197654356376391,51.5092659,MultiPolygon
way,210746655,Petergate Green,green_space_parks,-0.18098218715785774,51.46255815000001,MultiPolygon
way,212540483,Southmere Park,green_space_parks,0.1326248229670054,51.50004835,MultiPolygon
way,216533857,,green_space_parks,-0.024697996933768812,51.5963009,MultiPolygon
way,216878194,Rocks Lane Sports Centre,green_space_parks,-0.23512996828508925,51.47164685,MultiPolygon
way,217364422,,green_space_parks,-0.11559912173645441,51.535016049999996,MultiPolygon
way,217565809,,green_space_parks,-0.0021771224082343223,51.59142055,MultiPolygon
way,218499151,Kenley Common,green_space_parks,-0.08913761462755769,51.30706265,MultiPolygon
way,218949580,Waddon Ponds,green_space_parks,-0.12050390026238718,51.370044500000006,MultiPolygon
way,220269217,,green_space_parks,-0.3392249316140148,51.55219115,MultiPolygon
way,220362653,,green_space_parks,-0.06202620416863432,51.5298954,MultiPolygon
way,220362655,Middleton Green,green_space_parks,-0.05978674585352973,51.52930245,MultiPolygon
way,220363361,Nightingale Gardens,green_space_parks,-0.11717438247246473,51.59972735,MultiPolygon
way,220859061,Perivale East Meadow,green_space_parks,-0.32875702119316064,51.53150685,MultiPolygon
way,220859062,,green_space_parks,-0.32827084553679,51.53043185,MultiPolygon
way,220860026,,green_space_parks,-0.33338511770088874,51.53002745,MultiPolygon
way,220920776,,green_space_parks,-0.355391040401542,51.52881585,MultiPolygon
way,221191528,Dormers Wells Moated Manor,green_space_parks,-0.36189137022939594,51.51501125,MultiPolygon
way,221337656,,green_space_parks,-0.35901170342262945,51.51543675,MultiPolygon
way,222162713,Cuckoo Park,green_space_parks,-0.3354406857591825,51.52002345,MultiPolygon
way,222212960,,green_space_parks,-0.3529460163875168,51.5057677,MultiPolygon
way,222216441,,green_space_parks,-0.3523880246462029,51.5084973,MultiPolygon
way,222376988,Medlar Fields,green_space_parks,-0.3820516564750863,51.5378862,MultiPolygon
way,222632996,,green_space_parks,-0.3559969042979933,51.5356534,MultiPolygon
way,222632997,,green_space_parks,-0.3535124889051692,51.5354724,MultiPolygon
way,222687370,,green_space_parks,-0.3713946081012071,51.53366305,MultiPolygon
way,222712430,Westerly Ware,green_space_parks,-0.28637948242561484,51.48589885,MultiPolygon
way,222917906,,green_space_parks,-0.3688338519842942,51.544816350000005,MultiPolygon
way,223039413,,green_space_parks,-0.38155717792599736,51.551987499999996,MultiPolygon
way,223040040,Priors Field,green_space_parks,-0.38359802873134013,51.5479363,MultiPolygon
way,223297998,,green_space_parks,-0.3684379201686404,51.55130135,MultiPolygon
way,223418696,Lime Tree Park,green_space_parks,-0.3905207778030735,51.5403309,MultiPolygon
way,224131723,Pitshanger Park,green_space_parks,-0.31951505327859764,51.5279735,MultiPolygon
way,224178089,Cann Hall Park,green_space_parks,0.01564534590456896,51.55743075,MultiPolygon
way,224260901,Castlebar Park,green_space_parks,-0.3306928540263341,51.5226155,MultiPolygon
way,224360985,,green_space_parks,-0.28725115656902267,51.53059985,MultiPolygon
way,224496645,,green_space_parks,-0.28412961782003987,51.53074625,MultiPolygon
way,224650841,Brentham Meadows,green_space_parks,-0.30641698351138985,51.53015255,MultiPolygon
way,224678210,Horsenden Hill Open Space,green_space_parks,-0.32697431390306086,51.5464146,MultiPolygon
way,224810378,,green_space_parks,-0.1678736297534436,51.53020600000001,MultiPolygon
way,224810379,,green_space_parks,-0.16769857608400857,51.5301391,MultiPolygon
way,224810380,,green_space_parks,-0.1678842249324319,51.53005485,MultiPolygon
relation,16189646,,green_space_parks,-0.1680576688749223,51.52696755,MultiPolygon
way,225012737,Brompton Park,green_space_parks,-0.1932423697754112,51.483433950000006,MultiPolygon
way,225383555,Stevenage Park,green_space_parks,-0.22230334855660577,51.475858,MultiPolygon
way,225691860,,green_space_parks,-0.4245503323084908,51.5762014,MultiPolygon
way,226277076,,green_space_parks,-0.025791512594546973,51.5389546,MultiPolygon
way,226321211,King George's Field,green_space_parks,-0.09004672329119875,51.38710855,MultiPolygon
way,226449430,Painters Lane Neighbourhood Park,green_space_parks,-0.03376932093217785,51.67951265,MultiPolygon
way,226640413,Diversity Garden,green_space_parks,-0.10296964436057654,51.4993542,MultiPolygon
way,226640415,,green_space_parks,-0.10329048552631273,51.4992268,MultiPolygon
way,226894511,Vicarage Lane Play Park,green_space_parks,0.08785150467490858,51.566496900000004,MultiPolygon
relation,9446633,Ealing Common,green_space_parks,-0.2938610652546839,51.509877849999995,MultiPolygon
way,228005551,St Paul's Park,green_space_parks,-0.08885599601889345,51.54607515,MultiPolygon
way,228191685,MacColl Gardens,green_space_parks,-0.062064746827677764,51.42845105000001,MultiPolygon
way,228191687,Baird Gardens,green_space_parks,-0.06403396974509667,51.42782805,MultiPolygon
way,228375455,Kirkdale Green,green_space_parks,-0.05653324235545015,51.4287564,MultiPolygon
way,228849250,Mary Ann Gardens,green_space_parks,-0.024171263381941872,51.48005165,MultiPolygon
way,228849258,Crossfield Open Space,green_space_parks,-0.02366804630640007,51.4789027,MultiPolygon
way,229181253,Elmwood Park,green_space_parks,-0.32430803110236306,51.5622922,MultiPolygon
way,229199157,Mapesbury Dell,green_space_parks,-0.21331671524651633,51.55285625,MultiPolygon
way,229399767,,green_space_parks,-0.07340911127965613,51.5884477,MultiPolygon
way,229417159,Page Green Common,green_space_parks,-0.07088020949039878,51.58386315,MultiPolygon
way,230059447,,green_space_parks,-0.0307390555661152,51.433400250000005,MultiPolygon
way,230422056,Montague Square,green_space_parks,-0.05337169912714725,51.47731485,MultiPolygon
way,230483524,Cranleigh Gardens,green_space_parks,-0.3772365629845379,51.52028275,MultiPolygon
way,230573891,,green_space_parks,-0.059060553148287565,51.5865852,MultiPolygon
way,230573893,,green_space_parks,-0.05792683618304605,51.5866044,MultiPolygon
way,230761703,,green_space_parks,0.17736750249979932,51.4755622,MultiPolygon
way,231123755,,green_space_parks,-0.08137891620072753,51.345427099999995,MultiPolygon
way,231831406,,green_space_parks,0.01109839988436586,51.537365449999996,MultiPolygon
way,231867400,Community Garden,green_space_parks,-0.09155885199115107,51.5324836,MultiPolygon
way,232067458,South Norwood Country Park,green_space_parks,-0.056797488450181316,51.396487750000006,MultiPolygon
way,232067478,Love Lane Green,green_space_parks,-0.06228835073274687,51.4005856,MultiPolygon
way,232844911,Gallions Reach Park,green_space_parks,0.09196004608721522,51.5031056,MultiPolygon
way,232886216,Heathfield Square,green_space_parks,-0.17940512661151026,51.4487697,MultiPolygon
way,233188776,,green_space_parks,-0.030422062932982892,51.48134425,MultiPolygon
way,233452242,Champions Wharf,green_space_parks,-0.3246802528705943,51.44659505,MultiPolygon
way,233499575,Beaconsfield Gardens,green_space_parks,-0.26379344102597957,51.49739,MultiPolygon
way,233499578,,green_space_parks,-0.2647326686731184,51.49848955,MultiPolygon
way,233658370,Albion Millennium Green,green_space_parks,-0.05401037482076794,51.43510105,MultiPolygon
way,234426884,Southall Park,green_space_parks,-0.36965093782737424,51.5094888,MultiPolygon
way,235053650,Tile Kiln Lane Open Space,green_space_parks,-0.09085620995405587,51.61538885,MultiPolygon
way,235219187,,green_space_parks,-0.16406923244492233,51.41301145,MultiPolygon
way,235474237,Three Bridges Park,green_space_parks,-0.3557969539170507,51.5040563,MultiPolygon
way,235477792,Bixley Field,green_space_parks,-0.374195552307813,51.49870795,MultiPolygon
way,235477793,Canalway Park,green_space_parks,-0.36900439555862175,51.499984850000004,MultiPolygon
way,235479135,,green_space_parks,-0.3866955145921771,51.49514155,MultiPolygon
way,237038450,Cumberland Wharf,green_space_parks,-0.05171737401815697,51.502391900000006,MultiPolygon
way,237073392,,green_space_parks,-0.04772310056445439,51.5038778,MultiPolygon
way,237182068,,green_space_parks,-0.05364844070182141,51.63303325,MultiPolygon
way,238807833,Tenterden Sports Ground,green_space_parks,-0.2969282557320654,51.5745454,MultiPolygon
relation,3225813,Peckham Rye Common,green_space_parks,-0.0631883777872386,51.4601935,MultiPolygon
relation,3225814,Peckham Rye Park,green_space_parks,-0.06005647518557562,51.4564485,MultiPolygon
way,239339331,,green_space_parks,0.06747650557359233,51.5070007,MultiPolygon
way,239470722,,green_space_parks,0.18927306380765488,51.58884495,MultiPolygon
way,239549290,,green_space_parks,-0.19844015554231814,51.545128899999995,MultiPolygon
way,239602518,,green_space_parks,-0.0717863830183317,51.5335885,MultiPolygon
way,239860479,,green_space_parks,0.02501132852016827,51.50769835,MultiPolygon
way,240132553,,green_space_parks,-0.10420951402937426,51.50233945,MultiPolygon
way,241028370,Clayponds Recreation Ground,green_space_parks,-0.3050679716924185,51.4952368,MultiPolygon
way,241230744,Old Farm Park,green_space_parks,0.08963524017626806,51.43619735,MultiPolygon
way,242283708,,green_space_parks,-0.14274902616796104,51.485913100000005,MultiPolygon
way,242285420,,green_space_parks,-0.12517417999397834,51.4805797,MultiPolygon
way,242295180,,green_space_parks,-0.13995144010080018,51.486479450000004,MultiPolygon
way,242295181,,green_space_parks,-0.14033790251780404,51.4873855,MultiPolygon
relation,3290054,Brewery Square,green_space_parks,-0.10204203920788561,51.523873449999996,MultiPolygon
way,243348035,,green_space_parks,-0.10205713933206087,51.52382145,MultiPolygon
way,244083740,,green_space_parks,0.18251629931696783,51.612731049999994,MultiPolygon
way,244659179,Vallance Gardens,green_space_parks,-0.06291181422731643,51.5200636,MultiPolygon
way,245252994,,green_space_parks,-0.11458131457075743,51.3939349,MultiPolygon
way,245293096,Burder Close Community Space,green_space_parks,-0.07745547912289051,51.547806550000004,MultiPolygon
way,245606737,Brenley Park,green_space_parks,-0.15463216965686835,51.404296,MultiPolygon
way,245694194,Johnian's,green_space_parks,0.010195388107094793,51.58518065,MultiPolygon
way,245694196,,green_space_parks,0.008964982621632,51.58443115,MultiPolygon
way,245694464,,green_space_parks,0.006974230981400266,51.58481325,MultiPolygon
way,245694583,,green_space_parks,0.004833591277649125,51.5846404,MultiPolygon
relation,3326127,Bessingby Playing Fields,green_space_parks,-0.40098252546069046,51.5676786,MultiPolygon
way,246286782,Warner Green,green_space_parks,-0.06551315147365873,51.52892275000001,MultiPolygon
way,248170299,Addington Square,green_space_parks,-0.09226128789894118,51.48104325,MultiPolygon
way,248436672,,green_space_parks,-0.1754082908428949,51.4770537,MultiPolygon
way,248673639,,green_space_parks,-0.43555069020599985,51.5233533,MultiPolygon
way,248673642,Rosedale Park,green_space_parks,-0.4262849721772022,51.522416199999995,MultiPolygon
way,248677008,Botanic Gardens,green_space_parks,-0.42304760477059455,51.52044465,MultiPolygon
way,248975367,Stonebridge Wharf,green_space_parks,-0.03550508981704878,51.5144717,MultiPolygon
way,249216565,Morley Park,green_space_parks,-0.2401204866813067,51.41629895,MultiPolygon
way,250683431,,green_space_parks,0.13876449227710183,51.46285435,MultiPolygon
way,251501865,Eton Grove Open Space,green_space_parks,-0.2757475084811961,51.59191025,MultiPolygon
way,251523253,,green_space_parks,-0.3332940612478036,51.62569085,MultiPolygon
way,251610025,,green_space_parks,-0.18140822735241136,51.46076385,MultiPolygon
way,251610026,,green_space_parks,-0.18181992393666466,51.46062645,MultiPolygon
way,251610027,,green_space_parks,-0.18201758955996838,51.461038099999996,MultiPolygon
way,251610028,,green_space_parks,-0.1816829214666642,51.4611527,MultiPolygon
way,253359435,West Hackney Recreational,green_space_parks,-0.07237430842279763,51.556996,MultiPolygon
way,253833788,,green_space_parks,-0.429909920076382,51.438761400000004,MultiPolygon
way,255470392,East End Road open space,green_space_parks,-0.17386526376282047,51.5906353,MultiPolygon
way,256357052,Folkes Lane Wood,green_space_parks,0.2732325693214791,51.5825465,MultiPolygon
way,256486119,,green_space_parks,-0.12915080319667208,51.49987735,MultiPolygon
way,256586360,Pratts Bottom Village Green,green_space_parks,0.11154291156613283,51.33951295,MultiPolygon
relation,3439360,St Mary's Gardens,green_space_parks,-0.12022913733061891,51.4945778,MultiPolygon
way,258000513,Sutcliffe Park,green_space_parks,0.029375428142399213,51.454751,MultiPolygon
way,259393673,Sanderstead Recreation Ground,green_space_parks,-0.07922984625538237,51.33249015,MultiPolygon
way,260107774,Bramshill Road Open Space,green_space_parks,-0.24954161104415332,51.53413925,MultiPolygon
relation,20149013,Petherton Green,green_space_parks,-0.09032877865486408,51.552211850000006,MultiPolygon
way,260459643,Market Road Garden,green_space_parks,-0.12038763539259772,51.546336,MultiPolygon
way,261926423,Fallen Oak Field,green_space_parks,-0.05933081013407718,51.3503363,MultiPolygon
way,261963690,,green_space_parks,-0.27678769919964374,51.409941950000004,MultiPolygon
way,262080440,,green_space_parks,-0.2598015272915313,51.539597900000004,MultiPolygon
way,262748978,Plumstead Common,green_space_parks,0.08231820695220293,51.481573749999995,MultiPolygon
way,262748981,Winns Common,green_space_parks,0.09478269224044394,51.48218075,MultiPolygon
way,262749074,,green_space_parks,0.09898112641643797,51.4801432,MultiPolygon
way,264140470,Corrigan Recreation Ground,green_space_parks,-0.1620048140192756,51.325379999999996,MultiPolygon
way,264387831,,green_space_parks,-0.06683964709835014,51.327381,MultiPolygon
way,264710273,Albert Gardens,green_space_parks,-0.04717433361044493,51.51267155,MultiPolygon
way,265619706,,green_space_parks,-0.12474818372121468,51.40828525,MultiPolygon
way,265879385,,green_space_parks,-0.03298756432481358,51.34831315,MultiPolygon
way,265879403,North Downs Park,green_space_parks,-0.023989414264969422,51.34535435,MultiPolygon
way,265879406,,green_space_parks,-0.023709932881458486,51.3579823,MultiPolygon
way,266109141,,green_space_parks,-0.19067328842785036,51.43426715,MultiPolygon
way,266111075,,green_space_parks,-0.18621381832499057,51.4266506,MultiPolygon
way,273178739,Build Up Hackney,green_space_parks,-0.04579619651511725,51.545146149999994,MultiPolygon
way,273858694,Addington Vale,green_space_parks,-0.01108998081430206,51.343746100000004,MultiPolygon
way,275138935,Sumatra Road Open Space,green_space_parks,-0.1966868264230683,51.549673549999994,MultiPolygon
way,275794378,Trafalgar Gardens,green_space_parks,-0.04287408494445406,51.51941305,MultiPolygon
way,275794385,Rectory Square,green_space_parks,-0.0446559543289764,51.5192063,MultiPolygon
way,277915544,Udney Hall Gardens,green_space_parks,-0.32436414358383064,51.42748125,MultiPolygon
way,280020804,Dovecote Gardens,green_space_parks,-0.25965256895768773,51.4700817,MultiPolygon
way,280612195,,green_space_parks,-0.1241627663102493,51.5478496,MultiPolygon
way,280975513,Price's Park,green_space_parks,-0.17981749869472746,51.46795175,MultiPolygon
way,281845426,,green_space_parks,-0.0722013479193654,51.58175925,MultiPolygon
way,282900484,Holland Garden,green_space_parks,-0.23141089554455185,51.41526585,MultiPolygon
way,285245099,Hollickwood Park,green_space_parks,-0.14148211351060114,51.6073563,MultiPolygon
way,287194955,,green_space_parks,-0.17843724184635779,51.466556600000004,MultiPolygon
way,288305096,St Alfege Park,green_space_parks,-0.011708838938918996,51.4806761,MultiPolygon
way,288899759,,green_space_parks,-0.057619859137804964,51.44485785,MultiPolygon
way,288903643,Baxters Field,green_space_parks,-0.0608934070800277,51.435188749999995,MultiPolygon
way,289336284,Becondale Road Open Space,green_space_parks,-0.08447148639745797,51.42257295,MultiPolygon
way,289808341,Bowes Park Community Garden,green_space_parks,-0.11603432597462657,51.6061707,MultiPolygon
way,289855349,,green_space_parks,-0.044291923687434426,51.4435484,MultiPolygon
way,289907625,,green_space_parks,-0.05094948903318814,51.437505599999994,MultiPolygon
way,290487397,,green_space_parks,-0.05128702181246079,51.431753150000006,MultiPolygon
way,291614966,,green_space_parks,-0.162418669750519,51.644126150000005,MultiPolygon
way,291730631,The Spit,green_space_parks,-0.19468628613238637,51.461596650000004,MultiPolygon
way,292406918,Main Lawn,green_space_parks,-0.21491343427437387,51.4701493,MultiPolygon
way,292657959,Trinity Gardens,green_space_parks,-0.11896447963248333,51.46159315,MultiPolygon
way,292716717,Bishop's Meadow,green_space_parks,-0.216459522232607,51.4697408,MultiPolygon
way,293352968,Sparrows Den,green_space_parks,-0.010564896182369932,51.36745515,MultiPolygon
way,293354611,Spring Park,green_space_parks,-0.017530141396658917,51.3664042,MultiPolygon
way,294263442,South Marsh,green_space_parks,-0.027365113342666746,51.553210750000005,MultiPolygon
way,294263443,North Marsh,green_space_parks,-0.031231645224293503,51.5576438,MultiPolygon
way,294890493,Selwyn Green,green_space_parks,-0.03285215299044388,51.53040635,MultiPolygon
way,295917329,Claylands Road Open Space,green_space_parks,-0.11613327480475127,51.481378199999995,MultiPolygon
way,296455076,Agnes Riley Gardens,green_space_parks,-0.13810266495236767,51.448988,MultiPolygon
way,296586275,Grove Road Gardens,green_space_parks,-0.290254761767762,51.4552751,MultiPolygon
way,296587322,,green_space_parks,-0.2917792091927466,51.4552374,MultiPolygon
way,296587452,,green_space_parks,-0.29101781414990047,51.45583805,MultiPolygon
way,299292350,Wyck Gardens,green_space_parks,-0.10471363797043048,51.46533945,MultiPolygon
way,300330159,Ruskin Park,green_space_parks,-0.09451843616157511,51.464278500000006,MultiPolygon
relation,2200771,Queen Elizabeth Olympic Park,green_space_parks,-0.017177215279767774,51.54496,MultiPolygon
way,304520592,Riverside Park,green_space_parks,-0.07892720480469897,51.64415285,MultiPolygon
way,304951354,,green_space_parks,-0.05859163059700132,51.5260205,MultiPolygon
way,305195115,Jubilee Park,green_space_parks,-0.0592798406750711,51.6345041,MultiPolygon
way,306030887,Lee Road Open Space,green_space_parks,-0.0607561149375499,51.63988395,MultiPolygon
way,306554777,Brussels Wharf,green_space_parks,-0.051712946636248106,51.507965049999996,MultiPolygon
way,307058750,Blake Park Recreation Ground,green_space_parks,-0.01970763725563747,51.381123,MultiPolygon
way,307058757,Parkfields Recreation Ground,green_space_parks,-0.03933627062446063,51.378803250000004,MultiPolygon
way,307879923,Bedfords Park,green_space_parks,0.19424407641128175,51.606949650000004,MultiPolygon
way,308096793,,green_space_parks,-0.10070838552631348,51.3864766,MultiPolygon
way,308128768,James Clavell Square,green_space_parks,0.070805602366179,51.494537050000005,MultiPolygon
way,310302740,,green_space_parks,-0.025056368606950194,51.53105345,MultiPolygon
way,311266203,,green_space_parks,-0.09937640000000006,51.521885,MultiPolygon
way,311644290,,green_space_parks,0.12268716946537027,51.487906550000005,MultiPolygon
way,311644291,,green_space_parks,0.1175394431535278,51.48089245,MultiPolygon
way,311644292,,green_space_parks,0.12053474035712862,51.47985935,MultiPolygon
way,311644324,Lesnes Abbey Wood Recreation Ground,green_space_parks,0.1328910129888141,51.48996165,MultiPolygon
way,314773874,,green_space_parks,-0.3769020004189243,51.55328845,MultiPolygon
way,316093754,,green_space_parks,-0.38012723029366036,51.530894849999996,MultiPolygon
way,316361305,Bridge House Gardens,green_space_parks,-0.30596072897269555,51.457712400000005,MultiPolygon
relation,4264324,Richmond Green,green_space_parks,-0.3068612193622802,51.46168445,MultiPolygon
way,316637518,,green_space_parks,-0.3109040412462569,51.46226005,MultiPolygon
way,316788899,,green_space_parks,-0.28946111201187663,51.4584014,MultiPolygon
way,316788901,Pesthouse Common,green_space_parks,-0.28872939088274785,51.459383349999996,MultiPolygon
way,317371674,,green_space_parks,-0.3524177807508371,51.50741445,MultiPolygon
way,318548465,,green_space_parks,-0.1914203967250808,51.4528191,MultiPolygon
way,319066746,,green_space_parks,0.1053936454199218,51.360342450000005,MultiPolygon
way,320778151,St Thomas's Recreation Ground,green_space_parks,-0.05418160817152022,51.54141015,MultiPolygon
way,321447857,Queenstown Green,green_space_parks,-0.14963028248420238,51.47071885,MultiPolygon
way,321496805,Park Road Green,green_space_parks,-0.4252331251051856,51.52388455,MultiPolygon
way,321519049,,green_space_parks,-0.3537772573313784,51.57221785,MultiPolygon
way,324785405,,green_space_parks,-0.3739627240360498,51.50045915,MultiPolygon
way,325480054,All-Mead Gardens,green_space_parks,-0.034580897028509194,51.5509963,MultiPolygon
way,326210749,,green_space_parks,-0.22076429338494552,51.442837850000004,MultiPolygon
way,326210751,,green_space_parks,-0.21920525646564476,51.4427649,MultiPolygon
way,326380090,Trumpers Field,green_space_parks,-0.3416048583758329,51.50233495,MultiPolygon
way,326380091,Jubilee Meadow and Blackberry Corner,green_space_parks,-0.3486951239024676,51.504012849999995,MultiPolygon
way,326537626,,green_space_parks,-0.25688843206053186,51.435541650000005,MultiPolygon
way,326755946,,green_space_parks,-0.2475955295509657,51.38241375,MultiPolygon
way,326755960,,green_space_parks,-0.24969536847055745,51.3837815,MultiPolygon
way,327078731,Elthorne Waterside (Elthorne Rough),green_space_parks,-0.3337192931019362,51.49850615,MultiPolygon
way,328406470,Willow Tree Open Space,green_space_parks,-0.3795067047432965,51.52357935,MultiPolygon
way,329461645,,green_space_parks,0.11369922776421369,51.496706700000004,MultiPolygon
way,329466338,,green_space_parks,0.11713746878542686,51.488758700000005,MultiPolygon
way,329742885,Whittington Park,green_space_parks,-0.12898894449668674,51.561862250000004,MultiPolygon
way,329982358,Canal Park,green_space_parks,-0.022072964303899885,51.54466695,MultiPolygon
way,329985388,Canal Park (North),green_space_parks,-0.023590316671521384,51.546062,MultiPolygon
way,330515326,,green_space_parks,-0.2434300529670476,51.4944129,MultiPolygon
way,330777963,Mary Seacole Memorial Park,green_space_parks,-0.2348144798240307,51.526216149999996,MultiPolygon
way,330952390,Riverside Gardens,green_space_parks,-0.12895857488666035,51.484734450000005,MultiPolygon
way,331932261,,green_space_parks,-0.2643618473822955,51.56114195000001,MultiPolygon
way,331932262,,green_space_parks,-0.2642153393117954,51.5602981,MultiPolygon
way,332918656,All Saints Church,green_space_parks,-0.011630618120857932,51.51043355,MultiPolygon
way,334098562,Rockliffe Gardens,green_space_parks,0.0995225791163728,51.47705905,MultiPolygon
way,338497534,Sun Square,green_space_parks,-0.24751182454728465,51.4732118,MultiPolygon
way,338666327,Broomhill Common,green_space_parks,0.09793305192608924,51.3806618,MultiPolygon
way,340420742,Elliott's Row Pocket Park,green_space_parks,-0.10287624968780475,51.495360149999996,MultiPolygon
way,342364997,Broxbourne Gardens,green_space_parks,0.09372972113003089,51.37880795,MultiPolygon
way,343271796,Crane Park,green_space_parks,-0.36570347974659795,51.441799200000005,MultiPolygon
way,343845516,Bonnington Gardens,green_space_parks,-0.12022499635455246,51.4842838,MultiPolygon
way,344619619,Castlehaven Community Park,green_space_parks,-0.14496215169306176,51.543031049999996,MultiPolygon
way,345302879,,green_space_parks,0.2178136930014107,51.52983355,MultiPolygon
way,346523985,,green_space_parks,-0.18343415490814582,51.46330525,MultiPolygon
way,347275186,Lewis Cubitt Park,green_space_parks,-0.12510875866707333,51.5383184,MultiPolygon
way,352078324,,green_space_parks,-0.47421843592332275,51.60272795,MultiPolygon
way,352078325,,green_space_parks,-0.4718296714067628,51.6045487,MultiPolygon
way,352542980,Batley Park,green_space_parks,0.01974768464467974,51.47772775,MultiPolygon
way,352595657,,green_space_parks,0.04023328128840856,51.49168295,MultiPolygon
way,352595658,,green_space_parks,0.03851459902897019,51.4938779,MultiPolygon
way,353169918,,green_space_parks,0.15550130512760468,51.59952335,MultiPolygon
way,353196494,,green_space_parks,0.26342328672167703,51.5727281,MultiPolygon
way,355162535,College Gardens,green_space_parks,-0.139769505987341,51.5436336,MultiPolygon
way,355479326,,green_space_parks,0.008247885527587633,51.620593400000004,MultiPolygon
way,355479330,,green_space_parks,0.0076864058102763776,51.624284349999996,MultiPolygon
way,355479336,,green_space_parks,0.003019034677424227,51.620253649999995,MultiPolygon
way,355479342,,green_space_parks,0.00230065000000286,51.620464299999995,MultiPolygon
way,355479352,,green_space_parks,0.011200535248447448,51.624863000000005,MultiPolygon
way,355479365,,green_space_parks,0.0023217919346193196,51.6216983,MultiPolygon
way,355479373,,green_space_parks,0.007362024152090668,51.62589375,MultiPolygon
way,355479375,,green_space_parks,0.0022639947127926687,51.6210072,MultiPolygon
way,355479376,,green_space_parks,0.00826949211411393,51.620846549999996,MultiPolygon
way,355479377,,green_space_parks,0.0022945916666635736,51.620241199999995,MultiPolygon
way,355479382,,green_space_parks,0.0019901987389566917,51.6203378,MultiPolygon
relation,5317655,Louis Marchesi,green_space_parks,0.203199488599182,51.5449682,MultiPolygon
way,356779672,,green_space_parks,-0.46285800000000055,51.505620199999996,MultiPolygon
way,356779677,,green_space_parks,-0.4628180982128972,51.50691485,MultiPolygon
way,357278379,Nelson Gardens,green_space_parks,-0.19211975812758403,51.413404799999995,MultiPolygon
way,357695575,,green_space_parks,0.11241848037080981,51.4559833,MultiPolygon
way,358441416,Ely Court,green_space_parks,-0.19625926441290936,51.53447665,MultiPolygon
way,359108960,Forty Tree Green,green_space_parks,-0.1910266993165523,51.5335948,MultiPolygon
way,360828342,,green_space_parks,-0.04509347137542839,51.5153507,MultiPolygon
way,360852656,Kennington Green,green_space_parks,-0.11157834764719303,51.485775950000004,MultiPolygon
way,361315711,Cody Dock,green_space_parks,-0.003408140273188161,51.5190472,MultiPolygon
way,361405494,,green_space_parks,0.1450087347926275,51.4417298,MultiPolygon
way,361477683,,green_space_parks,0.05314531254669748,51.567599,MultiPolygon
way,362549819,,green_space_parks,0.10625733912070684,51.60787285,MultiPolygon
way,362549821,,green_space_parks,0.10685370792826132,51.6073993,MultiPolygon
way,363729356,,green_space_parks,-0.05173657455991047,51.34733045,MultiPolygon
way,363958021,,green_space_parks,-0.12653988242632663,51.498965999999996,MultiPolygon
way,365605542,,green_space_parks,-0.06996010224882698,51.513486650000004,MultiPolygon
way,365605543,,green_space_parks,-0.0697527932148847,51.51351735,MultiPolygon
way,365809823,,green_space_parks,-0.025119453816519217,51.50258155,MultiPolygon
way,366220253,Violet Hill Park,green_space_parks,-0.18235678597222274,51.5329408,MultiPolygon
way,367694522,Potters Fields Park,green_space_parks,-0.07840780408343034,51.5041782,MultiPolygon
way,368199014,Soho Square Gardens,green_space_parks,-0.13221032330383153,51.5152892,MultiPolygon
way,371260392,Leyton Marsh,green_space_parks,-0.04378883001509473,51.56553535,MultiPolygon
way,372975520,Hyde Park,green_space_parks,-0.1622074056037135,51.5074889,MultiPolygon
relation,12693449,Peckwater Estate Natural Play Area,green_space_parks,-0.13639469702639057,51.54947995,MultiPolygon
way,374848392,,green_space_parks,-0.13599274059964772,51.5497437,MultiPolygon
way,374848393,,green_space_parks,-0.13557634383724237,51.5496611,MultiPolygon
way,374960368,St. James's Park,green_space_parks,-0.13316503576441757,51.50312945,MultiPolygon
way,374969316,,green_space_parks,-0.13484339405712492,51.50326605,MultiPolygon
relation,5579381,,green_space_parks,-0.1301123326048983,51.50569645,MultiPolygon
relation,4501353,Mabley Green,green_space_parks,-0.03222937726405504,51.548889349999996,MultiPolygon
relation,3993063,Ham Common,green_space_parks,-0.2984493003993355,51.43267779999999,MultiPolygon
way,376382863,,green_space_parks,-0.306734975,51.4298191,MultiPolygon
way,376382864,,green_space_parks,-0.3067964677249014,51.4302709,MultiPolygon
way,376587993,,green_space_parks,-0.10243545152376568,51.483593049999996,MultiPolygon
way,377295940,Hook Leisure Gardens,green_space_parks,-0.306392527451929,51.37388034999999,MultiPolygon
way,377295942,,green_space_parks,-0.3087304856062911,51.3717905,MultiPolygon
way,377329485,Merritt Gardens Park,green_space_parks,-0.3165130092720706,51.361619000000005,MultiPolygon
way,377882881,Coppermill Park and Gardens,green_space_parks,-0.03984891655493532,51.58068885,MultiPolygon
way,378462551,Podium Garden,green_space_parks,-0.03859245382625176,51.491169,MultiPolygon
way,378462553,Podium Garden,green_space_parks,-0.03823731265170913,51.4903608,MultiPolygon
way,378464487,Mary Rose Square,green_space_parks,-0.036368653723842015,51.49125515,MultiPolygon
way,378659685,,green_space_parks,-0.0924519027230461,51.43962165,MultiPolygon
way,378928472,Reminder Gardens,green_space_parks,0.011996097481109084,51.4967902,MultiPolygon
way,379034978,Evelyn Green,green_space_parks,-0.0318847803650833,51.4811908,MultiPolygon
way,379087008,Essex Wharf,green_space_parks,0.004529406148473146,51.5142671,MultiPolygon
way,379587317,The Green,green_space_parks,0.10664054830411818,51.3599751,MultiPolygon
way,380070497,Central Park,green_space_parks,0.011307225989755563,51.4956677,MultiPolygon
way,382073481,Borough of Deptford Memorial Gardens,green_space_parks,-0.027701590329839904,51.46923235,MultiPolygon
way,382076252,Borough of Deptford Memorial Gardens,green_space_parks,-0.029532388064468132,51.47068555,MultiPolygon
way,382076256,Borough of Deptford Memorial Gardens,green_space_parks,-0.028570686578384397,51.469919649999994,MultiPolygon
way,383422133,,green_space_parks,-0.2427111300554003,51.46531345,MultiPolygon
way,383999575,Pearson Square,green_space_parks,-0.13838166570092036,51.5190706,MultiPolygon
way,384661212,Quaker Burial Ground,green_space_parks,0.07448468484102432,51.53995245,MultiPolygon
way,384804317,Berrylands Park,green_space_parks,-0.2800070611181882,51.3906974,MultiPolygon
way,384805478,,green_space_parks,-0.2888436535224568,51.4605535,MultiPolygon
way,384917595,,green_space_parks,-0.01903768098115376,51.47450215,MultiPolygon
way,384968735,,green_space_parks,-0.3083181907439355,51.40168375,MultiPolygon
way,384978929,Terrace Gardens,green_space_parks,-0.3513734837270155,51.40981285,MultiPolygon
way,385057597,Broadway Fields,green_space_parks,-0.02289483746500581,51.473094599999996,MultiPolygon
way,385805501,,green_space_parks,-0.24880116328059276,51.439065400000004,MultiPolygon
way,385805502,,green_space_parks,-0.2492350497404887,51.4391859,MultiPolygon
way,385807720,,green_space_parks,-0.24126034233289928,51.44695455,MultiPolygon
way,386522106,,green_space_parks,-0.06981200664837028,51.517994099999996,MultiPolygon
way,386721544,,green_space_parks,-0.06650536806831835,51.52256835,MultiPolygon
way,386721548,,green_space_parks,-0.06471389318840612,51.5229493,MultiPolygon
way,387298733,Bedfont Lakes South Side.,green_space_parks,-0.4439643472361803,51.4378524,MultiPolygon
way,387480142,,green_space_parks,-0.2000690826793382,51.458394150000004,MultiPolygon
way,391064231,,green_space_parks,-0.24926011784493468,51.4642449,MultiPolygon
way,391064232,,green_space_parks,-0.24904973684991855,51.46366275,MultiPolygon
way,391064233,,green_space_parks,-0.24909809279401382,51.4637708,MultiPolygon
way,391085957,,green_space_parks,-0.11630129637596762,51.4662113,MultiPolygon
way,391177297,,green_space_parks,-0.19494239307132893,51.4587009,MultiPolygon
way,391284433,,green_space_parks,-0.13851351920594876,51.4600627,MultiPolygon
way,391469341,,green_space_parks,-0.03290360865937095,51.50287495,MultiPolygon
way,392359880,,green_space_parks,-0.32327243098264596,51.445576849999995,MultiPolygon
way,393227558,Neasden Lane Park,green_space_parks,-0.24878104741151968,51.5502088,MultiPolygon
way,393379576,,green_space_parks,-0.18433150935744214,51.46205465,MultiPolygon
way,393510996,,green_space_parks,-0.037039323969069705,51.5169198,MultiPolygon
way,394672294,,green_space_parks,-0.048559576770538,51.5194875,MultiPolygon
way,395902212,Cavell Street Gardens,green_space_parks,-0.0568879719434333,51.5156012,MultiPolygon
relation,14671559,Stepney Green Gardens,green_space_parks,-0.04594362024886769,51.51878705,MultiPolygon
way,397440767,Storey House Green,green_space_parks,-0.014295438829542751,51.5096998,MultiPolygon
way,397829486,Scrapyard Meadow,green_space_parks,-0.02682885249099946,51.52143995,MultiPolygon
way,398022027,Horn Park,green_space_parks,0.026188792821863698,51.4428512,MultiPolygon
way,398337148,St. John's Wood Church Grounds,green_space_parks,-0.1692075267276364,51.531263949999996,MultiPolygon
way,399259442,Walthamstow Marsh,green_space_parks,-0.045175694296882514,51.56947015,MultiPolygon
way,402788221,,green_space_parks,0.10670206048605145,51.5256435,MultiPolygon
way,402992325,Waynflete Square Garden,green_space_parks,-0.21851885420803088,51.51421395,MultiPolygon
way,403895786,,green_space_parks,-0.15440604999999963,51.4665402,MultiPolygon
way,404060219,,green_space_parks,-0.15524056793943433,51.46615965,MultiPolygon
way,404556732,,green_space_parks,0.06142051533431754,51.431612200000004,MultiPolygon
way,404558437,Wynford Park,green_space_parks,0.053283219878361494,51.43412985,MultiPolygon
way,405749974,,green_space_parks,-0.14005031081908142,51.47092455,MultiPolygon
relation,6151536,Butterfield Green,green_space_parks,-0.08002591141075065,51.5545924,MultiPolygon
way,412743142,,green_space_parks,-0.03127683617282679,51.5156969,MultiPolygon
way,412783988,,green_space_parks,-0.33820493811262353,51.554646399999996,MultiPolygon
way,412915362,Blackberry Meadow,green_space_parks,-0.028599685046089007,51.51955835,MultiPolygon
way,412915364,Cowslip Meadow,green_space_parks,-0.029777151394633928,51.518759349999996,MultiPolygon
way,412915365,Pear Tree Meadow,green_space_parks,-0.02799919231219837,51.519971049999995,MultiPolygon
way,412915367,Primrose Meadow,green_space_parks,-0.02734681710334399,51.520420099999996,MultiPolygon
way,414769344,,green_space_parks,0.0749663191047463,51.541750750000006,MultiPolygon
way,415619231,,green_space_parks,-0.04105411647186137,51.5970393,MultiPolygon
way,416122136,,green_space_parks,0.0852685298562392,51.4936788,MultiPolygon
way,416770929,,green_space_parks,0.07940907955256857,51.53126055,MultiPolygon
way,418248986,,green_space_parks,-0.11419739999061615,51.470412,MultiPolygon
way,418541874,Woodhouse Urban Park,green_space_parks,-0.20121813654562695,51.53371285,MultiPolygon
way,419687464,,green_space_parks,-0.11368668294896898,51.47034185,MultiPolygon
way,419687465,,green_space_parks,-0.11365242854038711,51.47019455,MultiPolygon
way,419932886,Christ Church Churchyard,green_space_parks,-0.07337237165505858,51.5188061,MultiPolygon
way,420050956,Folly Lane Playground,green_space_parks,-0.033003066298191816,51.60122535,MultiPolygon
way,421643202,Bisterne Avenue Park,green_space_parks,0.0013950000011681049,51.589569499999996,MultiPolygon
way,422641617,,green_space_parks,-0.06203651867690203,51.66330625,MultiPolygon
way,426126355,Cedar Park,green_space_parks,-0.10650699873818173,51.42492815,MultiPolygon
way,427397226,Library Gardens,green_space_parks,0.023717203958767738,51.4361681,MultiPolygon
way,427501225,Foots Cray Recreation Ground,green_space_parks,0.11264859805758998,51.41681885,MultiPolygon
way,429211865,Kennard Road Open Space,green_space_parks,-0.15749787657379774,51.61344955,MultiPolygon
way,429497924,,green_space_parks,-0.1426105066309909,51.477950050000004,MultiPolygon
way,430376963,Brock Place Gardens,green_space_parks,-0.01824025204963923,51.520451949999995,MultiPolygon
way,432072835,,green_space_parks,-0.32784442240272166,51.498273749999996,MultiPolygon
way,432072836,,green_space_parks,-0.32862049200584875,51.49800275,MultiPolygon
way,432153639,,green_space_parks,-0.004598186778365958,51.41553075,MultiPolygon
way,433158481,Thornhill Bridge Community Gardens,green_space_parks,-0.11717201892683182,51.535227649999996,MultiPolygon
way,433158485,Thornhill Bridge Community Gardens,green_space_parks,-0.11666910008432471,51.5351808,MultiPolygon
way,433238989,,green_space_parks,-0.16911840400763423,51.471498600000004,MultiPolygon
way,433847174,Ravensbourne Park Gardens,green_space_parks,-0.02990549282727052,51.44613255,MultiPolygon
way,434023631,,green_space_parks,-0.07528892883989355,51.4607256,MultiPolygon
way,435655395,,green_space_parks,-0.018793344062333017,51.514218549999995,MultiPolygon
way,436544776,Rochester Avenue Park,green_space_parks,-0.4156425197115093,51.4412453,MultiPolygon
way,439390203,,green_space_parks,0.09193754058995288,51.52933779999999,MultiPolygon
way,439934911,,green_space_parks,-0.22511523348457352,51.469336,MultiPolygon
way,440619610,,green_space_parks,-0.2119495338957818,51.4282402,MultiPolygon
way,443135894,,green_space_parks,-0.010566718372688192,51.572192099999995,MultiPolygon
way,443970306,,green_space_parks,-0.05524075741131162,51.5201744,MultiPolygon
way,443970307,,green_space_parks,-0.053592611264362155,51.5204917,MultiPolygon
way,443970308,,green_space_parks,-0.0526885206018736,51.52066255,MultiPolygon
way,444636130,Rennie Garden,green_space_parks,-0.10412212161303405,51.50827765,MultiPolygon
way,445994829,Vicarage Gardens,green_space_parks,-0.1771631938979049,51.473666050000006,MultiPolygon
way,447102246,Gothic Gardens,green_space_parks,-0.30398218297515667,51.455741950000004,MultiPolygon
way,447102254,Gothic Gardens,green_space_parks,-0.30368483853672434,51.4557092,MultiPolygon
way,448054157,Major Road Open Space,green_space_parks,-0.003000309846164813,51.549723400000005,MultiPolygon
way,448224301,Woodside Park,green_space_parks,-0.11038743769249876,51.604164350000005,MultiPolygon
way,448576001,,green_space_parks,-0.19329758208879488,51.607848849999996,MultiPolygon
way,448584972,Tooting Gardens,green_space_parks,-0.1751807832021644,51.428497050000004,MultiPolygon
way,449250556,,green_space_parks,-0.11737538080433517,51.4904588,MultiPolygon
way,452334990,Crouch Hill Park,green_space_parks,-0.12346980539108261,51.5734481,MultiPolygon
way,452901711,Canalside Square,green_space_parks,-0.09478484828123021,51.534581900000006,MultiPolygon
way,453267219,Gasholder Park,green_space_parks,-0.12814533653495702,51.53701695,MultiPolygon
way,453434218,,green_space_parks,-0.3109555045207505,51.44667955,MultiPolygon
way,455053747,,green_space_parks,-0.1653854891886093,51.554273949999995,MultiPolygon
way,455077451,The Wharf Park,green_space_parks,-0.046854513953234596,51.56272105,MultiPolygon
way,455087248,,green_space_parks,-0.3084169728349416,51.6315741,MultiPolygon
way,456432686,,green_space_parks,-0.07582995238508206,51.66057585,MultiPolygon
way,456432689,,green_space_parks,-0.07526798118176206,51.66139975,MultiPolygon
way,456518221,,green_space_parks,-0.013592517283872285,51.57073475,MultiPolygon
way,456750016,,green_space_parks,-0.014114401254542278,51.57008425,MultiPolygon
way,457298601,,green_space_parks,-0.04520528028740116,51.544261649999996,MultiPolygon
way,457771757,Portsoken Street Garden,green_space_parks,-0.07455300507126875,51.51148345,MultiPolygon
way,458943376,St Thomas's Long Burial Ground,green_space_parks,-0.05313871354416641,51.540755149999995,MultiPolygon
relation,4205109,Putney Lower Common,green_space_parks,-0.23077562194166457,51.4705622,MultiPolygon
way,459217493,Emma Cons Gardens,green_space_parks,-0.10986501121076295,51.5025357,MultiPolygon
way,459803829,Monks Farm Island,green_space_parks,0.3089999877022676,51.56333155,MultiPolygon
way,460063591,,green_space_parks,0.017007917835507834,51.518254400000004,MultiPolygon
way,460559966,Ambering Park,green_space_parks,-0.0005937167173152453,51.5918095,MultiPolygon
way,461258873,Chalkhill Park,green_space_parks,-0.27362069669244193,51.5627734,MultiPolygon
way,461395896,Dora Boatemah Memorial Garden,green_space_parks,-0.10748100801479465,51.46886925,MultiPolygon
way,461578545,,green_space_parks,-0.4784052030398549,51.52397775,MultiPolygon
way,462198529,,green_space_parks,-0.4124397688320502,51.5611064,MultiPolygon
way,462198530,,green_space_parks,-0.41332953896301106,51.5607466,MultiPolygon
relation,12089544,,green_space_parks,-0.4122629372413796,51.5607865,MultiPolygon
relation,10699657,Ladywell Fields,green_space_parks,-0.027363820108652306,51.44796735,MultiPolygon
way,462931205,,green_space_parks,-0.2361215646568906,51.4139585,MultiPolygon
way,464069225,St. Nicholas Gardens,green_space_parks,0.10060315034657474,51.4863122,MultiPolygon
way,465836503,Kitchener Park,green_space_parks,-0.010120348427249662,51.5995101,MultiPolygon
way,466198267,Crank Garden,green_space_parks,-0.47505634448600964,51.533445549999996,MultiPolygon
way,466198283,Benjamin Zephaniah Square,green_space_parks,-0.4724273718424861,51.533469999999994,MultiPolygon
way,466201391,The Wood,green_space_parks,-0.3023914997970105,51.3903479,MultiPolygon
way,466204815,Montesole Playing Fields,green_space_parks,-0.39228580230037075,51.60074245,MultiPolygon
way,466875178,,green_space_parks,-0.18061354202013905,51.38092315,MultiPolygon
way,466877426,,green_space_parks,-0.17894180733883064,51.38292375,MultiPolygon
way,467021358,,green_space_parks,-0.1809048688152832,51.38099625,MultiPolygon
way,467024330,,green_space_parks,-0.18070895652567576,51.381809399999995,MultiPolygon
way,467024338,,green_space_parks,-0.1817685794006002,51.3824994,MultiPolygon
way,467025168,,green_space_parks,-0.180753061767863,51.3825221,MultiPolygon
way,467028816,,green_space_parks,-0.1770814086565521,51.385705,MultiPolygon
way,467250679,,green_space_parks,-0.17644228895134006,51.386631449999996,MultiPolygon
way,467422790,,green_space_parks,-0.18857787083939626,51.452282600000004,MultiPolygon
way,467422791,,green_space_parks,-0.18879511263498305,51.45219315,MultiPolygon
way,467422792,,green_space_parks,-0.18889443378503834,51.452657,MultiPolygon
way,467422793,,green_space_parks,-0.18846124129448433,51.451942450000004,MultiPolygon
way,468310260,Grove Road Open Space,green_space_parks,-0.14042761111912058,51.61555735,MultiPolygon
way,468747681,Milton Court,green_space_parks,-0.4465517632330471,51.5631554,MultiPolygon
way,468909123,The Green,green_space_parks,-0.2690162865064738,51.406990300000004,MultiPolygon
way,468909125,Barton Green,green_space_parks,-0.26426648517895074,51.40856865,MultiPolygon
way,469218959,Edith Nesbit Gardens,green_space_parks,0.014882164517529883,51.45409315,MultiPolygon
way,469223161,Langthorne Park,green_space_parks,-0.42578640929847267,51.4954943,MultiPolygon
way,469232036,The Park,green_space_parks,-0.42373648846540346,51.5116927,MultiPolygon
way,469492278,Church Lane Recreation Ground,green_space_parks,-0.25978114528932217,51.5789393,MultiPolygon
way,469558962,Culverley Green Open Space,green_space_parks,-0.012658782710691032,51.44161025,MultiPolygon
way,469565519,Bow Estate Park,green_space_parks,-0.014592998728653165,51.5288288,MultiPolygon
way,469591289,,green_space_parks,-0.023381378136667047,51.39521435,MultiPolygon
relation,2049863,Russia Dock Woodland,green_space_parks,-0.038932860261172056,51.50075545,MultiPolygon
way,469978128,,green_space_parks,-0.01801643670851479,51.51108065,MultiPolygon
way,470259192,Nordenfeldt Gardens,green_space_parks,0.17316278918956204,51.48456899999999,MultiPolygon
way,471637038,Douglas Way Garden,green_space_parks,-0.03123282983907493,51.4777468,MultiPolygon
way,471712682,,green_space_parks,-0.31456347975022436,51.477323999999996,MultiPolygon
way,471718131,,green_space_parks,-0.1712579139277223,51.388673,MultiPolygon
way,471718133,,green_space_parks,-0.173893623426903,51.387639,MultiPolygon
way,471805125,Finchley Memorial Hospital Communal Space,green_space_parks,-0.17750074566339147,51.6067832,MultiPolygon
way,472153685,Shenstone Park,green_space_parks,0.16945110792067797,51.4532993,MultiPolygon
way,473707175,,green_space_parks,0.005248929058044947,51.602802499999996,MultiPolygon
way,475135541,Canary Central,green_space_parks,-0.021905850000000195,51.49809795,MultiPolygon
relation,16247166,Hilly Fields,green_space_parks,-0.025516026412713118,51.459934950000005,MultiPolygon
way,475555011,Packington Square,green_space_parks,-0.09561931163961465,51.5353371,MultiPolygon
way,475959042,Royal Wharf Gardens,green_space_parks,0.027957888791596358,51.4991985,MultiPolygon
way,477378856,,green_space_parks,-0.10009319863149155,51.5298552,MultiPolygon
way,478705970,,green_space_parks,-0.12621566236931175,51.4615026,MultiPolygon
way,479360694,Hayes Common,green_space_parks,0.012207367855815714,51.37370555,MultiPolygon
way,479395647,Charlottenburg Park,green_space_parks,-0.033428282621648264,51.4792586,MultiPolygon
way,479470971,,green_space_parks,-0.22807988086160025,51.53075415,MultiPolygon
way,479571694,Hazel Road Open Space,green_space_parks,-0.22598055986584106,51.5304113,MultiPolygon
way,479855877,Tree Space,green_space_parks,-0.1260295505331157,51.40424485,MultiPolygon
way,481968198,,green_space_parks,-0.26927124042212214,51.46069105,MultiPolygon
way,482274436,Park Road green,green_space_parks,-0.16818981571599476,51.592291700000004,MultiPolygon
way,482276804,Highgate Wood,green_space_parks,-0.15001186520011855,51.582390700000005,MultiPolygon
way,482772880,Richmal Crompton Fields,green_space_parks,0.05075502479293374,51.3797615,MultiPolygon
way,483520051,,green_space_parks,-0.46525944233498345,51.50801825,MultiPolygon
way,484423914,College Green,green_space_parks,0.013390654566563456,51.4080083,MultiPolygon
way,484553413,,green_space_parks,-0.1875414325466851,51.463480849999996,MultiPolygon
way,485509107,Inverness Gardens,green_space_parks,-0.14548237062005423,51.53950065,MultiPolygon
way,486664948,Watercress Park,green_space_parks,-0.16286709518383052,51.3829714,MultiPolygon
way,486675662,Saint Peter's Gardens,green_space_parks,-0.09252682927154021,51.486594800000006,MultiPolygon
way,486975557,Lennox Estate Green,green_space_parks,-0.252457898295809,51.464803599999996,MultiPolygon
way,486984769,,green_space_parks,-0.2532724684609077,51.46332045,MultiPolygon
way,486984772,,green_space_parks,-0.2511089043101257,51.463482049999996,MultiPolygon
way,487138156,Woodgate Avenue Playground,green_space_parks,-0.31174048998770315,51.36631335,MultiPolygon
relation,7167614,Hawksmoor Park,green_space_parks,0.11004364452609058,51.50458795,MultiPolygon
way,487832584,,green_space_parks,0.09317438919483859,51.456561949999994,MultiPolygon
way,487832585,The Green,green_space_parks,0.09404875016730654,51.456561050000005,MultiPolygon
way,488435932,,green_space_parks,-0.2283497871412301,51.4899293,MultiPolygon
way,488442765,Kings Park Play Area,green_space_parks,0.2279785407304955,51.592023749999996,MultiPolygon
way,488458510,Dagnam Park,green_space_parks,0.23785130715086383,51.614468099999996,MultiPolygon
way,490347122,Chandos Recreation Ground,green_space_parks,-0.28282635661601946,51.605567,MultiPolygon
way,490911654,Birchmere Park,green_space_parks,0.11379902329187286,51.5003952,MultiPolygon
way,491592931,Manor Farm,green_space_parks,-0.42767633615893585,51.57851345,MultiPolygon
way,491600817,Lillie Road Gardens,green_space_parks,-0.21235337554419742,51.482969,MultiPolygon
way,491619624,Grove Park,green_space_parks,-0.2621592591993176,51.591962949999996,MultiPolygon
way,491619866,,green_space_parks,-0.26213111546046747,51.5916261,MultiPolygon
way,492651692,,green_space_parks,0.1732870359669816,51.58963455,MultiPolygon
way,492858867,,green_space_parks,0.014700066859562532,51.48093355,MultiPolygon
way,493000594,Walmer Gardens,green_space_parks,-0.3257591031323473,51.502264600000004,MultiPolygon
way,493001390,Fielding Walk,green_space_parks,-0.3193788072696634,51.5002542,MultiPolygon
way,493001391,,green_space_parks,-0.3268144375343196,51.499213850000004,MultiPolygon
way,493033758,,green_space_parks,-0.11263340618984986,51.489683850000006,MultiPolygon
relation,2196987,Croham Hurst,green_space_parks,-0.08320870180039072,51.3521738,MultiPolygon
way,493339932,Woodcote Village Green,green_space_parks,-0.1374531805499798,51.334556199999994,MultiPolygon
way,494679971,Gascoyne Estate Play Space,green_space_parks,-0.03965738539161591,51.54456265,MultiPolygon
way,494809157,Library Green,green_space_parks,-0.036498362559630945,51.40850175,MultiPolygon
way,495038916,,green_space_parks,-0.020091468855042007,51.5147944,MultiPolygon
way,495226104,Coney Green,green_space_parks,-0.45880574975599675,51.53397794999999,MultiPolygon
way,495729299,,green_space_parks,-0.16052857912364976,51.512743900000004,MultiPolygon
way,495729305,,green_space_parks,-0.15939220866477333,51.5128684,MultiPolygon
way,496689169,,green_space_parks,-0.056251600138691966,51.48606465,MultiPolygon
way,497691517,Loughborough Park,green_space_parks,-0.10508128719163592,51.4626593,MultiPolygon
way,497692655,Coldharbour Lane Open Space,green_space_parks,-0.10937833607696831,51.462430850000004,MultiPolygon
way,499303379,,green_space_parks,0.18416238826623704,51.580400749999995,MultiPolygon
way,499308254,,green_space_parks,0.17300520508490597,51.587046650000005,MultiPolygon
way,500288911,Ufton Gardens,green_space_parks,-0.0840718859796192,51.539680000000004,MultiPolygon
way,500757856,,green_space_parks,-0.2146795281761128,51.51350155,MultiPolygon
way,502320582,,green_space_parks,-0.19998083769290603,51.37181865,MultiPolygon
way,504485899,Crossway Park,green_space_parks,0.12705089895543176,51.50433675,MultiPolygon
way,504486363,Manorway Green,green_space_parks,0.12014368030512113,51.508305050000004,MultiPolygon
way,505412811,,green_space_parks,-0.16934320579791157,51.3870691,MultiPolygon
way,505414703,Watermans Park,green_space_parks,-0.2954886381419116,51.4867307,MultiPolygon
way,506025249,Marble Hill Park,green_space_parks,-0.31190125234127447,51.449483900000004,MultiPolygon
way,506841261,Weaver's Fields,green_space_parks,-0.061950065959924736,51.52537395,MultiPolygon
way,507836934,,green_space_parks,-0.07300627969197451,51.4853487,MultiPolygon
way,508457866,,green_space_parks,-0.17659688749448252,51.5939266,MultiPolygon
way,509181404,,green_space_parks,-0.14160557773349186,51.5643146,MultiPolygon
way,509187195,,green_space_parks,-0.12400990000000164,51.5656931,MultiPolygon
way,509187196,,green_space_parks,-0.12365104999999071,51.565422100000006,MultiPolygon
way,509404993,,green_space_parks,-0.1362679245238615,51.600287699999996,MultiPolygon
way,511996766,,green_space_parks,-0.2086083777835415,51.411042300000005,MultiPolygon
way,512103598,Church End Gardens,green_space_parks,-0.1970967230589964,51.59992855,MultiPolygon
way,512156444,Chiddingfold,green_space_parks,-0.19012391051546612,51.6233105,MultiPolygon
way,512823684,George Hill Open Space,green_space_parks,-0.205856794338573,51.38958815,MultiPolygon
way,513373555,,green_space_parks,-0.06646115277761463,51.55874935,MultiPolygon
way,514256408,,green_space_parks,-0.16226955651967867,51.3460404,MultiPolygon
way,514426297,,green_space_parks,-0.16918759007070897,51.3302982,MultiPolygon
way,518746332,,green_space_parks,0.1758672632736391,51.4842615,MultiPolygon
way,519963694,Little Common,green_space_parks,-0.3864524519503545,51.5975678,MultiPolygon
way,521076881,,green_space_parks,-0.1906646600975978,51.3899924,MultiPolygon
way,521270253,Evesham Green,green_space_parks,-0.1947969845517634,51.389925399999996,MultiPolygon
way,521930266,,green_space_parks,-0.18798419020070534,51.38432985,MultiPolygon
way,521995989,,green_space_parks,-0.1624170154170257,51.380095499999996,MultiPolygon
way,522481793,,green_space_parks,-0.06214840547682103,51.504158450000006,MultiPolygon
way,522481796,,green_space_parks,-0.06258130103680443,51.5038996,MultiPolygon
way,522938441,,green_space_parks,-0.17792553758781432,51.392944650000004,MultiPolygon
way,522952476,,green_space_parks,-0.19101834050268568,51.39278985,MultiPolygon
way,522962643,,green_space_parks,-0.1886911638046324,51.39662145,MultiPolygon
way,522969792,,green_space_parks,-0.19006888449105763,51.396891499999995,MultiPolygon
way,523061682,,green_space_parks,-0.19012987511794424,51.3944599,MultiPolygon
way,523255012,,green_space_parks,-0.18242058904656946,51.3930031,MultiPolygon
way,523257539,,green_space_parks,-0.18248976268611145,51.3922698,MultiPolygon
way,523845458,,green_space_parks,-0.2004964593937433,51.39558905,MultiPolygon
way,524206320,,green_space_parks,-0.19306031223039227,51.39935815,MultiPolygon
way,524216726,,green_space_parks,-0.19033757359522185,51.39697285,MultiPolygon
way,524515043,,green_space_parks,-0.203085461559889,51.3919205,MultiPolygon
way,525944743,,green_space_parks,-0.15141952486168614,51.569727,MultiPolygon
way,526020404,St Katharine Cree Churchyard,green_space_parks,-0.0785541706706934,51.513603700000004,MultiPolygon
way,528707769,Riverside Gardens,green_space_parks,0.1794270678961419,51.48256335000001,MultiPolygon
way,528878194,Chilworth Green,green_space_parks,0.1050181865505671,51.5221263,MultiPolygon
way,528878195,Patrick Park,green_space_parks,0.10341495429241686,51.5219024,MultiPolygon
way,529938196,,green_space_parks,-0.002914165939464074,51.5469132,MultiPolygon
way,531014509,,green_space_parks,0.07410974823232058,51.507355149999995,MultiPolygon
way,532079924,Lillie's Lawn,green_space_parks,0.1051961637096773,51.52069625,MultiPolygon
way,533106569,,green_space_parks,-0.12174561068182158,51.5873206,MultiPolygon
way,533155169,The Gardens,green_space_parks,-0.12086946713037752,51.58738405,MultiPolygon
way,533461997,,green_space_parks,-0.11825955227461896,51.58299925,MultiPolygon
way,536499671,Hackney Marshes,green_space_parks,-0.029056533720099996,51.55649645,MultiPolygon
way,536521445,Sussex Way Gardens,green_space_parks,-0.12352085421372774,51.5665871,MultiPolygon
relation,7768846,New River Walk,green_space_parks,-0.09678665149388646,51.542556250000004,MultiPolygon
way,537734167,Abbey Hill Park,green_space_parks,0.11454347381385353,51.434746149999995,MultiPolygon
way,538327627,Wellesley Road Playground,green_space_parks,-0.28030412038085395,51.490193399999995,MultiPolygon
way,539513902,Albert Road Garden,green_space_parks,-0.13147144724444698,51.601585549999996,MultiPolygon
way,539614263,,green_space_parks,-0.0127837,51.36661325,MultiPolygon
way,539750587,,green_space_parks,-0.3036517373028388,51.39834725,MultiPolygon
way,539951813,,green_space_parks,-0.18235531124563215,51.585094049999995,MultiPolygon
way,540145346,,green_space_parks,-0.15703051017118097,51.58139865,MultiPolygon
way,542562782,,green_space_parks,-0.08080239248862273,51.5789568,MultiPolygon
way,543380709,,green_space_parks,-0.08761432004375816,51.571843099999995,MultiPolygon
way,543380713,,green_space_parks,-0.09009971989312376,51.570214199999995,MultiPolygon
way,544180285,,green_space_parks,-0.07673386204960939,51.61590445,MultiPolygon
way,544307310,,green_space_parks,0.17438458218580358,51.485411,MultiPolygon
way,544672424,Rodney Green,green_space_parks,-0.030498313630881936,51.5957443,MultiPolygon
way,544763905,Historic Southfields Pond,green_space_parks,-0.21145055411144628,51.44581075,MultiPolygon
way,544765922,Oak Park Gardens,green_space_parks,-0.22065905727566984,51.446361749999994,MultiPolygon
way,544931855,,green_space_parks,-0.14776668724379202,51.4935245,MultiPolygon
way,545367931,Sumner Road Park,green_space_parks,-0.0721210617262861,51.475919649999994,MultiPolygon
relation,7792855,Bolingbroke Green,green_space_parks,-0.1709498788533104,51.460515150000006,MultiPolygon
way,545565166,,green_space_parks,-0.021635771786137396,51.47853085,MultiPolygon
way,546123936,Kirkham Walkway,green_space_parks,0.08951338348017673,51.4790886,MultiPolygon
way,546838603,Howbury Lane Open Space,green_space_parks,0.1887321147017179,51.46594595,MultiPolygon
way,547297290,,green_space_parks,-0.44390054486347935,51.520156400000005,MultiPolygon
way,547616068,William Harvey Community Garden,green_space_parks,-0.21275500224889415,51.4455129,MultiPolygon
way,548411141,,green_space_parks,-0.1539744933962261,51.490947399999996,MultiPolygon
way,548434449,,green_space_parks,0.0054087955047342085,51.44020175,MultiPolygon
way,549174611,Gilmore Estate open space,green_space_parks,-0.006067945195481386,51.45882985,MultiPolygon
way,549357292,Furzedown Recreation Ground,green_space_parks,-0.1509364296926492,51.425397399999994,MultiPolygon
way,550188875,Avenue Road Common,green_space_parks,-0.12924959039627976,51.5758026,MultiPolygon
way,550850813,,green_space_parks,-0.14368313147702821,51.48606725,MultiPolygon
way,550852435,,green_space_parks,-0.14452535545454517,51.4862016,MultiPolygon
way,551679583,,green_space_parks,-0.1616680615279251,51.4076552,MultiPolygon
way,551682977,,green_space_parks,-0.15576830385424442,51.40711555,MultiPolygon
way,551683088,,green_space_parks,-0.1563208557803507,51.40600565,MultiPolygon
way,551685354,,green_space_parks,-0.16132818707191637,51.40780355,MultiPolygon
way,551693023,Streatham Vale Park,green_space_parks,-0.14524989571955826,51.41361605,MultiPolygon
way,551726466,Lithos Road Communal Park,green_space_parks,-0.18510943831674598,51.54894015,MultiPolygon
way,551731238,,green_space_parks,-0.2398617999999989,51.44819085,MultiPolygon
way,551731244,,green_space_parks,-0.23967226941730685,51.4476832,MultiPolygon
way,551731245,,green_space_parks,-0.24133930150063448,51.44803385,MultiPolygon
way,552376985,,green_space_parks,0.13241670219937163,51.507757999999995,MultiPolygon
way,553288205,,green_space_parks,-0.23982518379684065,51.4460087,MultiPolygon
way,553288206,,green_space_parks,-0.23913642777161878,51.4473517,MultiPolygon
way,553454609,Addington Vale,green_space_parks,-0.008718316669520568,51.348989200000005,MultiPolygon
way,553534350,Peter Pan's Park,green_space_parks,-0.010527901494427866,51.4266199,MultiPolygon
way,553607316,,green_space_parks,-0.23972926669626274,51.4471872,MultiPolygon
relation,7929475,,green_space_parks,-0.33702800129711197,51.4800899,MultiPolygon
way,555984296,,green_space_parks,0.1745701441949034,51.58887525,MultiPolygon
way,556040462,,green_space_parks,0.1752171416104566,51.591871,MultiPolygon
way,556061786,Hainault Recreation Ground,green_space_parks,0.10939230552104985,51.60275405,MultiPolygon
way,556217875,,green_space_parks,0.15949782672674395,51.481532,MultiPolygon
way,556485860,Southwark Park,green_space_parks,-0.05627198831321901,51.495192,MultiPolygon
way,556586689,Malan Square,green_space_parks,0.19875978623157017,51.54287705,MultiPolygon
way,557043106,,green_space_parks,0.1904074599250517,51.5524101,MultiPolygon
way,557043107,,green_space_parks,0.1778436917453622,51.5487476,MultiPolygon
way,557066161,Woodland Way,green_space_parks,0.14614544042273553,51.495882,MultiPolygon
way,557515649,,green_space_parks,-0.02000210627233766,51.49624155,MultiPolygon
way,557638333,,green_space_parks,-0.020720990288580196,51.4961554,MultiPolygon
way,558245516,,green_space_parks,0.1854668610414977,51.57828055,MultiPolygon
way,558251459,Russell Road Community Park,green_space_parks,-0.11479802468004671,51.61233435,MultiPolygon
way,558564454,,green_space_parks,-0.06877094367379634,51.527671999999995,MultiPolygon
way,558646389,,green_space_parks,-0.1528732390495875,51.4272901,MultiPolygon
way,558948481,The Grove,green_space_parks,-0.16129730771059764,51.36694695,MultiPolygon
way,559425420,,green_space_parks,0.17321338919927942,51.58775455,MultiPolygon
way,561838787,,green_space_parks,0.10229120864977985,51.60309275,MultiPolygon
way,562075370,,green_space_parks,0.12813672241093704,51.49800055,MultiPolygon
way,562075568,,green_space_parks,0.12817612056338026,51.4938303,MultiPolygon
relation,8048639,Chiswick House and Grounds,green_space_parks,-0.2600043300505219,51.484589150000005,MultiPolygon
way,566175725,,green_space_parks,0.18458082377185303,51.593266,MultiPolygon
way,569017790,Roding Valley Park,green_space_parks,0.039740913933892376,51.585574449999996,MultiPolygon
way,570598898,,green_space_parks,-0.06311600607763551,51.56968515,MultiPolygon
way,570598906,,green_space_parks,-0.0626510984501989,51.5693298,MultiPolygon
way,570598908,,green_space_parks,-0.06232294098557122,51.569450599999996,MultiPolygon
way,571632839,Upminster Park,green_space_parks,0.24608129273957624,51.5549665,MultiPolygon
way,572024601,,green_space_parks,0.2003785196930592,51.59671335,MultiPolygon
way,572234850,,green_space_parks,-0.22327031387965748,51.47939665,MultiPolygon
way,572887526,,green_space_parks,-0.23985786217952892,51.59340595,MultiPolygon
way,576357258,,green_space_parks,-0.24213246172040537,51.592108499999995,MultiPolygon
way,576857108,Kit Crowley Gardens,green_space_parks,-0.046348313627200016,51.542455149999995,MultiPolygon
way,577620631,Christchurch Green,green_space_parks,0.024438029043316795,51.577198800000005,MultiPolygon
way,580006946,Rosehill Park East,green_space_parks,-0.18864011465584618,51.3801519,MultiPolygon
way,580006950,Rosehill Park,green_space_parks,-0.19421591604489946,51.37941805,MultiPolygon
way,580499027,,green_space_parks,-0.29886822404524405,51.3679251,MultiPolygon
way,581001320,Wharf Road Gardens,green_space_parks,-0.12355173618421578,51.5356135,MultiPolygon
way,582658907,Cambrian Gardens,green_space_parks,-0.020336178998203967,51.5692648,MultiPolygon
way,582690479,Friendship Gardens,green_space_parks,-0.02335747734225828,51.5705559,MultiPolygon
relation,6606182,Leyton Jubilee Park,green_space_parks,-0.02258209727610299,51.56249615,MultiPolygon
way,583209901,Creekmouth Open Space,green_space_parks,0.09753407149698592,51.5163939,MultiPolygon
way,583725594,Radley/Simon Lodge Communal Garden,green_space_parks,-0.21807066854258708,51.4427337,MultiPolygon
way,583985168,,green_space_parks,-0.32164731917073175,51.612544099999994,MultiPolygon
way,584050938,,green_space_parks,0.004543169595959048,51.5591918,MultiPolygon
way,584698519,Twickenham Green,green_space_parks,-0.34272088241509746,51.4437268,MultiPolygon
way,584939420,Raphael Park,green_space_parks,0.18992656454649043,51.588336749999996,MultiPolygon
way,584944065,McKenna Green,green_space_parks,-0.029989648649965145,51.533583750000005,MultiPolygon
way,584962508,McAndrew's Recreation Ground,green_space_parks,-0.01166597565298819,51.372928200000004,MultiPolygon
way,586097813,Fairway Triangle,green_space_parks,-0.3926749167657769,51.5626194,MultiPolygon
way,586302192,Silver Jubilee Park,green_space_parks,-0.2558291231183134,51.5815724,MultiPolygon
way,586427059,Dalling Road Open Space,green_space_parks,-0.23432774272140805,51.494240500000004,MultiPolygon
way,587442949,,green_space_parks,-0.10779025257696817,51.57076055,MultiPolygon
way,587585232,Beechmore play park,green_space_parks,0.001152973413597655,51.42182485,MultiPolygon
way,587595599,Onslow Gardens,green_space_parks,0.03666523230581852,51.5881934,MultiPolygon
relation,8292799,,green_space_parks,-0.1366502128709034,51.4736317,MultiPolygon
way,588382062,,green_space_parks,-0.0780028926880463,51.5352896,MultiPolygon
way,588382063,,green_space_parks,-0.0798673380403083,51.5351888,MultiPolygon
way,588382064,Whitmore Estate Gardens Play Area,green_space_parks,-0.07976877265768684,51.534648950000005,MultiPolygon
way,588382065,Nuttal Street Gardens Play Area,green_space_parks,-0.07941377145528739,51.5350745,MultiPolygon
way,588464393,Swiftsden Green,green_space_parks,0.003281959513673385,51.419744800000004,MultiPolygon
way,589438012,Chapman's Green,green_space_parks,-0.09964075919307572,51.6001072,MultiPolygon
way,592435549,Buttercup Field,green_space_parks,-0.1867836264144434,51.634504500000006,MultiPolygon
way,593554511,Southern Park,green_space_parks,0.01535122442929026,51.49357375,MultiPolygon
way,595935656,Downham memorial park.,green_space_parks,-0.0041899,51.4241612,MultiPolygon
way,596944150,Walden Recreation Ground,green_space_parks,0.05862828385141336,51.42041545,MultiPolygon
way,596944151,Chislehurst Recreation Ground,green_space_parks,0.061725471758492155,51.4180927,MultiPolygon
way,599411728,,green_space_parks,-0.20142012094859865,51.49806955,MultiPolygon
way,602023606,Stanmore Marsh South,green_space_parks,-0.3000415435221192,51.6067926,MultiPolygon
way,602672422,Thorton Green,green_space_parks,-0.025713344945947052,51.407461049999995,MultiPolygon
way,603730256,Communal Garden Square,green_space_parks,-0.22595015051372472,51.466525399999995,MultiPolygon
way,607824510,,green_space_parks,-0.1873658276367172,51.39893925,MultiPolygon
way,607824515,,green_space_parks,-0.18693439031605336,51.398997800000004,MultiPolygon
way,610618295,,green_space_parks,-0.16046461647727328,51.39825665,MultiPolygon
way,611147441,St Mary's Glebe,green_space_parks,-0.2031575882616887,51.40936465,MultiPolygon
way,611907652,,green_space_parks,0.10773201494988624,51.5022947,MultiPolygon
way,612070149,,green_space_parks,0.18405800000000383,51.580998949999994,MultiPolygon
way,612407459,,green_space_parks,-0.240875635969692,51.38603825,MultiPolygon
way,613688657,West Park,green_space_parks,-0.19987039931486833,51.6451329,MultiPolygon
way,615293970,Douglas House Meadow,green_space_parks,-0.3066991427106436,51.44713595,MultiPolygon
way,617730357,Highbury Island,green_space_parks,-0.10278644919096729,51.54584135,MultiPolygon
relation,8547691,Margaret McMillan Park,green_space_parks,-0.028977771844467752,51.47705155,MultiPolygon
way,618301515,,green_space_parks,-0.08757542332588747,51.4247757,MultiPolygon
way,619447666,St. Barnabas Park,green_space_parks,0.003701474390239695,51.4262909,MultiPolygon
way,620615132,Peregrine Park,green_space_parks,-0.10600395244280916,51.43210425,MultiPolygon
way,622737979,Willifield Green,green_space_parks,-0.19648343711348287,51.585085750000005,MultiPolygon
way,622835939,,green_space_parks,-0.37041600387269524,51.4552192,MultiPolygon
way,623073459,,green_space_parks,-0.013331760604648095,51.54864355,MultiPolygon
way,624282792,,green_space_parks,-0.06343192448209622,51.5429226,MultiPolygon
way,624282883,,green_space_parks,-0.06295410000000018,51.542729550000004,MultiPolygon
way,626456240,,green_space_parks,0.0108153029065565,51.37885635,MultiPolygon
way,626456241,,green_space_parks,0.014007617091246028,51.380803900000004,MultiPolygon
way,626456242,,green_space_parks,0.012220955964242716,51.3833416,MultiPolygon
way,626456243,,green_space_parks,0.012416735713444566,51.3828405,MultiPolygon
way,626482001,Farnborough Common,green_space_parks,0.049682562589319815,51.3677918,MultiPolygon
way,626484198,,green_space_parks,0.040147071231874026,51.371589799999995,MultiPolygon
way,626484199,Hollydale Recreation Grounds,green_space_parks,0.043385428147637364,51.3694159,MultiPolygon
way,626484201,,green_space_parks,0.04240679129251701,51.3678862,MultiPolygon
way,626484202,,green_space_parks,0.04058914572649556,51.367889000000005,MultiPolygon
way,626488767,,green_space_parks,0.04130695899564795,51.3700614,MultiPolygon
way,626653066,,green_space_parks,-0.09866177432441048,51.485337599999994,MultiPolygon
way,628314645,,green_space_parks,0.01645242442517154,51.458334050000005,MultiPolygon
way,629497448,,green_space_parks,0.04853379966487878,51.42600985,MultiPolygon
way,629546841,,green_space_parks,0.03622506084725251,51.3480715,MultiPolygon
way,629697120,St Stephen's Green,green_space_parks,-0.034079573579065235,51.53443795,MultiPolygon
way,629830583,,green_space_parks,-0.38163596813887335,51.483014749999995,MultiPolygon
way,629978063,,green_space_parks,0.10748121849640593,51.61318265,MultiPolygon
way,630280778,,green_space_parks,0.09918660598387824,51.60884725,MultiPolygon
way,630720415,Royal Avenue,green_space_parks,-0.16157519660393993,51.489424650000004,MultiPolygon
way,632323164,,green_space_parks,-0.16218611284389184,51.401530199999996,MultiPolygon
way,633972721,Alma Street Community Play Areas,green_space_parks,-0.0004256389700006143,51.546024700000004,MultiPolygon
way,635366997,King Edward Memorial Park Foreshore,green_space_parks,-0.047231949604829536,51.50890245,MultiPolygon
way,637906147,Kirkstall Gardens,green_space_parks,-0.1293427030243646,51.44369125,MultiPolygon
way,638207354,,green_space_parks,-0.06631427858523485,51.528287,MultiPolygon
way,638207356,,green_space_parks,-0.06524668207591089,51.5273141,MultiPolygon
way,638207361,,green_space_parks,-0.06883564953484492,51.528061300000005,MultiPolygon
way,638207362,,green_space_parks,-0.07039409798967254,51.527953800000006,MultiPolygon
way,638207366,,green_space_parks,-0.0632394685433259,51.52746505,MultiPolygon
way,638207367,,green_space_parks,-0.06332472246126153,51.52783205,MultiPolygon
way,638296867,Virginia Gardens,green_space_parks,-0.07336661191207092,51.527211300000005,MultiPolygon
way,638581527,Feltham Park,green_space_parks,-0.40758845228182716,51.4519247,MultiPolygon
way,638583936,Blenheim Park,green_space_parks,-0.4164490552745954,51.45196745,MultiPolygon
way,639185673,,green_space_parks,-0.29868061227828424,51.371321,MultiPolygon
way,639411722,,green_space_parks,-0.40020861044117534,51.5488235,MultiPolygon
way,639411723,Polish War Memorial Garden,green_space_parks,-0.4008692086052662,51.548826250000005,MultiPolygon
way,640019309,,green_space_parks,-0.12471758820516371,51.46910255,MultiPolygon
way,645106449,Harvington Estate,green_space_parks,-0.02530736947604368,51.394830150000004,MultiPolygon
way,645332469,,green_space_parks,-0.11352887612172116,51.52766885,MultiPolygon
way,646935168,Mellows Park,green_space_parks,-0.13374016395733712,51.36106755,MultiPolygon
relation,9046305,Victory Park,green_space_parks,-0.009413330774186171,51.5471023,MultiPolygon
way,647782158,Kew Bridge Court Resident Park,green_space_parks,-0.2847007984058072,51.4889065,MultiPolygon
way,648592342,,green_space_parks,-0.18668168348316294,51.3904347,MultiPolygon
way,648592345,,green_space_parks,-0.18664120135797105,51.390569299999996,MultiPolygon
way,652280650,,green_space_parks,-0.13384062757008214,51.4520478,MultiPolygon
way,652280657,,green_space_parks,-0.13537739215328776,51.45097185,MultiPolygon
way,656707591,,green_space_parks,-0.08756000500389502,51.5865457,MultiPolygon
way,658960045,,green_space_parks,0.164206450448742,51.526188250000004,MultiPolygon
way,659166503,,green_space_parks,-0.2951891295524688,51.605903,MultiPolygon
way,659295480,,green_space_parks,-0.30453757174135365,51.372817100000006,MultiPolygon
way,659332428,,green_space_parks,-0.014231196709322973,51.54832015,MultiPolygon
way,659531112,,green_space_parks,-0.29557432391100247,51.3845678,MultiPolygon
way,659531114,,green_space_parks,-0.2948346283406855,51.3849079,MultiPolygon
relation,9186235,Avenue Gardens,green_space_parks,-0.11834670751160728,51.598271999999994,MultiPolygon
way,664755005,Hampstead Heath,green_space_parks,-0.1671721433570249,51.56414865,MultiPolygon
way,665905442,,green_space_parks,-0.07213723194962637,51.3842603,MultiPolygon
way,665960548,Rayners Mead,green_space_parks,-0.3687328822505013,51.57896385,MultiPolygon
way,666073712,,green_space_parks,0.002521701783393898,51.566032449999994,MultiPolygon
way,666540394,Ingrebourne Hill,green_space_parks,0.1998934103764353,51.52824235,MultiPolygon
way,666672735,,green_space_parks,-0.3439786015274199,51.62186305,MultiPolygon
way,666985695,,green_space_parks,-0.30349883777998643,51.458148800000004,MultiPolygon
way,667704602,Newton Park West,green_space_parks,-0.37227404104794737,51.567610450000004,MultiPolygon
way,667708097,Hornchurch Country Park,green_space_parks,0.2110414057971553,51.53827085,MultiPolygon
way,667708553,The Cedars,green_space_parks,-0.35382091292693074,51.60882945,MultiPolygon
way,669021054,Sandpiper Community Garden,green_space_parks,-0.36328048828577564,51.5701726,MultiPolygon
way,670186710,,green_space_parks,-0.16769434344602524,51.5526359,MultiPolygon
way,670521762,Lismore Circus Open Space,green_space_parks,-0.15476237336470783,51.5528842,MultiPolygon
way,671929049,Bancroft Chase,green_space_parks,0.18671418564009573,51.558534449999996,MultiPolygon
relation,7878338,Kew Green,green_space_parks,-0.2889190200205838,51.4842268,MultiPolygon
relation,9346125,College Garden,green_space_parks,-0.1269903332798905,51.49796375,MultiPolygon
way,672166625,Harrow Road Open Space,green_space_parks,-0.2113388375398879,51.526855,MultiPolygon
way,672778048,,green_space_parks,-0.2316148906182256,51.402175299999996,MultiPolygon
way,673886330,,green_space_parks,0.027813322022064386,51.5923056,MultiPolygon
way,673886332,,green_space_parks,0.028175146839729222,51.5927268,MultiPolygon
way,674723870,,green_space_parks,0.041769783997054534,51.605036850000005,MultiPolygon
way,674723873,,green_space_parks,0.039553832068427296,51.60485165,MultiPolygon
way,675068379,Whybridge Close Playsite,green_space_parks,0.1836637805776892,51.5311611,MultiPolygon
way,675595315,Butts Farm Estate Park,green_space_parks,-0.37870940162059097,51.44092395,MultiPolygon
way,675875377,,green_space_parks,0.10236765364648734,51.529658100000006,MultiPolygon
way,676095335,,green_space_parks,0.10765351256682518,51.51934315,MultiPolygon
way,676769700,,green_space_parks,-0.3187646686182246,51.48094555,MultiPolygon
way,676769701,,green_space_parks,-0.3204071040991575,51.4797877,MultiPolygon
way,676769703,,green_space_parks,-0.3209218152753883,51.480261549999994,MultiPolygon
way,676769704,,green_space_parks,-0.3208366855289167,51.48048895,MultiPolygon
way,676925413,,green_space_parks,-0.015631314675514242,51.49286725,MultiPolygon
way,676963086,,green_space_parks,-0.019401900093178128,51.492977350000004,MultiPolygon
way,677050258,,green_space_parks,-0.3400223761003972,51.4690159,MultiPolygon
way,677494294,Pantile Bridge Open Space,green_space_parks,-0.3595951563099902,51.42216705,MultiPolygon
way,677611182,,green_space_parks,-0.32528129856616156,51.46826605,MultiPolygon
way,677611189,,green_space_parks,-0.3246345609874906,51.47008235,MultiPolygon
way,677611191,,green_space_parks,-0.32448319986262797,51.4702274,MultiPolygon
way,677611192,,green_space_parks,-0.32346786346242146,51.47032605,MultiPolygon
way,677611207,,green_space_parks,-0.32919509612403297,51.46789695,MultiPolygon
way,677684356,,green_space_parks,-0.23192534236011134,51.45362525,MultiPolygon
way,677684357,,green_space_parks,-0.23276622913656603,51.45479175,MultiPolygon
way,677745604,Jubilee Park,green_space_parks,0.1777429149241646,51.571214749999996,MultiPolygon
way,678151691,Village Green,green_space_parks,0.11443034276530613,51.39370385,MultiPolygon
way,678192269,,green_space_parks,-0.10278595966773699,51.47912875,MultiPolygon
way,678192271,,green_space_parks,-0.10276288658723126,51.479564249999996,MultiPolygon
way,678194242,,green_space_parks,-0.07517315918206949,51.4811743,MultiPolygon
way,678638702,,green_space_parks,-0.25108847666251033,51.464326650000004,MultiPolygon
way,679451096,Dial Arch Square,green_space_parks,0.06992547621581972,51.49199945,MultiPolygon
way,680698879,,green_space_parks,0.09072329558823476,51.40325765,MultiPolygon
way,680789331,St. Paul's Cray Recreation Ground,green_space_parks,0.11529916705507978,51.4017204,MultiPolygon
way,680964309,,green_space_parks,-0.11827689715723491,51.3005845,MultiPolygon
way,680964310,,green_space_parks,-0.11795175417204556,51.30036045,MultiPolygon
way,681183193,Cage Park,green_space_parks,-0.4243237037277663,51.45173815,MultiPolygon
way,681222168,,green_space_parks,-0.4106005746595356,51.5157148,MultiPolygon
way,681590413,Crayford Way parkland,green_space_parks,0.18818581041360077,51.45472245,MultiPolygon
way,681603151,Stevens Park,green_space_parks,0.12124533063902648,51.4705153,MultiPolygon
way,682180951,Mayflower Park,green_space_parks,-0.043766495542857234,51.5045418,MultiPolygon
way,682423967,,green_space_parks,-0.30563016167717083,51.40792725,MultiPolygon
way,682781916,Bridge House Park,green_space_parks,-0.4077599071009338,51.44791035,MultiPolygon
way,682833273,,green_space_parks,-0.2931162593304671,51.4119826,MultiPolygon
way,682833274,,green_space_parks,-0.291911189482735,51.412045199999994,MultiPolygon
way,682920330,,green_space_parks,-0.23696622601855843,51.4590484,MultiPolygon
way,682920334,,green_space_parks,-0.23538953342762883,51.4599596,MultiPolygon
relation,9483389,Knotts Green,green_space_parks,-0.00729667590976619,51.57723885,MultiPolygon
way,684989291,Monkey Hill,green_space_parks,-0.19446462418355892,51.59806465,MultiPolygon
way,684989292,Outdoor Learning Area,green_space_parks,-0.1928842268002921,51.59788075,MultiPolygon
way,685985340,Ossulton Way Open Space,green_space_parks,-0.1799552117030343,51.58960175,MultiPolygon
way,685985601,Willifield Way Open Space,green_space_parks,-0.19246326812500048,51.5799167,MultiPolygon
way,685987285,Bethune Nature Reserve,green_space_parks,-0.1564563599816391,51.62101065,MultiPolygon
way,686914701,,green_space_parks,-0.12434787459678959,51.47097945,MultiPolygon
way,687369899,,green_space_parks,0.21698317504824297,51.565208999999996,MultiPolygon
way,687431932,,green_space_parks,-0.165962,51.5261391,MultiPolygon
way,687431946,,green_space_parks,-0.1666922118327066,51.5267207,MultiPolygon
way,688566269,,green_space_parks,-0.21561493520669234,51.3544463,MultiPolygon
way,688755032,,green_space_parks,-0.23700134577372245,51.45602115,MultiPolygon
way,688755033,,green_space_parks,-0.23714364999999998,51.4567864,MultiPolygon
way,688755034,,green_space_parks,-0.2372831758162198,51.45749725,MultiPolygon
way,689924296,,green_space_parks,-0.21558675373165254,51.407570899999996,MultiPolygon
way,689924297,,green_space_parks,-0.21409668712639782,51.40810855,MultiPolygon
way,689924315,,green_space_parks,-0.21662830165941263,51.411036249999995,MultiPolygon
way,689924316,,green_space_parks,-0.21605998366086118,51.41172315,MultiPolygon
way,690166494,,green_space_parks,-0.21974605775171532,51.42903545,MultiPolygon
way,690166495,,green_space_parks,-0.21829495245664796,51.430426600000004,MultiPolygon
way,690166518,,green_space_parks,-0.20786899246721502,51.42410145,MultiPolygon
way,690821967,,green_space_parks,-0.054523841434807964,51.518010649999994,MultiPolygon
way,691296799,Elephant Park,green_space_parks,-0.09640537930164825,51.49326935,MultiPolygon
way,691920084,,green_space_parks,-0.1716180982831508,51.5252233,MultiPolygon
way,691920085,,green_space_parks,-0.17202445328607496,51.52490245,MultiPolygon
way,691954475,,green_space_parks,0.19193171897874195,51.5212269,MultiPolygon
way,692089180,Holwood Park,green_space_parks,0.04211558847009359,51.3535118,MultiPolygon
way,692551576,Orange Park,green_space_parks,-0.17451388732621512,51.5246232,MultiPolygon
way,692909329,,green_space_parks,-0.1789138958176809,51.527341750000005,MultiPolygon
relation,4509080,Tooting Bec Common,green_space_parks,-0.1452764765435297,51.43450835,MultiPolygon
way,694846444,Wansey Gardens,green_space_parks,-0.09440985737858276,51.4919367,MultiPolygon
way,697821704,,green_space_parks,-0.1669146999999968,51.53542915,MultiPolygon
way,697821706,,green_space_parks,-0.16795407258685152,51.5349913,MultiPolygon
way,698238416,William Smith Park,green_space_parks,-0.41990403812118804,51.438769199999996,MultiPolygon
way,698406742,Woodside Green,green_space_parks,-0.06893577679287793,51.38795965,MultiPolygon
way,699121062,Cannon Hill Common,green_space_parks,-0.2213205193249606,51.400717549999996,MultiPolygon
way,699133830,,green_space_parks,0.07723924686378575,51.490134,MultiPolygon
way,704814096,Westferry Circus,green_space_parks,-0.026875980345486786,51.50575665,MultiPolygon
way,710893937,Woodside Green,green_space_parks,-0.06823444242423705,51.388851849999995,MultiPolygon
way,710893938,Woodside Green,green_space_parks,-0.06732904612171856,51.3890552,MultiPolygon
way,713921338,,green_space_parks,0.018353405736085952,51.37741175,MultiPolygon
way,714009828,,green_space_parks,0.04069664691926345,51.38517015,MultiPolygon
way,714023888,,green_space_parks,-0.161834353112648,51.469395649999996,MultiPolygon
way,715739452,,green_space_parks,-0.2681388800833338,51.59047855,MultiPolygon
way,715843238,,green_space_parks,-0.1888368937841669,51.523317750000004,MultiPolygon
way,715843246,,green_space_parks,-0.1907013111924215,51.52338355,MultiPolygon
way,720155128,Chicksand Street Park,green_space_parks,-0.0695555517591262,51.518740050000005,MultiPolygon
way,721328203,Athlone Gardens,green_space_parks,-0.21107286283099191,51.52251325,MultiPolygon
way,723152413,Long Meadow,green_space_parks,-0.2680975055670187,51.38589675,MultiPolygon
way,723156106,Southwood,green_space_parks,-0.26735598095670315,51.38385205,MultiPolygon
way,723284736,Angel Gardens,green_space_parks,-0.04978697064666125,51.61538365,MultiPolygon
way,723284744,Angel Walk,green_space_parks,-0.04964840821729205,51.6157858,MultiPolygon
way,723730149,Udney Park Playing Fields,green_space_parks,-0.3266868364027291,51.42477045,MultiPolygon
way,723739400,School House Lane Orchard,green_space_parks,-0.3194520735926768,51.4180921,MultiPolygon
relation,10041044,Queen's Park Gardens,green_space_parks,-0.20881069607401614,51.52841925,MultiPolygon
way,725779188,Rowan Park informal recreation area,green_space_parks,-0.14321940459487215,51.4053599,MultiPolygon
way,729147463,Chaucer Gardens,green_space_parks,-0.0681517651140317,51.514129,MultiPolygon
way,729828422,,green_space_parks,-0.18001776605198072,51.520465,MultiPolygon
way,729836517,Willesden Community Gardens,green_space_parks,-0.24235489707848676,51.55142215,MultiPolygon
relation,20582880,,green_space_parks,-0.14919729373230953,51.5363781,MultiPolygon
way,731835169,Floating Pocket Park,green_space_parks,-0.17123210207475212,51.51885875,MultiPolygon
relation,10118441,Kingdom Square,green_space_parks,-0.18292579401301948,51.51924365,MultiPolygon
way,732576631,,green_space_parks,-0.06884479875189103,51.4012108,MultiPolygon
way,732576632,,green_space_parks,-0.06938770589319933,51.40067255,MultiPolygon
way,732612345,,green_space_parks,-0.11655015272700592,51.444966550000004,MultiPolygon
way,733615155,,green_space_parks,-0.04352131352247455,51.477814499999994,MultiPolygon
way,733672623,,green_space_parks,-0.2554169881449464,51.6071547,MultiPolygon
way,733761767,Saint Mary's Square,green_space_parks,-0.1768598490629899,51.520368950000005,MultiPolygon
way,735186791,,green_space_parks,0.0030286227133173808,51.4843934,MultiPolygon
way,737427623,Abbey Wood Public Open Space,green_space_parks,0.21462447432912785,51.52967825,MultiPolygon
way,739012860,,green_space_parks,-0.2187890103396941,51.41237505,MultiPolygon
way,739024040,,green_space_parks,-0.2176327137209313,51.41093505,MultiPolygon
way,739024060,,green_space_parks,-0.2178827470851052,51.410987950000006,MultiPolygon
way,739449955,,green_space_parks,-0.2168051901123222,51.4133228,MultiPolygon
way,739450952,,green_space_parks,-0.21725369861963342,51.4132421,MultiPolygon
way,740733122,,green_space_parks,-0.13481652822017992,51.482923150000005,MultiPolygon
way,743735423,,green_space_parks,-0.2305573229178269,51.4222648,MultiPolygon
way,743737998,,green_space_parks,-0.22938267117331937,51.42156545,MultiPolygon
way,746405044,,green_space_parks,0.013776390959450201,51.4516431,MultiPolygon
way,747150853,Alfred Place Gardens,green_space_parks,-0.1328636248392941,51.520209449999996,MultiPolygon
way,747924252,Long Meadow,green_space_parks,-0.3996762084947505,51.58913975,MultiPolygon
way,747924253,,green_space_parks,-0.3938534402661015,51.5891909,MultiPolygon
relation,10334824,Clapton Common,green_space_parks,-0.06720377501045977,51.57245734999999,MultiPolygon
way,751106093,,green_space_parks,-0.4013258861007811,51.573318,MultiPolygon
way,751155116,St Luke's Open Space,green_space_parks,-0.2869589806191118,51.475199599999996,MultiPolygon
way,756106231,,green_space_parks,-0.4392865064935081,51.443409,MultiPolygon
way,762111122,Torcross Green,green_space_parks,-0.3991097390572399,51.5655406,MultiPolygon
way,762111133,,green_space_parks,-0.39947856926217107,51.559666449999995,MultiPolygon
way,762301022,Broadhurst Gardens,green_space_parks,-0.39594896369138677,51.5690621,MultiPolygon
way,762307787,,green_space_parks,-0.40220821280786334,51.5549257,MultiPolygon
way,762310042,Crossway Green,green_space_parks,-0.3943730509332025,51.56079055,MultiPolygon
way,766095580,Brentfield Open Space,green_space_parks,-0.2587004504084453,51.5458075,MultiPolygon
way,766272452,,green_space_parks,0.0231107546511951,51.6090713,MultiPolygon
way,766272453,,green_space_parks,0.02276588956568938,51.608634800000004,MultiPolygon
way,766312653,,green_space_parks,0.02319548823372716,51.612532099999996,MultiPolygon
way,766503151,,green_space_parks,-0.20821549084007943,51.4084869,MultiPolygon
way,769353971,Falmouth Road Gardens,green_space_parks,-0.09554333578313234,51.49488045,MultiPolygon
way,769917369,,green_space_parks,-0.1337712502984943,51.472147,MultiPolygon
way,770016736,Lansdowne Gardens,green_space_parks,-0.1263139613168367,51.47602045,MultiPolygon
way,778834099,,green_space_parks,-0.293071504360686,51.4881021,MultiPolygon
way,778834102,,green_space_parks,-0.29149002855798556,51.4884127,MultiPolygon
way,781283653,,green_space_parks,-0.19167767163677107,51.403372649999994,MultiPolygon
way,783876180,Confluence Park,green_space_parks,-0.011915968080486731,51.4648256,MultiPolygon
way,784368518,,green_space_parks,-0.21494306623774723,51.513185899999996,MultiPolygon
way,788151805,,green_space_parks,-0.023629108508510147,51.4688246,MultiPolygon
way,790026227,Bandstand Beds Community Garden,green_space_parks,-0.14759166970555176,51.4564057,MultiPolygon
way,790694513,,green_space_parks,-0.1323516372252454,51.45006445,MultiPolygon
way,791125582,,green_space_parks,0.21430886973458907,51.56208995,MultiPolygon
way,791443282,Riverside Gardens,green_space_parks,0.11379512712881795,51.3898574,MultiPolygon
way,791536724,Riverside gardens,green_space_parks,0.10906164943476479,51.386060650000005,MultiPolygon
way,791567764,Sandway Park,green_space_parks,0.11916697085793476,51.3936747,MultiPolygon
way,791567766,Oakmore Gardens,green_space_parks,0.11971411023714644,51.39194085,MultiPolygon
way,791658601,Harbord Square Park,green_space_parks,-0.010167373739577235,51.5026304,MultiPolygon
way,792819410,,green_space_parks,-0.024017953748024054,51.5092462,MultiPolygon
way,792819411,,green_space_parks,-0.01838749791612162,51.508880500000004,MultiPolygon
way,792954163,,green_space_parks,-0.029941673011153677,51.510987650000004,MultiPolygon
way,793382940,,green_space_parks,-0.024522895061845608,51.50991675,MultiPolygon
way,794425774,Elm Village Open Space,green_space_parks,-0.1338530058989425,51.54074315,MultiPolygon
way,794498227,,green_space_parks,-0.21716641934250835,51.454057899999995,MultiPolygon
way,794499419,,green_space_parks,-0.24153562508216053,51.4566673,MultiPolygon
way,794499722,,green_space_parks,-0.2418849740249116,51.456280050000004,MultiPolygon
way,795751733,New River Path,green_space_parks,-0.11519772346070663,51.61085035,MultiPolygon
way,795882891,,green_space_parks,0.022547275000000002,51.50827845,MultiPolygon
way,796069569,Parish Wood,green_space_parks,0.08924666225744068,51.447084700000005,MultiPolygon
way,796283671,Pinemartin Acitivty Park,green_space_parks,-0.22375797292080246,51.562295750000004,MultiPolygon
way,796577372,Finsbury Gardens,green_space_parks,-0.11652897993365693,51.60369515,MultiPolygon
way,796875678,Vectis Gardens,green_space_parks,-0.15170647619522948,51.419486500000005,MultiPolygon
way,797168745,White Hart Lane Recreation Ground,green_space_parks,-0.10614747579632366,51.6027582,MultiPolygon
way,797538085,,green_space_parks,0.03702131491597126,51.50909365,MultiPolygon
relation,14550287,Cator Park,green_space_parks,0.027465451727251473,51.458656500000004,MultiPolygon
way,798142415,,green_space_parks,-0.11409469904026157,51.6128257,MultiPolygon
way,800347117,Daisy Parsons Memorial Garden,green_space_parks,0.014704710293232875,51.5248932,MultiPolygon
way,801437406,Prince of Wales Open Space,green_space_parks,-0.02112070786490984,51.66525815,MultiPolygon
way,801656453,,green_space_parks,-0.2092501413860411,51.40376205,MultiPolygon
relation,7144119,Osterley Park,green_space_parks,-0.35274256163646445,51.489389,MultiPolygon
way,803099035,Cartwright Gardens,green_space_parks,-0.12696114227336852,51.526866049999995,MultiPolygon
way,803107582,Regent Square Gardens,green_space_parks,-0.12161214036527207,51.52685905,MultiPolygon
way,803480040,,green_space_parks,0.15495883935677257,51.473347849999996,MultiPolygon
way,803480043,,green_space_parks,0.1524260838757894,51.474484149999995,MultiPolygon
way,804737687,,green_space_parks,-0.21082687020958238,51.4518306,MultiPolygon
way,804737688,,green_space_parks,-0.2113888247226552,51.45161985,MultiPolygon
way,804737693,,green_space_parks,-0.20827223128651473,51.4539883,MultiPolygon
way,804737699,,green_space_parks,-0.20966536330790497,51.4538176,MultiPolygon
way,804737703,,green_space_parks,-0.21239392589517753,51.4474087,MultiPolygon
way,804847430,Dove Place,green_space_parks,-0.15492709999999998,51.489857,MultiPolygon
relation,11127855,Victoria Park,green_space_parks,-0.03406407851839304,51.5389557,MultiPolygon
way,810065770,Alpha Road Park,green_space_parks,-0.35174732558705807,51.42923435,MultiPolygon
way,810576962,Royal Arsenal Thames Path Garden,green_space_parks,0.07300000230041201,51.495401,MultiPolygon
way,810603194,,green_space_parks,-0.33077704148254633,51.42811625,MultiPolygon
way,810718978,,green_space_parks,-0.1509374999946752,51.46461165,MultiPolygon
way,810718979,,green_space_parks,-0.15103269698481891,51.46503575,MultiPolygon
way,810719003,St Paul's Churchyard,green_space_parks,-0.14038853085006164,51.4690025,MultiPolygon
way,810719031,Papa's Park,green_space_parks,-0.11860931371446765,51.4641407,MultiPolygon
way,814616848,Norwood Green,green_space_parks,-0.36952474705906646,51.49398535,MultiPolygon
way,815641569,Woodfield Recreation Ground,green_space_parks,-0.13906981297143753,51.4370561,MultiPolygon
way,816866223,Crescent Gardens,green_space_parks,-0.10992657971556624,51.6008913,MultiPolygon
way,817383055,,green_space_parks,-0.0071372846741637914,51.508707650000005,MultiPolygon
way,818883557,Horsenden Hill Open Space,green_space_parks,-0.3336502953702036,51.5461286,MultiPolygon
way,822336463,,green_space_parks,-0.1978917113799284,51.45228255,MultiPolygon
way,822379455,,green_space_parks,-0.11929405410135523,51.500333749999996,MultiPolygon
way,824601859,,green_space_parks,-0.24565325735482368,51.3808102,MultiPolygon
way,824605362,,green_space_parks,-0.2466541570950229,51.381275599999995,MultiPolygon
way,824605363,,green_space_parks,-0.24771781922489577,51.381942699999996,MultiPolygon
way,824624362,Hog's Back Open Space,green_space_parks,-0.40902175837194077,51.606075950000005,MultiPolygon
way,824646654,Frithwood Park,green_space_parks,-0.4189189479018487,51.61428395,MultiPolygon
way,824756003,,green_space_parks,-0.02864585664967108,51.51009245,MultiPolygon
way,825055412,,green_space_parks,0.005053010165976637,51.5116828,MultiPolygon
way,825197541,,green_space_parks,-0.12422027468994666,51.3053991,MultiPolygon
way,825289344,,green_space_parks,-0.06957510571003006,51.5135529,MultiPolygon
way,826159012,,green_space_parks,-0.4146479357865045,51.593569349999996,MultiPolygon
way,826179567,,green_space_parks,-0.09498864377912378,51.476732,MultiPolygon
way,827079788,Jubilee Meadow,green_space_parks,-0.3724823420441847,51.44958895,MultiPolygon
way,828163818,Bubridge Gardens Pocket Park,green_space_parks,-0.4691891716351031,51.54063155,MultiPolygon
way,828163820,Churchill Road Pocket Park,green_space_parks,-0.4705823651001403,51.53874195,MultiPolygon
way,828179001,,green_space_parks,-0.10339982622669794,51.4774091,MultiPolygon
way,828607376,Woodfall Park,green_space_parks,-0.11035987107516612,51.56651805,MultiPolygon
way,829392745,,green_space_parks,-0.24943159556142067,51.40551855,MultiPolygon
way,831265818,Crofton Park Railway Garden,green_space_parks,-0.03622578344442266,51.45482595,MultiPolygon
way,832397211,Poets' Corner Community Garden,green_space_parks,-0.2656946204793085,51.509459699999994,MultiPolygon
way,833211483,Evershot Road Gardens,green_space_parks,-0.11599099366336757,51.5695848,MultiPolygon
way,836214576,,green_space_parks,-0.30925769810707826,51.51579515,MultiPolygon
relation,18184644,Crescent Gardens,green_space_parks,-0.11090737968224146,51.600311250000004,MultiPolygon
way,836496526,Nightingale Gardens,green_space_parks,-0.1165415218127879,51.602124599999996,MultiPolygon
way,837153519,,green_space_parks,-0.15335697841658813,51.5908484,MultiPolygon
way,838168774,,green_space_parks,-0.15643688824257368,51.590481,MultiPolygon
way,838346430,,green_space_parks,-0.30424042174007604,51.4073721,MultiPolygon
way,838351239,Felnex Park,green_space_parks,-0.15658369121130666,51.377332300000006,MultiPolygon
way,839071084,,green_space_parks,-0.46068819136229233,51.5350257,MultiPolygon
way,839138707,Knights Gardens,green_space_parks,-0.4402287369378455,51.527496049999996,MultiPolygon
way,839956572,,green_space_parks,-0.14359207969563337,51.531236,MultiPolygon
way,840130236,Battersea Park,green_space_parks,-0.15705832131502928,51.4792126,MultiPolygon
way,840334638,,green_space_parks,-0.38801858749668044,51.52601075,MultiPolygon
way,840714015,,green_space_parks,0.04799947779907515,51.61574965,MultiPolygon
way,840740386,Altab Ali Park,green_space_parks,-0.06852117579403313,51.51618785,MultiPolygon
way,840947027,,green_space_parks,-0.02109190948040204,51.42179675,MultiPolygon
way,841023717,Corinthian Square,green_space_parks,0.02907281648494904,51.50054455,MultiPolygon
relation,7333569,Putney Heath,green_space_parks,-0.23486161830048102,51.440702200000004,MultiPolygon
way,842430566,,green_space_parks,-0.03814805143266055,51.489363350000005,MultiPolygon
way,843578506,Everleigh Street Open Space,green_space_parks,-0.11130308701942418,51.5673814,MultiPolygon
way,843957954,Marnham Fields,green_space_parks,-0.36337582719281314,51.537530450000006,MultiPolygon
way,844557181,Bastable Green,green_space_parks,0.09554092508339028,51.5280404,MultiPolygon
way,847189981,,green_space_parks,-0.34223125621710654,51.45003935,MultiPolygon
way,847330331,,green_space_parks,-0.2990228367307697,51.38847225,MultiPolygon
way,847330336,,green_space_parks,-0.30103546102724044,51.38656025,MultiPolygon
way,847330337,,green_space_parks,-0.3005850003063576,51.3866153,MultiPolygon
way,847330338,,green_space_parks,-0.30072043324542963,51.38658705,MultiPolygon
way,847330339,,green_space_parks,-0.3006558507464693,51.386860850000005,MultiPolygon
way,847330340,,green_space_parks,-0.30092021518615414,51.3869739,MultiPolygon
way,847330341,,green_space_parks,-0.3015453927300443,51.3868254,MultiPolygon
way,847330342,,green_space_parks,-0.30126995832899595,51.3868139,MultiPolygon
way,848932066,,green_space_parks,-0.35195093252729615,51.46797425,MultiPolygon
way,849795021,Crane Park - Willow Way,green_space_parks,-0.3658878995038165,51.4412349,MultiPolygon
relation,10090476,Westbourne Green Open Space,green_space_parks,-0.18845766003669123,51.520465400000006,MultiPolygon
way,850881153,,green_space_parks,-0.3397273850589926,51.4489408,MultiPolygon
way,851136558,Ranelagh Gardens,green_space_parks,-0.15319347534927352,51.4867782,MultiPolygon
way,851537877,Berwick Glades,green_space_parks,0.22316029463970088,51.535743049999994,MultiPolygon
way,851803565,,green_space_parks,-0.14252867664649338,51.5278086,MultiPolygon
way,851847860,,green_space_parks,0.22714459825024944,51.60616805,MultiPolygon
way,852709095,,green_space_parks,-0.3616575289053495,51.412686199999996,MultiPolygon
way,854884648,,green_space_parks,-0.1918726166033143,51.46624315,MultiPolygon
way,855186955,Upminster Windmill Field,green_space_parks,0.2445080108061323,51.55748825,MultiPolygon
way,855330201,,green_space_parks,-0.3246664769256232,51.447886249999996,MultiPolygon
way,855367067,Hurstleigh Gardens Open Space,green_space_parks,0.062331915284287595,51.5955178,MultiPolygon
way,856367073,Orleans House Gardens,green_space_parks,-0.3190742380541546,51.4465577,MultiPolygon
way,856851404,,green_space_parks,-0.32344206270856923,51.4707758,MultiPolygon
way,858145568,Havelock Recreation Ground,green_space_parks,0.03233675857538003,51.397270750000004,MultiPolygon
way,859700835,Grove Gardens,green_space_parks,-0.3293567913833948,51.43106535,MultiPolygon
way,860343407,,green_space_parks,-0.21250804195335332,51.411770950000005,MultiPolygon
way,860400064,Belair Park,green_space_parks,-0.09074652158469922,51.4432317,MultiPolygon
way,860627683,,green_space_parks,-0.02270626297903066,51.53708825,MultiPolygon
way,860825570,Jolly Farmers Open Space,green_space_parks,0.19587807935830343,51.4550932,MultiPolygon
way,861200885,Thomas Gamuel Park,green_space_parks,-0.022647328899534094,51.5758807,MultiPolygon
way,862057308,Harbour Quay Gardens,green_space_parks,-0.013826815291747625,51.50189535,MultiPolygon
way,862501220,,green_space_parks,-0.3612993450760011,51.418605400000004,MultiPolygon
way,863554956,The Green Park,green_space_parks,-0.1437172112775293,51.50445585,MultiPolygon
way,866110224,Dawson's Hill Park,green_space_parks,-0.06874720407627198,51.4473985,MultiPolygon
way,866724163,Chambers Road Park,green_space_parks,-0.12255595976994486,51.555836,MultiPolygon
way,869114266,,green_space_parks,-0.3616978838482867,51.42738145,MultiPolygon
way,870589123,Crowe's Nest,green_space_parks,-0.4168152211722746,51.61024605,MultiPolygon
relation,11882660,Beam Parklands,green_space_parks,0.16598150056919564,51.5324547,MultiPolygon
relation,11882661,Beam Valley Country Park,green_space_parks,0.17921971165665027,51.5423181,MultiPolygon
relation,11889155,Pool River Linear Park,green_space_parks,-0.027865984372998233,51.43555295,MultiPolygon
way,878586550,Denison-Ludlow Green,green_space_parks,-0.30846685485377545,51.527741899999995,MultiPolygon
relation,11963559,Mitcham Fair Green,green_space_parks,-0.1644136320852017,51.4057917,MultiPolygon
way,880319823,,green_space_parks,-0.1867754183350959,51.48054745,MultiPolygon
way,882367920,Wildberry Nature Reserve,green_space_parks,-0.3253594173604498,51.497177750000006,MultiPolygon
way,883233106,,green_space_parks,-0.1842666783337414,51.38451475,MultiPolygon
way,883233128,,green_space_parks,-0.18398860489393118,51.3846976,MultiPolygon
way,883239434,,green_space_parks,-0.182438795852429,51.392827249999996,MultiPolygon
way,883239435,,green_space_parks,-0.1819455620204599,51.3922651,MultiPolygon
way,883271625,,green_space_parks,-0.006902180524939626,51.4729395,MultiPolygon
way,883271627,,green_space_parks,-0.008685401954409012,51.47368505,MultiPolygon
way,883271629,,green_space_parks,-0.010511464155063436,51.473247549999996,MultiPolygon
relation,2915129,Blackheath,green_space_parks,0.005809561792006472,51.470341950000005,MultiPolygon
way,888777393,,green_space_parks,-0.4351566608511406,51.547700500000005,MultiPolygon
way,890997306,,green_space_parks,-0.09910025000000054,51.588572049999996,MultiPolygon
way,893060561,Northern Square,green_space_parks,0.07601697849048955,51.5069174,MultiPolygon
way,893669878,,green_space_parks,-0.3019882163084113,51.4146649,MultiPolygon
way,894205071,,green_space_parks,-0.037976851331091466,51.549372149999996,MultiPolygon
way,896359249,,green_space_parks,-0.2087900942307706,51.410973,MultiPolygon
way,898542206,Eythorne Park,green_space_parks,-0.10930995021661677,51.47512055,MultiPolygon
way,899225496,,green_space_parks,0.10388439975972526,51.52328035,MultiPolygon
way,901545813,,green_space_parks,-0.2380290509801979,51.41794645,MultiPolygon
way,901668083,Hale Field Park,green_space_parks,-0.45044356679609093,51.51852815,MultiPolygon
way,904663000,,green_space_parks,-0.16788751236041533,51.4867115,MultiPolygon
way,904663001,,green_space_parks,-0.16839027549856103,51.486500649999996,MultiPolygon
way,905806368,,green_space_parks,-0.44005150884221955,51.5086174,MultiPolygon
way,906208130,,green_space_parks,-0.38350550810502304,51.4253542,MultiPolygon
way,906846487,,green_space_parks,-0.11968586298110687,51.541943599999996,MultiPolygon
way,906846488,,green_space_parks,-0.11917603726204562,51.54208165,MultiPolygon
way,906846489,,green_space_parks,-0.12017207071901456,51.541792349999994,MultiPolygon
way,908566915,,green_space_parks,0.19741296842616626,51.521547850000005,MultiPolygon
way,909956323,Camden Road Open Space,green_space_parks,-0.11809731407678245,51.55523945,MultiPolygon
way,910050447,West Park,green_space_parks,-0.2762281877624083,51.50137305,MultiPolygon
way,911044739,Church Green,green_space_parks,-0.020476199037967553,51.512455149999994,MultiPolygon
way,911345230,,green_space_parks,0.08841835193131437,51.50204225,MultiPolygon
way,911719071,,green_space_parks,-0.22363163504978828,51.49669735,MultiPolygon
way,912707307,,green_space_parks,0.018228954460353088,51.54435395,MultiPolygon
relation,12455180,Belfry Avenue Open Space,green_space_parks,-0.4923010285263242,51.609106,MultiPolygon
way,918298757,,green_space_parks,-0.03426270118828284,51.54554065,MultiPolygon
way,921337863,Memorial Park,green_space_parks,-0.014826481817786303,51.61348525,MultiPolygon
way,925025710,,green_space_parks,-0.2318522879189611,51.51182065,MultiPolygon
way,925480026,,green_space_parks,-0.21461551121678296,51.483152200000006,MultiPolygon
way,925955798,,green_space_parks,-0.4469271187570397,51.52361525,MultiPolygon
way,926396833,Barnet Countryside Centre,green_space_parks,-0.21640510414112693,51.658002800000006,MultiPolygon
way,928308932,,green_space_parks,-0.39824982051537205,51.469464099999996,MultiPolygon
way,929095015,Warrren Park,green_space_parks,-0.3997810840129521,51.51942745,MultiPolygon
way,929211387,,green_space_parks,-0.19363693641738694,51.4307651,MultiPolygon
way,930501371,,green_space_parks,-0.2260370814160894,51.5117762,MultiPolygon
way,931490696,Dumbarton Court Public Open Space,green_space_parks,-0.12322906913760015,51.4496973,MultiPolygon
relation,12627106,Cowley Recreation Ground,green_space_parks,-0.4841020609990457,51.52692125,MultiPolygon
relation,4205108,Barnes Common,green_space_parks,-0.23872256050674864,51.46900345,MultiPolygon
way,940691780,Eskdale Open space,green_space_parks,-0.3743006721356138,51.54212695,MultiPolygon
way,941604870,The Meadow,green_space_parks,-0.18279926967604893,51.539692650000006,MultiPolygon
way,942378929,Friary Park Green,green_space_parks,-0.2627014898437501,51.5173815,MultiPolygon
way,943069314,Tommy's Park,green_space_parks,-0.03684960674629769,51.50149175,MultiPolygon
way,944209470,,green_space_parks,-0.3093929813984873,51.42985155,MultiPolygon
way,946449401,,green_space_parks,-0.4228121973500709,51.4461122,MultiPolygon
way,946449402,,green_space_parks,-0.42245462693597713,51.4470226,MultiPolygon
way,946810338,,green_space_parks,0.19191996077518156,51.4745923,MultiPolygon
way,947437572,,green_space_parks,-0.1279567800915361,51.537473399999996,MultiPolygon
way,948387317,,green_space_parks,-0.017926332169488912,51.49962225,MultiPolygon
relation,12737640,The Tarn,green_space_parks,0.05392326512615557,51.440724200000005,MultiPolygon
way,949873706,,green_space_parks,-0.021239167093639814,51.53948565,MultiPolygon
way,951206256,Columbia Gardens,green_space_parks,-0.19564222999431147,51.4864834,MultiPolygon
way,951206258,Lillie Square,green_space_parks,-0.1948772228578931,51.4856222,MultiPolygon
relation,15658970,Maryon Park,green_space_parks,0.04253655463659116,51.4893014,MultiPolygon
relation,12813915,Spring Park,green_space_parks,-0.09206526184921299,51.570130000000006,MultiPolygon
way,952141533,Downhills Park,green_space_parks,-0.09031671012491785,51.58882085,MultiPolygon
way,953740043,Sherwood Avenue Gardens,green_space_parks,-0.13134050432756078,51.4138073,MultiPolygon
way,953818152,The Rookery,green_space_parks,-0.11774149399085007,51.4213293,MultiPolygon
way,955280154,Olive Morris Gardens,green_space_parks,-0.10555449577387027,51.47538195,MultiPolygon
way,956082244,Leven Banks,green_space_parks,-0.003727455219559086,51.5168889,MultiPolygon
way,956335691,Knight's Hill Wood Nature Reserve,green_space_parks,-0.1055378579212638,51.42495505,MultiPolygon
way,958631090,Unigate Wood,green_space_parks,-0.11797619751427046,51.42852595,MultiPolygon
way,958880043,Carlton Square,green_space_parks,-0.04584104243163607,51.524025300000005,MultiPolygon
way,958882296,,green_space_parks,-0.03986818734568465,51.519386,MultiPolygon
way,960058537,,green_space_parks,-0.3256901502491595,51.428098000000006,MultiPolygon
way,960169742,Hollyoak Wood Park,green_space_parks,0.09752129988592806,51.44503245,MultiPolygon
way,960169743,,green_space_parks,0.09851142876562997,51.4439304,MultiPolygon
way,961556603,,green_space_parks,-0.30130490375589686,51.59225045,MultiPolygon
way,962300470,,green_space_parks,0.010029631938268595,51.5373653,MultiPolygon
way,962775222,Spring Green,green_space_parks,-0.4605833717408274,51.50630415,MultiPolygon
way,963499040,Four Seasons Green,green_space_parks,-0.4599033862576078,51.5058901,MultiPolygon
relation,12943883,The Robinson - Play Area,green_space_parks,-0.2761632708566722,51.556644250000005,MultiPolygon
way,966146229,,green_space_parks,-0.044187808214300794,51.52158345,MultiPolygon
way,966185482,,green_space_parks,-0.03698710885579986,51.5191009,MultiPolygon
way,966190699,,green_space_parks,-0.059178628897483494,51.5222665,MultiPolygon
way,966201323,Marlborough Park,green_space_parks,0.10588205999341561,51.4420365,MultiPolygon
way,966979957,,green_space_parks,-0.4808385709610433,51.497527,MultiPolygon
way,967088982,,green_space_parks,-0.4580984188518409,51.50028075,MultiPolygon
way,967251631,Paddocks,green_space_parks,-0.47906051809742806,51.49644055,MultiPolygon
way,969822070,,green_space_parks,0.004869994615841703,51.585323200000005,MultiPolygon
way,972073593,,green_space_parks,-0.020492060912799454,51.4993658,MultiPolygon
way,972694738,Inkerman Garden,green_space_parks,-0.14607449734833458,51.5490607,MultiPolygon
way,973113934,,green_space_parks,-0.2656221467145493,51.56063425,MultiPolygon
way,973591754,,green_space_parks,-0.45279215838718956,51.5073593,MultiPolygon
way,977859560,,green_space_parks,-0.20790351319167982,51.3750124,MultiPolygon
way,981548990,,green_space_parks,-0.11493502961006127,51.54170295,MultiPolygon
way,981989877,,green_space_parks,-0.07477833854166652,51.541262950000004,MultiPolygon
way,982728997,Alexandra Road Park,green_space_parks,-0.1841500577203027,51.5393683,MultiPolygon
way,987188307,Central Gardens,green_space_parks,-0.14672831669601427,51.47897805,MultiPolygon
way,993042679,,green_space_parks,-0.18286793082249686,51.4098688,MultiPolygon
way,993067845,,green_space_parks,-0.19342644659858602,51.533018299999995,MultiPolygon
way,993238883,,green_space_parks,-0.4782061927275618,51.54341135,MultiPolygon
way,993238884,,green_space_parks,-0.47762535689326385,51.543509099999994,MultiPolygon
way,995168756,,green_space_parks,0.12616565370328928,51.443125800000004,MultiPolygon
relation,13354985,,green_space_parks,-0.22088811030450814,51.49238355,MultiPolygon
way,996069400,Wennington Green,green_space_parks,-0.041697404785244,51.531206,MultiPolygon
relation,2172601,Mile End Park,green_space_parks,-0.041697404785244,51.531206,MultiPolygon
way,996143895,,green_space_parks,-0.07125582191882227,51.52797285,MultiPolygon
way,996238764,Fairchild’s Garden,green_space_parks,-0.07577604028882845,51.52879235,MultiPolygon
way,996309635,,green_space_parks,-0.3425042075507777,51.4760806,MultiPolygon
way,997118708,,green_space_parks,0.06255388464220621,51.4844175,MultiPolygon
way,997427878,,green_space_parks,-0.22204293851922474,51.511631550000004,MultiPolygon
way,997427880,Exhibition Park,green_space_parks,-0.2232316422253291,51.5107243,MultiPolygon
way,997427886,,green_space_parks,-0.22404352696345298,51.5101655,MultiPolygon
way,997674929,,green_space_parks,-0.04333982142744658,51.58819965,MultiPolygon
way,997674930,,green_space_parks,-0.04331769069971552,51.58714275,MultiPolygon
way,997674933,Canal Walk,green_space_parks,-0.04331364537487846,51.58865215,MultiPolygon
way,997674934,Canal Walk,green_space_parks,-0.041889464236706336,51.58868875,MultiPolygon
way,998029316,,green_space_parks,-0.022527145741994145,51.52354795,MultiPolygon
way,998238093,,green_space_parks,-0.476681183529281,51.520924449999995,MultiPolygon
way,998727403,,green_space_parks,-0.04537356827581569,51.5031112,MultiPolygon
relation,1384127,The Regent's Park,green_space_parks,-0.15376913407968346,51.530107,MultiPolygon
way,1003715750,Oval Triangle,green_space_parks,-0.11173268503581765,51.482103050000006,MultiPolygon
relation,9415372,Rush Common,green_space_parks,-0.12183998199999851,51.450282900000005,MultiPolygon
way,1004677349,Rush Common Woodland Walk,green_space_parks,-0.11736996344579072,51.457704,MultiPolygon
relation,13461887,Kennington Park,green_space_parks,-0.1091115912363697,51.48329355,MultiPolygon
way,1006306413,Ufford Street Gardens,green_space_parks,-0.10779547448179241,51.50196445,MultiPolygon
relation,13480640,Reedworth Street Open Space,green_space_parks,-0.11077263557936026,51.4916845,MultiPolygon
way,1006716473,Windrush Square,green_space_parks,-0.11530693317997034,51.46081205,MultiPolygon
way,1006809273,Stockwell Memorial Gardens,green_space_parks,-0.12215939727431051,51.47288435,MultiPolygon
relation,13490527,King's Stairs Gardens,green_space_parks,-0.05691927802618464,51.49988845,MultiPolygon
way,1007385109,Van Gogh Walk,green_space_parks,-0.11630478883970186,51.47511365,MultiPolygon
way,1007389226,Atkins Road Roundabout,green_space_parks,-0.13767585039691532,51.44796475,MultiPolygon
way,1007657460,,green_space_parks,0.017003888130885922,51.50704465,MultiPolygon
way,1008677943,Mint Street Park,green_space_parks,-0.09668353553283884,51.50222695,MultiPolygon
way,1008718546,Cowley Road Open Space,green_space_parks,-0.11077533559065153,51.47491705,MultiPolygon
way,1008722866,Myatt's Fields Park Roundabout,green_space_parks,-0.10065192354314455,51.47407245,MultiPolygon
way,1008836248,Holy Trinity Churchyard,green_space_parks,-0.1421586008489455,51.4624873,MultiPolygon
way,1009107238,Compton Gardens,green_space_parks,-0.014647163795710641,51.502496949999994,MultiPolygon
way,1009346311,,green_space_parks,0.030129951177044513,51.53935455,MultiPolygon
way,1009563387,Thorparch Road Pocket Park,green_space_parks,-0.13347170354812513,51.47631645,MultiPolygon
way,1009566070,Tivoli Road Community Garden,green_space_parks,-0.10167871981707324,51.42338925,MultiPolygon
way,1010968798,,green_space_parks,-0.13418285948385728,51.48968505,MultiPolygon
way,1011224340,West Norwood Health & Leisure Centre Grounds,green_space_parks,-0.10572063852892422,51.4324627,MultiPolygon
relation,12892558,Streatham Green,green_space_parks,-0.1315078082329404,51.4282932,MultiPolygon
way,1012960951,,green_space_parks,0.18007602935482014,51.474529399999994,MultiPolygon
way,1013167784,,green_space_parks,-0.08628098520549744,51.576217650000004,MultiPolygon
way,1013794052,Baxendale Street Open Space,green_space_parks,-0.0684343769288939,51.529913300000004,MultiPolygon
way,1015450584,,green_space_parks,0.13867986464469018,51.46938205,MultiPolygon
way,1017503645,,green_space_parks,-0.15459581400979439,51.41737165,MultiPolygon
way,1017815344,,green_space_parks,-0.06374866382255523,51.53345925,MultiPolygon
way,1017826025,Naseem's Garden,green_space_parks,-0.07503065225425677,51.5276126,MultiPolygon
way,1019098148,Northgate Park,green_space_parks,0.12187866435574479,51.5249961,MultiPolygon
way,1019098159,The Circus,green_space_parks,0.12612737278287445,51.52237635,MultiPolygon
way,1020672050,,green_space_parks,-0.08533762274130273,51.4968213,MultiPolygon
way,1021111826,Chelsfield Green,green_space_parks,0.11896594234355504,51.357970300000005,MultiPolygon
way,1021875578,,green_space_parks,0.04582654403063067,51.42833565,MultiPolygon
way,1021878993,North Acton Triangle,green_space_parks,-0.26307355126028975,51.522149049999996,MultiPolygon
way,1022357759,,green_space_parks,0.1025850977939123,51.6114117,MultiPolygon
way,1022357760,,green_space_parks,0.10249387128332352,51.611638150000005,MultiPolygon
way,1023628644,,green_space_parks,-0.02360624779385693,51.5228694,MultiPolygon
way,1023636011,,green_space_parks,-0.11190550795129597,51.453202250000004,MultiPolygon
way,1024340146,,green_space_parks,-0.1816797186124373,51.4532712,MultiPolygon
way,1024373277,,green_space_parks,-0.17341605978941416,51.3917668,MultiPolygon
relation,13733925,,green_space_parks,-0.18467979464585904,51.46091145,MultiPolygon
way,1026047825,,green_space_parks,-0.27073066510416655,51.512055849999996,MultiPolygon
way,1027715565,,green_space_parks,0.15885909041174118,51.51757515,MultiPolygon
relation,13766339,,green_space_parks,-0.042662723236926325,51.601758149999995,MultiPolygon
way,1028767079,Leighton Crescent Gardens,green_space_parks,-0.13449123831298215,51.55182815,MultiPolygon
way,1029900056,,green_space_parks,-0.03117039729075746,51.4824366,MultiPolygon
way,1030729521,Trent Park,green_space_parks,-0.14587198355923664,51.658210499999996,MultiPolygon
way,1033218459,Altash Gardens,green_space_parks,0.060528419846731255,51.43318705,MultiPolygon
way,1033220954,The Course,green_space_parks,0.061042999368322755,51.4320716,MultiPolygon
way,1033474157,,green_space_parks,-0.09285942561615929,51.60056095,MultiPolygon
way,1034346603,Abbey Wood Park,green_space_parks,0.1089469012920396,51.49451785,MultiPolygon
way,1034511032,Reigate Road Open Space,green_space_parks,0.013326465817121422,51.43456765,MultiPolygon
way,1034576199,Pauls Cray Hill Park,green_space_parks,0.12870210167239293,51.39789505,MultiPolygon
way,1035930712,,green_space_parks,-0.22275364612101287,51.380181699999994,MultiPolygon
relation,13882444,Mottingham Sports Ground / Foxes Field,green_space_parks,0.03976354290249629,51.43322555,MultiPolygon
relation,13901871,Wayside Green Open Space,green_space_parks,0.051999074816462,51.42568345,MultiPolygon
way,1039282484,,green_space_parks,-0.3650271707299,51.57385205,MultiPolygon
relation,13931825,Wandsworth Park,green_space_parks,-0.20417833486269757,51.4623065,MultiPolygon
way,1042461127,Somerford Grove Open Space,green_space_parks,-0.06060362688872342,51.6032439,MultiPolygon
way,1042767907,,green_space_parks,0.18600504007546892,51.47350265,MultiPolygon
way,1046215998,Hitherbroom Park,green_space_parks,-0.4065130192461571,51.5118229,MultiPolygon
way,1046536222,,green_space_parks,-0.03435932721161113,51.56650205,MultiPolygon
relation,14046354,Hadley Green,green_space_parks,-0.19931126822103667,51.66096175,MultiPolygon
way,1052458892,Bourne Park,green_space_parks,-0.0887842126968062,51.3189468,MultiPolygon
relation,14051863,Forest Lane Park,green_space_parks,0.015653917122898903,51.549006399999996,MultiPolygon
way,1053086493,Central Park,green_space_parks,0.07358550255818476,51.53182475,MultiPolygon
way,1053086507,Drydock Square,green_space_parks,0.07287639441361277,51.5332829,MultiPolygon
way,1053086568,,green_space_parks,-0.06567307280316328,51.583382,MultiPolygon
way,1053276299,Felnex Mini Park,green_space_parks,-0.15708480190333599,51.376694549999996,MultiPolygon
way,1053898182,,green_space_parks,0.07320539897954743,51.5070134,MultiPolygon
way,1054006397,,green_space_parks,-0.10590187153624153,51.55985055,MultiPolygon
relation,1290065,Clapham Common,green_space_parks,-0.14895754056160898,51.4583791,MultiPolygon
way,1054398983,,green_space_parks,-0.4809848708214502,51.588235499999996,MultiPolygon
relation,2841550,Wandsworth Common,green_space_parks,-0.16758802163843148,51.44846415,MultiPolygon
way,1058978143,Martens Grove,green_space_parks,0.16323220322939996,51.45653645,MultiPolygon
way,1059672920,Barnardo''s Village Green,green_space_parks,0.08357499109002277,51.5866905,MultiPolygon
way,1061364675,The Warren,green_space_parks,0.14623745924380213,51.450420550000004,MultiPolygon
way,1061423836,,green_space_parks,-0.06877046281809711,51.536046400000004,MultiPolygon
way,1061929147,Craneford Way Wild Park,green_space_parks,-0.3420406673088219,51.450125799999995,MultiPolygon
way,1062388887,Albion Parade,green_space_parks,-0.08425833600000096,51.5565079,MultiPolygon
relation,14168519,Bunhill Fields Burial Ground,green_space_parks,-0.08872852872117443,51.52373045,MultiPolygon
way,1063587380,,green_space_parks,0.04810027147915952,51.5033697,MultiPolygon
way,1064125966,Linear Park,green_space_parks,0.16734491449853758,51.52563295,MultiPolygon
way,1064458869,,green_space_parks,-0.17485398209281006,51.6349197,MultiPolygon
way,1066129483,,green_space_parks,-0.15043661791044732,51.5081821,MultiPolygon
way,1069397521,,green_space_parks,-0.043326722622950786,51.58734775,MultiPolygon
way,1075413361,Marryat Gardens,green_space_parks,-0.016847719770886956,51.4831035,MultiPolygon
way,1078768194,,green_space_parks,-0.05004641407843155,51.54577975,MultiPolygon
way,1079251978,Paxton Parklet,green_space_parks,-0.08733870912771446,51.42751495,MultiPolygon
way,1079301780,Saint Dunstans Church area,green_space_parks,-0.2581429762834647,51.513070799999994,MultiPolygon
way,1080466526,Memorial Woodland,green_space_parks,0.2019625090778262,51.53494945,MultiPolygon
way,1081392507,Gorilla Circus Regents Park Flying Trapeze School,green_space_parks,-0.1645336319822413,51.5329736,MultiPolygon
relation,14460745,Beckton District Park,green_space_parks,0.04460081657887,51.5182967,MultiPolygon
way,1086450444,Oystercatcher Park,green_space_parks,0.12464097966062848,51.52609995,MultiPolygon
way,1086520464,Gandhi Chaplin Memorial Garden,green_space_parks,0.017873513566936363,51.517435,MultiPolygon
way,1087016924,,green_space_parks,-0.04919463495905911,51.5390959,MultiPolygon
relation,19101920,Oldchurch Park,green_space_parks,0.17701065454176917,51.56864295,MultiPolygon
way,1088846090,Ivy's Gardens,green_space_parks,-0.07163524983708677,51.5368417,MultiPolygon
way,1089324823,King George's Park,green_space_parks,-0.19584164914761715,51.455508449999996,MultiPolygon
way,1090859398,Whitelands Park,green_space_parks,-0.20958607287458186,51.450677299999995,MultiPolygon
relation,14550335,Eaglesfield Park,green_space_parks,0.07184043427947596,51.46965885,MultiPolygon
way,1093377322,,green_space_parks,0.03703124647340754,51.48869455,MultiPolygon
way,1093592916,,green_space_parks,-0.17616581378281665,51.598427799999996,MultiPolygon
way,1096323681,,green_space_parks,-0.3642216497096781,51.4792269,MultiPolygon
way,1096335918,,green_space_parks,-0.05794894400814574,51.50567255,MultiPolygon
relation,14623772,Ealing Green,green_space_parks,-0.30606729145603595,51.51136215,MultiPolygon
way,1098763494,The Poets' Park,green_space_parks,-0.1366051614285813,51.521077399999996,MultiPolygon
way,1103785773,,green_space_parks,-0.030335069528936096,51.5110761,MultiPolygon
relation,4285108,Wimbledon Common,green_space_parks,-0.24419753762388685,51.427074149999996,MultiPolygon
relation,4285358,Wimbledon Common,green_space_parks,-0.24419753762388685,51.427074149999996,MultiPolygon
relation,14730180,King George's Park,green_space_parks,-0.1948257321599192,51.45218255,MultiPolygon
way,1107080520,Olympic Ring Park,green_space_parks,-0.12746579660544985,51.53434835,MultiPolygon
relation,3118071,Brockwell Park,green_space_parks,-0.10609256844186246,51.4505301,MultiPolygon
way,1108798847,Linear Park,green_space_parks,0.1656393088534665,51.525943049999995,MultiPolygon
way,1112036746,,green_space_parks,0.012395705021065167,51.5096722,MultiPolygon
relation,14880311,Slade Gardens,green_space_parks,-0.11430463265622737,51.47120735,MultiPolygon
relation,14755741,Vauxhall Park,green_space_parks,-0.12198013022570402,51.48281045,MultiPolygon
way,1113390127,Catlin's Lane Open Space,green_space_parks,-0.39879607249885907,51.5924999,MultiPolygon
way,1113464699,,green_space_parks,0.011038346269324612,51.52195845,MultiPolygon
relation,14895764,South Norwood Lake,green_space_parks,-0.07619059407872177,51.40793725,MultiPolygon
way,1115092565,,green_space_parks,-0.38834414519230664,51.4665979,MultiPolygon
way,1119241879,,green_space_parks,-0.22272182839226773,51.4396098,MultiPolygon
way,1120988046,The Highlands Open Space,green_space_parks,-0.3637504168600783,51.476365,MultiPolygon
way,1122940647,,green_space_parks,-0.1970379136435326,51.52854790000001,MultiPolygon
way,1123759017,Saint Mary's Garden,green_space_parks,0.05984340706035188,51.492845349999996,MultiPolygon
way,1124202376,,green_space_parks,0.05766280846116889,51.5331215,MultiPolygon
way,1126171696,,green_space_parks,-0.09947438231831465,51.55932835,MultiPolygon
way,1126238052,The Woodlands Dell,green_space_parks,0.01675573154042789,51.480937,MultiPolygon
way,1127321147,Fielder's Field,green_space_parks,0.21544002995897593,51.56673715,MultiPolygon
way,1127565563,,green_space_parks,0.08901022740488443,51.53467985,MultiPolygon
way,1127607630,,green_space_parks,-0.09818603884884267,51.602579500000004,MultiPolygon
way,1127969196,,green_space_parks,-0.17237438125742843,51.421767200000005,MultiPolygon
way,1129428191,,green_space_parks,0.1105712273441504,51.528690999999995,MultiPolygon
way,1130868617,,green_space_parks,0.11412679376075648,51.50849005,MultiPolygon
way,1130883244,,green_space_parks,0.11891275117352607,51.49797815,MultiPolygon
way,1132890979,,green_space_parks,0.09041427168615984,51.5355227,MultiPolygon
way,1133424304,Larkhall Park Community Garden,green_space_parks,-0.13060251533931339,51.47489415,MultiPolygon
way,1133768510,,green_space_parks,0.0974588410783558,51.54600365,MultiPolygon
relation,15345015,Belmont Lane Open Space,green_space_parks,0.07430150825545312,51.4252484,MultiPolygon
way,1135388161,,green_space_parks,0.07832414352941137,51.5591572,MultiPolygon
way,1135388164,,green_space_parks,0.0801904864786802,51.559480750000006,MultiPolygon
way,1135408012,,green_space_parks,0.07144667025120224,51.556455549999995,MultiPolygon
way,1136802886,,green_space_parks,-0.2392223673132179,51.55001715,MultiPolygon
relation,15441621,Kennington Open Space,green_space_parks,-0.10482014622641603,51.4801947,MultiPolygon
way,1138555093,,green_space_parks,-0.23392089204785024,51.60601135,MultiPolygon
relation,15101090,River Side Walk,green_space_parks,-0.19115070049221128,51.6130847,MultiPolygon
relation,15101776,,green_space_parks,-0.18905416326940086,51.61634695,MultiPolygon
way,1144164740,,green_space_parks,-0.1678003677527467,51.37207395,MultiPolygon
way,1147752729,,green_space_parks,-0.05331871882584455,51.61141595,MultiPolygon
way,1149191179,,green_space_parks,0.10035938651625452,51.502232500000005,MultiPolygon
relation,15536751,Trinity Gardens,green_space_parks,-0.11470162898732914,51.6006072,MultiPolygon
way,1150937363,Exploratory Park Brent Cross,green_space_parks,-0.22069531312685992,51.572085,MultiPolygon
way,1150937365,Claremont Park,green_space_parks,-0.22171043040943,51.570138650000004,MultiPolygon
way,1151636306,,green_space_parks,0.1227969287003535,51.5093113,MultiPolygon
way,1151637186,,green_space_parks,0.11774562852644745,51.508074699999995,MultiPolygon
way,1152964814,Elvin Gardens,green_space_parks,-0.2816607980104935,51.559702349999995,MultiPolygon
relation,15599256,Brent Park,green_space_parks,-0.21149450785156254,51.5840951,MultiPolygon
way,1156229663,Minchenden Oak Garden,green_space_parks,-0.12912582493354807,51.624266950000006,MultiPolygon
way,1159387444,,green_space_parks,0.07151251111713944,51.556894,MultiPolygon
way,1160171530,,green_space_parks,-0.02291942949287569,51.508985100000004,MultiPolygon
way,1160970407,,green_space_parks,-0.20676549463455524,51.46784545,MultiPolygon
way,1161263275,,green_space_parks,-0.07276835443353781,51.59064815,MultiPolygon
way,1161757550,,green_space_parks,-0.018912180622573244,51.515385249999994,MultiPolygon
way,1161760535,,green_space_parks,-0.012327273840709259,51.51295475,MultiPolygon
way,1162038458,,green_space_parks,-0.12633261154726055,51.59827065,MultiPolygon
way,1162642084,,green_space_parks,-0.0746119497589077,51.53670745,MultiPolygon
way,1164354243,Springfield Park,green_space_parks,-0.1766822702938235,51.437886899999995,MultiPolygon
relation,11962709,Drapers Field,green_space_parks,-0.005705393903554861,51.5517421,MultiPolygon
relation,15789904,Barnet Hill Common,green_space_parks,-0.19551253728523726,51.650215849999995,MultiPolygon
relation,12370600,Gallions Park,green_space_parks,0.08927212883920674,51.4995376,MultiPolygon
way,1176302039,South Lawns,green_space_parks,0.16876163429235336,51.52377155,MultiPolygon
way,1181318831,Boundary Gardens,green_space_parks,-0.07490120788690494,51.5260433,MultiPolygon
way,1185427788,,green_space_parks,0.074582691516862,51.534078199999996,MultiPolygon
way,1186769635,Gallions Place,green_space_parks,0.07160976830876599,51.507873950000004,MultiPolygon
way,1186769638,,green_space_parks,0.07235014372819262,51.50741105,MultiPolygon
way,1186777198,,green_space_parks,0.03832807583869961,51.502483049999995,MultiPolygon
way,1188665447,,green_space_parks,-0.03399060452685296,51.515323550000005,MultiPolygon
way,1188729564,,green_space_parks,-0.009338776148379972,51.5126944,MultiPolygon
way,1190124294,,green_space_parks,-0.011500525754883957,51.5172482,MultiPolygon
way,1190124301,,green_space_parks,-0.01948378844859562,51.513303300000004,MultiPolygon
way,1190931331,,green_space_parks,-0.04434187216023537,51.46791455,MultiPolygon
way,1196029027,Heathfield Nature Garden,green_space_parks,-0.2799880939168061,51.504778,MultiPolygon
way,1196381552,,green_space_parks,-0.13607650315525313,51.4983335,MultiPolygon
way,1196586232,Hornsey Park,green_space_parks,-0.11231883934735837,51.592038,MultiPolygon
way,1201234264,,green_space_parks,-0.37135587940646303,51.5335254,MultiPolygon
way,1201659609,New River Path West Bank,green_space_parks,-0.10815470478645423,51.585044999999994,MultiPolygon
way,1202366482,Ridgeway Views Woodland Gardens,green_space_parks,-0.22130834665140675,51.6207194,MultiPolygon
way,1204414076,William Barefoot Gardens,green_space_parks,0.10472507533010111,51.4761103,MultiPolygon
way,1205251669,,green_space_parks,-0.02303671028543095,51.47644925,MultiPolygon
way,1205894774,,green_space_parks,-0.1789433178996807,51.40948160000001,MultiPolygon
way,1206454331,Gascoigne Square,green_space_parks,0.08211203496344144,51.534241050000006,MultiPolygon
way,1208656324,The Glade,green_space_parks,0.06779922385666501,51.571767550000004,MultiPolygon
way,1211032163,,green_space_parks,-0.13627250943803743,51.612157249999996,MultiPolygon
way,1211032164,,green_space_parks,-0.13696004255079086,51.6122089,MultiPolygon
way,1211063944,,green_space_parks,-0.12949966681994446,51.60965865,MultiPolygon
way,1211063945,,green_space_parks,-0.12908002628153614,51.6090882,MultiPolygon
way,1211063946,,green_space_parks,-0.13039656810545283,51.609557699999996,MultiPolygon
way,1211063947,,green_space_parks,-0.13153307338501172,51.609944,MultiPolygon
way,1211063948,,green_space_parks,-0.1337996126186055,51.61081195,MultiPolygon
way,1211063949,,green_space_parks,-0.13396158611291215,51.610471950000004,MultiPolygon
way,1211903562,Crane Meadows,green_space_parks,-0.42274786148278465,51.49166185,MultiPolygon
way,1219076295,Cheyne Walk Open Space,green_space_parks,-0.09795746032050083,51.647276149999996,MultiPolygon
way,1224449468,,green_space_parks,-0.1958370776002174,51.401513050000005,MultiPolygon
way,1224449469,,green_space_parks,-0.19567832952568415,51.401537700000006,MultiPolygon
way,1224449470,,green_space_parks,-0.1955012358224189,51.401405600000004,MultiPolygon
way,1224449472,,green_space_parks,-0.19536647106481797,51.4015976,MultiPolygon
way,1224449473,,green_space_parks,-0.1953092470331565,51.401469500000005,MultiPolygon
way,1224449474,,green_space_parks,-0.1957143751992827,51.401332749999995,MultiPolygon
way,1224461253,,green_space_parks,-0.19509536546563638,51.4015649,MultiPolygon
way,1224461254,,green_space_parks,-0.19502043523621043,51.4016666,MultiPolygon
way,1224461255,,green_space_parks,-0.1951752128146079,51.40165505,MultiPolygon
relation,16755635,Tower Gardens Park,green_space_parks,-0.0841068919580702,51.5991,MultiPolygon
way,1229446633,Linear Park,green_space_parks,0.006636137338892043,51.5161151,MultiPolygon
way,1230094315,,green_space_parks,-0.18749103490566033,51.4192563,MultiPolygon
way,1230094316,,green_space_parks,-0.18741815703579495,51.419265949999996,MultiPolygon
way,1230094338,,green_space_parks,-0.18906183908978183,51.42489005,MultiPolygon
way,1230108934,Clayton Gardens,green_space_parks,-0.24820942469007526,51.51257,MultiPolygon
way,1230690111,Pearl and Mizanur’s Memorial Garden,green_space_parks,-0.057081390853044825,51.51129145,MultiPolygon
way,1231803057,,green_space_parks,-0.01704805155781283,51.62207495,MultiPolygon
relation,16248108,Millfields Park,green_space_parks,-0.04976747008733208,51.56129975,MultiPolygon
way,1237093887,,green_space_parks,-0.1941898534731319,51.38941845,MultiPolygon
way,1237093888,,green_space_parks,-0.1939527907208179,51.3894957,MultiPolygon
way,1237093889,,green_space_parks,-0.19380748317739294,51.38935055,MultiPolygon
way,1237093890,,green_space_parks,-0.19408685019564229,51.3892606,MultiPolygon
way,1238045032,,green_space_parks,-0.18607956889111915,51.41937095,MultiPolygon
way,1238045033,,green_space_parks,-0.18566914504511886,51.41939415,MultiPolygon
way,1239739663,Union Park,green_space_parks,-0.27726757396211016,51.558032999999995,MultiPolygon
way,1240214681,Camden Square Gardens,green_space_parks,-0.13165867285285915,51.545016950000004,MultiPolygon
way,1242090868,,green_space_parks,-0.010164225392807032,51.428203800000006,MultiPolygon
way,1242758637,Eastcote Gardens,green_space_parks,0.08302290760952044,51.4658287,MultiPolygon
relation,17078311,Swan Lane Open Space,green_space_parks,-0.17857588152172058,51.62485925,MultiPolygon
way,1244018306,,green_space_parks,0.18614780192362645,51.5223457,MultiPolygon
relation,17097363,Wormwood Scrubs,green_space_parks,-0.24053512422201712,51.521372549999995,MultiPolygon
relation,15101821,Oakdene Park,green_space_parks,-0.19857492428953577,51.6085062,MultiPolygon
relation,17135772,Grove Terrace Squares,green_space_parks,-0.14785154661128047,51.55818195,MultiPolygon
way,1246062591,Mallon Gardens,green_space_parks,-0.07266796371915424,51.5166557,MultiPolygon
way,1246126485,Purcell Crescent Open Space,green_space_parks,-0.21515942952785932,51.48231345,MultiPolygon
way,1255726020,,green_space_parks,-0.26922576454199154,51.502147300000004,MultiPolygon
way,1262461849,,green_space_parks,-0.04863010583468269,51.4906029,MultiPolygon
relation,17348509,The Canons,green_space_parks,-0.16379122759314188,51.39977965,MultiPolygon
way,1263487154,Bromyard Gardens,green_space_parks,-0.2510799148480034,51.5069217,MultiPolygon
way,1267539402,,green_space_parks,-0.28363696745317035,51.55309455,MultiPolygon
way,1267539403,,green_space_parks,-0.28301213103539213,51.5530931,MultiPolygon
way,1267899719,,green_space_parks,0.010254117367893292,51.4029868,MultiPolygon
way,1270825563,,green_space_parks,0.01803569125313232,51.5305215,MultiPolygon
way,1271121941,,green_space_parks,-0.4111283647682823,51.5816511,MultiPolygon
relation,17478052,Central Park West,green_space_parks,0.16246235733132158,51.52526975,MultiPolygon
way,1273321516,,green_space_parks,-0.28454151489806334,51.5406876,MultiPolygon
way,1274050786,,green_space_parks,-0.41817510603488084,51.56106964999999,MultiPolygon
way,1274500843,Samovar Space,green_space_parks,-0.2800250250050282,51.558909549999996,MultiPolygon
way,1280480556,,green_space_parks,0.07331156303372867,51.507389,MultiPolygon
way,1283234384,Haydon Hall Park,green_space_parks,-0.4057246637124411,51.58849055,MultiPolygon
way,1283260127,Raisins Hill Open Space,green_space_parks,-0.3970990822063156,51.5947539,MultiPolygon
relation,17674520,Greenway,green_space_parks,0.03482117400650372,51.5238306,MultiPolygon
relation,17694192,Central Park West,green_space_parks,0.16299144984595854,51.52630805,MultiPolygon
way,1290954205,,green_space_parks,0.025608791224393992,51.51645015,MultiPolygon
way,1295378854,Broadstreet Green,green_space_parks,0.05990148356157192,51.368545,MultiPolygon
way,1301179559,,green_space_parks,-0.2587881250000008,51.51831565,MultiPolygon
way,1301730411,Falkland Place Open Space,green_space_parks,-0.1405092677916162,51.551683249999996,MultiPolygon
way,1303534491,Furness Road Pocket Park,green_space_parks,-0.23996171559483287,51.53315785,MultiPolygon
relation,17071386,Harold Wood Park,green_space_parks,0.23694970274933724,51.58778785,MultiPolygon
way,1306331786,,green_space_parks,-0.053230903646616805,51.6724497,MultiPolygon
way,1306364603,Queen's Gardens,green_space_parks,0.058211577103310264,51.4304684,MultiPolygon
way,1306707822,,green_space_parks,-0.3404466127832607,51.5655453,MultiPolygon
way,1309909508,Signal Park Garden,green_space_parks,-0.2808158199378644,51.3771199,MultiPolygon
way,1309948752,,green_space_parks,-0.1035117117108359,51.66441005,MultiPolygon
way,1312034090,,green_space_parks,-0.22598422087227105,51.54249785,MultiPolygon
way,1312260382,Forster Memorial Park,green_space_parks,-0.006801325005513035,51.432440400000004,MultiPolygon
way,1314805199,St Marys Open Space,green_space_parks,-0.25055041824629243,51.540023649999995,MultiPolygon
relation,18064490,,green_space_parks,0.0561277828837018,51.49253005,MultiPolygon
way,1320398153,,green_space_parks,0.01236853104914553,51.51551495,MultiPolygon
way,1324221824,,green_space_parks,-0.11573857173745024,51.4680931,MultiPolygon
way,1329512660,,green_space_parks,-0.415587638090808,51.50028075,MultiPolygon
way,1329883189,Princess Alice Garden,green_space_parks,-0.10072177095046073,51.5180326,MultiPolygon
way,1331085894,Barratt Gardens,green_space_parks,-0.11494264918361004,51.59601805,MultiPolygon
way,1333228635,,green_space_parks,0.06526788274483936,51.51104515,MultiPolygon
way,1338365376,,green_space_parks,-0.03553545789150689,51.5163962,MultiPolygon
way,1339146740,Hatch End Riverside Park,green_space_parks,-0.36360551035308464,51.606913399999996,MultiPolygon
relation,8199759,Oak Hill Park,green_space_parks,-0.15610976203886973,51.638433000000006,MultiPolygon
way,1340893634,Canada Gardens - Play Area,green_space_parks,-0.27618486743503634,51.55775375,MultiPolygon
way,1341227733,Repton Gardens - Play Area,green_space_parks,-0.281408725,51.560505,MultiPolygon
way,1341279308,,green_space_parks,-0.16543590825757404,51.405844849999994,MultiPolygon
way,1347376184,,green_space_parks,-0.12540637858081533,51.58773295,MultiPolygon
way,1347752530,Union Park,green_space_parks,-0.27690837997781004,51.55936715,MultiPolygon
way,1348986726,,green_space_parks,-0.15640597283573532,51.4095535,MultiPolygon
way,1348986735,,green_space_parks,-0.15622747977339918,51.41125695,MultiPolygon
way,1349556810,Killick Street Garden,green_space_parks,-0.11830196677852214,51.5331333,MultiPolygon
way,1349634651,,green_space_parks,0.024843002167352954,51.5009552,MultiPolygon
way,1350978560,,green_space_parks,-0.2474010951664588,51.54590135,MultiPolygon
way,1352944114,,green_space_parks,-0.15433407525208945,51.407325650000004,MultiPolygon
way,1355182656,,green_space_parks,-0.15563946346153074,51.405696500000005,MultiPolygon
way,1357830802,Woodcote Green,green_space_parks,-0.1469069209362402,51.34792965,MultiPolygon
way,1358673213,,green_space_parks,-0.1644641278145681,51.348849650000005,MultiPolygon
way,1358681552,,green_space_parks,-0.16673428078246472,51.351265749999996,MultiPolygon
way,1358681556,,green_space_parks,-0.1642694514986923,51.34998975,MultiPolygon
way,1360404945,,green_space_parks,-0.12017335000000082,51.5906147,MultiPolygon
way,1360404958,,green_space_parks,-0.1197763000000015,51.589103800000004,MultiPolygon
way,1360622226,,green_space_parks,-0.15092039101731897,51.356948450000004,MultiPolygon
way,1360622227,,green_space_parks,-0.15020853590434285,51.3571158,MultiPolygon
way,1360951398,,green_space_parks,-0.11630889185026509,51.34376425000001,MultiPolygon
relation,7160280,Pages Wood,green_space_parks,0.24955191065583507,51.585480000000004,MultiPolygon
relation,18347320,Burgess Park,green_space_parks,-0.08993940081399332,51.48161115,MultiPolygon
way,1364250372,,green_space_parks,-0.12352531440038947,51.39663145,MultiPolygon
way,1364810101,Victoria Gardens,green_space_parks,-0.25305675237590153,51.5268704,MultiPolygon
way,1364810108,Cerebos Gardens,green_space_parks,-0.2522695851431216,51.5275367,MultiPolygon
way,1365260263,,green_space_parks,-0.22971922161062697,51.36959505,MultiPolygon
relation,18794121,Highbury Fields,green_space_parks,-0.10010032272934394,51.5512942,MultiPolygon
relation,18796602,Starch Green,green_space_parks,-0.239608475,51.4998445,MultiPolygon
way,1365558777,North Verbena Garden,green_space_parks,-0.24254358461537986,51.49114845,MultiPolygon
way,1367424156,Festival Gardens,green_space_parks,-0.09693031380068959,51.513198450000004,MultiPolygon
way,1367424158,St Paul's Churchyard,green_space_parks,-0.09721844405541598,51.51377095,MultiPolygon
way,1370933174,Mitchison Baxter Park,green_space_parks,-0.08532548530420776,51.54482265,MultiPolygon
relation,18915597,Fryent Country Park,green_space_parks,-0.28126895765914983,51.57552765,MultiPolygon
way,1374375175,Vernon Square,green_space_parks,-0.11545324312921551,51.52991525,MultiPolygon
way,1378371579,,green_space_parks,-0.14140763343192642,51.4004582,MultiPolygon
relation,19008738,North Pole Open Space,green_space_parks,-0.22766465848743667,51.519531,MultiPolygon
way,1380440021,,green_space_parks,0.06825004345581324,51.487844550000005,MultiPolygon
way,1385752560,St Norbert Green,green_space_parks,-0.03964465649180694,51.46152805,MultiPolygon
relation,18137296,Down Lane Park,green_space_parks,-0.06216567965078315,51.5915745,MultiPolygon
way,1393101680,,green_space_parks,-0.1360252160065213,51.53979685,MultiPolygon
way,1393105568,,green_space_parks,-0.11309663079370885,51.523710300000005,MultiPolygon
way,1395302765,Kings Wharf Park,green_space_parks,-0.03172762880699696,51.5113702,MultiPolygon
way,1395695914,,green_space_parks,-0.10246241063974382,51.39070875,MultiPolygon
relation,14069923,Max Roach Park,green_space_parks,-0.11168817722660615,51.46671465,MultiPolygon
way,1410098336,,green_space_parks,-0.2966552119740113,51.574408,MultiPolygon
way,1411094288,,green_space_parks,-0.17038428694086583,51.666973600000006,MultiPolygon
way,1414665095,,green_space_parks,-0.33007940512680534,51.5089427,MultiPolygon
way,1414670408,Southwood Garden,green_space_parks,-0.13715616723308827,51.5084566,MultiPolygon
way,1414918315,,green_space_parks,-0.3347480779217951,51.51289735,MultiPolygon
way,1414918316,,green_space_parks,-0.3357897565644432,51.51238865,MultiPolygon
way,1415196521,,green_space_parks,-0.41526004803262107,51.5730305,MultiPolygon
way,1415962277,,green_space_parks,-0.1363560021290432,51.480957950000004,MultiPolygon
way,1421518623,Panoramic Park,green_space_parks,-0.20776271204768432,51.6133668,MultiPolygon
way,1422091325,Graveney Pocket Park,green_space_parks,-0.1687214803268024,51.424470400000004,MultiPolygon
way,1424097319,Jellicoe Gardens,green_space_parks,-0.12445832750414439,51.537985649999996,MultiPolygon
way,1424374769,Finsbury Square,green_space_parks,-0.08640489687426968,51.5209269,MultiPolygon
way,1425250317,,green_space_parks,-0.0667031143162391,51.61490005,MultiPolygon
way,1425250318,,green_space_parks,-0.06762258596491275,51.6149128,MultiPolygon
way,1425250325,,green_space_parks,-0.06575131412624456,51.61541765,MultiPolygon
way,1426361656,,green_space_parks,-0.367372187939649,51.4576886,MultiPolygon
way,1427175723,Primrose Hill Court Open Space,green_space_parks,-0.15979115744680839,51.5419967,MultiPolygon
way,1428008979,,green_space_parks,-0.050449545731271465,51.49661485,MultiPolygon
way,1429071352,,green_space_parks,-0.10285322572319061,51.500373800000006,MultiPolygon
way,1429255930,Wick Green,green_space_parks,-0.029721569136297882,51.5455297,MultiPolygon
way,1433774409,,green_space_parks,-0.36539196182757816,51.5743024,MultiPolygon
way,1437124985,King George's Field,green_space_parks,0.14142800450665288,51.45850645,MultiPolygon
way,1443814658,,green_space_parks,-0.024787882357355313,51.5455807,MultiPolygon
way,1446743194,,green_space_parks,-0.04955418502547952,51.53368385,MultiPolygon
way,1466069831,,green_space_parks,-0.0856940786990599,51.48769145,MultiPolygon
way,1466524158,,green_space_parks,0.059647017976855565,51.60719635,MultiPolygon
relation,20172284,Cardinal Place Roof Gaeden,green_space_parks,-0.1408776019905738,51.4978336,MultiPolygon
way,1475971974,Carnwath Wharf Riverside,green_space_parks,-0.1941670745197167,51.4650645,MultiPolygon
way,1488701349,,green_space_parks,0.18248823353040552,51.5522158,MultiPolygon
way,1491250915,,green_space_parks,-0.20070675647471392,51.5651489,MultiPolygon
way,1500170591,Perrett's Field,green_space_parks,-0.2124785858572733,51.36352025,MultiPolygon
way,1502423413,Hampton Court Maze,green_space_parks,-0.3375448990191289,51.4061852,MultiPolygon
relation,20586110,Chinbrook Meadows,green_space_parks,0.02816066031523017,51.428181699999996,MultiPolygon
way,1504485093,,green_space_parks,0.06616130822159538,51.4943544,MultiPolygon
way,1507375628,East Barnet Old Grammarians Playing Field,green_space_parks,-0.20888847491007284,51.6404957,MultiPolygon
way,1507375629,Grange Playing Fields,green_space_parks,-0.2127406403555784,51.64000475,MultiPolygon
relation,12353846,Stockley Country Park,green_space_parks,-0.44392447148341585,51.51448515,MultiPolygon
way,1511122516,Central Gardens,green_space_parks,-0.3879595997792745,51.50663605,MultiPolygon
way,1512256477,,green_space_parks,-0.21578519727846296,51.48336625,MultiPolygon
way,1517373682,,green_space_parks,-0.11274669549906187,51.5255837,MultiPolygon
way,1518322674,,green_space_parks,-0.4275539471573132,51.533189300000004,MultiPolygon
way,1518520308,,green_space_parks,-0.46475146817602025,51.54482155,MultiPolygon
