{
"type": "FeatureCollection",
"name": "healthcare_hospitals",
"crs": { "type": "name", "properties": { "name": "urn:ogc:def:crs:OGC:1.3:CRS84" } },
"features": [
{ "type": "Feature", "properties": { "osm_type": "node", "osm_id": 254005151, "lon": -0.1183042, "lat": 51.6320636, "source_geometry_type": "Point", "addr:city": "London", "addr:housename": "Grovelands House", "addr:postcode": "N14 6RA", "addr:street": "The Bourne", "amenity": "hospital", "healthcare": "hospital", "name": "Priory Hospital", "category": "healthcare_hospitals", "phone": null, "public": null, "website": null, "addr:country": null, "addr:county": null, "addr:place": null, "contact:phone": null, "contact:website": null, "fhrs:id": null, "operator": null, "addr:housenumber": null, "description": null, "opening_hours": null, "email": null, "fax": null, "check_date": null, "healthcare:speciality": null, "source": null, "entrance": null, "wheelchair": null, "emergency": null, "internet_access": null, "operator:type": null, "ref:GB:cqc_location": null, "ref:GB:nhs_ods": null, "operator:wikidata": null, "long_name": null, "wikidata": null, "wikipedia": null, "alt_name": null, "loc_name": null, "beds": null, "source:addr": null, "landuse": null, "building": null, "image": null, "fhrs:authority": null, "fhrs:inspectiondate": null, "fhrs:rating": null, "source:postcode": null, "note": null, "wikimedia_commons": null, "building:levels": null, "height": null, "historic:operator": null, "name:uk": null, "fhrs:local_authority_id": null, "addr:suburb": null, "fixme": null, "fhrs:confidence_management": null, "fhrs:hygiene": null, "fhrs:structural": null, "ref:GB:uprn": null, "roof:levels": null, "building:colour": null, "building:material": null, "roof:colour": null, "healthcare:for": null, "name:ar": null, "internet_access:fee": null, "source:addr:postcode": null, "short_name": null, "barrier": null, "type": null, "toilets:wheelchair": null, "nohousenumber": null, "official_name": null, "roof:shape": null, "fee": null, "old_name": null, "start_date": null, "not:addr:postcode": null, "operator:website": null, "internet_access:ssid": null, "number": null, "addr:floor": null, "level": null, "payment:cash": null, "payment:credit_cards": null, "payment:debit_cards": null, "reg_name": null, "was:name": null, "addr:village": null, "contact:email": null, "was:wikidata": null, "was:wikipedia": null }, "geometry": { "type": "Point", "coordinates": [ -0.1183042, 51.6320636 ] } },
{ "type": "Feature", "properties": { "osm_type": "node", "osm_id": 289563831, "lon": -0.1663173, "lat": 51.4732684, "source_geometry_type": "Point", "addr:city": null, "addr:housename": null, "addr:postcode": null, "addr:street": null, "amenity": "hospital", "healthcare": "hospital", "name": "Bridge Lane Health Centre", "category": "healthcare_hospitals", "phone": "+44 20 3538 0882", "public": "yes", "website": "https://bridgelanegp.co.uk/", "addr:country": null, "addr:county": null, "addr:place": null, "contact:phone": null, "contact:website": null, "fhrs:id": null, "operator": null, "addr:housenumber": null, "description": null, "opening_hours": null, "email": null, "fax": null, "check_date": null, "healthcare:speciality": null, "source": null, "entrance": null, "wheelchair": null, "emergency": null, "internet_access": null, "operator:type": null, "ref:GB:cqc_location": null, "ref:GB:nhs_ods": null, "operator:wikidata": null, "long_name": null, "wikidata": null, "wikipedia": null, "alt_name": null, "loc_name": null, "beds": null, "source:addr": null, "landuse": null, "building": null, "image": null, "fhrs:authority": null, "fhrs:inspectiondate": null, "fhrs:rating": null, "source:postcode": null, "note": null, "wikimedia_commons": null, "building:levels": null, "height": null, "historic:operator": null, "name:uk": null, "fhrs:local_authority_id": null, "addr:suburb": null, "fixme": null, "fhrs:confidence_management": null, "fhrs:hygiene": null, "fhrs:structural": null, "ref:GB:uprn": null, "roof:levels": null, "building:colour": null, "building:material": null, "roof:colour": null, "healthcare:for": null, "name:ar": null, "internet_access:fee": null, "source:addr:postcode": null, "short_name": null, "barrier": null, "type": null, "toilets:wheelchair": null, "nohousenumber": null, "official_name": null, "roof:shape": null, "fee": null, "old_name": null, "start_date": null, "not:addr:postcode": null, "operator:website": null, "internet_access:ssid": null, "number": null, "addr:floor": null, "level": null, "payment:cash": null, "payment:credit_cards": null, "payment:debit_cards": null, "reg_name": null, "was:name": null, "addr:village": null, "contact:email": null, "was:wikidata": null, "was:wikipedia": null }, "geometry": { "type": "Point", "coordinates": [ -0.1663173, 51.4732684 ] } },
{ "type": "Feature", "properties": { "osm_type": "node", "osm_id": 296563324, "lon": -0.1070682, "lat": 51.423089, "source_geometry_type": "Point", "addr:city": "London", "addr:housename": null, "addr:postcode": "SW16 3JB", "addr:street": "Crown Lane", "amenity": "hospital", "healthcare": "hospital", "name": "British Home & Hospital for Incurables", "category": "healthcare_hospitals", "phone": null, "public": null, "website": null, "addr:country": "GB", "addr:county": null, "addr:place": null, "contact:phone": null, "contact:website": null, "fhrs:id": null, "operator": null, "addr:housenumber": null, "description": null, "opening_hours": null, "email": null, "fax": null, "check_date": null, "healthcare:speciality": null, "source": null, "entrance": null, "wheelchair": null, "emergency": null, "internet_access": null, "operator:type": null, "ref:GB:cqc_location": null, "ref:GB:nhs_ods": null, "operator:wikidata": null, "long_name": null, "wikidata": null, "wikipedia": null, "alt_name": null, "loc_name": null, "beds": null, "source:addr": null, "landuse": null, "building": null, "image": null, "fhrs:authority": null, "fhrs:inspectiondate": null, "fhrs:rating": null, "source:postcode": null, "note": null, "wikimedia_commons": null, "building:levels": null, "height": null, "historic:operator": null, "name:uk": null, "fhrs:local_authority_id": null, "addr:suburb": null, "fixme": null, "fhrs:confidence_management": null, "fhrs:hygiene": null, "fhrs:structural": null, "ref:GB:uprn": null, "roof:levels": null, "building:colour": null, "building:material": null, "roof:colour": null, "healthcare:for": null, "name:ar": null, "internet_access:fee": null, "source:addr:postcode": null, "short_name": null, "barrier": null, "type": null, "toilets:wheelchair": null, "nohousenumber": null, "official_name": null, "roof:shape": null, "fee": null, "old_name": null, "start_date": null, "not:addr:postcode": null, "operator:website": null, "internet_access:ssid": null, "number": null, "addr:floor": null, "level": null, "payment:cash": null, "payment:credit_cards": null, "payment:debit_cards": null, "reg_name": null, "was:name": null, "addr:village": null, "contact:email": null, "was:wikidata": null, "was:wikipedia": null }, "geometry": { "type": "Point", "coordinates": [ -0.1070682, 51.423089 ] } },
{ "type": "Feature", "properties": { "osm_type": "node", "osm_id": 444635673, "lon": 0.1316749, "lat": 51.3582569, "source_geometry_type": "Point", "addr:city": "Orpington", "addr:housename": null, "addr:postcode": "BR6 7RG", "addr:street": "Bucks Cross Road", "amenity": "hospital", "healthcare": null, "name": "Chelsfield Park Hospital", "category": "healthcare_hospitals", "phone": null, "public": null, "website": null, "addr:country": "GB", "addr:county": "Kent", "addr:place": "Chelsfield", "contact:phone": "+44 1689 877855", "contact:website": "https://www.bmihealthcare.co.uk/hospitals/bmi-chelsfield-park-hospital", "fhrs:id": "357692", "operator": "BMI Healthcare", "addr:housenumber": null, "description": null, "opening_hours": null, "email": null, "fax": null, "check_date": null, "healthcare:speciality": null, "source": null, "entrance": null, "wheelchair": null, "emergency": null, "internet_access": null, "operator:type": null, "ref:GB:cqc_location": null, "ref:GB:nhs_ods": null, "operator:wikidata": null, "long_name": null, "wikidata": null, "wikipedia": null, "alt_name": null, "loc_name": null, "beds": null, "source:addr": null, "landuse": null, "building": null, "image": null, "fhrs:authority": null, "fhrs:inspectiondate": null, "fhrs:rating": null, "source:postcode": null, "note": null, "wikimedia_commons": null, "building:levels": null, "height": null, "historic:operator": null, "name:uk": null, "fhrs:local_authority_id": null, "addr:suburb": null, "fixme": null, "fhrs:confidence_management": null, "fhrs:hygiene": null, "fhrs:structural": null, "ref:GB:uprn": null, "roof:levels": null, "building:colour": null, "building:material": null, "roof:colour": null, "healthcare:for": null, "name:ar": null, "internet_access:fee": null, "source:addr:postcode": null, "short_name": null, "barrier": null, "type": null, "toilets:wheelchair": null, "nohousenumber": null, "official_name": null, "roof:shape": null, "fee": null, "old_name": null, "start_date": null, "not:addr:postcode": null, "operator:website": null, "internet_access:ssid": null, "number": null, "addr:floor": null, "level": null, "payment:cash": null, "payment:credit_cards": null, "payment:debit_cards": null, "reg_name": null, "was:name": null, "addr:village": null, "contact:email": null, "was:wikidata": null, "was:wikipedia": null }, "geometry": { "type": "Point", "coordinates": [ 0.1316749, 51.3582569 ] } },
{ "type": "Feature", "properties": { "osm_type": "node", "osm_id": 637882835, "lon": -0.0045395, "lat": 51.4082042, "source_geometry_type": "Point", "addr:city": "Beckenham", "addr:housename": "Sloane Hospital", "addr:postcode": "BR3 5HS", "addr:street": "Albermarle Road", "amenity": "hospital", "healthcare": "hospital", "name": "Sloane Hospital", "category": "healthcare_hospitals", "phone": "+44 20 8466 6911", "public": null, "website": "https://www.bmihealthcare.co.uk/sloane", "addr:country": null, "addr:county": null, "addr:place": null, "contact:phone": null, "contact:website": null, "fhrs:id": null, "operator": null, "addr:housenumber": "125", "description": "private hospital, specialists/consultants, MRI scans, x-rays", "opening_hours": "Mo-Su 08:00-21:30", "email": null, "fax": null, "check_date": null, "healthcare:speciality": null, "source": null, "entrance": null, "wheelchair": null, "emergency": null, "internet_access": null, "operator:type": null, "ref:GB:cqc_location": null, "ref:GB:nhs_ods": null, "operator:wikidata": null, "long_name": null, "wikidata": null, "wikipedia": null, "alt_name": null, "loc_name": null, "beds": null, "source:addr": null, "landuse": null, "building": null, "image": null, "fhrs:authority": null, "fhrs:inspectiondate": null, "fhrs:rating": null, "source:postcode": null, "note": null, "wikimedia_commons": null, "building:levels": null, "height": null, "historic:operator": null, "name:uk": null, "fhrs:local_authority_id": null, "addr:suburb": null, "fixme": null, "fhrs:confidence_management": null, "fhrs:hygiene": null, "fhrs:structural": null, "ref:GB:uprn": null, "roof:levels": null, "building:colour": null, "building:material": null, "roof:colour": null, "healthcare:for": null, "name:ar": null, "internet_access:fee": null, "source:addr:postcode": null, "short_name": null, "barrier": null, "type": null, "toilets:wheelchair": null, "nohousenumber": null, "official_name": null, "roof:shape": null, "fee": null, "old_name": null, "start_date": null, "not:addr:postcode": null, "operator:website": null, "internet_access:ssid": null, "number": null, "addr:floor": null, "level": null, "payment:cash": null, "payment:credit_cards": null, "payment:debit_cards": null, "reg_name": null, "was:name": null, "addr:village": null, "contact:email": null, "was:wikidata": null, "was:wikipedia": null }, "geometry": { "type": "Point", "coordinates": [ -0.0045395, 51.4082042 ] } },
{ "type": "Feature", "properties": { "osm_type": "node", "osm_id": 1131534975, "lon": -0.1848418, "lat": 51.3797984, "source_geometry_type": "Point", "addr:city": "Carshalton", "addr:housename": null, "addr:postcode": "SM5 1AA", "addr:street": "Wrythe Lane", "amenity": "hospital", "healthcare": "hospital", "name": "Queen Mary's Childrens' Hospital", "category": "healthcare_hospitals", "phone": "+44 20 8296 2000", "public": null, "website": "https://www.epsom-sthelier.nhs.uk/", "addr:country": null, "addr:county": null, "addr:place": null, "contact:phone": null, "contact:website": null, "fhrs:id": null, "operator": null, "addr:housenumber": null, "description": null, "opening_hours": null, "email": "est-tr.PALS@nhs.net", "fax": "+44 20 8641 4546", "check_date": null, "healthcare:speciality": null, "source": null, "entrance": null, "wheelchair": null, "emergency": null, "internet_access": null, "operator:type": null, "ref:GB:cqc_location": null, "ref:GB:nhs_ods": null, "operator:wikidata": null, "long_name": null, "wikidata": null, "wikipedia": null, "alt_name": null, "loc_name": null, "beds": null, "source:addr": null, "landuse": null, "building": null, "image": null, "fhrs:authority": null, "fhrs:inspectiondate": null, "fhrs:rating": null, "source:postcode": null, "note": null, "wikimedia_commons": null, "building:levels": null, "height": null, "historic:operator": null, "name:uk": null, "fhrs:local_authority_id": null, "addr:suburb": null, "fixme": null, "fhrs:confidence_management": null, "fhrs:hygiene": null, "fhrs:structural": null, "ref:GB:uprn": null, "roof:levels": null, "building:colour": null, "building:material": null, "roof:colour": null, "healthcare:for": null, "name:ar": null, "internet_access:fee": null, "source:addr:postcode": null, "short_name": null, "barrier": null, "type": null, "toilets:wheelchair": null, "nohousenumber": null, "official_name": null, "roof:shape": null, "fee": null, "old_name": null, "start_date": null, "not:addr:postcode": null, "operator:website": null, "internet_access:ssid": null, "number": null, "addr:floor": null, "level": null, "payment:cash": null, "payment:credit_cards": null, "payment:debit_cards": null, "reg_name": null, "was:name": null, "addr:village": null, "contact:email": null, "was:wikidata": null, "was:wikipedia": null }, "geometry": { "type": "Point", "coordinates": [ -0.1848418, 51.3797984 ] } },
{ "type": "Feature", "properties": { "osm_type": "node", "osm_id": 1971677516, "lon": -0.1715368, "lat": 51.4020487, "source_geometry_type": "Point", "addr:city": null, "addr:housename": null, "addr:postcode": null, "addr:street": null, "amenity": "hospital", "healthcare": "hospital", "name": "Chapel Orchard Day Surgery", "category": "healthcare_hospitals", "phone": null, "public": null, "website": null, "addr:country": null, "addr:county": null, "addr:place": null, "contact:phone": null, "contact:website": null, "fhrs:id": null, "operator": null, "addr:housenumber": null, "description": null, "opening_hours": null, "email": null, "fax": null, "check_date": null, "healthcare:speciality": null, "source": null, "entrance": null, "wheelchair": null, "emergency": null, "internet_access": null, "operator:type": null, "ref:GB:cqc_location": null, "ref:GB:nhs_ods": null, "operator:wikidata": null, "long_name": null, "wikidata": null, "wikipedia": null, "alt_name": null, "loc_name": null, "beds": null, "source:addr": null, "landuse": null, "building": null, "image": null, "fhrs:authority": null, "fhrs:inspectiondate": null, "fhrs:rating": null, "source:postcode": null, "note": null, "wikimedia_commons": null, "building:levels": null, "height": null, "historic:operator": null, "name:uk": null, "fhrs:local_authority_id": null, "addr:suburb": null, "fixme": null, "fhrs:confidence_management": null, "fhrs:hygiene": null, "fhrs:structural": null, "ref:GB:uprn": null, "roof:levels": null, "building:colour": null, "building:material": null, "roof:colour": null, "healthcare:for": null, "name:ar": null, "internet_access:fee": null, "source:addr:postcode": null, "short_name": null, "barrier": null, "type": null, "toilets:wheelchair": null, "nohousenumber": null, "official_name": null, "roof:shape": null, "fee": null, "old_name": null, "start_date": null, "not:addr:postcode": null, "operator:website": null, "internet_access:ssid": null, "number": null, "addr:floor": null, "level": null, "payment:cash": null, "payment:credit_cards": null, "payment:debit_cards": null, "reg_name": null, "was:name": null, "addr:village": null, "contact:email": null, "was:wikidata": null, "was:wikipedia": null }, "geometry": { "type": "Point", "coordinates": [ -0.1715368, 51.4020487 ] } },
{ "type": "Feature", "properties": { "osm_type": "node", "osm_id": 2778453137, "lon": -0.1435858, "lat": 51.5224709, "source_geometry_type": "Point", "addr:city": "London", "addr:housename": null, "addr:postcode": null, "addr:street": "Great Portland Street", "amenity": "hospital", "healthcare": "hospital", "name": "The Portland Hospital", "category": "healthcare_hospitals", "phone": null, "public": null, "website": null, "addr:country": null, "addr:county": null, "addr:place": null, "contact:phone": null, "contact:website": null, "fhrs:id": null, "operator": null, "addr:housenumber": "212", "description": null, "opening_hours": null, "email": null, "fax": null, "check_date": "2026-01-27", "healthcare:speciality": "gynaecology", "source": "survey", "entrance": null, "wheelchair": null, "emergency": null, "internet_access": null, "operator:type": null, "ref:GB:cqc_location": null, "ref:GB:nhs_ods": null, "operator:wikidata": null, "long_name": null, "wikidata": null, "wikipedia": null, "alt_name": null, "loc_name": null, "beds": null, "source:addr": null, "landuse": null, "building": null, "image": null, "fhrs:authority": null, "fhrs:inspectiondate": null, "fhrs:rating": null, "source:postcode": null, "note": null, "wikimedia_commons": null, "building:levels": null, "height": null, "historic:operator": null, "name:uk": null, "fhrs:local_authority_id": null, "addr:suburb": null, "fixme": null, "fhrs:confidence_management": null, "fhrs:hygiene": null, "fhrs:structural": null, "ref:GB:uprn": null, "roof:levels": null, "building:colour": null, "building:material": null, "roof:colour": null, "healthcare:for": null, "name:ar": null, "internet_access:fee": null, "source:addr:postcode": null, "short_name": null, "barrier": null, "type": null, "toilets:wheelchair": null, "nohousenumber": null, "official_name": null, "roof:shape": null, "fee": null, "old_name": null, "start_date": null, "not:addr:postcode": null, "operator:website": null, "internet_access:ssid": null, "number": null, "addr:floor": null, "level": null, "payment:cash": null, "payment:credit_cards": null, "payment:debit_cards": null, "reg_name": null, "was:name": null, "addr:village": null, "contact:email": null, "was:wikidata": null, "was:wikipedia": null }, "geometry": { "type": "Point", "coordinates": [ -0.1435858, 51.5224709 ] } },
{ "type": "Feature", "properties": { "osm_type": "node", "osm_id": 5567284557, "lon": -0.0930863, "lat": 51.4690343, "source_geometry_type": "Point", "addr:city": "London", "addr:housename": null, "addr:postcode": null, "addr:street": "Bessemer Road", "amenity": null, "healthcare": "hospital", "name": "Day Surgery Centre", "category": "healthcare_hospitals", "phone": "+44 20 3299 3483", "public": null, "website": null, "addr:country": null, "addr:county": null, "addr:place": null, "contact:phone": null, "contact:website": null, "fhrs:id": null, "operator": "King's College Hospital", "addr:housenumber": null, "description": null, "opening_hours": "Mo-Sa 07:30-19:00", "email": null, "fax": null, "check_date": "2024-07-01", "healthcare:speciality": "surgery", "source": null, "entrance": null, "wheelchair": null, "emergency": null, "internet_access": null, "operator:type": null, "ref:GB:cqc_location": null, "ref:GB:nhs_ods": null, "operator:wikidata": null, "long_name": null, "wikidata": null, "wikipedia": null, "alt_name": null, "loc_name": null, "beds": null, "source:addr": null, "landuse": null, "building": null, "image": null, "fhrs:authority": null, "fhrs:inspectiondate": null, "fhrs:rating": null, "source:postcode": null, "note": null, "wikimedia_commons": null, "building:levels": null, "height": null, "historic:operator": null, "name:uk": null, "fhrs:local_authority_id": null, "addr:suburb": null, "fixme": null, "fhrs:confidence_management": null, "fhrs:hygiene": null, "fhrs:structural": null, "ref:GB:uprn": null, "roof:levels": null, "building:colour": null, "building:material": null, "roof:colour": null, "healthcare:for": null, "name:ar": null, "internet_access:fee": null, "source:addr:postcode": null, "short_name": null, "barrier": null, "type": null, "toilets:wheelchair": null, "nohousenumber": null, "official_name": null, "roof:shape": null, "fee": null, "old_name": null, "start_date": null, "not:addr:postcode": null, "operator:website": null, "internet_access:ssid": null, "number": null, "addr:floor": null, "level": null, "payment:cash": null, "payment:credit_cards": null, "payment:debit_cards": null, "reg_name": null, "was:name": null, "addr:village": null, "contact:email": null, "was:wikidata": null, "was:wikipedia": null }, "geometry": { "type": "Point", "coordinates": [ -0.0930863, 51.4690343 ] } },
{ "type": "Feature", "properties": { "osm_type": "node", "osm_id": 6237807570, "lon": -0.0172982, "lat": 51.4530939, "source_geometry_type": "Point", "addr:city": null, "addr:housename": null, "addr:postcode": null, "addr:street": null, "amenity": null, "healthcare": "hospital", "name": "Dermatology Entrance", "category": "healthcare_hospitals", "phone": null, "public": null, "website": null, "addr:country": null, "addr:county": null, "addr:place": null, "contact:phone": null, "contact:website": null, "fhrs:id": null, "operator": null, "addr:housenumber": null, "description": null, "opening_hours": null, "email": null, "fax": null, "check_date": null, "healthcare:speciality": "dermatology", "source": null, "entrance": "yes", "wheelchair": null, "emergency": null, "internet_access": null, "operator:type": null, "ref:GB:cqc_location": null, "ref:GB:nhs_ods": null, "operator:wikidata": null, "long_name": null, "wikidata": null, "wikipedia": null, "alt_name": null, "loc_name": null, "beds": null, "source:addr": null, "landuse": null, "building": null, "image": null, "fhrs:authority": null, "fhrs:inspectiondate": null, "fhrs:rating": null, "source:postcode": null, "note": null, "wikimedia_commons": null, "building:levels": null, "height": null, "historic:operator": null, "name:uk": null, "fhrs:local_authority_id": null, "addr:suburb": null, "fixme": null, "fhrs:confidence_management": null, "fhrs:hygiene": null, "fhrs:structural": null, "ref:GB:uprn": null, "roof:levels": null, "building:colour": null, "building:material": null, "roof:colour": null, "healthcare:for": null, "name:ar": null, "internet_access:fee": null, "source:addr:postcode": null, "short_name": null, "barrier": null, "type": null, "toilets:wheelchair": null, "nohousenumber": null, "official_name": null, "roof:shape": null, "fee": null, "old_name": null, "start_date": null, "not:addr:postcode": null, "operator:website": null, "internet_access:ssid": null, "number": null, "addr:floor": null, "level": null, "payment:cash": null, "payment:credit_cards": null, "payment:debit_cards": null, "reg_name": null, "was:name": null, "addr:village": null, "contact:email": null, "was:wikidata": null, "was:wikipedia": null }, "geometry": { "type": "Point", "coordinates": [ -0.0172982, 51.4530939 ] } },
{ "type": "Feature", "properties": { "osm_type": "node", "osm_id": 6295492762, "lon": -0.1498767, "lat": 51.5162998, "source_geometry_type": "Point", "addr:city": "London", "addr:housename": null, "addr:postcode": "W1U 2SB", "addr:street": "Wigmore Street", "amenity": null, "healthcare": "hospital", "name": "Schoen Clinic", "category": "healthcare_hospitals", "phone": null, "public": null, "website": "https://www.schoen-clinic.co.uk/london", "addr:country": null, "addr:county": null, "addr:place": null, "contact:phone": null, "contact:website": null, "fhrs:id": null, "operator": "Schoen Clinic", "addr:housenumber": "66", "description": "Schoen Clinic Orthopaedic and Spinal Hospital London", "opening_hours": null, "email": null, "fax": null, "check_date": null, "healthcare:speciality": "orthopaedics", "source": null, "entrance": null, "wheelchair": null, "emergency": null, "internet_access": null, "operator:type": null, "ref:GB:cqc_location": null, "ref:GB:nhs_ods": null, "operator:wikidata": null, "long_name": null, "wikidata": null, "wikipedia": null, "alt_name": null, "loc_name": null, "beds": null, "source:addr": null, "landuse": null, "building": null, "image": null, "fhrs:authority": null, "fhrs:inspectiondate": null, "fhrs:rating": null, "source:postcode": null, "note": null, "wikimedia_commons": null, "building:levels": null, "height": null, "historic:operator": null, "name:uk": null, "fhrs:local_authority_id": null, "addr:suburb": null, "fixme": null, "fhrs:confidence_management": null, "fhrs:hygiene": null, "fhrs:structural": null, "ref:GB:uprn": null, "roof:levels": null, "building:colour": null, "building:material": null, "roof:colour": null, "healthcare:for": null, "name:ar": null, "internet_access:fee": null, "source:addr:postcode": null, "short_name": null, "barrier": null, "type": null, "toilets:wheelchair": null, "nohousenumber": null, "official_name": null, "roof:shape": null, "fee": null, "old_name": null, "start_date": null, "not:addr:postcode": null, "operator:website": null, "internet_access:ssid": null, "number": null, "addr:floor": null, "level": null, "payment:cash": null, "payment:credit_cards": null, "payment:debit_cards": null, "reg_name": null, "was:name": null, "addr:village": null, "contact:email": null, "was:wikidata": null, "was:wikipedia": null }, "geometry": { "type": "Point", "coordinates": [ -0.1498767, 51.5162998 ] } },
{ "type": "Feature", "properties": { "osm_type": "node", "osm_id": 6295862569, "lon": -0.0925094, "lat": 51.6249907, "source_geometry_type": "Point", "addr:city": null, "addr:housename": null, "addr:postcode": null, "addr:street": null, "amenity": "hospital", "healthcare": "hospital", "name": "North London Hospice Winchmore Hill", "category": "healthcare_hospitals", "phone": null, "public": null, "website": null, "addr:country": null, "addr:county": null, "addr:place": null, "contact:phone": null, "contact:website": null, "fhrs:id": null, "operator": null, "addr:housenumber": null, "description": null, "opening_hours": null, "email": null, "fax": null, "check_date": null, "healthcare:speciality": null, "source": null, "entrance": null, "wheelchair": null, "emergency": null, "internet_access": null, "operator:type": null, "ref:GB:cqc_location": null, "ref:GB:nhs_ods": null, "operator:wikidata": null, "long_name": null, "wikidata": null, "wikipedia": null, "alt_name": null, "loc_name": null, "beds": null, "source:addr": null, "landuse": null, "building": null, "image": null, "fhrs:authority": null, "fhrs:inspectiondate": null, "fhrs:rating": null, "source:postcode": null, "note": null, "wikimedia_commons": null, "building:levels": null, "height": null, "historic:operator": null, "name:uk": null, "fhrs:local_authority_id": null, "addr:suburb": null, "fixme": null, "fhrs:confidence_management": null, "fhrs:hygiene": null, "fhrs:structural": null, "ref:GB:uprn": null, "roof:levels": null, "building:colour": null, "building:material": null, "roof:colour": null, "healthcare:for": null, "name:ar": null, "internet_access:fee": null, "source:addr:postcode": null, "short_name": null, "barrier": null, "type": null, "toilets:wheelchair": null, "nohousenumber": null, "official_name": null, "roof:shape": null, "fee": null, "old_name": null, "start_date": null, "not:addr:postcode": null, "operator:website": null, "internet_access:ssid": null, "number": null, "addr:floor": null, "level": null, "payment:cash": null, "payment:credit_cards": null, "payment:debit_cards": null, "reg_name": null, "was:name": null, "addr:village": null, "contact:email": null, "was:wikidata": null, "was:wikipedia": null }, "geometry": { "type": "Point", "coordinates": [ -0.0925094, 51.6249907 ] } },
{ "type": "Feature", "properties": { "osm_type": "node", "osm_id": 10995777570, "lon": -0.1123103, "lat": 51.3911811, "source_geometry_type": "Point", "addr:city": null, "addr:housename": null, "addr:postcode": null, "addr:street": null, "amenity": "hospital", "healthcare": "hospital", "name": "Sexual Health Clinic", "category": "healthcare_hospitals", "phone": null, "public": null, "website": null, "addr:country": null, "addr:county": null, "addr:place": null, "contact:phone": null, "contact:website": null, "fhrs:id": null, "operator": "Croydon University Hospital", "addr:housenumber": null, "description": null, "opening_hours": null, "email": null, "fax": null, "check_date": null, "healthcare:speciality": null, "source": null, "entrance": null, "wheelchair": null, "emergency": null, "internet_access": null, "operator:type": null, "ref:GB:cqc_location": null, "ref:GB:nhs_ods": null, "operator:wikidata": null, "long_name": null, "wikidata": null, "wikipedia": null, "alt_name": null, "loc_name": null, "beds": null, "source:addr": null, "landuse": null, "building": null, "image": null, "fhrs:authority": null, "fhrs:inspectiondate": null, "fhrs:rating": null, "source:postcode": null, "note": null, "wikimedia_commons": null, "building:levels": null, "height": null, "historic:operator": null, "name:uk": null, "fhrs:local_authority_id": null, "addr:suburb": null, "fixme": null, "fhrs:confidence_management": null, "fhrs:hygiene": null, "fhrs:structural": null, "ref:GB:uprn": null, "roof:levels": null, "building:colour": null, "building:material": null, "roof:colour": null, "healthcare:for": null, "name:ar": null, "internet_access:fee": null, "source:addr:postcode": null, "short_name": null, "barrier": null, "type": null, "toilets:wheelchair": null, "nohousenumber": null, "official_name": null, "roof:shape": null, "fee": null, "old_name": null, "start_date": null, "not:addr:postcode": null, "operator:website": null, "internet_access:ssid": null, "number": null, "addr:floor": null, "level": null, "payment:cash": null, "payment:credit_cards": null, "payment:debit_cards": null, "reg_name": null, "was:name": null, "addr:village": null, "contact:email": null, "was:wikidata": null, "was:wikipedia": null }, "geometry": { "type": "Point", "coordinates": [ -0.1123103, 51.3911811 ] } },
{ "type": "Feature", "properties": { "osm_type": "node", "osm_id": 10995777571, "lon": -0.1115896, "lat": 51.3895435, "source_geometry_type": "Point", "addr:city": null, "addr:housename": null, "addr:postcode": null, "addr:street": null, "amenity": "hospital", "healthcare": "hospital", "name": "Macmillan Cancer Support Centres", "category": "healthcare_hospitals", "phone": null, "public": null, "website": null, "addr:country": null, "addr:county": null, "addr:place": null, "contact:phone": null, "contact:website": null, "fhrs:id": null, "operator": "Croydon University Hospital", "addr:housenumber": null, "description": null, "opening_hours": null, "email": null, "fax": null, "check_date": null, "healthcare:speciality": null, "source": null, "entrance": null, "wheelchair": null, "emergency": null, "internet_access": null, "operator:type": null, "ref:GB:cqc_location": null, "ref:GB:nhs_ods": null, "operator:wikidata": null, "long_name": null, "wikidata": null, "wikipedia": null, "alt_name": null, "loc_name": null, "beds": null, "source:addr": null, "landuse": null, "building": null, "image": null, "fhrs:authority": null, "fhrs:inspectiondate": null, "fhrs:rating": null, "source:postcode": null, "note": null, "wikimedia_commons": null, "building:levels": null, "height": null, "historic:operator": null, "name:uk": null, "fhrs:local_authority_id": null, "addr:suburb": null, "fixme": null, "fhrs:confidence_management": null, "fhrs:hygiene": null, "fhrs:structural": null, "ref:GB:uprn": null, "roof:levels": null, "building:colour": null, "building:material": null, "roof:colour": null, "healthcare:for": null, "name:ar": null, "internet_access:fee": null, "source:addr:postcode": null, "short_name": null, "barrier": null, "type": null, "toilets:wheelchair": null, "nohousenumber": null, "official_name": null, "roof:shape": null, "fee": null, "old_name": null, "start_date": null, "not:addr:postcode": null, "operator:website": null, "internet_access:ssid": null, "number": null, "addr:floor": null, "level": null, "payment:cash": null, "payment:credit_cards": null, "payment:debit_cards": null, "reg_name": null, "was:name": null, "addr:village": null, "contact:email": null, "was:wikidata": null, "was:wikipedia": null }, "geometry": { "type": "Point", "coordinates": [ -0.1115896, 51.3895435 ] } },
{ "type": "Feature", "properties": { "osm_type": "node", "osm_id": 10995801768, "lon": -0.1111571, "lat": 51.3892531, "source_geometry_type": "Point", "addr:city": null, "addr:housename": null, "addr:postcode": null, "addr:street": null, "amenity": "hospital", "healthcare": "hospital", "name": "Main Reception", "category": "healthcare_hospitals", "phone": null, "public": null, "website": null, "addr:country": null, "addr:county": null, "addr:place": null, "contact:phone": null, "contact:website": null, "fhrs:id": null, "operator": "Croydon University Hospital", "addr:housenumber": null, "description": null, "opening_hours": null, "email": null, "fax": null, "check_date": null, "healthcare:speciality": null, "source": null, "entrance": null, "wheelchair": "yes", "emergency": null, "internet_access": null, "operator:type": null, "ref:GB:cqc_location": null, "ref:GB:nhs_ods": null, "operator:wikidata": null, "long_name": null, "wikidata": null, "wikipedia": null, "alt_name": null, "loc_name": null, "beds": null, "source:addr": null, "landuse": null, "building": null, "image": null, "fhrs:authority": null, "fhrs:inspectiondate": null, "fhrs:rating": null, "source:postcode": null, "note": null, "wikimedia_commons": null, "building:levels": null, "height": null, "historic:operator": null, "name:uk": null, "fhrs:local_authority_id": null, "addr:suburb": null, "fixme": null, "fhrs:confidence_management": null, "fhrs:hygiene": null, "fhrs:structural": null, "ref:GB:uprn": null, "roof:levels": null, "building:colour": null, "building:material": null, "roof:colour": null, "healthcare:for": null, "name:ar": null, "internet_access:fee": null, "source:addr:postcode": null, "short_name": null, "barrier": null, "type": null, "toilets:wheelchair": null, "nohousenumber": null, "official_name": null, "roof:shape": null, "fee": null, "old_name": null, "start_date": null, "not:addr:postcode": null, "operator:website": null, "internet_access:ssid": null, "number": null, "addr:floor": null, "level": null, "payment:cash": null, "payment:credit_cards": null, "payment:debit_cards": null, "reg_name": null, "was:name": null, "addr:village": null, "contact:email": null, "was:wikidata": null, "was:wikipedia": null }, "geometry": { "type": "Point", "coordinates": [ -0.1111571, 51.3892531 ] } },
{ "type": "Feature", "properties": { "osm_type": "node", "osm_id": 10995804162, "lon": -0.108499, "lat": 51.388644, "source_geometry_type": "Point", "addr:city": null, "addr:housename": null, "addr:postcode": null, "addr:street": null, "amenity": "hospital", "healthcare": "hospital", "name": "Patient Advice and Liaison Service (PALS)", "category": "healthcare_hospitals", "phone": null, "public": null, "website": null, "addr:country": null, "addr:county": null, "addr:place": null, "contact:phone": null, "contact:website": null, "fhrs:id": null, "operator": "Croydon University Hospital", "addr:housenumber": null, "description": null, "opening_hours": null, "email": null, "fax": null, "check_date": null, "healthcare:speciality": null, "source": null, "entrance": null, "wheelchair": null, "emergency": null, "internet_access": null, "operator:type": null, "ref:GB:cqc_location": null, "ref:GB:nhs_ods": null, "operator:wikidata": null, "long_name": null, "wikidata": null, "wikipedia": null, "alt_name": null, "loc_name": null, "beds": null, "source:addr": null, "landuse": null, "building": null, "image": null, "fhrs:authority": null, "fhrs:inspectiondate": null, "fhrs:rating": null, "source:postcode": null, "note": null, "wikimedia_commons": null, "building:levels": null, "height": null, "historic:operator": null, "name:uk": null, "fhrs:local_authority_id": null, "addr:suburb": null, "fixme": null, "fhrs:confidence_management": null, "fhrs:hygiene": null, "fhrs:structural": null, "ref:GB:uprn": null, "roof:levels": null, "building:colour": null, "building:material": null, "roof:colour": null, "healthcare:for": null, "name:ar": null, "internet_access:fee": null, "source:addr:postcode": null, "short_name": null, "barrier": null, "type": null, "toilets:wheelchair": null, "nohousenumber": null, "official_name": null, "roof:shape": null, "fee": null, "old_name": null, "start_date": null, "not:addr:postcode": null, "operator:website": null, "internet_access:ssid": null, "number": null, "addr:floor": null, "level": null, "payment:cash": null, "payment:credit_cards": null, "payment:debit_cards": null, "reg_name": null, "was:name": null, "addr:village": null, "contact:email": null, "was:wikidata": null, "was:wikipedia": null }, "geometry": { "type": "Point", "coordinates": [ -0.108499, 51.388644 ] } },
{ "type": "Feature", "properties": { "osm_type": "node", "osm_id": 10995804163, "lon": -0.1110591, "lat": 51.3912926, "source_geometry_type": "Point", "addr:city": null, "addr:housename": null, "addr:postcode": null, "addr:street": null, "amenity": "hospital", "healthcare": "hospital", "name": "Maternity Reception", "category": "healthcare_hospitals", "phone": null, "public": null, "website": null, "addr:country": null, "addr:county": null, "addr:place": null, "contact:phone": null, "contact:website": null, "fhrs:id": null, "operator": "Croydon University Hospital", "addr:housenumber": null, "description": null, "opening_hours": null, "email": null, "fax": null, "check_date": null, "healthcare:speciality": null, "source": null, "entrance": null, "wheelchair": "yes", "emergency": null, "internet_access": null, "operator:type": null, "ref:GB:cqc_location": null, "ref:GB:nhs_ods": null, "operator:wikidata": null, "long_name": null, "wikidata": null, "wikipedia": null, "alt_name": null, "loc_name": null, "beds": null, "source:addr": null, "landuse": null, "building": null, "image": null, "fhrs:authority": null, "fhrs:inspectiondate": null, "fhrs:rating": null, "source:postcode": null, "note": null, "wikimedia_commons": null, "building:levels": null, "height": null, "historic:operator": null, "name:uk": null, "fhrs:local_authority_id": null, "addr:suburb": null, "fixme": null, "fhrs:confidence_management": null, "fhrs:hygiene": null, "fhrs:structural": null, "ref:GB:uprn": null, "roof:levels": null, "building:colour": null, "building:material": null, "roof:colour": null, "healthcare:for": null, "name:ar": null, "internet_access:fee": null, "source:addr:postcode": null, "short_name": null, "barrier": null, "type": null, "toilets:wheelchair": null, "nohousenumber": null, "official_name": null, "roof:shape": null, "fee": null, "old_name": null, "start_date": null, "not:addr:postcode": null, "operator:website": null, "internet_access:ssid": null, "number": null, "addr:floor": null, "level": null, "payment:cash": null, "payment:credit_cards": null, "payment:debit_cards": null, "reg_name": null, "was:name": null, "addr:village": null, "contact:email": null, "was:wikidata": null, "was:wikipedia": null }, "geometry": { "type": "Point", "coordinates": [ -0.1110591, 51.3912926 ] } },
{ "type": "Feature", "properties": { "osm_type": "node", "osm_id": 10995804164, "lon": -0.1102788, "lat": 51.3911477, "source_geometry_type": "Point", "addr:city": null, "addr:housename": null, "addr:postcode": null, "addr:street": null, "amenity": "hospital", "healthcare": "hospital", "name": "Fertility Treatment", "category": "healthcare_hospitals", "phone": null, "public": null, "website": null, "addr:country": null, "addr:county": null, "addr:place": null, "contact:phone": null, "contact:website": null, "fhrs:id": null, "operator": null, "addr:housenumber": null, "description": null, "opening_hours": null, "email": null, "fax": null, "check_date": null, "healthcare:speciality": null, "source": null, "entrance": null, "wheelchair": null, "emergency": null, "internet_access": null, "operator:type": null, "ref:GB:cqc_location": null, "ref:GB:nhs_ods": null, "operator:wikidata": null, "long_name": null, "wikidata": null, "wikipedia": null, "alt_name": null, "loc_name": null, "beds": null, "source:addr": null, "landuse": null, "building": null, "image": null, "fhrs:authority": null, "fhrs:inspectiondate": null, "fhrs:rating": null, "source:postcode": null, "note": null, "wikimedia_commons": null, "building:levels": null, "height": null, "historic:operator": null, "name:uk": null, "fhrs:local_authority_id": null, "addr:suburb": null, "fixme": null, "fhrs:confidence_management": null, "fhrs:hygiene": null, "fhrs:structural": null, "ref:GB:uprn": null, "roof:levels": null, "building:colour": null, "building:material": null, "roof:colour": null, "healthcare:for": null, "name:ar": null, "internet_access:fee": null, "source:addr:postcode": null, "short_name": null, "barrier": null, "type": null, "toilets:wheelchair": null, "nohousenumber": null, "official_name": null, "roof:shape": null, "fee": null, "old_name": null, "start_date": null, "not:addr:postcode": null, "operator:website": null, "internet_access:ssid": null, "number": null, "addr:floor": null, "level": null, "payment:cash": null, "payment:credit_cards": null, "payment:debit_cards": null, "reg_name": null, "was:name": null, "addr:village": null, "contact:email": null, "was:wikidata": null, "was:wikipedia": null }, "geometry": { "type": "Point", "coordinates": [ -0.1102788, 51.3911477 ] } },
{ "type": "Feature", "properties": { "osm_type": "node", "osm_id": 10995804171, "lon": -0.1093613, "lat": 51.3905149, "source_geometry_type": "Point", "addr:city": null, "addr:housename": null, "addr:postcode": null, "addr:street": null, "amenity": "hospital", "healthcare": "hospital", "name": "Gynaecology Department", "category": "healthcare_hospitals", "phone": null, "public": null, "website": null, "addr:country": null, "addr:county": null, "addr:place": null, "contact:phone": null, "contact:website": null, "fhrs:id": null, "operator": "Croydon University Hospital", "addr:housenumber": null, "description": null, "opening_hours": null, "email": null, "fax": null, "check_date": null, "healthcare:speciality": null, "source": null, "entrance": null, "wheelchair": null, "emergency": null, "internet_access": null, "operator:type": null, "ref:GB:cqc_location": null, "ref:GB:nhs_ods": null, "operator:wikidata": null, "long_name": null, "wikidata": null, "wikipedia": null, "alt_name": null, "loc_name": null, "beds": null, "source:addr": null, "landuse": null, "building": null, "image": null, "fhrs:authority": null, "fhrs:inspectiondate": null, "fhrs:rating": null, "source:postcode": null, "note": null, "wikimedia_commons": null, "building:levels": null, "height": null, "historic:operator": null, "name:uk": null, "fhrs:local_authority_id": null, "addr:suburb": null, "fixme": null, "fhrs:confidence_management": null, "fhrs:hygiene": null, "fhrs:structural": null, "ref:GB:uprn": null, "roof:levels": null, "building:colour": null, "building:material": null, "roof:colour": null, "healthcare:for": null, "name:ar": null, "internet_access:fee": null, "source:addr:postcode": null, "short_name": null, "barrier": null, "type": null, "toilets:wheelchair": null, "nohousenumber": null, "official_name": null, "roof:shape": null, "fee": null, "old_name": null, "start_date": null, "not:addr:postcode": null, "operator:website": null, "internet_access:ssid": null, "number": null, "addr:floor": null, "level": null, "payment:cash": null, "payment:credit_cards": null, "payment:debit_cards": null, "reg_name": null, "was:name": null, "addr:village": null, "contact:email": null, "was:wikidata": null, "was:wikipedia": null }, "geometry": { "type": "Point", "coordinates": [ -0.1093613, 51.3905149 ] } },
{ "type": "Feature", "properties": { "osm_type": "node", "osm_id": 10995804179, "lon": -0.1110648, "lat": 51.3909333, "source_geometry_type": "Point", "addr:city": null, "addr:housename": null, "addr:postcode": null, "addr:street": null, "amenity": "hospital", "healthcare": "hospital", "name": "Women's Health Unit", "category": "healthcare_hospitals", "phone": null, "public": null, "website": null, "addr:country": null, "addr:county": null, "addr:place": null, "contact:phone": null, "contact:website": null, "fhrs:id": null, "operator": "Croydon University Hospital", "addr:housenumber": null, "description": null, "opening_hours": null, "email": null, "fax": null, "check_date": null, "healthcare:speciality": null, "source": null, "entrance": null, "wheelchair": null, "emergency": null, "internet_access": null, "operator:type": null, "ref:GB:cqc_location": null, "ref:GB:nhs_ods": null, "operator:wikidata": null, "long_name": null, "wikidata": null, "wikipedia": null, "alt_name": null, "loc_name": null, "beds": null, "source:addr": null, "landuse": null, "building": null, "image": null, "fhrs:authority": null, "fhrs:inspectiondate": null, "fhrs:rating": null, "source:postcode": null, "note": null, "wikimedia_commons": null, "building:levels": null, "height": null, "historic:operator": null, "name:uk": null, "fhrs:local_authority_id": null, "addr:suburb": null, "fixme": null, "fhrs:confidence_management": null, "fhrs:hygiene": null, "fhrs:structural": null, "ref:GB:uprn": null, "roof:levels": null, "building:colour": null, "building:material": null, "roof:colour": null, "healthcare:for": null, "name:ar": null, "internet_access:fee": null, "source:addr:postcode": null, "short_name": null, "barrier": null, "type": null, "toilets:wheelchair": null, "nohousenumber": null, "official_name": null, "roof:shape": null, "fee": null, "old_name": null, "start_date": null, "not:addr:postcode": null, "operator:website": null, "internet_access:ssid": null, "number": null, "addr:floor": null, "level": null, "payment:cash": null, "payment:credit_cards": null, "payment:debit_cards": null, "reg_name": null, "was:name": null, "addr:village": null, "contact:email": null, "was:wikidata": null, "was:wikipedia": null }, "geometry": { "type": "Point", "coordinates": [ -0.1110648, 51.3909333 ] } },
{ "type": "Feature", "properties": { "osm_type": "node", "osm_id": 10995804180, "lon": -0.11113, "lat": 51.3887004, "source_geometry_type": "Point", "addr:city": null, "addr:housename": null, "addr:postcode": null, "addr:street": null, "amenity": "hospital", "healthcare": "hospital", "name": "Croydon Heart Centre", "category": "healthcare_hospitals", "phone": null, "public": null, "website": null, "addr:country": null, "addr:county": null, "addr:place": null, "contact:phone": null, "contact:website": null, "fhrs:id": null, "operator": null, "addr:housenumber": null, "description": null, "opening_hours": null, "email": null, "fax": null, "check_date": null, "healthcare:speciality": null, "source": null, "entrance": null, "wheelchair": null, "emergency": null, "internet_access": null, "operator:type": null, "ref:GB:cqc_location": null, "ref:GB:nhs_ods": null, "operator:wikidata": null, "long_name": null, "wikidata": null, "wikipedia": null, "alt_name": null, "loc_name": null, "beds": null, "source:addr": null, "landuse": null, "building": null, "image": null, "fhrs:authority": null, "fhrs:inspectiondate": null, "fhrs:rating": null, "source:postcode": null, "note": null, "wikimedia_commons": null, "building:levels": null, "height": null, "historic:operator": null, "name:uk": null, "fhrs:local_authority_id": null, "addr:suburb": null, "fixme": null, "fhrs:confidence_management": null, "fhrs:hygiene": null, "fhrs:structural": null, "ref:GB:uprn": null, "roof:levels": null, "building:colour": null, "building:material": null, "roof:colour": null, "healthcare:for": null, "name:ar": null, "internet_access:fee": null, "source:addr:postcode": null, "short_name": null, "barrier": null, "type": null, "toilets:wheelchair": null, "nohousenumber": null, "official_name": null, "roof:shape": null, "fee": null, "old_name": null, "start_date": null, "not:addr:postcode": null, "operator:website": null, "internet_access:ssid": null, "number": null, "addr:floor": null, "level": null, "payment:cash": null, "payment:credit_cards": null, "payment:debit_cards": null, "reg_name": null, "was:name": null, "addr:village": null, "contact:email": null, "was:wikidata": null, "was:wikipedia": null }, "geometry": { "type": "Point", "coordinates": [ -0.11113, 51.3887004 ] } },
{ "type": "Feature", "properties": { "osm_type": "node", "osm_id": 10995804184, "lon": -0.1097438, "lat": 51.3902698, "source_geometry_type": "Point", "addr:city": null, "addr:housename": null, "addr:postcode": null, "addr:street": null, "amenity": "hospital", "healthcare": "hospital", "name": "Dental Department", "category": "healthcare_hospitals", "phone": null, "public": null, "website": null, "addr:country": null, "addr:county": null, "addr:place": null, "contact:phone": null, "contact:website": null, "fhrs:id": null, "operator": "Croydon University Hospital", "addr:housenumber": null, "description": null, "opening_hours": null, "email": null, "fax": null, "check_date": null, "healthcare:speciality": null, "source": null, "entrance": null, "wheelchair": null, "emergency": null, "internet_access": null, "operator:type": null, "ref:GB:cqc_location": null, "ref:GB:nhs_ods": null, "operator:wikidata": null, "long_name": null, "wikidata": null, "wikipedia": null, "alt_name": null, "loc_name": null, "beds": null, "source:addr": null, "landuse": null, "building": null, "image": null, "fhrs:authority": null, "fhrs:inspectiondate": null, "fhrs:rating": null, "source:postcode": null, "note": null, "wikimedia_commons": null, "building:levels": null, "height": null, "historic:operator": null, "name:uk": null, "fhrs:local_authority_id": null, "addr:suburb": null, "fixme": null, "fhrs:confidence_management": null, "fhrs:hygiene": null, "fhrs:structural": null, "ref:GB:uprn": null, "roof:levels": null, "building:colour": null, "building:material": null, "roof:colour": null, "healthcare:for": null, "name:ar": null, "internet_access:fee": null, "source:addr:postcode": null, "short_name": null, "barrier": null, "type": null, "toilets:wheelchair": null, "nohousenumber": null, "official_name": null, "roof:shape": null, "fee": null, "old_name": null, "start_date": null, "not:addr:postcode": null, "operator:website": null, "internet_access:ssid": null, "number": null, "addr:floor": null, "level": null, "payment:cash": null, "payment:credit_cards": null, "payment:debit_cards": null, "reg_name": null, "was:name": null, "addr:village": null, "contact:email": null, "was:wikidata": null, "was:wikipedia": null }, "geometry": { "type": "Point", "coordinates": [ -0.1097438, 51.3902698 ] } },
{ "type": "Feature", "properties": { "osm_type": "node", "osm_id": 10995804185, "lon": -0.1099614, "lat": 51.3904846, "source_geometry_type": "Point", "addr:city": null, "addr:housename": null, "addr:postcode": null, "addr:street": null, "amenity": "hospital", "healthcare": "hospital", "name": "Dermatology Department", "category": "healthcare_hospitals", "phone": null, "public": null, "website": null, "addr:country": null, "addr:county": null, "addr:place": null, "contact:phone": null, "contact:website": null, "fhrs:id": null, "operator": "Croydon University Hospital", "addr:housenumber": null, "description": null, "opening_hours": null, "email": null, "fax": null, "check_date": null, "healthcare:speciality": null, "source": null, "entrance": null, "wheelchair": null, "emergency": null, "internet_access": null, "operator:type": null, "ref:GB:cqc_location": null, "ref:GB:nhs_ods": null, "operator:wikidata": null, "long_name": null, "wikidata": null, "wikipedia": null, "alt_name": null, "loc_name": null, "beds": null, "source:addr": null, "landuse": null, "building": null, "image": null, "fhrs:authority": null, "fhrs:inspectiondate": null, "fhrs:rating": null, "source:postcode": null, "note": null, "wikimedia_commons": null, "building:levels": null, "height": null, "historic:operator": null, "name:uk": null, "fhrs:local_authority_id": null, "addr:suburb": null, "fixme": null, "fhrs:confidence_management": null, "fhrs:hygiene": null, "fhrs:structural": null, "ref:GB:uprn": null, "roof:levels": null, "building:colour": null, "building:material": null, "roof:colour": null, "healthcare:for": null, "name:ar": null, "internet_access:fee": null, "source:addr:postcode": null, "short_name": null, "barrier": null, "type": null, "toilets:wheelchair": null, "nohousenumber": null, "official_name": null, "roof:shape": null, "fee": null, "old_name": null, "start_date": null, "not:addr:postcode": null, "operator:website": null, "internet_access:ssid": null, "number": null, "addr:floor": null, "level": null, "payment:cash": null, "payment:credit_cards": null, "payment:debit_cards": null, "reg_name": null, "was:name": null, "addr:village": null, "contact:email": null, "was:wikidata": null, "was:wikipedia": null }, "geometry": { "type": "Point", "coordinates": [ -0.1099614, 51.3904846 ] } },
{ "type": "Feature", "properties": { "osm_type": "node", "osm_id": 10995804186, "lon": -0.108209, "lat": 51.3886983, "source_geometry_type": "Point", "addr:city": null, "addr:housename": null, "addr:postcode": null, "addr:street": null, "amenity": "hospital", "healthcare": "hospital", "name": "Diabetic Department", "category": "healthcare_hospitals", "phone": null, "public": null, "website": null, "addr:country": null, "addr:county": null, "addr:place": null, "contact:phone": null, "contact:website": null, "fhrs:id": null, "operator": "Croydon University Hospital", "addr:housenumber": null, "description": null, "opening_hours": null, "email": null, "fax": null, "check_date": null, "healthcare:speciality": null, "source": null, "entrance": null, "wheelchair": null, "emergency": null, "internet_access": null, "operator:type": null, "ref:GB:cqc_location": null, "ref:GB:nhs_ods": null, "operator:wikidata": null, "long_name": null, "wikidata": null, "wikipedia": null, "alt_name": null, "loc_name": null, "beds": null, "source:addr": null, "landuse": null, "building": null, "image": null, "fhrs:authority": null, "fhrs:inspectiondate": null, "fhrs:rating": null, "source:postcode": null, "note": null, "wikimedia_commons": null, "building:levels": null, "height": null, "historic:operator": null, "name:uk": null, "fhrs:local_authority_id": null, "addr:suburb": null, "fixme": null, "fhrs:confidence_management": null, "fhrs:hygiene": null, "fhrs:structural": null, "ref:GB:uprn": null, "roof:levels": null, "building:colour": null, "building:material": null, "roof:colour": null, "healthcare:for": null, "name:ar": null, "internet_access:fee": null, "source:addr:postcode": null, "short_name": null, "barrier": null, "type": null, "toilets:wheelchair": null, "nohousenumber": null, "official_name": null, "roof:shape": null, "fee": null, "old_name": null, "start_date": null, "not:addr:postcode": null, "operator:website": null, "internet_access:ssid": null, "number": null, "addr:floor": null, "level": null, "payment:cash": null, "payment:credit_cards": null, "payment:debit_cards": null, "reg_name": null, "was:name": null, "addr:village": null, "contact:email": null, "was:wikidata": null, "was:wikipedia": null }, "geometry": { "type": "Point", "coordinates": [ -0.108209, 51.3886983 ] } },
{ "type": "Feature", "properties": { "osm_type": "node", "osm_id": 10995804187, "lon": -0.1088304, "lat": 51.3888297, "source_geometry_type": "Point", "addr:city": null, "addr:housename": null, "addr:postcode": null, "addr:street": null, "amenity": "hospital", "healthcare": "hospital", "name": "MRI", "category": "healthcare_hospitals", "phone": null, "public": null, "website": null, "addr:country": null, "addr:county": null, "addr:place": null, "contact:phone": null, "contact:website": null, "fhrs:id": null, "operator": "Croydon University Hospital", "addr:housenumber": null, "description": null, "opening_hours": null, "email": null, "fax": null, "check_date": null, "healthcare:speciality": null, "source": null, "entrance": null, "wheelchair": null, "emergency": null, "internet_access": null, "operator:type": null, "ref:GB:cqc_location": null, "ref:GB:nhs_ods": null, "operator:wikidata": null, "long_name": null, "wikidata": null, "wikipedia": null, "alt_name": null, "loc_name": null, "beds": null, "source:addr": null, "landuse": null, "building": null, "image": null, "fhrs:authority": null, "fhrs:inspectiondate": null, "fhrs:rating": null, "source:postcode": null, "note": null, "wikimedia_commons": null, "building:levels": null, "height": null, "historic:operator": null, "name:uk": null, "fhrs:local_authority_id": null, "addr:suburb": null, "fixme": null, "fhrs:confidence_management": null, "fhrs:hygiene": null, "fhrs:structural": null, "ref:GB:uprn": null, "roof:levels": null, "building:colour": null, "building:material": null, "roof:colour": null, "healthcare:for": null, "name:ar": null, "internet_access:fee": null, "source:addr:postcode": null, "short_name": null, "barrier": null, "type": null, "toilets:wheelchair": null, "nohousenumber": null, "official_name": null, "roof:shape": null, "fee": null, "old_name": null, "start_date": null, "not:addr:postcode": null, "operator:website": null, "internet_access:ssid": null, "number": null, "addr:floor": null, "level": null, "payment:cash": null, "payment:credit_cards": null, "payment:debit_cards": null, "reg_name": null, "was:name": null, "addr:village": null, "contact:email": null, "was:wikidata": null, "was:wikipedia": null }, "geometry": { "type": "Point", "coordinates": [ -0.1088304, 51.3888297 ] } },
{ "type": "Feature", "properties": { "osm_type": "node", "osm_id": 10995804195, "lon": -0.1087926, "lat": 51.3891088, "source_geometry_type": "Point", "addr:city": null, "addr:housename": null, "addr:postcode": null, "addr:street": null, "amenity": "hospital", "healthcare": "hospital", "name": "Main X-Ray", "category": "healthcare_hospitals", "phone": null, "public": null, "website": null, "addr:country": null, "addr:county": null, "addr:place": null, "contact:phone": null, "contact:website": null, "fhrs:id": null, "operator": "Croydon University Hospital", "addr:housenumber": null, "description": null, "opening_hours": null, "email": null, "fax": null, "check_date": null, "healthcare:speciality": null, "source": null, "entrance": null, "wheelchair": null, "emergency": null, "internet_access": null, "operator:type": null, "ref:GB:cqc_location": null, "ref:GB:nhs_ods": null, "operator:wikidata": null, "long_name": null, "wikidata": null, "wikipedia": null, "alt_name": null, "loc_name": null, "beds": null, "source:addr": null, "landuse": null, "building": null, "image": null, "fhrs:authority": null, "fhrs:inspectiondate": null, "fhrs:rating": null, "source:postcode": null, "note": null, "wikimedia_commons": null, "building:levels": null, "height": null, "historic:operator": null, "name:uk": null, "fhrs:local_authority_id": null, "addr:suburb": null, "fixme": null, "fhrs:confidence_management": null, "fhrs:hygiene": null, "fhrs:structural": null, "ref:GB:uprn": null, "roof:levels": null, "building:colour": null, "building:material": null, "roof:colour": null, "healthcare:for": null, "name:ar": null, "internet_access:fee": null, "source:addr:postcode": null, "short_name": null, "barrier": null, "type": null, "toilets:wheelchair": null, "nohousenumber": null, "official_name": null, "roof:shape": null, "fee": null, "old_name": null, "start_date": null, "not:addr:postcode": null, "operator:website": null, "internet_access:ssid": null, "number": null, "addr:floor": null, "level": null, "payment:cash": null, "payment:credit_cards": null, "payment:debit_cards": null, "reg_name": null, "was:name": null, "addr:village": null, "contact:email": null, "was:wikidata": null, "was:wikipedia": null }, "geometry": { "type": "Point", "coordinates": [ -0.1087926, 51.3891088 ] } },
{ "type": "Feature", "properties": { "osm_type": "node", "osm_id": 10995804196, "lon": -0.1103441, "lat": 51.3891619, "source_geometry_type": "Point", "addr:city": null, "addr:housename": null, "addr:postcode": null, "addr:street": null, "amenity": "hospital", "healthcare": "hospital", "name": "Vascular Ultrasound", "category": "healthcare_hospitals", "phone": null, "public": null, "website": null, "addr:country": null, "addr:county": null, "addr:place": null, "contact:phone": null, "contact:website": null, "fhrs:id": null, "operator": "Croydon University Hospital", "addr:housenumber": null, "description": null, "opening_hours": null, "email": null, "fax": null, "check_date": null, "healthcare:speciality": null, "source": null, "entrance": null, "wheelchair": "yes", "emergency": null, "internet_access": null, "operator:type": null, "ref:GB:cqc_location": null, "ref:GB:nhs_ods": null, "operator:wikidata": null, "long_name": null, "wikidata": null, "wikipedia": null, "alt_name": null, "loc_name": null, "beds": null, "source:addr": null, "landuse": null, "building": null, "image": null, "fhrs:authority": null, "fhrs:inspectiondate": null, "fhrs:rating": null, "source:postcode": null, "note": null, "wikimedia_commons": null, "building:levels": null, "height": null, "historic:operator": null, "name:uk": null, "fhrs:local_authority_id": null, "addr:suburb": null, "fixme": null, "fhrs:confidence_management": null, "fhrs:hygiene": null, "fhrs:structural": null, "ref:GB:uprn": null, "roof:levels": null, "building:colour": null, "building:material": null, "roof:colour": null, "healthcare:for": null, "name:ar": null, "internet_access:fee": null, "source:addr:postcode": null, "short_name": null, "barrier": null, "type": null, "toilets:wheelchair": null, "nohousenumber": null, "official_name": null, "roof:shape": null, "fee": null, "old_name": null, "start_date": null, "not:addr:postcode": null, "operator:website": null, "internet_access:ssid": null, "number": null, "addr:floor": null, "level": null, "payment:cash": null, "payment:credit_cards": null, "payment:debit_cards": null, "reg_name": null, "was:name": null, "addr:village": null, "contact:email": null, "was:wikidata": null, "was:wikipedia": null }, "geometry": { "type": "Point", "coordinates": [ -0.1103441, 51.3891619 ] } },
{ "type": "Feature", "properties": { "osm_type": "node", "osm_id": 10995804197, "lon": -0.1102589, "lat": 51.3890953, "source_geometry_type": "Point", "addr:city": null, "addr:housename": null, "addr:postcode": null, "addr:street": null, "amenity": "hospital", "healthcare": "hospital", "name": "Wound Clinic", "category": "healthcare_hospitals", "phone": null, "public": null, "website": null, "addr:country": null, "addr:county": null, "addr:place": null, "contact:phone": null, "contact:website": null, "fhrs:id": null, "operator": "Croydon University Hospital", "addr:housenumber": null, "description": null, "opening_hours": null, "email": null, "fax": null, "check_date": null, "healthcare:speciality": null, "source": null, "entrance": null, "wheelchair": null, "emergency": null, "internet_access": null, "operator:type": null, "ref:GB:cqc_location": null, "ref:GB:nhs_ods": null, "operator:wikidata": null, "long_name": null, "wikidata": null, "wikipedia": null, "alt_name": null, "loc_name": null, "beds": null, "source:addr": null, "landuse": null, "building": null, "image": null, "fhrs:authority": null, "fhrs:inspectiondate": null, "fhrs:rating": null, "source:postcode": null, "note": null, "wikimedia_commons": null, "building:levels": null, "height": null, "historic:operator": null, "name:uk": null, "fhrs:local_authority_id": null, "addr:suburb": null, "fixme": null, "fhrs:confidence_management": null, "fhrs:hygiene": null, "fhrs:structural": null, "ref:GB:uprn": null, "roof:levels": null, "building:colour": null, "building:material": null, "roof:colour": null, "healthcare:for": null, "name:ar": null, "internet_access:fee": null, "source:addr:postcode": null, "short_name": null, "barrier": null, "type": null, "toilets:wheelchair": null, "nohousenumber": null, "official_name": null, "roof:shape": null, "fee": null, "old_name": null, "start_date": null, "not:addr:postcode": null, "operator:website": null, "internet_access:ssid": null, "number": null, "addr:floor": null, "level": null, "payment:cash": null, "payment:credit_cards": null, "payment:debit_cards": null, "reg_name": null, "was:name": null, "addr:village": null, "contact:email": null, "was:wikidata": null, "was:wikipedia": null }, "geometry": { "type": "Point", "coordinates": [ -0.1102589, 51.3890953 ] } },
{ "type": "Feature", "properties": { "osm_type": "node", "osm_id": 10995804198, "lon": -0.1099839, "lat": 51.3893068, "source_geometry_type": "Point", "addr:city": null, "addr:housename": null, "addr:postcode": null, "addr:street": null, "amenity": "hospital", "healthcare": "hospital", "name": "Moorfields Eye Unit", "category": "healthcare_hospitals", "phone": null, "public": null, "website": null, "addr:country": null, "addr:county": null, "addr:place": null, "contact:phone": null, "contact:website": null, "fhrs:id": null, "operator": "Croydon University Hospital", "addr:housenumber": null, "description": null, "opening_hours": null, "email": null, "fax": null, "check_date": null, "healthcare:speciality": null, "source": null, "entrance": null, "wheelchair": null, "emergency": null, "internet_access": null, "operator:type": null, "ref:GB:cqc_location": null, "ref:GB:nhs_ods": null, "operator:wikidata": null, "long_name": null, "wikidata": null, "wikipedia": null, "alt_name": null, "loc_name": null, "beds": null, "source:addr": null, "landuse": null, "building": null, "image": null, "fhrs:authority": null, "fhrs:inspectiondate": null, "fhrs:rating": null, "source:postcode": null, "note": null, "wikimedia_commons": null, "building:levels": null, "height": null, "historic:operator": null, "name:uk": null, "fhrs:local_authority_id": null, "addr:suburb": null, "fixme": null, "fhrs:confidence_management": null, "fhrs:hygiene": null, "fhrs:structural": null, "ref:GB:uprn": null, "roof:levels": null, "building:colour": null, "building:material": null, "roof:colour": null, "healthcare:for": null, "name:ar": null, "internet_access:fee": null, "source:addr:postcode": null, "short_name": null, "barrier": null, "type": null, "toilets:wheelchair": null, "nohousenumber": null, "official_name": null, "roof:shape": null, "fee": null, "old_name": null, "start_date": null, "not:addr:postcode": null, "operator:website": null, "internet_access:ssid": null, "number": null, "addr:floor": null, "level": null, "payment:cash": null, "payment:credit_cards": null, "payment:debit_cards": null, "reg_name": null, "was:name": null, "addr:village": null, "contact:email": null, "was:wikidata": null, "was:wikipedia": null }, "geometry": { "type": "Point", "coordinates": [ -0.1099839, 51.3893068 ] } },
{ "type": "Feature", "properties": { "osm_type": "node", "osm_id": 10995804199, "lon": -0.1097382, "lat": 51.389144, "source_geometry_type": "Point", "addr:city": null, "addr:housename": null, "addr:postcode": null, "addr:street": null, "amenity": "hospital", "healthcare": "hospital", "name": "The Willows (Children's Clinic)", "category": "healthcare_hospitals", "phone": null, "public": null, "website": null, "addr:country": null, "addr:county": null, "addr:place": null, "contact:phone": null, "contact:website": null, "fhrs:id": null, "operator": "Croydon University Hospital", "addr:housenumber": null, "description": null, "opening_hours": null, "email": null, "fax": null, "check_date": null, "healthcare:speciality": null, "source": null, "entrance": null, "wheelchair": null, "emergency": null, "internet_access": null, "operator:type": null, "ref:GB:cqc_location": null, "ref:GB:nhs_ods": null, "operator:wikidata": null, "long_name": null, "wikidata": null, "wikipedia": null, "alt_name": null, "loc_name": null, "beds": null, "source:addr": null, "landuse": null, "building": null, "image": null, "fhrs:authority": null, "fhrs:inspectiondate": null, "fhrs:rating": null, "source:postcode": null, "note": null, "wikimedia_commons": null, "building:levels": null, "height": null, "historic:operator": null, "name:uk": null, "fhrs:local_authority_id": null, "addr:suburb": null, "fixme": null, "fhrs:confidence_management": null, "fhrs:hygiene": null, "fhrs:structural": null, "ref:GB:uprn": null, "roof:levels": null, "building:colour": null, "building:material": null, "roof:colour": null, "healthcare:for": null, "name:ar": null, "internet_access:fee": null, "source:addr:postcode": null, "short_name": null, "barrier": null, "type": null, "toilets:wheelchair": null, "nohousenumber": null, "official_name": null, "roof:shape": null, "fee": null, "old_name": null, "start_date": null, "not:addr:postcode": null, "operator:website": null, "internet_access:ssid": null, "number": null, "addr:floor": null, "level": null, "payment:cash": null, "payment:credit_cards": null, "payment:debit_cards": null, "reg_name": null, "was:name": null, "addr:village": null, "contact:email": null, "was:wikidata": null, "was:wikipedia": null }, "geometry": { "type": "Point", "coordinates": [ -0.1097382, 51.389144 ] } },
{ "type": "Feature", "properties": { "osm_type": "node", "osm_id": 10995804200, "lon": -0.1107072, "lat": 51.3898664, "source_geometry_type": "Point", "addr:city": null, "addr:housename": null, "addr:postcode": null, "addr:street": null, "amenity": "hospital", "healthcare": "hospital", "name": "Day Surgery Unit (DSU)", "category": "healthcare_hospitals", "phone": null, "public": null, "website": null, "addr:country": null, "addr:county": null, "addr:place": null, "contact:phone": null, "contact:website": null, "fhrs:id": null, "operator": "Croydon University Hospital", "addr:housenumber": null, "description": null, "opening_hours": null, "email": null, "fax": null, "check_date": null, "healthcare:speciality": null, "source": null, "entrance": null, "wheelchair": null, "emergency": null, "internet_access": null, "operator:type": null, "ref:GB:cqc_location": null, "ref:GB:nhs_ods": null, "operator:wikidata": null, "long_name": null, "wikidata": null, "wikipedia": null, "alt_name": null, "loc_name": null, "beds": null, "source:addr": null, "landuse": null, "building": null, "image": null, "fhrs:authority": null, "fhrs:inspectiondate": null, "fhrs:rating": null, "source:postcode": null, "note": null, "wikimedia_commons": null, "building:levels": null, "height": null, "historic:operator": null, "name:uk": null, "fhrs:local_authority_id": null, "addr:suburb": null, "fixme": null, "fhrs:confidence_management": null, "fhrs:hygiene": null, "fhrs:structural": null, "ref:GB:uprn": null, "roof:levels": null, "building:colour": null, "building:material": null, "roof:colour": null, "healthcare:for": null, "name:ar": null, "internet_access:fee": null, "source:addr:postcode": null, "short_name": null, "barrier": null, "type": null, "toilets:wheelchair": null, "nohousenumber": null, "official_name": null, "roof:shape": null, "fee": null, "old_name": null, "start_date": null, "not:addr:postcode": null, "operator:website": null, "internet_access:ssid": null, "number": null, "addr:floor": null, "level": null, "payment:cash": null, "payment:credit_cards": null, "payment:debit_cards": null, "reg_name": null, "was:name": null, "addr:village": null, "contact:email": null, "was:wikidata": null, "was:wikipedia": null }, "geometry": { "type": "Point", "coordinates": [ -0.1107072, 51.3898664 ] } },
{ "type": "Feature", "properties": { "osm_type": "node", "osm_id": 10995811829, "lon": -0.1092569, "lat": 51.3887022, "source_geometry_type": "Point", "addr:city": null, "addr:housename": null, "addr:postcode": null, "addr:street": null, "amenity": "hospital", "healthcare": "hospital", "name": "Emergency Department", "category": "healthcare_hospitals", "phone": null, "public": null, "website": null, "addr:country": null, "addr:county": null, "addr:place": null, "contact:phone": null, "contact:website": null, "fhrs:id": null, "operator": "Croydon University Hospital", "addr:housenumber": null, "description": null, "opening_hours": null, "email": null, "fax": null, "check_date": null, "healthcare:speciality": null, "source": null, "entrance": null, "wheelchair": null, "emergency": null, "internet_access": null, "operator:type": null, "ref:GB:cqc_location": null, "ref:GB:nhs_ods": null, "operator:wikidata": null, "long_name": null, "wikidata": null, "wikipedia": null, "alt_name": null, "loc_name": null, "beds": null, "source:addr": null, "landuse": null, "building": null, "image": null, "fhrs:authority": null, "fhrs:inspectiondate": null, "fhrs:rating": null, "source:postcode": null, "note": null, "wikimedia_commons": null, "building:levels": null, "height": null, "historic:operator": null, "name:uk": null, "fhrs:local_authority_id": null, "addr:suburb": null, "fixme": null, "fhrs:confidence_management": null, "fhrs:hygiene": null, "fhrs:structural": null, "ref:GB:uprn": null, "roof:levels": null, "building:colour": null, "building:material": null, "roof:colour": null, "healthcare:for": null, "name:ar": null, "internet_access:fee": null, "source:addr:postcode": null, "short_name": null, "barrier": null, "type": null, "toilets:wheelchair": null, "nohousenumber": null, "official_name": null, "roof:shape": null, "fee": null, "old_name": null, "start_date": null, "not:addr:postcode": null, "operator:website": null, "internet_access:ssid": null, "number": null, "addr:floor": null, "level": null, "payment:cash": null, "payment:credit_cards": null, "payment:debit_cards": null, "reg_name": null, "was:name": null, "addr:village": null, "contact:email": null, "was:wikidata": null, "was:wikipedia": null }, "geometry": { "type": "Point", "coordinates": [ -0.1092569, 51.3887022 ] } },
{ "type": "Feature", "properties": { "osm_type": "node", "osm_id": 11170258999, "lon": -0.0927953, "lat": 51.4687588, "source_geometry_type": "Point", "addr:city": null, "addr:housename": null, "addr:postcode": null, "addr:street": null, "amenity": "hospital", "healthcare": "hospital", "name": "King's College Hospital Emergency Department", "category": "healthcare_hospitals", "phone": "+44 20 3299 9000", "public": null, "website": "https://kch.nhs.uk", "addr:country": null, "addr:county": null, "addr:place": null, "contact:phone": null, "contact:website": null, "fhrs:id": null, "operator": null, "addr:housenumber": null, "description": null, "opening_hours": "24/7", "email": null, "fax": null, "check_date": "2025-10-21", "healthcare:speciality": "emergency", "source": null, "entrance": null, "wheelchair": "yes", "emergency": "yes", "internet_access": "no", "operator:type": "public", "ref:GB:cqc_location": null, "ref:GB:nhs_ods": null, "operator:wikidata": null, "long_name": null, "wikidata": null, "wikipedia": null, "alt_name": null, "loc_name": null, "beds": null, "source:addr": null, "landuse": null, "building": null, "image": null, "fhrs:authority": null, "fhrs:inspectiondate": null, "fhrs:rating": null, "source:postcode": null, "note": null, "wikimedia_commons": null, "building:levels": null, "height": null, "historic:operator": null, "name:uk": null, "fhrs:local_authority_id": null, "addr:suburb": null, "fixme": null, "fhrs:confidence_management": null, "fhrs:hygiene": null, "fhrs:structural": null, "ref:GB:uprn": null, "roof:levels": null, "building:colour": null, "building:material": null, "roof:colour": null, "healthcare:for": null, "name:ar": null, "internet_access:fee": null, "source:addr:postcode": null, "short_name": null, "barrier": null, "type": null, "toilets:wheelchair": null, "nohousenumber": null, "official_name": null, "roof:shape": null, "fee": null, "old_name": null, "start_date": null, "not:addr:postcode": null, "operator:website": null, "internet_access:ssid": null, "number": null, "addr:floor": null, "level": null, "payment:cash": null, "payment:credit_cards": null, "payment:debit_cards": null, "reg_name": null, "was:name": null, "addr:village": null, "contact:email": null, "was:wikidata": null, "was:wikipedia": null }, "geometry": { "type": "Point", "coordinates": [ -0.0927953, 51.4687588 ] } },
{ "type": "Feature", "properties": { "osm_type": "node", "osm_id": 12026398668, "lon": -0.0927114, "lat": 51.4691229, "source_geometry_type": "Point", "addr:city": null, "addr:housename": null, "addr:postcode": null, "addr:street": null, "amenity": "hospital", "healthcare": "hospital", "name": "Dental Hospital", "category": "healthcare_hospitals", "phone": null, "public": null, "website": "https://www.kch.nhs.uk/patients-and-visitors/patients/dental-patients/", "addr:country": null, "addr:county": null, "addr:place": null, "contact:phone": null, "contact:website": null, "fhrs:id": null, "operator": null, "addr:housenumber": null, "description": null, "opening_hours": null, "email": null, "fax": null, "check_date": "2024-11-09", "healthcare:speciality": null, "source": null, "entrance": null, "wheelchair": "yes", "emergency": null, "internet_access": null, "operator:type": null, "ref:GB:cqc_location": null, "ref:GB:nhs_ods": null, "operator:wikidata": null, "long_name": null, "wikidata": null, "wikipedia": null, "alt_name": null, "loc_name": null, "beds": null, "source:addr": null, "landuse": null, "building": null, "image": null, "fhrs:authority": null, "fhrs:inspectiondate": null, "fhrs:rating": null, "source:postcode": null, "note": null, "wikimedia_commons": null, "building:levels": null, "height": null, "historic:operator": null, "name:uk": null, "fhrs:local_authority_id": null, "addr:suburb": null, "fixme": null, "fhrs:confidence_management": null, "fhrs:hygiene": null, "fhrs:structural": null, "ref:GB:uprn": null, "roof:levels": null, "building:colour": null, "building:material": null, "roof:colour": null, "healthcare:for": null, "name:ar": null, "internet_access:fee": null, "source:addr:postcode": null, "short_name": null, "barrier": null, "type": null, "toilets:wheelchair": null, "nohousenumber": null, "official_name": null, "roof:shape": null, "fee": null, "old_name": null, "start_date": null, "not:addr:postcode": null, "operator:website": null, "internet_access:ssid": null, "number": null, "addr:floor": null, "level": null, "payment:cash": null, "payment:credit_cards": null, "payment:debit_cards": null, "reg_name": null, "was:name": null, "addr:village": null, "contact:email": null, "was:wikidata": null, "was:wikipedia": null }, "geometry": { "type": "Point", "coordinates": [ -0.0927114, 51.4691229 ] } },
{ "type": "Feature", "properties": { "osm_type": "node", "osm_id": 12187913901, "lon": -0.1213221, "lat": 51.5216322, "source_geometry_type": "Point", "addr:city": "London", "addr:housename": null, "addr:postcode": "WC1N 3JH", "addr:street": "Great Ormond Street", "amenity": "hospital", "healthcare": "hospital", "name": "Great Ormond Street Outpatients - Zebra and Hippo Clinic Areas", "category": "healthcare_hospitals", "phone": null, "public": null, "website": "https://www.gosh.nhs.uk/your-hospital-visit/outpatient-appointment/", "addr:country": null, "addr:county": null, "addr:place": null, "contact:phone": null, "contact:website": null, "fhrs:id": null, "operator": null, "addr:housenumber": "60", "description": null, "opening_hours": null, "email": null, "fax": null, "check_date": null, "healthcare:speciality": null, "source": null, "entrance": null, "wheelchair": null, "emergency": null, "internet_access": "wlan", "operator:type": null, "ref:GB:cqc_location": "RP401", "ref:GB:nhs_ods": "RP401", "operator:wikidata": null, "long_name": null, "wikidata": null, "wikipedia": null, "alt_name": null, "loc_name": null, "beds": null, "source:addr": null, "landuse": null, "building": null, "image": null, "fhrs:authority": null, "fhrs:inspectiondate": null, "fhrs:rating": null, "source:postcode": null, "note": null, "wikimedia_commons": null, "building:levels": null, "height": null, "historic:operator": null, "name:uk": null, "fhrs:local_authority_id": null, "addr:suburb": null, "fixme": null, "fhrs:confidence_management": null, "fhrs:hygiene": null, "fhrs:structural": null, "ref:GB:uprn": null, "roof:levels": null, "building:colour": null, "building:material": null, "roof:colour": null, "healthcare:for": null, "name:ar": null, "internet_access:fee": null, "source:addr:postcode": null, "short_name": null, "barrier": null, "type": null, "toilets:wheelchair": null, "nohousenumber": null, "official_name": null, "roof:shape": null, "fee": null, "old_name": null, "start_date": null, "not:addr:postcode": null, "operator:website": null, "internet_access:ssid": null, "number": null, "addr:floor": null, "level": null, "payment:cash": null, "payment:credit_cards": null, "payment:debit_cards": null, "reg_name": null, "was:name": null, "addr:village": null, "contact:email": null, "was:wikidata": null, "was:wikipedia": null }, "geometry": { "type": "Point", "coordinates": [ -0.1213221, 51.5216322 ] } },
{ "type": "Feature", "properties": { "osm_type": "node", "osm_id": 12313941685, "lon": -0.3772728, "lat": 51.4694387, "source_geometry_type": "Point", "addr:city": null, "addr:housename": null, "addr:postcode": null, "addr:street": null, "amenity": "hospital", "healthcare": "hospital", "name": "Hounslow Medical Centre", "category": "healthcare_hospitals", "phone": null, "public": null, "website": null, "addr:country": null, "addr:county": null, "addr:place": null, "contact:phone": null, "contact:website": null, "fhrs:id": null, "operator": null, "addr:housenumber": null, "description": null, "opening_hours": null, "email": null, "fax": null, "check_date": null, "healthcare:speciality": null, "source": null, "entrance": null, "wheelchair": null, "emergency": null, "internet_access": null, "operator:type": null, "ref:GB:cqc_location": null, "ref:GB:nhs_ods": null, "operator:wikidata": null, "long_name": null, "wikidata": null, "wikipedia": null, "alt_name": null, "loc_name": null, "beds": null, "source:addr": null, "landuse": null, "building": null, "image": null, "fhrs:authority": null, "fhrs:inspectiondate": null, "fhrs:rating": null, "source:postcode": null, "note": null, "wikimedia_commons": null, "building:levels": null, "height": null, "historic:operator": null, "name:uk": null, "fhrs:local_authority_id": null, "addr:suburb": null, "fixme": null, "fhrs:confidence_management": null, "fhrs:hygiene": null, "fhrs:structural": null, "ref:GB:uprn": null, "roof:levels": null, "building:colour": null, "building:material": null, "roof:colour": null, "healthcare:for": null, "name:ar": null, "internet_access:fee": null, "source:addr:postcode": null, "short_name": null, "barrier": null, "type": null, "toilets:wheelchair": null, "nohousenumber": null, "official_name": null, "roof:shape": null, "fee": null, "old_name": null, "start_date": null, "not:addr:postcode": null, "operator:website": null, "internet_access:ssid": null, "number": null, "addr:floor": null, "level": null, "payment:cash": null, "payment:credit_cards": null, "payment:debit_cards": null, "reg_name": null, "was:name": null, "addr:village": null, "contact:email": null, "was:wikidata": null, "was:wikipedia": null }, "geometry": { "type": "Point", "coordinates": [ -0.3772728, 51.4694387 ] } },
{ "type": "Feature", "properties": { "osm_type": "node", "osm_id": 12601902086, "lon": -0.1380023, "lat": 51.5196573, "source_geometry_type": "Point", "addr:city": "London", "addr:housename": null, "addr:postcode": "W1T 4AJ", "addr:street": "Cleveland Street", "amenity": "hospital", "healthcare": "hospital", "name": "National Hospital for Neurology and Neurosurgery at Cleveland Street", "category": "healthcare_hospitals", "phone": null, "public": null, "website": null, "addr:country": null, "addr:county": null, "addr:place": null, "contact:phone": null, "contact:website": null, "fhrs:id": null, "operator": "NHS", "addr:housenumber": "25", "description": null, "opening_hours": null, "email": null, "fax": null, "check_date": "2026-03-05", "healthcare:speciality": "neurology;neurosurgery", "source": null, "entrance": null, "wheelchair": null, "emergency": null, "internet_access": null, "operator:type": "public", "ref:GB:cqc_location": "RRVCL", "ref:GB:nhs_ods": null, "operator:wikidata": "Q918396", "long_name": null, "wikidata": null, "wikipedia": null, "alt_name": null, "loc_name": null, "beds": null, "source:addr": null, "landuse": null, "building": null, "image": null, "fhrs:authority": null, "fhrs:inspectiondate": null, "fhrs:rating": null, "source:postcode": null, "note": null, "wikimedia_commons": null, "building:levels": null, "height": null, "historic:operator": null, "name:uk": null, "fhrs:local_authority_id": null, "addr:suburb": null, "fixme": null, "fhrs:confidence_management": null, "fhrs:hygiene": null, "fhrs:structural": null, "ref:GB:uprn": null, "roof:levels": null, "building:colour": null, "building:material": null, "roof:colour": null, "healthcare:for": null, "name:ar": null, "internet_access:fee": null, "source:addr:postcode": null, "short_name": null, "barrier": null, "type": null, "toilets:wheelchair": null, "nohousenumber": null, "official_name": null, "roof:shape": null, "fee": null, "old_name": null, "start_date": null, "not:addr:postcode": null, "operator:website": null, "internet_access:ssid": null, "number": null, "addr:floor": null, "level": null, "payment:cash": null, "payment:credit_cards": null, "payment:debit_cards": null, "reg_name": null, "was:name": null, "addr:village": null, "contact:email": null, "was:wikidata": null, "was:wikipedia": null }, "geometry": { "type": "Point", "coordinates": [ -0.1380023, 51.5196573 ] } },
{ "type": "Feature", "properties": { "osm_type": "node", "osm_id": 12842417237, "lon": -0.1124702, "lat": 51.5208997, "source_geometry_type": "Point", "addr:city": null, "addr:housename": null, "addr:postcode": null, "addr:street": null, "amenity": "hospital", "healthcare": "hospital", "name": "Medlabs Diagnostics", "category": "healthcare_hospitals", "phone": null, "public": null, "website": null, "addr:country": null, "addr:county": null, "addr:place": null, "contact:phone": null, "contact:website": null, "fhrs:id": null, "operator": null, "addr:housenumber": null, "description": null, "opening_hours": null, "email": null, "fax": null, "check_date": null, "healthcare:speciality": null, "source": null, "entrance": null, "wheelchair": null, "emergency": null, "internet_access": null, "operator:type": null, "ref:GB:cqc_location": "1-22084905984", "ref:GB:nhs_ods": null, "operator:wikidata": null, "long_name": null, "wikidata": null, "wikipedia": null, "alt_name": null, "loc_name": null, "beds": null, "source:addr": null, "landuse": null, "building": null, "image": null, "fhrs:authority": null, "fhrs:inspectiondate": null, "fhrs:rating": null, "source:postcode": null, "note": null, "wikimedia_commons": null, "building:levels": null, "height": null, "historic:operator": null, "name:uk": null, "fhrs:local_authority_id": null, "addr:suburb": null, "fixme": null, "fhrs:confidence_management": null, "fhrs:hygiene": null, "fhrs:structural": null, "ref:GB:uprn": null, "roof:levels": null, "building:colour": null, "building:material": null, "roof:colour": null, "healthcare:for": null, "name:ar": null, "internet_access:fee": null, "source:addr:postcode": null, "short_name": null, "barrier": null, "type": null, "toilets:wheelchair": null, "nohousenumber": null, "official_name": null, "roof:shape": null, "fee": null, "old_name": null, "start_date": null, "not:addr:postcode": null, "operator:website": null, "internet_access:ssid": null, "number": null, "addr:floor": null, "level": null, "payment:cash": null, "payment:credit_cards": null, "payment:debit_cards": null, "reg_name": null, "was:name": null, "addr:village": null, "contact:email": null, "was:wikidata": null, "was:wikipedia": null }, "geometry": { "type": "Point", "coordinates": [ -0.1124702, 51.5208997 ] } },
{ "type": "Feature", "properties": { "osm_type": "node", "osm_id": 12873147549, "lon": -0.1363481, "lat": 51.5238264, "source_geometry_type": "Point", "addr:city": "London", "addr:housename": null, "addr:postcode": "WC1E 6AS", "addr:street": "Grafton Way", "amenity": "hospital", "healthcare": "hospital", "name": "Proton International @ UCLH", "category": "healthcare_hospitals", "phone": null, "public": null, "website": null, "addr:country": null, "addr:county": null, "addr:place": null, "contact:phone": null, "contact:website": null, "fhrs:id": null, "operator": "Proton International London Limited", "addr:housenumber": "1", "description": null, "opening_hours": null, "email": null, "fax": null, "check_date": null, "healthcare:speciality": null, "source": null, "entrance": null, "wheelchair": null, "emergency": null, "internet_access": null, "operator:type": null, "ref:GB:cqc_location": "1-14279687485", "ref:GB:nhs_ods": null, "operator:wikidata": null, "long_name": null, "wikidata": null, "wikipedia": null, "alt_name": null, "loc_name": null, "beds": null, "source:addr": null, "landuse": null, "building": null, "image": null, "fhrs:authority": null, "fhrs:inspectiondate": null, "fhrs:rating": null, "source:postcode": null, "note": null, "wikimedia_commons": null, "building:levels": null, "height": null, "historic:operator": null, "name:uk": null, "fhrs:local_authority_id": null, "addr:suburb": null, "fixme": null, "fhrs:confidence_management": null, "fhrs:hygiene": null, "fhrs:structural": null, "ref:GB:uprn": null, "roof:levels": null, "building:colour": null, "building:material": null, "roof:colour": null, "healthcare:for": null, "name:ar": null, "internet_access:fee": null, "source:addr:postcode": null, "short_name": null, "barrier": null, "type": null, "toilets:wheelchair": null, "nohousenumber": null, "official_name": null, "roof:shape": null, "fee": null, "old_name": null, "start_date": null, "not:addr:postcode": null, "operator:website": null, "internet_access:ssid": null, "number": null, "addr:floor": null, "level": null, "payment:cash": null, "payment:credit_cards": null, "payment:debit_cards": null, "reg_name": null, "was:name": null, "addr:village": null, "contact:email": null, "was:wikidata": null, "was:wikipedia": null }, "geometry": { "type": "Point", "coordinates": [ -0.1363481, 51.5238264 ] } },
{ "type": "Feature", "properties": { "osm_type": "node", "osm_id": 12873147555, "lon": -0.1352478, "lat": 51.5225872, "source_geometry_type": "Point", "addr:city": "London", "addr:housename": null, "addr:postcode": "WC1E 6JA", "addr:street": "Capper Street", "amenity": "hospital", "healthcare": "hospital", "name": "HCA Healthcare UK Laboratories", "category": "healthcare_hospitals", "phone": null, "public": null, "website": null, "addr:country": null, "addr:county": null, "addr:place": null, "contact:phone": null, "contact:website": null, "fhrs:id": null, "operator": null, "addr:housenumber": "2-10", "description": null, "opening_hours": null, "email": null, "fax": null, "check_date": null, "healthcare:speciality": null, "source": null, "entrance": null, "wheelchair": null, "emergency": null, "internet_access": null, "operator:type": null, "ref:GB:cqc_location": "1-11010280687", "ref:GB:nhs_ods": null, "operator:wikidata": null, "long_name": null, "wikidata": null, "wikipedia": null, "alt_name": null, "loc_name": null, "beds": null, "source:addr": null, "landuse": null, "building": null, "image": null, "fhrs:authority": null, "fhrs:inspectiondate": null, "fhrs:rating": null, "source:postcode": null, "note": null, "wikimedia_commons": null, "building:levels": null, "height": null, "historic:operator": null, "name:uk": null, "fhrs:local_authority_id": null, "addr:suburb": null, "fixme": null, "fhrs:confidence_management": null, "fhrs:hygiene": null, "fhrs:structural": null, "ref:GB:uprn": null, "roof:levels": null, "building:colour": null, "building:material": null, "roof:colour": null, "healthcare:for": null, "name:ar": null, "internet_access:fee": null, "source:addr:postcode": null, "short_name": null, "barrier": null, "type": null, "toilets:wheelchair": null, "nohousenumber": null, "official_name": null, "roof:shape": null, "fee": null, "old_name": null, "start_date": null, "not:addr:postcode": null, "operator:website": null, "internet_access:ssid": null, "number": null, "addr:floor": null, "level": null, "payment:cash": null, "payment:credit_cards": null, "payment:debit_cards": null, "reg_name": null, "was:name": null, "addr:village": null, "contact:email": null, "was:wikidata": null, "was:wikipedia": null }, "geometry": { "type": "Point", "coordinates": [ -0.1352478, 51.5225872 ] } },
{ "type": "Feature", "properties": { "osm_type": "node", "osm_id": 12873180107, "lon": -0.1302119, "lat": 51.5199661, "source_geometry_type": "Point", "addr:city": "London", "addr:housename": null, "addr:postcode": "WC1E 6HA", "addr:street": "Gower Mews", "amenity": "hospital", "healthcare": "hospital", "name": "Optimal Vision", "category": "healthcare_hospitals", "phone": null, "public": null, "website": null, "addr:country": null, "addr:county": null, "addr:place": null, "contact:phone": null, "contact:website": null, "fhrs:id": null, "operator": "Optimal Vision Ltd", "addr:housenumber": "7", "description": null, "opening_hours": null, "email": null, "fax": null, "check_date": null, "healthcare:speciality": "ophthalmology", "source": null, "entrance": null, "wheelchair": null, "emergency": null, "internet_access": null, "operator:type": null, "ref:GB:cqc_location": "1-13932164067", "ref:GB:nhs_ods": null, "operator:wikidata": null, "long_name": null, "wikidata": null, "wikipedia": null, "alt_name": null, "loc_name": null, "beds": null, "source:addr": null, "landuse": null, "building": null, "image": null, "fhrs:authority": null, "fhrs:inspectiondate": null, "fhrs:rating": null, "source:postcode": null, "note": null, "wikimedia_commons": null, "building:levels": null, "height": null, "historic:operator": null, "name:uk": null, "fhrs:local_authority_id": null, "addr:suburb": null, "fixme": null, "fhrs:confidence_management": null, "fhrs:hygiene": null, "fhrs:structural": null, "ref:GB:uprn": null, "roof:levels": null, "building:colour": null, "building:material": null, "roof:colour": null, "healthcare:for": null, "name:ar": null, "internet_access:fee": null, "source:addr:postcode": null, "short_name": null, "barrier": null, "type": null, "toilets:wheelchair": null, "nohousenumber": null, "official_name": null, "roof:shape": null, "fee": null, "old_name": null, "start_date": null, "not:addr:postcode": null, "operator:website": null, "internet_access:ssid": null, "number": null, "addr:floor": null, "level": null, "payment:cash": null, "payment:credit_cards": null, "payment:debit_cards": null, "reg_name": null, "was:name": null, "addr:village": null, "contact:email": null, "was:wikidata": null, "was:wikipedia": null }, "geometry": { "type": "Point", "coordinates": [ -0.1302119, 51.5199661 ] } },
{ "type": "Feature", "properties": { "osm_type": "node", "osm_id": 12873245976, "lon": -0.1299683, "lat": 51.5145533, "source_geometry_type": "Point", "addr:city": "London", "addr:housename": null, "addr:postcode": "WC2H 0DT", "addr:street": "Charing Cross Road", "amenity": "hospital", "healthcare": "hospital", "name": "Until SOHO", "category": "healthcare_hospitals", "phone": null, "public": null, "website": null, "addr:country": null, "addr:county": null, "addr:place": null, "contact:phone": null, "contact:website": null, "fhrs:id": null, "operator": null, "addr:housenumber": "111", "description": null, "opening_hours": null, "email": null, "fax": null, "check_date": "2025-05-29", "healthcare:speciality": null, "source": null, "entrance": null, "wheelchair": null, "emergency": null, "internet_access": null, "operator:type": null, "ref:GB:cqc_location": "1-14429388915", "ref:GB:nhs_ods": null, "operator:wikidata": null, "long_name": null, "wikidata": null, "wikipedia": null, "alt_name": null, "loc_name": null, "beds": null, "source:addr": null, "landuse": null, "building": null, "image": null, "fhrs:authority": null, "fhrs:inspectiondate": null, "fhrs:rating": null, "source:postcode": null, "note": null, "wikimedia_commons": null, "building:levels": null, "height": null, "historic:operator": null, "name:uk": null, "fhrs:local_authority_id": null, "addr:suburb": null, "fixme": null, "fhrs:confidence_management": null, "fhrs:hygiene": null, "fhrs:structural": null, "ref:GB:uprn": null, "roof:levels": null, "building:colour": null, "building:material": null, "roof:colour": null, "healthcare:for": null, "name:ar": null, "internet_access:fee": null, "source:addr:postcode": null, "short_name": null, "barrier": null, "type": null, "toilets:wheelchair": null, "nohousenumber": null, "official_name": null, "roof:shape": null, "fee": null, "old_name": null, "start_date": null, "not:addr:postcode": null, "operator:website": null, "internet_access:ssid": null, "number": null, "addr:floor": null, "level": null, "payment:cash": null, "payment:credit_cards": null, "payment:debit_cards": null, "reg_name": null, "was:name": null, "addr:village": null, "contact:email": null, "was:wikidata": null, "was:wikipedia": null }, "geometry": { "type": "Point", "coordinates": [ -0.1299683, 51.5145533 ] } },
{ "type": "Feature", "properties": { "osm_type": "node", "osm_id": 12875654728, "lon": -0.1230571, "lat": 51.5217376, "source_geometry_type": "Point", "addr:city": null, "addr:housename": null, "addr:postcode": null, "addr:street": null, "amenity": "hospital", "healthcare": "hospital", "name": "Queen Square Imaging Centre", "category": "healthcare_hospitals", "phone": null, "public": null, "website": null, "addr:country": null, "addr:county": null, "addr:place": null, "contact:phone": null, "contact:website": null, "fhrs:id": null, "operator": "Q.S. Enterprises Limited", "addr:housenumber": null, "description": null, "opening_hours": null, "email": null, "fax": null, "check_date": null, "healthcare:speciality": null, "source": null, "entrance": null, "wheelchair": null, "emergency": null, "internet_access": null, "operator:type": null, "ref:GB:cqc_location": "1-1353988292", "ref:GB:nhs_ods": null, "operator:wikidata": null, "long_name": null, "wikidata": null, "wikipedia": null, "alt_name": null, "loc_name": null, "beds": null, "source:addr": null, "landuse": null, "building": null, "image": null, "fhrs:authority": null, "fhrs:inspectiondate": null, "fhrs:rating": null, "source:postcode": null, "note": null, "wikimedia_commons": null, "building:levels": null, "height": null, "historic:operator": null, "name:uk": null, "fhrs:local_authority_id": null, "addr:suburb": null, "fixme": null, "fhrs:confidence_management": null, "fhrs:hygiene": null, "fhrs:structural": null, "ref:GB:uprn": null, "roof:levels": null, "building:colour": null, "building:material": null, "roof:colour": null, "healthcare:for": null, "name:ar": null, "internet_access:fee": null, "source:addr:postcode": null, "short_name": null, "barrier": null, "type": null, "toilets:wheelchair": null, "nohousenumber": null, "official_name": null, "roof:shape": null, "fee": null, "old_name": null, "start_date": null, "not:addr:postcode": null, "operator:website": null, "internet_access:ssid": null, "number": null, "addr:floor": null, "level": null, "payment:cash": null, "payment:credit_cards": null, "payment:debit_cards": null, "reg_name": null, "was:name": null, "addr:village": null, "contact:email": null, "was:wikidata": null, "was:wikipedia": null }, "geometry": { "type": "Point", "coordinates": [ -0.1230571, 51.5217376 ] } },
{ "type": "Feature", "properties": { "osm_type": "node", "osm_id": 12886273770, "lon": -0.1300121, "lat": 51.5145501, "source_geometry_type": "Point", "addr:city": "London", "addr:housename": null, "addr:postcode": "WC2H 0DT", "addr:street": "Charing Cross Road", "amenity": "hospital", "healthcare": "hospital", "name": "Tunica Diagnostics", "category": "healthcare_hospitals", "phone": null, "public": null, "website": null, "addr:country": null, "addr:county": null, "addr:place": null, "contact:phone": null, "contact:website": null, "fhrs:id": null, "operator": "Tunica Diagnostics ltd", "addr:housenumber": "111", "description": null, "opening_hours": null, "email": null, "fax": null, "check_date": null, "healthcare:speciality": "diagnostics", "source": null, "entrance": null, "wheelchair": null, "emergency": null, "internet_access": null, "operator:type": null, "ref:GB:cqc_location": "1-15125385272", "ref:GB:nhs_ods": null, "operator:wikidata": null, "long_name": null, "wikidata": null, "wikipedia": null, "alt_name": null, "loc_name": null, "beds": null, "source:addr": null, "landuse": null, "building": null, "image": null, "fhrs:authority": null, "fhrs:inspectiondate": null, "fhrs:rating": null, "source:postcode": null, "note": null, "wikimedia_commons": null, "building:levels": null, "height": null, "historic:operator": null, "name:uk": null, "fhrs:local_authority_id": null, "addr:suburb": null, "fixme": null, "fhrs:confidence_management": null, "fhrs:hygiene": null, "fhrs:structural": null, "ref:GB:uprn": null, "roof:levels": null, "building:colour": null, "building:material": null, "roof:colour": null, "healthcare:for": null, "name:ar": null, "internet_access:fee": null, "source:addr:postcode": null, "short_name": null, "barrier": null, "type": null, "toilets:wheelchair": null, "nohousenumber": null, "official_name": null, "roof:shape": null, "fee": null, "old_name": null, "start_date": null, "not:addr:postcode": null, "operator:website": null, "internet_access:ssid": null, "number": null, "addr:floor": null, "level": null, "payment:cash": null, "payment:credit_cards": null, "payment:debit_cards": null, "reg_name": null, "was:name": null, "addr:village": null, "contact:email": null, "was:wikidata": null, "was:wikipedia": null }, "geometry": { "type": "Point", "coordinates": [ -0.1300121, 51.5145501 ] } },
{ "type": "Feature", "properties": { "osm_type": "node", "osm_id": 12924662500, "lon": -0.1360165, "lat": 51.5227136, "source_geometry_type": "Point", "addr:city": "London", "addr:housename": null, "addr:postcode": "W1T 7HA", "addr:street": "Tottenham Court Road", "amenity": "hospital", "healthcare": "hospital", "name": "Clinical Research Facility", "category": "healthcare_hospitals", "phone": null, "public": null, "website": null, "addr:country": null, "addr:county": null, "addr:place": null, "contact:phone": null, "contact:website": null, "fhrs:id": null, "operator": "University College London Hospitals NHS Foundation Trust", "addr:housenumber": "170", "description": null, "opening_hours": null, "email": null, "fax": null, "check_date": "2025-06-18", "healthcare:speciality": null, "source": null, "entrance": null, "wheelchair": null, "emergency": null, "internet_access": null, "operator:type": null, "ref:GB:cqc_location": "RRVCR", "ref:GB:nhs_ods": null, "operator:wikidata": null, "long_name": "National Institute for Health and Care Research UCLH Clinical Research Facility", "wikidata": null, "wikipedia": null, "alt_name": null, "loc_name": null, "beds": null, "source:addr": null, "landuse": null, "building": null, "image": null, "fhrs:authority": null, "fhrs:inspectiondate": null, "fhrs:rating": null, "source:postcode": null, "note": null, "wikimedia_commons": null, "building:levels": null, "height": null, "historic:operator": null, "name:uk": null, "fhrs:local_authority_id": null, "addr:suburb": null, "fixme": null, "fhrs:confidence_management": null, "fhrs:hygiene": null, "fhrs:structural": null, "ref:GB:uprn": null, "roof:levels": null, "building:colour": null, "building:material": null, "roof:colour": null, "healthcare:for": null, "name:ar": null, "internet_access:fee": null, "source:addr:postcode": null, "short_name": null, "barrier": null, "type": null, "toilets:wheelchair": null, "nohousenumber": null, "official_name": null, "roof:shape": null, "fee": null, "old_name": null, "start_date": null, "not:addr:postcode": null, "operator:website": null, "internet_access:ssid": null, "number": null, "addr:floor": null, "level": null, "payment:cash": null, "payment:credit_cards": null, "payment:debit_cards": null, "reg_name": null, "was:name": null, "addr:village": null, "contact:email": null, "was:wikidata": null, "was:wikipedia": null }, "geometry": { "type": "Point", "coordinates": [ -0.1360165, 51.5227136 ] } },
{ "type": "Feature", "properties": { "osm_type": "node", "osm_id": 13006104317, "lon": -0.1403723, "lat": 51.5234503, "source_geometry_type": "Point", "addr:city": "London", "addr:housename": "Saint Luke's House", "addr:postcode": null, "addr:street": "Fitzroy Square", "amenity": "hospital", "healthcare": "hospital", "name": "Sleep & Health Clinic", "category": "healthcare_hospitals", "phone": null, "public": null, "website": null, "addr:country": null, "addr:county": null, "addr:place": null, "contact:phone": null, "contact:website": null, "fhrs:id": null, "operator": "Sleep & Health Clinic ltd", "addr:housenumber": "13-14", "description": null, "opening_hours": null, "email": null, "fax": null, "check_date": null, "healthcare:speciality": null, "source": null, "entrance": null, "wheelchair": null, "emergency": null, "internet_access": null, "operator:type": null, "ref:GB:cqc_location": null, "ref:GB:nhs_ods": null, "operator:wikidata": null, "long_name": null, "wikidata": null, "wikipedia": null, "alt_name": null, "loc_name": null, "beds": null, "source:addr": null, "landuse": null, "building": null, "image": null, "fhrs:authority": null, "fhrs:inspectiondate": null, "fhrs:rating": null, "source:postcode": null, "note": null, "wikimedia_commons": null, "building:levels": null, "height": null, "historic:operator": null, "name:uk": null, "fhrs:local_authority_id": null, "addr:suburb": null, "fixme": null, "fhrs:confidence_management": null, "fhrs:hygiene": null, "fhrs:structural": null, "ref:GB:uprn": null, "roof:levels": null, "building:colour": null, "building:material": null, "roof:colour": null, "healthcare:for": null, "name:ar": null, "internet_access:fee": null, "source:addr:postcode": null, "short_name": null, "barrier": null, "type": null, "toilets:wheelchair": null, "nohousenumber": null, "official_name": null, "roof:shape": null, "fee": null, "old_name": null, "start_date": null, "not:addr:postcode": null, "operator:website": null, "internet_access:ssid": null, "number": null, "addr:floor": null, "level": null, "payment:cash": null, "payment:credit_cards": null, "payment:debit_cards": null, "reg_name": null, "was:name": null, "addr:village": null, "contact:email": null, "was:wikidata": null, "was:wikipedia": null }, "geometry": { "type": "Point", "coordinates": [ -0.1403723, 51.5234503 ] } },
{ "type": "Feature", "properties": { "osm_type": "node", "osm_id": 13262025383, "lon": 0.0367652, "lat": 51.5229852, "source_geometry_type": "Point", "addr:city": "London", "addr:housename": "Newham Neonatal Unit, 1st Floor, Zone 2", "addr:postcode": "E13 8SL", "addr:street": "Glen Road", "amenity": "hospital", "healthcare": "hospital", "name": "Neonatal Unit, L1 Z2", "category": "healthcare_hospitals", "phone": null, "public": null, "website": null, "addr:country": null, "addr:county": null, "addr:place": null, "contact:phone": null, "contact:website": null, "fhrs:id": null, "operator": null, "addr:housenumber": null, "description": null, "opening_hours": null, "email": null, "fax": null, "check_date": null, "healthcare:speciality": "neonatology", "source": null, "entrance": null, "wheelchair": null, "emergency": "no", "internet_access": null, "operator:type": null, "ref:GB:cqc_location": null, "ref:GB:nhs_ods": null, "operator:wikidata": null, "long_name": null, "wikidata": null, "wikipedia": null, "alt_name": null, "loc_name": null, "beds": null, "source:addr": null, "landuse": null, "building": null, "image": null, "fhrs:authority": null, "fhrs:inspectiondate": null, "fhrs:rating": null, "source:postcode": null, "note": null, "wikimedia_commons": null, "building:levels": null, "height": null, "historic:operator": null, "name:uk": null, "fhrs:local_authority_id": null, "addr:suburb": null, "fixme": null, "fhrs:confidence_management": null, "fhrs:hygiene": null, "fhrs:structural": null, "ref:GB:uprn": null, "roof:levels": null, "building:colour": null, "building:material": null, "roof:colour": null, "healthcare:for": null, "name:ar": null, "internet_access:fee": null, "source:addr:postcode": null, "short_name": null, "barrier": null, "type": null, "toilets:wheelchair": null, "nohousenumber": null, "official_name": null, "roof:shape": null, "fee": null, "old_name": null, "start_date": null, "not:addr:postcode": null, "operator:website": null, "internet_access:ssid": null, "number": null, "addr:floor": null, "level": null, "payment:cash": null, "payment:credit_cards": null, "payment:debit_cards": null, "reg_name": null, "was:name": null, "addr:village": null, "contact:email": null, "was:wikidata": null, "was:wikipedia": null }, "geometry": { "type": "Point", "coordinates": [ 0.0367652, 51.5229852 ] } },
{ "type": "Feature", "properties": { "osm_type": "node", "osm_id": 13262504860, "lon": 0.0343603, "lat": 51.5229803, "source_geometry_type": "Point", "addr:city": null, "addr:housename": null, "addr:postcode": null, "addr:street": null, "amenity": "hospital", "healthcare": "hospital", "name": "A&E Department", "category": "healthcare_hospitals", "phone": null, "public": null, "website": null, "addr:country": null, "addr:county": null, "addr:place": null, "contact:phone": null, "contact:website": null, "fhrs:id": null, "operator": null, "addr:housenumber": null, "description": null, "opening_hours": null, "email": null, "fax": null, "check_date": null, "healthcare:speciality": null, "source": null, "entrance": null, "wheelchair": null, "emergency": "yes", "internet_access": null, "operator:type": null, "ref:GB:cqc_location": null, "ref:GB:nhs_ods": null, "operator:wikidata": null, "long_name": null, "wikidata": null, "wikipedia": null, "alt_name": null, "loc_name": null, "beds": null, "source:addr": null, "landuse": null, "building": null, "image": null, "fhrs:authority": null, "fhrs:inspectiondate": null, "fhrs:rating": null, "source:postcode": null, "note": null, "wikimedia_commons": null, "building:levels": null, "height": null, "historic:operator": null, "name:uk": null, "fhrs:local_authority_id": null, "addr:suburb": null, "fixme": null, "fhrs:confidence_management": null, "fhrs:hygiene": null, "fhrs:structural": null, "ref:GB:uprn": null, "roof:levels": null, "building:colour": null, "building:material": null, "roof:colour": null, "healthcare:for": null, "name:ar": null, "internet_access:fee": null, "source:addr:postcode": null, "short_name": null, "barrier": null, "type": null, "toilets:wheelchair": null, "nohousenumber": null, "official_name": null, "roof:shape": null, "fee": null, "old_name": null, "start_date": null, "not:addr:postcode": null, "operator:website": null, "internet_access:ssid": null, "number": null, "addr:floor": null, "level": null, "payment:cash": null, "payment:credit_cards": null, "payment:debit_cards": null, "reg_name": null, "was:name": null, "addr:village": null, "contact:email": null, "was:wikidata": null, "was:wikipedia": null }, "geometry": { "type": "Point", "coordinates": [ 0.0343603, 51.5229803 ] } },
{ "type": "Feature", "properties": { "osm_type": "node", "osm_id": 13262504861, "lon": 0.0350684, "lat": 51.5233041, "source_geometry_type": "Point", "addr:city": null, "addr:housename": null, "addr:postcode": null, "addr:street": null, "amenity": "hospital", "healthcare": "hospital", "name": "Rainbow Ward", "category": "healthcare_hospitals", "phone": null, "public": null, "website": null, "addr:country": null, "addr:county": null, "addr:place": null, "contact:phone": null, "contact:website": null, "fhrs:id": null, "operator": null, "addr:housenumber": null, "description": null, "opening_hours": null, "email": null, "fax": null, "check_date": null, "healthcare:speciality": null, "source": null, "entrance": null, "wheelchair": null, "emergency": null, "internet_access": null, "operator:type": null, "ref:GB:cqc_location": null, "ref:GB:nhs_ods": null, "operator:wikidata": null, "long_name": null, "wikidata": null, "wikipedia": null, "alt_name": null, "loc_name": null, "beds": null, "source:addr": null, "landuse": null, "building": null, "image": null, "fhrs:authority": null, "fhrs:inspectiondate": null, "fhrs:rating": null, "source:postcode": null, "note": null, "wikimedia_commons": null, "building:levels": null, "height": null, "historic:operator": null, "name:uk": null, "fhrs:local_authority_id": null, "addr:suburb": null, "fixme": null, "fhrs:confidence_management": null, "fhrs:hygiene": null, "fhrs:structural": null, "ref:GB:uprn": null, "roof:levels": null, "building:colour": null, "building:material": null, "roof:colour": null, "healthcare:for": null, "name:ar": null, "internet_access:fee": null, "source:addr:postcode": null, "short_name": null, "barrier": null, "type": null, "toilets:wheelchair": null, "nohousenumber": null, "official_name": null, "roof:shape": null, "fee": null, "old_name": null, "start_date": null, "not:addr:postcode": null, "operator:website": null, "internet_access:ssid": null, "number": null, "addr:floor": null, "level": null, "payment:cash": null, "payment:credit_cards": null, "payment:debit_cards": null, "reg_name": null, "was:name": null, "addr:village": null, "contact:email": null, "was:wikidata": null, "was:wikipedia": null }, "geometry": { "type": "Point", "coordinates": [ 0.0350684, 51.5233041 ] } },
{ "type": "Feature", "properties": { "osm_type": "node", "osm_id": 13436406358, "lon": -0.0898754, "lat": 51.5346809, "source_geometry_type": "Point", "addr:city": "London", "addr:housename": null, "addr:postcode": "N1 7TX", "addr:street": "Bracklyn Street", "amenity": "hospital", "healthcare": "hospital", "name": "Moorfields at Hoxton", "category": "healthcare_hospitals", "phone": null, "public": null, "website": "https://www.moorfields.nhs.uk/locations/moorfields-hoxton", "addr:country": null, "addr:county": null, "addr:place": null, "contact:phone": null, "contact:website": null, "fhrs:id": null, "operator": "Moorfields Eye Hospital", "addr:housenumber": "1 & 5", "description": null, "opening_hours": null, "email": null, "fax": null, "check_date": null, "healthcare:speciality": "ophthalmology", "source": null, "entrance": null, "wheelchair": null, "emergency": null, "internet_access": null, "operator:type": "public", "ref:GB:cqc_location": null, "ref:GB:nhs_ods": null, "operator:wikidata": null, "long_name": null, "wikidata": null, "wikipedia": null, "alt_name": null, "loc_name": null, "beds": null, "source:addr": null, "landuse": null, "building": null, "image": null, "fhrs:authority": null, "fhrs:inspectiondate": null, "fhrs:rating": null, "source:postcode": null, "note": null, "wikimedia_commons": null, "building:levels": null, "height": null, "historic:operator": null, "name:uk": null, "fhrs:local_authority_id": null, "addr:suburb": null, "fixme": null, "fhrs:confidence_management": null, "fhrs:hygiene": null, "fhrs:structural": null, "ref:GB:uprn": null, "roof:levels": null, "building:colour": null, "building:material": null, "roof:colour": null, "healthcare:for": null, "name:ar": null, "internet_access:fee": null, "source:addr:postcode": null, "short_name": null, "barrier": null, "type": null, "toilets:wheelchair": null, "nohousenumber": null, "official_name": null, "roof:shape": null, "fee": null, "old_name": null, "start_date": null, "not:addr:postcode": null, "operator:website": null, "internet_access:ssid": null, "number": null, "addr:floor": null, "level": null, "payment:cash": null, "payment:credit_cards": null, "payment:debit_cards": null, "reg_name": null, "was:name": null, "addr:village": null, "contact:email": null, "was:wikidata": null, "was:wikipedia": null }, "geometry": { "type": "Point", "coordinates": [ -0.0898754, 51.5346809 ] } },
{ "type": "Feature", "properties": { "osm_type": "way", "osm_id": 4211785, "lon": -0.08786791246519822, "lat": 51.58008895, "source_geometry_type": "MultiPolygon", "addr:city": "London", "addr:housename": null, "addr:postcode": "N15 3TH", "addr:street": "St Ann's Road", "amenity": "hospital", "healthcare": "hospital", "name": "St Ann's Hospital", "category": "healthcare_hospitals", "phone": null, "public": null, "website": null, "addr:country": "GB", "addr:county": null, "addr:place": null, "contact:phone": null, "contact:website": null, "fhrs:id": null, "operator": null, "addr:housenumber": null, "description": null, "opening_hours": null, "email": null, "fax": null, "check_date": null, "healthcare:speciality": null, "source": null, "entrance": null, "wheelchair": null, "emergency": "no", "internet_access": null, "operator:type": null, "ref:GB:cqc_location": null, "ref:GB:nhs_ods": null, "operator:wikidata": null, "long_name": null, "wikidata": "Q7592462", "wikipedia": "en:St Ann's Hospital", "alt_name": null, "loc_name": null, "beds": null, "source:addr": null, "landuse": null, "building": null, "image": null, "fhrs:authority": null, "fhrs:inspectiondate": null, "fhrs:rating": null, "source:postcode": null, "note": null, "wikimedia_commons": null, "building:levels": null, "height": null, "historic:operator": null, "name:uk": null, "fhrs:local_authority_id": null, "addr:suburb": null, "fixme": null, "fhrs:confidence_management": null, "fhrs:hygiene": null, "fhrs:structural": null, "ref:GB:uprn": null, "roof:levels": null, "building:colour": null, "building:material": null, "roof:colour": null, "healthcare:for": null, "name:ar": null, "internet_access:fee": null, "source:addr:postcode": null, "short_name": null, "barrier": null, "type": null, "toilets:wheelchair": null, "nohousenumber": null, "official_name": null, "roof:shape": null, "fee": null, "old_name": null, "start_date": null, "not:addr:postcode": null, "operator:website": null, "internet_access:ssid": null, "number": null, "addr:floor": null, "level": null, "payment:cash": null, "payment:credit_cards": null, "payment:debit_cards": null, "reg_name": null, "was:name": null, "addr:village": null, "contact:email": null, "was:wikidata": null, "was:wikipedia": null }, "geometry": { "type": "Point", "coordinates": [ -0.087867912465198, 51.58008895 ] } },
{ "type": "Feature", "properties": { "osm_type": "way", "osm_id": 4271138, "lon": -0.073616732950306074, "lat": 51.61275585, "source_geometry_type": "MultiPolygon", "addr:city": null, "addr:housename": null, "addr:postcode": null, "addr:street": null, "amenity": "hospital", "healthcare": "hospital", "name": "North Middlesex University Hospital", "category": "healthcare_hospitals", "phone": null, "public": null, "website": "https://www.royalfree.nhs.uk/our-locations/north-middlesex-university-hospital", "addr:country": null, "addr:county": null, "addr:place": null, "contact:phone": null, "contact:website": null, "fhrs:id": null, "operator": null, "addr:housenumber": null, "description": null, "opening_hours": null, "email": null, "fax": null, "check_date": null, "healthcare:speciality": null, "source": null, "entrance": null, "wheelchair": null, "emergency": "yes", "internet_access": null, "operator:type": null, "ref:GB:cqc_location": null, "ref:GB:nhs_ods": null, "operator:wikidata": null, "long_name": null, "wikidata": "Q7056104", "wikipedia": "en:North Middlesex University Hospital", "alt_name": "North Middlesex Hospital", "loc_name": "North Mid", "beds": null, "source:addr": null, "landuse": null, "building": null, "image": null, "fhrs:authority": null, "fhrs:inspectiondate": null, "fhrs:rating": null, "source:postcode": null, "note": null, "wikimedia_commons": null, "building:levels": null, "height": null, "historic:operator": null, "name:uk": null, "fhrs:local_authority_id": null, "addr:suburb": null, "fixme": null, "fhrs:confidence_management": null, "fhrs:hygiene": null, "fhrs:structural": null, "ref:GB:uprn": null, "roof:levels": null, "building:colour": null, "building:material": null, "roof:colour": null, "healthcare:for": null, "name:ar": null, "internet_access:fee": null, "source:addr:postcode": null, "short_name": null, "barrier": null, "type": null, "toilets:wheelchair": null, "nohousenumber": null, "official_name": null, "roof:shape": null, "fee": null, "old_name": null, "start_date": null, "not:addr:postcode": null, "operator:website": null, "internet_access:ssid": null, "number": null, "addr:floor": null, "level": null, "payment:cash": null, "payment:credit_cards": null, "payment:debit_cards": null, "reg_name": null, "was:name": null, "addr:village": null, "contact:email": null, "was:wikidata": null, "was:wikipedia": null }, "geometry": { "type": "Point", "coordinates": [ -0.073616732950306, 51.61275585 ] } },
{ "type": "Feature", "properties": { "osm_type": "way", "osm_id": 4356408, "lon": -0.16315830636309064, "lat": 51.39751415, "source_geometry_type": "MultiPolygon", "addr:city": "Mitcham", "addr:housename": null, "addr:postcode": "CR4 4TP", "addr:street": "Cranmer Road", "amenity": "hospital", "healthcare": "hospital", "name": "The Wilson Hospital", "category": "healthcare_hospitals", "phone": "+44 20 8648 3021", "public": null, "website": "https://www.clch.nhs.uk/locations/wilson-hospital.aspx", "addr:country": "GB", "addr:county": null, "addr:place": null, "contact:phone": null, "contact:website": null, "fhrs:id": null, "operator": "NHS", "addr:housenumber": null, "description": null, "opening_hours": null, "email": null, "fax": null, "check_date": null, "healthcare:speciality": null, "source": null, "entrance": null, "wheelchair": null, "emergency": null, "internet_access": null, "operator:type": "public", "ref:GB:cqc_location": null, "ref:GB:nhs_ods": null, "operator:wikidata": "Q918396", "long_name": null, "wikidata": null, "wikipedia": null, "alt_name": null, "loc_name": "The Wilson", "beds": null, "source:addr": null, "landuse": null, "building": null, "image": null, "fhrs:authority": null, "fhrs:inspectiondate": null, "fhrs:rating": null, "source:postcode": null, "note": null, "wikimedia_commons": null, "building:levels": null, "height": null, "historic:operator": null, "name:uk": null, "fhrs:local_authority_id": null, "addr:suburb": null, "fixme": null, "fhrs:confidence_management": null, "fhrs:hygiene": null, "fhrs:structural": null, "ref:GB:uprn": null, "roof:levels": null, "building:colour": null, "building:material": null, "roof:colour": null, "healthcare:for": null, "name:ar": null, "internet_access:fee": null, "source:addr:postcode": null, "short_name": null, "barrier": null, "type": null, "toilets:wheelchair": null, "nohousenumber": null, "official_name": null, "roof:shape": null, "fee": null, "old_name": null, "start_date": null, "not:addr:postcode": null, "operator:website": null, "internet_access:ssid": null, "number": null, "addr:floor": null, "level": null, "payment:cash": null, "payment:credit_cards": null, "payment:debit_cards": null, "reg_name": null, "was:name": null, "addr:village": null, "contact:email": null, "was:wikidata": null, "was:wikipedia": null }, "geometry": { "type": "Point", "coordinates": [ -0.163158306363091, 51.39751415 ] } },
{ "type": "Feature", "properties": { "osm_type": "way", "osm_id": 4363883, "lon": -0.23622437089891515, "lat": 51.5176352, "source_geometry_type": "MultiPolygon", "addr:city": null, "addr:housename": null, "addr:postcode": null, "addr:street": null, "amenity": "hospital", "healthcare": "hospital", "name": "Hammersmith Hospital", "category": "healthcare_hospitals", "phone": null, "public": null, "website": null, "addr:country": null, "addr:county": null, "addr:place": null, "contact:phone": null, "contact:website": null, "fhrs:id": null, "operator": null, "addr:housenumber": null, "description": null, "opening_hours": null, "email": null, "fax": null, "check_date": null, "healthcare:speciality": null, "source": null, "entrance": null, "wheelchair": "yes", "emergency": null, "internet_access": null, "operator:type": null, "ref:GB:cqc_location": null, "ref:GB:nhs_ods": null, "operator:wikidata": null, "long_name": null, "wikidata": "Q5645747", "wikipedia": null, "alt_name": null, "loc_name": null, "beds": null, "source:addr": null, "landuse": null, "building": null, "image": null, "fhrs:authority": null, "fhrs:inspectiondate": null, "fhrs:rating": null, "source:postcode": null, "note": null, "wikimedia_commons": null, "building:levels": null, "height": null, "historic:operator": null, "name:uk": null, "fhrs:local_authority_id": null, "addr:suburb": null, "fixme": null, "fhrs:confidence_management": null, "fhrs:hygiene": null, "fhrs:structural": null, "ref:GB:uprn": null, "roof:levels": null, "building:colour": null, "building:material": null, "roof:colour": null, "healthcare:for": null, "name:ar": null, "internet_access:fee": null, "source:addr:postcode": null, "short_name": null, "barrier": null, "type": null, "toilets:wheelchair": null, "nohousenumber": null, "official_name": null, "roof:shape": null, "fee": null, "old_name": null, "start_date": null, "not:addr:postcode": null, "operator:website": null, "internet_access:ssid": null, "number": null, "addr:floor": null, "level": null, "payment:cash": null, "payment:credit_cards": null, "payment:debit_cards": null, "reg_name": null, "was:name": null, "addr:village": null, "contact:email": null, "was:wikidata": null, "was:wikipedia": null }, "geometry": { "type": "Point", "coordinates": [ -0.236224370898915, 51.5176352 ] } },
{ "type": "Feature", "properties": { "osm_type": "way", "osm_id": 4379364, "lon": -0.21423324791209003, "lat": 51.6507787, "source_geometry_type": "MultiPolygon", "addr:city": "Barnet", "addr:housename": null, "addr:postcode": "EN5 3DJ", "addr:street": "Wellhouse Lane", "amenity": "hospital", "healthcare": "hospital", "name": "Barnet Hospital", "category": "healthcare_hospitals", "phone": null, "public": null, "website": null, "addr:country": null, "addr:county": null, "addr:place": null, "contact:phone": null, "contact:website": null, "fhrs:id": null, "operator": null, "addr:housenumber": null, "description": null, "opening_hours": null, "email": null, "fax": null, "check_date": null, "healthcare:speciality": null, "source": null, "entrance": null, "wheelchair": null, "emergency": "yes", "internet_access": null, "operator:type": null, "ref:GB:cqc_location": null, "ref:GB:nhs_ods": null, "operator:wikidata": null, "long_name": null, "wikidata": "Q4861607", "wikipedia": null, "alt_name": null, "loc_name": null, "beds": null, "source:addr": null, "landuse": null, "building": null, "image": null, "fhrs:authority": null, "fhrs:inspectiondate": null, "fhrs:rating": null, "source:postcode": null, "note": null, "wikimedia_commons": null, "building:levels": null, "height": null, "historic:operator": null, "name:uk": null, "fhrs:local_authority_id": null, "addr:suburb": null, "fixme": null, "fhrs:confidence_management": null, "fhrs:hygiene": null, "fhrs:structural": null, "ref:GB:uprn": null, "roof:levels": null, "building:colour": null, "building:material": null, "roof:colour": null, "healthcare:for": null, "name:ar": null, "internet_access:fee": null, "source:addr:postcode": null, "short_name": null, "barrier": null, "type": null, "toilets:wheelchair": null, "nohousenumber": null, "official_name": null, "roof:shape": null, "fee": null, "old_name": null, "start_date": null, "not:addr:postcode": null, "operator:website": null, "internet_access:ssid": null, "number": null, "addr:floor": null, "level": null, "payment:cash": null, "payment:credit_cards": null, "payment:debit_cards": null, "reg_name": null, "was:name": null, "addr:village": null, "contact:email": null, "was:wikidata": null, "was:wikipedia": null }, "geometry": { "type": "Point", "coordinates": [ -0.21423324791209, 51.6507787 ] } },
{ "type": "Feature", "properties": { "osm_type": "way", "osm_id": 4536914, "lon": -0.1758360142029976, "lat": 51.426433, "source_geometry_type": "MultiPolygon", "addr:city": "London", "addr:housename": null, "addr:postcode": "SW17 0QT", "addr:street": "Blackshaw Road", "amenity": "hospital", "healthcare": "hospital", "name": "St George's Hospital", "category": "healthcare_hospitals", "phone": null, "public": null, "website": null, "addr:country": null, "addr:county": null, "addr:place": null, "contact:phone": "+44 20 8672 1255", "contact:website": "http://www.stgeorges.nhs.uk", "fhrs:id": "298392", "operator": "St George's University Hospitals NHS Foundation Trust", "addr:housenumber": null, "description": null, "opening_hours": null, "email": null, "fax": null, "check_date": null, "healthcare:speciality": "general;emergency;trauma;neurology;intensive;gynaecology;cardiology;anaesthetics", "source": null, "entrance": null, "wheelchair": null, "emergency": "yes", "internet_access": null, "operator:type": "public", "ref:GB:cqc_location": null, "ref:GB:nhs_ods": null, "operator:wikidata": "Q7593174", "long_name": null, "wikidata": "Q3495316", "wikipedia": "en:St George's Hospital", "alt_name": null, "loc_name": null, "beds": "1300", "source:addr": "FHRS Open Data", "landuse": null, "building": null, "image": null, "fhrs:authority": null, "fhrs:inspectiondate": null, "fhrs:rating": null, "source:postcode": null, "note": null, "wikimedia_commons": null, "building:levels": null, "height": null, "historic:operator": null, "name:uk": null, "fhrs:local_authority_id": null, "addr:suburb": null, "fixme": null, "fhrs:confidence_management": null, "fhrs:hygiene": null, "fhrs:structural": null, "ref:GB:uprn": null, "roof:levels": null, "building:colour": null, "building:material": null, "roof:colour": null, "healthcare:for": null, "name:ar": null, "internet_access:fee": null, "source:addr:postcode": null, "short_name": null, "barrier": null, "type": null, "toilets:wheelchair": null, "nohousenumber": null, "official_name": null, "roof:shape": null, "fee": null, "old_name": null, "start_date": null, "not:addr:postcode": null, "operator:website": null, "internet_access:ssid": null, "number": null, "addr:floor": null, "level": null, "payment:cash": null, "payment:credit_cards": null, "payment:debit_cards": null, "reg_name": null, "was:name": null, "addr:village": null, "contact:email": null, "was:wikidata": null, "was:wikipedia": null }, "geometry": { "type": "Point", "coordinates": [ -0.175836014202998, 51.426433 ] } },
{ "type": "Feature", "properties": { "osm_type": "way", "osm_id": 4822314, "lon": -0.18427821573317915, "lat": 51.3803766, "source_geometry_type": "MultiPolygon", "addr:city": "Carshalton", "addr:housename": null, "addr:postcode": "SM5 1AA", "addr:street": "Wrythe Lane", "amenity": "hospital", "healthcare": "hospital", "name": "St. Helier Hospital", "category": "healthcare_hospitals", "phone": "+44 20 8296 2000", "public": null, "website": "https://www.epsom-sthelier.nhs.uk/", "addr:country": null, "addr:county": null, "addr:place": null, "contact:phone": null, "contact:website": null, "fhrs:id": null, "operator": "Epsom and St Helier University Hospitals NHS Trust", "addr:housenumber": null, "description": null, "opening_hours": null, "email": null, "fax": null, "check_date": "2025-10-13", "healthcare:speciality": null, "source": null, "entrance": null, "wheelchair": "yes", "emergency": "yes", "internet_access": null, "operator:type": "public", "ref:GB:cqc_location": null, "ref:GB:nhs_ods": null, "operator:wikidata": null, "long_name": null, "wikidata": "Q7593367", "wikipedia": null, "alt_name": null, "loc_name": null, "beds": null, "source:addr": null, "landuse": null, "building": null, "image": null, "fhrs:authority": null, "fhrs:inspectiondate": null, "fhrs:rating": null, "source:postcode": null, "note": null, "wikimedia_commons": null, "building:levels": null, "height": null, "historic:operator": null, "name:uk": null, "fhrs:local_authority_id": null, "addr:suburb": null, "fixme": null, "fhrs:confidence_management": null, "fhrs:hygiene": null, "fhrs:structural": null, "ref:GB:uprn": null, "roof:levels": null, "building:colour": null, "building:material": null, "roof:colour": null, "healthcare:for": null, "name:ar": null, "internet_access:fee": null, "source:addr:postcode": null, "short_name": null, "barrier": null, "type": null, "toilets:wheelchair": null, "nohousenumber": null, "official_name": null, "roof:shape": null, "fee": null, "old_name": null, "start_date": null, "not:addr:postcode": null, "operator:website": null, "internet_access:ssid": null, "number": null, "addr:floor": null, "level": null, "payment:cash": null, "payment:credit_cards": null, "payment:debit_cards": null, "reg_name": null, "was:name": null, "addr:village": null, "contact:email": null, "was:wikidata": null, "was:wikipedia": null }, "geometry": { "type": "Point", "coordinates": [ -0.184278215733179, 51.3803766 ] } },
{ "type": "Feature", "properties": { "osm_type": "way", "osm_id": 4907493, "lon": -0.25586387630546836, "lat": 51.4671869, "source_geometry_type": "MultiPolygon", "addr:city": "London", "addr:housename": null, "addr:postcode": "SW14 8SU", "addr:street": "South Worple Way", "amenity": "hospital", "healthcare": "hospital", "name": "Barnes Hospital", "category": "healthcare_hospitals", "phone": null, "public": null, "website": null, "addr:country": null, "addr:county": null, "addr:place": null, "contact:phone": null, "contact:website": null, "fhrs:id": null, "operator": null, "addr:housenumber": null, "description": null, "opening_hours": null, "email": null, "fax": null, "check_date": null, "healthcare:speciality": null, "source": null, "entrance": null, "wheelchair": null, "emergency": null, "internet_access": null, "operator:type": null, "ref:GB:cqc_location": null, "ref:GB:nhs_ods": null, "operator:wikidata": null, "long_name": null, "wikidata": "Q16983704", "wikipedia": "en:Barnes Hospital, London", "alt_name": null, "loc_name": null, "beds": null, "source:addr": null, "landuse": null, "building": null, "image": null, "fhrs:authority": null, "fhrs:inspectiondate": null, "fhrs:rating": null, "source:postcode": null, "note": null, "wikimedia_commons": null, "building:levels": null, "height": null, "historic:operator": null, "name:uk": null, "fhrs:local_authority_id": null, "addr:suburb": null, "fixme": null, "fhrs:confidence_management": null, "fhrs:hygiene": null, "fhrs:structural": null, "ref:GB:uprn": null, "roof:levels": null, "building:colour": null, "building:material": null, "roof:colour": null, "healthcare:for": null, "name:ar": null, "internet_access:fee": null, "source:addr:postcode": null, "short_name": null, "barrier": null, "type": null, "toilets:wheelchair": null, "nohousenumber": null, "official_name": null, "roof:shape": null, "fee": null, "old_name": null, "start_date": null, "not:addr:postcode": null, "operator:website": null, "internet_access:ssid": null, "number": null, "addr:floor": null, "level": null, "payment:cash": null, "payment:credit_cards": null, "payment:debit_cards": null, "reg_name": null, "was:name": null, "addr:village": null, "contact:email": null, "was:wikidata": null, "was:wikipedia": null }, "geometry": { "type": "Point", "coordinates": [ -0.255863876305468, 51.4671869 ] } },
{ "type": "Feature", "properties": { "osm_type": "way", "osm_id": 6134866, "lon": -0.32152798404267352, "lat": 51.57518005, "source_geometry_type": "MultiPolygon", "addr:city": "Harrow", "addr:housename": "Northwick Park Hospital", "addr:postcode": "HA1 3UJ", "addr:street": "Watford Road", "amenity": "hospital", "healthcare": "hospital", "name": "Northwick Park Hospital", "category": "healthcare_hospitals", "phone": "+44 20 8864 3232", "public": null, "website": null, "addr:country": "GB", "addr:county": null, "addr:place": null, "contact:phone": null, "contact:website": null, "fhrs:id": null, "operator": null, "addr:housenumber": null, "description": null, "opening_hours": null, "email": null, "fax": null, "check_date": null, "healthcare:speciality": null, "source": null, "entrance": null, "wheelchair": "yes", "emergency": "yes", "internet_access": null, "operator:type": null, "ref:GB:cqc_location": null, "ref:GB:nhs_ods": null, "operator:wikidata": null, "long_name": null, "wikidata": "Q7060443", "wikipedia": "en:Northwick Park Hospital", "alt_name": null, "loc_name": null, "beds": null, "source:addr": null, "landuse": null, "building": null, "image": null, "fhrs:authority": null, "fhrs:inspectiondate": null, "fhrs:rating": null, "source:postcode": null, "note": null, "wikimedia_commons": null, "building:levels": null, "height": null, "historic:operator": null, "name:uk": null, "fhrs:local_authority_id": null, "addr:suburb": null, "fixme": null, "fhrs:confidence_management": null, "fhrs:hygiene": null, "fhrs:structural": null, "ref:GB:uprn": null, "roof:levels": null, "building:colour": null, "building:material": null, "roof:colour": null, "healthcare:for": null, "name:ar": null, "internet_access:fee": null, "source:addr:postcode": null, "short_name": null, "barrier": null, "type": null, "toilets:wheelchair": null, "nohousenumber": null, "official_name": null, "roof:shape": null, "fee": null, "old_name": null, "start_date": null, "not:addr:postcode": null, "operator:website": null, "internet_access:ssid": null, "number": null, "addr:floor": null, "level": null, "payment:cash": null, "payment:credit_cards": null, "payment:debit_cards": null, "reg_name": null, "was:name": null, "addr:village": null, "contact:email": null, "was:wikidata": null, "was:wikipedia": null }, "geometry": { "type": "Point", "coordinates": [ -0.321527984042674, 51.57518005 ] } },
{ "type": "Feature", "properties": { "osm_type": "way", "osm_id": 7954585, "lon": 0.10390418273417693, "lat": 51.41885325, "source_geometry_type": "MultiPolygon", "addr:city": null, "addr:housename": null, "addr:postcode": "DA14 6LT", "addr:street": "Frognal Avenue", "amenity": "hospital", "healthcare": "hospital", "name": "Queen Mary's Hospital", "category": "healthcare_hospitals", "phone": null, "public": null, "website": null, "addr:country": null, "addr:county": null, "addr:place": null, "contact:phone": null, "contact:website": null, "fhrs:id": "765937", "operator": null, "addr:housenumber": null, "description": null, "opening_hours": null, "email": null, "fax": null, "check_date": null, "healthcare:speciality": null, "source": null, "entrance": null, "wheelchair": null, "emergency": null, "internet_access": null, "operator:type": null, "ref:GB:cqc_location": null, "ref:GB:nhs_ods": null, "operator:wikidata": null, "long_name": null, "wikidata": "Q7270448", "wikipedia": null, "alt_name": null, "loc_name": null, "beds": null, "source:addr": "FHRS Open Data", "landuse": "industrial", "building": null, "image": null, "fhrs:authority": null, "fhrs:inspectiondate": null, "fhrs:rating": null, "source:postcode": null, "note": null, "wikimedia_commons": null, "building:levels": null, "height": null, "historic:operator": null, "name:uk": null, "fhrs:local_authority_id": null, "addr:suburb": null, "fixme": null, "fhrs:confidence_management": null, "fhrs:hygiene": null, "fhrs:structural": null, "ref:GB:uprn": null, "roof:levels": null, "building:colour": null, "building:material": null, "roof:colour": null, "healthcare:for": null, "name:ar": null, "internet_access:fee": null, "source:addr:postcode": null, "short_name": null, "barrier": null, "type": null, "toilets:wheelchair": null, "nohousenumber": null, "official_name": null, "roof:shape": null, "fee": null, "old_name": null, "start_date": null, "not:addr:postcode": null, "operator:website": null, "internet_access:ssid": null, "number": null, "addr:floor": null, "level": null, "payment:cash": null, "payment:credit_cards": null, "payment:debit_cards": null, "reg_name": null, "was:name": null, "addr:village": null, "contact:email": null, "was:wikidata": null, "was:wikipedia": null }, "geometry": { "type": "Point", "coordinates": [ 0.103904182734177, 51.41885325 ] } },
{ "type": "Feature", "properties": { "osm_type": "way", "osm_id": 8684419, "lon": -0.10557611576911126, "lat": 51.66791135, "source_geometry_type": "MultiPolygon", "addr:city": "Enfield", "addr:housename": "The Kings Oak", "addr:postcode": "EN2 8SD", "addr:street": "The Ridgeway", "amenity": null, "healthcare": "hospital", "name": "BMI The Kings Oak Hospital", "category": "healthcare_hospitals", "phone": "+44 20 8370 9500", "public": null, "website": "https://www.bmihealthcare.co.uk/hospitals/bmi-the-kings-oak-hospital", "addr:country": null, "addr:county": null, "addr:place": null, "contact:phone": null, "contact:website": null, "fhrs:id": null, "operator": null, "addr:housenumber": null, "description": null, "opening_hours": null, "email": null, "fax": null, "check_date": null, "healthcare:speciality": null, "source": null, "entrance": null, "wheelchair": null, "emergency": "no", "internet_access": null, "operator:type": null, "ref:GB:cqc_location": null, "ref:GB:nhs_ods": null, "operator:wikidata": "Q5531938", "long_name": null, "wikidata": null, "wikipedia": null, "alt_name": null, "loc_name": null, "beds": null, "source:addr": null, "landuse": null, "building": "hospital", "image": null, "fhrs:authority": null, "fhrs:inspectiondate": null, "fhrs:rating": null, "source:postcode": null, "note": null, "wikimedia_commons": null, "building:levels": null, "height": null, "historic:operator": null, "name:uk": null, "fhrs:local_authority_id": null, "addr:suburb": null, "fixme": null, "fhrs:confidence_management": null, "fhrs:hygiene": null, "fhrs:structural": null, "ref:GB:uprn": null, "roof:levels": null, "building:colour": null, "building:material": null, "roof:colour": null, "healthcare:for": null, "name:ar": null, "internet_access:fee": null, "source:addr:postcode": null, "short_name": null, "barrier": null, "type": null, "toilets:wheelchair": null, "nohousenumber": null, "official_name": null, "roof:shape": null, "fee": null, "old_name": null, "start_date": null, "not:addr:postcode": null, "operator:website": null, "internet_access:ssid": null, "number": null, "addr:floor": null, "level": null, "payment:cash": null, "payment:credit_cards": null, "payment:debit_cards": null, "reg_name": null, "was:name": null, "addr:village": null, "contact:email": null, "was:wikidata": null, "was:wikipedia": null }, "geometry": { "type": "Point", "coordinates": [ -0.105576115769111, 51.66791135 ] } },
{ "type": "Feature", "properties": { "osm_type": "way", "osm_id": 20259708, "lon": -0.32003405352587222, "lat": 51.57592635, "source_geometry_type": "MultiPolygon", "addr:city": null, "addr:housename": null, "addr:postcode": null, "addr:street": null, "amenity": "hospital", "healthcare": "hospital", "name": "St Mark's", "category": "healthcare_hospitals", "phone": null, "public": null, "website": null, "addr:country": null, "addr:county": null, "addr:place": null, "contact:phone": null, "contact:website": null, "fhrs:id": null, "operator": null, "addr:housenumber": null, "description": null, "opening_hours": null, "email": null, "fax": null, "check_date": null, "healthcare:speciality": null, "source": null, "entrance": null, "wheelchair": null, "emergency": null, "internet_access": null, "operator:type": null, "ref:GB:cqc_location": null, "ref:GB:nhs_ods": null, "operator:wikidata": null, "long_name": null, "wikidata": "Q7589963", "wikipedia": null, "alt_name": null, "loc_name": null, "beds": null, "source:addr": null, "landuse": null, "building": null, "image": null, "fhrs:authority": null, "fhrs:inspectiondate": null, "fhrs:rating": null, "source:postcode": null, "note": null, "wikimedia_commons": null, "building:levels": null, "height": null, "historic:operator": null, "name:uk": null, "fhrs:local_authority_id": null, "addr:suburb": null, "fixme": null, "fhrs:confidence_management": null, "fhrs:hygiene": null, "fhrs:structural": null, "ref:GB:uprn": null, "roof:levels": null, "building:colour": null, "building:material": null, "roof:colour": null, "healthcare:for": null, "name:ar": null, "internet_access:fee": null, "source:addr:postcode": null, "short_name": null, "barrier": null, "type": null, "toilets:wheelchair": null, "nohousenumber": null, "official_name": null, "roof:shape": null, "fee": null, "old_name": null, "start_date": null, "not:addr:postcode": null, "operator:website": null, "internet_access:ssid": null, "number": null, "addr:floor": null, "level": null, "payment:cash": null, "payment:credit_cards": null, "payment:debit_cards": null, "reg_name": null, "was:name": null, "addr:village": null, "contact:email": null, "was:wikidata": null, "was:wikipedia": null }, "geometry": { "type": "Point", "coordinates": [ -0.320034053525872, 51.57592635 ] } },
{ "type": "Feature", "properties": { "osm_type": "way", "osm_id": 23088561, "lon": -0.2892074733476625, "lat": 51.37950155, "source_geometry_type": "MultiPolygon", "addr:city": "Surbiton", "addr:housename": null, "addr:postcode": "KT6 7QU", "addr:street": "Red Lion Road", "amenity": "hospital", "healthcare": "hospital", "name": "Tolworth Hospital", "category": "healthcare_hospitals", "phone": "+44 20 3513 5000", "public": null, "website": "https://www.swlstg.nhs.uk/", "addr:country": "GB", "addr:county": null, "addr:place": null, "contact:phone": null, "contact:website": null, "fhrs:id": null, "operator": "NHS", "addr:housenumber": null, "description": null, "opening_hours": null, "email": null, "fax": null, "check_date": null, "healthcare:speciality": null, "source": null, "entrance": null, "wheelchair": null, "emergency": "no", "internet_access": null, "operator:type": null, "ref:GB:cqc_location": null, "ref:GB:nhs_ods": null, "operator:wikidata": null, "long_name": null, "wikidata": "Q30292891", "wikipedia": null, "alt_name": null, "loc_name": null, "beds": null, "source:addr": null, "landuse": null, "building": null, "image": "https://commons.wikimedia.org/wiki/File:Tolworth_Hospital_sign.jpg", "fhrs:authority": null, "fhrs:inspectiondate": null, "fhrs:rating": null, "source:postcode": null, "note": null, "wikimedia_commons": null, "building:levels": null, "height": null, "historic:operator": null, "name:uk": null, "fhrs:local_authority_id": null, "addr:suburb": null, "fixme": null, "fhrs:confidence_management": null, "fhrs:hygiene": null, "fhrs:structural": null, "ref:GB:uprn": null, "roof:levels": null, "building:colour": null, "building:material": null, "roof:colour": null, "healthcare:for": null, "name:ar": null, "internet_access:fee": null, "source:addr:postcode": null, "short_name": null, "barrier": null, "type": null, "toilets:wheelchair": null, "nohousenumber": null, "official_name": null, "roof:shape": null, "fee": null, "old_name": null, "start_date": null, "not:addr:postcode": null, "operator:website": null, "internet_access:ssid": null, "number": null, "addr:floor": null, "level": null, "payment:cash": null, "payment:credit_cards": null, "payment:debit_cards": null, "reg_name": null, "was:name": null, "addr:village": null, "contact:email": null, "was:wikidata": null, "was:wikipedia": null }, "geometry": { "type": "Point", "coordinates": [ -0.289207473347663, 51.37950155 ] } },
{ "type": "Feature", "properties": { "osm_type": "way", "osm_id": 23109454, "lon": -0.28251023895176153, "lat": 51.41498435, "source_geometry_type": "MultiPolygon", "addr:city": "Kingston upon Thames", "addr:housename": null, "addr:postcode": "KT2 7QB", "addr:street": "Galsworthy Road", "amenity": "hospital", "healthcare": "hospital", "name": "Kingston Hospital", "category": "healthcare_hospitals", "phone": null, "public": null, "website": null, "addr:country": null, "addr:county": null, "addr:place": null, "contact:phone": null, "contact:website": null, "fhrs:id": "1385880", "operator": null, "addr:housenumber": null, "description": null, "opening_hours": null, "email": null, "fax": null, "check_date": null, "healthcare:speciality": null, "source": null, "entrance": null, "wheelchair": null, "emergency": "yes", "internet_access": null, "operator:type": null, "ref:GB:cqc_location": "RAX01", "ref:GB:nhs_ods": null, "operator:wikidata": null, "long_name": null, "wikidata": "Q50517755", "wikipedia": null, "alt_name": null, "loc_name": null, "beds": null, "source:addr": "FHRS Open Data", "landuse": null, "building": null, "image": null, "fhrs:authority": null, "fhrs:inspectiondate": null, "fhrs:rating": null, "source:postcode": null, "note": null, "wikimedia_commons": null, "building:levels": null, "height": null, "historic:operator": null, "name:uk": null, "fhrs:local_authority_id": null, "addr:suburb": null, "fixme": null, "fhrs:confidence_management": null, "fhrs:hygiene": null, "fhrs:structural": null, "ref:GB:uprn": null, "roof:levels": null, "building:colour": null, "building:material": null, "roof:colour": null, "healthcare:for": null, "name:ar": null, "internet_access:fee": null, "source:addr:postcode": null, "short_name": null, "barrier": null, "type": null, "toilets:wheelchair": null, "nohousenumber": null, "official_name": null, "roof:shape": null, "fee": null, "old_name": null, "start_date": null, "not:addr:postcode": null, "operator:website": null, "internet_access:ssid": null, "number": null, "addr:floor": null, "level": null, "payment:cash": null, "payment:credit_cards": null, "payment:debit_cards": null, "reg_name": null, "was:name": null, "addr:village": null, "contact:email": null, "was:wikidata": null, "was:wikipedia": null }, "geometry": { "type": "Point", "coordinates": [ -0.282510238951762, 51.41498435 ] } },
{ "type": "Feature", "properties": { "osm_type": "way", "osm_id": 24414388, "lon": -0.1766931739627739, "lat": 51.60568605, "source_geometry_type": "MultiPolygon", "addr:city": null, "addr:housename": null, "addr:postcode": null, "addr:street": null, "amenity": "hospital", "healthcare": null, "name": "Finchley Memorial Hospital", "category": "healthcare_hospitals", "phone": null, "public": null, "website": null, "addr:country": null, "addr:county": null, "addr:place": null, "contact:phone": null, "contact:website": null, "fhrs:id": null, "operator": null, "addr:housenumber": null, "description": null, "opening_hours": null, "email": null, "fax": null, "check_date": null, "healthcare:speciality": null, "source": null, "entrance": null, "wheelchair": null, "emergency": "no", "internet_access": null, "operator:type": null, "ref:GB:cqc_location": null, "ref:GB:nhs_ods": null, "operator:wikidata": null, "long_name": null, "wikidata": "Q28404845", "wikipedia": "en:Finchley Memorial Hospital", "alt_name": null, "loc_name": null, "beds": null, "source:addr": null, "landuse": null, "building": null, "image": null, "fhrs:authority": null, "fhrs:inspectiondate": null, "fhrs:rating": null, "source:postcode": null, "note": null, "wikimedia_commons": null, "building:levels": null, "height": null, "historic:operator": null, "name:uk": null, "fhrs:local_authority_id": null, "addr:suburb": null, "fixme": null, "fhrs:confidence_management": null, "fhrs:hygiene": null, "fhrs:structural": null, "ref:GB:uprn": null, "roof:levels": null, "building:colour": null, "building:material": null, "roof:colour": null, "healthcare:for": null, "name:ar": null, "internet_access:fee": null, "source:addr:postcode": null, "short_name": null, "barrier": null, "type": null, "toilets:wheelchair": null, "nohousenumber": null, "official_name": null, "roof:shape": null, "fee": null, "old_name": null, "start_date": null, "not:addr:postcode": null, "operator:website": null, "internet_access:ssid": null, "number": null, "addr:floor": null, "level": null, "payment:cash": null, "payment:credit_cards": null, "payment:debit_cards": null, "reg_name": null, "was:name": null, "addr:village": null, "contact:email": null, "was:wikidata": null, "was:wikipedia": null }, "geometry": { "type": "Point", "coordinates": [ -0.176693173962774, 51.60568605 ] } },
{ "type": "Feature", "properties": { "osm_type": "way", "osm_id": 24437604, "lon": -0.10258796049504051, "lat": 51.6668387, "source_geometry_type": "MultiPolygon", "addr:city": null, "addr:housename": null, "addr:postcode": null, "addr:street": null, "amenity": "hospital", "healthcare": "hospital", "name": "Chase Farm Hospital", "category": "healthcare_hospitals", "phone": null, "public": null, "website": "https://www.royalfree.nhs.uk/chase-farm-hospital/", "addr:country": null, "addr:county": null, "addr:place": null, "contact:phone": null, "contact:website": null, "fhrs:id": null, "operator": null, "addr:housenumber": null, "description": null, "opening_hours": null, "email": null, "fax": null, "check_date": null, "healthcare:speciality": null, "source": null, "entrance": null, "wheelchair": "yes", "emergency": "no", "internet_access": null, "operator:type": null, "ref:GB:cqc_location": null, "ref:GB:nhs_ods": null, "operator:wikidata": null, "long_name": null, "wikidata": "Q5087127", "wikipedia": "en:Chase Farm Hospital", "alt_name": null, "loc_name": null, "beds": null, "source:addr": null, "landuse": null, "building": null, "image": null, "fhrs:authority": null, "fhrs:inspectiondate": null, "fhrs:rating": null, "source:postcode": null, "note": null, "wikimedia_commons": null, "building:levels": null, "height": null, "historic:operator": null, "name:uk": null, "fhrs:local_authority_id": null, "addr:suburb": null, "fixme": null, "fhrs:confidence_management": null, "fhrs:hygiene": null, "fhrs:structural": null, "ref:GB:uprn": null, "roof:levels": null, "building:colour": null, "building:material": null, "roof:colour": null, "healthcare:for": null, "name:ar": null, "internet_access:fee": null, "source:addr:postcode": null, "short_name": null, "barrier": null, "type": null, "toilets:wheelchair": null, "nohousenumber": null, "official_name": null, "roof:shape": null, "fee": null, "old_name": null, "start_date": null, "not:addr:postcode": null, "operator:website": null, "internet_access:ssid": null, "number": null, "addr:floor": null, "level": null, "payment:cash": null, "payment:credit_cards": null, "payment:debit_cards": null, "reg_name": null, "was:name": null, "addr:village": null, "contact:email": null, "was:wikidata": null, "was:wikipedia": null }, "geometry": { "type": "Point", "coordinates": [ -0.102587960495041, 51.6668387 ] } },
{ "type": "Feature", "properties": { "osm_type": "way", "osm_id": 24437660, "lon": -0.084263540746518067, "lat": 51.6618978, "source_geometry_type": "MultiPolygon", "addr:city": null, "addr:housename": null, "addr:postcode": null, "addr:street": null, "amenity": "hospital", "healthcare": null, "name": "St Michael's Community Hospital", "category": "healthcare_hospitals", "phone": null, "public": null, "website": null, "addr:country": null, "addr:county": null, "addr:place": null, "contact:phone": null, "contact:website": null, "fhrs:id": null, "operator": null, "addr:housenumber": null, "description": null, "opening_hours": null, "email": null, "fax": null, "check_date": null, "healthcare:speciality": null, "source": null, "entrance": null, "wheelchair": null, "emergency": null, "internet_access": null, "operator:type": null, "ref:GB:cqc_location": null, "ref:GB:nhs_ods": null, "operator:wikidata": null, "long_name": null, "wikidata": null, "wikipedia": null, "alt_name": null, "loc_name": null, "beds": null, "source:addr": null, "landuse": null, "building": null, "image": null, "fhrs:authority": null, "fhrs:inspectiondate": null, "fhrs:rating": null, "source:postcode": null, "note": null, "wikimedia_commons": null, "building:levels": null, "height": null, "historic:operator": null, "name:uk": null, "fhrs:local_authority_id": null, "addr:suburb": null, "fixme": null, "fhrs:confidence_management": null, "fhrs:hygiene": null, "fhrs:structural": null, "ref:GB:uprn": null, "roof:levels": null, "building:colour": null, "building:material": null, "roof:colour": null, "healthcare:for": null, "name:ar": null, "internet_access:fee": null, "source:addr:postcode": null, "short_name": null, "barrier": null, "type": null, "toilets:wheelchair": null, "nohousenumber": null, "official_name": null, "roof:shape": null, "fee": null, "old_name": null, "start_date": null, "not:addr:postcode": null, "operator:website": null, "internet_access:ssid": null, "number": null, "addr:floor": null, "level": null, "payment:cash": null, "payment:credit_cards": null, "payment:debit_cards": null, "reg_name": null, "was:name": null, "addr:village": null, "contact:email": null, "was:wikidata": null, "was:wikipedia": null }, "geometry": { "type": "Point", "coordinates": [ -0.084263540746518, 51.6618978 ] } },
{ "type": "Feature", "properties": { "osm_type": "way", "osm_id": 24525110, "lon": -0.22068915904457581, "lat": 51.3798987, "source_geometry_type": "MultiPolygon", "addr:city": "Sutton", "addr:housename": null, "addr:postcode": "SM3 9DW", "addr:street": null, "amenity": "hospital", "healthcare": "hospital", "name": "St Anthony's", "category": "healthcare_hospitals", "phone": null, "public": null, "website": null, "addr:country": null, "addr:county": null, "addr:place": null, "contact:phone": null, "contact:website": null, "fhrs:id": null, "operator": null, "addr:housenumber": null, "description": null, "opening_hours": null, "email": null, "fax": null, "check_date": null, "healthcare:speciality": null, "source": null, "entrance": null, "wheelchair": null, "emergency": null, "internet_access": null, "operator:type": null, "ref:GB:cqc_location": null, "ref:GB:nhs_ods": null, "operator:wikidata": null, "long_name": null, "wikidata": "Q16900532", "wikipedia": "en:St Anthony's Hospital, North Cheam", "alt_name": null, "loc_name": null, "beds": null, "source:addr": null, "landuse": null, "building": "hospital", "image": null, "fhrs:authority": null, "fhrs:inspectiondate": null, "fhrs:rating": null, "source:postcode": null, "note": null, "wikimedia_commons": null, "building:levels": null, "height": null, "historic:operator": null, "name:uk": null, "fhrs:local_authority_id": null, "addr:suburb": null, "fixme": null, "fhrs:confidence_management": null, "fhrs:hygiene": null, "fhrs:structural": null, "ref:GB:uprn": null, "roof:levels": null, "building:colour": null, "building:material": null, "roof:colour": null, "healthcare:for": null, "name:ar": null, "internet_access:fee": null, "source:addr:postcode": null, "short_name": null, "barrier": null, "type": null, "toilets:wheelchair": null, "nohousenumber": null, "official_name": null, "roof:shape": null, "fee": null, "old_name": null, "start_date": null, "not:addr:postcode": null, "operator:website": null, "internet_access:ssid": null, "number": null, "addr:floor": null, "level": null, "payment:cash": null, "payment:credit_cards": null, "payment:debit_cards": null, "reg_name": null, "was:name": null, "addr:village": null, "contact:email": null, "was:wikidata": null, "was:wikipedia": null }, "geometry": { "type": "Point", "coordinates": [ -0.220689159044576, 51.3798987 ] } },
{ "type": "Feature", "properties": { "osm_type": "way", "osm_id": 24648544, "lon": -0.26776426013106969, "lat": 51.53131885000001, "source_geometry_type": "MultiPolygon", "addr:city": "London", "addr:housename": null, "addr:postcode": "NW10 7NS", "addr:street": "Acton Lane", "amenity": "hospital", "healthcare": "hospital", "name": "Central Middlesex Hospital", "category": "healthcare_hospitals", "phone": "+44 20 8965 5733", "public": null, "website": "https://www.lnwh.nhs.uk/central-middlesex-hospital/", "addr:country": null, "addr:county": null, "addr:place": null, "contact:phone": null, "contact:website": null, "fhrs:id": null, "operator": null, "addr:housenumber": null, "description": null, "opening_hours": null, "email": null, "fax": null, "check_date": null, "healthcare:speciality": null, "source": null, "entrance": null, "wheelchair": null, "emergency": "yes", "internet_access": null, "operator:type": null, "ref:GB:cqc_location": null, "ref:GB:nhs_ods": null, "operator:wikidata": null, "long_name": null, "wikidata": "Q5061433", "wikipedia": null, "alt_name": null, "loc_name": null, "beds": null, "source:addr": null, "landuse": null, "building": null, "image": null, "fhrs:authority": null, "fhrs:inspectiondate": null, "fhrs:rating": null, "source:postcode": null, "note": null, "wikimedia_commons": null, "building:levels": null, "height": null, "historic:operator": null, "name:uk": null, "fhrs:local_authority_id": null, "addr:suburb": null, "fixme": null, "fhrs:confidence_management": null, "fhrs:hygiene": null, "fhrs:structural": null, "ref:GB:uprn": null, "roof:levels": null, "building:colour": null, "building:material": null, "roof:colour": null, "healthcare:for": null, "name:ar": null, "internet_access:fee": null, "source:addr:postcode": null, "short_name": null, "barrier": null, "type": null, "toilets:wheelchair": null, "nohousenumber": null, "official_name": null, "roof:shape": null, "fee": null, "old_name": null, "start_date": null, "not:addr:postcode": null, "operator:website": null, "internet_access:ssid": null, "number": null, "addr:floor": null, "level": null, "payment:cash": null, "payment:credit_cards": null, "payment:debit_cards": null, "reg_name": null, "was:name": null, "addr:village": null, "contact:email": null, "was:wikidata": null, "was:wikipedia": null }, "geometry": { "type": "Point", "coordinates": [ -0.26776426013107, 51.53131885 ] } },
{ "type": "Feature", "properties": { "osm_type": "way", "osm_id": 24787431, "lon": -0.12250677269950219, "lat": 51.46533985000001, "source_geometry_type": "MultiPolygon", "addr:city": "London", "addr:housename": null, "addr:postcode": "SW9 9NU", "addr:street": "Landor Road", "amenity": "hospital", "healthcare": "hospital", "name": "Lambeth Hospital", "category": "healthcare_hospitals", "phone": null, "public": null, "website": null, "addr:country": null, "addr:county": null, "addr:place": null, "contact:phone": null, "contact:website": null, "fhrs:id": "484248", "operator": null, "addr:housenumber": "108", "description": null, "opening_hours": null, "email": null, "fax": null, "check_date": null, "healthcare:speciality": null, "source": null, "entrance": null, "wheelchair": null, "emergency": null, "internet_access": null, "operator:type": null, "ref:GB:cqc_location": null, "ref:GB:nhs_ods": null, "operator:wikidata": null, "long_name": null, "wikidata": "Q6481446", "wikipedia": null, "alt_name": null, "loc_name": null, "beds": null, "source:addr": null, "landuse": null, "building": null, "image": null, "fhrs:authority": "Lambeth", "fhrs:inspectiondate": "2014-02-03", "fhrs:rating": "4", "source:postcode": null, "note": null, "wikimedia_commons": null, "building:levels": null, "height": null, "historic:operator": null, "name:uk": null, "fhrs:local_authority_id": null, "addr:suburb": null, "fixme": null, "fhrs:confidence_management": null, "fhrs:hygiene": null, "fhrs:structural": null, "ref:GB:uprn": null, "roof:levels": null, "building:colour": null, "building:material": null, "roof:colour": null, "healthcare:for": null, "name:ar": null, "internet_access:fee": null, "source:addr:postcode": null, "short_name": null, "barrier": null, "type": null, "toilets:wheelchair": null, "nohousenumber": null, "official_name": null, "roof:shape": null, "fee": null, "old_name": null, "start_date": null, "not:addr:postcode": null, "operator:website": null, "internet_access:ssid": null, "number": null, "addr:floor": null, "level": null, "payment:cash": null, "payment:credit_cards": null, "payment:debit_cards": null, "reg_name": null, "was:name": null, "addr:village": null, "contact:email": null, "was:wikidata": null, "was:wikipedia": null }, "geometry": { "type": "Point", "coordinates": [ -0.122506772699502, 51.46533985 ] } },
{ "type": "Feature", "properties": { "osm_type": "way", "osm_id": 26617656, "lon": -0.11031090100572093, "lat": 51.3900897, "source_geometry_type": "MultiPolygon", "addr:city": "Thornton Heath", "addr:housename": null, "addr:postcode": "CR7 7YE", "addr:street": "London Road", "amenity": "hospital", "healthcare": "hospital", "name": "Croydon University Hospital", "category": "healthcare_hospitals", "phone": null, "public": null, "website": null, "addr:country": null, "addr:county": null, "addr:place": null, "contact:phone": null, "contact:website": null, "fhrs:id": "370621;983452;983353", "operator": null, "addr:housenumber": "530", "description": null, "opening_hours": "24/7", "email": null, "fax": null, "check_date": null, "healthcare:speciality": null, "source": null, "entrance": null, "wheelchair": null, "emergency": "yes", "internet_access": null, "operator:type": null, "ref:GB:cqc_location": null, "ref:GB:nhs_ods": null, "operator:wikidata": null, "long_name": null, "wikidata": "Q5189706", "wikipedia": null, "alt_name": "Mayday Hospital", "loc_name": null, "beds": "670", "source:addr": "FHRS Open Data", "landuse": null, "building": null, "image": null, "fhrs:authority": "Croydon", "fhrs:inspectiondate": null, "fhrs:rating": null, "source:postcode": "FSA Food Hygiene Ratings database", "note": null, "wikimedia_commons": null, "building:levels": null, "height": null, "historic:operator": null, "name:uk": null, "fhrs:local_authority_id": null, "addr:suburb": null, "fixme": null, "fhrs:confidence_management": null, "fhrs:hygiene": null, "fhrs:structural": null, "ref:GB:uprn": null, "roof:levels": null, "building:colour": null, "building:material": null, "roof:colour": null, "healthcare:for": null, "name:ar": null, "internet_access:fee": null, "source:addr:postcode": null, "short_name": null, "barrier": null, "type": null, "toilets:wheelchair": null, "nohousenumber": null, "official_name": null, "roof:shape": null, "fee": null, "old_name": null, "start_date": null, "not:addr:postcode": null, "operator:website": null, "internet_access:ssid": null, "number": null, "addr:floor": null, "level": null, "payment:cash": null, "payment:credit_cards": null, "payment:debit_cards": null, "reg_name": null, "was:name": null, "addr:village": null, "contact:email": null, "was:wikidata": null, "was:wikipedia": null }, "geometry": { "type": "Point", "coordinates": [ -0.110310901005721, 51.3900897 ] } },
{ "type": "Feature", "properties": { "osm_type": "way", "osm_id": 26730443, "lon": -0.32436817302464921, "lat": 51.47286495, "source_geometry_type": "MultiPolygon", "addr:city": null, "addr:housename": null, "addr:postcode": null, "addr:street": "Twickenham Road", "amenity": "hospital", "healthcare": "hospital", "name": "West Middlesex Hospital", "category": "healthcare_hospitals", "phone": null, "public": null, "website": null, "addr:country": null, "addr:county": null, "addr:place": null, "contact:phone": null, "contact:website": null, "fhrs:id": null, "operator": null, "addr:housenumber": null, "description": null, "opening_hours": null, "email": null, "fax": null, "check_date": null, "healthcare:speciality": null, "source": null, "entrance": null, "wheelchair": "yes", "emergency": null, "internet_access": null, "operator:type": null, "ref:GB:cqc_location": null, "ref:GB:nhs_ods": null, "operator:wikidata": null, "long_name": null, "wikidata": "Q7985920", "wikipedia": "en:West Middlesex University Hospital", "alt_name": null, "loc_name": null, "beds": null, "source:addr": null, "landuse": null, "building": null, "image": null, "fhrs:authority": null, "fhrs:inspectiondate": null, "fhrs:rating": null, "source:postcode": null, "note": null, "wikimedia_commons": null, "building:levels": null, "height": null, "historic:operator": null, "name:uk": null, "fhrs:local_authority_id": null, "addr:suburb": null, "fixme": null, "fhrs:confidence_management": null, "fhrs:hygiene": null, "fhrs:structural": null, "ref:GB:uprn": null, "roof:levels": null, "building:colour": null, "building:material": null, "roof:colour": null, "healthcare:for": null, "name:ar": null, "internet_access:fee": null, "source:addr:postcode": null, "short_name": null, "barrier": null, "type": null, "toilets:wheelchair": null, "nohousenumber": null, "official_name": null, "roof:shape": null, "fee": null, "old_name": null, "start_date": null, "not:addr:postcode": null, "operator:website": null, "internet_access:ssid": null, "number": null, "addr:floor": null, "level": null, "payment:cash": null, "payment:credit_cards": null, "payment:debit_cards": null, "reg_name": null, "was:name": null, "addr:village": null, "contact:email": null, "was:wikidata": null, "was:wikipedia": null }, "geometry": { "type": "Point", "coordinates": [ -0.324368173024649, 51.47286495 ] } },
{ "type": "Feature", "properties": { "osm_type": "way", "osm_id": 27219238, "lon": -0.12036129312830821, "lat": 51.4049859, "source_geometry_type": "MultiPolygon", "addr:city": null, "addr:housename": null, "addr:postcode": null, "addr:street": null, "amenity": "hospital", "healthcare": "hospital", "name": "Norbury Health Centre", "category": "healthcare_hospitals", "phone": null, "public": null, "website": null, "addr:country": null, "addr:county": null, "addr:place": null, "contact:phone": null, "contact:website": null, "fhrs:id": null, "operator": null, "addr:housenumber": null, "description": null, "opening_hours": null, "email": null, "fax": null, "check_date": "2024-04-02", "healthcare:speciality": null, "source": "photo", "entrance": null, "wheelchair": null, "emergency": null, "internet_access": null, "operator:type": null, "ref:GB:cqc_location": null, "ref:GB:nhs_ods": null, "operator:wikidata": null, "long_name": null, "wikidata": null, "wikipedia": null, "alt_name": null, "loc_name": null, "beds": null, "source:addr": null, "landuse": null, "building": null, "image": null, "fhrs:authority": null, "fhrs:inspectiondate": null, "fhrs:rating": null, "source:postcode": null, "note": null, "wikimedia_commons": null, "building:levels": null, "height": null, "historic:operator": null, "name:uk": null, "fhrs:local_authority_id": null, "addr:suburb": null, "fixme": null, "fhrs:confidence_management": null, "fhrs:hygiene": null, "fhrs:structural": null, "ref:GB:uprn": null, "roof:levels": null, "building:colour": null, "building:material": null, "roof:colour": null, "healthcare:for": null, "name:ar": null, "internet_access:fee": null, "source:addr:postcode": null, "short_name": null, "barrier": null, "type": null, "toilets:wheelchair": null, "nohousenumber": null, "official_name": null, "roof:shape": null, "fee": null, "old_name": null, "start_date": null, "not:addr:postcode": null, "operator:website": null, "internet_access:ssid": null, "number": null, "addr:floor": null, "level": null, "payment:cash": null, "payment:credit_cards": null, "payment:debit_cards": null, "reg_name": null, "was:name": null, "addr:village": null, "contact:email": null, "was:wikidata": null, "was:wikipedia": null }, "geometry": { "type": "Point", "coordinates": [ -0.120361293128308, 51.4049859 ] } },
{ "type": "Feature", "properties": { "osm_type": "way", "osm_id": 27315691, "lon": -0.094341758493944966, "lat": 51.4686068, "source_geometry_type": "MultiPolygon", "addr:city": "London", "addr:housename": null, "addr:postcode": null, "addr:street": "Bessemer Road", "amenity": null, "healthcare": "hospital", "name": "Normanby Building", "category": "healthcare_hospitals", "phone": null, "public": null, "website": null, "addr:country": null, "addr:county": null, "addr:place": null, "contact:phone": null, "contact:website": null, "fhrs:id": null, "operator": "King's College Hospital", "addr:housenumber": null, "description": null, "opening_hours": null, "email": null, "fax": null, "check_date": "2026-01-13", "healthcare:speciality": "ophthalmology;dermatology", "source": null, "entrance": null, "wheelchair": null, "emergency": null, "internet_access": null, "operator:type": null, "ref:GB:cqc_location": null, "ref:GB:nhs_ods": null, "operator:wikidata": null, "long_name": null, "wikidata": null, "wikipedia": null, "alt_name": null, "loc_name": null, "beds": null, "source:addr": null, "landuse": null, "building": "yes", "image": null, "fhrs:authority": null, "fhrs:inspectiondate": null, "fhrs:rating": null, "source:postcode": null, "note": null, "wikimedia_commons": null, "building:levels": null, "height": null, "historic:operator": null, "name:uk": null, "fhrs:local_authority_id": null, "addr:suburb": null, "fixme": null, "fhrs:confidence_management": null, "fhrs:hygiene": null, "fhrs:structural": null, "ref:GB:uprn": null, "roof:levels": null, "building:colour": null, "building:material": null, "roof:colour": null, "healthcare:for": null, "name:ar": null, "internet_access:fee": null, "source:addr:postcode": null, "short_name": null, "barrier": null, "type": null, "toilets:wheelchair": null, "nohousenumber": null, "official_name": null, "roof:shape": null, "fee": null, "old_name": null, "start_date": null, "not:addr:postcode": null, "operator:website": null, "internet_access:ssid": null, "number": null, "addr:floor": null, "level": null, "payment:cash": null, "payment:credit_cards": null, "payment:debit_cards": null, "reg_name": null, "was:name": null, "addr:village": null, "contact:email": null, "was:wikidata": null, "was:wikipedia": null }, "geometry": { "type": "Point", "coordinates": [ -0.094341758493945, 51.4686068 ] } },
{ "type": "Feature", "properties": { "osm_type": "way", "osm_id": 28226427, "lon": -0.11925307182404199, "lat": 51.529249, "source_geometry_type": "MultiPolygon", "addr:city": "London", "addr:housename": null, "addr:postcode": "WC1X 8EE", "addr:street": "Gray's Inn Road", "amenity": "hospital", "healthcare": "hospital", "name": "Royal National Throat, Nose and Ear Hospital", "category": "healthcare_hospitals", "phone": null, "public": null, "website": null, "addr:country": null, "addr:county": null, "addr:place": null, "contact:phone": null, "contact:website": null, "fhrs:id": null, "operator": null, "addr:housenumber": "330-332", "description": null, "opening_hours": null, "email": null, "fax": null, "check_date": null, "healthcare:speciality": null, "source": "https://www.uclh.nhs.uk/OurServices/OurHospitals/RNENTD/Pages/Home.aspx;https://www.uclh.nhs.uk/aboutus/NewDev/phase5/Pages/Anewworldleadingcentre.aspx;https://www.uclh.nhs.uk/OurServices/OurHospitals/RNTNE/Pages/Home.aspx", "entrance": null, "wheelchair": null, "emergency": null, "internet_access": null, "operator:type": null, "ref:GB:cqc_location": null, "ref:GB:nhs_ods": null, "operator:wikidata": null, "long_name": null, "wikidata": "Q7374519", "wikipedia": "en:Royal National Throat, Nose and Ear Hospital", "alt_name": null, "loc_name": null, "beds": null, "source:addr": null, "landuse": null, "building": "yes", "image": null, "fhrs:authority": null, "fhrs:inspectiondate": null, "fhrs:rating": null, "source:postcode": null, "note": "Most Royal National ENT Hospital services have moved to 47-49 Huntley Street, along with Eastman Dental Hospital. This site will contain wards and some other services until 2020 but the main move has now happened.", "wikimedia_commons": "Category:Royal National Throat, Nose and Ear Hospital", "building:levels": null, "height": null, "historic:operator": null, "name:uk": null, "fhrs:local_authority_id": null, "addr:suburb": null, "fixme": null, "fhrs:confidence_management": null, "fhrs:hygiene": null, "fhrs:structural": null, "ref:GB:uprn": null, "roof:levels": null, "building:colour": null, "building:material": null, "roof:colour": null, "healthcare:for": null, "name:ar": null, "internet_access:fee": null, "source:addr:postcode": null, "short_name": null, "barrier": null, "type": null, "toilets:wheelchair": null, "nohousenumber": null, "official_name": null, "roof:shape": null, "fee": null, "old_name": null, "start_date": null, "not:addr:postcode": null, "operator:website": null, "internet_access:ssid": null, "number": null, "addr:floor": null, "level": null, "payment:cash": null, "payment:credit_cards": null, "payment:debit_cards": null, "reg_name": null, "was:name": null, "addr:village": null, "contact:email": null, "was:wikidata": null, "was:wikipedia": null }, "geometry": { "type": "Point", "coordinates": [ -0.119253071824042, 51.529249 ] } },
{ "type": "Feature", "properties": { "osm_type": "way", "osm_id": 28476793, "lon": 0.056744324799952027, "lat": 51.3660611, "source_geometry_type": "MultiPolygon", "addr:city": null, "addr:housename": null, "addr:postcode": null, "addr:street": null, "amenity": null, "healthcare": "hospital", "name": "Green Parks House", "category": "healthcare_hospitals", "phone": null, "public": null, "website": null, "addr:country": null, "addr:county": null, "addr:place": null, "contact:phone": null, "contact:website": null, "fhrs:id": null, "operator": "Princess Royal University Hospital", "addr:housenumber": null, "description": null, "opening_hours": null, "email": null, "fax": null, "check_date": null, "healthcare:speciality": null, "source": null, "entrance": null, "wheelchair": null, "emergency": null, "internet_access": null, "operator:type": null, "ref:GB:cqc_location": null, "ref:GB:nhs_ods": "RPGAD", "operator:wikidata": null, "long_name": null, "wikidata": null, "wikipedia": null, "alt_name": null, "loc_name": null, "beds": null, "source:addr": null, "landuse": null, "building": "hospital", "image": null, "fhrs:authority": null, "fhrs:inspectiondate": null, "fhrs:rating": null, "source:postcode": null, "note": null, "wikimedia_commons": null, "building:levels": "2", "height": "6", "historic:operator": null, "name:uk": null, "fhrs:local_authority_id": null, "addr:suburb": null, "fixme": null, "fhrs:confidence_management": null, "fhrs:hygiene": null, "fhrs:structural": null, "ref:GB:uprn": null, "roof:levels": null, "building:colour": null, "building:material": null, "roof:colour": null, "healthcare:for": null, "name:ar": null, "internet_access:fee": null, "source:addr:postcode": null, "short_name": null, "barrier": null, "type": null, "toilets:wheelchair": null, "nohousenumber": null, "official_name": null, "roof:shape": null, "fee": null, "old_name": null, "start_date": null, "not:addr:postcode": null, "operator:website": null, "internet_access:ssid": null, "number": null, "addr:floor": null, "level": null, "payment:cash": null, "payment:credit_cards": null, "payment:debit_cards": null, "reg_name": null, "was:name": null, "addr:village": null, "contact:email": null, "was:wikidata": null, "was:wikipedia": null }, "geometry": { "type": "Point", "coordinates": [ 0.056744324799952, 51.3660611 ] } },
{ "type": "Feature", "properties": { "osm_type": "way", "osm_id": 31636962, "lon": -0.21770627308768964, "lat": 51.52239375000001, "source_geometry_type": "MultiPolygon", "addr:city": null, "addr:housename": null, "addr:postcode": null, "addr:street": null, "amenity": "hospital", "healthcare": "hospital", "name": "St Charles' Hospital", "category": "healthcare_hospitals", "phone": null, "public": null, "website": null, "addr:country": null, "addr:county": null, "addr:place": null, "contact:phone": null, "contact:website": null, "fhrs:id": null, "operator": null, "addr:housenumber": null, "description": null, "opening_hours": null, "email": null, "fax": null, "check_date": "2025-09-12", "healthcare:speciality": null, "source": null, "entrance": null, "wheelchair": null, "emergency": null, "internet_access": null, "operator:type": null, "ref:GB:cqc_location": null, "ref:GB:nhs_ods": null, "operator:wikidata": null, "long_name": null, "wikidata": "Q27081429", "wikipedia": null, "alt_name": null, "loc_name": null, "beds": null, "source:addr": null, "landuse": null, "building": null, "image": null, "fhrs:authority": null, "fhrs:inspectiondate": null, "fhrs:rating": null, "source:postcode": null, "note": null, "wikimedia_commons": null, "building:levels": null, "height": null, "historic:operator": null, "name:uk": null, "fhrs:local_authority_id": null, "addr:suburb": null, "fixme": null, "fhrs:confidence_management": null, "fhrs:hygiene": null, "fhrs:structural": null, "ref:GB:uprn": null, "roof:levels": null, "building:colour": null, "building:material": null, "roof:colour": null, "healthcare:for": null, "name:ar": null, "internet_access:fee": null, "source:addr:postcode": null, "short_name": null, "barrier": null, "type": null, "toilets:wheelchair": null, "nohousenumber": null, "official_name": null, "roof:shape": null, "fee": null, "old_name": null, "start_date": null, "not:addr:postcode": null, "operator:website": null, "internet_access:ssid": null, "number": null, "addr:floor": null, "level": null, "payment:cash": null, "payment:credit_cards": null, "payment:debit_cards": null, "reg_name": null, "was:name": null, "addr:village": null, "contact:email": null, "was:wikidata": null, "was:wikipedia": null }, "geometry": { "type": "Point", "coordinates": [ -0.21770627308769, 51.52239375 ] } },
{ "type": "Feature", "properties": { "osm_type": "way", "osm_id": 31927218, "lon": -0.46151731238843186, "lat": 51.52545995, "source_geometry_type": "MultiPolygon", "addr:city": "Uxbridge", "addr:housename": null, "addr:postcode": "UB8 3NN", "addr:street": "Pield Heath Road", "amenity": "hospital", "healthcare": "hospital", "name": "Hillingdon Hospital", "category": "healthcare_hospitals", "phone": "+44 1895 238282", "public": null, "website": "https://thh.nhs.uk/", "addr:country": null, "addr:county": null, "addr:place": null, "contact:phone": null, "contact:website": null, "fhrs:id": null, "operator": "The Hillingdon Hospitals NHS Trust", "addr:housenumber": null, "description": null, "opening_hours": null, "email": null, "fax": null, "check_date": null, "healthcare:speciality": null, "source": null, "entrance": null, "wheelchair": null, "emergency": "yes", "internet_access": null, "operator:type": null, "ref:GB:cqc_location": null, "ref:GB:nhs_ods": null, "operator:wikidata": null, "long_name": null, "wikidata": "Q5763292", "wikipedia": null, "alt_name": null, "loc_name": null, "beds": null, "source:addr": null, "landuse": null, "building": null, "image": null, "fhrs:authority": null, "fhrs:inspectiondate": null, "fhrs:rating": null, "source:postcode": null, "note": null, "wikimedia_commons": null, "building:levels": null, "height": null, "historic:operator": null, "name:uk": null, "fhrs:local_authority_id": null, "addr:suburb": null, "fixme": null, "fhrs:confidence_management": null, "fhrs:hygiene": null, "fhrs:structural": null, "ref:GB:uprn": null, "roof:levels": null, "building:colour": null, "building:material": null, "roof:colour": null, "healthcare:for": null, "name:ar": null, "internet_access:fee": null, "source:addr:postcode": null, "short_name": null, "barrier": null, "type": null, "toilets:wheelchair": null, "nohousenumber": null, "official_name": null, "roof:shape": null, "fee": null, "old_name": null, "start_date": null, "not:addr:postcode": null, "operator:website": null, "internet_access:ssid": null, "number": null, "addr:floor": null, "level": null, "payment:cash": null, "payment:credit_cards": null, "payment:debit_cards": null, "reg_name": null, "was:name": null, "addr:village": null, "contact:email": null, "was:wikidata": null, "was:wikipedia": null }, "geometry": { "type": "Point", "coordinates": [ -0.461517312388432, 51.52545995 ] } },
{ "type": "Feature", "properties": { "osm_type": "way", "osm_id": 32612277, "lon": 0.038922673192365656, "lat": 51.52160755, "source_geometry_type": "MultiPolygon", "addr:city": null, "addr:housename": null, "addr:postcode": null, "addr:street": null, "amenity": "hospital", "healthcare": "hospital", "name": "Newham University Hospital", "category": "healthcare_hospitals", "phone": null, "public": null, "website": "https://www.bartshealth.nhs.uk/our-hospitals/newham-university-hospital/", "addr:country": null, "addr:county": null, "addr:place": null, "contact:phone": null, "contact:website": null, "fhrs:id": null, "operator": "Barts Health NHS Trust", "addr:housenumber": null, "description": null, "opening_hours": "24/7", "email": null, "fax": null, "check_date": null, "healthcare:speciality": null, "source": null, "entrance": null, "wheelchair": null, "emergency": null, "internet_access": null, "operator:type": null, "ref:GB:cqc_location": "R1HNH", "ref:GB:nhs_ods": null, "operator:wikidata": null, "long_name": null, "wikidata": "Q7018154", "wikipedia": "en:Newham University Hospital", "alt_name": "Newham General Hospital", "loc_name": null, "beds": "430", "source:addr": null, "landuse": null, "building": null, "image": null, "fhrs:authority": null, "fhrs:inspectiondate": null, "fhrs:rating": null, "source:postcode": null, "note": null, "wikimedia_commons": null, "building:levels": null, "height": null, "historic:operator": "Newham University Hospital Trust", "name:uk": null, "fhrs:local_authority_id": null, "addr:suburb": null, "fixme": null, "fhrs:confidence_management": null, "fhrs:hygiene": null, "fhrs:structural": null, "ref:GB:uprn": null, "roof:levels": null, "building:colour": null, "building:material": null, "roof:colour": null, "healthcare:for": null, "name:ar": null, "internet_access:fee": null, "source:addr:postcode": null, "short_name": null, "barrier": null, "type": null, "toilets:wheelchair": null, "nohousenumber": null, "official_name": null, "roof:shape": null, "fee": null, "old_name": null, "start_date": null, "not:addr:postcode": null, "operator:website": null, "internet_access:ssid": null, "number": null, "addr:floor": null, "level": null, "payment:cash": null, "payment:credit_cards": null, "payment:debit_cards": null, "reg_name": null, "was:name": null, "addr:village": null, "contact:email": null, "was:wikidata": null, "was:wikipedia": null }, "geometry": { "type": "Point", "coordinates": [ 0.038922673192366, 51.52160755 ] } },
{ "type": "Feature", "properties": { "osm_type": "way", "osm_id": 35776498, "lon": -0.031196944032878877, "lat": 51.38264165, "source_geometry_type": "MultiPolygon", "addr:city": "Beckenham", "addr:housename": null, "addr:postcode": "BR3 3BX", "addr:street": null, "amenity": "hospital", "healthcare": "hospital", "name": "Bethlem Royal Hospital", "category": "healthcare_hospitals", "phone": null, "public": null, "website": null, "addr:country": null, "addr:county": null, "addr:place": null, "contact:phone": null, "contact:website": null, "fhrs:id": null, "operator": null, "addr:housenumber": null, "description": null, "opening_hours": null, "email": null, "fax": null, "check_date": null, "healthcare:speciality": null, "source": null, "entrance": null, "wheelchair": null, "emergency": null, "internet_access": null, "operator:type": null, "ref:GB:cqc_location": null, "ref:GB:nhs_ods": null, "operator:wikidata": null, "long_name": null, "wikidata": "Q831377", "wikipedia": "en:Bethlem Royal Hospital", "alt_name": null, "loc_name": null, "beds": null, "source:addr": null, "landuse": null, "building": null, "image": null, "fhrs:authority": null, "fhrs:inspectiondate": null, "fhrs:rating": null, "source:postcode": null, "note": null, "wikimedia_commons": null, "building:levels": null, "height": null, "historic:operator": null, "name:uk": "Бедлам", "fhrs:local_authority_id": null, "addr:suburb": null, "fixme": null, "fhrs:confidence_management": null, "fhrs:hygiene": null, "fhrs:structural": null, "ref:GB:uprn": null, "roof:levels": null, "building:colour": null, "building:material": null, "roof:colour": null, "healthcare:for": null, "name:ar": null, "internet_access:fee": null, "source:addr:postcode": null, "short_name": null, "barrier": null, "type": null, "toilets:wheelchair": null, "nohousenumber": null, "official_name": null, "roof:shape": null, "fee": null, "old_name": null, "start_date": null, "not:addr:postcode": null, "operator:website": null, "internet_access:ssid": null, "number": null, "addr:floor": null, "level": null, "payment:cash": null, "payment:credit_cards": null, "payment:debit_cards": null, "reg_name": null, "was:name": null, "addr:village": null, "contact:email": null, "was:wikidata": null, "was:wikipedia": null }, "geometry": { "type": "Point", "coordinates": [ -0.031196944032879, 51.38264165 ] } },
{ "type": "Feature", "properties": { "osm_type": "way", "osm_id": 35781504, "lon": -0.24177229871562234, "lat": 51.4550336, "source_geometry_type": "MultiPolygon", "addr:city": "London", "addr:housename": null, "addr:postcode": "SW15 5PN", "addr:street": "Roehampton Lane", "amenity": "hospital", "healthcare": "hospital", "name": "Queen Mary's Hospital", "category": "healthcare_hospitals", "phone": null, "public": null, "website": null, "addr:country": null, "addr:county": null, "addr:place": null, "contact:phone": null, "contact:website": null, "fhrs:id": "1572393", "operator": null, "addr:housenumber": "171", "description": null, "opening_hours": null, "email": null, "fax": null, "check_date": null, "healthcare:speciality": null, "source": "local_knowledge", "entrance": null, "wheelchair": null, "emergency": "no", "internet_access": null, "operator:type": null, "ref:GB:cqc_location": null, "ref:GB:nhs_ods": null, "operator:wikidata": null, "long_name": null, "wikidata": "Q7270446", "wikipedia": "en:Queen Mary's Hospital, Roehampton", "alt_name": null, "loc_name": null, "beds": null, "source:addr": "FHRS Open Data", "landuse": null, "building": null, "image": null, "fhrs:authority": "Wandsworth", "fhrs:inspectiondate": null, "fhrs:rating": null, "source:postcode": null, "note": null, "wikimedia_commons": null, "building:levels": null, "height": null, "historic:operator": null, "name:uk": null, "fhrs:local_authority_id": "PI/000457125", "addr:suburb": null, "fixme": null, "fhrs:confidence_management": null, "fhrs:hygiene": null, "fhrs:structural": null, "ref:GB:uprn": null, "roof:levels": null, "building:colour": null, "building:material": null, "roof:colour": null, "healthcare:for": null, "name:ar": null, "internet_access:fee": null, "source:addr:postcode": null, "short_name": null, "barrier": null, "type": null, "toilets:wheelchair": null, "nohousenumber": null, "official_name": null, "roof:shape": null, "fee": null, "old_name": null, "start_date": null, "not:addr:postcode": null, "operator:website": null, "internet_access:ssid": null, "number": null, "addr:floor": null, "level": null, "payment:cash": null, "payment:credit_cards": null, "payment:debit_cards": null, "reg_name": null, "was:name": null, "addr:village": null, "contact:email": null, "was:wikidata": null, "was:wikipedia": null }, "geometry": { "type": "Point", "coordinates": [ -0.241772298715622, 51.4550336 ] } },
{ "type": "Feature", "properties": { "osm_type": "way", "osm_id": 41378470, "lon": 0.0027665929930638621, "lat": 51.57748615, "source_geometry_type": "MultiPolygon", "addr:city": "London", "addr:housename": null, "addr:postcode": "E11 1NR", "addr:street": "Whipps Cross Road", "amenity": "hospital", "healthcare": "hospital", "name": "Whipps Cross University Hospital", "category": "healthcare_hospitals", "phone": null, "public": null, "website": null, "addr:country": null, "addr:county": null, "addr:place": null, "contact:phone": null, "contact:website": null, "fhrs:id": null, "operator": null, "addr:housenumber": null, "description": null, "opening_hours": null, "email": null, "fax": null, "check_date": null, "healthcare:speciality": null, "source": "yahoo;knowledge", "entrance": null, "wheelchair": null, "emergency": "yes", "internet_access": null, "operator:type": null, "ref:GB:cqc_location": "R1HKH", "ref:GB:nhs_ods": null, "operator:wikidata": null, "long_name": null, "wikidata": "Q7993761", "wikipedia": "en:Whipps Cross University Hospital", "alt_name": null, "loc_name": null, "beds": null, "source:addr": null, "landuse": null, "building": null, "image": null, "fhrs:authority": null, "fhrs:inspectiondate": null, "fhrs:rating": null, "source:postcode": null, "note": null, "wikimedia_commons": null, "building:levels": null, "height": null, "historic:operator": null, "name:uk": null, "fhrs:local_authority_id": null, "addr:suburb": null, "fixme": null, "fhrs:confidence_management": null, "fhrs:hygiene": null, "fhrs:structural": null, "ref:GB:uprn": null, "roof:levels": null, "building:colour": null, "building:material": null, "roof:colour": null, "healthcare:for": null, "name:ar": null, "internet_access:fee": null, "source:addr:postcode": null, "short_name": null, "barrier": null, "type": null, "toilets:wheelchair": null, "nohousenumber": null, "official_name": null, "roof:shape": null, "fee": null, "old_name": null, "start_date": null, "not:addr:postcode": null, "operator:website": null, "internet_access:ssid": null, "number": null, "addr:floor": null, "level": null, "payment:cash": null, "payment:credit_cards": null, "payment:debit_cards": null, "reg_name": null, "was:name": null, "addr:village": null, "contact:email": null, "was:wikidata": null, "was:wikipedia": null }, "geometry": { "type": "Point", "coordinates": [ 0.002766592993064, 51.57748615 ] } },
{ "type": "Feature", "properties": { "osm_type": "way", "osm_id": 43290805, "lon": -0.13146982179610817, "lat": 51.5363051, "source_geometry_type": "MultiPolygon", "addr:city": "London", "addr:housename": null, "addr:postcode": "NW1 0PE", "addr:street": "St Pancras Way", "amenity": "hospital", "healthcare": "hospital", "name": "St. Pancras Hospital", "category": "healthcare_hospitals", "phone": null, "public": null, "website": null, "addr:country": null, "addr:county": null, "addr:place": null, "contact:phone": null, "contact:website": null, "fhrs:id": null, "operator": null, "addr:housenumber": null, "description": null, "opening_hours": null, "email": null, "fax": null, "check_date": null, "healthcare:speciality": null, "source": null, "entrance": null, "wheelchair": null, "emergency": null, "internet_access": null, "operator:type": null, "ref:GB:cqc_location": null, "ref:GB:nhs_ods": null, "operator:wikidata": null, "long_name": null, "wikidata": "Q7595036", "wikipedia": "en:St Pancras Hospital", "alt_name": null, "loc_name": null, "beds": null, "source:addr": null, "landuse": null, "building": null, "image": null, "fhrs:authority": null, "fhrs:inspectiondate": null, "fhrs:rating": null, "source:postcode": null, "note": null, "wikimedia_commons": null, "building:levels": null, "height": null, "historic:operator": null, "name:uk": null, "fhrs:local_authority_id": null, "addr:suburb": null, "fixme": null, "fhrs:confidence_management": null, "fhrs:hygiene": null, "fhrs:structural": null, "ref:GB:uprn": null, "roof:levels": null, "building:colour": null, "building:material": null, "roof:colour": null, "healthcare:for": null, "name:ar": null, "internet_access:fee": null, "source:addr:postcode": null, "short_name": null, "barrier": null, "type": null, "toilets:wheelchair": null, "nohousenumber": null, "official_name": null, "roof:shape": null, "fee": null, "old_name": null, "start_date": null, "not:addr:postcode": null, "operator:website": null, "internet_access:ssid": null, "number": null, "addr:floor": null, "level": null, "payment:cash": null, "payment:credit_cards": null, "payment:debit_cards": null, "reg_name": null, "was:name": null, "addr:village": null, "contact:email": null, "was:wikidata": null, "was:wikipedia": null }, "geometry": { "type": "Point", "coordinates": [ -0.131469821796108, 51.5363051 ] } },
{ "type": "Feature", "properties": { "osm_type": "way", "osm_id": 43514739, "lon": -0.045479788389655669, "lat": 51.5507996, "source_geometry_type": "MultiPolygon", "addr:city": null, "addr:housename": null, "addr:postcode": null, "addr:street": null, "amenity": "hospital", "healthcare": "hospital", "name": "Homerton University Hospital", "category": "healthcare_hospitals", "phone": null, "public": null, "website": "https://www.homerton.nhs.uk/", "addr:country": null, "addr:county": null, "addr:place": null, "contact:phone": null, "contact:website": null, "fhrs:id": null, "operator": null, "addr:housenumber": null, "description": null, "opening_hours": null, "email": null, "fax": null, "check_date": null, "healthcare:speciality": null, "source": null, "entrance": null, "wheelchair": null, "emergency": "yes", "internet_access": null, "operator:type": null, "ref:GB:cqc_location": "RQXM1", "ref:GB:nhs_ods": "RQXM1", "operator:wikidata": null, "long_name": null, "wikidata": "Q19654384", "wikipedia": "en:Homerton University Hospital", "alt_name": null, "loc_name": "Homerton Hospital", "beds": null, "source:addr": null, "landuse": null, "building": null, "image": null, "fhrs:authority": null, "fhrs:inspectiondate": null, "fhrs:rating": null, "source:postcode": null, "note": null, "wikimedia_commons": null, "building:levels": null, "height": null, "historic:operator": null, "name:uk": null, "fhrs:local_authority_id": null, "addr:suburb": null, "fixme": null, "fhrs:confidence_management": null, "fhrs:hygiene": null, "fhrs:structural": null, "ref:GB:uprn": null, "roof:levels": null, "building:colour": null, "building:material": null, "roof:colour": null, "healthcare:for": null, "name:ar": null, "internet_access:fee": null, "source:addr:postcode": null, "short_name": null, "barrier": null, "type": null, "toilets:wheelchair": null, "nohousenumber": null, "official_name": null, "roof:shape": null, "fee": null, "old_name": null, "start_date": null, "not:addr:postcode": null, "operator:website": null, "internet_access:ssid": null, "number": null, "addr:floor": null, "level": null, "payment:cash": null, "payment:credit_cards": null, "payment:debit_cards": null, "reg_name": null, "was:name": null, "addr:village": null, "contact:email": null, "was:wikidata": null, "was:wikipedia": null }, "geometry": { "type": "Point", "coordinates": [ -0.045479788389656, 51.5507996 ] } },
{ "type": "Feature", "properties": { "osm_type": "way", "osm_id": 45388015, "lon": -0.17432449960140251, "lat": 51.51743395, "source_geometry_type": "MultiPolygon", "addr:city": "London", "addr:housename": null, "addr:postcode": "W2 1NY", "addr:street": "Praed Street", "amenity": "hospital", "healthcare": "hospital", "name": "St Mary's Hospital", "category": "healthcare_hospitals", "phone": null, "public": null, "website": "https://www.imperial.nhs.uk/our-locations/st-marys-hospital", "addr:country": null, "addr:county": null, "addr:place": null, "contact:phone": null, "contact:website": null, "fhrs:id": null, "operator": null, "addr:housenumber": null, "description": null, "opening_hours": null, "email": null, "fax": null, "check_date": null, "healthcare:speciality": null, "source": null, "entrance": null, "wheelchair": null, "emergency": "yes", "internet_access": null, "operator:type": null, "ref:GB:cqc_location": null, "ref:GB:nhs_ods": null, "operator:wikidata": null, "long_name": null, "wikidata": "Q3495342", "wikipedia": "en:St Mary's Hospital, London", "alt_name": "Saint Mary's Hospital, Paddington", "loc_name": null, "beds": null, "source:addr": null, "landuse": null, "building": null, "image": null, "fhrs:authority": null, "fhrs:inspectiondate": null, "fhrs:rating": null, "source:postcode": null, "note": null, "wikimedia_commons": null, "building:levels": null, "height": null, "historic:operator": null, "name:uk": null, "fhrs:local_authority_id": null, "addr:suburb": null, "fixme": null, "fhrs:confidence_management": null, "fhrs:hygiene": null, "fhrs:structural": null, "ref:GB:uprn": null, "roof:levels": null, "building:colour": null, "building:material": null, "roof:colour": null, "healthcare:for": null, "name:ar": null, "internet_access:fee": null, "source:addr:postcode": null, "short_name": null, "barrier": null, "type": null, "toilets:wheelchair": null, "nohousenumber": null, "official_name": null, "roof:shape": null, "fee": null, "old_name": null, "start_date": null, "not:addr:postcode": null, "operator:website": null, "internet_access:ssid": null, "number": null, "addr:floor": null, "level": null, "payment:cash": null, "payment:credit_cards": null, "payment:debit_cards": null, "reg_name": null, "was:name": null, "addr:village": null, "contact:email": null, "was:wikidata": null, "was:wikipedia": null }, "geometry": { "type": "Point", "coordinates": [ -0.174324499601403, 51.51743395 ] } },
{ "type": "Feature", "properties": { "osm_type": "way", "osm_id": 47630726, "lon": -0.44543772817557803, "lat": 51.6156441, "source_geometry_type": "MultiPolygon", "addr:city": null, "addr:housename": null, "addr:postcode": null, "addr:street": null, "amenity": "hospital", "healthcare": "hospital", "name": "Mount Vernon", "category": "healthcare_hospitals", "phone": null, "public": null, "website": null, "addr:country": null, "addr:county": null, "addr:place": null, "contact:phone": null, "contact:website": null, "fhrs:id": null, "operator": null, "addr:housenumber": null, "description": null, "opening_hours": null, "email": null, "fax": null, "check_date": null, "healthcare:speciality": null, "source": null, "entrance": null, "wheelchair": null, "emergency": null, "internet_access": null, "operator:type": null, "ref:GB:cqc_location": null, "ref:GB:nhs_ods": null, "operator:wikidata": null, "long_name": null, "wikidata": "Q6924380", "wikipedia": null, "alt_name": null, "loc_name": null, "beds": null, "source:addr": null, "landuse": null, "building": null, "image": null, "fhrs:authority": null, "fhrs:inspectiondate": null, "fhrs:rating": null, "source:postcode": null, "note": null, "wikimedia_commons": null, "building:levels": null, "height": null, "historic:operator": null, "name:uk": null, "fhrs:local_authority_id": null, "addr:suburb": null, "fixme": null, "fhrs:confidence_management": null, "fhrs:hygiene": null, "fhrs:structural": null, "ref:GB:uprn": null, "roof:levels": null, "building:colour": null, "building:material": null, "roof:colour": null, "healthcare:for": null, "name:ar": null, "internet_access:fee": null, "source:addr:postcode": null, "short_name": null, "barrier": null, "type": null, "toilets:wheelchair": null, "nohousenumber": null, "official_name": null, "roof:shape": null, "fee": null, "old_name": null, "start_date": null, "not:addr:postcode": null, "operator:website": null, "internet_access:ssid": null, "number": null, "addr:floor": null, "level": null, "payment:cash": null, "payment:credit_cards": null, "payment:debit_cards": null, "reg_name": null, "was:name": null, "addr:village": null, "contact:email": null, "was:wikidata": null, "was:wikipedia": null }, "geometry": { "type": "Point", "coordinates": [ -0.445437728175578, 51.6156441 ] } },
{ "type": "Feature", "properties": { "osm_type": "way", "osm_id": 47698729, "lon": -0.30899513430482151, "lat": 51.63160605, "source_geometry_type": "MultiPolygon", "addr:city": null, "addr:housename": null, "addr:postcode": null, "addr:street": null, "amenity": "hospital", "healthcare": "hospital", "name": "Royal National Orthopaedic Hospital", "category": "healthcare_hospitals", "phone": null, "public": null, "website": null, "addr:country": null, "addr:county": null, "addr:place": null, "contact:phone": null, "contact:website": null, "fhrs:id": null, "operator": null, "addr:housenumber": null, "description": null, "opening_hours": null, "email": null, "fax": null, "check_date": null, "healthcare:speciality": null, "source": null, "entrance": null, "wheelchair": null, "emergency": null, "internet_access": null, "operator:type": null, "ref:GB:cqc_location": null, "ref:GB:nhs_ods": null, "operator:wikidata": null, "long_name": null, "wikidata": "Q7374518", "wikipedia": null, "alt_name": null, "loc_name": null, "beds": null, "source:addr": null, "landuse": null, "building": null, "image": null, "fhrs:authority": null, "fhrs:inspectiondate": null, "fhrs:rating": null, "source:postcode": null, "note": null, "wikimedia_commons": null, "building:levels": null, "height": null, "historic:operator": null, "name:uk": null, "fhrs:local_authority_id": null, "addr:suburb": null, "fixme": null, "fhrs:confidence_management": null, "fhrs:hygiene": null, "fhrs:structural": null, "ref:GB:uprn": null, "roof:levels": null, "building:colour": null, "building:material": null, "roof:colour": null, "healthcare:for": null, "name:ar": null, "internet_access:fee": null, "source:addr:postcode": null, "short_name": null, "barrier": null, "type": null, "toilets:wheelchair": null, "nohousenumber": null, "official_name": null, "roof:shape": null, "fee": null, "old_name": null, "start_date": null, "not:addr:postcode": null, "operator:website": null, "internet_access:ssid": null, "number": null, "addr:floor": null, "level": null, "payment:cash": null, "payment:credit_cards": null, "payment:debit_cards": null, "reg_name": null, "was:name": null, "addr:village": null, "contact:email": null, "was:wikidata": null, "was:wikipedia": null }, "geometry": { "type": "Point", "coordinates": [ -0.308995134304822, 51.63160605 ] } },
{ "type": "Feature", "properties": { "osm_type": "way", "osm_id": 48915770, "lon": -0.13935317803030103, "lat": 51.5665577, "source_geometry_type": "MultiPolygon", "addr:city": "London", "addr:housename": null, "addr:postcode": "N19 5NF", "addr:street": "Magdala Avenue", "amenity": "hospital", "healthcare": "hospital", "name": "The Whittington Hospital", "category": "healthcare_hospitals", "phone": null, "public": null, "website": null, "addr:country": null, "addr:county": null, "addr:place": null, "contact:phone": null, "contact:website": null, "fhrs:id": null, "operator": null, "addr:housenumber": null, "description": null, "opening_hours": null, "email": null, "fax": null, "check_date": null, "healthcare:speciality": null, "source": null, "entrance": null, "wheelchair": "yes", "emergency": null, "internet_access": null, "operator:type": null, "ref:GB:cqc_location": null, "ref:GB:nhs_ods": null, "operator:wikidata": null, "long_name": null, "wikidata": "Q7996907", "wikipedia": null, "alt_name": null, "loc_name": null, "beds": null, "source:addr": null, "landuse": null, "building": null, "image": null, "fhrs:authority": null, "fhrs:inspectiondate": null, "fhrs:rating": null, "source:postcode": null, "note": null, "wikimedia_commons": null, "building:levels": null, "height": null, "historic:operator": null, "name:uk": null, "fhrs:local_authority_id": null, "addr:suburb": "Highgate", "fixme": null, "fhrs:confidence_management": null, "fhrs:hygiene": null, "fhrs:structural": null, "ref:GB:uprn": null, "roof:levels": null, "building:colour": null, "building:material": null, "roof:colour": null, "healthcare:for": null, "name:ar": null, "internet_access:fee": null, "source:addr:postcode": null, "short_name": null, "barrier": null, "type": null, "toilets:wheelchair": null, "nohousenumber": null, "official_name": null, "roof:shape": null, "fee": null, "old_name": null, "start_date": null, "not:addr:postcode": null, "operator:website": null, "internet_access:ssid": null, "number": null, "addr:floor": null, "level": null, "payment:cash": null, "payment:credit_cards": null, "payment:debit_cards": null, "reg_name": null, "was:name": null, "addr:village": null, "contact:email": null, "was:wikidata": null, "was:wikipedia": null }, "geometry": { "type": "Point", "coordinates": [ -0.139353178030301, 51.5665577 ] } },
{ "type": "Feature", "properties": { "osm_type": "relation", "osm_id": 1204745, "lon": -0.30609915223269457, "lat": 51.55008745000001, "source_geometry_type": "MultiPolygon", "addr:city": null, "addr:housename": null, "addr:postcode": null, "addr:street": null, "amenity": "hospital", "healthcare": null, "name": "Wembley Centre for Health & Care", "category": "healthcare_hospitals", "phone": null, "public": null, "website": null, "addr:country": null, "addr:county": null, "addr:place": null, "contact:phone": null, "contact:website": null, "fhrs:id": null, "operator": null, "addr:housenumber": null, "description": null, "opening_hours": null, "email": null, "fax": null, "check_date": null, "healthcare:speciality": null, "source": "OS", "entrance": null, "wheelchair": null, "emergency": null, "internet_access": null, "operator:type": null, "ref:GB:cqc_location": null, "ref:GB:nhs_ods": null, "operator:wikidata": null, "long_name": null, "wikidata": null, "wikipedia": null, "alt_name": null, "loc_name": null, "beds": null, "source:addr": null, "landuse": null, "building": "yes", "image": null, "fhrs:authority": null, "fhrs:inspectiondate": null, "fhrs:rating": null, "source:postcode": null, "note": null, "wikimedia_commons": null, "building:levels": null, "height": null, "historic:operator": null, "name:uk": null, "fhrs:local_authority_id": null, "addr:suburb": null, "fixme": null, "fhrs:confidence_management": null, "fhrs:hygiene": null, "fhrs:structural": null, "ref:GB:uprn": null, "roof:levels": null, "building:colour": null, "building:material": null, "roof:colour": null, "healthcare:for": null, "name:ar": null, "internet_access:fee": null, "source:addr:postcode": null, "short_name": null, "barrier": null, "type": null, "toilets:wheelchair": null, "nohousenumber": null, "official_name": null, "roof:shape": null, "fee": null, "old_name": null, "start_date": null, "not:addr:postcode": null, "operator:website": null, "internet_access:ssid": null, "number": null, "addr:floor": null, "level": null, "payment:cash": null, "payment:credit_cards": null, "payment:debit_cards": null, "reg_name": null, "was:name": null, "addr:village": null, "contact:email": null, "was:wikidata": null, "was:wikipedia": null }, "geometry": { "type": "Point", "coordinates": [ -0.306099152232695, 51.55008745 ] } },
{ "type": "Feature", "properties": { "osm_type": "relation", "osm_id": 1204747, "lon": -0.30516598598872358, "lat": 51.55012045, "source_geometry_type": "MultiPolygon", "addr:city": null, "addr:housename": null, "addr:postcode": null, "addr:street": null, "amenity": "hospital", "healthcare": null, "name": null, "category": "healthcare_hospitals", "phone": null, "public": null, "website": null, "addr:country": null, "addr:county": null, "addr:place": null, "contact:phone": null, "contact:website": null, "fhrs:id": null, "operator": null, "addr:housenumber": null, "description": null, "opening_hours": null, "email": null, "fax": null, "check_date": null, "healthcare:speciality": null, "source": "OS", "entrance": null, "wheelchair": null, "emergency": null, "internet_access": null, "operator:type": null, "ref:GB:cqc_location": null, "ref:GB:nhs_ods": null, "operator:wikidata": null, "long_name": null, "wikidata": null, "wikipedia": null, "alt_name": null, "loc_name": null, "beds": null, "source:addr": null, "landuse": null, "building": "yes", "image": null, "fhrs:authority": null, "fhrs:inspectiondate": null, "fhrs:rating": null, "source:postcode": null, "note": null, "wikimedia_commons": null, "building:levels": null, "height": null, "historic:operator": null, "name:uk": null, "fhrs:local_authority_id": null, "addr:suburb": null, "fixme": null, "fhrs:confidence_management": null, "fhrs:hygiene": null, "fhrs:structural": null, "ref:GB:uprn": null, "roof:levels": null, "building:colour": null, "building:material": null, "roof:colour": null, "healthcare:for": null, "name:ar": null, "internet_access:fee": null, "source:addr:postcode": null, "short_name": null, "barrier": null, "type": null, "toilets:wheelchair": null, "nohousenumber": null, "official_name": null, "roof:shape": null, "fee": null, "old_name": null, "start_date": null, "not:addr:postcode": null, "operator:website": null, "internet_access:ssid": null, "number": null, "addr:floor": null, "level": null, "payment:cash": null, "payment:credit_cards": null, "payment:debit_cards": null, "reg_name": null, "was:name": null, "addr:village": null, "contact:email": null, "was:wikidata": null, "was:wikipedia": null }, "geometry": { "type": "Point", "coordinates": [ -0.305165985988724, 51.55012045 ] } },
{ "type": "Feature", "properties": { "osm_type": "way", "osm_id": 80402499, "lon": -0.34516025047376475, "lat": 51.5078786, "source_geometry_type": "MultiPolygon", "addr:city": "Southall", "addr:housename": null, "addr:postcode": "UB1 3HW", "addr:street": "Uxbridge Road", "amenity": "hospital", "healthcare": "hospital", "name": "Ealing Hospital", "category": "healthcare_hospitals", "phone": "+44 20 8967 5000", "public": null, "website": null, "addr:country": null, "addr:county": null, "addr:place": null, "contact:phone": null, "contact:website": "https://www.lnwh.nhs.uk/ealing-hospital/?", "fhrs:id": null, "operator": null, "addr:housenumber": null, "description": null, "opening_hours": null, "email": null, "fax": null, "check_date": null, "healthcare:speciality": null, "source": null, "entrance": null, "wheelchair": "yes", "emergency": "yes", "internet_access": null, "operator:type": null, "ref:GB:cqc_location": null, "ref:GB:nhs_ods": null, "operator:wikidata": null, "long_name": null, "wikidata": null, "wikipedia": null, "alt_name": null, "loc_name": null, "beds": null, "source:addr": null, "landuse": null, "building": null, "image": null, "fhrs:authority": null, "fhrs:inspectiondate": null, "fhrs:rating": null, "source:postcode": null, "note": null, "wikimedia_commons": null, "building:levels": null, "height": null, "historic:operator": null, "name:uk": null, "fhrs:local_authority_id": null, "addr:suburb": null, "fixme": null, "fhrs:confidence_management": null, "fhrs:hygiene": null, "fhrs:structural": null, "ref:GB:uprn": null, "roof:levels": null, "building:colour": null, "building:material": null, "roof:colour": null, "healthcare:for": null, "name:ar": null, "internet_access:fee": null, "source:addr:postcode": null, "short_name": null, "barrier": null, "type": null, "toilets:wheelchair": null, "nohousenumber": null, "official_name": null, "roof:shape": null, "fee": null, "old_name": null, "start_date": null, "not:addr:postcode": null, "operator:website": null, "internet_access:ssid": null, "number": null, "addr:floor": null, "level": null, "payment:cash": null, "payment:credit_cards": null, "payment:debit_cards": null, "reg_name": null, "was:name": null, "addr:village": null, "contact:email": null, "was:wikidata": null, "was:wikipedia": null }, "geometry": { "type": "Point", "coordinates": [ -0.345160250473765, 51.5078786 ] } },
{ "type": "Feature", "properties": { "osm_type": "way", "osm_id": 80888181, "lon": -0.15291093286437757, "lat": 51.52238665, "source_geometry_type": "MultiPolygon", "addr:city": null, "addr:housename": null, "addr:postcode": null, "addr:street": null, "amenity": "hospital", "healthcare": "hospital", "name": "The Princess Grace Hospital", "category": "healthcare_hospitals", "phone": null, "public": null, "website": null, "addr:country": null, "addr:county": null, "addr:place": null, "contact:phone": null, "contact:website": null, "fhrs:id": null, "operator": "HCA", "addr:housenumber": null, "description": null, "opening_hours": null, "email": null, "fax": null, "check_date": "2025-09-21", "healthcare:speciality": null, "source": "Bing;survey", "entrance": null, "wheelchair": null, "emergency": null, "internet_access": null, "operator:type": "private", "ref:GB:cqc_location": null, "ref:GB:nhs_ods": null, "operator:wikidata": null, "long_name": null, "wikidata": "Q16901558", "wikipedia": null, "alt_name": null, "loc_name": null, "beds": null, "source:addr": null, "landuse": null, "building": "yes", "image": null, "fhrs:authority": null, "fhrs:inspectiondate": null, "fhrs:rating": null, "source:postcode": null, "note": null, "wikimedia_commons": null, "building:levels": "5", "height": null, "historic:operator": null, "name:uk": null, "fhrs:local_authority_id": null, "addr:suburb": null, "fixme": "Does this merit the tag 'hospital', i.e. it has in-patients?", "fhrs:confidence_management": null, "fhrs:hygiene": null, "fhrs:structural": null, "ref:GB:uprn": null, "roof:levels": null, "building:colour": null, "building:material": null, "roof:colour": null, "healthcare:for": null, "name:ar": null, "internet_access:fee": null, "source:addr:postcode": null, "short_name": null, "barrier": null, "type": null, "toilets:wheelchair": null, "nohousenumber": null, "official_name": null, "roof:shape": null, "fee": null, "old_name": null, "start_date": null, "not:addr:postcode": null, "operator:website": null, "internet_access:ssid": null, "number": null, "addr:floor": null, "level": null, "payment:cash": null, "payment:credit_cards": null, "payment:debit_cards": null, "reg_name": null, "was:name": null, "addr:village": null, "contact:email": null, "was:wikidata": null, "was:wikipedia": null }, "geometry": { "type": "Point", "coordinates": [ -0.152910932864378, 51.52238665 ] } },
{ "type": "Feature", "properties": { "osm_type": "way", "osm_id": 80888190, "lon": -0.15041009347674344, "lat": 51.52091095, "source_geometry_type": "MultiPolygon", "addr:city": "London", "addr:housename": "King Edward VII's Hospital", "addr:postcode": "W1G 6AA", "addr:street": "Beaumont Street", "amenity": "hospital", "healthcare": "hospital", "name": "King Edward VII's Hospital", "category": "healthcare_hospitals", "phone": null, "public": null, "website": "https://www.kingedwardvii.co.uk/", "addr:country": "GB", "addr:county": null, "addr:place": null, "contact:phone": null, "contact:website": null, "fhrs:id": "413238", "operator": null, "addr:housenumber": "5-10", "description": null, "opening_hours": null, "email": null, "fax": null, "check_date": "2024-04-18", "healthcare:speciality": null, "source": "survey", "entrance": null, "wheelchair": null, "emergency": null, "internet_access": null, "operator:type": null, "ref:GB:cqc_location": "1-114202635", "ref:GB:nhs_ods": null, "operator:wikidata": null, "long_name": null, "wikidata": "Q580652", "wikipedia": "en:King Edward VII's Hospital", "alt_name": null, "loc_name": null, "beds": null, "source:addr": "FSA Food Hygiene Ratings Database", "landuse": null, "building": "yes", "image": null, "fhrs:authority": null, "fhrs:inspectiondate": null, "fhrs:rating": "5", "source:postcode": "FSA Food Hygiene Ratings Database", "note": null, "wikimedia_commons": null, "building:levels": null, "height": null, "historic:operator": null, "name:uk": null, "fhrs:local_authority_id": "01108/0055/1/000", "addr:suburb": null, "fixme": null, "fhrs:confidence_management": "0", "fhrs:hygiene": "0", "fhrs:structural": "0", "ref:GB:uprn": "10033529930;10033601882", "roof:levels": null, "building:colour": null, "building:material": null, "roof:colour": null, "healthcare:for": null, "name:ar": null, "internet_access:fee": null, "source:addr:postcode": null, "short_name": null, "barrier": null, "type": null, "toilets:wheelchair": null, "nohousenumber": null, "official_name": null, "roof:shape": null, "fee": null, "old_name": null, "start_date": null, "not:addr:postcode": null, "operator:website": null, "internet_access:ssid": null, "number": null, "addr:floor": null, "level": null, "payment:cash": null, "payment:credit_cards": null, "payment:debit_cards": null, "reg_name": null, "was:name": null, "addr:village": null, "contact:email": null, "was:wikidata": null, "was:wikipedia": null }, "geometry": { "type": "Point", "coordinates": [ -0.150410093476743, 51.52091095 ] } },
{ "type": "Feature", "properties": { "osm_type": "way", "osm_id": 80888195, "lon": -0.14430632018167633, "lat": 51.52305945000001, "source_geometry_type": "MultiPolygon", "addr:city": "London", "addr:housename": null, "addr:postcode": "W1W 5AH", "addr:street": "Great Portland Street", "amenity": "hospital", "healthcare": "hospital", "name": "The Portland Hospital", "category": "healthcare_hospitals", "phone": null, "public": null, "website": null, "addr:country": null, "addr:county": null, "addr:place": null, "contact:phone": null, "contact:website": null, "fhrs:id": "411924", "operator": null, "addr:housenumber": "205-209", "description": null, "opening_hours": null, "email": null, "fax": null, "check_date": "2025-06-24", "healthcare:speciality": null, "source": "survey", "entrance": null, "wheelchair": null, "emergency": "no", "internet_access": null, "operator:type": null, "ref:GB:cqc_location": "1-126955917", "ref:GB:nhs_ods": "NW604", "operator:wikidata": null, "long_name": null, "wikidata": "Q7231952", "wikipedia": null, "alt_name": null, "loc_name": null, "beds": null, "source:addr": "FHRS Open Data", "landuse": null, "building": "yes", "image": null, "fhrs:authority": null, "fhrs:inspectiondate": null, "fhrs:rating": null, "source:postcode": null, "note": null, "wikimedia_commons": null, "building:levels": null, "height": null, "historic:operator": null, "name:uk": null, "fhrs:local_authority_id": null, "addr:suburb": null, "fixme": null, "fhrs:confidence_management": null, "fhrs:hygiene": null, "fhrs:structural": null, "ref:GB:uprn": null, "roof:levels": null, "building:colour": null, "building:material": null, "roof:colour": null, "healthcare:for": null, "name:ar": null, "internet_access:fee": null, "source:addr:postcode": null, "short_name": null, "barrier": null, "type": null, "toilets:wheelchair": null, "nohousenumber": null, "official_name": null, "roof:shape": null, "fee": null, "old_name": null, "start_date": null, "not:addr:postcode": null, "operator:website": null, "internet_access:ssid": null, "number": null, "addr:floor": null, "level": null, "payment:cash": null, "payment:credit_cards": null, "payment:debit_cards": null, "reg_name": null, "was:name": null, "addr:village": null, "contact:email": null, "was:wikidata": null, "was:wikipedia": null }, "geometry": { "type": "Point", "coordinates": [ -0.144306320181676, 51.52305945 ] } },
{ "type": "Feature", "properties": { "osm_type": "way", "osm_id": 85472872, "lon": -0.17100462152092888, "lat": 51.48938045, "source_geometry_type": "MultiPolygon", "addr:city": "London", "addr:housename": null, "addr:postcode": "SW3 6PY", "addr:street": "Sydney Street", "amenity": "hospital", "healthcare": "hospital", "name": "Royal Brompton Hospital", "category": "healthcare_hospitals", "phone": null, "public": null, "website": null, "addr:country": null, "addr:county": null, "addr:place": null, "contact:phone": null, "contact:website": null, "fhrs:id": null, "operator": "Guy's and St Thomas' NHS Foundation Trust", "addr:housenumber": null, "description": null, "opening_hours": null, "email": null, "fax": null, "check_date": null, "healthcare:speciality": null, "source": null, "entrance": null, "wheelchair": null, "emergency": "no", "internet_access": null, "operator:type": null, "ref:GB:cqc_location": null, "ref:GB:nhs_ods": null, "operator:wikidata": null, "long_name": null, "wikidata": "Q7373850", "wikipedia": null, "alt_name": null, "loc_name": null, "beds": null, "source:addr": null, "landuse": null, "building": null, "image": null, "fhrs:authority": null, "fhrs:inspectiondate": null, "fhrs:rating": null, "source:postcode": "FHRS Open Data", "note": null, "wikimedia_commons": null, "building:levels": null, "height": null, "historic:operator": null, "name:uk": null, "fhrs:local_authority_id": null, "addr:suburb": null, "fixme": null, "fhrs:confidence_management": null, "fhrs:hygiene": null, "fhrs:structural": null, "ref:GB:uprn": null, "roof:levels": null, "building:colour": null, "building:material": null, "roof:colour": null, "healthcare:for": null, "name:ar": null, "internet_access:fee": null, "source:addr:postcode": null, "short_name": null, "barrier": null, "type": null, "toilets:wheelchair": null, "nohousenumber": null, "official_name": null, "roof:shape": null, "fee": null, "old_name": null, "start_date": null, "not:addr:postcode": null, "operator:website": null, "internet_access:ssid": null, "number": null, "addr:floor": null, "level": null, "payment:cash": null, "payment:credit_cards": null, "payment:debit_cards": null, "reg_name": null, "was:name": null, "addr:village": null, "contact:email": null, "was:wikidata": null, "was:wikipedia": null }, "geometry": { "type": "Point", "coordinates": [ -0.171004621520929, 51.48938045 ] } },
{ "type": "Feature", "properties": { "osm_type": "way", "osm_id": 85472885, "lon": -0.17262143336605104, "lat": 51.49056885, "source_geometry_type": "MultiPolygon", "addr:city": null, "addr:housename": null, "addr:postcode": null, "addr:street": null, "amenity": "hospital", "healthcare": "hospital", "name": "The Royal Marsden Hospital", "category": "healthcare_hospitals", "phone": null, "public": null, "website": null, "addr:country": null, "addr:county": null, "addr:place": null, "contact:phone": null, "contact:website": null, "fhrs:id": null, "operator": null, "addr:housenumber": null, "description": null, "opening_hours": null, "email": null, "fax": null, "check_date": null, "healthcare:speciality": null, "source": null, "entrance": null, "wheelchair": null, "emergency": null, "internet_access": null, "operator:type": null, "ref:GB:cqc_location": null, "ref:GB:nhs_ods": null, "operator:wikidata": null, "long_name": null, "wikidata": "Q7761706", "wikipedia": null, "alt_name": null, "loc_name": null, "beds": null, "source:addr": null, "landuse": null, "building": null, "image": null, "fhrs:authority": null, "fhrs:inspectiondate": null, "fhrs:rating": null, "source:postcode": null, "note": null, "wikimedia_commons": null, "building:levels": null, "height": null, "historic:operator": null, "name:uk": null, "fhrs:local_authority_id": null, "addr:suburb": null, "fixme": null, "fhrs:confidence_management": null, "fhrs:hygiene": null, "fhrs:structural": null, "ref:GB:uprn": null, "roof:levels": null, "building:colour": null, "building:material": null, "roof:colour": null, "healthcare:for": null, "name:ar": null, "internet_access:fee": null, "source:addr:postcode": null, "short_name": null, "barrier": null, "type": null, "toilets:wheelchair": null, "nohousenumber": null, "official_name": null, "roof:shape": null, "fee": null, "old_name": null, "start_date": null, "not:addr:postcode": null, "operator:website": null, "internet_access:ssid": null, "number": null, "addr:floor": null, "level": null, "payment:cash": null, "payment:credit_cards": null, "payment:debit_cards": null, "reg_name": null, "was:name": null, "addr:village": null, "contact:email": null, "was:wikidata": null, "was:wikipedia": null }, "geometry": { "type": "Point", "coordinates": [ -0.172621433366051, 51.49056885 ] } },
{ "type": "Feature", "properties": { "osm_type": "way", "osm_id": 89825005, "lon": -0.10962313256297207, "lat": 51.49719765, "source_geometry_type": "MultiPolygon", "addr:city": "London", "addr:housename": null, "addr:postcode": "SE1 7PW", "addr:street": "Barkham Terrace", "amenity": "hospital", "healthcare": "hospital", "name": "Cambian Churchill", "category": "healthcare_hospitals", "phone": null, "public": null, "website": null, "addr:country": null, "addr:county": null, "addr:place": null, "contact:phone": null, "contact:website": null, "fhrs:id": "1149999", "operator": null, "addr:housenumber": "22", "description": null, "opening_hours": null, "email": null, "fax": null, "check_date": "2025-09-18", "healthcare:speciality": null, "source": null, "entrance": null, "wheelchair": null, "emergency": null, "internet_access": null, "operator:type": null, "ref:GB:cqc_location": null, "ref:GB:nhs_ods": null, "operator:wikidata": null, "long_name": null, "wikidata": null, "wikipedia": null, "alt_name": null, "loc_name": null, "beds": null, "source:addr": null, "landuse": null, "building": "hospital", "image": null, "fhrs:authority": null, "fhrs:inspectiondate": null, "fhrs:rating": null, "source:postcode": null, "note": null, "wikimedia_commons": null, "building:levels": "4", "height": null, "historic:operator": null, "name:uk": null, "fhrs:local_authority_id": null, "addr:suburb": null, "fixme": null, "fhrs:confidence_management": null, "fhrs:hygiene": null, "fhrs:structural": null, "ref:GB:uprn": null, "roof:levels": "1", "building:colour": null, "building:material": null, "roof:colour": null, "healthcare:for": null, "name:ar": null, "internet_access:fee": null, "source:addr:postcode": null, "short_name": null, "barrier": null, "type": null, "toilets:wheelchair": null, "nohousenumber": null, "official_name": null, "roof:shape": null, "fee": null, "old_name": null, "start_date": null, "not:addr:postcode": null, "operator:website": null, "internet_access:ssid": null, "number": null, "addr:floor": null, "level": null, "payment:cash": null, "payment:credit_cards": null, "payment:debit_cards": null, "reg_name": null, "was:name": null, "addr:village": null, "contact:email": null, "was:wikidata": null, "was:wikipedia": null }, "geometry": { "type": "Point", "coordinates": [ -0.109623132562972, 51.49719765 ] } },
{ "type": "Feature", "properties": { "osm_type": "relation", "osm_id": 1333891, "lon": -0.29821313178982689, "lat": 51.4950934, "source_geometry_type": "MultiPolygon", "addr:city": null, "addr:housename": null, "addr:postcode": null, "addr:street": null, "amenity": "hospital", "healthcare": null, "name": "Clayponds Hospital", "category": "healthcare_hospitals", "phone": null, "public": null, "website": null, "addr:country": null, "addr:county": null, "addr:place": null, "contact:phone": null, "contact:website": null, "fhrs:id": null, "operator": null, "addr:housenumber": null, "description": null, "opening_hours": null, "email": null, "fax": null, "check_date": null, "healthcare:speciality": null, "source": null, "entrance": null, "wheelchair": null, "emergency": null, "internet_access": null, "operator:type": null, "ref:GB:cqc_location": null, "ref:GB:nhs_ods": null, "operator:wikidata": null, "long_name": null, "wikidata": null, "wikipedia": null, "alt_name": null, "loc_name": null, "beds": null, "source:addr": null, "landuse": null, "building": "yes", "image": null, "fhrs:authority": null, "fhrs:inspectiondate": null, "fhrs:rating": null, "source:postcode": null, "note": null, "wikimedia_commons": null, "building:levels": null, "height": null, "historic:operator": null, "name:uk": null, "fhrs:local_authority_id": null, "addr:suburb": null, "fixme": null, "fhrs:confidence_management": null, "fhrs:hygiene": null, "fhrs:structural": null, "ref:GB:uprn": null, "roof:levels": null, "building:colour": null, "building:material": null, "roof:colour": null, "healthcare:for": null, "name:ar": null, "internet_access:fee": null, "source:addr:postcode": null, "short_name": null, "barrier": null, "type": null, "toilets:wheelchair": null, "nohousenumber": null, "official_name": null, "roof:shape": null, "fee": null, "old_name": null, "start_date": null, "not:addr:postcode": null, "operator:website": null, "internet_access:ssid": null, "number": null, "addr:floor": null, "level": null, "payment:cash": null, "payment:credit_cards": null, "payment:debit_cards": null, "reg_name": null, "was:name": null, "addr:village": null, "contact:email": null, "was:wikidata": null, "was:wikipedia": null }, "geometry": { "type": "Point", "coordinates": [ -0.298213131789827, 51.4950934 ] } },
{ "type": "Feature", "properties": { "osm_type": "way", "osm_id": 92785814, "lon": -0.28197175905807437, "lat": 51.5904169, "source_geometry_type": "MultiPolygon", "addr:city": null, "addr:housename": null, "addr:postcode": null, "addr:street": null, "amenity": "hospital", "healthcare": null, "name": null, "category": "healthcare_hospitals", "phone": null, "public": null, "website": null, "addr:country": null, "addr:county": null, "addr:place": null, "contact:phone": null, "contact:website": null, "fhrs:id": null, "operator": null, "addr:housenumber": null, "description": null, "opening_hours": null, "email": null, "fax": null, "check_date": null, "healthcare:speciality": null, "source": "OS", "entrance": null, "wheelchair": null, "emergency": null, "internet_access": null, "operator:type": null, "ref:GB:cqc_location": null, "ref:GB:nhs_ods": null, "operator:wikidata": null, "long_name": null, "wikidata": null, "wikipedia": null, "alt_name": null, "loc_name": null, "beds": null, "source:addr": null, "landuse": null, "building": null, "image": null, "fhrs:authority": null, "fhrs:inspectiondate": null, "fhrs:rating": null, "source:postcode": null, "note": null, "wikimedia_commons": null, "building:levels": null, "height": null, "historic:operator": null, "name:uk": null, "fhrs:local_authority_id": null, "addr:suburb": null, "fixme": null, "fhrs:confidence_management": null, "fhrs:hygiene": null, "fhrs:structural": null, "ref:GB:uprn": null, "roof:levels": null, "building:colour": null, "building:material": null, "roof:colour": null, "healthcare:for": null, "name:ar": null, "internet_access:fee": null, "source:addr:postcode": null, "short_name": null, "barrier": null, "type": null, "toilets:wheelchair": null, "nohousenumber": null, "official_name": null, "roof:shape": null, "fee": null, "old_name": null, "start_date": null, "not:addr:postcode": null, "operator:website": null, "internet_access:ssid": null, "number": null, "addr:floor": null, "level": null, "payment:cash": null, "payment:credit_cards": null, "payment:debit_cards": null, "reg_name": null, "was:name": null, "addr:village": null, "contact:email": null, "was:wikidata": null, "was:wikipedia": null }, "geometry": { "type": "Point", "coordinates": [ -0.281971759058074, 51.5904169 ] } },
{ "type": "Feature", "properties": { "osm_type": "way", "osm_id": 97175523, "lon": -0.10154194544398007, "lat": 51.5201865, "source_geometry_type": "MultiPolygon", "addr:city": "London", "addr:housename": null, "addr:postcode": null, "addr:street": "St. John Street", "amenity": "hospital", "healthcare": "hospital", "name": "CRGH", "category": "healthcare_hospitals", "phone": null, "public": null, "website": null, "addr:country": null, "addr:county": null, "addr:place": null, "contact:phone": null, "contact:website": null, "fhrs:id": null, "operator": "City Fertility Limited", "addr:housenumber": "16", "description": null, "opening_hours": null, "email": null, "fax": null, "check_date": null, "healthcare:speciality": "fertility", "source": null, "entrance": null, "wheelchair": null, "emergency": null, "internet_access": null, "operator:type": null, "ref:GB:cqc_location": "1-483017017", "ref:GB:nhs_ods": null, "operator:wikidata": null, "long_name": null, "wikidata": null, "wikipedia": null, "alt_name": null, "loc_name": null, "beds": null, "source:addr": null, "landuse": null, "building": "yes", "image": null, "fhrs:authority": null, "fhrs:inspectiondate": null, "fhrs:rating": null, "source:postcode": null, "note": null, "wikimedia_commons": null, "building:levels": "4", "height": null, "historic:operator": null, "name:uk": null, "fhrs:local_authority_id": null, "addr:suburb": null, "fixme": null, "fhrs:confidence_management": null, "fhrs:hygiene": null, "fhrs:structural": null, "ref:GB:uprn": null, "roof:levels": null, "building:colour": "#A0522D", "building:material": "brick", "roof:colour": "darkgrey", "healthcare:for": null, "name:ar": null, "internet_access:fee": null, "source:addr:postcode": null, "short_name": null, "barrier": null, "type": null, "toilets:wheelchair": null, "nohousenumber": null, "official_name": null, "roof:shape": null, "fee": null, "old_name": null, "start_date": null, "not:addr:postcode": null, "operator:website": null, "internet_access:ssid": null, "number": null, "addr:floor": null, "level": null, "payment:cash": null, "payment:credit_cards": null, "payment:debit_cards": null, "reg_name": null, "was:name": null, "addr:village": null, "contact:email": null, "was:wikidata": null, "was:wikipedia": null }, "geometry": { "type": "Point", "coordinates": [ -0.10154194544398, 51.5201865 ] } },
{ "type": "Feature", "properties": { "osm_type": "way", "osm_id": 102265907, "lon": -0.09387086517387308, "lat": 51.46969345, "source_geometry_type": "MultiPolygon", "addr:city": "London", "addr:housename": null, "addr:postcode": null, "addr:street": "Caldecot Road", "amenity": null, "healthcare": "hospital", "name": "Caldecot Centre", "category": "healthcare_hospitals", "phone": null, "public": null, "website": null, "addr:country": null, "addr:county": null, "addr:place": null, "contact:phone": null, "contact:website": null, "fhrs:id": null, "operator": "King's College Hospital NHS Foundation Trust", "addr:housenumber": "15-22", "description": null, "opening_hours": null, "email": null, "fax": null, "check_date": null, "healthcare:speciality": "sexual_health", "source": null, "entrance": null, "wheelchair": null, "emergency": null, "internet_access": null, "operator:type": null, "ref:GB:cqc_location": null, "ref:GB:nhs_ods": null, "operator:wikidata": null, "long_name": null, "wikidata": null, "wikipedia": null, "alt_name": null, "loc_name": null, "beds": null, "source:addr": null, "landuse": null, "building": "hospital", "image": null, "fhrs:authority": null, "fhrs:inspectiondate": null, "fhrs:rating": null, "source:postcode": null, "note": null, "wikimedia_commons": null, "building:levels": null, "height": null, "historic:operator": null, "name:uk": null, "fhrs:local_authority_id": null, "addr:suburb": null, "fixme": null, "fhrs:confidence_management": null, "fhrs:hygiene": null, "fhrs:structural": null, "ref:GB:uprn": "100023571206", "roof:levels": null, "building:colour": null, "building:material": null, "roof:colour": null, "healthcare:for": null, "name:ar": null, "internet_access:fee": null, "source:addr:postcode": null, "short_name": null, "barrier": null, "type": null, "toilets:wheelchair": null, "nohousenumber": null, "official_name": null, "roof:shape": null, "fee": null, "old_name": null, "start_date": null, "not:addr:postcode": null, "operator:website": null, "internet_access:ssid": null, "number": null, "addr:floor": null, "level": null, "payment:cash": null, "payment:credit_cards": null, "payment:debit_cards": null, "reg_name": null, "was:name": null, "addr:village": null, "contact:email": null, "was:wikidata": null, "was:wikipedia": null }, "geometry": { "type": "Point", "coordinates": [ -0.093870865173873, 51.46969345 ] } },
{ "type": "Feature", "properties": { "osm_type": "way", "osm_id": 110476079, "lon": -0.14937614426608853, "lat": 51.5182529, "source_geometry_type": "MultiPolygon", "addr:city": "London", "addr:housename": null, "addr:postcode": null, "addr:street": "Welbeck Street", "amenity": "hospital", "healthcare": "hospital", "name": "The London Welbeck Hospital", "category": "healthcare_hospitals", "phone": null, "public": null, "website": "https://londonwelbeckhospital.co.uk/", "addr:country": null, "addr:county": null, "addr:place": null, "contact:phone": null, "contact:website": null, "fhrs:id": null, "operator": null, "addr:housenumber": "27", "description": null, "opening_hours": null, "email": null, "fax": null, "check_date": "2025-01-31", "healthcare:speciality": "plastic_surgery;surgery;paediatric_surgery;dental_oral_maxillo_facial_surgery", "source": null, "entrance": null, "wheelchair": null, "emergency": null, "internet_access": null, "operator:type": null, "ref:GB:cqc_location": null, "ref:GB:nhs_ods": null, "operator:wikidata": null, "long_name": null, "wikidata": "Q6671010", "wikipedia": "en:London Welbeck Hospital", "alt_name": null, "loc_name": null, "beds": null, "source:addr": null, "landuse": null, "building": null, "image": null, "fhrs:authority": null, "fhrs:inspectiondate": null, "fhrs:rating": null, "source:postcode": null, "note": null, "wikimedia_commons": null, "building:levels": null, "height": null, "historic:operator": null, "name:uk": null, "fhrs:local_authority_id": null, "addr:suburb": null, "fixme": null, "fhrs:confidence_management": null, "fhrs:hygiene": null, "fhrs:structural": null, "ref:GB:uprn": null, "roof:levels": null, "building:colour": null, "building:material": null, "roof:colour": null, "healthcare:for": null, "name:ar": null, "internet_access:fee": null, "source:addr:postcode": null, "short_name": null, "barrier": null, "type": null, "toilets:wheelchair": null, "nohousenumber": null, "official_name": null, "roof:shape": null, "fee": null, "old_name": null, "start_date": null, "not:addr:postcode": null, "operator:website": null, "internet_access:ssid": null, "number": null, "addr:floor": null, "level": null, "payment:cash": null, "payment:credit_cards": null, "payment:debit_cards": null, "reg_name": null, "was:name": null, "addr:village": null, "contact:email": null, "was:wikidata": null, "was:wikipedia": null }, "geometry": { "type": "Point", "coordinates": [ -0.149376144266089, 51.5182529 ] } },
{ "type": "Feature", "properties": { "osm_type": "way", "osm_id": 111343934, "lon": -0.15020584719311775, "lat": 51.4864471, "source_geometry_type": "MultiPolygon", "addr:city": "London", "addr:housename": "The Lister Hospital", "addr:postcode": "SW1W 8RH", "addr:street": "Chelsea Bridge Road", "amenity": "hospital", "healthcare": "hospital", "name": "Lister Hospital", "category": "healthcare_hospitals", "phone": null, "public": null, "website": null, "addr:country": null, "addr:county": null, "addr:place": null, "contact:phone": null, "contact:website": null, "fhrs:id": null, "operator": null, "addr:housenumber": null, "description": null, "opening_hours": null, "email": null, "fax": null, "check_date": "2024-10-31", "healthcare:speciality": null, "source": "Bing", "entrance": null, "wheelchair": null, "emergency": null, "internet_access": null, "operator:type": null, "ref:GB:cqc_location": null, "ref:GB:nhs_ods": null, "operator:wikidata": null, "long_name": null, "wikidata": "Q6646489", "wikipedia": null, "alt_name": null, "loc_name": null, "beds": null, "source:addr": null, "landuse": null, "building": "hospital", "image": null, "fhrs:authority": null, "fhrs:inspectiondate": null, "fhrs:rating": null, "source:postcode": null, "note": null, "wikimedia_commons": null, "building:levels": "4", "height": null, "historic:operator": null, "name:uk": null, "fhrs:local_authority_id": null, "addr:suburb": null, "fixme": null, "fhrs:confidence_management": null, "fhrs:hygiene": null, "fhrs:structural": null, "ref:GB:uprn": "100023345418", "roof:levels": "1", "building:colour": null, "building:material": null, "roof:colour": null, "healthcare:for": null, "name:ar": null, "internet_access:fee": null, "source:addr:postcode": null, "short_name": null, "barrier": null, "type": null, "toilets:wheelchair": null, "nohousenumber": null, "official_name": null, "roof:shape": null, "fee": null, "old_name": null, "start_date": null, "not:addr:postcode": null, "operator:website": null, "internet_access:ssid": null, "number": null, "addr:floor": null, "level": null, "payment:cash": null, "payment:credit_cards": null, "payment:debit_cards": null, "reg_name": null, "was:name": null, "addr:village": null, "contact:email": null, "was:wikidata": null, "was:wikipedia": null }, "geometry": { "type": "Point", "coordinates": [ -0.150205847193118, 51.4864471 ] } },
{ "type": "Feature", "properties": { "osm_type": "way", "osm_id": 111800473, "lon": -0.13463041668814224, "lat": 51.4914696, "source_geometry_type": "MultiPolygon", "addr:city": "London", "addr:housename": "Hopkinson House", "addr:postcode": null, "addr:street": null, "amenity": "hospital", "healthcare": "hospital", "name": "Vincent Square Clinic", "category": "healthcare_hospitals", "phone": null, "public": null, "website": null, "addr:country": null, "addr:county": null, "addr:place": null, "contact:phone": null, "contact:website": null, "fhrs:id": null, "operator": null, "addr:housenumber": null, "description": null, "opening_hours": null, "email": null, "fax": null, "check_date": null, "healthcare:speciality": null, "source": null, "entrance": null, "wheelchair": "yes", "emergency": null, "internet_access": null, "operator:type": null, "ref:GB:cqc_location": null, "ref:GB:nhs_ods": null, "operator:wikidata": null, "long_name": null, "wikidata": null, "wikipedia": null, "alt_name": null, "loc_name": null, "beds": null, "source:addr": null, "landuse": null, "building": "yes", "image": null, "fhrs:authority": null, "fhrs:inspectiondate": null, "fhrs:rating": null, "source:postcode": null, "note": null, "wikimedia_commons": null, "building:levels": null, "height": null, "historic:operator": null, "name:uk": null, "fhrs:local_authority_id": null, "addr:suburb": null, "fixme": null, "fhrs:confidence_management": null, "fhrs:hygiene": null, "fhrs:structural": null, "ref:GB:uprn": null, "roof:levels": null, "building:colour": null, "building:material": null, "roof:colour": null, "healthcare:for": null, "name:ar": null, "internet_access:fee": null, "source:addr:postcode": null, "short_name": null, "barrier": null, "type": null, "toilets:wheelchair": null, "nohousenumber": null, "official_name": null, "roof:shape": null, "fee": null, "old_name": null, "start_date": null, "not:addr:postcode": null, "operator:website": null, "internet_access:ssid": null, "number": null, "addr:floor": null, "level": null, "payment:cash": null, "payment:credit_cards": null, "payment:debit_cards": null, "reg_name": null, "was:name": null, "addr:village": null, "contact:email": null, "was:wikidata": null, "was:wikipedia": null }, "geometry": { "type": "Point", "coordinates": [ -0.134630416688142, 51.4914696 ] } },
{ "type": "Feature", "properties": { "osm_type": "way", "osm_id": 112682015, "lon": -0.13598024753063814, "lat": 51.49215905, "source_geometry_type": "MultiPolygon", "addr:city": "London", "addr:housename": null, "addr:postcode": "SW1V 2RH", "addr:street": "Bloomburg Street", "amenity": "hospital", "healthcare": "hospital", "name": "Gordon Hospital", "category": "healthcare_hospitals", "phone": null, "public": null, "website": null, "addr:country": null, "addr:county": null, "addr:place": null, "contact:phone": null, "contact:website": null, "fhrs:id": "412339", "operator": null, "addr:housenumber": null, "description": null, "opening_hours": null, "email": null, "fax": null, "check_date": null, "healthcare:speciality": null, "source": null, "entrance": null, "wheelchair": null, "emergency": null, "internet_access": null, "operator:type": null, "ref:GB:cqc_location": null, "ref:GB:nhs_ods": null, "operator:wikidata": null, "long_name": null, "wikidata": "Q60747194", "wikipedia": null, "alt_name": null, "loc_name": null, "beds": null, "source:addr": null, "landuse": null, "building": "yes", "image": null, "fhrs:authority": null, "fhrs:inspectiondate": null, "fhrs:rating": null, "source:postcode": null, "note": null, "wikimedia_commons": null, "building:levels": null, "height": null, "historic:operator": null, "name:uk": null, "fhrs:local_authority_id": null, "addr:suburb": null, "fixme": null, "fhrs:confidence_management": null, "fhrs:hygiene": null, "fhrs:structural": null, "ref:GB:uprn": null, "roof:levels": null, "building:colour": null, "building:material": null, "roof:colour": null, "healthcare:for": null, "name:ar": null, "internet_access:fee": null, "source:addr:postcode": null, "short_name": null, "barrier": null, "type": null, "toilets:wheelchair": null, "nohousenumber": null, "official_name": null, "roof:shape": null, "fee": null, "old_name": null, "start_date": null, "not:addr:postcode": null, "operator:website": null, "internet_access:ssid": null, "number": null, "addr:floor": null, "level": null, "payment:cash": null, "payment:credit_cards": null, "payment:debit_cards": null, "reg_name": null, "was:name": null, "addr:village": null, "contact:email": null, "was:wikidata": null, "was:wikipedia": null }, "geometry": { "type": "Point", "coordinates": [ -0.135980247530638, 51.49215905 ] } },
{ "type": "Feature", "properties": { "osm_type": "way", "osm_id": 116629214, "lon": -0.11846303981604964, "lat": 51.4983028, "source_geometry_type": "MultiPolygon", "addr:city": "London", "addr:housename": null, "addr:postcode": "SE1 7EH", "addr:street": "Westminster Bridge Road", "amenity": "hospital", "healthcare": "hospital", "name": "Evelina London Children's Hospital", "category": "healthcare_hospitals", "phone": null, "public": null, "website": null, "addr:country": null, "addr:county": null, "addr:place": null, "contact:phone": null, "contact:website": "https://www.evelinalondon.nhs.uk/Home.aspx", "fhrs:id": null, "operator": "Guy's & St Thomas' NHS Foundation Trust", "addr:housenumber": null, "description": null, "opening_hours": null, "email": null, "fax": null, "check_date": null, "healthcare:speciality": "paediatrics", "source": null, "entrance": null, "wheelchair": null, "emergency": "yes", "internet_access": null, "operator:type": null, "ref:GB:cqc_location": null, "ref:GB:nhs_ods": null, "operator:wikidata": null, "long_name": null, "wikidata": "Q5416238", "wikipedia": "en:Evelina London Children's Hospital", "alt_name": null, "loc_name": null, "beds": null, "source:addr": null, "landuse": null, "building": "hospital", "image": null, "fhrs:authority": null, "fhrs:inspectiondate": null, "fhrs:rating": null, "source:postcode": null, "note": null, "wikimedia_commons": null, "building:levels": "7", "height": null, "historic:operator": null, "name:uk": null, "fhrs:local_authority_id": null, "addr:suburb": null, "fixme": null, "fhrs:confidence_management": null, "fhrs:hygiene": null, "fhrs:structural": null, "ref:GB:uprn": null, "roof:levels": null, "building:colour": null, "building:material": null, "roof:colour": null, "healthcare:for": "child", "name:ar": null, "internet_access:fee": null, "source:addr:postcode": null, "short_name": null, "barrier": null, "type": null, "toilets:wheelchair": null, "nohousenumber": null, "official_name": null, "roof:shape": null, "fee": null, "old_name": null, "start_date": null, "not:addr:postcode": null, "operator:website": null, "internet_access:ssid": null, "number": null, "addr:floor": null, "level": null, "payment:cash": null, "payment:credit_cards": null, "payment:debit_cards": null, "reg_name": null, "was:name": null, "addr:village": null, "contact:email": null, "was:wikidata": null, "was:wikipedia": null }, "geometry": { "type": "Point", "coordinates": [ -0.11846303981605, 51.4983028 ] } },
{ "type": "Feature", "properties": { "osm_type": "way", "osm_id": 120359076, "lon": 0.15805747772569878, "lat": 51.5392759, "source_geometry_type": "MultiPolygon", "addr:city": "Dagenham", "addr:housename": null, "addr:postcode": "RM10 9SR", "addr:street": "John Parker Close", "amenity": "hospital", "healthcare": "hospital", "name": "Grays Court Community Hospital", "category": "healthcare_hospitals", "phone": null, "public": null, "website": null, "addr:country": null, "addr:county": null, "addr:place": null, "contact:phone": null, "contact:website": null, "fhrs:id": "129890", "operator": null, "addr:housenumber": null, "description": null, "opening_hours": null, "email": null, "fax": null, "check_date": null, "healthcare:speciality": null, "source": null, "entrance": null, "wheelchair": null, "emergency": "no", "internet_access": null, "operator:type": null, "ref:GB:cqc_location": null, "ref:GB:nhs_ods": null, "operator:wikidata": null, "long_name": null, "wikidata": null, "wikipedia": null, "alt_name": null, "loc_name": null, "beds": null, "source:addr": null, "landuse": null, "building": "yes", "image": null, "fhrs:authority": null, "fhrs:inspectiondate": null, "fhrs:rating": null, "source:postcode": null, "note": null, "wikimedia_commons": null, "building:levels": null, "height": null, "historic:operator": null, "name:uk": null, "fhrs:local_authority_id": "60868", "addr:suburb": null, "fixme": null, "fhrs:confidence_management": null, "fhrs:hygiene": null, "fhrs:structural": null, "ref:GB:uprn": null, "roof:levels": null, "building:colour": null, "building:material": null, "roof:colour": null, "healthcare:for": null, "name:ar": null, "internet_access:fee": null, "source:addr:postcode": null, "short_name": null, "barrier": null, "type": null, "toilets:wheelchair": null, "nohousenumber": null, "official_name": null, "roof:shape": null, "fee": null, "old_name": null, "start_date": null, "not:addr:postcode": null, "operator:website": null, "internet_access:ssid": null, "number": null, "addr:floor": null, "level": null, "payment:cash": null, "payment:credit_cards": null, "payment:debit_cards": null, "reg_name": null, "was:name": null, "addr:village": null, "contact:email": null, "was:wikidata": null, "was:wikipedia": null }, "geometry": { "type": "Point", "coordinates": [ 0.158057477725699, 51.5392759 ] } },
{ "type": "Feature", "properties": { "osm_type": "way", "osm_id": 122227536, "lon": -0.11869682617206007, "lat": 51.49906445, "source_geometry_type": "MultiPolygon", "addr:city": "London", "addr:housename": null, "addr:postcode": "SE1 7EH", "addr:street": "Westminster Bridge Road", "amenity": "hospital", "healthcare": "hospital", "name": "St Thomas' Hospital", "category": "healthcare_hospitals", "phone": "+44 20 7188 7188", "public": null, "website": "https://www.guysandstthomas.nhs.uk/", "addr:country": null, "addr:county": null, "addr:place": null, "contact:phone": null, "contact:website": null, "fhrs:id": null, "operator": "Guy's and St Thomas' NHS Foundation Trust", "addr:housenumber": null, "description": null, "opening_hours": null, "email": null, "fax": null, "check_date": "2024-11-05", "healthcare:speciality": null, "source": "OS_OpenData_StreetView;Bing", "entrance": null, "wheelchair": "yes", "emergency": "yes", "internet_access": null, "operator:type": null, "ref:GB:cqc_location": null, "ref:GB:nhs_ods": null, "operator:wikidata": null, "long_name": null, "wikidata": "Q1143779", "wikipedia": "en:St Thomas' Hospital", "alt_name": null, "loc_name": null, "beds": null, "source:addr": null, "landuse": null, "building": null, "image": null, "fhrs:authority": null, "fhrs:inspectiondate": null, "fhrs:rating": null, "source:postcode": null, "note": null, "wikimedia_commons": "Category:St Thomas' Hospital", "building:levels": null, "height": null, "historic:operator": null, "name:uk": null, "fhrs:local_authority_id": null, "addr:suburb": null, "fixme": null, "fhrs:confidence_management": null, "fhrs:hygiene": null, "fhrs:structural": null, "ref:GB:uprn": null, "roof:levels": null, "building:colour": null, "building:material": null, "roof:colour": null, "healthcare:for": null, "name:ar": "مستشفى سانت توماس", "internet_access:fee": null, "source:addr:postcode": null, "short_name": null, "barrier": null, "type": null, "toilets:wheelchair": null, "nohousenumber": null, "official_name": null, "roof:shape": null, "fee": null, "old_name": null, "start_date": null, "not:addr:postcode": null, "operator:website": null, "internet_access:ssid": null, "number": null, "addr:floor": null, "level": null, "payment:cash": null, "payment:credit_cards": null, "payment:debit_cards": null, "reg_name": null, "was:name": null, "addr:village": null, "contact:email": null, "was:wikidata": null, "was:wikipedia": null }, "geometry": { "type": "Point", "coordinates": [ -0.11869682617206, 51.49906445 ] } },
{ "type": "Feature", "properties": { "osm_type": "way", "osm_id": 122299506, "lon": -0.14875500075220863, "lat": 51.4994183, "source_geometry_type": "MultiPolygon", "addr:city": "London", "addr:housename": null, "addr:postcode": "SW1X 7HY", "addr:street": "Grosvenor Place", "amenity": "hospital", "healthcare": "hospital", "name": "Cleveland Clinic London", "category": "healthcare_hospitals", "phone": "+44 20 3423 7500", "public": null, "website": "https://clevelandcliniclondon.uk/", "addr:country": null, "addr:county": null, "addr:place": null, "contact:phone": null, "contact:website": null, "fhrs:id": null, "operator": "Cleveland Clinic", "addr:housenumber": "33", "description": null, "opening_hours": null, "email": null, "fax": null, "check_date": "2024-07-28", "healthcare:speciality": null, "source": null, "entrance": null, "wheelchair": "yes", "emergency": "no", "internet_access": "wlan", "operator:type": "private", "ref:GB:cqc_location": null, "ref:GB:nhs_ods": null, "operator:wikidata": null, "long_name": null, "wikidata": "Q97040389", "wikipedia": "en:Cleveland Clinic London", "alt_name": null, "loc_name": null, "beds": "184", "source:addr": null, "landuse": null, "building": "commercial", "image": null, "fhrs:authority": null, "fhrs:inspectiondate": null, "fhrs:rating": null, "source:postcode": null, "note": null, "wikimedia_commons": null, "building:levels": "6", "height": null, "historic:operator": null, "name:uk": null, "fhrs:local_authority_id": null, "addr:suburb": null, "fixme": null, "fhrs:confidence_management": null, "fhrs:hygiene": null, "fhrs:structural": null, "ref:GB:uprn": null, "roof:levels": null, "building:colour": null, "building:material": null, "roof:colour": null, "healthcare:for": null, "name:ar": null, "internet_access:fee": "no", "source:addr:postcode": null, "short_name": null, "barrier": null, "type": null, "toilets:wheelchair": null, "nohousenumber": null, "official_name": null, "roof:shape": null, "fee": null, "old_name": null, "start_date": null, "not:addr:postcode": null, "operator:website": null, "internet_access:ssid": null, "number": null, "addr:floor": null, "level": null, "payment:cash": null, "payment:credit_cards": null, "payment:debit_cards": null, "reg_name": null, "was:name": null, "addr:village": null, "contact:email": null, "was:wikidata": null, "was:wikipedia": null }, "geometry": { "type": "Point", "coordinates": [ -0.148755000752209, 51.4994183 ] } },
{ "type": "Feature", "properties": { "osm_type": "way", "osm_id": 130345641, "lon": 0.17925729184969857, "lat": 51.5688113, "source_geometry_type": "MultiPolygon", "addr:city": "Romford", "addr:housename": null, "addr:postcode": "RM7 0AG", "addr:street": "Rom Valley Way", "amenity": "hospital", "healthcare": "hospital", "name": "Queens Hospital", "category": "healthcare_hospitals", "phone": "+44 330 400 4333", "public": null, "website": null, "addr:country": null, "addr:county": null, "addr:place": null, "contact:phone": null, "contact:website": null, "fhrs:id": null, "operator": "Barking, Havering and Redbridge University Hospitals NHS Trust", "addr:housenumber": null, "description": null, "opening_hours": "24/7", "email": null, "fax": null, "check_date": null, "healthcare:speciality": null, "source": null, "entrance": null, "wheelchair": "yes", "emergency": "yes", "internet_access": null, "operator:type": "public", "ref:GB:cqc_location": null, "ref:GB:nhs_ods": null, "operator:wikidata": "Q4861025", "long_name": null, "wikidata": "Q7270013", "wikipedia": null, "alt_name": null, "loc_name": null, "beds": "939", "source:addr": null, "landuse": null, "building": null, "image": null, "fhrs:authority": null, "fhrs:inspectiondate": null, "fhrs:rating": null, "source:postcode": null, "note": null, "wikimedia_commons": null, "building:levels": null, "height": null, "historic:operator": null, "name:uk": null, "fhrs:local_authority_id": null, "addr:suburb": null, "fixme": null, "fhrs:confidence_management": null, "fhrs:hygiene": null, "fhrs:structural": null, "ref:GB:uprn": null, "roof:levels": null, "building:colour": null, "building:material": null, "roof:colour": null, "healthcare:for": null, "name:ar": null, "internet_access:fee": null, "source:addr:postcode": null, "short_name": null, "barrier": null, "type": null, "toilets:wheelchair": null, "nohousenumber": null, "official_name": null, "roof:shape": null, "fee": null, "old_name": null, "start_date": null, "not:addr:postcode": null, "operator:website": null, "internet_access:ssid": null, "number": null, "addr:floor": null, "level": null, "payment:cash": null, "payment:credit_cards": null, "payment:debit_cards": null, "reg_name": null, "was:name": null, "addr:village": null, "contact:email": null, "was:wikidata": null, "was:wikipedia": null }, "geometry": { "type": "Point", "coordinates": [ 0.179257291849699, 51.5688113 ] } },
{ "type": "Feature", "properties": { "osm_type": "way", "osm_id": 137754985, "lon": -0.11476720712377173, "lat": 51.34056475, "source_geometry_type": "MultiPolygon", "addr:city": "Purley", "addr:housename": null, "addr:postcode": "CR8 2YL", "addr:street": "Brighton Road", "amenity": "hospital", "healthcare": "hospital", "name": "Purley War Memorial Hospital", "category": "healthcare_hospitals", "phone": "+44 20 8401 3000", "public": null, "website": null, "addr:country": null, "addr:county": null, "addr:place": null, "contact:phone": null, "contact:website": null, "fhrs:id": null, "operator": null, "addr:housenumber": "856", "description": null, "opening_hours": "Mo-Su 08:00-20:00", "email": null, "fax": null, "check_date": null, "healthcare:speciality": null, "source": null, "entrance": null, "wheelchair": null, "emergency": null, "internet_access": null, "operator:type": null, "ref:GB:cqc_location": null, "ref:GB:nhs_ods": null, "operator:wikidata": null, "long_name": null, "wikidata": null, "wikipedia": null, "alt_name": null, "loc_name": null, "beds": null, "source:addr": null, "landuse": null, "building": null, "image": null, "fhrs:authority": null, "fhrs:inspectiondate": null, "fhrs:rating": null, "source:postcode": null, "note": null, "wikimedia_commons": null, "building:levels": null, "height": null, "historic:operator": null, "name:uk": null, "fhrs:local_authority_id": null, "addr:suburb": null, "fixme": null, "fhrs:confidence_management": null, "fhrs:hygiene": null, "fhrs:structural": null, "ref:GB:uprn": null, "roof:levels": null, "building:colour": null, "building:material": null, "roof:colour": null, "healthcare:for": null, "name:ar": null, "internet_access:fee": null, "source:addr:postcode": null, "short_name": null, "barrier": null, "type": null, "toilets:wheelchair": null, "nohousenumber": null, "official_name": null, "roof:shape": null, "fee": null, "old_name": null, "start_date": null, "not:addr:postcode": null, "operator:website": null, "internet_access:ssid": null, "number": null, "addr:floor": null, "level": null, "payment:cash": null, "payment:credit_cards": null, "payment:debit_cards": null, "reg_name": null, "was:name": null, "addr:village": null, "contact:email": null, "was:wikidata": null, "was:wikipedia": null }, "geometry": { "type": "Point", "coordinates": [ -0.114767207123772, 51.34056475 ] } },
{ "type": "Feature", "properties": { "osm_type": "way", "osm_id": 142385900, "lon": -0.21372520322862559, "lat": 51.45196695, "source_geometry_type": "MultiPolygon", "addr:city": "London", "addr:housename": null, "addr:postcode": "SW15 3SW", "addr:street": "West Hill", "amenity": "hospital", "healthcare": "hospital", "name": "Royal Hospital for Neuro-Disability", "category": "healthcare_hospitals", "phone": null, "public": null, "website": null, "addr:country": null, "addr:county": null, "addr:place": null, "contact:phone": null, "contact:website": null, "fhrs:id": null, "operator": null, "addr:housenumber": null, "description": null, "opening_hours": null, "email": null, "fax": null, "check_date": null, "healthcare:speciality": "physiatry;neurology", "source": null, "entrance": null, "wheelchair": null, "emergency": "no", "internet_access": null, "operator:type": null, "ref:GB:cqc_location": null, "ref:GB:nhs_ods": null, "operator:wikidata": null, "long_name": null, "wikidata": "Q7374301", "wikipedia": null, "alt_name": null, "loc_name": null, "beds": null, "source:addr": null, "landuse": null, "building": null, "image": null, "fhrs:authority": null, "fhrs:inspectiondate": null, "fhrs:rating": null, "source:postcode": null, "note": null, "wikimedia_commons": null, "building:levels": null, "height": null, "historic:operator": null, "name:uk": null, "fhrs:local_authority_id": null, "addr:suburb": null, "fixme": null, "fhrs:confidence_management": null, "fhrs:hygiene": null, "fhrs:structural": null, "ref:GB:uprn": null, "roof:levels": null, "building:colour": null, "building:material": null, "roof:colour": null, "healthcare:for": null, "name:ar": null, "internet_access:fee": null, "source:addr:postcode": null, "short_name": null, "barrier": null, "type": null, "toilets:wheelchair": null, "nohousenumber": null, "official_name": null, "roof:shape": null, "fee": null, "old_name": null, "start_date": null, "not:addr:postcode": null, "operator:website": null, "internet_access:ssid": null, "number": null, "addr:floor": null, "level": null, "payment:cash": null, "payment:credit_cards": null, "payment:debit_cards": null, "reg_name": null, "was:name": null, "addr:village": null, "contact:email": null, "was:wikidata": null, "was:wikipedia": null }, "geometry": { "type": "Point", "coordinates": [ -0.213725203228626, 51.45196695 ] } },
{ "type": "Feature", "properties": { "osm_type": "way", "osm_id": 145477095, "lon": 0.034464602561277313, "lat": 51.31306475, "source_geometry_type": "MultiPolygon", "addr:city": null, "addr:housename": null, "addr:postcode": null, "addr:street": null, "amenity": "hospital", "healthcare": null, "name": "Biggin Hill Clinic", "category": "healthcare_hospitals", "phone": null, "public": null, "website": null, "addr:country": null, "addr:county": null, "addr:place": null, "contact:phone": null, "contact:website": null, "fhrs:id": null, "operator": null, "addr:housenumber": null, "description": null, "opening_hours": null, "email": null, "fax": null, "check_date": null, "healthcare:speciality": null, "source": null, "entrance": null, "wheelchair": null, "emergency": null, "internet_access": null, "operator:type": null, "ref:GB:cqc_location": null, "ref:GB:nhs_ods": null, "operator:wikidata": null, "long_name": null, "wikidata": null, "wikipedia": null, "alt_name": null, "loc_name": null, "beds": null, "source:addr": null, "landuse": null, "building": "yes", "image": null, "fhrs:authority": null, "fhrs:inspectiondate": null, "fhrs:rating": null, "source:postcode": null, "note": null, "wikimedia_commons": null, "building:levels": null, "height": null, "historic:operator": null, "name:uk": null, "fhrs:local_authority_id": null, "addr:suburb": null, "fixme": null, "fhrs:confidence_management": null, "fhrs:hygiene": null, "fhrs:structural": null, "ref:GB:uprn": null, "roof:levels": null, "building:colour": null, "building:material": null, "roof:colour": null, "healthcare:for": null, "name:ar": null, "internet_access:fee": null, "source:addr:postcode": null, "short_name": null, "barrier": null, "type": null, "toilets:wheelchair": null, "nohousenumber": null, "official_name": null, "roof:shape": null, "fee": null, "old_name": null, "start_date": null, "not:addr:postcode": null, "operator:website": null, "internet_access:ssid": null, "number": null, "addr:floor": null, "level": null, "payment:cash": null, "payment:credit_cards": null, "payment:debit_cards": null, "reg_name": null, "was:name": null, "addr:village": null, "contact:email": null, "was:wikidata": null, "was:wikipedia": null }, "geometry": { "type": "Point", "coordinates": [ 0.034464602561277, 51.31306475 ] } },
{ "type": "Feature", "properties": { "osm_type": "way", "osm_id": 150470710, "lon": -0.26142910953950077, "lat": 51.41036505, "source_geometry_type": "MultiPolygon", "addr:city": "New Malden", "addr:housename": null, "addr:postcode": "KT3 3TX", "addr:street": "Clarence Avenue", "amenity": "hospital", "healthcare": "hospital", "name": "The Groves Medical Centre", "category": "healthcare_hospitals", "phone": null, "public": null, "website": null, "addr:country": "GB", "addr:county": null, "addr:place": null, "contact:phone": null, "contact:website": null, "fhrs:id": null, "operator": null, "addr:housenumber": null, "description": null, "opening_hours": null, "email": null, "fax": null, "check_date": null, "healthcare:speciality": null, "source": null, "entrance": null, "wheelchair": null, "emergency": "no", "internet_access": null, "operator:type": null, "ref:GB:cqc_location": null, "ref:GB:nhs_ods": null, "operator:wikidata": null, "long_name": null, "wikidata": null, "wikipedia": null, "alt_name": null, "loc_name": null, "beds": null, "source:addr": null, "landuse": null, "building": "yes", "image": null, "fhrs:authority": null, "fhrs:inspectiondate": null, "fhrs:rating": null, "source:postcode": null, "note": null, "wikimedia_commons": null, "building:levels": null, "height": null, "historic:operator": null, "name:uk": null, "fhrs:local_authority_id": null, "addr:suburb": null, "fixme": null, "fhrs:confidence_management": null, "fhrs:hygiene": null, "fhrs:structural": null, "ref:GB:uprn": "128039730;128052868;128031208", "roof:levels": null, "building:colour": null, "building:material": null, "roof:colour": null, "healthcare:for": null, "name:ar": null, "internet_access:fee": null, "source:addr:postcode": null, "short_name": null, "barrier": null, "type": null, "toilets:wheelchair": null, "nohousenumber": null, "official_name": null, "roof:shape": null, "fee": null, "old_name": null, "start_date": null, "not:addr:postcode": null, "operator:website": null, "internet_access:ssid": null, "number": null, "addr:floor": null, "level": null, "payment:cash": null, "payment:credit_cards": null, "payment:debit_cards": null, "reg_name": null, "was:name": null, "addr:village": null, "contact:email": null, "was:wikidata": null, "was:wikipedia": null }, "geometry": { "type": "Point", "coordinates": [ -0.261429109539501, 51.41036505 ] } },
{ "type": "Feature", "properties": { "osm_type": "way", "osm_id": 156497004, "lon": -0.16795382896999894, "lat": 51.63443035, "source_geometry_type": "MultiPolygon", "addr:city": null, "addr:housename": null, "addr:postcode": null, "addr:street": "Oakleigh Park North", "amenity": "hospital", "healthcare": null, "name": "Springdene Nursing Home", "category": "healthcare_hospitals", "phone": null, "public": null, "website": null, "addr:country": null, "addr:county": null, "addr:place": null, "contact:phone": null, "contact:website": null, "fhrs:id": null, "operator": null, "addr:housenumber": "55", "description": null, "opening_hours": null, "email": null, "fax": null, "check_date": null, "healthcare:speciality": null, "source": null, "entrance": null, "wheelchair": null, "emergency": null, "internet_access": null, "operator:type": null, "ref:GB:cqc_location": null, "ref:GB:nhs_ods": null, "operator:wikidata": null, "long_name": null, "wikidata": null, "wikipedia": null, "alt_name": null, "loc_name": null, "beds": null, "source:addr": null, "landuse": null, "building": "yes", "image": null, "fhrs:authority": null, "fhrs:inspectiondate": null, "fhrs:rating": null, "source:postcode": null, "note": null, "wikimedia_commons": null, "building:levels": null, "height": null, "historic:operator": null, "name:uk": null, "fhrs:local_authority_id": null, "addr:suburb": null, "fixme": null, "fhrs:confidence_management": null, "fhrs:hygiene": null, "fhrs:structural": null, "ref:GB:uprn": null, "roof:levels": null, "building:colour": null, "building:material": null, "roof:colour": null, "healthcare:for": null, "name:ar": null, "internet_access:fee": null, "source:addr:postcode": null, "short_name": null, "barrier": null, "type": null, "toilets:wheelchair": null, "nohousenumber": null, "official_name": null, "roof:shape": null, "fee": null, "old_name": null, "start_date": null, "not:addr:postcode": null, "operator:website": null, "internet_access:ssid": null, "number": null, "addr:floor": null, "level": null, "payment:cash": null, "payment:credit_cards": null, "payment:debit_cards": null, "reg_name": null, "was:name": null, "addr:village": null, "contact:email": null, "was:wikidata": null, "was:wikipedia": null }, "geometry": { "type": "Point", "coordinates": [ -0.167953828969999, 51.63443035 ] } },
{ "type": "Feature", "properties": { "osm_type": "way", "osm_id": 164458516, "lon": -0.27056749556771587, "lat": 51.6066065, "source_geometry_type": "MultiPolygon", "addr:city": "Edgware", "addr:housename": null, "addr:postcode": "HA8 0AD", "addr:street": "Burnt Oak Broadway", "amenity": "hospital", "healthcare": "hospital", "name": "Edgware Community Hospital", "category": "healthcare_hospitals", "phone": null, "public": null, "website": null, "addr:country": null, "addr:county": null, "addr:place": null, "contact:phone": null, "contact:website": null, "fhrs:id": null, "operator": null, "addr:housenumber": null, "description": null, "opening_hours": null, "email": null, "fax": null, "check_date": null, "healthcare:speciality": null, "source": null, "entrance": null, "wheelchair": null, "emergency": "no", "internet_access": null, "operator:type": null, "ref:GB:cqc_location": null, "ref:GB:nhs_ods": null, "operator:wikidata": null, "long_name": null, "wikidata": "Q30293035", "wikipedia": null, "alt_name": null, "loc_name": null, "beds": null, "source:addr": null, "landuse": null, "building": null, "image": null, "fhrs:authority": null, "fhrs:inspectiondate": null, "fhrs:rating": null, "source:postcode": null, "note": null, "wikimedia_commons": null, "building:levels": null, "height": null, "historic:operator": null, "name:uk": null, "fhrs:local_authority_id": null, "addr:suburb": null, "fixme": null, "fhrs:confidence_management": null, "fhrs:hygiene": null, "fhrs:structural": null, "ref:GB:uprn": null, "roof:levels": null, "building:colour": null, "building:material": null, "roof:colour": null, "healthcare:for": null, "name:ar": null, "internet_access:fee": null, "source:addr:postcode": null, "short_name": null, "barrier": null, "type": null, "toilets:wheelchair": null, "nohousenumber": null, "official_name": null, "roof:shape": null, "fee": null, "old_name": null, "start_date": null, "not:addr:postcode": null, "operator:website": null, "internet_access:ssid": null, "number": null, "addr:floor": null, "level": null, "payment:cash": null, "payment:credit_cards": null, "payment:debit_cards": null, "reg_name": null, "was:name": null, "addr:village": null, "contact:email": null, "was:wikidata": null, "was:wikipedia": null }, "geometry": { "type": "Point", "coordinates": [ -0.270567495567716, 51.6066065 ] } },
{ "type": "Feature", "properties": { "osm_type": "way", "osm_id": 166385829, "lon": -0.13109906521174453, "lat": 51.61549555000001, "source_geometry_type": "MultiPolygon", "addr:city": "London", "addr:housename": null, "addr:postcode": "N11 1BD", "addr:street": null, "amenity": "hospital", "healthcare": "hospital", "name": "Bowes Road Clinic", "category": "healthcare_hospitals", "phone": null, "public": null, "website": null, "addr:country": null, "addr:county": null, "addr:place": null, "contact:phone": null, "contact:website": null, "fhrs:id": null, "operator": null, "addr:housenumber": null, "description": null, "opening_hours": null, "email": null, "fax": null, "check_date": null, "healthcare:speciality": null, "source": null, "entrance": null, "wheelchair": null, "emergency": "no", "internet_access": null, "operator:type": null, "ref:GB:cqc_location": null, "ref:GB:nhs_ods": null, "operator:wikidata": null, "long_name": null, "wikidata": null, "wikipedia": null, "alt_name": null, "loc_name": null, "beds": null, "source:addr": null, "landuse": null, "building": null, "image": null, "fhrs:authority": null, "fhrs:inspectiondate": null, "fhrs:rating": null, "source:postcode": null, "note": null, "wikimedia_commons": null, "building:levels": null, "height": null, "historic:operator": null, "name:uk": null, "fhrs:local_authority_id": null, "addr:suburb": null, "fixme": null, "fhrs:confidence_management": null, "fhrs:hygiene": null, "fhrs:structural": null, "ref:GB:uprn": "207045511", "roof:levels": null, "building:colour": null, "building:material": null, "roof:colour": null, "healthcare:for": null, "name:ar": null, "internet_access:fee": null, "source:addr:postcode": "ONSUD;OS Open UPRN", "short_name": null, "barrier": null, "type": null, "toilets:wheelchair": null, "nohousenumber": null, "official_name": null, "roof:shape": null, "fee": null, "old_name": null, "start_date": null, "not:addr:postcode": null, "operator:website": null, "internet_access:ssid": null, "number": null, "addr:floor": null, "level": null, "payment:cash": null, "payment:credit_cards": null, "payment:debit_cards": null, "reg_name": null, "was:name": null, "addr:village": null, "contact:email": null, "was:wikidata": null, "was:wikipedia": null }, "geometry": { "type": "Point", "coordinates": [ -0.131099065211745, 51.61549555 ] } },
{ "type": "Feature", "properties": { "osm_type": "way", "osm_id": 170732745, "lon": -0.099830210741134157, "lat": 51.5175315, "source_geometry_type": "MultiPolygon", "addr:city": null, "addr:housename": null, "addr:postcode": null, "addr:street": null, "amenity": "hospital", "healthcare": "hospital", "name": "St Bartholomew's Hospital", "category": "healthcare_hospitals", "phone": null, "public": null, "website": null, "addr:country": null, "addr:county": null, "addr:place": null, "contact:phone": null, "contact:website": null, "fhrs:id": null, "operator": null, "addr:housenumber": null, "description": null, "opening_hours": null, "email": null, "fax": null, "check_date": null, "healthcare:speciality": null, "source": null, "entrance": null, "wheelchair": "limited", "emergency": null, "internet_access": null, "operator:type": null, "ref:GB:cqc_location": "R1HM0", "ref:GB:nhs_ods": "R1HM0", "operator:wikidata": null, "long_name": null, "wikidata": "Q164946", "wikipedia": "en:St Bartholomew's Hospital", "alt_name": null, "loc_name": null, "beds": null, "source:addr": null, "landuse": null, "building": null, "image": null, "fhrs:authority": null, "fhrs:inspectiondate": null, "fhrs:rating": null, "source:postcode": null, "note": "approx-ish area", "wikimedia_commons": null, "building:levels": null, "height": null, "historic:operator": null, "name:uk": null, "fhrs:local_authority_id": null, "addr:suburb": null, "fixme": null, "fhrs:confidence_management": null, "fhrs:hygiene": null, "fhrs:structural": null, "ref:GB:uprn": null, "roof:levels": null, "building:colour": null, "building:material": null, "roof:colour": null, "healthcare:for": null, "name:ar": null, "internet_access:fee": null, "source:addr:postcode": null, "short_name": "Barts", "barrier": null, "type": null, "toilets:wheelchair": null, "nohousenumber": null, "official_name": null, "roof:shape": null, "fee": null, "old_name": null, "start_date": null, "not:addr:postcode": null, "operator:website": null, "internet_access:ssid": null, "number": null, "addr:floor": null, "level": null, "payment:cash": null, "payment:credit_cards": null, "payment:debit_cards": null, "reg_name": null, "was:name": null, "addr:village": null, "contact:email": null, "was:wikidata": null, "was:wikipedia": null }, "geometry": { "type": "Point", "coordinates": [ -0.099830210741134, 51.5175315 ] } },
{ "type": "Feature", "properties": { "osm_type": "way", "osm_id": 182344201, "lon": -0.056587079701685389, "lat": 51.38221, "source_geometry_type": "MultiPolygon", "addr:city": "Croydon", "addr:housename": null, "addr:postcode": "CR9 8AB", "addr:street": "Poppy Lane", "amenity": "hospital", "healthcare": "hospital", "name": "Shirley Oaks Hospital", "category": "healthcare_hospitals", "phone": null, "public": null, "website": null, "addr:country": null, "addr:county": null, "addr:place": null, "contact:phone": null, "contact:website": null, "fhrs:id": "859731", "operator": null, "addr:housenumber": null, "description": null, "opening_hours": null, "email": null, "fax": null, "check_date": null, "healthcare:speciality": null, "source": null, "entrance": null, "wheelchair": null, "emergency": null, "internet_access": null, "operator:type": null, "ref:GB:cqc_location": null, "ref:GB:nhs_ods": null, "operator:wikidata": null, "long_name": null, "wikidata": null, "wikipedia": null, "alt_name": null, "loc_name": null, "beds": null, "source:addr": null, "landuse": null, "building": null, "image": null, "fhrs:authority": "Croydon", "fhrs:inspectiondate": null, "fhrs:rating": null, "source:postcode": null, "note": null, "wikimedia_commons": null, "building:levels": null, "height": null, "historic:operator": null, "name:uk": null, "fhrs:local_authority_id": null, "addr:suburb": null, "fixme": null, "fhrs:confidence_management": null, "fhrs:hygiene": null, "fhrs:structural": null, "ref:GB:uprn": null, "roof:levels": null, "building:colour": null, "building:material": null, "roof:colour": null, "healthcare:for": null, "name:ar": null, "internet_access:fee": null, "source:addr:postcode": null, "short_name": null, "barrier": null, "type": null, "toilets:wheelchair": null, "nohousenumber": null, "official_name": null, "roof:shape": null, "fee": null, "old_name": null, "start_date": null, "not:addr:postcode": null, "operator:website": null, "internet_access:ssid": null, "number": null, "addr:floor": null, "level": null, "payment:cash": null, "payment:credit_cards": null, "payment:debit_cards": null, "reg_name": null, "was:name": null, "addr:village": null, "contact:email": null, "was:wikidata": null, "was:wikipedia": null }, "geometry": { "type": "Point", "coordinates": [ -0.056587079701685, 51.38221 ] } },
{ "type": "Feature", "properties": { "osm_type": "way", "osm_id": 184154674, "lon": -0.042214521202169647, "lat": 51.52505405, "source_geometry_type": "MultiPolygon", "addr:city": "London", "addr:housename": null, "addr:postcode": "E1 4DG", "addr:street": "Bancroft Road", "amenity": "hospital", "healthcare": "hospital", "name": "Mile End Hospital", "category": "healthcare_hospitals", "phone": null, "public": null, "website": null, "addr:country": null, "addr:county": null, "addr:place": null, "contact:phone": null, "contact:website": null, "fhrs:id": "83681", "operator": "Barts Health NHS Trust", "addr:housenumber": "275", "description": null, "opening_hours": null, "email": null, "fax": null, "check_date": null, "healthcare:speciality": null, "source": null, "entrance": null, "wheelchair": null, "emergency": "no", "internet_access": null, "operator:type": null, "ref:GB:cqc_location": "R1H13", "ref:GB:nhs_ods": "R1H13", "operator:wikidata": null, "long_name": null, "wikidata": "Q6851069", "wikipedia": null, "alt_name": null, "loc_name": null, "beds": null, "source:addr": null, "landuse": null, "building": null, "image": null, "fhrs:authority": null, "fhrs:inspectiondate": null, "fhrs:rating": null, "source:postcode": null, "note": null, "wikimedia_commons": null, "building:levels": null, "height": null, "historic:operator": null, "name:uk": null, "fhrs:local_authority_id": null, "addr:suburb": null, "fixme": null, "fhrs:confidence_management": null, "fhrs:hygiene": null, "fhrs:structural": null, "ref:GB:uprn": null, "roof:levels": null, "building:colour": null, "building:material": null, "roof:colour": null, "healthcare:for": null, "name:ar": null, "internet_access:fee": null, "source:addr:postcode": null, "short_name": null, "barrier": "wall", "type": null, "toilets:wheelchair": null, "nohousenumber": null, "official_name": null, "roof:shape": null, "fee": null, "old_name": null, "start_date": null, "not:addr:postcode": null, "operator:website": null, "internet_access:ssid": null, "number": null, "addr:floor": null, "level": null, "payment:cash": null, "payment:credit_cards": null, "payment:debit_cards": null, "reg_name": null, "was:name": null, "addr:village": null, "contact:email": null, "was:wikidata": null, "was:wikipedia": null }, "geometry": { "type": "Point", "coordinates": [ -0.04221452120217, 51.52505405 ] } },
{ "type": "Feature", "properties": { "osm_type": "way", "osm_id": 186977094, "lon": -0.27726976318441054, "lat": 51.61141975, "source_geometry_type": "MultiPolygon", "addr:city": "Edgware", "addr:housename": null, "addr:postcode": "HA8 7AB", "addr:street": "Station Road", "amenity": "hospital", "healthcare": null, "name": "The Old Red Hill Clinic (Barnet Adolescent Services)", "category": "healthcare_hospitals", "phone": null, "public": null, "website": null, "addr:country": "GB", "addr:county": null, "addr:place": null, "contact:phone": null, "contact:website": null, "fhrs:id": null, "operator": null, "addr:housenumber": null, "description": null, "opening_hours": null, "email": null, "fax": null, "check_date": null, "healthcare:speciality": null, "source": null, "entrance": null, "wheelchair": null, "emergency": "no", "internet_access": null, "operator:type": null, "ref:GB:cqc_location": null, "ref:GB:nhs_ods": null, "operator:wikidata": null, "long_name": null, "wikidata": null, "wikipedia": null, "alt_name": null, "loc_name": null, "beds": null, "source:addr": null, "landuse": null, "building": "yes", "image": null, "fhrs:authority": null, "fhrs:inspectiondate": null, "fhrs:rating": null, "source:postcode": null, "note": null, "wikimedia_commons": null, "building:levels": null, "height": null, "historic:operator": null, "name:uk": null, "fhrs:local_authority_id": null, "addr:suburb": null, "fixme": null, "fhrs:confidence_management": null, "fhrs:hygiene": null, "fhrs:structural": null, "ref:GB:uprn": "200222524", "roof:levels": null, "building:colour": null, "building:material": null, "roof:colour": null, "healthcare:for": null, "name:ar": null, "internet_access:fee": null, "source:addr:postcode": null, "short_name": null, "barrier": null, "type": null, "toilets:wheelchair": null, "nohousenumber": null, "official_name": null, "roof:shape": null, "fee": null, "old_name": null, "start_date": null, "not:addr:postcode": null, "operator:website": null, "internet_access:ssid": null, "number": null, "addr:floor": null, "level": null, "payment:cash": null, "payment:credit_cards": null, "payment:debit_cards": null, "reg_name": null, "was:name": null, "addr:village": null, "contact:email": null, "was:wikidata": null, "was:wikipedia": null }, "geometry": { "type": "Point", "coordinates": [ -0.277269763184411, 51.61141975 ] } },
{ "type": "Feature", "properties": { "osm_type": "way", "osm_id": 188617701, "lon": -0.21961938482411025, "lat": 51.48692035000001, "source_geometry_type": "MultiPolygon", "addr:city": "London", "addr:housename": null, "addr:postcode": "W6 8RF", "addr:street": "Fulham Palace Road", "amenity": "hospital", "healthcare": "hospital", "name": "Charing Cross Hospital", "category": "healthcare_hospitals", "phone": null, "public": null, "website": null, "addr:country": null, "addr:county": null, "addr:place": null, "contact:phone": null, "contact:website": null, "fhrs:id": null, "operator": null, "addr:housenumber": null, "description": null, "opening_hours": null, "email": null, "fax": null, "check_date": null, "healthcare:speciality": "general;emergency", "source": "Local knowledge", "entrance": null, "wheelchair": null, "emergency": "yes", "internet_access": null, "operator:type": null, "ref:GB:cqc_location": null, "ref:GB:nhs_ods": null, "operator:wikidata": null, "long_name": null, "wikidata": "Q4982607", "wikipedia": "en:Charing Cross Hospital Medical School", "alt_name": null, "loc_name": null, "beds": null, "source:addr": null, "landuse": null, "building": null, "image": null, "fhrs:authority": null, "fhrs:inspectiondate": null, "fhrs:rating": null, "source:postcode": null, "note": null, "wikimedia_commons": null, "building:levels": null, "height": null, "historic:operator": null, "name:uk": null, "fhrs:local_authority_id": null, "addr:suburb": null, "fixme": null, "fhrs:confidence_management": null, "fhrs:hygiene": null, "fhrs:structural": null, "ref:GB:uprn": null, "roof:levels": null, "building:colour": null, "building:material": null, "roof:colour": null, "healthcare:for": null, "name:ar": null, "internet_access:fee": null, "source:addr:postcode": null, "short_name": null, "barrier": null, "type": "general acute hospital", "toilets:wheelchair": null, "nohousenumber": null, "official_name": null, "roof:shape": null, "fee": null, "old_name": null, "start_date": null, "not:addr:postcode": null, "operator:website": null, "internet_access:ssid": null, "number": null, "addr:floor": null, "level": null, "payment:cash": null, "payment:credit_cards": null, "payment:debit_cards": null, "reg_name": null, "was:name": null, "addr:village": null, "contact:email": null, "was:wikidata": null, "was:wikipedia": null }, "geometry": { "type": "Point", "coordinates": [ -0.21961938482411, 51.48692035 ] } },
{ "type": "Feature", "properties": { "osm_type": "way", "osm_id": 193432693, "lon": -0.3792694950364488, "lat": 51.51117605, "source_geometry_type": "MultiPolygon", "addr:city": null, "addr:housename": null, "addr:postcode": null, "addr:street": null, "amenity": "hospital", "healthcare": "hospital", "name": "The Broadway Health Centre", "category": "healthcare_hospitals", "phone": null, "public": null, "website": null, "addr:country": null, "addr:county": null, "addr:place": null, "contact:phone": null, "contact:website": null, "fhrs:id": null, "operator": null, "addr:housenumber": null, "description": null, "opening_hours": null, "email": null, "fax": null, "check_date": null, "healthcare:speciality": null, "source": null, "entrance": null, "wheelchair": null, "emergency": "no", "internet_access": null, "operator:type": null, "ref:GB:cqc_location": null, "ref:GB:nhs_ods": null, "operator:wikidata": null, "long_name": null, "wikidata": null, "wikipedia": null, "alt_name": null, "loc_name": null, "beds": null, "source:addr": null, "landuse": null, "building": "yes", "image": null, "fhrs:authority": null, "fhrs:inspectiondate": null, "fhrs:rating": null, "source:postcode": null, "note": null, "wikimedia_commons": null, "building:levels": null, "height": null, "historic:operator": null, "name:uk": null, "fhrs:local_authority_id": null, "addr:suburb": null, "fixme": null, "fhrs:confidence_management": null, "fhrs:hygiene": null, "fhrs:structural": null, "ref:GB:uprn": null, "roof:levels": null, "building:colour": null, "building:material": null, "roof:colour": null, "healthcare:for": null, "name:ar": null, "internet_access:fee": null, "source:addr:postcode": null, "short_name": null, "barrier": null, "type": null, "toilets:wheelchair": null, "nohousenumber": null, "official_name": null, "roof:shape": null, "fee": null, "old_name": null, "start_date": null, "not:addr:postcode": null, "operator:website": null, "internet_access:ssid": null, "number": null, "addr:floor": null, "level": null, "payment:cash": null, "payment:credit_cards": null, "payment:debit_cards": null, "reg_name": null, "was:name": null, "addr:village": null, "contact:email": null, "was:wikidata": null, "was:wikipedia": null }, "geometry": { "type": "Point", "coordinates": [ -0.379269495036449, 51.51117605 ] } },
{ "type": "Feature", "properties": { "osm_type": "way", "osm_id": 197910029, "lon": 0.18819124582907742, "lat": 51.583773, "source_geometry_type": "MultiPolygon", "addr:city": null, "addr:housename": null, "addr:postcode": null, "addr:street": null, "amenity": "hospital", "healthcare": "hospital", "name": "Victoria Hospital", "category": "healthcare_hospitals", "phone": null, "public": null, "website": null, "addr:country": null, "addr:county": null, "addr:place": null, "contact:phone": null, "contact:website": null, "fhrs:id": null, "operator": null, "addr:housenumber": null, "description": null, "opening_hours": null, "email": null, "fax": null, "check_date": null, "healthcare:speciality": null, "source": null, "entrance": null, "wheelchair": null, "emergency": "no", "internet_access": null, "operator:type": null, "ref:GB:cqc_location": null, "ref:GB:nhs_ods": null, "operator:wikidata": null, "long_name": null, "wikidata": null, "wikipedia": null, "alt_name": null, "loc_name": null, "beds": null, "source:addr": null, "landuse": null, "building": null, "image": null, "fhrs:authority": null, "fhrs:inspectiondate": null, "fhrs:rating": null, "source:postcode": null, "note": null, "wikimedia_commons": null, "building:levels": null, "height": null, "historic:operator": null, "name:uk": null, "fhrs:local_authority_id": null, "addr:suburb": null, "fixme": null, "fhrs:confidence_management": null, "fhrs:hygiene": null, "fhrs:structural": null, "ref:GB:uprn": null, "roof:levels": null, "building:colour": null, "building:material": null, "roof:colour": null, "healthcare:for": null, "name:ar": null, "internet_access:fee": null, "source:addr:postcode": null, "short_name": null, "barrier": null, "type": null, "toilets:wheelchair": null, "nohousenumber": null, "official_name": null, "roof:shape": null, "fee": null, "old_name": null, "start_date": null, "not:addr:postcode": null, "operator:website": null, "internet_access:ssid": null, "number": null, "addr:floor": null, "level": null, "payment:cash": null, "payment:credit_cards": null, "payment:debit_cards": null, "reg_name": null, "was:name": null, "addr:village": null, "contact:email": null, "was:wikidata": null, "was:wikipedia": null }, "geometry": { "type": "Point", "coordinates": [ 0.188191245829077, 51.583773 ] } },
{ "type": "Feature", "properties": { "osm_type": "way", "osm_id": 208072187, "lon": -0.24400940371390425, "lat": 51.61555775, "source_geometry_type": "MultiPolygon", "addr:city": "London", "addr:housename": null, "addr:postcode": "NW7 2HX", "addr:street": "Hartley Avenue", "amenity": "hospital", "healthcare": null, "name": "Millway Medical Practice", "category": "healthcare_hospitals", "phone": null, "public": null, "website": null, "addr:country": null, "addr:county": null, "addr:place": null, "contact:phone": null, "contact:website": null, "fhrs:id": null, "operator": null, "addr:housenumber": null, "description": null, "opening_hours": null, "email": null, "fax": null, "check_date": null, "healthcare:speciality": null, "source": null, "entrance": null, "wheelchair": null, "emergency": "no", "internet_access": null, "operator:type": null, "ref:GB:cqc_location": null, "ref:GB:nhs_ods": null, "operator:wikidata": null, "long_name": null, "wikidata": null, "wikipedia": null, "alt_name": null, "loc_name": null, "beds": null, "source:addr": null, "landuse": null, "building": "yes", "image": null, "fhrs:authority": null, "fhrs:inspectiondate": null, "fhrs:rating": null, "source:postcode": null, "note": null, "wikimedia_commons": null, "building:levels": null, "height": null, "historic:operator": null, "name:uk": null, "fhrs:local_authority_id": null, "addr:suburb": null, "fixme": null, "fhrs:confidence_management": null, "fhrs:hygiene": null, "fhrs:structural": null, "ref:GB:uprn": null, "roof:levels": null, "building:colour": null, "building:material": null, "roof:colour": null, "healthcare:for": null, "name:ar": null, "internet_access:fee": null, "source:addr:postcode": null, "short_name": null, "barrier": null, "type": null, "toilets:wheelchair": null, "nohousenumber": null, "official_name": null, "roof:shape": null, "fee": null, "old_name": null, "start_date": null, "not:addr:postcode": null, "operator:website": null, "internet_access:ssid": null, "number": null, "addr:floor": null, "level": null, "payment:cash": null, "payment:credit_cards": null, "payment:debit_cards": null, "reg_name": null, "was:name": null, "addr:village": null, "contact:email": null, "was:wikidata": null, "was:wikipedia": null }, "geometry": { "type": "Point", "coordinates": [ -0.244009403713904, 51.61555775 ] } },
{ "type": "Feature", "properties": { "osm_type": "way", "osm_id": 222183797, "lon": -0.34711647204396434, "lat": 51.50633085, "source_geometry_type": "MultiPolygon", "addr:city": null, "addr:housename": null, "addr:postcode": null, "addr:street": null, "amenity": "hospital", "healthcare": "hospital", "name": "St Bernards Hospital (West London Mental Health NHS Trust)", "category": "healthcare_hospitals", "phone": null, "public": null, "website": null, "addr:country": null, "addr:county": null, "addr:place": null, "contact:phone": null, "contact:website": null, "fhrs:id": null, "operator": null, "addr:housenumber": null, "description": null, "opening_hours": null, "email": null, "fax": null, "check_date": null, "healthcare:speciality": null, "source": null, "entrance": null, "wheelchair": null, "emergency": null, "internet_access": null, "operator:type": null, "ref:GB:cqc_location": null, "ref:GB:nhs_ods": null, "operator:wikidata": null, "long_name": null, "wikidata": null, "wikipedia": null, "alt_name": null, "loc_name": null, "beds": null, "source:addr": null, "landuse": null, "building": null, "image": null, "fhrs:authority": null, "fhrs:inspectiondate": null, "fhrs:rating": null, "source:postcode": null, "note": null, "wikimedia_commons": null, "building:levels": null, "height": null, "historic:operator": null, "name:uk": null, "fhrs:local_authority_id": null, "addr:suburb": null, "fixme": null, "fhrs:confidence_management": null, "fhrs:hygiene": null, "fhrs:structural": null, "ref:GB:uprn": null, "roof:levels": null, "building:colour": null, "building:material": null, "roof:colour": null, "healthcare:for": null, "name:ar": null, "internet_access:fee": null, "source:addr:postcode": null, "short_name": null, "barrier": null, "type": null, "toilets:wheelchair": null, "nohousenumber": null, "official_name": null, "roof:shape": null, "fee": null, "old_name": null, "start_date": null, "not:addr:postcode": null, "operator:website": null, "internet_access:ssid": null, "number": null, "addr:floor": null, "level": null, "payment:cash": null, "payment:credit_cards": null, "payment:debit_cards": null, "reg_name": null, "was:name": null, "addr:village": null, "contact:email": null, "was:wikidata": null, "was:wikipedia": null }, "geometry": { "type": "Point", "coordinates": [ -0.347116472043964, 51.50633085 ] } },
{ "type": "Feature", "properties": { "osm_type": "relation", "osm_id": 1205172, "lon": -0.33206145939845272, "lat": 51.56508505, "source_geometry_type": "MultiPolygon", "addr:city": null, "addr:housename": null, "addr:postcode": null, "addr:street": null, "amenity": "hospital", "healthcare": "hospital", "name": "The Clementine Churchill Hospital", "category": "healthcare_hospitals", "phone": null, "public": null, "website": null, "addr:country": null, "addr:county": null, "addr:place": null, "contact:phone": null, "contact:website": null, "fhrs:id": null, "operator": "BMI", "addr:housenumber": null, "description": null, "opening_hours": null, "email": null, "fax": null, "check_date": null, "healthcare:speciality": null, "source": "OS;local knowledge", "entrance": null, "wheelchair": null, "emergency": null, "internet_access": null, "operator:type": "private", "ref:GB:cqc_location": null, "ref:GB:nhs_ods": null, "operator:wikidata": null, "long_name": null, "wikidata": null, "wikipedia": null, "alt_name": null, "loc_name": null, "beds": null, "source:addr": null, "landuse": null, "building": "yes", "image": null, "fhrs:authority": null, "fhrs:inspectiondate": null, "fhrs:rating": null, "source:postcode": null, "note": null, "wikimedia_commons": null, "building:levels": null, "height": null, "historic:operator": null, "name:uk": null, "fhrs:local_authority_id": null, "addr:suburb": null, "fixme": null, "fhrs:confidence_management": null, "fhrs:hygiene": null, "fhrs:structural": null, "ref:GB:uprn": null, "roof:levels": null, "building:colour": null, "building:material": null, "roof:colour": null, "healthcare:for": null, "name:ar": null, "internet_access:fee": null, "source:addr:postcode": null, "short_name": null, "barrier": null, "type": null, "toilets:wheelchair": null, "nohousenumber": null, "official_name": null, "roof:shape": null, "fee": null, "old_name": null, "start_date": null, "not:addr:postcode": null, "operator:website": null, "internet_access:ssid": null, "number": null, "addr:floor": null, "level": null, "payment:cash": null, "payment:credit_cards": null, "payment:debit_cards": null, "reg_name": null, "was:name": null, "addr:village": null, "contact:email": null, "was:wikidata": null, "was:wikipedia": null }, "geometry": { "type": "Point", "coordinates": [ -0.332061459398453, 51.56508505 ] } },
{ "type": "Feature", "properties": { "osm_type": "way", "osm_id": 229290055, "lon": -0.33758612573942437, "lat": 51.5672291, "source_geometry_type": "MultiPolygon", "addr:city": "Harrow", "addr:housename": null, "addr:postcode": "HA1 3JL", "addr:street": "London Road", "amenity": "hospital", "healthcare": null, "name": "Cygnet Hospital", "category": "healthcare_hospitals", "phone": null, "public": null, "website": null, "addr:country": null, "addr:county": null, "addr:place": null, "contact:phone": null, "contact:website": null, "fhrs:id": "276726", "operator": null, "addr:housenumber": "87", "description": null, "opening_hours": null, "email": null, "fax": null, "check_date": null, "healthcare:speciality": null, "source": null, "entrance": null, "wheelchair": null, "emergency": "no", "internet_access": null, "operator:type": null, "ref:GB:cqc_location": null, "ref:GB:nhs_ods": null, "operator:wikidata": null, "long_name": null, "wikidata": null, "wikipedia": null, "alt_name": null, "loc_name": null, "beds": null, "source:addr": "FHRS Open Data", "landuse": null, "building": "yes", "image": null, "fhrs:authority": null, "fhrs:inspectiondate": null, "fhrs:rating": null, "source:postcode": null, "note": null, "wikimedia_commons": null, "building:levels": null, "height": null, "historic:operator": null, "name:uk": null, "fhrs:local_authority_id": null, "addr:suburb": null, "fixme": null, "fhrs:confidence_management": null, "fhrs:hygiene": null, "fhrs:structural": null, "ref:GB:uprn": null, "roof:levels": null, "building:colour": null, "building:material": null, "roof:colour": null, "healthcare:for": null, "name:ar": null, "internet_access:fee": null, "source:addr:postcode": null, "short_name": null, "barrier": null, "type": null, "toilets:wheelchair": null, "nohousenumber": null, "official_name": null, "roof:shape": null, "fee": null, "old_name": null, "start_date": null, "not:addr:postcode": null, "operator:website": null, "internet_access:ssid": null, "number": null, "addr:floor": null, "level": null, "payment:cash": null, "payment:credit_cards": null, "payment:debit_cards": null, "reg_name": null, "was:name": null, "addr:village": null, "contact:email": null, "was:wikidata": null, "was:wikipedia": null }, "geometry": { "type": "Point", "coordinates": [ -0.337586125739424, 51.5672291 ] } },
{ "type": "Feature", "properties": { "osm_type": "way", "osm_id": 255439869, "lon": 0.049790069097521837, "lat": 51.4777046, "source_geometry_type": "MultiPolygon", "addr:city": "London", "addr:housename": null, "addr:postcode": "SE18 4QH", "addr:street": "Stadium Road", "amenity": "hospital", "healthcare": "hospital", "name": "Queen Elizabeth Hospital", "category": "healthcare_hospitals", "phone": "+44 20 8836 6000", "public": null, "website": null, "addr:country": null, "addr:county": null, "addr:place": null, "contact:phone": null, "contact:website": null, "fhrs:id": null, "operator": null, "addr:housenumber": null, "description": null, "opening_hours": null, "email": null, "fax": null, "check_date": null, "healthcare:speciality": null, "source": null, "entrance": null, "wheelchair": "yes", "emergency": "yes", "internet_access": null, "operator:type": null, "ref:GB:cqc_location": null, "ref:GB:nhs_ods": null, "operator:wikidata": null, "long_name": null, "wikidata": "Q7270343", "wikipedia": null, "alt_name": null, "loc_name": null, "beds": null, "source:addr": null, "landuse": null, "building": null, "image": null, "fhrs:authority": null, "fhrs:inspectiondate": null, "fhrs:rating": null, "source:postcode": null, "note": null, "wikimedia_commons": null, "building:levels": null, "height": null, "historic:operator": null, "name:uk": null, "fhrs:local_authority_id": null, "addr:suburb": null, "fixme": null, "fhrs:confidence_management": null, "fhrs:hygiene": null, "fhrs:structural": null, "ref:GB:uprn": null, "roof:levels": null, "building:colour": null, "building:material": null, "roof:colour": null, "healthcare:for": null, "name:ar": null, "internet_access:fee": null, "source:addr:postcode": null, "short_name": null, "barrier": null, "type": null, "toilets:wheelchair": "yes", "nohousenumber": null, "official_name": null, "roof:shape": null, "fee": null, "old_name": null, "start_date": null, "not:addr:postcode": null, "operator:website": null, "internet_access:ssid": null, "number": null, "addr:floor": null, "level": null, "payment:cash": null, "payment:credit_cards": null, "payment:debit_cards": null, "reg_name": null, "was:name": null, "addr:village": null, "contact:email": null, "was:wikidata": null, "was:wikipedia": null }, "geometry": { "type": "Point", "coordinates": [ 0.049790069097522, 51.4777046 ] } },
{ "type": "Feature", "properties": { "osm_type": "way", "osm_id": 263728248, "lon": 0.038381120241970143, "lat": 51.51967475, "source_geometry_type": "MultiPolygon", "addr:city": "London", "addr:housename": null, "addr:postcode": "E13 8SP", "addr:street": "Cherry Tree Way", "amenity": "hospital", "healthcare": "hospital", "name": "Coborn Centre for Adolescent Mental Health", "category": "healthcare_hospitals", "phone": "+44 20 7540 6789", "public": null, "website": "https://www.elft.nhs.uk/camhs/where-we-work/coborn-centre-adolescent-mental-health", "addr:country": null, "addr:county": null, "addr:place": null, "contact:phone": null, "contact:website": null, "fhrs:id": null, "operator": null, "addr:housenumber": null, "description": null, "opening_hours": null, "email": null, "fax": null, "check_date": null, "healthcare:speciality": null, "source": null, "entrance": null, "wheelchair": null, "emergency": "no", "internet_access": null, "operator:type": null, "ref:GB:cqc_location": null, "ref:GB:nhs_ods": null, "operator:wikidata": null, "long_name": null, "wikidata": null, "wikipedia": null, "alt_name": null, "loc_name": null, "beds": null, "source:addr": null, "landuse": null, "building": "yes", "image": null, "fhrs:authority": null, "fhrs:inspectiondate": null, "fhrs:rating": null, "source:postcode": null, "note": null, "wikimedia_commons": null, "building:levels": null, "height": null, "historic:operator": null, "name:uk": null, "fhrs:local_authority_id": null, "addr:suburb": null, "fixme": null, "fhrs:confidence_management": null, "fhrs:hygiene": null, "fhrs:structural": null, "ref:GB:uprn": null, "roof:levels": null, "building:colour": null, "building:material": null, "roof:colour": null, "healthcare:for": null, "name:ar": null, "internet_access:fee": null, "source:addr:postcode": null, "short_name": null, "barrier": null, "type": null, "toilets:wheelchair": null, "nohousenumber": null, "official_name": null, "roof:shape": null, "fee": null, "old_name": null, "start_date": null, "not:addr:postcode": null, "operator:website": null, "internet_access:ssid": null, "number": null, "addr:floor": null, "level": null, "payment:cash": null, "payment:credit_cards": null, "payment:debit_cards": null, "reg_name": null, "was:name": null, "addr:village": null, "contact:email": null, "was:wikidata": null, "was:wikipedia": null }, "geometry": { "type": "Point", "coordinates": [ 0.03838112024197, 51.51967475 ] } },
{ "type": "Feature", "properties": { "osm_type": "relation", "osm_id": 3542120, "lon": 0.038431096447004764, "lat": 51.520285, "source_geometry_type": "MultiPolygon", "addr:city": "London", "addr:housename": null, "addr:postcode": "E13 8SP", "addr:street": "Cherry Tree Way", "amenity": "hospital", "healthcare": "hospital", "name": "Newham Centre for Mental Health", "category": "healthcare_hospitals", "phone": null, "public": null, "website": "https://www.elft.nhs.uk/services/newham-centre-mental-health", "addr:country": null, "addr:county": null, "addr:place": null, "contact:phone": null, "contact:website": null, "fhrs:id": null, "operator": "East London NHS Foundation Trust", "addr:housenumber": null, "description": null, "opening_hours": null, "email": null, "fax": null, "check_date": null, "healthcare:speciality": null, "source": null, "entrance": null, "wheelchair": null, "emergency": "no", "internet_access": null, "operator:type": null, "ref:GB:cqc_location": "RWK46", "ref:GB:nhs_ods": null, "operator:wikidata": null, "long_name": null, "wikidata": null, "wikipedia": null, "alt_name": null, "loc_name": null, "beds": null, "source:addr": null, "landuse": null, "building": "yes", "image": null, "fhrs:authority": null, "fhrs:inspectiondate": null, "fhrs:rating": null, "source:postcode": null, "note": null, "wikimedia_commons": null, "building:levels": null, "height": null, "historic:operator": null, "name:uk": null, "fhrs:local_authority_id": null, "addr:suburb": "Plaistow", "fixme": null, "fhrs:confidence_management": null, "fhrs:hygiene": null, "fhrs:structural": null, "ref:GB:uprn": "10012837041", "roof:levels": null, "building:colour": null, "building:material": null, "roof:colour": null, "healthcare:for": null, "name:ar": null, "internet_access:fee": null, "source:addr:postcode": null, "short_name": null, "barrier": null, "type": null, "toilets:wheelchair": null, "nohousenumber": null, "official_name": null, "roof:shape": null, "fee": null, "old_name": null, "start_date": null, "not:addr:postcode": null, "operator:website": null, "internet_access:ssid": null, "number": null, "addr:floor": null, "level": null, "payment:cash": null, "payment:credit_cards": null, "payment:debit_cards": null, "reg_name": null, "was:name": null, "addr:village": null, "contact:email": null, "was:wikidata": null, "was:wikipedia": null }, "geometry": { "type": "Point", "coordinates": [ 0.038431096447005, 51.520285 ] } },
{ "type": "Feature", "properties": { "osm_type": "relation", "osm_id": 3641021, "lon": -0.044835510570891537, "lat": 51.5503216, "source_geometry_type": "MultiPolygon", "addr:city": null, "addr:housename": null, "addr:postcode": null, "addr:street": null, "amenity": "hospital", "healthcare": "hospital", "name": "City & Hackney Centre for Mental Health", "category": "healthcare_hospitals", "phone": null, "public": null, "website": null, "addr:country": null, "addr:county": null, "addr:place": null, "contact:phone": null, "contact:website": null, "fhrs:id": null, "operator": null, "addr:housenumber": null, "description": null, "opening_hours": null, "email": null, "fax": null, "check_date": null, "healthcare:speciality": null, "source": null, "entrance": null, "wheelchair": null, "emergency": null, "internet_access": null, "operator:type": null, "ref:GB:cqc_location": "RWK62", "ref:GB:nhs_ods": null, "operator:wikidata": null, "long_name": null, "wikidata": null, "wikipedia": null, "alt_name": null, "loc_name": null, "beds": null, "source:addr": null, "landuse": null, "building": "hospital", "image": null, "fhrs:authority": null, "fhrs:inspectiondate": null, "fhrs:rating": null, "source:postcode": null, "note": null, "wikimedia_commons": null, "building:levels": "2", "height": null, "historic:operator": null, "name:uk": null, "fhrs:local_authority_id": null, "addr:suburb": null, "fixme": null, "fhrs:confidence_management": null, "fhrs:hygiene": null, "fhrs:structural": null, "ref:GB:uprn": null, "roof:levels": "0", "building:colour": null, "building:material": null, "roof:colour": null, "healthcare:for": null, "name:ar": null, "internet_access:fee": null, "source:addr:postcode": null, "short_name": null, "barrier": null, "type": null, "toilets:wheelchair": null, "nohousenumber": "yes", "official_name": "Adult Mental Health Services - City and Hackney Directorate", "roof:shape": "quadruple_saltbox", "fee": null, "old_name": null, "start_date": null, "not:addr:postcode": null, "operator:website": null, "internet_access:ssid": null, "number": null, "addr:floor": null, "level": null, "payment:cash": null, "payment:credit_cards": null, "payment:debit_cards": null, "reg_name": null, "was:name": null, "addr:village": null, "contact:email": null, "was:wikidata": null, "was:wikipedia": null }, "geometry": { "type": "Point", "coordinates": [ -0.044835510570892, 51.5503216 ] } },
{ "type": "Feature", "properties": { "osm_type": "way", "osm_id": 275414908, "lon": 0.029117436468626211, "lat": 51.58377875, "source_geometry_type": "MultiPolygon", "addr:city": null, "addr:housename": null, "addr:postcode": null, "addr:street": null, "amenity": "hospital", "healthcare": "hospital", "name": null, "category": "healthcare_hospitals", "phone": null, "public": null, "website": null, "addr:country": null, "addr:county": null, "addr:place": null, "contact:phone": null, "contact:website": null, "fhrs:id": null, "operator": "NHS", "addr:housenumber": null, "description": null, "opening_hours": null, "email": null, "fax": null, "check_date": null, "healthcare:speciality": null, "source": "survey", "entrance": null, "wheelchair": null, "emergency": "no", "internet_access": null, "operator:type": "public", "ref:GB:cqc_location": null, "ref:GB:nhs_ods": null, "operator:wikidata": "Q918396", "long_name": null, "wikidata": null, "wikipedia": null, "alt_name": null, "loc_name": null, "beds": null, "source:addr": null, "landuse": null, "building": null, "image": null, "fhrs:authority": null, "fhrs:inspectiondate": null, "fhrs:rating": null, "source:postcode": null, "note": "boundary estimated", "wikimedia_commons": null, "building:levels": null, "height": null, "historic:operator": null, "name:uk": null, "fhrs:local_authority_id": null, "addr:suburb": null, "fixme": null, "fhrs:confidence_management": null, "fhrs:hygiene": null, "fhrs:structural": null, "ref:GB:uprn": null, "roof:levels": null, "building:colour": null, "building:material": null, "roof:colour": null, "healthcare:for": null, "name:ar": null, "internet_access:fee": null, "source:addr:postcode": null, "short_name": null, "barrier": null, "type": null, "toilets:wheelchair": null, "nohousenumber": null, "official_name": null, "roof:shape": null, "fee": null, "old_name": null, "start_date": null, "not:addr:postcode": null, "operator:website": null, "internet_access:ssid": null, "number": null, "addr:floor": null, "level": null, "payment:cash": null, "payment:credit_cards": null, "payment:debit_cards": null, "reg_name": null, "was:name": null, "addr:village": null, "contact:email": null, "was:wikidata": null, "was:wikipedia": null }, "geometry": { "type": "Point", "coordinates": [ 0.029117436468626, 51.58377875 ] } },
{ "type": "Feature", "properties": { "osm_type": "relation", "osm_id": 8286235, "lon": -0.089999054278057211, "lat": 51.46900485, "source_geometry_type": "MultiPolygon", "addr:city": "London", "addr:housename": null, "addr:postcode": "SE5 8AZ", "addr:street": "Denmark Hill", "amenity": "hospital", "healthcare": "hospital", "name": "Maudsley Hospital", "category": "healthcare_hospitals", "phone": "+44 20 3228 6000", "public": null, "website": "https://www.slam.nhs.uk/", "addr:country": null, "addr:county": null, "addr:place": null, "contact:phone": null, "contact:website": null, "fhrs:id": null, "operator": "South London and Maudsley NHS Foundation Trust", "addr:housenumber": null, "description": null, "opening_hours": null, "email": null, "fax": null, "check_date": null, "healthcare:speciality": "psychiatry", "source": null, "entrance": null, "wheelchair": null, "emergency": "no", "internet_access": null, "operator:type": null, "ref:GB:cqc_location": null, "ref:GB:nhs_ods": null, "operator:wikidata": null, "long_name": null, "wikidata": "Q6792344", "wikipedia": "en:Maudsley Hospital", "alt_name": null, "loc_name": null, "beds": null, "source:addr": null, "landuse": null, "building": null, "image": null, "fhrs:authority": null, "fhrs:inspectiondate": null, "fhrs:rating": null, "source:postcode": null, "note": null, "wikimedia_commons": null, "building:levels": null, "height": null, "historic:operator": null, "name:uk": null, "fhrs:local_authority_id": null, "addr:suburb": null, "fixme": null, "fhrs:confidence_management": null, "fhrs:hygiene": null, "fhrs:structural": null, "ref:GB:uprn": null, "roof:levels": null, "building:colour": null, "building:material": null, "roof:colour": null, "healthcare:for": null, "name:ar": null, "internet_access:fee": null, "source:addr:postcode": null, "short_name": null, "barrier": null, "type": null, "toilets:wheelchair": null, "nohousenumber": null, "official_name": null, "roof:shape": null, "fee": null, "old_name": null, "start_date": null, "not:addr:postcode": null, "operator:website": null, "internet_access:ssid": null, "number": null, "addr:floor": null, "level": null, "payment:cash": null, "payment:credit_cards": null, "payment:debit_cards": null, "reg_name": null, "was:name": null, "addr:village": null, "contact:email": null, "was:wikidata": null, "was:wikipedia": null }, "geometry": { "type": "Point", "coordinates": [ -0.089999054278057, 51.46900485 ] } },
{ "type": "Feature", "properties": { "osm_type": "way", "osm_id": 277432734, "lon": -0.093668208754260962, "lat": 51.46813305, "source_geometry_type": "MultiPolygon", "addr:city": "London", "addr:housename": null, "addr:postcode": "SE5 9RS", "addr:street": "Denmark Hill", "amenity": "hospital", "healthcare": "hospital", "name": "King's College Hospital", "category": "healthcare_hospitals", "phone": null, "public": null, "website": "https://www.kch.nhs.uk/", "addr:country": null, "addr:county": null, "addr:place": null, "contact:phone": null, "contact:website": null, "fhrs:id": "484055", "operator": "King's College Hospital NHS Foundation Trust", "addr:housenumber": null, "description": null, "opening_hours": null, "email": null, "fax": null, "check_date": "2026-03-07", "healthcare:speciality": null, "source": null, "entrance": null, "wheelchair": null, "emergency": "yes", "internet_access": null, "operator:type": null, "ref:GB:cqc_location": null, "ref:GB:nhs_ods": null, "operator:wikidata": null, "long_name": null, "wikidata": "Q1742181", "wikipedia": "en:King's College Hospital", "alt_name": null, "loc_name": null, "beds": null, "source:addr": "FHRS Open Data", "landuse": null, "building": null, "image": null, "fhrs:authority": null, "fhrs:inspectiondate": null, "fhrs:rating": null, "source:postcode": null, "note": null, "wikimedia_commons": null, "building:levels": null, "height": null, "historic:operator": null, "name:uk": null, "fhrs:local_authority_id": null, "addr:suburb": null, "fixme": null, "fhrs:confidence_management": null, "fhrs:hygiene": null, "fhrs:structural": null, "ref:GB:uprn": null, "roof:levels": null, "building:colour": null, "building:material": null, "roof:colour": null, "healthcare:for": null, "name:ar": null, "internet_access:fee": null, "source:addr:postcode": null, "short_name": null, "barrier": null, "type": null, "toilets:wheelchair": null, "nohousenumber": null, "official_name": null, "roof:shape": null, "fee": "no", "old_name": null, "start_date": null, "not:addr:postcode": null, "operator:website": null, "internet_access:ssid": null, "number": null, "addr:floor": null, "level": null, "payment:cash": null, "payment:credit_cards": null, "payment:debit_cards": null, "reg_name": null, "was:name": null, "addr:village": null, "contact:email": null, "was:wikidata": null, "was:wikipedia": null }, "geometry": { "type": "Point", "coordinates": [ -0.093668208754261, 51.46813305 ] } },
{ "type": "Feature", "properties": { "osm_type": "way", "osm_id": 307058677, "lon": -0.032748603675505056, "lat": 51.3775522, "source_geometry_type": "MultiPolygon", "addr:city": null, "addr:housename": null, "addr:postcode": null, "addr:street": null, "amenity": "hospital", "healthcare": "hospital", "name": null, "category": "healthcare_hospitals", "phone": null, "public": null, "website": null, "addr:country": null, "addr:county": null, "addr:place": null, "contact:phone": null, "contact:website": null, "fhrs:id": null, "operator": null, "addr:housenumber": null, "description": null, "opening_hours": null, "email": null, "fax": null, "check_date": null, "healthcare:speciality": null, "source": null, "entrance": null, "wheelchair": null, "emergency": null, "internet_access": null, "operator:type": null, "ref:GB:cqc_location": null, "ref:GB:nhs_ods": null, "operator:wikidata": null, "long_name": null, "wikidata": null, "wikipedia": null, "alt_name": null, "loc_name": null, "beds": null, "source:addr": null, "landuse": null, "building": null, "image": null, "fhrs:authority": null, "fhrs:inspectiondate": null, "fhrs:rating": null, "source:postcode": null, "note": null, "wikimedia_commons": null, "building:levels": null, "height": null, "historic:operator": null, "name:uk": null, "fhrs:local_authority_id": null, "addr:suburb": null, "fixme": null, "fhrs:confidence_management": null, "fhrs:hygiene": null, "fhrs:structural": null, "ref:GB:uprn": null, "roof:levels": null, "building:colour": null, "building:material": null, "roof:colour": null, "healthcare:for": null, "name:ar": null, "internet_access:fee": null, "source:addr:postcode": null, "short_name": null, "barrier": null, "type": null, "toilets:wheelchair": null, "nohousenumber": null, "official_name": null, "roof:shape": null, "fee": null, "old_name": null, "start_date": null, "not:addr:postcode": null, "operator:website": null, "internet_access:ssid": null, "number": null, "addr:floor": null, "level": null, "payment:cash": null, "payment:credit_cards": null, "payment:debit_cards": null, "reg_name": null, "was:name": null, "addr:village": null, "contact:email": null, "was:wikidata": null, "was:wikipedia": null }, "geometry": { "type": "Point", "coordinates": [ -0.032748603675505, 51.3775522 ] } },
{ "type": "Feature", "properties": { "osm_type": "way", "osm_id": 315305511, "lon": -0.29718495944010437, "lat": 51.521155, "source_geometry_type": "MultiPolygon", "addr:city": "London", "addr:housename": null, "addr:postcode": "W5 2HT", "addr:street": "Corfton Road", "amenity": "hospital", "healthcare": null, "name": "Cygnet Hospital Ealing", "category": "healthcare_hospitals", "phone": null, "public": null, "website": null, "addr:country": null, "addr:county": null, "addr:place": null, "contact:phone": null, "contact:website": null, "fhrs:id": null, "operator": null, "addr:housenumber": null, "description": null, "opening_hours": null, "email": null, "fax": null, "check_date": null, "healthcare:speciality": null, "source": null, "entrance": null, "wheelchair": null, "emergency": null, "internet_access": null, "operator:type": null, "ref:GB:cqc_location": null, "ref:GB:nhs_ods": null, "operator:wikidata": null, "long_name": null, "wikidata": null, "wikipedia": null, "alt_name": null, "loc_name": null, "beds": null, "source:addr": null, "landuse": null, "building": "yes", "image": null, "fhrs:authority": null, "fhrs:inspectiondate": null, "fhrs:rating": null, "source:postcode": null, "note": null, "wikimedia_commons": null, "building:levels": null, "height": null, "historic:operator": null, "name:uk": null, "fhrs:local_authority_id": null, "addr:suburb": null, "fixme": null, "fhrs:confidence_management": null, "fhrs:hygiene": null, "fhrs:structural": null, "ref:GB:uprn": "12194892;12091760", "roof:levels": null, "building:colour": null, "building:material": null, "roof:colour": null, "healthcare:for": null, "name:ar": null, "internet_access:fee": null, "source:addr:postcode": null, "short_name": null, "barrier": null, "type": null, "toilets:wheelchair": null, "nohousenumber": null, "official_name": null, "roof:shape": null, "fee": null, "old_name": null, "start_date": null, "not:addr:postcode": null, "operator:website": null, "internet_access:ssid": null, "number": null, "addr:floor": null, "level": null, "payment:cash": null, "payment:credit_cards": null, "payment:debit_cards": null, "reg_name": null, "was:name": null, "addr:village": null, "contact:email": null, "was:wikidata": null, "was:wikipedia": null }, "geometry": { "type": "Point", "coordinates": [ -0.297184959440104, 51.521155 ] } },
{ "type": "Feature", "properties": { "osm_type": "way", "osm_id": 322546930, "lon": 0.043615931323170723, "lat": 51.58724225, "source_geometry_type": "MultiPolygon", "addr:city": null, "addr:housename": null, "addr:postcode": null, "addr:street": null, "amenity": "hospital", "healthcare": "hospital", "name": "Spire London East", "category": "healthcare_hospitals", "phone": null, "public": null, "website": "https://www.spirehealthcare.com/roding/", "addr:country": null, "addr:county": null, "addr:place": null, "contact:phone": null, "contact:website": null, "fhrs:id": null, "operator": null, "addr:housenumber": null, "description": null, "opening_hours": null, "email": null, "fax": null, "check_date": null, "healthcare:speciality": null, "source": null, "entrance": null, "wheelchair": null, "emergency": null, "internet_access": null, "operator:type": null, "ref:GB:cqc_location": null, "ref:GB:nhs_ods": null, "operator:wikidata": null, "long_name": null, "wikidata": null, "wikipedia": null, "alt_name": null, "loc_name": null, "beds": null, "source:addr": null, "landuse": null, "building": null, "image": null, "fhrs:authority": null, "fhrs:inspectiondate": null, "fhrs:rating": null, "source:postcode": null, "note": null, "wikimedia_commons": null, "building:levels": null, "height": null, "historic:operator": null, "name:uk": null, "fhrs:local_authority_id": null, "addr:suburb": null, "fixme": null, "fhrs:confidence_management": null, "fhrs:hygiene": null, "fhrs:structural": null, "ref:GB:uprn": null, "roof:levels": null, "building:colour": null, "building:material": null, "roof:colour": null, "healthcare:for": null, "name:ar": null, "internet_access:fee": null, "source:addr:postcode": null, "short_name": null, "barrier": null, "type": null, "toilets:wheelchair": null, "nohousenumber": null, "official_name": null, "roof:shape": null, "fee": null, "old_name": "Spire Roding Hospital", "start_date": null, "not:addr:postcode": null, "operator:website": null, "internet_access:ssid": null, "number": null, "addr:floor": null, "level": null, "payment:cash": null, "payment:credit_cards": null, "payment:debit_cards": null, "reg_name": null, "was:name": null, "addr:village": null, "contact:email": null, "was:wikidata": null, "was:wikipedia": null }, "geometry": { "type": "Point", "coordinates": [ 0.043615931323171, 51.58724225 ] } },
{ "type": "Feature", "properties": { "osm_type": "way", "osm_id": 326277354, "lon": -0.039225031641360306, "lat": 51.54801475, "source_geometry_type": "MultiPolygon", "addr:city": "London", "addr:housename": null, "addr:postcode": "E9 5TD", "addr:street": "Kenworthy Road", "amenity": "hospital", "healthcare": "hospital", "name": "John Howard Centre", "category": "healthcare_hospitals", "phone": "+44 20 8510 2003", "public": null, "website": null, "addr:country": null, "addr:county": null, "addr:place": null, "contact:phone": null, "contact:website": null, "fhrs:id": null, "operator": "East London NHS Foundation Trust", "addr:housenumber": "12", "description": null, "opening_hours": null, "email": null, "fax": null, "check_date": null, "healthcare:speciality": "psychiatry", "source": null, "entrance": null, "wheelchair": null, "emergency": null, "internet_access": null, "operator:type": "public", "ref:GB:cqc_location": "RWK60", "ref:GB:nhs_ods": "RWK60", "operator:wikidata": null, "long_name": null, "wikidata": null, "wikipedia": null, "alt_name": "Forensic Services Directorate", "loc_name": null, "beds": null, "source:addr": null, "landuse": null, "building": null, "image": null, "fhrs:authority": null, "fhrs:inspectiondate": null, "fhrs:rating": null, "source:postcode": null, "note": null, "wikimedia_commons": null, "building:levels": null, "height": null, "historic:operator": null, "name:uk": null, "fhrs:local_authority_id": null, "addr:suburb": null, "fixme": null, "fhrs:confidence_management": null, "fhrs:hygiene": null, "fhrs:structural": null, "ref:GB:uprn": null, "roof:levels": null, "building:colour": null, "building:material": null, "roof:colour": null, "healthcare:for": null, "name:ar": null, "internet_access:fee": null, "source:addr:postcode": null, "short_name": null, "barrier": null, "type": null, "toilets:wheelchair": null, "nohousenumber": null, "official_name": null, "roof:shape": null, "fee": null, "old_name": "Hackney Hospital", "start_date": null, "not:addr:postcode": null, "operator:website": null, "internet_access:ssid": null, "number": null, "addr:floor": null, "level": null, "payment:cash": null, "payment:credit_cards": null, "payment:debit_cards": null, "reg_name": null, "was:name": null, "addr:village": null, "contact:email": null, "was:wikidata": null, "was:wikipedia": null }, "geometry": { "type": "Point", "coordinates": [ -0.03922503164136, 51.54801475 ] } },
{ "type": "Feature", "properties": { "osm_type": "way", "osm_id": 352120259, "lon": -0.48348097514424282, "lat": 51.60702795, "source_geometry_type": "MultiPolygon", "addr:city": "Uxbridge", "addr:housename": null, "addr:postcode": "UB9 6JH", "addr:street": "Hill End Road", "amenity": "hospital", "healthcare": "hospital", "name": "Harefield Hospital", "category": "healthcare_hospitals", "phone": "+44 1895 82 37 37", "public": null, "website": "https://www.rbht.nhs.uk/", "addr:country": "GB", "addr:county": null, "addr:place": null, "contact:phone": null, "contact:website": null, "fhrs:id": null, "operator": "Guy's and St Thomas' NHS Foundation Trust", "addr:housenumber": null, "description": null, "opening_hours": null, "email": null, "fax": null, "check_date": null, "healthcare:speciality": null, "source": null, "entrance": null, "wheelchair": null, "emergency": null, "internet_access": null, "operator:type": null, "ref:GB:cqc_location": null, "ref:GB:nhs_ods": null, "operator:wikidata": null, "long_name": null, "wikidata": "Q5656797", "wikipedia": null, "alt_name": null, "loc_name": null, "beds": null, "source:addr": null, "landuse": null, "building": null, "image": null, "fhrs:authority": null, "fhrs:inspectiondate": null, "fhrs:rating": null, "source:postcode": null, "note": null, "wikimedia_commons": null, "building:levels": null, "height": null, "historic:operator": null, "name:uk": null, "fhrs:local_authority_id": null, "addr:suburb": "Harefield", "fixme": null, "fhrs:confidence_management": null, "fhrs:hygiene": null, "fhrs:structural": null, "ref:GB:uprn": null, "roof:levels": null, "building:colour": null, "building:material": null, "roof:colour": null, "healthcare:for": null, "name:ar": null, "internet_access:fee": null, "source:addr:postcode": null, "short_name": null, "barrier": null, "type": null, "toilets:wheelchair": null, "nohousenumber": null, "official_name": null, "roof:shape": null, "fee": null, "old_name": null, "start_date": null, "not:addr:postcode": null, "operator:website": null, "internet_access:ssid": null, "number": null, "addr:floor": null, "level": null, "payment:cash": null, "payment:credit_cards": null, "payment:debit_cards": null, "reg_name": null, "was:name": null, "addr:village": null, "contact:email": null, "was:wikidata": null, "was:wikipedia": null }, "geometry": { "type": "Point", "coordinates": [ -0.483480975144243, 51.60702795 ] } },
{ "type": "Feature", "properties": { "osm_type": "way", "osm_id": 402012627, "lon": -0.09022402582294245, "lat": 51.52728255, "source_geometry_type": "MultiPolygon", "addr:city": null, "addr:housename": null, "addr:postcode": null, "addr:street": null, "amenity": "hospital", "healthcare": "hospital", "name": "Moorfields Eye Hospital (City Road campus)", "category": "healthcare_hospitals", "phone": null, "public": null, "website": null, "addr:country": null, "addr:county": null, "addr:place": null, "contact:phone": null, "contact:website": null, "fhrs:id": null, "operator": null, "addr:housenumber": null, "description": null, "opening_hours": null, "email": null, "fax": null, "check_date": null, "healthcare:speciality": null, "source": null, "entrance": null, "wheelchair": null, "emergency": "yes", "internet_access": null, "operator:type": null, "ref:GB:cqc_location": "RP601", "ref:GB:nhs_ods": "RP601", "operator:wikidata": null, "long_name": null, "wikidata": "Q1946861", "wikipedia": "en:Moorfields Eye Hospital", "alt_name": null, "loc_name": null, "beds": null, "source:addr": null, "landuse": null, "building": null, "image": null, "fhrs:authority": null, "fhrs:inspectiondate": null, "fhrs:rating": null, "source:postcode": null, "note": null, "wikimedia_commons": null, "building:levels": null, "height": null, "historic:operator": null, "name:uk": null, "fhrs:local_authority_id": null, "addr:suburb": null, "fixme": null, "fhrs:confidence_management": null, "fhrs:hygiene": null, "fhrs:structural": null, "ref:GB:uprn": null, "roof:levels": null, "building:colour": null, "building:material": null, "roof:colour": null, "healthcare:for": null, "name:ar": null, "internet_access:fee": null, "source:addr:postcode": null, "short_name": null, "barrier": null, "type": null, "toilets:wheelchair": null, "nohousenumber": null, "official_name": null, "roof:shape": null, "fee": null, "old_name": null, "start_date": null, "not:addr:postcode": null, "operator:website": null, "internet_access:ssid": null, "number": null, "addr:floor": null, "level": null, "payment:cash": null, "payment:credit_cards": null, "payment:debit_cards": null, "reg_name": null, "was:name": null, "addr:village": null, "contact:email": null, "was:wikidata": null, "was:wikipedia": null }, "geometry": { "type": "Point", "coordinates": [ -0.090224025822942, 51.52728255 ] } },
{ "type": "Feature", "properties": { "osm_type": "way", "osm_id": 413948227, "lon": -0.085880019723958728, "lat": 51.50608435, "source_geometry_type": "MultiPolygon", "addr:city": "London", "addr:housename": null, "addr:postcode": "SE1 2PR", "addr:street": "Tooley Street", "amenity": "hospital", "healthcare": "hospital", "name": "London Bridge Hospital", "category": "healthcare_hospitals", "phone": null, "public": null, "website": "http://www.londonbridgehospital.com", "addr:country": null, "addr:county": null, "addr:place": null, "contact:phone": null, "contact:website": null, "fhrs:id": null, "operator": null, "addr:housenumber": null, "description": null, "opening_hours": null, "email": null, "fax": null, "check_date": null, "healthcare:speciality": null, "source": null, "entrance": null, "wheelchair": "yes", "emergency": "no", "internet_access": null, "operator:type": "private", "ref:GB:cqc_location": null, "ref:GB:nhs_ods": null, "operator:wikidata": null, "long_name": null, "wikidata": "Q6669893", "wikipedia": "en:London Bridge Hospital", "alt_name": null, "loc_name": null, "beds": null, "source:addr": null, "landuse": null, "building": null, "image": null, "fhrs:authority": null, "fhrs:inspectiondate": null, "fhrs:rating": null, "source:postcode": null, "note": null, "wikimedia_commons": null, "building:levels": null, "height": null, "historic:operator": null, "name:uk": null, "fhrs:local_authority_id": null, "addr:suburb": null, "fixme": null, "fhrs:confidence_management": null, "fhrs:hygiene": null, "fhrs:structural": null, "ref:GB:uprn": null, "roof:levels": null, "building:colour": null, "building:material": null, "roof:colour": null, "healthcare:for": null, "name:ar": null, "internet_access:fee": null, "source:addr:postcode": null, "short_name": null, "barrier": null, "type": null, "toilets:wheelchair": null, "nohousenumber": null, "official_name": null, "roof:shape": null, "fee": null, "old_name": null, "start_date": null, "not:addr:postcode": null, "operator:website": null, "internet_access:ssid": null, "number": null, "addr:floor": null, "level": null, "payment:cash": null, "payment:credit_cards": null, "payment:debit_cards": null, "reg_name": null, "was:name": null, "addr:village": null, "contact:email": null, "was:wikidata": null, "was:wikipedia": null }, "geometry": { "type": "Point", "coordinates": [ -0.085880019723959, 51.50608435 ] } },
{ "type": "Feature", "properties": { "osm_type": "way", "osm_id": 420411264, "lon": -0.14039556372369585, "lat": 51.52347455, "source_geometry_type": "MultiPolygon", "addr:city": "London", "addr:housename": "Saint Luke's House", "addr:postcode": "W1T 6AH", "addr:street": "Fitzroy Square", "amenity": "hospital", "healthcare": "hospital", "name": "Fitzrovia Hospital", "category": "healthcare_hospitals", "phone": null, "public": null, "website": null, "addr:country": null, "addr:county": null, "addr:place": null, "contact:phone": null, "contact:website": null, "fhrs:id": null, "operator": null, "addr:housenumber": "13-14", "description": null, "opening_hours": null, "email": null, "fax": null, "check_date": null, "healthcare:speciality": null, "source": null, "entrance": null, "wheelchair": null, "emergency": null, "internet_access": null, "operator:type": null, "ref:GB:cqc_location": "1-20288364561;1-13740482832", "ref:GB:nhs_ods": null, "operator:wikidata": null, "long_name": null, "wikidata": null, "wikipedia": null, "alt_name": null, "loc_name": null, "beds": null, "source:addr": null, "landuse": null, "building": "yes", "image": null, "fhrs:authority": null, "fhrs:inspectiondate": null, "fhrs:rating": null, "source:postcode": null, "note": "private cosmetic surgery clinic", "wikimedia_commons": null, "building:levels": null, "height": null, "historic:operator": null, "name:uk": null, "fhrs:local_authority_id": null, "addr:suburb": null, "fixme": null, "fhrs:confidence_management": null, "fhrs:hygiene": null, "fhrs:structural": null, "ref:GB:uprn": "5196151;5196595", "roof:levels": null, "building:colour": null, "building:material": null, "roof:colour": null, "healthcare:for": null, "name:ar": null, "internet_access:fee": null, "source:addr:postcode": null, "short_name": null, "barrier": null, "type": null, "toilets:wheelchair": null, "nohousenumber": null, "official_name": null, "roof:shape": null, "fee": null, "old_name": null, "start_date": null, "not:addr:postcode": null, "operator:website": null, "internet_access:ssid": null, "number": null, "addr:floor": null, "level": null, "payment:cash": null, "payment:credit_cards": null, "payment:debit_cards": null, "reg_name": null, "was:name": null, "addr:village": null, "contact:email": null, "was:wikidata": null, "was:wikipedia": null }, "geometry": { "type": "Point", "coordinates": [ -0.140395563723696, 51.52347455 ] } },
{ "type": "Feature", "properties": { "osm_type": "way", "osm_id": 440410278, "lon": -0.13650496913234114, "lat": 51.5248954, "source_geometry_type": "MultiPolygon", "addr:city": "London", "addr:housename": null, "addr:postcode": "NW1 2BU", "addr:street": "Euston Road", "amenity": "hospital", "healthcare": "hospital", "name": "University College Hospital", "category": "healthcare_hospitals", "phone": null, "public": null, "website": null, "addr:country": "GB", "addr:county": null, "addr:place": null, "contact:phone": "+44 20 3456 7890", "contact:website": "https://www.uclh.nhs.uk/", "fhrs:id": null, "operator": "National Health Service (NHS)", "addr:housenumber": "235", "description": null, "opening_hours": null, "email": null, "fax": null, "check_date": "2025-02-25", "healthcare:speciality": null, "source": null, "entrance": null, "wheelchair": "yes", "emergency": "yes", "internet_access": null, "operator:type": null, "ref:GB:cqc_location": null, "ref:GB:nhs_ods": "RRV03", "operator:wikidata": null, "long_name": null, "wikidata": "Q3551343", "wikipedia": "en:University College Hospital", "alt_name": null, "loc_name": null, "beds": "665", "source:addr": null, "landuse": null, "building": null, "image": null, "fhrs:authority": null, "fhrs:inspectiondate": null, "fhrs:rating": null, "source:postcode": null, "note": null, "wikimedia_commons": "Category:University College Hospital", "building:levels": null, "height": null, "historic:operator": null, "name:uk": null, "fhrs:local_authority_id": null, "addr:suburb": null, "fixme": null, "fhrs:confidence_management": null, "fhrs:hygiene": null, "fhrs:structural": null, "ref:GB:uprn": null, "roof:levels": null, "building:colour": null, "building:material": null, "roof:colour": null, "healthcare:for": null, "name:ar": null, "internet_access:fee": null, "source:addr:postcode": null, "short_name": "UCH", "barrier": null, "type": null, "toilets:wheelchair": "yes", "nohousenumber": null, "official_name": null, "roof:shape": null, "fee": null, "old_name": null, "start_date": "1834", "not:addr:postcode": null, "operator:website": null, "internet_access:ssid": null, "number": null, "addr:floor": null, "level": null, "payment:cash": null, "payment:credit_cards": null, "payment:debit_cards": null, "reg_name": null, "was:name": null, "addr:village": null, "contact:email": null, "was:wikidata": null, "was:wikipedia": null }, "geometry": { "type": "Point", "coordinates": [ -0.136504969132341, 51.5248954 ] } },
{ "type": "Feature", "properties": { "osm_type": "way", "osm_id": 444440630, "lon": -0.15054154571747549, "lat": 51.52021965, "source_geometry_type": "MultiPolygon", "addr:city": "London", "addr:housename": null, "addr:postcode": "W1G 6NP", "addr:street": "Weymouth Street", "amenity": "hospital", "healthcare": "hospital", "name": "Weymouth Street Hospital", "category": "healthcare_hospitals", "phone": "+44 20 7935 1200", "public": null, "website": "https://www.weymouthstreethospital.com/", "addr:country": null, "addr:county": null, "addr:place": null, "contact:phone": null, "contact:website": null, "fhrs:id": null, "operator": "Phoenix Hospital Group", "addr:housenumber": "42-46", "description": null, "opening_hours": null, "email": null, "fax": null, "check_date": null, "healthcare:speciality": null, "source": null, "entrance": null, "wheelchair": null, "emergency": "no", "internet_access": null, "operator:type": null, "ref:GB:cqc_location": null, "ref:GB:nhs_ods": null, "operator:wikidata": null, "long_name": null, "wikidata": "Q20714162", "wikipedia": null, "alt_name": null, "loc_name": null, "beds": null, "source:addr": null, "landuse": null, "building": "hospital", "image": null, "fhrs:authority": null, "fhrs:inspectiondate": null, "fhrs:rating": null, "source:postcode": null, "note": "http://www.openstreetmap.org/note/726409", "wikimedia_commons": null, "building:levels": null, "height": null, "historic:operator": null, "name:uk": null, "fhrs:local_authority_id": null, "addr:suburb": null, "fixme": "Does this merit the tag 'hospital', i.e. it has in-patients?", "fhrs:confidence_management": null, "fhrs:hygiene": null, "fhrs:structural": null, "ref:GB:uprn": null, "roof:levels": null, "building:colour": null, "building:material": null, "roof:colour": null, "healthcare:for": null, "name:ar": null, "internet_access:fee": null, "source:addr:postcode": null, "short_name": null, "barrier": null, "type": null, "toilets:wheelchair": null, "nohousenumber": null, "official_name": null, "roof:shape": null, "fee": null, "old_name": null, "start_date": null, "not:addr:postcode": null, "operator:website": null, "internet_access:ssid": null, "number": null, "addr:floor": null, "level": null, "payment:cash": null, "payment:credit_cards": null, "payment:debit_cards": null, "reg_name": null, "was:name": null, "addr:village": null, "contact:email": null, "was:wikidata": null, "was:wikipedia": null }, "geometry": { "type": "Point", "coordinates": [ -0.150541545717475, 51.52021965 ] } },
{ "type": "Feature", "properties": { "osm_type": "way", "osm_id": 448178927, "lon": 0.098816139150964877, "lat": 51.5386827, "source_geometry_type": "MultiPolygon", "addr:city": "Barking", "addr:housename": null, "addr:postcode": "IG11 9LX", "addr:street": "Upney Lane", "amenity": "hospital", "healthcare": "hospital", "name": "Barking Community Hospital", "category": "healthcare_hospitals", "phone": "+44 20 3644 2301", "public": null, "website": null, "addr:country": null, "addr:county": null, "addr:place": null, "contact:phone": null, "contact:website": null, "fhrs:id": null, "operator": null, "addr:housenumber": null, "description": null, "opening_hours": null, "email": null, "fax": null, "check_date": null, "healthcare:speciality": null, "source": null, "entrance": null, "wheelchair": null, "emergency": null, "internet_access": null, "operator:type": null, "ref:GB:cqc_location": null, "ref:GB:nhs_ods": null, "operator:wikidata": null, "long_name": null, "wikidata": "Q30292861", "wikipedia": null, "alt_name": null, "loc_name": null, "beds": null, "source:addr": null, "landuse": null, "building": null, "image": null, "fhrs:authority": null, "fhrs:inspectiondate": null, "fhrs:rating": null, "source:postcode": null, "note": null, "wikimedia_commons": null, "building:levels": null, "height": null, "historic:operator": null, "name:uk": null, "fhrs:local_authority_id": null, "addr:suburb": null, "fixme": null, "fhrs:confidence_management": null, "fhrs:hygiene": null, "fhrs:structural": null, "ref:GB:uprn": null, "roof:levels": null, "building:colour": null, "building:material": null, "roof:colour": null, "healthcare:for": null, "name:ar": null, "internet_access:fee": null, "source:addr:postcode": null, "short_name": null, "barrier": null, "type": null, "toilets:wheelchair": null, "nohousenumber": null, "official_name": null, "roof:shape": null, "fee": null, "old_name": null, "start_date": null, "not:addr:postcode": null, "operator:website": null, "internet_access:ssid": null, "number": null, "addr:floor": null, "level": null, "payment:cash": null, "payment:credit_cards": null, "payment:debit_cards": null, "reg_name": null, "was:name": null, "addr:village": null, "contact:email": null, "was:wikidata": null, "was:wikipedia": null }, "geometry": { "type": "Point", "coordinates": [ 0.098816139150965, 51.5386827 ] } },
{ "type": "Feature", "properties": { "osm_type": "way", "osm_id": 463924137, "lon": -0.30933090996219537, "lat": 51.4323599, "source_geometry_type": "MultiPolygon", "addr:city": "Richmond", "addr:housename": null, "addr:postcode": "TW10 7JF", "addr:street": "Ham Common", "amenity": "hospital", "healthcare": "hospital", "name": "Cassel Hospital", "category": "healthcare_hospitals", "phone": null, "public": null, "website": "https://www.nhs.uk/services/hospitals/overview/defaultview.aspx?id=3086", "addr:country": null, "addr:county": null, "addr:place": null, "contact:phone": null, "contact:website": null, "fhrs:id": "1575152", "operator": "West London NHS Trust", "addr:housenumber": "1", "description": null, "opening_hours": null, "email": null, "fax": null, "check_date": null, "healthcare:speciality": null, "source": null, "entrance": null, "wheelchair": null, "emergency": null, "internet_access": null, "operator:type": null, "ref:GB:cqc_location": null, "ref:GB:nhs_ods": null, "operator:wikidata": null, "long_name": null, "wikidata": "Q5049284", "wikipedia": "en:Cassel Hospital", "alt_name": null, "loc_name": null, "beds": null, "source:addr": "FHRS Open Data", "landuse": null, "building": null, "image": null, "fhrs:authority": null, "fhrs:inspectiondate": null, "fhrs:rating": null, "source:postcode": null, "note": null, "wikimedia_commons": null, "building:levels": null, "height": null, "historic:operator": null, "name:uk": null, "fhrs:local_authority_id": null, "addr:suburb": "Ham", "fixme": null, "fhrs:confidence_management": null, "fhrs:hygiene": null, "fhrs:structural": null, "ref:GB:uprn": null, "roof:levels": null, "building:colour": null, "building:material": null, "roof:colour": null, "healthcare:for": null, "name:ar": null, "internet_access:fee": null, "source:addr:postcode": null, "short_name": null, "barrier": null, "type": null, "toilets:wheelchair": null, "nohousenumber": null, "official_name": null, "roof:shape": null, "fee": null, "old_name": null, "start_date": null, "not:addr:postcode": "TW10 7JL", "operator:website": "https://www.westlondon.nhs.uk/our-services/adult/mental-health-services/cassel-hospital", "internet_access:ssid": null, "number": null, "addr:floor": null, "level": null, "payment:cash": null, "payment:credit_cards": null, "payment:debit_cards": null, "reg_name": null, "was:name": null, "addr:village": null, "contact:email": null, "was:wikidata": null, "was:wikipedia": null }, "geometry": { "type": "Point", "coordinates": [ -0.309330909962195, 51.4323599 ] } },
{ "type": "Feature", "properties": { "osm_type": "way", "osm_id": 484298094, "lon": -0.017405463087774423, "lat": 51.4539513, "source_geometry_type": "MultiPolygon", "addr:city": null, "addr:housename": null, "addr:postcode": null, "addr:street": null, "amenity": "hospital", "healthcare": "hospital", "name": "University Hospital Lewisham", "category": "healthcare_hospitals", "phone": null, "public": null, "website": null, "addr:country": null, "addr:county": null, "addr:place": null, "contact:phone": null, "contact:website": null, "fhrs:id": null, "operator": null, "addr:housenumber": null, "description": null, "opening_hours": "24/7", "email": null, "fax": null, "check_date": "2022-10-16", "healthcare:speciality": null, "source": "survey", "entrance": null, "wheelchair": "yes", "emergency": "yes", "internet_access": "wlan", "operator:type": "public", "ref:GB:cqc_location": "RJ224", "ref:GB:nhs_ods": "RJ224", "operator:wikidata": null, "long_name": null, "wikidata": "Q14956783", "wikipedia": "en:University Hospital Lewisham", "alt_name": null, "loc_name": null, "beds": null, "source:addr": null, "landuse": null, "building": null, "image": null, "fhrs:authority": null, "fhrs:inspectiondate": null, "fhrs:rating": null, "source:postcode": null, "note": null, "wikimedia_commons": null, "building:levels": null, "height": null, "historic:operator": null, "name:uk": null, "fhrs:local_authority_id": null, "addr:suburb": null, "fixme": null, "fhrs:confidence_management": null, "fhrs:hygiene": null, "fhrs:structural": null, "ref:GB:uprn": null, "roof:levels": null, "building:colour": null, "building:material": null, "roof:colour": null, "healthcare:for": null, "name:ar": null, "internet_access:fee": "no", "source:addr:postcode": null, "short_name": null, "barrier": null, "type": null, "toilets:wheelchair": null, "nohousenumber": null, "official_name": null, "roof:shape": null, "fee": null, "old_name": null, "start_date": null, "not:addr:postcode": null, "operator:website": null, "internet_access:ssid": "NHS WiFi", "number": null, "addr:floor": null, "level": null, "payment:cash": null, "payment:credit_cards": null, "payment:debit_cards": null, "reg_name": null, "was:name": null, "addr:village": null, "contact:email": null, "was:wikidata": null, "was:wikipedia": null }, "geometry": { "type": "Point", "coordinates": [ -0.017405463087774, 51.4539513 ] } },
{ "type": "Feature", "properties": { "osm_type": "way", "osm_id": 492083208, "lon": -0.14252759099393486, "lat": 51.56667535, "source_geometry_type": "MultiPolygon", "addr:city": "London", "addr:housename": null, "addr:postcode": "N19 5NX", "addr:street": "Dartmouth Park Hill", "amenity": "hospital", "healthcare": "hospital", "name": "Highgate Mental Health Centre", "category": "healthcare_hospitals", "phone": null, "public": null, "website": null, "addr:country": null, "addr:county": null, "addr:place": null, "contact:phone": null, "contact:website": null, "fhrs:id": null, "operator": "Camden and Islington NHS Foundation Trust", "addr:housenumber": null, "description": null, "opening_hours": null, "email": null, "fax": null, "check_date": null, "healthcare:speciality": null, "source": null, "entrance": null, "wheelchair": null, "emergency": "yes", "internet_access": null, "operator:type": null, "ref:GB:cqc_location": null, "ref:GB:nhs_ods": null, "operator:wikidata": null, "long_name": null, "wikidata": null, "wikipedia": null, "alt_name": null, "loc_name": null, "beds": null, "source:addr": null, "landuse": null, "building": null, "image": null, "fhrs:authority": null, "fhrs:inspectiondate": null, "fhrs:rating": null, "source:postcode": null, "note": null, "wikimedia_commons": null, "building:levels": null, "height": null, "historic:operator": null, "name:uk": null, "fhrs:local_authority_id": null, "addr:suburb": null, "fixme": null, "fhrs:confidence_management": null, "fhrs:hygiene": null, "fhrs:structural": null, "ref:GB:uprn": null, "roof:levels": null, "building:colour": null, "building:material": null, "roof:colour": null, "healthcare:for": null, "name:ar": null, "internet_access:fee": null, "source:addr:postcode": null, "short_name": null, "barrier": null, "type": null, "toilets:wheelchair": null, "nohousenumber": null, "official_name": null, "roof:shape": null, "fee": null, "old_name": null, "start_date": null, "not:addr:postcode": null, "operator:website": null, "internet_access:ssid": null, "number": null, "addr:floor": null, "level": null, "payment:cash": null, "payment:credit_cards": null, "payment:debit_cards": null, "reg_name": null, "was:name": null, "addr:village": null, "contact:email": null, "was:wikidata": null, "was:wikipedia": null }, "geometry": { "type": "Point", "coordinates": [ -0.142527590993935, 51.56667535 ] } },
{ "type": "Feature", "properties": { "osm_type": "way", "osm_id": 497718283, "lon": -0.075595913681492322, "lat": 51.52771075, "source_geometry_type": "MultiPolygon", "addr:city": "London", "addr:housename": null, "addr:postcode": "E2 7DZ", "addr:street": "Tabernacle Gardens", "amenity": "hospital", "healthcare": "hospital", "name": "Mildmay Mission Hospital", "category": "healthcare_hospitals", "phone": null, "public": null, "website": "https://www.mildmay.org/", "addr:country": null, "addr:county": null, "addr:place": null, "contact:phone": null, "contact:website": null, "fhrs:id": null, "operator": null, "addr:housenumber": "19", "description": null, "opening_hours": null, "email": null, "fax": null, "check_date": null, "healthcare:speciality": null, "source": null, "entrance": null, "wheelchair": "yes", "emergency": null, "internet_access": null, "operator:type": null, "ref:GB:cqc_location": "1-2311760426", "ref:GB:nhs_ods": null, "operator:wikidata": null, "long_name": null, "wikidata": "Q124749523", "wikipedia": "en:Mildmay Mission Hospital", "alt_name": "Mildmay Hospital", "loc_name": null, "beds": null, "source:addr": null, "landuse": null, "building": "hospital", "image": null, "fhrs:authority": null, "fhrs:inspectiondate": null, "fhrs:rating": null, "source:postcode": null, "note": null, "wikimedia_commons": null, "building:levels": "4", "height": null, "historic:operator": null, "name:uk": null, "fhrs:local_authority_id": null, "addr:suburb": null, "fixme": null, "fhrs:confidence_management": null, "fhrs:hygiene": null, "fhrs:structural": null, "ref:GB:uprn": null, "roof:levels": "0", "building:colour": null, "building:material": null, "roof:colour": null, "healthcare:for": null, "name:ar": null, "internet_access:fee": null, "source:addr:postcode": null, "short_name": null, "barrier": null, "type": null, "toilets:wheelchair": null, "nohousenumber": null, "official_name": null, "roof:shape": null, "fee": null, "old_name": null, "start_date": null, "not:addr:postcode": null, "operator:website": null, "internet_access:ssid": null, "number": null, "addr:floor": null, "level": null, "payment:cash": null, "payment:credit_cards": null, "payment:debit_cards": null, "reg_name": null, "was:name": null, "addr:village": null, "contact:email": null, "was:wikidata": null, "was:wikipedia": null }, "geometry": { "type": "Point", "coordinates": [ -0.075595913681492, 51.52771075 ] } },
{ "type": "Feature", "properties": { "osm_type": "way", "osm_id": 504129695, "lon": -0.22444942728713868, "lat": 51.59371495, "source_geometry_type": "MultiPolygon", "addr:city": null, "addr:housename": null, "addr:postcode": null, "addr:street": null, "amenity": "hospital", "healthcare": null, "name": "BMI Hendon Hospital", "category": "healthcare_hospitals", "phone": null, "public": null, "website": "https://www.bmihealthcare.co.uk/hospitals/bmi-hendon-hospital", "addr:country": null, "addr:county": null, "addr:place": null, "contact:phone": null, "contact:website": null, "fhrs:id": null, "operator": null, "addr:housenumber": null, "description": null, "opening_hours": null, "email": null, "fax": null, "check_date": null, "healthcare:speciality": null, "source": null, "entrance": null, "wheelchair": null, "emergency": "no", "internet_access": null, "operator:type": null, "ref:GB:cqc_location": null, "ref:GB:nhs_ods": null, "operator:wikidata": null, "long_name": null, "wikidata": null, "wikipedia": null, "alt_name": null, "loc_name": null, "beds": null, "source:addr": null, "landuse": null, "building": null, "image": null, "fhrs:authority": null, "fhrs:inspectiondate": null, "fhrs:rating": null, "source:postcode": null, "note": null, "wikimedia_commons": null, "building:levels": null, "height": null, "historic:operator": null, "name:uk": null, "fhrs:local_authority_id": null, "addr:suburb": null, "fixme": null, "fhrs:confidence_management": null, "fhrs:hygiene": null, "fhrs:structural": null, "ref:GB:uprn": null, "roof:levels": null, "building:colour": null, "building:material": null, "roof:colour": null, "healthcare:for": null, "name:ar": null, "internet_access:fee": null, "source:addr:postcode": null, "short_name": null, "barrier": null, "type": null, "toilets:wheelchair": null, "nohousenumber": null, "official_name": null, "roof:shape": null, "fee": null, "old_name": null, "start_date": null, "not:addr:postcode": null, "operator:website": null, "internet_access:ssid": null, "number": null, "addr:floor": null, "level": null, "payment:cash": null, "payment:credit_cards": null, "payment:debit_cards": null, "reg_name": null, "was:name": null, "addr:village": null, "contact:email": null, "was:wikidata": null, "was:wikipedia": null }, "geometry": { "type": "Point", "coordinates": [ -0.224449427287139, 51.59371495 ] } },
{ "type": "Feature", "properties": { "osm_type": "way", "osm_id": 514349576, "lon": -0.15688832079822806, "lat": 51.57665925, "source_geometry_type": "MultiPolygon", "addr:city": "London", "addr:housename": null, "addr:postcode": null, "addr:street": "View Road", "amenity": "hospital", "healthcare": "hospital", "name": "Nuffield Health Highgate Hospital", "category": "healthcare_hospitals", "phone": "+44 20 8341 4182", "public": null, "website": "https://www.nuffieldhealth.com/hospitals/highgate", "addr:country": null, "addr:county": null, "addr:place": null, "contact:phone": null, "contact:website": null, "fhrs:id": null, "operator": "Nuffield Health", "addr:housenumber": "17-19", "description": null, "opening_hours": null, "email": "hohig.enquiries@nuffieldhealth.com", "fax": null, "check_date": null, "healthcare:speciality": null, "source": null, "entrance": null, "wheelchair": null, "emergency": null, "internet_access": null, "operator:type": "private", "ref:GB:cqc_location": null, "ref:GB:nhs_ods": "NYW03", "operator:wikidata": "Q7068711", "long_name": null, "wikidata": "Q28404470", "wikipedia": null, "alt_name": null, "loc_name": null, "beds": null, "source:addr": null, "landuse": null, "building": "hospital", "image": null, "fhrs:authority": null, "fhrs:inspectiondate": null, "fhrs:rating": null, "source:postcode": null, "note": null, "wikimedia_commons": null, "building:levels": null, "height": null, "historic:operator": null, "name:uk": null, "fhrs:local_authority_id": null, "addr:suburb": null, "fixme": null, "fhrs:confidence_management": null, "fhrs:hygiene": null, "fhrs:structural": null, "ref:GB:uprn": null, "roof:levels": null, "building:colour": null, "building:material": null, "roof:colour": null, "healthcare:for": null, "name:ar": null, "internet_access:fee": null, "source:addr:postcode": null, "short_name": null, "barrier": null, "type": null, "toilets:wheelchair": null, "nohousenumber": null, "official_name": null, "roof:shape": null, "fee": null, "old_name": null, "start_date": null, "not:addr:postcode": null, "operator:website": null, "internet_access:ssid": null, "number": null, "addr:floor": null, "level": null, "payment:cash": null, "payment:credit_cards": null, "payment:debit_cards": null, "reg_name": null, "was:name": null, "addr:village": null, "contact:email": null, "was:wikidata": null, "was:wikipedia": null }, "geometry": { "type": "Point", "coordinates": [ -0.156888320798228, 51.57665925 ] } },
{ "type": "Feature", "properties": { "osm_type": "way", "osm_id": 540185923, "lon": 0.014416966721558663, "lat": 51.4011388, "source_geometry_type": "MultiPolygon", "addr:city": "Bromley", "addr:housename": null, "addr:postcode": "BR1 1HX", "addr:street": "Ringers Road", "amenity": "hospital", "healthcare": "hospital", "name": "Renal Dialysis Unit", "category": "healthcare_hospitals", "phone": null, "public": null, "website": null, "addr:country": "GB", "addr:county": null, "addr:place": null, "contact:phone": null, "contact:website": null, "fhrs:id": null, "operator": "NHS Kings@Bromley", "addr:housenumber": "1-3", "description": null, "opening_hours": null, "email": null, "fax": null, "check_date": null, "healthcare:speciality": "renal", "source": null, "entrance": null, "wheelchair": null, "emergency": null, "internet_access": null, "operator:type": null, "ref:GB:cqc_location": null, "ref:GB:nhs_ods": null, "operator:wikidata": null, "long_name": null, "wikidata": null, "wikipedia": null, "alt_name": null, "loc_name": null, "beds": null, "source:addr": null, "landuse": null, "building": null, "image": null, "fhrs:authority": null, "fhrs:inspectiondate": null, "fhrs:rating": null, "source:postcode": null, "note": null, "wikimedia_commons": null, "building:levels": null, "height": null, "historic:operator": null, "name:uk": null, "fhrs:local_authority_id": null, "addr:suburb": null, "fixme": null, "fhrs:confidence_management": null, "fhrs:hygiene": null, "fhrs:structural": null, "ref:GB:uprn": null, "roof:levels": null, "building:colour": null, "building:material": null, "roof:colour": null, "healthcare:for": null, "name:ar": null, "internet_access:fee": null, "source:addr:postcode": null, "short_name": null, "barrier": null, "type": null, "toilets:wheelchair": null, "nohousenumber": null, "official_name": null, "roof:shape": null, "fee": null, "old_name": null, "start_date": null, "not:addr:postcode": null, "operator:website": null, "internet_access:ssid": null, "number": "020 3299 7510", "addr:floor": null, "level": null, "payment:cash": null, "payment:credit_cards": null, "payment:debit_cards": null, "reg_name": null, "was:name": null, "addr:village": null, "contact:email": null, "was:wikidata": null, "was:wikipedia": null }, "geometry": { "type": "Point", "coordinates": [ 0.014416966721559, 51.4011388 ] } },
{ "type": "Feature", "properties": { "osm_type": "way", "osm_id": 548533106, "lon": -0.12037279195275108, "lat": 51.5224889, "source_geometry_type": "MultiPolygon", "addr:city": "London", "addr:housename": null, "addr:postcode": "WC1N 3JH", "addr:street": "Great Ormond Street", "amenity": "hospital", "healthcare": "hospital", "name": "Great Ormond Street Hospital for Children", "category": "healthcare_hospitals", "phone": null, "public": null, "website": null, "addr:country": "GB", "addr:county": null, "addr:place": null, "contact:phone": null, "contact:website": "http://www.gosh.nhs.uk/", "fhrs:id": null, "operator": "Great Ormond Street Hospital for Children NHS Foundation Trust", "addr:housenumber": null, "description": null, "opening_hours": null, "email": null, "fax": null, "check_date": null, "healthcare:speciality": null, "source": null, "entrance": null, "wheelchair": null, "emergency": null, "internet_access": null, "operator:type": "public", "ref:GB:cqc_location": "RP401", "ref:GB:nhs_ods": "RP401", "operator:wikidata": "Q19873658", "long_name": null, "wikidata": "Q1349705", "wikipedia": "en:Great Ormond Street Hospital", "alt_name": null, "loc_name": null, "beds": null, "source:addr": null, "landuse": null, "building": null, "image": null, "fhrs:authority": null, "fhrs:inspectiondate": null, "fhrs:rating": null, "source:postcode": null, "note": null, "wikimedia_commons": "Category:Great Ormond Street Hospital", "building:levels": null, "height": null, "historic:operator": null, "name:uk": null, "fhrs:local_authority_id": null, "addr:suburb": null, "fixme": null, "fhrs:confidence_management": null, "fhrs:hygiene": null, "fhrs:structural": null, "ref:GB:uprn": null, "roof:levels": null, "building:colour": null, "building:material": null, "roof:colour": null, "healthcare:for": null, "name:ar": null, "internet_access:fee": null, "source:addr:postcode": null, "short_name": null, "barrier": null, "type": null, "toilets:wheelchair": null, "nohousenumber": null, "official_name": null, "roof:shape": null, "fee": null, "old_name": null, "start_date": null, "not:addr:postcode": null, "operator:website": null, "internet_access:ssid": null, "number": null, "addr:floor": null, "level": null, "payment:cash": null, "payment:credit_cards": null, "payment:debit_cards": null, "reg_name": null, "was:name": null, "addr:village": null, "contact:email": null, "was:wikidata": null, "was:wikipedia": null }, "geometry": { "type": "Point", "coordinates": [ -0.120372791952751, 51.5224889 ] } },
{ "type": "Feature", "properties": { "osm_type": "way", "osm_id": 581607863, "lon": 0.058706460714282316, "lat": 51.3661619, "source_geometry_type": "MultiPolygon", "addr:city": "Orpington", "addr:housename": null, "addr:postcode": "BR6 8ND", "addr:street": "Farnborough Common", "amenity": "hospital", "healthcare": "hospital", "name": "Princess Royal University Hospital", "category": "healthcare_hospitals", "phone": "+44 1689 863000", "public": null, "website": "https://pruh.kch.nhs.uk/", "addr:country": null, "addr:county": null, "addr:place": null, "contact:phone": null, "contact:website": null, "fhrs:id": null, "operator": "King's College NHS Foundation Trust", "addr:housenumber": null, "description": null, "opening_hours": null, "email": null, "fax": null, "check_date": null, "healthcare:speciality": null, "source": null, "entrance": null, "wheelchair": "yes", "emergency": "yes", "internet_access": null, "operator:type": null, "ref:GB:cqc_location": null, "ref:GB:nhs_ods": null, "operator:wikidata": null, "long_name": null, "wikidata": "Q7244808", "wikipedia": null, "alt_name": null, "loc_name": null, "beds": null, "source:addr": null, "landuse": null, "building": null, "image": null, "fhrs:authority": null, "fhrs:inspectiondate": null, "fhrs:rating": null, "source:postcode": null, "note": null, "wikimedia_commons": null, "building:levels": null, "height": null, "historic:operator": null, "name:uk": null, "fhrs:local_authority_id": null, "addr:suburb": null, "fixme": null, "fhrs:confidence_management": null, "fhrs:hygiene": null, "fhrs:structural": null, "ref:GB:uprn": null, "roof:levels": null, "building:colour": null, "building:material": null, "roof:colour": null, "healthcare:for": null, "name:ar": null, "internet_access:fee": null, "source:addr:postcode": null, "short_name": null, "barrier": null, "type": null, "toilets:wheelchair": null, "nohousenumber": null, "official_name": null, "roof:shape": null, "fee": null, "old_name": null, "start_date": null, "not:addr:postcode": null, "operator:website": null, "internet_access:ssid": null, "number": null, "addr:floor": null, "level": null, "payment:cash": null, "payment:credit_cards": null, "payment:debit_cards": null, "reg_name": null, "was:name": null, "addr:village": null, "contact:email": null, "was:wikidata": null, "was:wikipedia": null }, "geometry": { "type": "Point", "coordinates": [ 0.058706460714282, 51.3661619 ] } },
{ "type": "Feature", "properties": { "osm_type": "way", "osm_id": 582082097, "lon": 0.059262230668980259, "lat": 51.3663698, "source_geometry_type": "MultiPolygon", "addr:city": "Orpington", "addr:housename": null, "addr:postcode": "BR6 8ND", "addr:street": null, "amenity": null, "healthcare": "hospital", "name": null, "category": "healthcare_hospitals", "phone": null, "public": null, "website": null, "addr:country": null, "addr:county": null, "addr:place": null, "contact:phone": null, "contact:website": null, "fhrs:id": null, "operator": null, "addr:housenumber": null, "description": null, "opening_hours": null, "email": null, "fax": null, "check_date": null, "healthcare:speciality": null, "source": null, "entrance": null, "wheelchair": null, "emergency": null, "internet_access": null, "operator:type": null, "ref:GB:cqc_location": null, "ref:GB:nhs_ods": "1-2607115663", "operator:wikidata": null, "long_name": null, "wikidata": null, "wikipedia": null, "alt_name": null, "loc_name": null, "beds": null, "source:addr": null, "landuse": null, "building": "hospital", "image": null, "fhrs:authority": null, "fhrs:inspectiondate": null, "fhrs:rating": null, "source:postcode": null, "note": null, "wikimedia_commons": null, "building:levels": null, "height": null, "historic:operator": null, "name:uk": null, "fhrs:local_authority_id": null, "addr:suburb": null, "fixme": null, "fhrs:confidence_management": null, "fhrs:hygiene": null, "fhrs:structural": null, "ref:GB:uprn": null, "roof:levels": null, "building:colour": null, "building:material": null, "roof:colour": null, "healthcare:for": null, "name:ar": null, "internet_access:fee": null, "source:addr:postcode": null, "short_name": null, "barrier": null, "type": null, "toilets:wheelchair": null, "nohousenumber": null, "official_name": null, "roof:shape": null, "fee": null, "old_name": null, "start_date": null, "not:addr:postcode": null, "operator:website": null, "internet_access:ssid": null, "number": null, "addr:floor": null, "level": null, "payment:cash": null, "payment:credit_cards": null, "payment:debit_cards": null, "reg_name": null, "was:name": null, "addr:village": null, "contact:email": null, "was:wikidata": null, "was:wikipedia": null }, "geometry": { "type": "Point", "coordinates": [ 0.05926223066898, 51.3663698 ] } },
{ "type": "Feature", "properties": { "osm_type": "way", "osm_id": 591570712, "lon": 0.0066834921661860832, "lat": 51.46343715, "source_geometry_type": "MultiPolygon", "addr:city": "London", "addr:housename": null, "addr:postcode": "SE3 9UD", "addr:street": "Lee Terrace", "amenity": "hospital", "healthcare": "hospital", "name": "Blackheath Hospital", "category": "healthcare_hospitals", "phone": null, "public": null, "website": "https://www.circlehealthgroup.co.uk/hospitals/the-blackheath-hospital", "addr:country": null, "addr:county": null, "addr:place": null, "contact:phone": null, "contact:website": null, "fhrs:id": "1599430", "operator": "Circle Health Group Limited", "addr:housenumber": "40-42", "description": null, "opening_hours": null, "email": null, "fax": null, "check_date": "2026-01-11", "healthcare:speciality": null, "source": null, "entrance": null, "wheelchair": null, "emergency": null, "internet_access": null, "operator:type": "private", "ref:GB:cqc_location": "1-128758547", "ref:GB:nhs_ods": null, "operator:wikidata": null, "long_name": null, "wikidata": null, "wikipedia": null, "alt_name": null, "loc_name": null, "beds": null, "source:addr": "FHRS Open Data", "landuse": null, "building": null, "image": null, "fhrs:authority": null, "fhrs:inspectiondate": null, "fhrs:rating": null, "source:postcode": null, "note": null, "wikimedia_commons": null, "building:levels": null, "height": null, "historic:operator": null, "name:uk": null, "fhrs:local_authority_id": "FR/000006840", "addr:suburb": null, "fixme": null, "fhrs:confidence_management": null, "fhrs:hygiene": null, "fhrs:structural": null, "ref:GB:uprn": null, "roof:levels": null, "building:colour": null, "building:material": null, "roof:colour": null, "healthcare:for": null, "name:ar": null, "internet_access:fee": null, "source:addr:postcode": null, "short_name": null, "barrier": null, "type": null, "toilets:wheelchair": null, "nohousenumber": null, "official_name": null, "roof:shape": null, "fee": null, "old_name": null, "start_date": null, "not:addr:postcode": null, "operator:website": null, "internet_access:ssid": null, "number": null, "addr:floor": "G", "level": "0", "payment:cash": "yes", "payment:credit_cards": "yes", "payment:debit_cards": "yes", "reg_name": null, "was:name": null, "addr:village": null, "contact:email": null, "was:wikidata": null, "was:wikipedia": null }, "geometry": { "type": "Point", "coordinates": [ 0.006683492166186, 51.46343715 ] } },
{ "type": "Feature", "properties": { "osm_type": "way", "osm_id": 640495338, "lon": -0.059885067801315084, "lat": 51.51750265, "source_geometry_type": "MultiPolygon", "addr:city": "London", "addr:housename": null, "addr:postcode": "E1 1BB", "addr:street": "Whitechapel Road", "amenity": "hospital", "healthcare": "hospital", "name": "Royal London Hospital", "category": "healthcare_hospitals", "phone": null, "public": null, "website": null, "addr:country": null, "addr:county": null, "addr:place": null, "contact:phone": null, "contact:website": null, "fhrs:id": "100125", "operator": "Barts Health NHS Trust", "addr:housenumber": null, "description": null, "opening_hours": null, "email": null, "fax": null, "check_date": null, "healthcare:speciality": null, "source": null, "entrance": null, "wheelchair": null, "emergency": "yes", "internet_access": null, "operator:type": null, "ref:GB:cqc_location": "R1H12", "ref:GB:nhs_ods": "R1H12", "operator:wikidata": null, "long_name": null, "wikidata": "Q7374421", "wikipedia": "en:Royal London Hospital", "alt_name": null, "loc_name": null, "beds": null, "source:addr": null, "landuse": null, "building": null, "image": null, "fhrs:authority": null, "fhrs:inspectiondate": null, "fhrs:rating": null, "source:postcode": null, "note": null, "wikimedia_commons": null, "building:levels": null, "height": null, "historic:operator": null, "name:uk": null, "fhrs:local_authority_id": null, "addr:suburb": null, "fixme": null, "fhrs:confidence_management": null, "fhrs:hygiene": null, "fhrs:structural": null, "ref:GB:uprn": null, "roof:levels": null, "building:colour": null, "building:material": null, "roof:colour": null, "healthcare:for": null, "name:ar": null, "internet_access:fee": null, "source:addr:postcode": null, "short_name": null, "barrier": null, "type": null, "toilets:wheelchair": null, "nohousenumber": null, "official_name": null, "roof:shape": null, "fee": null, "old_name": null, "start_date": null, "not:addr:postcode": null, "operator:website": null, "internet_access:ssid": null, "number": null, "addr:floor": null, "level": null, "payment:cash": null, "payment:credit_cards": null, "payment:debit_cards": null, "reg_name": null, "was:name": null, "addr:village": null, "contact:email": null, "was:wikidata": null, "was:wikipedia": null }, "geometry": { "type": "Point", "coordinates": [ -0.059885067801315, 51.51750265 ] } },
{ "type": "Feature", "properties": { "osm_type": "way", "osm_id": 654480339, "lon": 0.16673454986387518, "lat": 51.47699205, "source_geometry_type": "MultiPolygon", "addr:city": null, "addr:housename": null, "addr:postcode": null, "addr:street": null, "amenity": "hospital", "healthcare": "hospital", "name": "Erith and District Hospital", "category": "healthcare_hospitals", "phone": null, "public": null, "website": null, "addr:country": null, "addr:county": null, "addr:place": null, "contact:phone": null, "contact:website": null, "fhrs:id": null, "operator": null, "addr:housenumber": null, "description": null, "opening_hours": null, "email": null, "fax": null, "check_date": null, "healthcare:speciality": null, "source": null, "entrance": null, "wheelchair": null, "emergency": null, "internet_access": null, "operator:type": null, "ref:GB:cqc_location": null, "ref:GB:nhs_ods": null, "operator:wikidata": null, "long_name": null, "wikidata": "Q30293058", "wikipedia": null, "alt_name": null, "loc_name": null, "beds": null, "source:addr": null, "landuse": null, "building": null, "image": null, "fhrs:authority": null, "fhrs:inspectiondate": null, "fhrs:rating": null, "source:postcode": null, "note": "The boundary is subject to checking/improvement", "wikimedia_commons": null, "building:levels": null, "height": null, "historic:operator": null, "name:uk": null, "fhrs:local_authority_id": null, "addr:suburb": null, "fixme": null, "fhrs:confidence_management": null, "fhrs:hygiene": null, "fhrs:structural": null, "ref:GB:uprn": null, "roof:levels": null, "building:colour": null, "building:material": null, "roof:colour": null, "healthcare:for": null, "name:ar": null, "internet_access:fee": null, "source:addr:postcode": null, "short_name": null, "barrier": null, "type": null, "toilets:wheelchair": null, "nohousenumber": null, "official_name": null, "roof:shape": null, "fee": null, "old_name": null, "start_date": null, "not:addr:postcode": null, "operator:website": null, "internet_access:ssid": null, "number": null, "addr:floor": null, "level": null, "payment:cash": null, "payment:credit_cards": null, "payment:debit_cards": null, "reg_name": null, "was:name": null, "addr:village": null, "contact:email": null, "was:wikidata": null, "was:wikipedia": null }, "geometry": { "type": "Point", "coordinates": [ 0.166734549863875, 51.47699205 ] } },
{ "type": "Feature", "properties": { "osm_type": "way", "osm_id": 660411791, "lon": -0.14421685104958976, "lat": 51.52278015, "source_geometry_type": "MultiPolygon", "addr:city": "London", "addr:housename": null, "addr:postcode": null, "addr:street": "Great Portland Street", "amenity": "hospital", "healthcare": "hospital", "name": "The Portland Hospital Consulting Suite", "category": "healthcare_hospitals", "phone": null, "public": null, "website": null, "addr:country": null, "addr:county": null, "addr:place": null, "contact:phone": null, "contact:website": null, "fhrs:id": null, "operator": null, "addr:housenumber": "205-207", "description": null, "opening_hours": null, "email": null, "fax": null, "check_date": "2023-08-12", "healthcare:speciality": null, "source": null, "entrance": null, "wheelchair": null, "emergency": null, "internet_access": null, "operator:type": null, "ref:GB:cqc_location": null, "ref:GB:nhs_ods": null, "operator:wikidata": null, "long_name": null, "wikidata": null, "wikipedia": null, "alt_name": null, "loc_name": null, "beds": null, "source:addr": null, "landuse": null, "building": "hospital", "image": null, "fhrs:authority": null, "fhrs:inspectiondate": null, "fhrs:rating": null, "source:postcode": null, "note": null, "wikimedia_commons": null, "building:levels": "7", "height": null, "historic:operator": null, "name:uk": null, "fhrs:local_authority_id": null, "addr:suburb": null, "fixme": null, "fhrs:confidence_management": null, "fhrs:hygiene": null, "fhrs:structural": null, "ref:GB:uprn": null, "roof:levels": null, "building:colour": null, "building:material": null, "roof:colour": null, "healthcare:for": null, "name:ar": null, "internet_access:fee": null, "source:addr:postcode": null, "short_name": null, "barrier": null, "type": null, "toilets:wheelchair": null, "nohousenumber": null, "official_name": null, "roof:shape": null, "fee": null, "old_name": null, "start_date": null, "not:addr:postcode": null, "operator:website": null, "internet_access:ssid": null, "number": null, "addr:floor": null, "level": null, "payment:cash": null, "payment:credit_cards": null, "payment:debit_cards": null, "reg_name": null, "was:name": null, "addr:village": null, "contact:email": null, "was:wikidata": null, "was:wikipedia": null }, "geometry": { "type": "Point", "coordinates": [ -0.14421685104959, 51.52278015 ] } },
{ "type": "Feature", "properties": { "osm_type": "way", "osm_id": 669882382, "lon": -0.14647690042181971, "lat": 51.5186684, "source_geometry_type": "MultiPolygon", "addr:city": "London", "addr:housename": "Privé Clinics", "addr:postcode": "W1G 9PP", "addr:street": "Harley Street", "amenity": "hospital", "healthcare": "hospital", "name": "Privé Clinics", "category": "healthcare_hospitals", "phone": null, "public": null, "website": "https://priveclinics.com/", "addr:country": "GB", "addr:county": null, "addr:place": null, "contact:phone": null, "contact:website": null, "fhrs:id": null, "operator": null, "addr:housenumber": "40", "description": "Welcome to Privé Clinics, where we believe you deserve nothing but the best. Your health is our priority. We are a sanctuary where a team of practitioners come together to provide you with dental and medical services in a calm and welcoming environment.", "opening_hours": null, "email": null, "fax": null, "check_date": null, "healthcare:speciality": null, "source": null, "entrance": null, "wheelchair": null, "emergency": null, "internet_access": null, "operator:type": null, "ref:GB:cqc_location": null, "ref:GB:nhs_ods": null, "operator:wikidata": null, "long_name": null, "wikidata": null, "wikipedia": null, "alt_name": null, "loc_name": null, "beds": null, "source:addr": null, "landuse": null, "building": "yes", "image": null, "fhrs:authority": null, "fhrs:inspectiondate": null, "fhrs:rating": null, "source:postcode": null, "note": null, "wikimedia_commons": null, "building:levels": "5", "height": null, "historic:operator": null, "name:uk": null, "fhrs:local_authority_id": null, "addr:suburb": null, "fixme": null, "fhrs:confidence_management": null, "fhrs:hygiene": null, "fhrs:structural": null, "ref:GB:uprn": "10033652092", "roof:levels": null, "building:colour": null, "building:material": null, "roof:colour": null, "healthcare:for": null, "name:ar": null, "internet_access:fee": null, "source:addr:postcode": null, "short_name": null, "barrier": null, "type": null, "toilets:wheelchair": null, "nohousenumber": null, "official_name": null, "roof:shape": null, "fee": null, "old_name": null, "start_date": null, "not:addr:postcode": null, "operator:website": null, "internet_access:ssid": null, "number": null, "addr:floor": null, "level": null, "payment:cash": null, "payment:credit_cards": null, "payment:debit_cards": null, "reg_name": null, "was:name": null, "addr:village": null, "contact:email": null, "was:wikidata": null, "was:wikipedia": null }, "geometry": { "type": "Point", "coordinates": [ -0.14647690042182, 51.5186684 ] } },
{ "type": "Feature", "properties": { "osm_type": "way", "osm_id": 670848153, "lon": -0.14710379929815209, "lat": 51.5182106, "source_geometry_type": "MultiPolygon", "addr:city": "London", "addr:housename": null, "addr:postcode": null, "addr:street": "Queen Anne Street", "amenity": "hospital", "healthcare": "hospital", "name": "Queen Anne Street Medical Centre", "category": "healthcare_hospitals", "phone": null, "public": null, "website": "https://qasmc.com/", "addr:country": null, "addr:county": null, "addr:place": null, "contact:phone": null, "contact:website": null, "fhrs:id": null, "operator": null, "addr:housenumber": "18-22", "description": null, "opening_hours": null, "email": null, "fax": null, "check_date": null, "healthcare:speciality": null, "source": null, "entrance": null, "wheelchair": null, "emergency": null, "internet_access": null, "operator:type": null, "ref:GB:cqc_location": "1-19458919324", "ref:GB:nhs_ods": null, "operator:wikidata": null, "long_name": null, "wikidata": null, "wikipedia": null, "alt_name": null, "loc_name": null, "beds": null, "source:addr": null, "landuse": null, "building": "yes", "image": null, "fhrs:authority": null, "fhrs:inspectiondate": null, "fhrs:rating": null, "source:postcode": null, "note": null, "wikimedia_commons": null, "building:levels": null, "height": null, "historic:operator": null, "name:uk": null, "fhrs:local_authority_id": null, "addr:suburb": null, "fixme": null, "fhrs:confidence_management": null, "fhrs:hygiene": null, "fhrs:structural": null, "ref:GB:uprn": null, "roof:levels": null, "building:colour": null, "building:material": null, "roof:colour": null, "healthcare:for": null, "name:ar": null, "internet_access:fee": null, "source:addr:postcode": null, "short_name": null, "barrier": null, "type": null, "toilets:wheelchair": null, "nohousenumber": null, "official_name": null, "roof:shape": null, "fee": null, "old_name": null, "start_date": null, "not:addr:postcode": null, "operator:website": null, "internet_access:ssid": null, "number": null, "addr:floor": null, "level": null, "payment:cash": null, "payment:credit_cards": null, "payment:debit_cards": null, "reg_name": null, "was:name": null, "addr:village": null, "contact:email": null, "was:wikidata": null, "was:wikipedia": null }, "geometry": { "type": "Point", "coordinates": [ -0.147103799298152, 51.5182106 ] } },
{ "type": "Feature", "properties": { "osm_type": "way", "osm_id": 672219101, "lon": -0.1483065543814347, "lat": 51.51771605, "source_geometry_type": "MultiPolygon", "addr:city": "London", "addr:housename": null, "addr:postcode": "W1G 9AZ", "addr:street": "Queen Anne Street", "amenity": "hospital", "healthcare": "hospital", "name": "Nuffield Health", "category": "healthcare_hospitals", "phone": null, "public": null, "website": "https://www.nuffieldhealth.com/clinics/london-west-end-medical-centre", "addr:country": null, "addr:county": null, "addr:place": null, "contact:phone": null, "contact:website": null, "fhrs:id": null, "operator": "Nuffield Health", "addr:housenumber": "39", "description": null, "opening_hours": null, "email": null, "fax": null, "check_date": null, "healthcare:speciality": null, "source": null, "entrance": null, "wheelchair": null, "emergency": null, "internet_access": null, "operator:type": "private", "ref:GB:cqc_location": null, "ref:GB:nhs_ods": null, "operator:wikidata": "Q7068711", "long_name": null, "wikidata": null, "wikipedia": null, "alt_name": null, "loc_name": null, "beds": null, "source:addr": null, "landuse": null, "building": "yes", "image": null, "fhrs:authority": null, "fhrs:inspectiondate": null, "fhrs:rating": null, "source:postcode": null, "note": null, "wikimedia_commons": null, "building:levels": null, "height": null, "historic:operator": null, "name:uk": null, "fhrs:local_authority_id": null, "addr:suburb": null, "fixme": null, "fhrs:confidence_management": null, "fhrs:hygiene": null, "fhrs:structural": null, "ref:GB:uprn": "100023465428", "roof:levels": null, "building:colour": null, "building:material": null, "roof:colour": null, "healthcare:for": null, "name:ar": null, "internet_access:fee": null, "source:addr:postcode": null, "short_name": null, "barrier": null, "type": null, "toilets:wheelchair": null, "nohousenumber": null, "official_name": null, "roof:shape": null, "fee": null, "old_name": null, "start_date": null, "not:addr:postcode": null, "operator:website": null, "internet_access:ssid": null, "number": null, "addr:floor": null, "level": null, "payment:cash": null, "payment:credit_cards": null, "payment:debit_cards": null, "reg_name": null, "was:name": null, "addr:village": null, "contact:email": null, "was:wikidata": null, "was:wikipedia": null }, "geometry": { "type": "Point", "coordinates": [ -0.148306554381435, 51.51771605 ] } },
{ "type": "Feature", "properties": { "osm_type": "way", "osm_id": 688880323, "lon": -0.1651950084524865, "lat": 51.52179265, "source_geometry_type": "MultiPolygon", "addr:city": "London", "addr:housename": null, "addr:postcode": null, "addr:street": "Lisson Grove", "amenity": "hospital", "healthcare": "hospital", "name": "Nightingale Hospital", "category": "healthcare_hospitals", "phone": null, "public": null, "website": "https://www.nightingalehospital.co.uk/", "addr:country": null, "addr:county": null, "addr:place": null, "contact:phone": null, "contact:website": null, "fhrs:id": null, "operator": null, "addr:housenumber": null, "description": null, "opening_hours": null, "email": null, "fax": null, "check_date": "2024-04-04", "healthcare:speciality": "psychiatry", "source": null, "entrance": null, "wheelchair": null, "emergency": null, "internet_access": null, "operator:type": null, "ref:GB:cqc_location": null, "ref:GB:nhs_ods": null, "operator:wikidata": null, "long_name": null, "wikidata": "Q60746347", "wikipedia": null, "alt_name": null, "loc_name": null, "beds": null, "source:addr": null, "landuse": null, "building": null, "image": null, "fhrs:authority": null, "fhrs:inspectiondate": null, "fhrs:rating": null, "source:postcode": null, "note": null, "wikimedia_commons": null, "building:levels": null, "height": null, "historic:operator": null, "name:uk": null, "fhrs:local_authority_id": null, "addr:suburb": null, "fixme": null, "fhrs:confidence_management": null, "fhrs:hygiene": null, "fhrs:structural": null, "ref:GB:uprn": null, "roof:levels": null, "building:colour": null, "building:material": null, "roof:colour": null, "healthcare:for": null, "name:ar": null, "internet_access:fee": null, "source:addr:postcode": null, "short_name": null, "barrier": null, "type": null, "toilets:wheelchair": null, "nohousenumber": null, "official_name": null, "roof:shape": null, "fee": null, "old_name": null, "start_date": null, "not:addr:postcode": null, "operator:website": null, "internet_access:ssid": null, "number": null, "addr:floor": null, "level": null, "payment:cash": null, "payment:credit_cards": null, "payment:debit_cards": null, "reg_name": null, "was:name": null, "addr:village": null, "contact:email": null, "was:wikidata": null, "was:wikipedia": null }, "geometry": { "type": "Point", "coordinates": [ -0.165195008452486, 51.52179265 ] } },
{ "type": "Feature", "properties": { "osm_type": "way", "osm_id": 699934188, "lon": -0.17513776443994439, "lat": 51.5332645, "source_geometry_type": "MultiPolygon", "addr:city": "London", "addr:housename": null, "addr:postcode": null, "addr:street": "Grove End Road", "amenity": "hospital", "healthcare": "hospital", "name": "Hospital of St John and St Elizabeth", "category": "healthcare_hospitals", "phone": null, "public": null, "website": "https://www.hje.org.uk/", "addr:country": null, "addr:county": null, "addr:place": null, "contact:phone": null, "contact:website": null, "fhrs:id": null, "operator": null, "addr:housenumber": "60", "description": null, "opening_hours": null, "email": null, "fax": null, "check_date": null, "healthcare:speciality": null, "source": null, "entrance": null, "wheelchair": null, "emergency": null, "internet_access": null, "operator:type": null, "ref:GB:cqc_location": null, "ref:GB:nhs_ods": null, "operator:wikidata": null, "long_name": null, "wikidata": "Q5908758", "wikipedia": "en:Hospital of St John and St Elizabeth", "alt_name": null, "loc_name": null, "beds": null, "source:addr": null, "landuse": null, "building": null, "image": null, "fhrs:authority": null, "fhrs:inspectiondate": null, "fhrs:rating": null, "source:postcode": null, "note": null, "wikimedia_commons": null, "building:levels": null, "height": null, "historic:operator": null, "name:uk": null, "fhrs:local_authority_id": null, "addr:suburb": null, "fixme": null, "fhrs:confidence_management": null, "fhrs:hygiene": null, "fhrs:structural": null, "ref:GB:uprn": null, "roof:levels": null, "building:colour": null, "building:material": null, "roof:colour": null, "healthcare:for": null, "name:ar": null, "internet_access:fee": null, "source:addr:postcode": null, "short_name": null, "barrier": null, "type": null, "toilets:wheelchair": null, "nohousenumber": null, "official_name": null, "roof:shape": null, "fee": null, "old_name": null, "start_date": null, "not:addr:postcode": null, "operator:website": null, "internet_access:ssid": null, "number": null, "addr:floor": null, "level": null, "payment:cash": null, "payment:credit_cards": null, "payment:debit_cards": null, "reg_name": null, "was:name": null, "addr:village": null, "contact:email": null, "was:wikidata": null, "was:wikipedia": null }, "geometry": { "type": "Point", "coordinates": [ -0.175137764439944, 51.5332645 ] } },
{ "type": "Feature", "properties": { "osm_type": "way", "osm_id": 707322577, "lon": -0.086727347849405501, "lat": 51.50320985, "source_geometry_type": "MultiPolygon", "addr:city": "London", "addr:housename": null, "addr:postcode": "SE1 9RT", "addr:street": "Great Maze Pond", "amenity": "hospital", "healthcare": "hospital", "name": "Guy's Hospital", "category": "healthcare_hospitals", "phone": "+44 20 7188 7188", "public": null, "website": "https://www.guysandstthomas.nhs.uk/", "addr:country": null, "addr:county": null, "addr:place": null, "contact:phone": null, "contact:website": null, "fhrs:id": null, "operator": "Guy's and St Thomas' NHS Foundation Trust", "addr:housenumber": null, "description": null, "opening_hours": null, "email": null, "fax": null, "check_date": null, "healthcare:speciality": null, "source": null, "entrance": null, "wheelchair": null, "emergency": "no", "internet_access": null, "operator:type": null, "ref:GB:cqc_location": null, "ref:GB:nhs_ods": null, "operator:wikidata": null, "long_name": null, "wikidata": "Q777039", "wikipedia": "en:Guy's Hospital", "alt_name": null, "loc_name": null, "beds": null, "source:addr": null, "landuse": null, "building": null, "image": null, "fhrs:authority": null, "fhrs:inspectiondate": null, "fhrs:rating": null, "source:postcode": null, "note": null, "wikimedia_commons": null, "building:levels": null, "height": null, "historic:operator": null, "name:uk": null, "fhrs:local_authority_id": null, "addr:suburb": null, "fixme": null, "fhrs:confidence_management": null, "fhrs:hygiene": null, "fhrs:structural": null, "ref:GB:uprn": null, "roof:levels": null, "building:colour": null, "building:material": null, "roof:colour": null, "healthcare:for": null, "name:ar": "مستشفى غاي", "internet_access:fee": null, "source:addr:postcode": null, "short_name": null, "barrier": null, "type": null, "toilets:wheelchair": null, "nohousenumber": null, "official_name": null, "roof:shape": null, "fee": null, "old_name": null, "start_date": null, "not:addr:postcode": null, "operator:website": null, "internet_access:ssid": null, "number": null, "addr:floor": null, "level": null, "payment:cash": null, "payment:credit_cards": null, "payment:debit_cards": null, "reg_name": null, "was:name": null, "addr:village": null, "contact:email": null, "was:wikidata": null, "was:wikipedia": null }, "geometry": { "type": "Point", "coordinates": [ -0.086727347849406, 51.50320985 ] } },
{ "type": "Feature", "properties": { "osm_type": "way", "osm_id": 713671496, "lon": 0.063211512772422235, "lat": 51.4679537, "source_geometry_type": "MultiPolygon", "addr:city": "London", "addr:housename": null, "addr:postcode": "SE18 3RG", "addr:street": "Shooters Hill", "amenity": "hospital", "healthcare": "hospital", "name": "Memorial Hospital", "category": "healthcare_hospitals", "phone": "+44 20 8836 8500", "public": null, "website": "https://www.nhs.uk/Services/hospitals/Overview/DefaultView.aspx?id=2324", "addr:country": null, "addr:county": null, "addr:place": null, "contact:phone": null, "contact:website": null, "fhrs:id": null, "operator": null, "addr:housenumber": null, "description": null, "opening_hours": null, "email": null, "fax": null, "check_date": null, "healthcare:speciality": null, "source": null, "entrance": null, "wheelchair": null, "emergency": null, "internet_access": null, "operator:type": null, "ref:GB:cqc_location": null, "ref:GB:nhs_ods": null, "operator:wikidata": null, "long_name": null, "wikidata": "Q23891198", "wikipedia": null, "alt_name": null, "loc_name": null, "beds": null, "source:addr": null, "landuse": null, "building": null, "image": null, "fhrs:authority": null, "fhrs:inspectiondate": null, "fhrs:rating": null, "source:postcode": null, "note": null, "wikimedia_commons": null, "building:levels": null, "height": null, "historic:operator": null, "name:uk": null, "fhrs:local_authority_id": null, "addr:suburb": "Woolwich", "fixme": null, "fhrs:confidence_management": null, "fhrs:hygiene": null, "fhrs:structural": null, "ref:GB:uprn": null, "roof:levels": null, "building:colour": null, "building:material": null, "roof:colour": null, "healthcare:for": null, "name:ar": null, "internet_access:fee": null, "source:addr:postcode": null, "short_name": null, "barrier": null, "type": null, "toilets:wheelchair": null, "nohousenumber": null, "official_name": null, "roof:shape": null, "fee": null, "old_name": null, "start_date": null, "not:addr:postcode": null, "operator:website": null, "internet_access:ssid": null, "number": null, "addr:floor": null, "level": null, "payment:cash": null, "payment:credit_cards": null, "payment:debit_cards": null, "reg_name": null, "was:name": null, "addr:village": null, "contact:email": null, "was:wikidata": null, "was:wikipedia": null }, "geometry": { "type": "Point", "coordinates": [ 0.063211512772422, 51.4679537 ] } },
{ "type": "Feature", "properties": { "osm_type": "way", "osm_id": 727431875, "lon": -0.078518963332225231, "lat": 51.4213036, "source_geometry_type": "MultiPolygon", "addr:city": null, "addr:housename": null, "addr:postcode": null, "addr:street": null, "amenity": "hospital", "healthcare": "hospital", "name": null, "category": "healthcare_hospitals", "phone": null, "public": null, "website": null, "addr:country": null, "addr:county": null, "addr:place": null, "contact:phone": null, "contact:website": null, "fhrs:id": null, "operator": null, "addr:housenumber": null, "description": null, "opening_hours": null, "email": null, "fax": null, "check_date": null, "healthcare:speciality": null, "source": null, "entrance": null, "wheelchair": null, "emergency": null, "internet_access": null, "operator:type": null, "ref:GB:cqc_location": null, "ref:GB:nhs_ods": null, "operator:wikidata": null, "long_name": null, "wikidata": null, "wikipedia": null, "alt_name": null, "loc_name": null, "beds": null, "source:addr": null, "landuse": null, "building": null, "image": null, "fhrs:authority": null, "fhrs:inspectiondate": null, "fhrs:rating": null, "source:postcode": null, "note": null, "wikimedia_commons": null, "building:levels": null, "height": null, "historic:operator": null, "name:uk": null, "fhrs:local_authority_id": null, "addr:suburb": null, "fixme": null, "fhrs:confidence_management": null, "fhrs:hygiene": null, "fhrs:structural": null, "ref:GB:uprn": null, "roof:levels": null, "building:colour": null, "building:material": null, "roof:colour": null, "healthcare:for": null, "name:ar": null, "internet_access:fee": null, "source:addr:postcode": null, "short_name": null, "barrier": null, "type": null, "toilets:wheelchair": null, "nohousenumber": null, "official_name": null, "roof:shape": null, "fee": null, "old_name": null, "start_date": null, "not:addr:postcode": null, "operator:website": null, "internet_access:ssid": null, "number": null, "addr:floor": null, "level": null, "payment:cash": null, "payment:credit_cards": null, "payment:debit_cards": null, "reg_name": null, "was:name": null, "addr:village": null, "contact:email": null, "was:wikidata": null, "was:wikipedia": null }, "geometry": { "type": "Point", "coordinates": [ -0.078518963332225, 51.4213036 ] } },
{ "type": "Feature", "properties": { "osm_type": "relation", "osm_id": 10286924, "lon": -0.14957913051649721, "lat": 51.52293085, "source_geometry_type": "MultiPolygon", "addr:city": "London", "addr:housename": null, "addr:postcode": "W1G 6BW", "addr:street": "Devonshire Place", "amenity": "hospital", "healthcare": "hospital", "name": "London Clinic", "category": "healthcare_hospitals", "phone": null, "public": null, "website": "https://www.thelondonclinic.co.uk/", "addr:country": null, "addr:county": null, "addr:place": null, "contact:phone": null, "contact:website": null, "fhrs:id": null, "operator": null, "addr:housenumber": "20", "description": null, "opening_hours": null, "email": null, "fax": null, "check_date": null, "healthcare:speciality": null, "source": "OS", "entrance": null, "wheelchair": null, "emergency": null, "internet_access": null, "operator:type": null, "ref:GB:cqc_location": null, "ref:GB:nhs_ods": null, "operator:wikidata": null, "long_name": null, "wikidata": "Q14996990", "wikipedia": "en:The London Clinic", "alt_name": null, "loc_name": null, "beds": null, "source:addr": null, "landuse": null, "building": null, "image": null, "fhrs:authority": null, "fhrs:inspectiondate": null, "fhrs:rating": null, "source:postcode": null, "note": null, "wikimedia_commons": null, "building:levels": null, "height": null, "historic:operator": null, "name:uk": null, "fhrs:local_authority_id": null, "addr:suburb": null, "fixme": null, "fhrs:confidence_management": null, "fhrs:hygiene": null, "fhrs:structural": null, "ref:GB:uprn": null, "roof:levels": null, "building:colour": null, "building:material": null, "roof:colour": null, "healthcare:for": null, "name:ar": null, "internet_access:fee": null, "source:addr:postcode": null, "short_name": null, "barrier": null, "type": null, "toilets:wheelchair": null, "nohousenumber": null, "official_name": null, "roof:shape": null, "fee": null, "old_name": null, "start_date": null, "not:addr:postcode": null, "operator:website": null, "internet_access:ssid": null, "number": null, "addr:floor": null, "level": null, "payment:cash": null, "payment:credit_cards": null, "payment:debit_cards": null, "reg_name": null, "was:name": null, "addr:village": null, "contact:email": null, "was:wikidata": null, "was:wikipedia": null }, "geometry": { "type": "Point", "coordinates": [ -0.149579130516497, 51.52293085 ] } },
{ "type": "Feature", "properties": { "osm_type": "way", "osm_id": 780482089, "lon": 0.11126918966207208, "lat": 51.57737685, "source_geometry_type": "MultiPolygon", "addr:city": "Ilford", "addr:housename": null, "addr:postcode": "IG3 8XJ", "addr:street": "Barley Lane", "amenity": "hospital", "healthcare": "hospital", "name": "Goodmayes Hospital", "category": "healthcare_hospitals", "phone": null, "public": null, "website": null, "addr:country": "GB", "addr:county": null, "addr:place": null, "contact:phone": null, "contact:website": null, "fhrs:id": null, "operator": "North East London NHS Foundation Trust", "addr:housenumber": null, "description": null, "opening_hours": null, "email": null, "fax": null, "check_date": null, "healthcare:speciality": null, "source": null, "entrance": null, "wheelchair": null, "emergency": null, "internet_access": null, "operator:type": null, "ref:GB:cqc_location": null, "ref:GB:nhs_ods": "RATGM", "operator:wikidata": null, "long_name": null, "wikidata": "Q30293120", "wikipedia": "en:Goodmayes Hospital", "alt_name": null, "loc_name": null, "beds": null, "source:addr": null, "landuse": null, "building": null, "image": null, "fhrs:authority": null, "fhrs:inspectiondate": null, "fhrs:rating": null, "source:postcode": null, "note": null, "wikimedia_commons": null, "building:levels": null, "height": null, "historic:operator": null, "name:uk": null, "fhrs:local_authority_id": null, "addr:suburb": null, "fixme": null, "fhrs:confidence_management": null, "fhrs:hygiene": null, "fhrs:structural": null, "ref:GB:uprn": null, "roof:levels": null, "building:colour": null, "building:material": null, "roof:colour": null, "healthcare:for": null, "name:ar": null, "internet_access:fee": null, "source:addr:postcode": null, "short_name": null, "barrier": null, "type": null, "toilets:wheelchair": null, "nohousenumber": null, "official_name": null, "roof:shape": null, "fee": null, "old_name": null, "start_date": null, "not:addr:postcode": null, "operator:website": null, "internet_access:ssid": null, "number": null, "addr:floor": null, "level": null, "payment:cash": null, "payment:credit_cards": null, "payment:debit_cards": null, "reg_name": null, "was:name": null, "addr:village": null, "contact:email": null, "was:wikidata": null, "was:wikipedia": null }, "geometry": { "type": "Point", "coordinates": [ 0.111269189662072, 51.57737685 ] } },
{ "type": "Feature", "properties": { "osm_type": "way", "osm_id": 818779914, "lon": -0.16549640024746282, "lat": 51.5529389, "source_geometry_type": "MultiPolygon", "addr:city": "London", "addr:housename": null, "addr:postcode": "NW3 2QG", "addr:street": "Pond Street", "amenity": "hospital", "healthcare": "hospital", "name": "Royal Free Hospital", "category": "healthcare_hospitals", "phone": "+44 20 7794 0500", "public": null, "website": "https://www.royalfree.nhs.uk/our-locations/royal-free-hospital", "addr:country": null, "addr:county": null, "addr:place": null, "contact:phone": null, "contact:website": null, "fhrs:id": null, "operator": "Royal Free London", "addr:housenumber": null, "description": null, "opening_hours": "24/7", "email": null, "fax": null, "check_date": "2024-01-15", "healthcare:speciality": null, "source": "OS;Bing", "entrance": null, "wheelchair": "yes", "emergency": "yes", "internet_access": null, "operator:type": null, "ref:GB:cqc_location": null, "ref:GB:nhs_ods": null, "operator:wikidata": null, "long_name": null, "wikidata": "Q7374196", "wikipedia": "en:Royal Free Hospital", "alt_name": null, "loc_name": null, "beds": null, "source:addr": null, "landuse": null, "building": null, "image": null, "fhrs:authority": null, "fhrs:inspectiondate": null, "fhrs:rating": null, "source:postcode": null, "note": null, "wikimedia_commons": null, "building:levels": null, "height": null, "historic:operator": null, "name:uk": null, "fhrs:local_authority_id": null, "addr:suburb": null, "fixme": null, "fhrs:confidence_management": null, "fhrs:hygiene": null, "fhrs:structural": null, "ref:GB:uprn": null, "roof:levels": null, "building:colour": null, "building:material": null, "roof:colour": null, "healthcare:for": null, "name:ar": null, "internet_access:fee": null, "source:addr:postcode": null, "short_name": "RFH", "barrier": null, "type": null, "toilets:wheelchair": null, "nohousenumber": null, "official_name": null, "roof:shape": null, "fee": null, "old_name": null, "start_date": null, "not:addr:postcode": null, "operator:website": null, "internet_access:ssid": null, "number": null, "addr:floor": null, "level": null, "payment:cash": null, "payment:credit_cards": null, "payment:debit_cards": null, "reg_name": "Royal Free", "was:name": null, "addr:village": null, "contact:email": null, "was:wikidata": null, "was:wikipedia": null }, "geometry": { "type": "Point", "coordinates": [ -0.165496400247463, 51.5529389 ] } },
{ "type": "Feature", "properties": { "osm_type": "way", "osm_id": 821710065, "lon": -0.19139326669277107, "lat": 51.49507175, "source_geometry_type": "MultiPolygon", "addr:city": "London", "addr:housename": null, "addr:postcode": null, "addr:street": "Cromwell Road", "amenity": "hospital", "healthcare": "hospital", "name": "Cromwell Hospital", "category": "healthcare_hospitals", "phone": "+44 20 7460 5700", "public": null, "website": "https://www.cromwellhospital.com/", "addr:country": null, "addr:county": null, "addr:place": null, "contact:phone": null, "contact:website": null, "fhrs:id": null, "operator": "BUPA", "addr:housenumber": "164-178", "description": null, "opening_hours": null, "email": null, "fax": null, "check_date": null, "healthcare:speciality": null, "source": null, "entrance": null, "wheelchair": null, "emergency": null, "internet_access": null, "operator:type": "private", "ref:GB:cqc_location": null, "ref:GB:nhs_ods": null, "operator:wikidata": null, "long_name": null, "wikidata": "Q5187669", "wikipedia": "en:Cromwell Hospital", "alt_name": null, "loc_name": null, "beds": null, "source:addr": null, "landuse": null, "building": null, "image": null, "fhrs:authority": null, "fhrs:inspectiondate": null, "fhrs:rating": null, "source:postcode": null, "note": null, "wikimedia_commons": null, "building:levels": null, "height": null, "historic:operator": null, "name:uk": null, "fhrs:local_authority_id": null, "addr:suburb": null, "fixme": null, "fhrs:confidence_management": null, "fhrs:hygiene": null, "fhrs:structural": null, "ref:GB:uprn": null, "roof:levels": null, "building:colour": null, "building:material": null, "roof:colour": null, "healthcare:for": null, "name:ar": null, "internet_access:fee": null, "source:addr:postcode": null, "short_name": null, "barrier": null, "type": null, "toilets:wheelchair": null, "nohousenumber": null, "official_name": null, "roof:shape": null, "fee": null, "old_name": null, "start_date": null, "not:addr:postcode": null, "operator:website": null, "internet_access:ssid": null, "number": null, "addr:floor": null, "level": null, "payment:cash": null, "payment:credit_cards": null, "payment:debit_cards": null, "reg_name": null, "was:name": "Bupa Cromwell Hospital", "addr:village": null, "contact:email": null, "was:wikidata": null, "was:wikipedia": null }, "geometry": { "type": "Point", "coordinates": [ -0.191393266692771, 51.49507175 ] } },
{ "type": "Feature", "properties": { "osm_type": "way", "osm_id": 824501402, "lon": -0.1847420974689149, "lat": 51.48046605, "source_geometry_type": "MultiPolygon", "addr:city": "London", "addr:housename": null, "addr:postcode": "SW10 0UD", "addr:street": "King's Road", "amenity": "doctors", "healthcare": "hospital", "name": "Worlds End Health Centre", "category": "healthcare_hospitals", "phone": null, "public": null, "website": null, "addr:country": null, "addr:county": null, "addr:place": null, "contact:phone": null, "contact:website": null, "fhrs:id": null, "operator": null, "addr:housenumber": "529", "description": null, "opening_hours": null, "email": null, "fax": null, "check_date": null, "healthcare:speciality": null, "source": null, "entrance": null, "wheelchair": null, "emergency": null, "internet_access": null, "operator:type": null, "ref:GB:cqc_location": null, "ref:GB:nhs_ods": null, "operator:wikidata": null, "long_name": null, "wikidata": null, "wikipedia": null, "alt_name": null, "loc_name": null, "beds": null, "source:addr": null, "landuse": null, "building": "yes", "image": null, "fhrs:authority": null, "fhrs:inspectiondate": null, "fhrs:rating": null, "source:postcode": null, "note": null, "wikimedia_commons": null, "building:levels": "2", "height": null, "historic:operator": null, "name:uk": null, "fhrs:local_authority_id": null, "addr:suburb": null, "fixme": null, "fhrs:confidence_management": null, "fhrs:hygiene": null, "fhrs:structural": null, "ref:GB:uprn": null, "roof:levels": null, "building:colour": null, "building:material": null, "roof:colour": null, "healthcare:for": null, "name:ar": null, "internet_access:fee": null, "source:addr:postcode": null, "short_name": null, "barrier": null, "type": null, "toilets:wheelchair": null, "nohousenumber": null, "official_name": null, "roof:shape": null, "fee": null, "old_name": null, "start_date": null, "not:addr:postcode": null, "operator:website": null, "internet_access:ssid": null, "number": null, "addr:floor": null, "level": null, "payment:cash": null, "payment:credit_cards": null, "payment:debit_cards": null, "reg_name": null, "was:name": null, "addr:village": null, "contact:email": null, "was:wikidata": null, "was:wikipedia": null }, "geometry": { "type": "Point", "coordinates": [ -0.184742097468915, 51.48046605 ] } },
{ "type": "Feature", "properties": { "osm_type": "way", "osm_id": 831768505, "lon": -0.033333961139122785, "lat": 51.40515025, "source_geometry_type": "MultiPolygon", "addr:city": "Beckenham", "addr:housename": null, "addr:postcode": "BR3 3QL", "addr:street": "Croydon Road", "amenity": null, "healthcare": "hospital", "name": "Beckenham Beacon", "category": "healthcare_hospitals", "phone": null, "public": null, "website": null, "addr:country": null, "addr:county": null, "addr:place": null, "contact:phone": null, "contact:website": null, "fhrs:id": null, "operator": null, "addr:housenumber": "379-397", "description": null, "opening_hours": null, "email": null, "fax": null, "check_date": null, "healthcare:speciality": null, "source": null, "entrance": null, "wheelchair": null, "emergency": null, "internet_access": null, "operator:type": null, "ref:GB:cqc_location": null, "ref:GB:nhs_ods": "RJZ31", "operator:wikidata": null, "long_name": null, "wikidata": null, "wikipedia": null, "alt_name": null, "loc_name": null, "beds": null, "source:addr": null, "landuse": null, "building": "hospital", "image": null, "fhrs:authority": null, "fhrs:inspectiondate": null, "fhrs:rating": null, "source:postcode": null, "note": null, "wikimedia_commons": null, "building:levels": "1", "height": null, "historic:operator": null, "name:uk": null, "fhrs:local_authority_id": null, "addr:suburb": null, "fixme": null, "fhrs:confidence_management": null, "fhrs:hygiene": null, "fhrs:structural": null, "ref:GB:uprn": null, "roof:levels": null, "building:colour": null, "building:material": null, "roof:colour": null, "healthcare:for": null, "name:ar": null, "internet_access:fee": null, "source:addr:postcode": null, "short_name": null, "barrier": null, "type": null, "toilets:wheelchair": null, "nohousenumber": null, "official_name": null, "roof:shape": null, "fee": null, "old_name": null, "start_date": null, "not:addr:postcode": null, "operator:website": null, "internet_access:ssid": null, "number": null, "addr:floor": null, "level": null, "payment:cash": null, "payment:credit_cards": null, "payment:debit_cards": null, "reg_name": null, "was:name": null, "addr:village": null, "contact:email": null, "was:wikidata": null, "was:wikipedia": null }, "geometry": { "type": "Point", "coordinates": [ -0.033333961139123, 51.40515025 ] } },
{ "type": "Feature", "properties": { "osm_type": "way", "osm_id": 833201881, "lon": -0.14964688797006179, "lat": 51.5196719, "source_geometry_type": "MultiPolygon", "addr:city": "London", "addr:housename": null, "addr:postcode": "W1G 8PH", "addr:street": "Westmoreland Street", "amenity": "hospital", "healthcare": "hospital", "name": "University College Hospital at Westmoreland Street", "category": "healthcare_hospitals", "phone": null, "public": null, "website": null, "addr:country": null, "addr:county": null, "addr:place": null, "contact:phone": null, "contact:website": null, "fhrs:id": "428160", "operator": "University College London Hospitals NHS Foundation Trust", "addr:housenumber": "16-18", "description": null, "opening_hours": null, "email": null, "fax": null, "check_date": null, "healthcare:speciality": null, "source": null, "entrance": null, "wheelchair": "yes", "emergency": "no", "internet_access": null, "operator:type": null, "ref:GB:cqc_location": null, "ref:GB:nhs_ods": null, "operator:wikidata": null, "long_name": null, "wikidata": "Q7739155", "wikipedia": null, "alt_name": null, "loc_name": null, "beds": null, "source:addr": "FSA Food Hygiene Ratings Database", "landuse": null, "building": null, "image": null, "fhrs:authority": null, "fhrs:inspectiondate": null, "fhrs:rating": "5", "source:postcode": "FSA Food Hygiene Ratings Database", "note": null, "wikimedia_commons": null, "building:levels": null, "height": null, "historic:operator": null, "name:uk": null, "fhrs:local_authority_id": "01609/0016/0/000", "addr:suburb": null, "fixme": null, "fhrs:confidence_management": "0", "fhrs:hygiene": "0", "fhrs:structural": "5", "ref:GB:uprn": null, "roof:levels": null, "building:colour": null, "building:material": null, "roof:colour": null, "healthcare:for": null, "name:ar": null, "internet_access:fee": null, "source:addr:postcode": null, "short_name": null, "barrier": null, "type": null, "toilets:wheelchair": null, "nohousenumber": null, "official_name": null, "roof:shape": null, "fee": null, "old_name": null, "start_date": null, "not:addr:postcode": null, "operator:website": null, "internet_access:ssid": null, "number": null, "addr:floor": null, "level": null, "payment:cash": null, "payment:credit_cards": null, "payment:debit_cards": null, "reg_name": null, "was:name": null, "addr:village": null, "contact:email": null, "was:wikidata": null, "was:wikipedia": null }, "geometry": { "type": "Point", "coordinates": [ -0.149646887970062, 51.5196719 ] } },
{ "type": "Feature", "properties": { "osm_type": "way", "osm_id": 839142057, "lon": -0.19210520761450428, "lat": 51.34440895, "source_geometry_type": "MultiPolygon", "addr:city": null, "addr:housename": null, "addr:postcode": null, "addr:street": null, "amenity": "hospital", "healthcare": "hospital", "name": "Royal Marsden Hospital", "category": "healthcare_hospitals", "phone": null, "public": null, "website": "https://www.royalmarsden.nhs.uk/", "addr:country": null, "addr:county": null, "addr:place": null, "contact:phone": null, "contact:website": null, "fhrs:id": null, "operator": null, "addr:housenumber": null, "description": null, "opening_hours": null, "email": null, "fax": null, "check_date": null, "healthcare:speciality": null, "source": null, "entrance": null, "wheelchair": null, "emergency": null, "internet_access": null, "operator:type": null, "ref:GB:cqc_location": null, "ref:GB:nhs_ods": null, "operator:wikidata": null, "long_name": null, "wikidata": null, "wikipedia": null, "alt_name": null, "loc_name": null, "beds": null, "source:addr": null, "landuse": null, "building": null, "image": null, "fhrs:authority": null, "fhrs:inspectiondate": null, "fhrs:rating": null, "source:postcode": null, "note": null, "wikimedia_commons": null, "building:levels": null, "height": null, "historic:operator": null, "name:uk": null, "fhrs:local_authority_id": null, "addr:suburb": null, "fixme": null, "fhrs:confidence_management": null, "fhrs:hygiene": null, "fhrs:structural": null, "ref:GB:uprn": null, "roof:levels": null, "building:colour": null, "building:material": null, "roof:colour": null, "healthcare:for": null, "name:ar": null, "internet_access:fee": null, "source:addr:postcode": null, "short_name": null, "barrier": null, "type": null, "toilets:wheelchair": null, "nohousenumber": null, "official_name": null, "roof:shape": null, "fee": null, "old_name": null, "start_date": null, "not:addr:postcode": null, "operator:website": null, "internet_access:ssid": null, "number": null, "addr:floor": null, "level": null, "payment:cash": null, "payment:credit_cards": null, "payment:debit_cards": null, "reg_name": null, "was:name": null, "addr:village": null, "contact:email": null, "was:wikidata": null, "was:wikipedia": null }, "geometry": { "type": "Point", "coordinates": [ -0.192105207614504, 51.34440895 ] } },
{ "type": "Feature", "properties": { "osm_type": "way", "osm_id": 855389355, "lon": -0.34091956712569715, "lat": 51.42590565, "source_geometry_type": "MultiPolygon", "addr:city": "Teddington", "addr:housename": "Teddington War Memorial Hospital", "addr:postcode": "TW11 0JL", "addr:street": "Hampton Road", "amenity": "hospital", "healthcare": "hospital", "name": "Teddington Memorial Hospital", "category": "healthcare_hospitals", "phone": null, "public": null, "website": null, "addr:country": null, "addr:county": null, "addr:place": null, "contact:phone": null, "contact:website": null, "fhrs:id": null, "operator": null, "addr:housenumber": null, "description": null, "opening_hours": null, "email": null, "fax": null, "check_date": "2024-11-10", "healthcare:speciality": "radiology;diagnostic_radiology;general;community;diabetology;gynaecology;paediatrics", "source": "survey", "entrance": null, "wheelchair": "yes", "emergency": "no", "internet_access": null, "operator:type": "public", "ref:GB:cqc_location": null, "ref:GB:nhs_ods": null, "operator:wikidata": null, "long_name": null, "wikidata": "Q17022101", "wikipedia": null, "alt_name": null, "loc_name": null, "beds": null, "source:addr": "FHRS Open Data", "landuse": null, "building": null, "image": null, "fhrs:authority": null, "fhrs:inspectiondate": null, "fhrs:rating": null, "source:postcode": null, "note": null, "wikimedia_commons": null, "building:levels": null, "height": null, "historic:operator": null, "name:uk": null, "fhrs:local_authority_id": null, "addr:suburb": null, "fixme": null, "fhrs:confidence_management": null, "fhrs:hygiene": null, "fhrs:structural": null, "ref:GB:uprn": null, "roof:levels": null, "building:colour": null, "building:material": null, "roof:colour": null, "healthcare:for": null, "name:ar": null, "internet_access:fee": null, "source:addr:postcode": null, "short_name": null, "barrier": null, "type": null, "toilets:wheelchair": null, "nohousenumber": null, "official_name": null, "roof:shape": null, "fee": null, "old_name": null, "start_date": null, "not:addr:postcode": null, "operator:website": null, "internet_access:ssid": null, "number": null, "addr:floor": null, "level": null, "payment:cash": null, "payment:credit_cards": null, "payment:debit_cards": null, "reg_name": null, "was:name": null, "addr:village": null, "contact:email": null, "was:wikidata": null, "was:wikipedia": null }, "geometry": { "type": "Point", "coordinates": [ -0.340919567125697, 51.42590565 ] } },
{ "type": "Feature", "properties": { "osm_type": "way", "osm_id": 860476845, "lon": -0.033010757547676281, "lat": 51.40518915, "source_geometry_type": "MultiPolygon", "addr:city": null, "addr:housename": null, "addr:postcode": null, "addr:street": null, "amenity": "hospital", "healthcare": "hospital", "name": "Beckenham Beacon", "category": "healthcare_hospitals", "phone": null, "public": null, "website": null, "addr:country": null, "addr:county": null, "addr:place": null, "contact:phone": null, "contact:website": null, "fhrs:id": null, "operator": null, "addr:housenumber": null, "description": null, "opening_hours": null, "email": null, "fax": null, "check_date": null, "healthcare:speciality": null, "source": null, "entrance": null, "wheelchair": null, "emergency": null, "internet_access": null, "operator:type": null, "ref:GB:cqc_location": null, "ref:GB:nhs_ods": null, "operator:wikidata": null, "long_name": null, "wikidata": "Q4878645", "wikipedia": null, "alt_name": null, "loc_name": null, "beds": null, "source:addr": null, "landuse": null, "building": null, "image": null, "fhrs:authority": null, "fhrs:inspectiondate": null, "fhrs:rating": null, "source:postcode": null, "note": null, "wikimedia_commons": null, "building:levels": null, "height": null, "historic:operator": null, "name:uk": null, "fhrs:local_authority_id": null, "addr:suburb": null, "fixme": null, "fhrs:confidence_management": null, "fhrs:hygiene": null, "fhrs:structural": null, "ref:GB:uprn": null, "roof:levels": null, "building:colour": null, "building:material": null, "roof:colour": null, "healthcare:for": null, "name:ar": null, "internet_access:fee": null, "source:addr:postcode": null, "short_name": null, "barrier": null, "type": null, "toilets:wheelchair": null, "nohousenumber": null, "official_name": null, "roof:shape": null, "fee": null, "old_name": null, "start_date": null, "not:addr:postcode": null, "operator:website": null, "internet_access:ssid": null, "number": null, "addr:floor": null, "level": null, "payment:cash": null, "payment:credit_cards": null, "payment:debit_cards": null, "reg_name": null, "was:name": null, "addr:village": null, "contact:email": null, "was:wikidata": null, "was:wikipedia": null }, "geometry": { "type": "Point", "coordinates": [ -0.033010757547676, 51.40518915 ] } },
{ "type": "Feature", "properties": { "osm_type": "way", "osm_id": 863316715, "lon": -0.22374551213942315, "lat": 51.4338501, "source_geometry_type": "MultiPolygon", "addr:city": null, "addr:housename": null, "addr:postcode": null, "addr:street": null, "amenity": "hospital", "healthcare": "hospital", "name": "Nuffield Health Cancer Centre London", "category": "healthcare_hospitals", "phone": null, "public": null, "website": null, "addr:country": null, "addr:county": null, "addr:place": null, "contact:phone": null, "contact:website": null, "fhrs:id": null, "operator": null, "addr:housenumber": null, "description": null, "opening_hours": null, "email": null, "fax": null, "check_date": null, "healthcare:speciality": null, "source": null, "entrance": null, "wheelchair": null, "emergency": null, "internet_access": null, "operator:type": null, "ref:GB:cqc_location": null, "ref:GB:nhs_ods": null, "operator:wikidata": null, "long_name": null, "wikidata": null, "wikipedia": null, "alt_name": null, "loc_name": null, "beds": null, "source:addr": null, "landuse": null, "building": null, "image": null, "fhrs:authority": null, "fhrs:inspectiondate": null, "fhrs:rating": null, "source:postcode": null, "note": null, "wikimedia_commons": null, "building:levels": null, "height": null, "historic:operator": null, "name:uk": null, "fhrs:local_authority_id": null, "addr:suburb": null, "fixme": null, "fhrs:confidence_management": null, "fhrs:hygiene": null, "fhrs:structural": null, "ref:GB:uprn": null, "roof:levels": null, "building:colour": null, "building:material": null, "roof:colour": null, "healthcare:for": null, "name:ar": null, "internet_access:fee": null, "source:addr:postcode": null, "short_name": null, "barrier": null, "type": null, "toilets:wheelchair": null, "nohousenumber": null, "official_name": null, "roof:shape": null, "fee": null, "old_name": null, "start_date": null, "not:addr:postcode": null, "operator:website": null, "internet_access:ssid": null, "number": null, "addr:floor": null, "level": null, "payment:cash": null, "payment:credit_cards": null, "payment:debit_cards": null, "reg_name": null, "was:name": null, "addr:village": null, "contact:email": null, "was:wikidata": null, "was:wikipedia": null }, "geometry": { "type": "Point", "coordinates": [ -0.223745512139423, 51.4338501 ] } },
{ "type": "Feature", "properties": { "osm_type": "way", "osm_id": 863401259, "lon": 0.2189306341078095, "lat": 51.5487464, "source_geometry_type": "MultiPolygon", "addr:city": "Hornchurch", "addr:housename": null, "addr:postcode": "RM12 6RR", "addr:street": "Suttons Lane", "amenity": "hospital", "healthcare": "hospital", "name": "St. George's Health & Wellbeing Hub", "category": "healthcare_hospitals", "phone": null, "public": null, "website": null, "addr:country": null, "addr:county": null, "addr:place": null, "contact:phone": null, "contact:website": null, "fhrs:id": null, "operator": "NHS", "addr:housenumber": "113", "description": null, "opening_hours": null, "email": null, "fax": null, "check_date": null, "healthcare:speciality": "community;general;blood_check;maternity;medical_imaging;geriatrics", "source": "https://www.nhs.uk/services/hospital/st-georges-health-and-wellbeing-hub/P8E7P", "entrance": null, "wheelchair": null, "emergency": "no", "internet_access": null, "operator:type": "public", "ref:GB:cqc_location": null, "ref:GB:nhs_ods": null, "operator:wikidata": "Q918396", "long_name": null, "wikidata": null, "wikipedia": null, "alt_name": null, "loc_name": null, "beds": null, "source:addr": null, "landuse": null, "building": null, "image": null, "fhrs:authority": null, "fhrs:inspectiondate": null, "fhrs:rating": null, "source:postcode": null, "note": null, "wikimedia_commons": null, "building:levels": null, "height": null, "historic:operator": null, "name:uk": null, "fhrs:local_authority_id": null, "addr:suburb": null, "fixme": null, "fhrs:confidence_management": null, "fhrs:hygiene": null, "fhrs:structural": null, "ref:GB:uprn": null, "roof:levels": null, "building:colour": null, "building:material": null, "roof:colour": null, "healthcare:for": null, "name:ar": null, "internet_access:fee": null, "source:addr:postcode": null, "short_name": null, "barrier": null, "type": null, "toilets:wheelchair": null, "nohousenumber": null, "official_name": null, "roof:shape": null, "fee": null, "old_name": null, "start_date": null, "not:addr:postcode": null, "operator:website": null, "internet_access:ssid": null, "number": null, "addr:floor": null, "level": null, "payment:cash": null, "payment:credit_cards": null, "payment:debit_cards": null, "reg_name": null, "was:name": null, "addr:village": null, "contact:email": null, "was:wikidata": null, "was:wikipedia": null }, "geometry": { "type": "Point", "coordinates": [ 0.218930634107809, 51.5487464 ] } },
{ "type": "Feature", "properties": { "osm_type": "way", "osm_id": 868274062, "lon": 0.064730093646193254, "lat": 51.5135872, "source_geometry_type": "MultiPolygon", "addr:city": "London", "addr:housename": null, "addr:postcode": "E6 6ZB", "addr:street": "Tunnan Leys", "amenity": "hospital", "healthcare": "hospital", "name": "Cygnet Hospital Beckton", "category": "healthcare_hospitals", "phone": null, "public": null, "website": null, "addr:country": null, "addr:county": null, "addr:place": null, "contact:phone": null, "contact:website": null, "fhrs:id": "849348", "operator": null, "addr:housenumber": "23", "description": null, "opening_hours": null, "email": null, "fax": null, "check_date": null, "healthcare:speciality": null, "source": null, "entrance": null, "wheelchair": null, "emergency": null, "internet_access": null, "operator:type": null, "ref:GB:cqc_location": "1-130471820", "ref:GB:nhs_ods": null, "operator:wikidata": null, "long_name": null, "wikidata": null, "wikipedia": null, "alt_name": null, "loc_name": null, "beds": null, "source:addr": null, "landuse": null, "building": null, "image": null, "fhrs:authority": null, "fhrs:inspectiondate": null, "fhrs:rating": null, "source:postcode": null, "note": null, "wikimedia_commons": null, "building:levels": null, "height": null, "historic:operator": null, "name:uk": null, "fhrs:local_authority_id": null, "addr:suburb": null, "fixme": null, "fhrs:confidence_management": null, "fhrs:hygiene": null, "fhrs:structural": null, "ref:GB:uprn": null, "roof:levels": null, "building:colour": null, "building:material": null, "roof:colour": null, "healthcare:for": null, "name:ar": null, "internet_access:fee": null, "source:addr:postcode": null, "short_name": null, "barrier": null, "type": null, "toilets:wheelchair": null, "nohousenumber": null, "official_name": null, "roof:shape": null, "fee": null, "old_name": null, "start_date": null, "not:addr:postcode": null, "operator:website": null, "internet_access:ssid": null, "number": null, "addr:floor": null, "level": null, "payment:cash": null, "payment:credit_cards": null, "payment:debit_cards": null, "reg_name": null, "was:name": null, "addr:village": null, "contact:email": null, "was:wikidata": null, "was:wikipedia": null }, "geometry": { "type": "Point", "coordinates": [ 0.064730093646193, 51.5135872 ] } },
{ "type": "Feature", "properties": { "osm_type": "way", "osm_id": 872044524, "lon": -0.2541464083326721, "lat": 51.41564815, "source_geometry_type": "MultiPolygon", "addr:city": "Kingston upon Thames", "addr:housename": null, "addr:postcode": "KT2 7EG", "addr:street": "Coombe Lane West", "amenity": "hospital", "healthcare": "hospital", "name": "New Victoria Hospital", "category": "healthcare_hospitals", "phone": null, "public": null, "website": "https://www.newvictoria.co.uk/", "addr:country": null, "addr:county": null, "addr:place": null, "contact:phone": null, "contact:website": null, "fhrs:id": null, "operator": null, "addr:housenumber": "184", "description": null, "opening_hours": null, "email": null, "fax": null, "check_date": null, "healthcare:speciality": null, "source": null, "entrance": null, "wheelchair": null, "emergency": "no", "internet_access": null, "operator:type": "private_non_profit", "ref:GB:cqc_location": null, "ref:GB:nhs_ods": null, "operator:wikidata": null, "long_name": null, "wikidata": null, "wikipedia": null, "alt_name": null, "loc_name": null, "beds": null, "source:addr": null, "landuse": null, "building": null, "image": null, "fhrs:authority": null, "fhrs:inspectiondate": null, "fhrs:rating": null, "source:postcode": null, "note": null, "wikimedia_commons": null, "building:levels": null, "height": null, "historic:operator": null, "name:uk": null, "fhrs:local_authority_id": null, "addr:suburb": null, "fixme": null, "fhrs:confidence_management": null, "fhrs:hygiene": null, "fhrs:structural": null, "ref:GB:uprn": null, "roof:levels": null, "building:colour": null, "building:material": null, "roof:colour": null, "healthcare:for": null, "name:ar": null, "internet_access:fee": null, "source:addr:postcode": null, "short_name": null, "barrier": null, "type": null, "toilets:wheelchair": null, "nohousenumber": null, "official_name": null, "roof:shape": null, "fee": null, "old_name": null, "start_date": null, "not:addr:postcode": null, "operator:website": null, "internet_access:ssid": null, "number": null, "addr:floor": null, "level": null, "payment:cash": null, "payment:credit_cards": null, "payment:debit_cards": null, "reg_name": null, "was:name": null, "addr:village": null, "contact:email": null, "was:wikidata": null, "was:wikipedia": null }, "geometry": { "type": "Point", "coordinates": [ -0.254146408332672, 51.41564815 ] } },
{ "type": "Feature", "properties": { "osm_type": "way", "osm_id": 881918254, "lon": -0.18134327230445429, "lat": 51.4843131, "source_geometry_type": "MultiPolygon", "addr:city": "London", "addr:housename": null, "addr:postcode": "SW10 9NH", "addr:street": "Fulham Road", "amenity": "hospital", "healthcare": "hospital", "name": "Chelsea and Westminster Hospital", "category": "healthcare_hospitals", "phone": null, "public": null, "website": "https://www.chelwest.nhs.uk/", "addr:country": null, "addr:county": null, "addr:place": null, "contact:phone": null, "contact:website": null, "fhrs:id": null, "operator": null, "addr:housenumber": "369", "description": null, "opening_hours": null, "email": null, "fax": null, "check_date": null, "healthcare:speciality": null, "source": null, "entrance": null, "wheelchair": null, "emergency": "yes", "internet_access": null, "operator:type": null, "ref:GB:cqc_location": null, "ref:GB:nhs_ods": null, "operator:wikidata": null, "long_name": null, "wikidata": "Q5090151", "wikipedia": "en:Chelsea and Westminster Hospital", "alt_name": null, "loc_name": null, "beds": null, "source:addr": null, "landuse": null, "building": null, "image": null, "fhrs:authority": null, "fhrs:inspectiondate": null, "fhrs:rating": null, "source:postcode": null, "note": null, "wikimedia_commons": null, "building:levels": null, "height": null, "historic:operator": null, "name:uk": null, "fhrs:local_authority_id": null, "addr:suburb": null, "fixme": null, "fhrs:confidence_management": null, "fhrs:hygiene": null, "fhrs:structural": null, "ref:GB:uprn": null, "roof:levels": null, "building:colour": null, "building:material": null, "roof:colour": null, "healthcare:for": null, "name:ar": null, "internet_access:fee": null, "source:addr:postcode": null, "short_name": null, "barrier": null, "type": null, "toilets:wheelchair": null, "nohousenumber": null, "official_name": null, "roof:shape": null, "fee": null, "old_name": null, "start_date": "1993", "not:addr:postcode": null, "operator:website": null, "internet_access:ssid": null, "number": null, "addr:floor": null, "level": null, "payment:cash": null, "payment:credit_cards": null, "payment:debit_cards": null, "reg_name": null, "was:name": null, "addr:village": null, "contact:email": null, "was:wikidata": null, "was:wikipedia": null }, "geometry": { "type": "Point", "coordinates": [ -0.181343272304454, 51.4843131 ] } },
{ "type": "Feature", "properties": { "osm_type": "way", "osm_id": 888717352, "lon": -0.17396553485443095, "lat": 51.48998665, "source_geometry_type": "MultiPolygon", "addr:city": "London", "addr:housename": null, "addr:postcode": null, "addr:street": "Fulham Road", "amenity": "hospital", "healthcare": "hospital", "name": "Royal Brompton Hospital", "category": "healthcare_hospitals", "phone": null, "public": null, "website": null, "addr:country": null, "addr:county": null, "addr:place": null, "contact:phone": null, "contact:website": null, "fhrs:id": null, "operator": null, "addr:housenumber": null, "description": null, "opening_hours": null, "email": null, "fax": null, "check_date": null, "healthcare:speciality": null, "source": null, "entrance": null, "wheelchair": null, "emergency": null, "internet_access": null, "operator:type": null, "ref:GB:cqc_location": null, "ref:GB:nhs_ods": null, "operator:wikidata": null, "long_name": null, "wikidata": "Q7373850", "wikipedia": "en:Royal Brompton Hospital", "alt_name": null, "loc_name": null, "beds": null, "source:addr": null, "landuse": null, "building": null, "image": null, "fhrs:authority": null, "fhrs:inspectiondate": null, "fhrs:rating": null, "source:postcode": null, "note": null, "wikimedia_commons": null, "building:levels": null, "height": null, "historic:operator": null, "name:uk": null, "fhrs:local_authority_id": null, "addr:suburb": null, "fixme": null, "fhrs:confidence_management": null, "fhrs:hygiene": null, "fhrs:structural": null, "ref:GB:uprn": null, "roof:levels": null, "building:colour": null, "building:material": null, "roof:colour": null, "healthcare:for": null, "name:ar": null, "internet_access:fee": null, "source:addr:postcode": null, "short_name": null, "barrier": null, "type": null, "toilets:wheelchair": null, "nohousenumber": null, "official_name": null, "roof:shape": null, "fee": null, "old_name": null, "start_date": null, "not:addr:postcode": null, "operator:website": null, "internet_access:ssid": null, "number": null, "addr:floor": null, "level": null, "payment:cash": null, "payment:credit_cards": null, "payment:debit_cards": null, "reg_name": null, "was:name": null, "addr:village": null, "contact:email": null, "was:wikidata": null, "was:wikipedia": null }, "geometry": { "type": "Point", "coordinates": [ -0.173965534854431, 51.48998665 ] } },
{ "type": "Feature", "properties": { "osm_type": "way", "osm_id": 902050280, "lon": 0.11124365799076769, "lat": 51.58019845, "source_geometry_type": "MultiPolygon", "addr:city": "Ilford", "addr:housename": null, "addr:postcode": "IG3 8YB", "addr:street": "Barley Lane", "amenity": "hospital", "healthcare": "hospital", "name": "King George Hospital", "category": "healthcare_hospitals", "phone": null, "public": null, "website": null, "addr:country": null, "addr:county": null, "addr:place": null, "contact:phone": null, "contact:website": null, "fhrs:id": null, "operator": null, "addr:housenumber": null, "description": null, "opening_hours": null, "email": null, "fax": null, "check_date": null, "healthcare:speciality": null, "source": null, "entrance": null, "wheelchair": null, "emergency": "yes", "internet_access": null, "operator:type": null, "ref:GB:cqc_location": null, "ref:GB:nhs_ods": "RF4DG", "operator:wikidata": null, "long_name": null, "wikidata": "Q6411611", "wikipedia": null, "alt_name": null, "loc_name": null, "beds": null, "source:addr": null, "landuse": null, "building": null, "image": null, "fhrs:authority": null, "fhrs:inspectiondate": null, "fhrs:rating": null, "source:postcode": null, "note": null, "wikimedia_commons": null, "building:levels": null, "height": null, "historic:operator": null, "name:uk": null, "fhrs:local_authority_id": null, "addr:suburb": null, "fixme": null, "fhrs:confidence_management": null, "fhrs:hygiene": null, "fhrs:structural": null, "ref:GB:uprn": null, "roof:levels": null, "building:colour": null, "building:material": null, "roof:colour": null, "healthcare:for": null, "name:ar": null, "internet_access:fee": null, "source:addr:postcode": null, "short_name": null, "barrier": null, "type": null, "toilets:wheelchair": null, "nohousenumber": null, "official_name": null, "roof:shape": null, "fee": null, "old_name": null, "start_date": null, "not:addr:postcode": null, "operator:website": null, "internet_access:ssid": null, "number": null, "addr:floor": null, "level": null, "payment:cash": null, "payment:credit_cards": null, "payment:debit_cards": null, "reg_name": null, "was:name": null, "addr:village": null, "contact:email": null, "was:wikidata": null, "was:wikipedia": null }, "geometry": { "type": "Point", "coordinates": [ 0.111243657990768, 51.58019845 ] } },
{ "type": "Feature", "properties": { "osm_type": "way", "osm_id": 904874618, "lon": 0.053673803779627209, "lat": 51.44924215, "source_geometry_type": "MultiPolygon", "addr:city": null, "addr:housename": null, "addr:postcode": null, "addr:street": null, "amenity": "hospital", "healthcare": "hospital", "name": "Eltham Community Hospital", "category": "healthcare_hospitals", "phone": null, "public": null, "website": "https://www.nhs.uk/services/hospital/eltham-community-hospital/RPGHP", "addr:country": null, "addr:county": null, "addr:place": null, "contact:phone": null, "contact:website": null, "fhrs:id": null, "operator": null, "addr:housenumber": null, "description": null, "opening_hours": null, "email": null, "fax": null, "check_date": null, "healthcare:speciality": null, "source": null, "entrance": null, "wheelchair": null, "emergency": null, "internet_access": null, "operator:type": null, "ref:GB:cqc_location": null, "ref:GB:nhs_ods": null, "operator:wikidata": null, "long_name": null, "wikidata": "Q105376589", "wikipedia": null, "alt_name": null, "loc_name": null, "beds": null, "source:addr": null, "landuse": null, "building": "hospital", "image": null, "fhrs:authority": null, "fhrs:inspectiondate": null, "fhrs:rating": null, "source:postcode": null, "note": null, "wikimedia_commons": null, "building:levels": null, "height": null, "historic:operator": null, "name:uk": null, "fhrs:local_authority_id": null, "addr:suburb": null, "fixme": null, "fhrs:confidence_management": null, "fhrs:hygiene": null, "fhrs:structural": null, "ref:GB:uprn": null, "roof:levels": null, "building:colour": null, "building:material": null, "roof:colour": null, "healthcare:for": null, "name:ar": null, "internet_access:fee": null, "source:addr:postcode": null, "short_name": null, "barrier": null, "type": null, "toilets:wheelchair": null, "nohousenumber": null, "official_name": null, "roof:shape": null, "fee": null, "old_name": null, "start_date": null, "not:addr:postcode": null, "operator:website": null, "internet_access:ssid": null, "number": null, "addr:floor": null, "level": null, "payment:cash": null, "payment:credit_cards": null, "payment:debit_cards": null, "reg_name": null, "was:name": null, "addr:village": null, "contact:email": null, "was:wikidata": null, "was:wikipedia": null }, "geometry": { "type": "Point", "coordinates": [ 0.053673803779627, 51.44924215 ] } },
{ "type": "Feature", "properties": { "osm_type": "way", "osm_id": 912368818, "lon": -0.23736840576123577, "lat": 51.51635295, "source_geometry_type": "MultiPolygon", "addr:city": "London", "addr:housename": null, "addr:postcode": "W12 0HS", "addr:street": "Du Cane Road", "amenity": "hospital", "healthcare": "hospital", "name": "Queen Charlotte's & Chelsea Hospital", "category": "healthcare_hospitals", "phone": "+44 20 3313 1111", "public": null, "website": "https://www.imperial.nhs.uk/our-locations/queen-charlottes-and-chelsea-hospital", "addr:country": null, "addr:county": null, "addr:place": null, "contact:phone": null, "contact:website": null, "fhrs:id": null, "operator": null, "addr:housenumber": null, "description": null, "opening_hours": null, "email": null, "fax": null, "check_date": "2024-01-28", "healthcare:speciality": null, "source": null, "entrance": null, "wheelchair": null, "emergency": null, "internet_access": "wlan", "operator:type": null, "ref:GB:cqc_location": null, "ref:GB:nhs_ods": null, "operator:wikidata": null, "long_name": null, "wikidata": "Q7270242", "wikipedia": null, "alt_name": null, "loc_name": null, "beds": null, "source:addr": null, "landuse": null, "building": "hospital", "image": null, "fhrs:authority": null, "fhrs:inspectiondate": null, "fhrs:rating": null, "source:postcode": null, "note": null, "wikimedia_commons": null, "building:levels": "5", "height": null, "historic:operator": null, "name:uk": null, "fhrs:local_authority_id": null, "addr:suburb": null, "fixme": null, "fhrs:confidence_management": null, "fhrs:hygiene": null, "fhrs:structural": null, "ref:GB:uprn": null, "roof:levels": null, "building:colour": null, "building:material": null, "roof:colour": null, "healthcare:for": null, "name:ar": null, "internet_access:fee": "no", "source:addr:postcode": null, "short_name": null, "barrier": null, "type": null, "toilets:wheelchair": null, "nohousenumber": null, "official_name": null, "roof:shape": null, "fee": null, "old_name": null, "start_date": null, "not:addr:postcode": null, "operator:website": null, "internet_access:ssid": null, "number": null, "addr:floor": null, "level": null, "payment:cash": null, "payment:credit_cards": null, "payment:debit_cards": null, "reg_name": null, "was:name": null, "addr:village": null, "contact:email": null, "was:wikidata": null, "was:wikipedia": null }, "geometry": { "type": "Point", "coordinates": [ -0.237368405761236, 51.51635295 ] } },
{ "type": "Feature", "properties": { "osm_type": "way", "osm_id": 926396835, "lon": -0.21493095710890828, "lat": 51.65815255, "source_geometry_type": "MultiPolygon", "addr:city": null, "addr:housename": null, "addr:postcode": null, "addr:street": null, "amenity": "hospital", "healthcare": "hospital", "name": "Noah's Ark Children's Hospice", "category": "healthcare_hospitals", "phone": null, "public": null, "website": null, "addr:country": null, "addr:county": null, "addr:place": null, "contact:phone": null, "contact:website": null, "fhrs:id": null, "operator": null, "addr:housenumber": null, "description": null, "opening_hours": null, "email": null, "fax": null, "check_date": null, "healthcare:speciality": "paediatrics", "source": null, "entrance": null, "wheelchair": "yes", "emergency": null, "internet_access": null, "operator:type": null, "ref:GB:cqc_location": null, "ref:GB:nhs_ods": null, "operator:wikidata": null, "long_name": null, "wikidata": null, "wikipedia": null, "alt_name": null, "loc_name": null, "beds": null, "source:addr": null, "landuse": null, "building": null, "image": null, "fhrs:authority": null, "fhrs:inspectiondate": null, "fhrs:rating": null, "source:postcode": null, "note": null, "wikimedia_commons": null, "building:levels": null, "height": null, "historic:operator": null, "name:uk": null, "fhrs:local_authority_id": null, "addr:suburb": null, "fixme": null, "fhrs:confidence_management": null, "fhrs:hygiene": null, "fhrs:structural": null, "ref:GB:uprn": null, "roof:levels": null, "building:colour": null, "building:material": null, "roof:colour": null, "healthcare:for": null, "name:ar": null, "internet_access:fee": null, "source:addr:postcode": null, "short_name": null, "barrier": null, "type": null, "toilets:wheelchair": null, "nohousenumber": null, "official_name": null, "roof:shape": null, "fee": null, "old_name": null, "start_date": null, "not:addr:postcode": null, "operator:website": null, "internet_access:ssid": null, "number": null, "addr:floor": null, "level": null, "payment:cash": null, "payment:credit_cards": null, "payment:debit_cards": null, "reg_name": null, "was:name": null, "addr:village": null, "contact:email": null, "was:wikidata": null, "was:wikipedia": null }, "geometry": { "type": "Point", "coordinates": [ -0.214930957108908, 51.65815255 ] } },
{ "type": "Feature", "properties": { "osm_type": "way", "osm_id": 988525443, "lon": -0.12801539230072459, "lat": 51.52801695, "source_geometry_type": "MultiPolygon", "addr:city": "London", "addr:housename": "The Halo Building", "addr:postcode": null, "addr:street": "Mabledon Place", "amenity": "hospital", "healthcare": "hospital", "name": "The Doctors Laboratory", "category": "healthcare_hospitals", "phone": null, "public": null, "website": "https://www.tdlpathology.com/", "addr:country": null, "addr:county": null, "addr:place": null, "contact:phone": null, "contact:website": null, "fhrs:id": null, "operator": "The Doctors Laboratory Limited", "addr:housenumber": "1", "description": null, "opening_hours": null, "email": null, "fax": null, "check_date": "2025-06-18", "healthcare:speciality": "pathology", "source": null, "entrance": null, "wheelchair": null, "emergency": "no", "internet_access": null, "operator:type": null, "ref:GB:cqc_location": "1-5588555895", "ref:GB:nhs_ods": null, "operator:wikidata": null, "long_name": null, "wikidata": null, "wikipedia": null, "alt_name": null, "loc_name": null, "beds": null, "source:addr": null, "landuse": null, "building": "office", "image": null, "fhrs:authority": null, "fhrs:inspectiondate": null, "fhrs:rating": null, "source:postcode": null, "note": null, "wikimedia_commons": null, "building:levels": null, "height": null, "historic:operator": null, "name:uk": null, "fhrs:local_authority_id": null, "addr:suburb": null, "fixme": null, "fhrs:confidence_management": null, "fhrs:hygiene": null, "fhrs:structural": null, "ref:GB:uprn": null, "roof:levels": null, "building:colour": null, "building:material": null, "roof:colour": null, "healthcare:for": null, "name:ar": null, "internet_access:fee": null, "source:addr:postcode": null, "short_name": null, "barrier": null, "type": null, "toilets:wheelchair": null, "nohousenumber": null, "official_name": null, "roof:shape": null, "fee": null, "old_name": null, "start_date": null, "not:addr:postcode": null, "operator:website": null, "internet_access:ssid": null, "number": null, "addr:floor": null, "level": null, "payment:cash": null, "payment:credit_cards": null, "payment:debit_cards": null, "reg_name": null, "was:name": null, "addr:village": null, "contact:email": null, "was:wikidata": null, "was:wikipedia": null }, "geometry": { "type": "Point", "coordinates": [ -0.128015392300725, 51.52801695 ] } },
{ "type": "Feature", "properties": { "osm_type": "way", "osm_id": 1003262004, "lon": -0.24223423841413369, "lat": 51.4478673, "source_geometry_type": "MultiPolygon", "addr:city": null, "addr:housename": null, "addr:postcode": null, "addr:street": null, "amenity": null, "healthcare": "hospital", "name": "Huntercombe Hospital", "category": "healthcare_hospitals", "phone": null, "public": null, "website": null, "addr:country": null, "addr:county": null, "addr:place": null, "contact:phone": null, "contact:website": null, "fhrs:id": null, "operator": null, "addr:housenumber": null, "description": null, "opening_hours": null, "email": null, "fax": null, "check_date": null, "healthcare:speciality": null, "source": null, "entrance": null, "wheelchair": null, "emergency": null, "internet_access": null, "operator:type": null, "ref:GB:cqc_location": null, "ref:GB:nhs_ods": null, "operator:wikidata": null, "long_name": null, "wikidata": null, "wikipedia": null, "alt_name": null, "loc_name": null, "beds": null, "source:addr": null, "landuse": null, "building": null, "image": null, "fhrs:authority": null, "fhrs:inspectiondate": null, "fhrs:rating": null, "source:postcode": null, "note": null, "wikimedia_commons": null, "building:levels": null, "height": null, "historic:operator": null, "name:uk": null, "fhrs:local_authority_id": null, "addr:suburb": null, "fixme": null, "fhrs:confidence_management": null, "fhrs:hygiene": null, "fhrs:structural": null, "ref:GB:uprn": null, "roof:levels": null, "building:colour": null, "building:material": null, "roof:colour": null, "healthcare:for": null, "name:ar": null, "internet_access:fee": null, "source:addr:postcode": null, "short_name": null, "barrier": null, "type": null, "toilets:wheelchair": null, "nohousenumber": null, "official_name": null, "roof:shape": null, "fee": null, "old_name": null, "start_date": null, "not:addr:postcode": null, "operator:website": null, "internet_access:ssid": null, "number": null, "addr:floor": null, "level": null, "payment:cash": null, "payment:credit_cards": null, "payment:debit_cards": null, "reg_name": null, "was:name": null, "addr:village": null, "contact:email": null, "was:wikidata": null, "was:wikipedia": null }, "geometry": { "type": "Point", "coordinates": [ -0.242234238414134, 51.4478673 ] } },
{ "type": "Feature", "properties": { "osm_type": "way", "osm_id": 1043104661, "lon": -0.10234984871884982, "lat": 51.6590466, "source_geometry_type": "MultiPolygon", "addr:city": null, "addr:housename": null, "addr:postcode": null, "addr:street": null, "amenity": "hospital", "healthcare": "hospital", "name": "The Cavell Hospital", "category": "healthcare_hospitals", "phone": null, "public": null, "website": null, "addr:country": null, "addr:county": null, "addr:place": null, "contact:phone": null, "contact:website": null, "fhrs:id": null, "operator": null, "addr:housenumber": null, "description": null, "opening_hours": null, "email": null, "fax": null, "check_date": null, "healthcare:speciality": null, "source": null, "entrance": null, "wheelchair": null, "emergency": "no", "internet_access": null, "operator:type": null, "ref:GB:cqc_location": "1-128758601", "ref:GB:nhs_ods": null, "operator:wikidata": null, "long_name": null, "wikidata": null, "wikipedia": null, "alt_name": null, "loc_name": null, "beds": null, "source:addr": null, "landuse": null, "building": null, "image": null, "fhrs:authority": null, "fhrs:inspectiondate": null, "fhrs:rating": null, "source:postcode": null, "note": null, "wikimedia_commons": null, "building:levels": null, "height": null, "historic:operator": null, "name:uk": null, "fhrs:local_authority_id": null, "addr:suburb": null, "fixme": null, "fhrs:confidence_management": null, "fhrs:hygiene": null, "fhrs:structural": null, "ref:GB:uprn": null, "roof:levels": null, "building:colour": null, "building:material": null, "roof:colour": null, "healthcare:for": null, "name:ar": null, "internet_access:fee": null, "source:addr:postcode": null, "short_name": null, "barrier": null, "type": null, "toilets:wheelchair": null, "nohousenumber": null, "official_name": null, "roof:shape": null, "fee": null, "old_name": null, "start_date": null, "not:addr:postcode": null, "operator:website": null, "internet_access:ssid": null, "number": null, "addr:floor": null, "level": null, "payment:cash": null, "payment:credit_cards": null, "payment:debit_cards": null, "reg_name": null, "was:name": null, "addr:village": null, "contact:email": null, "was:wikidata": null, "was:wikipedia": null }, "geometry": { "type": "Point", "coordinates": [ -0.10234984871885, 51.6590466 ] } },
{ "type": "Feature", "properties": { "osm_type": "relation", "osm_id": 11620516, "lon": -0.25161730965691398, "lat": 51.4622279, "source_geometry_type": "MultiPolygon", "addr:city": "London", "addr:housename": "The Roehampton Priory Hospital", "addr:postcode": "SW15 5JJ", "addr:street": "Priory Lane", "amenity": "hospital", "healthcare": "hospital", "name": "The Priory", "category": "healthcare_hospitals", "phone": null, "public": null, "website": null, "addr:country": null, "addr:county": null, "addr:place": null, "contact:phone": null, "contact:website": null, "fhrs:id": "1572541", "operator": null, "addr:housenumber": null, "description": null, "opening_hours": null, "email": null, "fax": null, "check_date": null, "healthcare:speciality": null, "source": null, "entrance": null, "wheelchair": null, "emergency": "no", "internet_access": null, "operator:type": null, "ref:GB:cqc_location": null, "ref:GB:nhs_ods": null, "operator:wikidata": null, "long_name": null, "wikidata": "Q7245500", "wikipedia": null, "alt_name": null, "loc_name": null, "beds": null, "source:addr": "FHRS Open Data", "landuse": null, "building": null, "image": null, "fhrs:authority": null, "fhrs:inspectiondate": null, "fhrs:rating": null, "source:postcode": null, "note": null, "wikimedia_commons": null, "building:levels": null, "height": null, "historic:operator": null, "name:uk": null, "fhrs:local_authority_id": null, "addr:suburb": null, "fixme": null, "fhrs:confidence_management": null, "fhrs:hygiene": null, "fhrs:structural": null, "ref:GB:uprn": null, "roof:levels": null, "building:colour": null, "building:material": null, "roof:colour": null, "healthcare:for": null, "name:ar": null, "internet_access:fee": null, "source:addr:postcode": null, "short_name": null, "barrier": null, "type": null, "toilets:wheelchair": null, "nohousenumber": null, "official_name": null, "roof:shape": null, "fee": null, "old_name": null, "start_date": null, "not:addr:postcode": null, "operator:website": null, "internet_access:ssid": null, "number": null, "addr:floor": null, "level": null, "payment:cash": null, "payment:credit_cards": null, "payment:debit_cards": null, "reg_name": null, "was:name": null, "addr:village": null, "contact:email": null, "was:wikidata": null, "was:wikipedia": null }, "geometry": { "type": "Point", "coordinates": [ -0.251617309656914, 51.4622279 ] } },
{ "type": "Feature", "properties": { "osm_type": "way", "osm_id": 1113340300, "lon": -0.1345097610477381, "lat": 51.5225387, "source_geometry_type": "MultiPolygon", "addr:city": "London", "addr:housename": null, "addr:postcode": "WC1E 6DG", "addr:street": "Huntley Street", "amenity": "hospital", "healthcare": "hospital", "name": "Royal National ENT and Eastman Dental Hospitals", "category": "healthcare_hospitals", "phone": "+44 20 3456 7890", "public": null, "website": "https://www.uclh.nhs.uk/OurServices/OurHospitals/RNTNE/Pages/Home.aspx", "addr:country": null, "addr:county": null, "addr:place": null, "contact:phone": null, "contact:website": null, "fhrs:id": null, "operator": "University College Hospitals", "addr:housenumber": "47-49", "description": null, "opening_hours": null, "email": null, "fax": null, "check_date": "2023-09-13", "healthcare:speciality": "ear_nose_throat;dentistry", "source": null, "entrance": null, "wheelchair": null, "emergency": "no", "internet_access": "wlan", "operator:type": "public", "ref:GB:cqc_location": "RRVP5", "ref:GB:nhs_ods": "RRVP5", "operator:wikidata": null, "long_name": null, "wikidata": null, "wikipedia": null, "alt_name": null, "loc_name": null, "beds": null, "source:addr": null, "landuse": null, "building": null, "image": null, "fhrs:authority": null, "fhrs:inspectiondate": null, "fhrs:rating": null, "source:postcode": null, "note": "New location of the Royal National ENT and Eastman Dental Hospitals. Some services will remain at Gray's Inn Road until 2020 but this is now open and the primary location.", "wikimedia_commons": null, "building:levels": null, "height": null, "historic:operator": null, "name:uk": null, "fhrs:local_authority_id": null, "addr:suburb": null, "fixme": null, "fhrs:confidence_management": null, "fhrs:hygiene": null, "fhrs:structural": null, "ref:GB:uprn": null, "roof:levels": null, "building:colour": null, "building:material": null, "roof:colour": null, "healthcare:for": null, "name:ar": null, "internet_access:fee": null, "source:addr:postcode": null, "short_name": null, "barrier": null, "type": null, "toilets:wheelchair": null, "nohousenumber": null, "official_name": null, "roof:shape": null, "fee": null, "old_name": null, "start_date": null, "not:addr:postcode": null, "operator:website": null, "internet_access:ssid": null, "number": null, "addr:floor": null, "level": null, "payment:cash": null, "payment:credit_cards": null, "payment:debit_cards": null, "reg_name": null, "was:name": null, "addr:village": null, "contact:email": null, "was:wikidata": null, "was:wikipedia": null }, "geometry": { "type": "Point", "coordinates": [ -0.134509761047738, 51.5225387 ] } },
{ "type": "Feature", "properties": { "osm_type": "way", "osm_id": 1114959175, "lon": -0.13514396171647047, "lat": 51.52303855, "source_geometry_type": "MultiPolygon", "addr:city": "London", "addr:housename": null, "addr:postcode": "WC1E 6AG", "addr:street": "Huntley Street", "amenity": "hospital", "healthcare": "hospital", "name": "Macmillan Cancer Centre", "category": "healthcare_hospitals", "phone": null, "public": null, "website": null, "addr:country": null, "addr:county": null, "addr:place": null, "contact:phone": null, "contact:website": null, "fhrs:id": null, "operator": "University College Hospitals", "addr:housenumber": null, "description": null, "opening_hours": null, "email": null, "fax": null, "check_date": null, "healthcare:speciality": "oncology;chemotherapy;Haematology;surgical_oncology", "source": null, "entrance": null, "wheelchair": null, "emergency": "no", "internet_access": null, "operator:type": null, "ref:GB:cqc_location": null, "ref:GB:nhs_ods": null, "operator:wikidata": null, "long_name": null, "wikidata": null, "wikipedia": null, "alt_name": null, "loc_name": null, "beds": null, "source:addr": null, "landuse": null, "building": null, "image": null, "fhrs:authority": null, "fhrs:inspectiondate": null, "fhrs:rating": null, "source:postcode": null, "note": null, "wikimedia_commons": null, "building:levels": null, "height": null, "historic:operator": null, "name:uk": null, "fhrs:local_authority_id": null, "addr:suburb": null, "fixme": null, "fhrs:confidence_management": null, "fhrs:hygiene": null, "fhrs:structural": null, "ref:GB:uprn": null, "roof:levels": null, "building:colour": null, "building:material": null, "roof:colour": null, "healthcare:for": null, "name:ar": null, "internet_access:fee": null, "source:addr:postcode": null, "short_name": null, "barrier": null, "type": null, "toilets:wheelchair": null, "nohousenumber": "yes", "official_name": null, "roof:shape": null, "fee": null, "old_name": null, "start_date": null, "not:addr:postcode": null, "operator:website": null, "internet_access:ssid": null, "number": null, "addr:floor": null, "level": null, "payment:cash": null, "payment:credit_cards": null, "payment:debit_cards": null, "reg_name": null, "was:name": null, "addr:village": null, "contact:email": null, "was:wikidata": null, "was:wikipedia": null }, "geometry": { "type": "Point", "coordinates": [ -0.13514396171647, 51.52303855 ] } },
{ "type": "Feature", "properties": { "osm_type": "way", "osm_id": 1120163062, "lon": -0.29716354896018415, "lat": 51.5211714, "source_geometry_type": "MultiPolygon", "addr:city": null, "addr:housename": null, "addr:postcode": null, "addr:street": null, "amenity": "hospital", "healthcare": "hospital", "name": null, "category": "healthcare_hospitals", "phone": null, "public": null, "website": null, "addr:country": null, "addr:county": null, "addr:place": null, "contact:phone": null, "contact:website": null, "fhrs:id": null, "operator": null, "addr:housenumber": null, "description": null, "opening_hours": null, "email": null, "fax": null, "check_date": null, "healthcare:speciality": null, "source": null, "entrance": null, "wheelchair": null, "emergency": null, "internet_access": null, "operator:type": null, "ref:GB:cqc_location": null, "ref:GB:nhs_ods": null, "operator:wikidata": null, "long_name": null, "wikidata": null, "wikipedia": null, "alt_name": null, "loc_name": null, "beds": null, "source:addr": null, "landuse": null, "building": null, "image": null, "fhrs:authority": null, "fhrs:inspectiondate": null, "fhrs:rating": null, "source:postcode": null, "note": null, "wikimedia_commons": null, "building:levels": null, "height": null, "historic:operator": null, "name:uk": null, "fhrs:local_authority_id": null, "addr:suburb": null, "fixme": null, "fhrs:confidence_management": null, "fhrs:hygiene": null, "fhrs:structural": null, "ref:GB:uprn": null, "roof:levels": null, "building:colour": null, "building:material": null, "roof:colour": null, "healthcare:for": null, "name:ar": null, "internet_access:fee": null, "source:addr:postcode": null, "short_name": null, "barrier": null, "type": null, "toilets:wheelchair": null, "nohousenumber": null, "official_name": null, "roof:shape": null, "fee": null, "old_name": null, "start_date": null, "not:addr:postcode": null, "operator:website": null, "internet_access:ssid": null, "number": null, "addr:floor": null, "level": null, "payment:cash": null, "payment:credit_cards": null, "payment:debit_cards": null, "reg_name": null, "was:name": null, "addr:village": null, "contact:email": null, "was:wikidata": null, "was:wikipedia": null }, "geometry": { "type": "Point", "coordinates": [ -0.297163548960184, 51.5211714 ] } },
{ "type": "Feature", "properties": { "osm_type": "way", "osm_id": 1157931537, "lon": 0.019468301001177017, "lat": 51.43541295, "source_geometry_type": "MultiPolygon", "addr:city": "London", "addr:housename": "Baring Road Medical Centre", "addr:postcode": "SE12 0DS", "addr:street": "Baring Road", "amenity": "hospital", "healthcare": "hospital", "name": "Baring Road Medical Centre", "category": "healthcare_hospitals", "phone": "+44 20 8857 5682", "public": null, "website": null, "addr:country": null, "addr:county": null, "addr:place": null, "contact:phone": null, "contact:website": null, "fhrs:id": null, "operator": "NHS", "addr:housenumber": "282", "description": null, "opening_hours": null, "email": null, "fax": null, "check_date": null, "healthcare:speciality": "colposcapy", "source": null, "entrance": null, "wheelchair": null, "emergency": null, "internet_access": null, "operator:type": null, "ref:GB:cqc_location": null, "ref:GB:nhs_ods": null, "operator:wikidata": "Q918396", "long_name": null, "wikidata": null, "wikipedia": null, "alt_name": null, "loc_name": null, "beds": null, "source:addr": null, "landuse": null, "building": null, "image": null, "fhrs:authority": null, "fhrs:inspectiondate": null, "fhrs:rating": null, "source:postcode": null, "note": "Colposcopy Clinic", "wikimedia_commons": null, "building:levels": "3", "height": null, "historic:operator": null, "name:uk": null, "fhrs:local_authority_id": null, "addr:suburb": "Grove Park", "fixme": null, "fhrs:confidence_management": null, "fhrs:hygiene": null, "fhrs:structural": null, "ref:GB:uprn": null, "roof:levels": null, "building:colour": null, "building:material": null, "roof:colour": null, "healthcare:for": null, "name:ar": null, "internet_access:fee": null, "source:addr:postcode": null, "short_name": null, "barrier": null, "type": null, "toilets:wheelchair": null, "nohousenumber": null, "official_name": null, "roof:shape": null, "fee": null, "old_name": null, "start_date": null, "not:addr:postcode": null, "operator:website": null, "internet_access:ssid": null, "number": null, "addr:floor": null, "level": null, "payment:cash": null, "payment:credit_cards": null, "payment:debit_cards": null, "reg_name": null, "was:name": null, "addr:village": null, "contact:email": null, "was:wikidata": null, "was:wikipedia": null }, "geometry": { "type": "Point", "coordinates": [ 0.019468301001177, 51.43541295 ] } },
{ "type": "Feature", "properties": { "osm_type": "way", "osm_id": 1164672572, "lon": -0.17039887240037072, "lat": 51.437055, "source_geometry_type": "MultiPolygon", "addr:city": "London", "addr:housename": "Trinity Building", "addr:postcode": "SW17 0YF", "addr:street": "Springfield Drive", "amenity": "hospital", "healthcare": "hospital", "name": "Springfield University Hospital", "category": "healthcare_hospitals", "phone": "+44 20 3513 5000", "public": null, "website": null, "addr:country": null, "addr:county": null, "addr:place": null, "contact:phone": null, "contact:website": null, "fhrs:id": null, "operator": "NHS", "addr:housenumber": "15", "description": null, "opening_hours": null, "email": "ContactCentreSPH@swlstg.nhs.uk", "fax": null, "check_date": null, "healthcare:speciality": "mental_health_services", "source": null, "entrance": null, "wheelchair": null, "emergency": null, "internet_access": null, "operator:type": "public", "ref:GB:cqc_location": null, "ref:GB:nhs_ods": null, "operator:wikidata": "Q918396", "long_name": null, "wikidata": null, "wikipedia": null, "alt_name": null, "loc_name": null, "beds": null, "source:addr": null, "landuse": null, "building": null, "image": null, "fhrs:authority": null, "fhrs:inspectiondate": null, "fhrs:rating": null, "source:postcode": null, "note": null, "wikimedia_commons": null, "building:levels": null, "height": null, "historic:operator": null, "name:uk": null, "fhrs:local_authority_id": null, "addr:suburb": null, "fixme": null, "fhrs:confidence_management": null, "fhrs:hygiene": null, "fhrs:structural": null, "ref:GB:uprn": null, "roof:levels": null, "building:colour": null, "building:material": null, "roof:colour": null, "healthcare:for": null, "name:ar": null, "internet_access:fee": null, "source:addr:postcode": null, "short_name": null, "barrier": null, "type": null, "toilets:wheelchair": null, "nohousenumber": null, "official_name": null, "roof:shape": null, "fee": null, "old_name": null, "start_date": null, "not:addr:postcode": null, "operator:website": null, "internet_access:ssid": null, "number": null, "addr:floor": null, "level": null, "payment:cash": null, "payment:credit_cards": null, "payment:debit_cards": null, "reg_name": null, "was:name": null, "addr:village": null, "contact:email": null, "was:wikidata": null, "was:wikipedia": null }, "geometry": { "type": "Point", "coordinates": [ -0.170398872400371, 51.437055 ] } },
{ "type": "Feature", "properties": { "osm_type": "way", "osm_id": 1194334017, "lon": 0.014862362580779696, "lat": 51.3729666, "source_geometry_type": "MultiPolygon", "addr:city": "Bromley", "addr:housename": "Priory Hospital Hayes Grove", "addr:postcode": "BR2 7AS", "addr:street": "Prestons Road", "amenity": "hospital", "healthcare": "hospital", "name": "Hayes Priory", "category": "healthcare_hospitals", "phone": null, "public": null, "website": "https://www.priorygroup.com/locations/priory-hospital-hayes-grove", "addr:country": null, "addr:county": "Kent", "addr:place": null, "contact:phone": "+44 20 8462 7722", "contact:website": null, "fhrs:id": null, "operator": "Priory", "addr:housenumber": null, "description": null, "opening_hours": null, "email": null, "fax": null, "check_date": null, "healthcare:speciality": null, "source": null, "entrance": null, "wheelchair": null, "emergency": null, "internet_access": null, "operator:type": "private", "ref:GB:cqc_location": null, "ref:GB:nhs_ods": null, "operator:wikidata": null, "long_name": null, "wikidata": null, "wikipedia": null, "alt_name": null, "loc_name": null, "beds": null, "source:addr": null, "landuse": null, "building": "yes", "image": null, "fhrs:authority": null, "fhrs:inspectiondate": null, "fhrs:rating": null, "source:postcode": null, "note": null, "wikimedia_commons": null, "building:levels": null, "height": null, "historic:operator": null, "name:uk": null, "fhrs:local_authority_id": null, "addr:suburb": null, "fixme": null, "fhrs:confidence_management": null, "fhrs:hygiene": null, "fhrs:structural": null, "ref:GB:uprn": null, "roof:levels": null, "building:colour": null, "building:material": null, "roof:colour": null, "healthcare:for": null, "name:ar": null, "internet_access:fee": null, "source:addr:postcode": null, "short_name": null, "barrier": null, "type": null, "toilets:wheelchair": null, "nohousenumber": null, "official_name": null, "roof:shape": null, "fee": null, "old_name": null, "start_date": null, "not:addr:postcode": null, "operator:website": null, "internet_access:ssid": null, "number": null, "addr:floor": null, "level": null, "payment:cash": null, "payment:credit_cards": null, "payment:debit_cards": null, "reg_name": null, "was:name": null, "addr:village": "Hayes", "contact:email": "hayesgrove@priorygroup.com", "was:wikidata": null, "was:wikipedia": null }, "geometry": { "type": "Point", "coordinates": [ 0.01486236258078, 51.3729666 ] } },
{ "type": "Feature", "properties": { "osm_type": "way", "osm_id": 1217422518, "lon": 0.094791954676987644, "lat": 51.36251955, "source_geometry_type": "MultiPolygon", "addr:city": null, "addr:housename": null, "addr:postcode": null, "addr:street": null, "amenity": "hospital", "healthcare": null, "name": "Orpington Hospital", "category": "healthcare_hospitals", "phone": null, "public": null, "website": null, "addr:country": null, "addr:county": null, "addr:place": null, "contact:phone": null, "contact:website": null, "fhrs:id": null, "operator": null, "addr:housenumber": null, "description": null, "opening_hours": null, "email": null, "fax": null, "check_date": null, "healthcare:speciality": null, "source": null, "entrance": null, "wheelchair": null, "emergency": null, "internet_access": null, "operator:type": null, "ref:GB:cqc_location": null, "ref:GB:nhs_ods": null, "operator:wikidata": null, "long_name": null, "wikidata": "Q30292829", "wikipedia": null, "alt_name": null, "loc_name": null, "beds": null, "source:addr": null, "landuse": null, "building": null, "image": null, "fhrs:authority": null, "fhrs:inspectiondate": null, "fhrs:rating": null, "source:postcode": null, "note": null, "wikimedia_commons": null, "building:levels": null, "height": null, "historic:operator": null, "name:uk": null, "fhrs:local_authority_id": null, "addr:suburb": null, "fixme": null, "fhrs:confidence_management": null, "fhrs:hygiene": null, "fhrs:structural": null, "ref:GB:uprn": null, "roof:levels": null, "building:colour": null, "building:material": null, "roof:colour": null, "healthcare:for": null, "name:ar": null, "internet_access:fee": null, "source:addr:postcode": null, "short_name": null, "barrier": null, "type": null, "toilets:wheelchair": null, "nohousenumber": null, "official_name": null, "roof:shape": null, "fee": null, "old_name": null, "start_date": null, "not:addr:postcode": null, "operator:website": null, "internet_access:ssid": null, "number": null, "addr:floor": null, "level": null, "payment:cash": null, "payment:credit_cards": null, "payment:debit_cards": null, "reg_name": null, "was:name": null, "addr:village": null, "contact:email": null, "was:wikidata": null, "was:wikipedia": null }, "geometry": { "type": "Point", "coordinates": [ 0.094791954676988, 51.36251955 ] } },
{ "type": "Feature", "properties": { "osm_type": "way", "osm_id": 1306349223, "lon": -0.0069256273155075387, "lat": 51.5908199, "source_geometry_type": "MultiPolygon", "addr:city": "London", "addr:housename": null, "addr:postcode": "E17 3HP", "addr:street": "Forest Road", "amenity": "hospital", "healthcare": "hospital", "name": "Jane Atkinson Health and Wellbeing Centre", "category": "healthcare_hospitals", "phone": null, "public": null, "website": "https://www.nelft.nhs.uk/jane-atkinson-health-wellbeing-centre/", "addr:country": null, "addr:county": null, "addr:place": null, "contact:phone": null, "contact:website": null, "fhrs:id": null, "operator": "North East London NHS Foundation Trust", "addr:housenumber": "714", "description": null, "opening_hours": null, "email": null, "fax": null, "check_date": "2025-05-26", "healthcare:speciality": "psychiatry", "source": null, "entrance": null, "wheelchair": null, "emergency": "no", "internet_access": null, "operator:type": "public", "ref:GB:cqc_location": null, "ref:GB:nhs_ods": "RATTH", "operator:wikidata": null, "long_name": null, "wikidata": null, "wikipedia": null, "alt_name": null, "loc_name": null, "beds": null, "source:addr": null, "landuse": null, "building": null, "image": null, "fhrs:authority": null, "fhrs:inspectiondate": null, "fhrs:rating": null, "source:postcode": null, "note": null, "wikimedia_commons": null, "building:levels": null, "height": null, "historic:operator": null, "name:uk": null, "fhrs:local_authority_id": null, "addr:suburb": null, "fixme": null, "fhrs:confidence_management": null, "fhrs:hygiene": null, "fhrs:structural": null, "ref:GB:uprn": null, "roof:levels": null, "building:colour": null, "building:material": null, "roof:colour": null, "healthcare:for": null, "name:ar": null, "internet_access:fee": null, "source:addr:postcode": null, "short_name": null, "barrier": null, "type": null, "toilets:wheelchair": null, "nohousenumber": null, "official_name": null, "roof:shape": null, "fee": null, "old_name": null, "start_date": null, "not:addr:postcode": null, "operator:website": null, "internet_access:ssid": null, "number": null, "addr:floor": null, "level": null, "payment:cash": null, "payment:credit_cards": null, "payment:debit_cards": null, "reg_name": null, "was:name": null, "addr:village": null, "contact:email": null, "was:wikidata": "Q7796687", "was:wikipedia": "en:Thorpe Coombe Hospital" }, "geometry": { "type": "Point", "coordinates": [ -0.006925627315508, 51.5908199 ] } },
{ "type": "Feature", "properties": { "osm_type": "way", "osm_id": 1390491265, "lon": -0.12189250420806663, "lat": 51.522179, "source_geometry_type": "MultiPolygon", "addr:city": "London", "addr:housename": null, "addr:postcode": "WC1N 3BG", "addr:street": "Queen Square", "amenity": "hospital", "healthcare": "hospital", "name": "National Hospital for Neurology and Neurosurgery", "category": "healthcare_hospitals", "phone": "+44 20 3456 7890", "public": null, "website": "https://www.uclh.nhs.uk/ourservices/ourhospitals/nhnn/Pages/Home.aspx", "addr:country": null, "addr:county": null, "addr:place": null, "contact:phone": null, "contact:website": null, "fhrs:id": null, "operator": "NHS", "addr:housenumber": null, "description": null, "opening_hours": null, "email": null, "fax": null, "check_date": null, "healthcare:speciality": null, "source": null, "entrance": null, "wheelchair": "yes", "emergency": "no", "internet_access": null, "operator:type": "public", "ref:GB:cqc_location": "RRVNQ", "ref:GB:nhs_ods": "RRVNQ", "operator:wikidata": "Q918396", "long_name": null, "wikidata": "Q3336892", "wikipedia": "en:National Hospital for Neurology and Neurosurgery", "alt_name": null, "loc_name": null, "beds": null, "source:addr": null, "landuse": null, "building": null, "image": null, "fhrs:authority": null, "fhrs:inspectiondate": null, "fhrs:rating": null, "source:postcode": null, "note": null, "wikimedia_commons": "Category:National Hospital for Neurology and Neurosurgery", "building:levels": null, "height": null, "historic:operator": null, "name:uk": null, "fhrs:local_authority_id": null, "addr:suburb": null, "fixme": null, "fhrs:confidence_management": null, "fhrs:hygiene": null, "fhrs:structural": null, "ref:GB:uprn": null, "roof:levels": null, "building:colour": null, "building:material": null, "roof:colour": null, "healthcare:for": null, "name:ar": null, "internet_access:fee": null, "source:addr:postcode": null, "short_name": null, "barrier": null, "type": null, "toilets:wheelchair": "yes", "nohousenumber": null, "official_name": null, "roof:shape": null, "fee": null, "old_name": null, "start_date": null, "not:addr:postcode": null, "operator:website": null, "internet_access:ssid": null, "number": null, "addr:floor": null, "level": null, "payment:cash": null, "payment:credit_cards": null, "payment:debit_cards": null, "reg_name": null, "was:name": null, "addr:village": null, "contact:email": null, "was:wikidata": null, "was:wikipedia": null }, "geometry": { "type": "Point", "coordinates": [ -0.121892504208067, 51.522179 ] } },
{ "type": "Feature", "properties": { "osm_type": "way", "osm_id": 1390491266, "lon": -0.12143188910256041, "lat": 51.52178535, "source_geometry_type": "MultiPolygon", "addr:city": null, "addr:housename": null, "addr:postcode": null, "addr:street": null, "amenity": "hospital", "healthcare": "hospital", "name": "Royal London Hospital for Integrated Medicine", "category": "healthcare_hospitals", "phone": null, "public": null, "website": "https://www.uclh.nhs.uk/ourservices/ourhospitals/rlhim/Pages/Home.aspx", "addr:country": null, "addr:county": null, "addr:place": null, "contact:phone": null, "contact:website": null, "fhrs:id": null, "operator": null, "addr:housenumber": null, "description": null, "opening_hours": null, "email": null, "fax": null, "check_date": null, "healthcare:speciality": null, "source": null, "entrance": null, "wheelchair": "yes", "emergency": null, "internet_access": null, "operator:type": null, "ref:GB:cqc_location": "RRV60", "ref:GB:nhs_ods": "RRV60", "operator:wikidata": null, "long_name": null, "wikidata": "Q7374417", "wikipedia": "en:Royal London Hospital for Integrated Medicine", "alt_name": null, "loc_name": null, "beds": null, "source:addr": null, "landuse": null, "building": null, "image": null, "fhrs:authority": null, "fhrs:inspectiondate": null, "fhrs:rating": null, "source:postcode": null, "note": null, "wikimedia_commons": "Category:Royal London Homeopathic Hospital", "building:levels": null, "height": null, "historic:operator": null, "name:uk": null, "fhrs:local_authority_id": null, "addr:suburb": null, "fixme": null, "fhrs:confidence_management": null, "fhrs:hygiene": null, "fhrs:structural": null, "ref:GB:uprn": null, "roof:levels": null, "building:colour": null, "building:material": null, "roof:colour": null, "healthcare:for": null, "name:ar": null, "internet_access:fee": null, "source:addr:postcode": null, "short_name": null, "barrier": null, "type": null, "toilets:wheelchair": null, "nohousenumber": null, "official_name": null, "roof:shape": null, "fee": null, "old_name": "Royal Homeopathic Hospital", "start_date": null, "not:addr:postcode": null, "operator:website": null, "internet_access:ssid": null, "number": null, "addr:floor": null, "level": null, "payment:cash": null, "payment:credit_cards": null, "payment:debit_cards": null, "reg_name": null, "was:name": null, "addr:village": null, "contact:email": null, "was:wikidata": null, "was:wikipedia": null }, "geometry": { "type": "Point", "coordinates": [ -0.12143188910256, 51.52178535 ] } },
{ "type": "Feature", "properties": { "osm_type": "way", "osm_id": 1416702354, "lon": -0.33955452239186001, "lat": 51.4307878, "source_geometry_type": "MultiPolygon", "addr:city": null, "addr:housename": null, "addr:postcode": null, "addr:street": null, "amenity": "hospital", "healthcare": "hospital", "name": null, "category": "healthcare_hospitals", "phone": null, "public": null, "website": null, "addr:country": null, "addr:county": null, "addr:place": null, "contact:phone": null, "contact:website": null, "fhrs:id": null, "operator": "NHS", "addr:housenumber": null, "description": null, "opening_hours": null, "email": null, "fax": null, "check_date": null, "healthcare:speciality": null, "source": null, "entrance": null, "wheelchair": null, "emergency": null, "internet_access": null, "operator:type": "public", "ref:GB:cqc_location": null, "ref:GB:nhs_ods": null, "operator:wikidata": "Q918396", "long_name": null, "wikidata": null, "wikipedia": null, "alt_name": null, "loc_name": null, "beds": null, "source:addr": null, "landuse": null, "building": null, "image": null, "fhrs:authority": null, "fhrs:inspectiondate": null, "fhrs:rating": null, "source:postcode": null, "note": null, "wikimedia_commons": null, "building:levels": null, "height": null, "historic:operator": null, "name:uk": null, "fhrs:local_authority_id": null, "addr:suburb": null, "fixme": null, "fhrs:confidence_management": null, "fhrs:hygiene": null, "fhrs:structural": null, "ref:GB:uprn": null, "roof:levels": null, "building:colour": null, "building:material": null, "roof:colour": null, "healthcare:for": null, "name:ar": null, "internet_access:fee": null, "source:addr:postcode": null, "short_name": null, "barrier": null, "type": null, "toilets:wheelchair": null, "nohousenumber": null, "official_name": null, "roof:shape": null, "fee": null, "old_name": null, "start_date": null, "not:addr:postcode": null, "operator:website": null, "internet_access:ssid": null, "number": null, "addr:floor": null, "level": null, "payment:cash": null, "payment:credit_cards": null, "payment:debit_cards": null, "reg_name": null, "was:name": null, "addr:village": null, "contact:email": null, "was:wikidata": null, "was:wikipedia": null }, "geometry": { "type": "Point", "coordinates": [ -0.33955452239186, 51.4307878 ] } },
{ "type": "Feature", "properties": { "osm_type": "way", "osm_id": 1432555189, "lon": -0.047236462983100247, "lat": 51.52020315, "source_geometry_type": "MultiPolygon", "addr:city": "London", "addr:housename": null, "addr:postcode": "E1 4NL", "addr:street": "Beaumont Square", "amenity": "hospital", "healthcare": "hospital", "name": "The London Independent Hospital", "category": "healthcare_hospitals", "phone": null, "public": null, "website": null, "addr:country": "GB", "addr:county": null, "addr:place": "Stepney Green", "contact:phone": "+44 20 7780 2400", "contact:website": "https://www.bmihealthcare.co.uk/hospitals/bmi-the-london-independent-hospital", "fhrs:id": "41389", "operator": "Circle Health Group", "addr:housenumber": "1", "description": null, "opening_hours": null, "email": null, "fax": null, "check_date": null, "healthcare:speciality": null, "source": null, "entrance": null, "wheelchair": null, "emergency": null, "internet_access": null, "operator:type": "private", "ref:GB:cqc_location": "1-128766965", "ref:GB:nhs_ods": "NT422", "operator:wikidata": null, "long_name": null, "wikidata": null, "wikipedia": null, "alt_name": null, "loc_name": null, "beds": null, "source:addr": null, "landuse": null, "building": null, "image": null, "fhrs:authority": null, "fhrs:inspectiondate": null, "fhrs:rating": null, "source:postcode": null, "note": null, "wikimedia_commons": null, "building:levels": null, "height": null, "historic:operator": null, "name:uk": null, "fhrs:local_authority_id": null, "addr:suburb": null, "fixme": null, "fhrs:confidence_management": null, "fhrs:hygiene": null, "fhrs:structural": null, "ref:GB:uprn": null, "roof:levels": null, "building:colour": null, "building:material": null, "roof:colour": null, "healthcare:for": null, "name:ar": null, "internet_access:fee": null, "source:addr:postcode": null, "short_name": null, "barrier": null, "type": null, "toilets:wheelchair": null, "nohousenumber": null, "official_name": null, "roof:shape": null, "fee": null, "old_name": null, "start_date": null, "not:addr:postcode": null, "operator:website": null, "internet_access:ssid": null, "number": null, "addr:floor": null, "level": null, "payment:cash": null, "payment:credit_cards": null, "payment:debit_cards": null, "reg_name": null, "was:name": null, "addr:village": null, "contact:email": null, "was:wikidata": null, "was:wikipedia": null }, "geometry": { "type": "Point", "coordinates": [ -0.0472364629831, 51.52020315 ] } },
{ "type": "Feature", "properties": { "osm_type": "way", "osm_id": 1458084061, "lon": -0.12509112847594717, "lat": 51.4119208, "source_geometry_type": "MultiPolygon", "addr:city": "London", "addr:housename": "Fairview Medical Center", "addr:postcode": "SW16 5PX", "addr:street": "Fairview Road", "amenity": "hospital", "healthcare": "hospital", "name": null, "category": "healthcare_hospitals", "phone": "+442087658525", "public": null, "website": "https://www.fairviewmedicalcentre.co.uk/", "addr:country": null, "addr:county": null, "addr:place": null, "contact:phone": null, "contact:website": null, "fhrs:id": null, "operator": "NHS", "addr:housenumber": "69", "description": null, "opening_hours": null, "email": null, "fax": null, "check_date": null, "healthcare:speciality": null, "source": null, "entrance": null, "wheelchair": null, "emergency": null, "internet_access": null, "operator:type": "public", "ref:GB:cqc_location": null, "ref:GB:nhs_ods": null, "operator:wikidata": "Q918396", "long_name": null, "wikidata": null, "wikipedia": null, "alt_name": null, "loc_name": null, "beds": null, "source:addr": null, "landuse": null, "building": null, "image": null, "fhrs:authority": null, "fhrs:inspectiondate": null, "fhrs:rating": null, "source:postcode": null, "note": null, "wikimedia_commons": null, "building:levels": null, "height": null, "historic:operator": null, "name:uk": null, "fhrs:local_authority_id": null, "addr:suburb": "Norbury", "fixme": null, "fhrs:confidence_management": null, "fhrs:hygiene": null, "fhrs:structural": null, "ref:GB:uprn": null, "roof:levels": null, "building:colour": null, "building:material": null, "roof:colour": null, "healthcare:for": null, "name:ar": null, "internet_access:fee": null, "source:addr:postcode": null, "short_name": null, "barrier": null, "type": null, "toilets:wheelchair": null, "nohousenumber": null, "official_name": null, "roof:shape": null, "fee": null, "old_name": null, "start_date": null, "not:addr:postcode": null, "operator:website": null, "internet_access:ssid": null, "number": null, "addr:floor": null, "level": null, "payment:cash": null, "payment:credit_cards": null, "payment:debit_cards": null, "reg_name": null, "was:name": null, "addr:village": null, "contact:email": null, "was:wikidata": null, "was:wikipedia": null }, "geometry": { "type": "Point", "coordinates": [ -0.125091128475947, 51.4119208 ] } },
{ "type": "Feature", "properties": { "osm_type": "way", "osm_id": 1477757914, "lon": -0.080553072533758013, "lat": 51.45936675, "source_geometry_type": "MultiPolygon", "addr:city": null, "addr:housename": null, "addr:postcode": null, "addr:street": null, "amenity": "hospital", "healthcare": "hospital", "name": "Tessa Jowell Health Centre", "category": "healthcare_hospitals", "phone": null, "public": null, "website": null, "addr:country": null, "addr:county": null, "addr:place": null, "contact:phone": null, "contact:website": null, "fhrs:id": null, "operator": "NHS", "addr:housenumber": null, "description": null, "opening_hours": null, "email": null, "fax": null, "check_date": null, "healthcare:speciality": null, "source": null, "entrance": null, "wheelchair": null, "emergency": null, "internet_access": null, "operator:type": "public", "ref:GB:cqc_location": null, "ref:GB:nhs_ods": null, "operator:wikidata": "Q918396", "long_name": null, "wikidata": null, "wikipedia": null, "alt_name": null, "loc_name": null, "beds": null, "source:addr": null, "landuse": null, "building": null, "image": null, "fhrs:authority": null, "fhrs:inspectiondate": null, "fhrs:rating": null, "source:postcode": null, "note": null, "wikimedia_commons": null, "building:levels": null, "height": null, "historic:operator": null, "name:uk": null, "fhrs:local_authority_id": null, "addr:suburb": null, "fixme": null, "fhrs:confidence_management": null, "fhrs:hygiene": null, "fhrs:structural": null, "ref:GB:uprn": null, "roof:levels": null, "building:colour": null, "building:material": null, "roof:colour": null, "healthcare:for": null, "name:ar": null, "internet_access:fee": null, "source:addr:postcode": null, "short_name": null, "barrier": null, "type": null, "toilets:wheelchair": null, "nohousenumber": null, "official_name": null, "roof:shape": null, "fee": null, "old_name": null, "start_date": null, "not:addr:postcode": null, "operator:website": null, "internet_access:ssid": null, "number": null, "addr:floor": null, "level": null, "payment:cash": null, "payment:credit_cards": null, "payment:debit_cards": null, "reg_name": null, "was:name": null, "addr:village": null, "contact:email": null, "was:wikidata": null, "was:wikipedia": null }, "geometry": { "type": "Point", "coordinates": [ -0.080553072533758, 51.45936675 ] } }
]
}
