lsoa21cd,LSOA21NM,borough_name,london_ring,grid_count,unmatched_grid_count,min_grid_area_sqm,median_grid_area_sqm,max_grid_area_sqm
E01000001,City of London 001A,City of London,Inner London,13,0,10000,10000,10000
E01000002,City of London 001B,City of London,Inner London,23,0,10000,10000,10000
E01000003,City of London 001C,City of London,Inner London,6,0,10000,10000,10000
E01000005,City of London 001E,City of London,Inner London,20,0,10000,10000,10000
E01000006,Barking and Dagenham 016A,Barking and Dagenham,Outer London,13,0,10000,10000,10000
E01000007,Barking and Dagenham 015A,Barking and Dagenham,Outer London,20,0,10000,10000,10000
E01000008,Barking and Dagenham 015B,Barking and Dagenham,Outer London,19,0,10000,10000,10000
E01000009,Barking and Dagenham 016B,Barking and Dagenham,Outer London,12,0,10000,10000,10000
E01000011,Barking and Dagenham 016C,Barking and Dagenham,Outer London,9,0,10000,10000,10000
E01000012,Barking and Dagenham 015D,Barking and Dagenham,Outer London,15,0,10000,10000,10000
E01000013,Barking and Dagenham 013A,Barking and Dagenham,Outer London,20,0,10000,10000,10000
E01000014,Barking and Dagenham 013B,Barking and Dagenham,Outer London,34,0,10000,10000,10000
E01000015,Barking and Dagenham 009A,Barking and Dagenham,Outer London,28,0,10000,10000,10000
E01000016,Barking and Dagenham 009B,Barking and Dagenham,Outer London,19,0,10000,10000,10000
E01000017,Barking and Dagenham 009C,Barking and Dagenham,Outer London,15,0,10000,10000,10000
E01000018,Barking and Dagenham 009D,Barking and Dagenham,Outer London,17,0,10000,10000,10000
E01000019,Barking and Dagenham 023A,Barking and Dagenham,Outer London,21,0,10000,10000,10000
E01000020,Barking and Dagenham 023B,Barking and Dagenham,Outer London,16,0,10000,10000,10000
E01000021,Barking and Dagenham 008A,Barking and Dagenham,Outer London,16,0,10000,10000,10000
E01000022,Barking and Dagenham 008B,Barking and Dagenham,Outer London,15,0,10000,10000,10000
E01000024,Barking and Dagenham 008D,Barking and Dagenham,Outer London,11,0,10000,10000,10000
E01000025,Barking and Dagenham 008E,Barking and Dagenham,Outer London,15,0,10000,10000,10000
E01000027,Barking and Dagenham 001A,Barking and Dagenham,Outer London,142,0,10000,10000,10000
E01000028,Barking and Dagenham 001B,Barking and Dagenham,Outer London,13,0,10000,10000,10000
E01000029,Barking and Dagenham 001C,Barking and Dagenham,Outer London,28,0,10000,10000,10000
E01000030,Barking and Dagenham 001D,Barking and Dagenham,Outer London,30,0,10000,10000,10000
E01000031,Barking and Dagenham 002A,Barking and Dagenham,Outer London,84,0,10000,10000,10000
E01000032,Barking and Dagenham 002B,Barking and Dagenham,Outer London,36,0,10000,10000,10000
E01000033,Barking and Dagenham 006A,Barking and Dagenham,Outer London,15,0,10000,10000,10000
E01000034,Barking and Dagenham 003A,Barking and Dagenham,Outer London,50,0,10000,10000,10000
E01000035,Barking and Dagenham 010A,Barking and Dagenham,Outer London,41,0,10000,10000,10000
E01000036,Barking and Dagenham 010B,Barking and Dagenham,Outer London,39,0,10000,10000,10000
E01000037,Barking and Dagenham 003B,Barking and Dagenham,Outer London,24,0,10000,10000,10000
E01000038,Barking and Dagenham 003C,Barking and Dagenham,Outer London,22,0,10000,10000,10000
E01000039,Barking and Dagenham 003D,Barking and Dagenham,Outer London,158,0,10000,10000,10000
E01000040,Barking and Dagenham 019A,Barking and Dagenham,Outer London,18,0,10000,10000,10000
E01000041,Barking and Dagenham 017A,Barking and Dagenham,Outer London,17,0,10000,10000,10000
E01000042,Barking and Dagenham 017B,Barking and Dagenham,Outer London,23,0,10000,10000,10000
E01000043,Barking and Dagenham 019B,Barking and Dagenham,Outer London,26,0,10000,10000,10000
E01000044,Barking and Dagenham 016D,Barking and Dagenham,Outer London,18,0,10000,10000,10000
E01000045,Barking and Dagenham 017C,Barking and Dagenham,Outer London,27,0,10000,10000,10000
E01000046,Barking and Dagenham 017D,Barking and Dagenham,Outer London,16,0,10000,10000,10000
E01000049,Barking and Dagenham 021C,Barking and Dagenham,Outer London,21,0,10000,10000,10000
E01000050,Barking and Dagenham 019C,Barking and Dagenham,Outer London,12,0,10000,10000,10000
E01000051,Barking and Dagenham 021D,Barking and Dagenham,Outer London,6,0,10000,10000,10000
E01000052,Barking and Dagenham 019D,Barking and Dagenham,Outer London,20,0,10000,10000,10000
E01000053,Barking and Dagenham 020A,Barking and Dagenham,Outer London,19,0,10000,10000,10000
E01000054,Barking and Dagenham 018A,Barking and Dagenham,Outer London,15,0,10000,10000,10000
E01000055,Barking and Dagenham 018B,Barking and Dagenham,Outer London,16,0,10000,10000,10000
E01000056,Barking and Dagenham 018C,Barking and Dagenham,Outer London,25,0,10000,10000,10000
E01000057,Barking and Dagenham 012A,Barking and Dagenham,Outer London,15,0,10000,10000,10000
E01000058,Barking and Dagenham 018D,Barking and Dagenham,Outer London,19,0,10000,10000,10000
E01000059,Barking and Dagenham 013C,Barking and Dagenham,Outer London,20,0,10000,10000,10000
E01000060,Barking and Dagenham 006B,Barking and Dagenham,Outer London,55,0,10000,10000,10000
E01000061,Barking and Dagenham 006C,Barking and Dagenham,Outer London,56,0,10000,10000,10000
E01000062,Barking and Dagenham 006D,Barking and Dagenham,Outer London,22,0,10000,10000,10000
E01000063,Barking and Dagenham 004A,Barking and Dagenham,Outer London,20,0,10000,10000,10000
E01000064,Barking and Dagenham 006E,Barking and Dagenham,Outer London,23,0,10000,10000,10000
E01000065,Barking and Dagenham 007A,Barking and Dagenham,Outer London,24,0,10000,10000,10000
E01000066,Barking and Dagenham 011A,Barking and Dagenham,Outer London,25,0,10000,10000,10000
E01000067,Barking and Dagenham 011B,Barking and Dagenham,Outer London,19,0,10000,10000,10000
E01000068,Barking and Dagenham 016E,Barking and Dagenham,Outer London,34,0,10000,10000,10000
E01000069,Barking and Dagenham 011C,Barking and Dagenham,Outer London,19,0,10000,10000,10000
E01000070,Barking and Dagenham 011D,Barking and Dagenham,Outer London,41,0,10000,10000,10000
E01000071,Barking and Dagenham 011E,Barking and Dagenham,Outer London,28,0,10000,10000,10000
E01000072,Barking and Dagenham 017E,Barking and Dagenham,Outer London,55,0,10000,10000,10000
E01000073,Barking and Dagenham 012B,Barking and Dagenham,Outer London,25,0,10000,10000,10000
E01000074,Barking and Dagenham 012C,Barking and Dagenham,Outer London,17,0,10000,10000,10000
E01000075,Barking and Dagenham 012D,Barking and Dagenham,Outer London,53,0,10000,10000,10000
E01000076,Barking and Dagenham 012E,Barking and Dagenham,Outer London,16,0,10000,10000,10000
E01000077,Barking and Dagenham 008F,Barking and Dagenham,Outer London,16,0,10000,10000,10000
E01000078,Barking and Dagenham 007B,Barking and Dagenham,Outer London,19,0,10000,10000,10000
E01000079,Barking and Dagenham 009E,Barking and Dagenham,Outer London,30,0,10000,10000,10000
E01000080,Barking and Dagenham 007C,Barking and Dagenham,Outer London,23,0,10000,10000,10000
E01000081,Barking and Dagenham 007D,Barking and Dagenham,Outer London,18,0,10000,10000,10000
E01000082,Barking and Dagenham 007E,Barking and Dagenham,Outer London,15,0,10000,10000,10000
E01000083,Barking and Dagenham 007F,Barking and Dagenham,Outer London,21,0,10000,10000,10000
E01000084,Barking and Dagenham 013D,Barking and Dagenham,Outer London,15,0,10000,10000,10000
E01000085,Barking and Dagenham 013E,Barking and Dagenham,Outer London,14,0,10000,10000,10000
E01000086,Barking and Dagenham 013F,Barking and Dagenham,Outer London,14,0,10000,10000,10000
E01000087,Barking and Dagenham 020B,Barking and Dagenham,Outer London,40,0,10000,10000,10000
E01000088,Barking and Dagenham 020C,Barking and Dagenham,Outer London,21,0,10000,10000,10000
E01000089,Barking and Dagenham 020D,Barking and Dagenham,Outer London,15,0,10000,10000,10000
E01000090,Barking and Dagenham 020E,Barking and Dagenham,Outer London,194,0,10000,10000,10000
E01000091,Barking and Dagenham 022A,Barking and Dagenham,Outer London,28,0,10000,10000,10000
E01000093,Barking and Dagenham 022B,Barking and Dagenham,Outer London,26,0,10000,10000,10000
E01000094,Barking and Dagenham 022C,Barking and Dagenham,Outer London,57,0,10000,10000,10000
E01000095,Barking and Dagenham 018E,Barking and Dagenham,Outer London,225,0,10000,10000,10000
E01000096,Barking and Dagenham 022D,Barking and Dagenham,Outer London,62,0,10000,10000,10000
E01000097,Barking and Dagenham 023C,Barking and Dagenham,Outer London,18,0,10000,10000,10000
E01000098,Barking and Dagenham 023D,Barking and Dagenham,Outer London,19,0,10000,10000,10000
E01000099,Barking and Dagenham 023E,Barking and Dagenham,Outer London,30,0,10000,10000,10000
E01000100,Barking and Dagenham 004B,Barking and Dagenham,Outer London,19,0,10000,10000,10000
E01000101,Barking and Dagenham 004C,Barking and Dagenham,Outer London,15,0,10000,10000,10000
E01000102,Barking and Dagenham 007G,Barking and Dagenham,Outer London,25,0,10000,10000,10000
E01000103,Barking and Dagenham 014A,Barking and Dagenham,Outer London,71,0,10000,10000,10000
E01000104,Barking and Dagenham 014B,Barking and Dagenham,Outer London,21,0,10000,10000,10000
E01000105,Barking and Dagenham 014C,Barking and Dagenham,Outer London,23,0,10000,10000,10000
E01000106,Barking and Dagenham 014D,Barking and Dagenham,Outer London,23,0,10000,10000,10000
E01000107,Barking and Dagenham 010C,Barking and Dagenham,Outer London,55,0,10000,10000,10000
E01000108,Barking and Dagenham 010D,Barking and Dagenham,Outer London,25,0,10000,10000,10000
E01000110,Barking and Dagenham 002C,Barking and Dagenham,Outer London,18,0,10000,10000,10000
E01000111,Barking and Dagenham 002D,Barking and Dagenham,Outer London,33,0,10000,10000,10000
E01000112,Barking and Dagenham 002E,Barking and Dagenham,Outer London,27,0,10000,10000,10000
E01000113,Barking and Dagenham 002F,Barking and Dagenham,Outer London,17,0,10000,10000,10000
E01000114,Barking and Dagenham 004E,Barking and Dagenham,Outer London,28,0,10000,10000,10000
E01000115,Barnet 009A,Barnet,Outer London,29,0,10000,10000,10000
E01000116,Barnet 009B,Barnet,Outer London,23,0,10000,10000,10000
E01000117,Barnet 010A,Barnet,Outer London,34,0,10000,10000,10000
E01000118,Barnet 010B,Barnet,Outer London,30,0,10000,10000,10000
E01000119,Barnet 009C,Barnet,Outer London,42,0,10000,10000,10000
E01000120,Barnet 009D,Barnet,Outer London,23,0,10000,10000,10000
E01000121,Barnet 010C,Barnet,Outer London,36,0,10000,10000,10000
E01000122,Barnet 009E,Barnet,Outer London,23,0,10000,10000,10000
E01000123,Barnet 010D,Barnet,Outer London,52,0,10000,10000,10000
E01000124,Barnet 010E,Barnet,Outer London,27,0,10000,10000,10000
E01000126,Barnet 026A,Barnet,Outer London,17,0,10000,10000,10000
E01000127,Barnet 024B,Barnet,Outer London,17,0,10000,10000,10000
E01000128,Barnet 024C,Barnet,Outer London,26,0,10000,10000,10000
E01000129,Barnet 024D,Barnet,Outer London,19,0,10000,10000,10000
E01000130,Barnet 021A,Barnet,Outer London,16,0,10000,10000,10000
E01000131,Barnet 024E,Barnet,Outer London,33,0,10000,10000,10000
E01000132,Barnet 021B,Barnet,Outer London,17,0,10000,10000,10000
E01000133,Barnet 021C,Barnet,Outer London,16,0,10000,10000,10000
E01000134,Barnet 024F,Barnet,Outer London,19,0,10000,10000,10000
E01000135,Barnet 038A,Barnet,Outer London,32,0,10000,10000,10000
E01000136,Barnet 038B,Barnet,Outer London,54,0,10000,10000,10000
E01000137,Barnet 041A,Barnet,Outer London,11,0,10000,10000,10000
E01000138,Barnet 040A,Barnet,Outer London,26,0,10000,10000,10000
E01000139,Barnet 041B,Barnet,Outer London,35,0,10000,10000,10000
E01000140,Barnet 041C,Barnet,Outer London,16,0,10000,10000,10000
E01000141,Barnet 039A,Barnet,Outer London,37,0,10000,10000,10000
E01000142,Barnet 040B,Barnet,Outer London,20,0,10000,10000,10000
E01000143,Barnet 041D,Barnet,Outer London,17,0,10000,10000,10000
E01000144,Barnet 038C,Barnet,Outer London,23,0,10000,10000,10000
E01000145,Barnet 037A,Barnet,Outer London,20,0,10000,10000,10000
E01000146,Barnet 038D,Barnet,Outer London,19,0,10000,10000,10000
E01000147,Barnet 043F,Barnet,Outer London,19,0,10000,10000,10000
E01000150,Barnet 036A,Barnet,Outer London,45,0,10000,10000,10000
E01000151,Barnet 026B,Barnet,Outer London,13,0,10000,10000,10000
E01000152,Barnet 026C,Barnet,Outer London,17,0,10000,10000,10000
E01000153,Barnet 026D,Barnet,Outer London,20,0,10000,10000,10000
E01000154,Barnet 026E,Barnet,Outer London,13,0,10000,10000,10000
E01000156,Barnet 022A,Barnet,Outer London,18,0,10000,10000,10000
E01000157,Barnet 022B,Barnet,Outer London,12,0,10000,10000,10000
E01000158,Barnet 015A,Barnet,Outer London,25,0,10000,10000,10000
E01000159,Barnet 015B,Barnet,Outer London,52,0,10000,10000,10000
E01000160,Barnet 015C,Barnet,Outer London,28,0,10000,10000,10000
E01000161,Barnet 015D,Barnet,Outer London,24,0,10000,10000,10000
E01000162,Barnet 015E,Barnet,Outer London,16,0,10000,10000,10000
E01000163,Barnet 022C,Barnet,Outer London,22,0,10000,10000,10000
E01000164,Barnet 022D,Barnet,Outer London,55,0,10000,10000,10000
E01000165,Barnet 022E,Barnet,Outer London,19,0,10000,10000,10000
E01000166,Barnet 003A,Barnet,Outer London,38,0,10000,10000,10000
E01000167,Barnet 002A,Barnet,Outer London,58,0,10000,10000,10000
E01000168,Barnet 003B,Barnet,Outer London,31,0,10000,10000,10000
E01000169,Barnet 003C,Barnet,Outer London,27,0,10000,10000,10000
E01000170,Barnet 006A,Barnet,Outer London,29,0,10000,10000,10000
E01000171,Barnet 006B,Barnet,Outer London,34,0,10000,10000,10000
E01000172,Barnet 003D,Barnet,Outer London,56,0,10000,10000,10000
E01000173,Barnet 006C,Barnet,Outer London,35,0,10000,10000,10000
E01000174,Barnet 006D,Barnet,Outer London,19,0,10000,10000,10000
E01000175,Barnet 006E,Barnet,Outer London,50,0,10000,10000,10000
E01000176,Barnet 027A,Barnet,Outer London,21,0,10000,10000,10000
E01000177,Barnet 029A,Barnet,Outer London,19,0,10000,10000,10000
E01000178,Barnet 027B,Barnet,Outer London,41,0,10000,10000,10000
E01000179,Barnet 029B,Barnet,Outer London,15,0,10000,10000,10000
E01000180,Barnet 029C,Barnet,Outer London,17,0,10000,10000,10000
E01000181,Barnet 029D,Barnet,Outer London,13,0,10000,10000,10000
E01000182,Barnet 029E,Barnet,Outer London,23,0,10000,10000,10000
E01000183,Barnet 033A,Barnet,Outer London,23,0,10000,10000,10000
E01000184,Barnet 027C,Barnet,Outer London,67,0,10000,10000,10000
E01000185,Barnet 029F,Barnet,Outer London,13,0,10000,10000,10000
E01000186,Barnet 014A,Barnet,Outer London,26,0,10000,10000,10000
E01000187,Barnet 014B,Barnet,Outer London,19,0,10000,10000,10000
E01000188,Barnet 014C,Barnet,Outer London,321,0,10000,10000,10000
E01000189,Barnet 014D,Barnet,Outer London,15,0,10000,10000,10000
E01000190,Barnet 014E,Barnet,Outer London,24,0,10000,10000,10000
E01000191,Barnet 014F,Barnet,Outer London,27,0,10000,10000,10000
E01000192,Barnet 018A,Barnet,Outer London,31,0,10000,10000,10000
E01000193,Barnet 018B,Barnet,Outer London,27,0,10000,10000,10000
E01000194,Barnet 018C,Barnet,Outer London,35,0,10000,10000,10000
E01000195,Barnet 013A,Barnet,Outer London,32,0,10000,10000,10000
E01000196,Barnet 028A,Barnet,Outer London,26,0,10000,10000,10000
E01000197,Barnet 023A,Barnet,Outer London,29,0,10000,10000,10000
E01000198,Barnet 025A,Barnet,Outer London,33,0,10000,10000,10000
E01000199,Barnet 025B,Barnet,Outer London,33,0,10000,10000,10000
E01000200,Barnet 028B,Barnet,Outer London,28,0,10000,10000,10000
E01000201,Barnet 028C,Barnet,Outer London,39,0,10000,10000,10000
E01000202,Barnet 028D,Barnet,Outer London,22,0,10000,10000,10000
E01000203,Barnet 028E,Barnet,Outer London,30,0,10000,10000,10000
E01000204,Barnet 025C,Barnet,Outer London,34,0,10000,10000,10000
E01000205,Barnet 035A,Barnet,Outer London,34,0,10000,10000,10000
E01000206,Barnet 033B,Barnet,Outer London,133,0,10000,10000,10000
E01000207,Barnet 033C,Barnet,Outer London,34,0,10000,10000,10000
E01000208,Barnet 033D,Barnet,Outer London,40,0,10000,10000,10000
E01000209,Barnet 035B,Barnet,Outer London,39,0,10000,10000,10000
E01000210,Barnet 033E,Barnet,Outer London,51,0,10000,10000,10000
E01000211,Barnet 035C,Barnet,Outer London,31,0,10000,10000,10000
E01000212,Barnet 035D,Barnet,Outer London,35,0,10000,10000,10000
E01000213,Barnet 033F,Barnet,Outer London,44,0,10000,10000,10000
E01000214,Barnet 038E,Barnet,Outer London,32,0,10000,10000,10000
E01000215,Barnet 037B,Barnet,Outer London,21,0,10000,10000,10000
E01000216,Barnet 035E,Barnet,Outer London,18,0,10000,10000,10000
E01000217,Barnet 035F,Barnet,Outer London,22,0,10000,10000,10000
E01000218,Barnet 037C,Barnet,Outer London,17,0,10000,10000,10000
E01000219,Barnet 037D,Barnet,Outer London,19,0,10000,10000,10000
E01000220,Barnet 037E,Barnet,Outer London,13,0,10000,10000,10000
E01000221,Barnet 039B,Barnet,Outer London,42,0,10000,10000,10000
E01000222,Barnet 040C,Barnet,Outer London,41,0,10000,10000,10000
E01000223,Barnet 039C,Barnet,Outer London,56,0,10000,10000,10000
E01000224,Barnet 040D,Barnet,Outer London,16,0,10000,10000,10000
E01000225,Barnet 037F,Barnet,Outer London,31,0,10000,10000,10000
E01000226,Barnet 018D,Barnet,Outer London,18,0,10000,10000,10000
E01000227,Barnet 018E,Barnet,Outer London,23,0,10000,10000,10000
E01000228,Barnet 007A,Barnet,Outer London,288,0,10000,10000,10000
E01000229,Barnet 013B,Barnet,Outer London,31,0,10000,10000,10000
E01000230,Barnet 013C,Barnet,Outer London,25,0,10000,10000,10000
E01000231,Barnet 013D,Barnet,Outer London,38,0,10000,10000,10000
E01000232,Barnet 013E,Barnet,Outer London,27,0,10000,10000,10000
E01000233,Barnet 013F,Barnet,Outer London,29,0,10000,10000,10000
E01000234,Barnet 021D,Barnet,Outer London,26,0,10000,10000,10000
E01000235,Barnet 021E,Barnet,Outer London,37,0,10000,10000,10000
E01000236,Barnet 034A,Barnet,Outer London,23,0,10000,10000,10000
E01000237,Barnet 032A,Barnet,Outer London,31,0,10000,10000,10000
E01000238,Barnet 034B,Barnet,Outer London,21,0,10000,10000,10000
E01000239,Barnet 031A,Barnet,Outer London,43,0,10000,10000,10000
E01000240,Barnet 031B,Barnet,Outer London,43,0,10000,10000,10000
E01000241,Barnet 031C,Barnet,Outer London,32,0,10000,10000,10000
E01000242,Barnet 032B,Barnet,Outer London,29,0,10000,10000,10000
E01000243,Barnet 032C,Barnet,Outer London,16,0,10000,10000,10000
E01000244,Barnet 032D,Barnet,Outer London,25,0,10000,10000,10000
E01000245,Barnet 032E,Barnet,Outer London,20,0,10000,10000,10000
E01000246,Barnet 002B,Barnet,Outer London,110,0,10000,10000,10000
E01000247,Barnet 002C,Barnet,Outer London,26,0,10000,10000,10000
E01000248,Barnet 001A,Barnet,Outer London,28,0,10000,10000,10000
E01000249,Barnet 001B,Barnet,Outer London,77,0,10000,10000,10000
E01000250,Barnet 001C,Barnet,Outer London,57,0,10000,10000,10000
E01000251,Barnet 002D,Barnet,Outer London,23,0,10000,10000,10000
E01000252,Barnet 002E,Barnet,Outer London,21,0,10000,10000,10000
E01000253,Barnet 007B,Barnet,Outer London,333,0,10000,10000,10000
E01000254,Barnet 001D,Barnet,Outer London,156,0,10000,10000,10000
E01000255,Barnet 017A,Barnet,Outer London,111,0,10000,10000,10000
E01000256,Barnet 016A,Barnet,Outer London,60,0,10000,10000,10000
E01000257,Barnet 017B,Barnet,Outer London,65,0,10000,10000,10000
E01000258,Barnet 016B,Barnet,Outer London,78,0,10000,10000,10000
E01000259,Barnet 025D,Barnet,Outer London,133,0,10000,10000,10000
E01000260,Barnet 025E,Barnet,Outer London,81,0,10000,10000,10000
E01000261,Barnet 017C,Barnet,Outer London,113,0,10000,10000,10000
E01000263,Barnet 016C,Barnet,Outer London,39,0,10000,10000,10000
E01000264,Barnet 016D,Barnet,Outer London,38,0,10000,10000,10000
E01000265,Barnet 011A,Barnet,Outer London,21,0,10000,10000,10000
E01000266,Barnet 011B,Barnet,Outer London,65,0,10000,10000,10000
E01000267,Barnet 005A,Barnet,Outer London,27,0,10000,10000,10000
E01000268,Barnet 005B,Barnet,Outer London,27,0,10000,10000,10000
E01000269,Barnet 005C,Barnet,Outer London,27,0,10000,10000,10000
E01000270,Barnet 005D,Barnet,Outer London,25,0,10000,10000,10000
E01000271,Barnet 008A,Barnet,Outer London,36,0,10000,10000,10000
E01000272,Barnet 008B,Barnet,Outer London,47,0,10000,10000,10000
E01000273,Barnet 008C,Barnet,Outer London,34,0,10000,10000,10000
E01000274,Barnet 011C,Barnet,Outer London,26,0,10000,10000,10000
E01000275,Barnet 012A,Barnet,Outer London,35,0,10000,10000,10000
E01000276,Barnet 020A,Barnet,Outer London,51,0,10000,10000,10000
E01000277,Barnet 012B,Barnet,Outer London,17,0,10000,10000,10000
E01000278,Barnet 020B,Barnet,Outer London,27,0,10000,10000,10000
E01000279,Barnet 007C,Barnet,Outer London,508,0,10000,10000,10000
E01000280,Barnet 007D,Barnet,Outer London,104,0,10000,10000,10000
E01000281,Barnet 008D,Barnet,Outer London,26,0,10000,10000,10000
E01000282,Barnet 008E,Barnet,Outer London,55,0,10000,10000,10000
E01000283,Barnet 012C,Barnet,Outer London,32,0,10000,10000,10000
E01000284,Barnet 012D,Barnet,Outer London,27,0,10000,10000,10000
E01000285,Barnet 004A,Barnet,Outer London,20,0,10000,10000,10000
E01000286,Barnet 007E,Barnet,Outer London,26,0,10000,10000,10000
E01000287,Barnet 004B,Barnet,Outer London,27,0,10000,10000,10000
E01000288,Barnet 004C,Barnet,Outer London,34,0,10000,10000,10000
E01000289,Barnet 004D,Barnet,Outer London,27,0,10000,10000,10000
E01000290,Barnet 007F,Barnet,Outer London,204,0,10000,10000,10000
E01000291,Barnet 004E,Barnet,Outer London,24,0,10000,10000,10000
E01000292,Barnet 001E,Barnet,Outer London,30,0,10000,10000,10000
E01000293,Barnet 001F,Barnet,Outer London,27,0,10000,10000,10000
E01000294,Barnet 004F,Barnet,Outer London,35,0,10000,10000,10000
E01000295,Barnet 023B,Barnet,Outer London,21,0,10000,10000,10000
E01000296,Barnet 023C,Barnet,Outer London,23,0,10000,10000,10000
E01000297,Barnet 027D,Barnet,Outer London,22,0,10000,10000,10000
E01000298,Barnet 023D,Barnet,Outer London,28,0,10000,10000,10000
E01000299,Barnet 019A,Barnet,Outer London,18,0,10000,10000,10000
E01000300,Barnet 019B,Barnet,Outer London,15,0,10000,10000,10000
E01000301,Barnet 020C,Barnet,Outer London,29,0,10000,10000,10000
E01000302,Barnet 019C,Barnet,Outer London,20,0,10000,10000,10000
E01000303,Barnet 020D,Barnet,Outer London,21,0,10000,10000,10000
E01000304,Barnet 020E,Barnet,Outer London,18,0,10000,10000,10000
E01000305,Barnet 036B,Barnet,Outer London,71,0,10000,10000,10000
E01000306,Barnet 036C,Barnet,Outer London,14,0,10000,10000,10000
E01000307,Barnet 039D,Barnet,Outer London,50,0,10000,10000,10000
E01000308,Barnet 036D,Barnet,Outer London,53,0,10000,10000,10000
E01000309,Barnet 031D,Barnet,Outer London,30,0,10000,10000,10000
E01000310,Barnet 034C,Barnet,Outer London,32,0,10000,10000,10000
E01000311,Barnet 034D,Barnet,Outer London,33,0,10000,10000,10000
E01000312,Barnet 036E,Barnet,Outer London,14,0,10000,10000,10000
E01000313,Barnet 036F,Barnet,Outer London,24,0,10000,10000,10000
E01000314,Barnet 032F,Barnet,Outer London,25,0,10000,10000,10000
E01000315,Barnet 022F,Barnet,Outer London,52,0,10000,10000,10000
E01000316,Barnet 027E,Barnet,Outer London,42,0,10000,10000,10000
E01000317,Barnet 019D,Barnet,Outer London,17,0,10000,10000,10000
E01000318,Barnet 019E,Barnet,Outer London,25,0,10000,10000,10000
E01000319,Barnet 027F,Barnet,Outer London,14,0,10000,10000,10000
E01000320,Barnet 011D,Barnet,Outer London,24,0,10000,10000,10000
E01000321,Barnet 012E,Barnet,Outer London,17,0,10000,10000,10000
E01000322,Barnet 011E,Barnet,Outer London,18,0,10000,10000,10000
E01000323,Barnet 019F,Barnet,Outer London,22,0,10000,10000,10000
E01000324,Barnet 015F,Barnet,Outer London,29,0,10000,10000,10000
E01000325,Bexley 014A,Bexley,Outer London,39,0,10000,10000,10000
E01000326,Bexley 014B,Bexley,Outer London,25,0,10000,10000,10000
E01000327,Bexley 017A,Bexley,Outer London,38,0,10000,10000,10000
E01000328,Bexley 017B,Bexley,Outer London,55,0,10000,10000,10000
E01000329,Bexley 017C,Bexley,Outer London,47,0,10000,10000,10000
E01000330,Bexley 017D,Bexley,Outer London,25,0,10000,10000,10000
E01000331,Bexley 017E,Bexley,Outer London,53,0,10000,10000,10000
E01000332,Bexley 005A,Bexley,Outer London,29,0,10000,10000,10000
E01000333,Bexley 003A,Bexley,Outer London,29,0,10000,10000,10000
E01000334,Bexley 006A,Bexley,Outer London,25,0,10000,10000,10000
E01000335,Bexley 003B,Bexley,Outer London,138,0,10000,10000,10000
E01000336,Bexley 003C,Bexley,Outer London,17,0,10000,10000,10000
E01000337,Bexley 003D,Bexley,Outer London,28,0,10000,10000,10000
E01000338,Bexley 003E,Bexley,Outer London,16,0,10000,10000,10000
E01000339,Bexley 025A,Bexley,Outer London,26,0,10000,10000,10000
E01000340,Bexley 018A,Bexley,Outer London,24,0,10000,10000,10000
E01000341,Bexley 022A,Bexley,Outer London,23,0,10000,10000,10000
E01000342,Bexley 022B,Bexley,Outer London,25,0,10000,10000,10000
E01000343,Bexley 022C,Bexley,Outer London,30,0,10000,10000,10000
E01000344,Bexley 025B,Bexley,Outer London,22,0,10000,10000,10000
E01000345,Bexley 022D,Bexley,Outer London,24,0,10000,10000,10000
E01000346,Bexley 021A,Bexley,Outer London,36,0,10000,10000,10000
E01000347,Bexley 021B,Bexley,Outer London,18,0,10000,10000,10000
E01000348,Bexley 020A,Bexley,Outer London,27,0,10000,10000,10000
E01000349,Bexley 020B,Bexley,Outer London,37,0,10000,10000,10000
E01000350,Bexley 021C,Bexley,Outer London,26,0,10000,10000,10000
E01000351,Bexley 024A,Bexley,Outer London,31,0,10000,10000,10000
E01000352,Bexley 021D,Bexley,Outer London,35,0,10000,10000,10000
E01000353,Bexley 011A,Bexley,Outer London,35,0,10000,10000,10000
E01000354,Bexley 011B,Bexley,Outer London,19,0,10000,10000,10000
E01000355,Bexley 011C,Bexley,Outer London,40,0,10000,10000,10000
E01000356,Bexley 009A,Bexley,Outer London,32,0,10000,10000,10000
E01000357,Bexley 009B,Bexley,Outer London,18,0,10000,10000,10000
E01000358,Bexley 011D,Bexley,Outer London,27,0,10000,10000,10000
E01000359,Bexley 009C,Bexley,Outer London,22,0,10000,10000,10000
E01000360,Bexley 015A,Bexley,Outer London,47,0,10000,10000,10000
E01000361,Bexley 020C,Bexley,Outer London,28,0,10000,10000,10000
E01000362,Bexley 015B,Bexley,Outer London,40,0,10000,10000,10000
E01000363,Bexley 020D,Bexley,Outer London,40,0,10000,10000,10000
E01000364,Bexley 023A,Bexley,Outer London,43,0,10000,10000,10000
E01000365,Bexley 015C,Bexley,Outer London,33,0,10000,10000,10000
E01000366,Bexley 015D,Bexley,Outer London,24,0,10000,10000,10000
E01000367,Bexley 010A,Bexley,Outer London,27,0,10000,10000,10000
E01000368,Bexley 010B,Bexley,Outer London,27,0,10000,10000,10000
E01000369,Bexley 014C,Bexley,Outer London,25,0,10000,10000,10000
E01000370,Bexley 014D,Bexley,Outer London,32,0,10000,10000,10000
E01000371,Bexley 014E,Bexley,Outer London,25,0,10000,10000,10000
E01000372,Bexley 010C,Bexley,Outer London,22,0,10000,10000,10000
E01000373,Bexley 008A,Bexley,Outer London,8,0,10000,10000,10000
E01000374,Bexley 019A,Bexley,Outer London,77,0,10000,10000,10000
E01000375,Bexley 019B,Bexley,Outer London,40,0,10000,10000,10000
E01000376,Bexley 019C,Bexley,Outer London,54,0,10000,10000,10000
E01000377,Bexley 019D,Bexley,Outer London,43,0,10000,10000,10000
E01000379,Bexley 019F,Bexley,Outer London,35,0,10000,10000,10000
E01000380,Bexley 010D,Bexley,Outer London,22,0,10000,10000,10000
E01000381,Bexley 028A,Bexley,Outer London,202,0,10000,10000,10000
E01000382,Bexley 027A,Bexley,Outer London,59,0,10000,10000,10000
E01000383,Bexley 028B,Bexley,Outer London,277,0,10000,10000,10000
E01000384,Bexley 027B,Bexley,Outer London,31,0,10000,10000,10000
E01000385,Bexley 028C,Bexley,Outer London,59,0,10000,10000,10000
E01000386,Bexley 028D,Bexley,Outer London,56,0,10000,10000,10000
E01000387,Bexley 027C,Bexley,Outer London,32,0,10000,10000,10000
E01000388,Bexley 016A,Bexley,Outer London,52,0,10000,10000,10000
E01000389,Bexley 020E,Bexley,Outer London,46,0,10000,10000,10000
E01000390,Bexley 020F,Bexley,Outer London,52,0,10000,10000,10000
E01000391,Bexley 021E,Bexley,Outer London,48,0,10000,10000,10000
E01000392,Bexley 016B,Bexley,Outer London,24,0,10000,10000,10000
E01000393,Bexley 020G,Bexley,Outer London,29,0,10000,10000,10000
E01000394,Bexley 015E,Bexley,Outer London,24,0,10000,10000,10000
E01000395,Bexley 018B,Bexley,Outer London,30,0,10000,10000,10000
E01000396,Bexley 018C,Bexley,Outer London,22,0,10000,10000,10000
E01000398,Bexley 029A,Bexley,Outer London,24,0,10000,10000,10000
E01000399,Bexley 029B,Bexley,Outer London,28,0,10000,10000,10000
E01000400,Bexley 029C,Bexley,Outer London,28,0,10000,10000,10000
E01000401,Bexley 013A,Bexley,Outer London,27,0,10000,10000,10000
E01000402,Bexley 005B,Bexley,Outer London,29,0,10000,10000,10000
E01000403,Bexley 004A,Bexley,Outer London,65,0,10000,10000,10000
E01000404,Bexley 004B,Bexley,Outer London,16,0,10000,10000,10000
E01000405,Bexley 004C,Bexley,Outer London,39,0,10000,10000,10000
E01000406,Bexley 005C,Bexley,Outer London,42,0,10000,10000,10000
E01000407,Bexley 005D,Bexley,Outer London,43,0,10000,10000,10000
E01000408,Bexley 004D,Bexley,Outer London,111,0,10000,10000,10000
E01000409,Bexley 016C,Bexley,Outer London,26,0,10000,10000,10000
E01000410,Bexley 018D,Bexley,Outer London,27,0,10000,10000,10000
E01000411,Bexley 016D,Bexley,Outer London,19,0,10000,10000,10000
E01000412,Bexley 018E,Bexley,Outer London,24,0,10000,10000,10000
E01000413,Bexley 018F,Bexley,Outer London,20,0,10000,10000,10000
E01000414,Bexley 016E,Bexley,Outer London,26,0,10000,10000,10000
E01000415,Bexley 016F,Bexley,Outer London,23,0,10000,10000,10000
E01000416,Bexley 002A,Bexley,Outer London,18,0,10000,10000,10000
E01000417,Bexley 006B,Bexley,Outer London,72,0,10000,10000,10000
E01000418,Bexley 002B,Bexley,Outer London,53,0,10000,10000,10000
E01000419,Bexley 006C,Bexley,Outer London,26,0,10000,10000,10000
E01000420,Bexley 006D,Bexley,Outer London,29,0,10000,10000,10000
E01000421,Bexley 009D,Bexley,Outer London,27,0,10000,10000,10000
E01000422,Bexley 002C,Bexley,Outer London,10,0,10000,10000,10000
E01000423,Bexley 025C,Bexley,Outer London,28,0,10000,10000,10000
E01000424,Bexley 026A,Bexley,Outer London,38,0,10000,10000,10000
E01000425,Bexley 025D,Bexley,Outer London,36,0,10000,10000,10000
E01000426,Bexley 026B,Bexley,Outer London,26,0,10000,10000,10000
E01000427,Bexley 026C,Bexley,Outer London,41,0,10000,10000,10000
E01000428,Bexley 027D,Bexley,Outer London,86,0,10000,10000,10000
E01000429,Bexley 008B,Bexley,Outer London,30,0,10000,10000,10000
E01000430,Bexley 008C,Bexley,Outer London,151,0,10000,10000,10000
E01000431,Bexley 008D,Bexley,Outer London,16,0,10000,10000,10000
E01000433,Bexley 008F,Bexley,Outer London,30,0,10000,10000,10000
E01000434,Bexley 008G,Bexley,Outer London,154,0,10000,10000,10000
E01000435,Bexley 010E,Bexley,Outer London,18,0,10000,10000,10000
E01000436,Bexley 011E,Bexley,Outer London,28,0,10000,10000,10000
E01000437,Bexley 007A,Bexley,Outer London,25,0,10000,10000,10000
E01000438,Bexley 007B,Bexley,Outer London,18,0,10000,10000,10000
E01000439,Bexley 007C,Bexley,Outer London,26,0,10000,10000,10000
E01000440,Bexley 007D,Bexley,Outer London,25,0,10000,10000,10000
E01000441,Bexley 007E,Bexley,Outer London,27,0,10000,10000,10000
E01000442,Bexley 006E,Bexley,Outer London,31,0,10000,10000,10000
E01000443,Bexley 024B,Bexley,Outer London,25,0,10000,10000,10000
E01000444,Bexley 023B,Bexley,Outer London,137,0,10000,10000,10000
E01000445,Bexley 024C,Bexley,Outer London,63,0,10000,10000,10000
E01000446,Bexley 024D,Bexley,Outer London,27,0,10000,10000,10000
E01000447,Bexley 023C,Bexley,Outer London,100,0,10000,10000,10000
E01000448,Bexley 023D,Bexley,Outer London,46,0,10000,10000,10000
E01000449,Bexley 023E,Bexley,Outer London,47,0,10000,10000,10000
E01000450,Bexley 009E,Bexley,Outer London,22,0,10000,10000,10000
E01000451,Bexley 009F,Bexley,Outer London,21,0,10000,10000,10000
E01000452,Bexley 009G,Bexley,Outer London,14,0,10000,10000,10000
E01000453,Bexley 013B,Bexley,Outer London,23,0,10000,10000,10000
E01000454,Bexley 013C,Bexley,Outer London,22,0,10000,10000,10000
E01000455,Bexley 013D,Bexley,Outer London,24,0,10000,10000,10000
E01000456,Bexley 013E,Bexley,Outer London,16,0,10000,10000,10000
E01000457,Bexley 026D,Bexley,Outer London,29,0,10000,10000,10000
E01000458,Bexley 027E,Bexley,Outer London,36,0,10000,10000,10000
E01000459,Bexley 027F,Bexley,Outer London,32,0,10000,10000,10000
E01000460,Bexley 022E,Bexley,Outer London,52,0,10000,10000,10000
E01000461,Bexley 024E,Bexley,Outer London,54,0,10000,10000,10000
E01000462,Bexley 026E,Bexley,Outer London,47,0,10000,10000,10000
E01000463,Bexley 025E,Bexley,Outer London,24,0,10000,10000,10000
E01000464,Bexley 002D,Bexley,Outer London,15,0,10000,10000,10000
E01000465,Bexley 002E,Bexley,Outer London,27,0,10000,10000,10000
E01000466,Bexley 001A,Bexley,Outer London,235,0,10000,10000,10000
E01000467,Bexley 001B,Bexley,Outer London,17,0,10000,10000,10000
E01000468,Bexley 001C,Bexley,Outer London,31,0,10000,10000,10000
E01000469,Bexley 001D,Bexley,Outer London,39,0,10000,10000,10000
E01000470,Bexley 002F,Bexley,Outer London,36,0,10000,10000,10000
E01000471,Brent 026A,Brent,Outer London,14,0,10000,10000,10000
E01000472,Brent 029A,Brent,Outer London,45,0,10000,10000,10000
E01000473,Brent 029B,Brent,Outer London,15,0,10000,10000,10000
E01000474,Brent 026B,Brent,Outer London,22,0,10000,10000,10000
E01000475,Brent 029C,Brent,Outer London,29,0,10000,10000,10000
E01000476,Brent 026C,Brent,Outer London,21,0,10000,10000,10000
E01000477,Brent 026D,Brent,Outer London,37,0,10000,10000,10000
E01000478,Brent 029D,Brent,Outer London,21,0,10000,10000,10000
E01000479,Brent 009A,Brent,Outer London,32,0,10000,10000,10000
E01000480,Brent 006A,Brent,Outer London,30,0,10000,10000,10000
E01000481,Brent 009B,Brent,Outer London,25,0,10000,10000,10000
E01000483,Brent 009D,Brent,Outer London,23,0,10000,10000,10000
E01000484,Brent 006B,Brent,Outer London,29,0,10000,10000,10000
E01000485,Brent 006C,Brent,Outer London,18,0,10000,10000,10000
E01000486,Brent 006D,Brent,Outer London,73,0,10000,10000,10000
E01000487,Brent 006E,Brent,Outer London,32,0,10000,10000,10000
E01000488,Brent 022A,Brent,Outer London,16,0,10000,10000,10000
E01000489,Brent 030A,Brent,Outer London,30,0,10000,10000,10000
E01000490,Brent 023A,Brent,Outer London,13,0,10000,10000,10000
E01000491,Brent 030B,Brent,Outer London,40,0,10000,10000,10000
E01000492,Brent 030C,Brent,Outer London,17,0,10000,10000,10000
E01000493,Brent 030D,Brent,Outer London,17,0,10000,10000,10000
E01000494,Brent 023B,Brent,Outer London,22,0,10000,10000,10000
E01000495,Brent 023C,Brent,Outer London,19,0,10000,10000,10000
E01000497,Brent 011A,Brent,Outer London,31,0,10000,10000,10000
E01000498,Brent 010B,Brent,Outer London,29,0,10000,10000,10000
E01000499,Brent 011B,Brent,Outer London,51,0,10000,10000,10000
E01000501,Brent 011C,Brent,Outer London,15,0,10000,10000,10000
E01000502,Brent 011D,Brent,Outer London,36,0,10000,10000,10000
E01000503,Brent 011E,Brent,Outer London,41,0,10000,10000,10000
E01000504,Brent 018A,Brent,Outer London,14,0,10000,10000,10000
E01000505,Brent 018B,Brent,Outer London,17,0,10000,10000,10000
E01000506,Brent 014A,Brent,Outer London,29,0,10000,10000,10000
E01000507,Brent 018C,Brent,Outer London,26,0,10000,10000,10000
E01000508,Brent 025A,Brent,Outer London,25,0,10000,10000,10000
E01000509,Brent 014B,Brent,Outer London,13,0,10000,10000,10000
E01000510,Brent 014C,Brent,Outer London,18,0,10000,10000,10000
E01000511,Brent 014D,Brent,Outer London,20,0,10000,10000,10000
E01000512,Brent 018D,Brent,Outer London,13,0,10000,10000,10000
E01000513,Brent 002A,Brent,Outer London,16,0,10000,10000,10000
E01000514,Brent 002B,Brent,Outer London,18,0,10000,10000,10000
E01000515,Brent 003A,Brent,Outer London,39,0,10000,10000,10000
E01000516,Brent 002C,Brent,Outer London,25,0,10000,10000,10000
E01000517,Brent 003B,Brent,Outer London,23,0,10000,10000,10000
E01000518,Brent 005A,Brent,Outer London,52,0,10000,10000,10000
E01000519,Brent 005B,Brent,Outer London,74,0,10000,10000,10000
E01000520,Brent 002D,Brent,Outer London,22,0,10000,10000,10000
E01000521,Brent 025B,Brent,Outer London,15,0,10000,10000,10000
E01000522,Brent 025C,Brent,Outer London,17,0,10000,10000,10000
E01000523,Brent 031A,Brent,Outer London,15,0,10000,10000,10000
E01000524,Brent 031B,Brent,Outer London,13,0,10000,10000,10000
E01000525,Brent 031C,Brent,Outer London,16,0,10000,10000,10000
E01000526,Brent 025D,Brent,Outer London,13,0,10000,10000,10000
E01000527,Brent 025E,Brent,Outer London,12,0,10000,10000,10000
E01000528,Brent 025F,Brent,Outer London,11,0,10000,10000,10000
E01000530,Brent 033A,Brent,Outer London,19,0,10000,10000,10000
E01000531,Brent 033B,Brent,Outer London,11,0,10000,10000,10000
E01000532,Brent 033C,Brent,Outer London,11,0,10000,10000,10000
E01000533,Brent 031E,Brent,Outer London,20,0,10000,10000,10000
E01000534,Brent 033D,Brent,Outer London,14,0,10000,10000,10000
E01000535,Brent 031F,Brent,Outer London,18,0,10000,10000,10000
E01000536,Brent 004A,Brent,Outer London,33,0,10000,10000,10000
E01000538,Brent 004B,Brent,Outer London,40,0,10000,10000,10000
E01000539,Brent 004C,Brent,Outer London,28,0,10000,10000,10000
E01000540,Brent 004D,Brent,Outer London,38,0,10000,10000,10000
E01000541,Brent 004E,Brent,Outer London,26,0,10000,10000,10000
E01000543,Brent 003E,Brent,Outer London,19,0,10000,10000,10000
E01000544,Brent 034A,Brent,Outer London,8,0,10000,10000,10000
E01000545,Brent 028A,Brent,Outer London,11,0,10000,10000,10000
E01000546,Brent 028B,Brent,Outer London,9,0,10000,10000,10000
E01000547,Brent 028C,Brent,Outer London,8,0,10000,10000,10000
E01000548,Brent 028D,Brent,Outer London,12,0,10000,10000,10000
E01000549,Brent 028E,Brent,Outer London,10,0,10000,10000,10000
E01000550,Brent 034B,Brent,Outer London,11,0,10000,10000,10000
E01000551,Brent 034C,Brent,Outer London,17,0,10000,10000,10000
E01000552,Brent 034D,Brent,Outer London,9,0,10000,10000,10000
E01000553,Brent 015A,Brent,Outer London,13,0,10000,10000,10000
E01000554,Brent 015B,Brent,Outer London,19,0,10000,10000,10000
E01000555,Brent 015C,Brent,Outer London,23,0,10000,10000,10000
E01000556,Brent 015D,Brent,Outer London,11,0,10000,10000,10000
E01000557,Brent 015E,Brent,Outer London,12,0,10000,10000,10000
E01000558,Brent 015F,Brent,Outer London,16,0,10000,10000,10000
E01000559,Brent 018E,Brent,Outer London,11,0,10000,10000,10000
E01000560,Brent 023D,Brent,Outer London,21,0,10000,10000,10000
E01000561,Brent 023E,Brent,Outer London,11,0,10000,10000,10000
E01000562,Brent 008A,Brent,Outer London,33,0,10000,10000,10000
E01000563,Brent 008B,Brent,Outer London,34,0,10000,10000,10000
E01000564,Brent 013A,Brent,Outer London,21,0,10000,10000,10000
E01000565,Brent 013B,Brent,Outer London,20,0,10000,10000,10000
E01000566,Brent 008C,Brent,Outer London,23,0,10000,10000,10000
E01000567,Brent 016A,Brent,Outer London,19,0,10000,10000,10000
E01000568,Brent 008D,Brent,Outer London,80,0,10000,10000,10000
E01000569,Brent 008E,Brent,Outer London,37,0,10000,10000,10000
E01000570,Brent 012A,Brent,Outer London,13,0,10000,10000,10000
E01000571,Brent 012B,Brent,Outer London,34,0,10000,10000,10000
E01000572,Brent 007A,Brent,Outer London,23,0,10000,10000,10000
E01000573,Brent 007B,Brent,Outer London,21,0,10000,10000,10000
E01000574,Brent 007C,Brent,Outer London,25,0,10000,10000,10000
E01000575,Brent 007D,Brent,Outer London,25,0,10000,10000,10000
E01000576,Brent 012C,Brent,Outer London,29,0,10000,10000,10000
E01000577,Brent 007E,Brent,Outer London,34,0,10000,10000,10000
E01000578,Brent 012D,Brent,Outer London,33,0,10000,10000,10000
E01000579,Brent 032A,Brent,Outer London,11,0,10000,10000,10000
E01000580,Brent 032B,Brent,Outer London,45,0,10000,10000,10000
E01000581,Brent 030E,Brent,Outer London,16,0,10000,10000,10000
E01000582,Brent 032C,Brent,Outer London,19,0,10000,10000,10000
E01000583,Brent 032D,Brent,Outer London,20,0,10000,10000,10000
E01000584,Brent 033E,Brent,Outer London,11,0,10000,10000,10000
E01000585,Brent 033F,Brent,Outer London,10,0,10000,10000,10000
E01000586,Brent 032E,Brent,Outer London,15,0,10000,10000,10000
E01000587,Brent 001A,Brent,Outer London,19,0,10000,10000,10000
E01000589,Brent 001B,Brent,Outer London,26,0,10000,10000,10000
E01000590,Brent 001C,Brent,Outer London,27,0,10000,10000,10000
E01000591,Brent 003F,Brent,Outer London,34,0,10000,10000,10000
E01000592,Brent 001D,Brent,Outer London,20,0,10000,10000,10000
E01000593,Brent 001E,Brent,Outer London,19,0,10000,10000,10000
E01000594,Brent 001F,Brent,Outer London,24,0,10000,10000,10000
E01000595,Brent 027A,Brent,Outer London,20,0,10000,10000,10000
E01000596,Brent 021A,Brent,Outer London,17,0,10000,10000,10000
E01000599,Brent 027D,Brent,Outer London,8,0,10000,10000,10000
E01000601,Brent 021B,Brent,Outer London,70,0,10000,10000,10000
E01000602,Brent 021C,Brent,Outer London,13,0,10000,10000,10000
E01000603,Brent 021D,Brent,Outer London,13,0,10000,10000,10000
E01000604,Brent 021E,Brent,Outer London,18,0,10000,10000,10000
E01000605,Brent 021F,Brent,Outer London,18,0,10000,10000,10000
E01000606,Brent 016B,Brent,Outer London,24,0,10000,10000,10000
E01000607,Brent 013C,Brent,Outer London,21,0,10000,10000,10000
E01000608,Brent 013D,Brent,Outer London,56,0,10000,10000,10000
E01000609,Brent 016C,Brent,Outer London,24,0,10000,10000,10000
E01000610,Brent 019A,Brent,Outer London,27,0,10000,10000,10000
E01000611,Brent 016D,Brent,Outer London,11,0,10000,10000,10000
E01000612,Brent 019B,Brent,Outer London,26,0,10000,10000,10000
E01000613,Brent 013E,Brent,Outer London,23,0,10000,10000,10000
E01000615,Brent 036A,Brent,Outer London,64,0,10000,10000,10000
E01000616,Brent 020A,Brent,Outer London,16,0,10000,10000,10000
E01000617,Brent 036B,Brent,Outer London,27,0,10000,10000,10000
E01000618,Brent 036D,Brent,Outer London,17,0,10000,10000,10000
E01000619,Brent 036C,Brent,Outer London,21,0,10000,10000,10000
E01000620,Brent 020B,Brent,Outer London,41,0,10000,10000,10000
E01000621,Brent 020C,Brent,Outer London,23,0,10000,10000,10000
E01000622,Brent 010D,Brent,Outer London,64,0,10000,10000,10000
E01000623,Brent 005C,Brent,Outer London,23,0,10000,10000,10000
E01000624,Brent 005D,Brent,Outer London,27,0,10000,10000,10000
E01000625,Brent 009E,Brent,Outer London,22,0,10000,10000,10000
E01000626,Brent 010E,Brent,Outer London,18,0,10000,10000,10000
E01000627,Brent 014E,Brent,Outer London,23,0,10000,10000,10000
E01000628,Brent 014F,Brent,Outer London,35,0,10000,10000,10000
E01000629,Brent 005E,Brent,Outer London,15,0,10000,10000,10000
E01000630,Brent 026E,Brent,Outer London,27,0,10000,10000,10000
E01000631,Brent 019C,Brent,Outer London,26,0,10000,10000,10000
E01000632,Brent 029E,Brent,Outer London,30,0,10000,10000,10000
E01000633,Brent 019D,Brent,Outer London,16,0,10000,10000,10000
E01000634,Brent 019E,Brent,Outer London,18,0,10000,10000,10000
E01000636,Brent 020E,Brent,Outer London,22,0,10000,10000,10000
E01000637,Brent 022B,Brent,Outer London,7,0,10000,10000,10000
E01000638,Brent 024A,Brent,Outer London,28,0,10000,10000,10000
E01000639,Brent 022C,Brent,Outer London,10,0,10000,10000,10000
E01000640,Brent 024B,Brent,Outer London,13,0,10000,10000,10000
E01000641,Brent 024C,Brent,Outer London,9,0,10000,10000,10000
E01000642,Brent 022D,Brent,Outer London,16,0,10000,10000,10000
E01000643,Brent 024D,Brent,Outer London,56,0,10000,10000,10000
E01000644,Brent 022E,Brent,Outer London,12,0,10000,10000,10000
E01000645,Bromley 007A,Bromley,Outer London,76,0,10000,10000,10000
E01000646,Bromley 016A,Bromley,Outer London,35,0,10000,10000,10000
E01000647,Bromley 016B,Bromley,Outer London,27,0,10000,10000,10000
E01000648,Bromley 016C,Bromley,Outer London,38,0,10000,10000,10000
E01000649,Bromley 007B,Bromley,Outer London,85,0,10000,10000,10000
E01000650,Bromley 022A,Bromley,Outer London,84,0,10000,10000,10000
E01000651,Bromley 020A,Bromley,Outer London,30,0,10000,10000,10000
E01000652,Bromley 022B,Bromley,Outer London,60,0,10000,10000,10000
E01000653,Bromley 016D,Bromley,Outer London,51,0,10000,10000,10000
E01000654,Bromley 039A,Bromley,Outer London,108,0,10000,10000,10000
E01000655,Bromley 039B,Bromley,Outer London,35,0,10000,10000,10000
E01000656,Bromley 039C,Bromley,Outer London,342,0,10000,10000,10000
E01000657,Bromley 039D,Bromley,Outer London,31,0,10000,10000,10000
E01000658,Bromley 042A,Bromley,Outer London,214,0,10000,10000,10000
E01000659,Bromley 039E,Bromley,Outer London,51,0,10000,10000,10000
E01000661,Bromley 026A,Bromley,Outer London,94,0,10000,10000,10000
E01000662,Bromley 026B,Bromley,Outer London,50,0,10000,10000,10000
E01000663,Bromley 026C,Bromley,Outer London,34,0,10000,10000,10000
E01000664,Bromley 026D,Bromley,Outer London,81,0,10000,10000,10000
E01000665,Bromley 033A,Bromley,Outer London,81,0,10000,10000,10000
E01000666,Bromley 033B,Bromley,Outer London,298,0,10000,10000,10000
E01000667,Bromley 033C,Bromley,Outer London,107,0,10000,10000,10000
E01000668,Bromley 020B,Bromley,Outer London,73,0,10000,10000,10000
E01000669,Bromley 020C,Bromley,Outer London,15,0,10000,10000,10000
E01000670,Bromley 018A,Bromley,Outer London,47,0,10000,10000,10000
E01000671,Bromley 020D,Bromley,Outer London,36,0,10000,10000,10000
E01000672,Bromley 011A,Bromley,Outer London,36,0,10000,10000,10000
E01000673,Bromley 011B,Bromley,Outer London,48,0,10000,10000,10000
E01000674,Bromley 008A,Bromley,Outer London,17,0,10000,10000,10000
E01000676,Bromley 008B,Bromley,Outer London,31,0,10000,10000,10000
E01000677,Bromley 018C,Bromley,Outer London,37,0,10000,10000,10000
E01000678,Bromley 016E,Bromley,Outer London,30,0,10000,10000,10000
E01000679,Bromley 020E,Bromley,Outer London,27,0,10000,10000,10000
E01000680,Bromley 037A,Bromley,Outer London,830,0,10000,10000,10000
E01000681,Bromley 035A,Bromley,Outer London,31,0,10000,10000,10000
E01000682,Bromley 035B,Bromley,Outer London,29,0,10000,10000,10000
E01000683,Bromley 035C,Bromley,Outer London,27,0,10000,10000,10000
E01000684,Bromley 035D,Bromley,Outer London,42,0,10000,10000,10000
E01000685,Bromley 037B,Bromley,Outer London,111,0,10000,10000,10000
E01000686,Bromley 037C,Bromley,Outer London,43,0,10000,10000,10000
E01000687,Bromley 037D,Bromley,Outer London,60,0,10000,10000,10000
E01000688,Bromley 037E,Bromley,Outer London,92,0,10000,10000,10000
E01000689,Bromley 002A,Bromley,Outer London,138,0,10000,10000,10000
E01000690,Bromley 002B,Bromley,Outer London,30,0,10000,10000,10000
E01000691,Bromley 002C,Bromley,Outer London,27,0,10000,10000,10000
E01000692,Bromley 002D,Bromley,Outer London,35,0,10000,10000,10000
E01000693,Bromley 010A,Bromley,Outer London,265,0,10000,10000,10000
E01000694,Bromley 007C,Bromley,Outer London,103,0,10000,10000,10000
E01000695,Bromley 007D,Bromley,Outer London,71,0,10000,10000,10000
E01000696,Bromley 007E,Bromley,Outer London,207,0,10000,10000,10000
E01000697,Bromley 007F,Bromley,Outer London,55,0,10000,10000,10000
E01000698,Bromley 010B,Bromley,Outer London,116,0,10000,10000,10000
E01000699,Bromley 015A,Bromley,Outer London,12,0,10000,10000,10000
E01000700,Bromley 013A,Bromley,Outer London,19,0,10000,10000,10000
E01000701,Bromley 015B,Bromley,Outer London,13,0,10000,10000,10000
E01000702,Bromley 013B,Bromley,Outer London,14,0,10000,10000,10000
E01000703,Bromley 013C,Bromley,Outer London,23,0,10000,10000,10000
E01000704,Bromley 015C,Bromley,Outer London,33,0,10000,10000,10000
E01000705,Bromley 015D,Bromley,Outer London,15,0,10000,10000,10000
E01000706,Bromley 013D,Bromley,Outer London,30,0,10000,10000,10000
E01000707,Bromley 041A,Bromley,Outer London,16,0,10000,10000,10000
E01000708,Bromley 041B,Bromley,Outer London,26,0,10000,10000,10000
E01000709,Bromley 006A,Bromley,Outer London,24,0,10000,10000,10000
E01000710,Bromley 006B,Bromley,Outer London,57,0,10000,10000,10000
E01000711,Bromley 006C,Bromley,Outer London,26,0,10000,10000,10000
E01000712,Bromley 012A,Bromley,Outer London,34,0,10000,10000,10000
E01000713,Bromley 012B,Bromley,Outer London,42,0,10000,10000,10000
E01000714,Bromley 006D,Bromley,Outer London,35,0,10000,10000,10000
E01000715,Bromley 012C,Bromley,Outer London,30,0,10000,10000,10000
E01000716,Bromley 011C,Bromley,Outer London,42,0,10000,10000,10000
E01000717,Bromley 011D,Bromley,Outer London,30,0,10000,10000,10000
E01000718,Bromley 006E,Bromley,Outer London,34,0,10000,10000,10000
E01000719,Bromley 019A,Bromley,Outer London,37,0,10000,10000,10000
E01000720,Bromley 019B,Bromley,Outer London,751,0,10000,10000,10000
E01000721,Bromley 019C,Bromley,Outer London,29,0,10000,10000,10000
E01000722,Bromley 023A,Bromley,Outer London,58,0,10000,10000,10000
E01000723,Bromley 029A,Bromley,Outer London,38,0,10000,10000,10000
E01000724,Bromley 019D,Bromley,Outer London,42,0,10000,10000,10000
E01000725,Bromley 023B,Bromley,Outer London,33,0,10000,10000,10000
E01000726,Bromley 029B,Bromley,Outer London,26,0,10000,10000,10000
E01000727,Bromley 028A,Bromley,Outer London,39,0,10000,10000,10000
E01000728,Bromley 019E,Bromley,Outer London,275,0,10000,10000,10000
E01000729,Bromley 014A,Bromley,Outer London,26,0,10000,10000,10000
E01000730,Bromley 014B,Bromley,Outer London,36,0,10000,10000,10000
E01000731,Bromley 023C,Bromley,Outer London,27,0,10000,10000,10000
E01000732,Bromley 023D,Bromley,Outer London,34,0,10000,10000,10000
E01000733,Bromley 023E,Bromley,Outer London,34,0,10000,10000,10000
E01000734,Bromley 028B,Bromley,Outer London,31,0,10000,10000,10000
E01000735,Bromley 014C,Bromley,Outer London,52,0,10000,10000,10000
E01000736,Bromley 010C,Bromley,Outer London,40,0,10000,10000,10000
E01000737,Bromley 010D,Bromley,Outer London,36,0,10000,10000,10000
E01000738,Bromley 014D,Bromley,Outer London,49,0,10000,10000,10000
E01000739,Bromley 014E,Bromley,Outer London,22,0,10000,10000,10000
E01000741,Bromley 005B,Bromley,Outer London,16,0,10000,10000,10000
E01000742,Bromley 005C,Bromley,Outer London,26,0,10000,10000,10000
E01000743,Bromley 009A,Bromley,Outer London,33,0,10000,10000,10000
E01000744,Bromley 009B,Bromley,Outer London,20,0,10000,10000,10000
E01000745,Bromley 005D,Bromley,Outer London,46,0,10000,10000,10000
E01000746,Bromley 005E,Bromley,Outer London,18,0,10000,10000,10000
E01000747,Bromley 042B,Bromley,Outer London,990,0,10000,10000,10000
E01000748,Bromley 042C,Bromley,Outer London,993,0,10000,10000,10000
E01000749,Bromley 036A,Bromley,Outer London,919,0,10000,10000,10000
E01000750,Bromley 036B,Bromley,Outer London,32,0,10000,10000,10000
E01000751,Bromley 036C,Bromley,Outer London,184,0,10000,10000,10000
E01000752,Bromley 036D,Bromley,Outer London,139,0,10000,10000,10000
E01000753,Bromley 031A,Bromley,Outer London,87,0,10000,10000,10000
E01000754,Bromley 031B,Bromley,Outer London,39,0,10000,10000,10000
E01000755,Bromley 031C,Bromley,Outer London,34,0,10000,10000,10000
E01000756,Bromley 033D,Bromley,Outer London,102,0,10000,10000,10000
E01000757,Bromley 031D,Bromley,Outer London,51,0,10000,10000,10000
E01000758,Bromley 031E,Bromley,Outer London,32,0,10000,10000,10000
E01000759,Bromley 034A,Bromley,Outer London,456,0,10000,10000,10000
E01000760,Bromley 034B,Bromley,Outer London,48,0,10000,10000,10000
E01000761,Bromley 034C,Bromley,Outer London,61,0,10000,10000,10000
E01000762,Bromley 018D,Bromley,Outer London,32,0,10000,10000,10000
E01000763,Bromley 027A,Bromley,Outer London,82,0,10000,10000,10000
E01000764,Bromley 027B,Bromley,Outer London,47,0,10000,10000,10000
E01000765,Bromley 034D,Bromley,Outer London,239,0,10000,10000,10000
E01000766,Bromley 027C,Bromley,Outer London,40,0,10000,10000,10000
E01000767,Bromley 027D,Bromley,Outer London,31,0,10000,10000,10000
E01000768,Bromley 034E,Bromley,Outer London,46,0,10000,10000,10000
E01000769,Bromley 024A,Bromley,Outer London,120,0,10000,10000,10000
E01000770,Bromley 012D,Bromley,Outer London,63,0,10000,10000,10000
E01000771,Bromley 041C,Bromley,Outer London,38,0,10000,10000,10000
E01000772,Bromley 012E,Bromley,Outer London,36,0,10000,10000,10000
E01000773,Bromley 024B,Bromley,Outer London,32,0,10000,10000,10000
E01000774,Bromley 041D,Bromley,Outer London,37,0,10000,10000,10000
E01000775,Bromley 024C,Bromley,Outer London,112,0,10000,10000,10000
E01000777,Bromley 024D,Bromley,Outer London,25,0,10000,10000,10000
E01000778,Bromley 024E,Bromley,Outer London,20,0,10000,10000,10000
E01000779,Bromley 001A,Bromley,Outer London,114,0,10000,10000,10000
E01000780,Bromley 001B,Bromley,Outer London,20,0,10000,10000,10000
E01000781,Bromley 001C,Bromley,Outer London,16,0,10000,10000,10000
E01000782,Bromley 001D,Bromley,Outer London,29,0,10000,10000,10000
E01000783,Bromley 001E,Bromley,Outer London,19,0,10000,10000,10000
E01000784,Bromley 002E,Bromley,Outer London,21,0,10000,10000,10000
E01000785,Bromley 001F,Bromley,Outer London,22,0,10000,10000,10000
E01000786,Bromley 032A,Bromley,Outer London,96,0,10000,10000,10000
E01000787,Bromley 029C,Bromley,Outer London,37,0,10000,10000,10000
E01000788,Bromley 029D,Bromley,Outer London,34,0,10000,10000,10000
E01000789,Bromley 032B,Bromley,Outer London,15,0,10000,10000,10000
E01000790,Bromley 028C,Bromley,Outer London,52,0,10000,10000,10000
E01000791,Bromley 029E,Bromley,Outer London,42,0,10000,10000,10000
E01000792,Bromley 032C,Bromley,Outer London,33,0,10000,10000,10000
E01000793,Bromley 032D,Bromley,Outer London,47,0,10000,10000,10000
E01000794,Bromley 035E,Bromley,Outer London,42,0,10000,10000,10000
E01000795,Bromley 032E,Bromley,Outer London,31,0,10000,10000,10000
E01000796,Bromley 009C,Bromley,Outer London,11,0,10000,10000,10000
E01000797,Bromley 013E,Bromley,Outer London,67,0,10000,10000,10000
E01000798,Bromley 009D,Bromley,Outer London,12,0,10000,10000,10000
E01000799,Bromley 004A,Bromley,Outer London,23,0,10000,10000,10000
E01000800,Bromley 009E,Bromley,Outer London,23,0,10000,10000,10000
E01000801,Bromley 015E,Bromley,Outer London,19,0,10000,10000,10000
E01000802,Bromley 004B,Bromley,Outer London,18,0,10000,10000,10000
E01000803,Bromley 004C,Bromley,Outer London,26,0,10000,10000,10000
E01000804,Bromley 004D,Bromley,Outer London,65,0,10000,10000,10000
E01000805,Bromley 004E,Bromley,Outer London,17,0,10000,10000,10000
E01000806,Bromley 009F,Bromley,Outer London,17,0,10000,10000,10000
E01000807,Bromley 022C,Bromley,Outer London,82,0,10000,10000,10000
E01000808,Bromley 025A,Bromley,Outer London,35,0,10000,10000,10000
E01000809,Bromley 022D,Bromley,Outer London,53,0,10000,10000,10000
E01000810,Bromley 025B,Bromley,Outer London,38,0,10000,10000,10000
E01000811,Bromley 025C,Bromley,Outer London,30,0,10000,10000,10000
E01000812,Bromley 028D,Bromley,Outer London,36,0,10000,10000,10000
E01000813,Bromley 025D,Bromley,Outer London,60,0,10000,10000,10000
E01000814,Bromley 028E,Bromley,Outer London,47,0,10000,10000,10000
E01000815,Bromley 025E,Bromley,Outer London,50,0,10000,10000,10000
E01000816,Bromley 040A,Bromley,Outer London,32,0,10000,10000,10000
E01000818,Bromley 040B,Bromley,Outer London,128,0,10000,10000,10000
E01000819,Bromley 040C,Bromley,Outer London,37,0,10000,10000,10000
E01000820,Bromley 008C,Bromley,Outer London,59,0,10000,10000,10000
E01000822,Bromley 008D,Bromley,Outer London,21,0,10000,10000,10000
E01000823,Bromley 008E,Bromley,Outer London,25,0,10000,10000,10000
E01000824,Bromley 008F,Bromley,Outer London,17,0,10000,10000,10000
E01000825,Bromley 008G,Bromley,Outer London,19,0,10000,10000,10000
E01000826,Bromley 021A,Bromley,Outer London,50,0,10000,10000,10000
E01000827,Bromley 021B,Bromley,Outer London,38,0,10000,10000,10000
E01000828,Bromley 011E,Bromley,Outer London,34,0,10000,10000,10000
E01000829,Bromley 018E,Bromley,Outer London,22,0,10000,10000,10000
E01000830,Bromley 021C,Bromley,Outer London,61,0,10000,10000,10000
E01000831,Bromley 021D,Bromley,Outer London,44,0,10000,10000,10000
E01000832,Bromley 030A,Bromley,Outer London,87,0,10000,10000,10000
E01000833,Bromley 021E,Bromley,Outer London,36,0,10000,10000,10000
E01000834,Bromley 027E,Bromley,Outer London,21,0,10000,10000,10000
E01000835,Bromley 030B,Bromley,Outer London,35,0,10000,10000,10000
E01000836,Bromley 030C,Bromley,Outer London,20,0,10000,10000,10000
E01000837,Bromley 030D,Bromley,Outer London,44,0,10000,10000,10000
E01000838,Bromley 030E,Bromley,Outer London,55,0,10000,10000,10000
E01000839,Bromley 030F,Bromley,Outer London,27,0,10000,10000,10000
E01000840,Bromley 030G,Bromley,Outer London,83,0,10000,10000,10000
E01000841,Bromley 030H,Bromley,Outer London,32,0,10000,10000,10000
E01000842,Camden 011A,Camden,Inner London,8,0,10000,10000,10000
E01000843,Camden 014A,Camden,Inner London,9,0,10000,10000,10000
E01000844,Camden 011B,Camden,Inner London,11,0,10000,10000,10000
E01000845,Camden 014B,Camden,Inner London,12,0,10000,10000,10000
E01000846,Camden 014C,Camden,Inner London,8,0,10000,10000,10000
E01000847,Camden 014D,Camden,Inner London,11,0,10000,10000,10000
E01000848,Camden 011C,Camden,Inner London,14,0,10000,10000,10000
E01000849,Camden 011D,Camden,Inner London,7,0,10000,10000,10000
E01000850,Camden 026A,Camden,Inner London,20,0,10000,10000,10000
E01000851,Camden 026B,Camden,Inner London,14,0,10000,10000,10000
E01000853,Camden 029H,Camden,Inner London,6,0,10000,10000,10000
E01000855,Camden 028A,Camden,Inner London,33,0,10000,10000,10000
E01000856,Camden 019A,Camden,Inner London,13,0,10000,10000,10000
E01000857,Camden 018A,Camden,Inner London,8,0,10000,10000,10000
E01000858,Camden 018B,Camden,Inner London,21,0,10000,10000,10000
E01000859,Camden 018C,Camden,Inner London,8,0,10000,10000,10000
E01000860,Camden 018D,Camden,Inner London,23,0,10000,10000,10000
E01000861,Camden 019B,Camden,Inner London,12,0,10000,10000,10000
E01000862,Camden 018E,Camden,Inner London,16,0,10000,10000,10000
E01000863,Camden 021A,Camden,Inner London,17,0,10000,10000,10000
E01000866,Camden 009A,Camden,Inner London,15,0,10000,10000,10000
E01000867,Camden 015C,Camden,Inner London,7,0,10000,10000,10000
E01000868,Camden 015D,Camden,Inner London,8,0,10000,10000,10000
E01000869,Camden 015E,Camden,Inner London,12,0,10000,10000,10000
E01000870,Camden 009B,Camden,Inner London,12,0,10000,10000,10000
E01000871,Camden 005A,Camden,Inner London,29,0,10000,10000,10000
E01000872,Camden 005B,Camden,Inner London,16,0,10000,10000,10000
E01000873,Camden 005C,Camden,Inner London,13,0,10000,10000,10000
E01000874,Camden 005D,Camden,Inner London,7,0,10000,10000,10000
E01000875,Camden 013A,Camden,Inner London,10,0,10000,10000,10000
E01000876,Camden 013B,Camden,Inner London,13,0,10000,10000,10000
E01000877,Camden 005E,Camden,Inner London,13,0,10000,10000,10000
E01000878,Camden 004A,Camden,Inner London,17,0,10000,10000,10000
E01000879,Camden 004B,Camden,Inner London,18,0,10000,10000,10000
E01000880,Camden 004C,Camden,Inner London,19,0,10000,10000,10000
E01000881,Camden 008A,Camden,Inner London,16,0,10000,10000,10000
E01000882,Camden 008B,Camden,Inner London,11,0,10000,10000,10000
E01000883,Camden 008C,Camden,Inner London,15,0,10000,10000,10000
E01000884,Camden 004D,Camden,Inner London,24,0,10000,10000,10000
E01000885,Camden 004E,Camden,Inner London,32,0,10000,10000,10000
E01000886,Camden 006A,Camden,Inner London,9,0,10000,10000,10000
E01000887,Camden 006B,Camden,Inner London,11,0,10000,10000,10000
E01000888,Camden 006C,Camden,Inner London,9,0,10000,10000,10000
E01000889,Camden 007A,Camden,Inner London,14,0,10000,10000,10000
E01000890,Camden 007B,Camden,Inner London,7,0,10000,10000,10000
E01000891,Camden 007C,Camden,Inner London,7,0,10000,10000,10000
E01000892,Camden 006D,Camden,Inner London,13,0,10000,10000,10000
E01000893,Camden 002A,Camden,Inner London,54,0,10000,10000,10000
E01000894,Camden 002B,Camden,Inner London,24,0,10000,10000,10000
E01000895,Camden 002C,Camden,Inner London,8,0,10000,10000,10000
E01000896,Camden 002D,Camden,Inner London,14,0,10000,10000,10000
E01000897,Camden 008D,Camden,Inner London,20,0,10000,10000,10000
E01000898,Camden 008E,Camden,Inner London,15,0,10000,10000,10000
E01000899,Camden 002E,Camden,Inner London,109,0,10000,10000,10000
E01000900,Camden 012A,Camden,Inner London,10,0,10000,10000,10000
E01000901,Camden 007D,Camden,Inner London,11,0,10000,10000,10000
E01000902,Camden 012B,Camden,Inner London,7,0,10000,10000,10000
E01000903,Camden 006E,Camden,Inner London,12,0,10000,10000,10000
E01000904,Camden 012C,Camden,Inner London,12,0,10000,10000,10000
E01000905,Camden 012D,Camden,Inner London,8,0,10000,10000,10000
E01000906,Camden 012E,Camden,Inner London,15,0,10000,10000,10000
E01000907,Camden 001A,Camden,Inner London,11,0,10000,10000,10000
E01000908,Camden 001B,Camden,Inner London,17,0,10000,10000,10000
E01000909,Camden 001C,Camden,Inner London,23,0,10000,10000,10000
E01000910,Camden 003A,Camden,Inner London,14,0,10000,10000,10000
E01000911,Camden 003B,Camden,Inner London,10,0,10000,10000,10000
E01000912,Camden 001D,Camden,Inner London,89,0,10000,10000,10000
E01000913,Camden 001E,Camden,Inner London,158,0,10000,10000,10000
E01000914,Camden 028B,Camden,Inner London,44,0,10000,10000,10000
E01000915,Camden 027A,Camden,Inner London,6,0,10000,10000,10000
E01000916,Camden 027B,Camden,Inner London,14,0,10000,10000,10000
E01000917,Camden 027C,Camden,Inner London,9,0,10000,10000,10000
E01000918,Camden 028C,Camden,Inner London,15,0,10000,10000,10000
E01000919,Camden 028D,Camden,Inner London,15,0,10000,10000,10000
E01000920,Camden 027D,Camden,Inner London,15,0,10000,10000,10000
E01000921,Camden 003C,Camden,Inner London,12,0,10000,10000,10000
E01000922,Camden 007E,Camden,Inner London,19,0,10000,10000,10000
E01000923,Camden 003D,Camden,Inner London,9,0,10000,10000,10000
E01000924,Camden 009C,Camden,Inner London,13,0,10000,10000,10000
E01000925,Camden 009D,Camden,Inner London,6,0,10000,10000,10000
E01000926,Camden 009E,Camden,Inner London,8,0,10000,10000,10000
E01000927,Camden 007F,Camden,Inner London,10,0,10000,10000,10000
E01000928,Camden 003E,Camden,Inner London,26,0,10000,10000,10000
E01000929,Camden 020A,Camden,Inner London,12,0,10000,10000,10000
E01000930,Camden 020B,Camden,Inner London,12,0,10000,10000,10000
E01000931,Camden 013C,Camden,Inner London,15,0,10000,10000,10000
E01000932,Camden 013D,Camden,Inner London,7,0,10000,10000,10000
E01000933,Camden 020C,Camden,Inner London,12,0,10000,10000,10000
E01000934,Camden 020D,Camden,Inner London,9,0,10000,10000,10000
E01000935,Camden 020E,Camden,Inner London,6,0,10000,10000,10000
E01000937,Camden 029G,Camden,Inner London,11,0,10000,10000,10000
E01000938,Camden 029A,Camden,Inner London,7,0,10000,10000,10000
E01000939,Camden 029B,Camden,Inner London,7,0,10000,10000,10000
E01000941,Camden 029D,Camden,Inner London,6,0,10000,10000,10000
E01000942,Camden 029C,Camden,Inner London,7,0,10000,10000,10000
E01000943,Camden 029F,Camden,Inner London,7,0,10000,10000,10000
E01000944,Camden 023A,Camden,Inner London,6,0,10000,10000,10000
E01000946,Camden 021B,Camden,Inner London,46,0,10000,10000,10000
E01000947,Camden 021C,Camden,Inner London,15,0,10000,10000,10000
E01000948,Camden 021D,Camden,Inner London,20,0,10000,10000,10000
E01000949,Camden 023C,Camden,Inner London,7,0,10000,10000,10000
E01000951,Camden 023E,Camden,Inner London,6,0,10000,10000,10000
E01000952,Camden 022A,Camden,Inner London,9,0,10000,10000,10000
E01000954,Camden 022C,Camden,Inner London,5,0,10000,10000,10000
E01000955,Camden 022D,Camden,Inner London,7,0,10000,10000,10000
E01000956,Camden 022E,Camden,Inner London,15,0,10000,10000,10000
E01000957,Camden 019C,Camden,Inner London,13,0,10000,10000,10000
E01000958,Camden 019D,Camden,Inner London,22,0,10000,10000,10000
E01000959,Camden 019E,Camden,Inner London,7,0,10000,10000,10000
E01000960,Camden 017A,Camden,Inner London,12,0,10000,10000,10000
E01000961,Camden 017B,Camden,Inner London,12,0,10000,10000,10000
E01000962,Camden 016A,Camden,Inner London,10,0,10000,10000,10000
E01000963,Camden 017C,Camden,Inner London,19,0,10000,10000,10000
E01000964,Camden 016B,Camden,Inner London,12,0,10000,10000,10000
E01000965,Camden 016C,Camden,Inner London,11,0,10000,10000,10000
E01000966,Camden 016D,Camden,Inner London,12,0,10000,10000,10000
E01000967,Camden 017D,Camden,Inner London,35,0,10000,10000,10000
E01000968,Camden 016E,Camden,Inner London,8,0,10000,10000,10000
E01000969,Camden 010A,Camden,Inner London,17,0,10000,10000,10000
E01000970,Camden 010B,Camden,Inner London,7,0,10000,10000,10000
E01000971,Camden 010C,Camden,Inner London,8,0,10000,10000,10000
E01000972,Camden 010D,Camden,Inner London,14,0,10000,10000,10000
E01000973,Camden 010E,Camden,Inner London,23,0,10000,10000,10000
E01000974,Camden 013E,Camden,Inner London,11,0,10000,10000,10000
E01000975,Croydon 022A,Croydon,Outer London,19,0,10000,10000,10000
E01000976,Croydon 022B,Croydon,Outer London,18,0,10000,10000,10000
E01000977,Croydon 022C,Croydon,Outer London,14,0,10000,10000,10000
E01000978,Croydon 022D,Croydon,Outer London,16,0,10000,10000,10000
E01000979,Croydon 022E,Croydon,Outer London,12,0,10000,10000,10000
E01000980,Croydon 017A,Croydon,Outer London,16,0,10000,10000,10000
E01000981,Croydon 017B,Croydon,Outer London,17,0,10000,10000,10000
E01000982,Croydon 017C,Croydon,Outer London,13,0,10000,10000,10000
E01000983,Croydon 017D,Croydon,Outer London,16,0,10000,10000,10000
E01000984,Croydon 022F,Croydon,Outer London,17,0,10000,10000,10000
E01000985,Croydon 021A,Croydon,Outer London,39,0,10000,10000,10000
E01000986,Croydon 021B,Croydon,Outer London,34,0,10000,10000,10000
E01000987,Croydon 021C,Croydon,Outer London,17,0,10000,10000,10000
E01000989,Croydon 018A,Croydon,Outer London,27,0,10000,10000,10000
E01000990,Croydon 045A,Croydon,Outer London,18,0,10000,10000,10000
E01000991,Croydon 018B,Croydon,Outer London,43,0,10000,10000,10000
E01000992,Croydon 014A,Croydon,Outer London,50,0,10000,10000,10000
E01000993,Croydon 021D,Croydon,Outer London,16,0,10000,10000,10000
E01000994,Croydon 009A,Croydon,Outer London,19,0,10000,10000,10000
E01000995,Croydon 009B,Croydon,Outer London,14,0,10000,10000,10000
E01000996,Croydon 009C,Croydon,Outer London,9,0,10000,10000,10000
E01000997,Croydon 009D,Croydon,Outer London,13,0,10000,10000,10000
E01000998,Croydon 010A,Croydon,Outer London,12,0,10000,10000,10000
E01000999,Croydon 009E,Croydon,Outer London,8,0,10000,10000,10000
E01001000,Croydon 010B,Croydon,Outer London,13,0,10000,10000,10000
E01001001,Croydon 013A,Croydon,Outer London,14,0,10000,10000,10000
E01001002,Croydon 009F,Croydon,Outer London,11,0,10000,10000,10000
E01001003,Croydon 010C,Croydon,Outer London,14,0,10000,10000,10000
E01001004,Croydon 015A,Croydon,Outer London,14,0,10000,10000,10000
E01001005,Croydon 019A,Croydon,Outer London,8,0,10000,10000,10000
E01001006,Croydon 016A,Croydon,Outer London,31,0,10000,10000,10000
E01001007,Croydon 016B,Croydon,Outer London,15,0,10000,10000,10000
E01001008,Croydon 019B,Croydon,Outer London,21,0,10000,10000,10000
E01001009,Croydon 019C,Croydon,Outer London,11,0,10000,10000,10000
E01001010,Croydon 019D,Croydon,Outer London,68,0,10000,10000,10000
E01001011,Croydon 019E,Croydon,Outer London,14,0,10000,10000,10000
E01001012,Croydon 020A,Croydon,Outer London,14,0,10000,10000,10000
E01001013,Croydon 020B,Croydon,Outer London,18,0,10000,10000,10000
E01001015,Croydon 041A,Croydon,Outer London,42,0,10000,10000,10000
E01001016,Croydon 041B,Croydon,Outer London,101,0,10000,10000,10000
E01001017,Croydon 043A,Croydon,Outer London,132,0,10000,10000,10000
E01001018,Croydon 044A,Croydon,Outer London,96,0,10000,10000,10000
E01001019,Croydon 044B,Croydon,Outer London,62,0,10000,10000,10000
E01001020,Croydon 044C,Croydon,Outer London,35,0,10000,10000,10000
E01001021,Croydon 044D,Croydon,Outer London,209,0,10000,10000,10000
E01001022,Croydon 044E,Croydon,Outer London,99,0,10000,10000,10000
E01001023,Croydon 041C,Croydon,Outer London,56,0,10000,10000,10000
E01001024,Croydon 043B,Croydon,Outer London,30,0,10000,10000,10000
E01001025,Croydon 043C,Croydon,Outer London,22,0,10000,10000,10000
E01001026,Croydon 043D,Croydon,Outer London,29,0,10000,10000,10000
E01001027,Croydon 043E,Croydon,Outer London,145,0,10000,10000,10000
E01001028,Croydon 038A,Croydon,Outer London,86,0,10000,10000,10000
E01001029,Croydon 038B,Croydon,Outer London,51,0,10000,10000,10000
E01001030,Croydon 038C,Croydon,Outer London,41,0,10000,10000,10000
E01001031,Croydon 038D,Croydon,Outer London,39,0,10000,10000,10000
E01001032,Croydon 035A,Croydon,Outer London,66,0,10000,10000,10000
E01001033,Croydon 031A,Croydon,Outer London,29,0,10000,10000,10000
E01001034,Croydon 031B,Croydon,Outer London,31,0,10000,10000,10000
E01001035,Croydon 047C,Croydon,Outer London,22,0,10000,10000,10000
E01001036,Croydon 029A,Croydon,Outer London,83,0,10000,10000,10000
E01001037,Croydon 029B,Croydon,Outer London,16,0,10000,10000,10000
E01001038,Croydon 029C,Croydon,Outer London,19,0,10000,10000,10000
E01001039,Croydon 029D,Croydon,Outer London,48,0,10000,10000,10000
E01001040,Croydon 029E,Croydon,Outer London,19,0,10000,10000,10000
E01001041,Croydon 031C,Croydon,Outer London,19,0,10000,10000,10000
E01001042,Croydon 024B,Croydon,Outer London,21,0,10000,10000,10000
E01001044,Croydon 023A,Croydon,Outer London,43,0,10000,10000,10000
E01001046,Croydon 023B,Croydon,Outer London,20,0,10000,10000,10000
E01001047,Croydon 047A,Croydon,Outer London,21,0,10000,10000,10000
E01001049,Croydon 023C,Croydon,Outer London,137,0,10000,10000,10000
E01001050,Croydon 023D,Croydon,Outer London,17,0,10000,10000,10000
E01001051,Croydon 030A,Croydon,Outer London,23,0,10000,10000,10000
E01001052,Croydon 030B,Croydon,Outer London,16,0,10000,10000,10000
E01001053,Croydon 032A,Croydon,Outer London,24,0,10000,10000,10000
E01001054,Croydon 030C,Croydon,Outer London,25,0,10000,10000,10000
E01001055,Croydon 032B,Croydon,Outer London,31,0,10000,10000,10000
E01001056,Croydon 030D,Croydon,Outer London,15,0,10000,10000,10000
E01001057,Croydon 030E,Croydon,Outer London,13,0,10000,10000,10000
E01001058,Croydon 034A,Croydon,Outer London,19,0,10000,10000,10000
E01001059,Croydon 034B,Croydon,Outer London,19,0,10000,10000,10000
E01001060,Croydon 034C,Croydon,Outer London,155,0,10000,10000,10000
E01001061,Croydon 034D,Croydon,Outer London,43,0,10000,10000,10000
E01001062,Croydon 026A,Croydon,Outer London,125,0,10000,10000,10000
E01001063,Croydon 026B,Croydon,Outer London,29,0,10000,10000,10000
E01001064,Croydon 026C,Croydon,Outer London,350,0,10000,10000,10000
E01001065,Croydon 034E,Croydon,Outer London,120,0,10000,10000,10000
E01001066,Croydon 034F,Croydon,Outer London,18,0,10000,10000,10000
E01001067,Croydon 041D,Croydon,Outer London,70,0,10000,10000,10000
E01001068,Croydon 042A,Croydon,Outer London,76,0,10000,10000,10000
E01001069,Croydon 040A,Croydon,Outer London,41,0,10000,10000,10000
E01001070,Croydon 040B,Croydon,Outer London,56,0,10000,10000,10000
E01001071,Croydon 042B,Croydon,Outer London,74,0,10000,10000,10000
E01001072,Croydon 042C,Croydon,Outer London,213,0,10000,10000,10000
E01001073,Croydon 037A,Croydon,Outer London,32,0,10000,10000,10000
E01001074,Croydon 041E,Croydon,Outer London,40,0,10000,10000,10000
E01001075,Croydon 040C,Croydon,Outer London,43,0,10000,10000,10000
E01001076,Croydon 036A,Croydon,Outer London,34,0,10000,10000,10000
E01001077,Croydon 032C,Croydon,Outer London,17,0,10000,10000,10000
E01001078,Croydon 032D,Croydon,Outer London,37,0,10000,10000,10000
E01001079,Croydon 036B,Croydon,Outer London,31,0,10000,10000,10000
E01001080,Croydon 036C,Croydon,Outer London,22,0,10000,10000,10000
E01001081,Croydon 036D,Croydon,Outer London,45,0,10000,10000,10000
E01001082,Croydon 032E,Croydon,Outer London,54,0,10000,10000,10000
E01001083,Croydon 003A,Croydon,Outer London,32,0,10000,10000,10000
E01001084,Croydon 002A,Croydon,Outer London,61,0,10000,10000,10000
E01001085,Croydon 004A,Croydon,Outer London,17,0,10000,10000,10000
E01001086,Croydon 003B,Croydon,Outer London,23,0,10000,10000,10000
E01001087,Croydon 003C,Croydon,Outer London,34,0,10000,10000,10000
E01001088,Croydon 004B,Croydon,Outer London,14,0,10000,10000,10000
E01001089,Croydon 004C,Croydon,Outer London,18,0,10000,10000,10000
E01001090,Croydon 004D,Croydon,Outer London,18,0,10000,10000,10000
E01001091,Croydon 004E,Croydon,Outer London,32,0,10000,10000,10000
E01001092,Croydon 037B,Croydon,Outer London,55,0,10000,10000,10000
E01001093,Croydon 037C,Croydon,Outer London,43,0,10000,10000,10000
E01001094,Croydon 038E,Croydon,Outer London,118,0,10000,10000,10000
E01001095,Croydon 031D,Croydon,Outer London,23,0,10000,10000,10000
E01001096,Croydon 037D,Croydon,Outer London,39,0,10000,10000,10000
E01001097,Croydon 037E,Croydon,Outer London,42,0,10000,10000,10000
E01001098,Croydon 037F,Croydon,Outer London,52,0,10000,10000,10000
E01001099,Croydon 040D,Croydon,Outer London,21,0,10000,10000,10000
E01001100,Croydon 031E,Croydon,Outer London,24,0,10000,10000,10000
E01001101,Croydon 035B,Croydon,Outer London,59,0,10000,10000,10000
E01001102,Croydon 035C,Croydon,Outer London,62,0,10000,10000,10000
E01001103,Croydon 039A,Croydon,Outer London,73,0,10000,10000,10000
E01001104,Croydon 042D,Croydon,Outer London,169,0,10000,10000,10000
E01001105,Croydon 039B,Croydon,Outer London,98,0,10000,10000,10000
E01001106,Croydon 039C,Croydon,Outer London,41,0,10000,10000,10000
E01001107,Croydon 035D,Croydon,Outer London,75,0,10000,10000,10000
E01001108,Croydon 035E,Croydon,Outer London,54,0,10000,10000,10000
E01001109,Croydon 013B,Croydon,Outer London,48,0,10000,10000,10000
E01001110,Croydon 020D,Croydon,Outer London,15,0,10000,10000,10000
E01001111,Croydon 010D,Croydon,Outer London,20,0,10000,10000,10000
E01001112,Croydon 013C,Croydon,Outer London,35,0,10000,10000,10000
E01001113,Croydon 013D,Croydon,Outer London,19,0,10000,10000,10000
E01001114,Croydon 013E,Croydon,Outer London,18,0,10000,10000,10000
E01001115,Croydon 015B,Croydon,Outer London,25,0,10000,10000,10000
E01001116,Croydon 013F,Croydon,Outer London,14,0,10000,10000,10000
E01001118,Croydon 020E,Croydon,Outer London,18,0,10000,10000,10000
E01001119,Croydon 034G,Croydon,Outer London,71,0,10000,10000,10000
E01001120,Croydon 033A,Croydon,Outer London,30,0,10000,10000,10000
E01001121,Croydon 039D,Croydon,Outer London,216,0,10000,10000,10000
E01001122,Croydon 033B,Croydon,Outer London,125,0,10000,10000,10000
E01001123,Croydon 033C,Croydon,Outer London,76,0,10000,10000,10000
E01001124,Croydon 033D,Croydon,Outer London,58,0,10000,10000,10000
E01001125,Croydon 033E,Croydon,Outer London,40,0,10000,10000,10000
E01001126,Croydon 034H,Croydon,Outer London,22,0,10000,10000,10000
E01001127,Croydon 025A,Croydon,Outer London,33,0,10000,10000,10000
E01001128,Croydon 025B,Croydon,Outer London,20,0,10000,10000,10000
E01001129,Croydon 026D,Croydon,Outer London,29,0,10000,10000,10000
E01001130,Croydon 025C,Croydon,Outer London,13,0,10000,10000,10000
E01001131,Croydon 018C,Croydon,Outer London,14,0,10000,10000,10000
E01001132,Croydon 018D,Croydon,Outer London,43,0,10000,10000,10000
E01001133,Croydon 026E,Croydon,Outer London,42,0,10000,10000,10000
E01001134,Croydon 018E,Croydon,Outer London,39,0,10000,10000,10000
E01001135,Croydon 025D,Croydon,Outer London,48,0,10000,10000,10000
E01001136,Croydon 007A,Croydon,Outer London,28,0,10000,10000,10000
E01001137,Croydon 001A,Croydon,Outer London,39,0,10000,10000,10000
E01001138,Croydon 001B,Croydon,Outer London,23,0,10000,10000,10000
E01001139,Croydon 007B,Croydon,Outer London,19,0,10000,10000,10000
E01001140,Croydon 007C,Croydon,Outer London,36,0,10000,10000,10000
E01001141,Croydon 008A,Croydon,Outer London,14,0,10000,10000,10000
E01001142,Croydon 007D,Croydon,Outer London,33,0,10000,10000,10000
E01001143,Croydon 008B,Croydon,Outer London,24,0,10000,10000,10000
E01001144,Croydon 007E,Croydon,Outer London,13,0,10000,10000,10000
E01001145,Croydon 008C,Croydon,Outer London,11,0,10000,10000,10000
E01001146,Croydon 006A,Croydon,Outer London,13,0,10000,10000,10000
E01001147,Croydon 005A,Croydon,Outer London,22,0,10000,10000,10000
E01001148,Croydon 005B,Croydon,Outer London,12,0,10000,10000,10000
E01001149,Croydon 006B,Croydon,Outer London,14,0,10000,10000,10000
E01001150,Croydon 006C,Croydon,Outer London,28,0,10000,10000,10000
E01001151,Croydon 005C,Croydon,Outer London,17,0,10000,10000,10000
E01001152,Croydon 005D,Croydon,Outer London,18,0,10000,10000,10000
E01001153,Croydon 006D,Croydon,Outer London,13,0,10000,10000,10000
E01001154,Croydon 006E,Croydon,Outer London,18,0,10000,10000,10000
E01001155,Croydon 010E,Croydon,Outer London,14,0,10000,10000,10000
E01001156,Croydon 001C,Croydon,Outer London,27,0,10000,10000,10000
E01001157,Croydon 002B,Croydon,Outer London,29,0,10000,10000,10000
E01001158,Croydon 005E,Croydon,Outer London,22,0,10000,10000,10000
E01001159,Croydon 002C,Croydon,Outer London,39,0,10000,10000,10000
E01001160,Croydon 002D,Croydon,Outer London,35,0,10000,10000,10000
E01001161,Croydon 003D,Croydon,Outer London,33,0,10000,10000,10000
E01001162,Croydon 001D,Croydon,Outer London,33,0,10000,10000,10000
E01001163,Croydon 002E,Croydon,Outer London,28,0,10000,10000,10000
E01001164,Croydon 001E,Croydon,Outer London,17,0,10000,10000,10000
E01001165,Croydon 024C,Croydon,Outer London,17,0,10000,10000,10000
E01001166,Croydon 024D,Croydon,Outer London,18,0,10000,10000,10000
E01001167,Croydon 028A,Croydon,Outer London,62,0,10000,10000,10000
E01001168,Croydon 024E,Croydon,Outer London,20,0,10000,10000,10000
E01001169,Croydon 028B,Croydon,Outer London,23,0,10000,10000,10000
E01001170,Croydon 047D,Croydon,Outer London,27,0,10000,10000,10000
E01001171,Croydon 028C,Croydon,Outer London,28,0,10000,10000,10000
E01001172,Croydon 028D,Croydon,Outer London,69,0,10000,10000,10000
E01001173,Croydon 028E,Croydon,Outer London,106,0,10000,10000,10000
E01001174,Croydon 011A,Croydon,Outer London,25,0,10000,10000,10000
E01001175,Croydon 011B,Croydon,Outer London,17,0,10000,10000,10000
E01001176,Croydon 011C,Croydon,Outer London,25,0,10000,10000,10000
E01001177,Croydon 016C,Croydon,Outer London,28,0,10000,10000,10000
E01001178,Croydon 015D,Croydon,Outer London,17,0,10000,10000,10000
E01001179,Croydon 016D,Croydon,Outer London,11,0,10000,10000,10000
E01001180,Croydon 016E,Croydon,Outer London,16,0,10000,10000,10000
E01001181,Croydon 015E,Croydon,Outer London,15,0,10000,10000,10000
E01001182,Croydon 011D,Croydon,Outer London,13,0,10000,10000,10000
E01001183,Croydon 011E,Croydon,Outer London,15,0,10000,10000,10000
E01001184,Croydon 011F,Croydon,Outer London,16,0,10000,10000,10000
E01001185,Croydon 014B,Croydon,Outer London,21,0,10000,10000,10000
E01001186,Croydon 014C,Croydon,Outer London,18,0,10000,10000,10000
E01001187,Croydon 017E,Croydon,Outer London,15,0,10000,10000,10000
E01001188,Croydon 014D,Croydon,Outer London,18,0,10000,10000,10000
E01001189,Croydon 045B,Croydon,Outer London,10,0,10000,10000,10000
E01001190,Croydon 045C,Croydon,Outer London,28,0,10000,10000,10000
E01001191,Croydon 008D,Croydon,Outer London,17,0,10000,10000,10000
E01001192,Croydon 008E,Croydon,Outer London,17,0,10000,10000,10000
E01001193,Croydon 014E,Croydon,Outer London,19,0,10000,10000,10000
E01001194,Croydon 045D,Croydon,Outer London,54,0,10000,10000,10000
E01001195,Ealing 021A,Ealing,Outer London,39,0,10000,10000,10000
E01001196,Ealing 015A,Ealing,Outer London,27,0,10000,10000,10000
E01001197,Ealing 021B,Ealing,Outer London,39,0,10000,10000,10000
E01001198,Ealing 021C,Ealing,Outer London,9,0,10000,10000,10000
E01001199,Ealing 021D,Ealing,Outer London,11,0,10000,10000,10000
E01001200,Ealing 025A,Ealing,Outer London,13,0,10000,10000,10000
E01001201,Ealing 025B,Ealing,Outer London,14,0,10000,10000,10000
E01001202,Ealing 025C,Ealing,Outer London,19,0,10000,10000,10000
E01001203,Ealing 025D,Ealing,Outer London,9,0,10000,10000,10000
E01001204,Ealing 018A,Ealing,Outer London,16,0,10000,10000,10000
E01001205,Ealing 018B,Ealing,Outer London,25,0,10000,10000,10000
E01001206,Ealing 018C,Ealing,Outer London,15,0,10000,10000,10000
E01001207,Ealing 018D,Ealing,Outer London,16,0,10000,10000,10000
E01001208,Ealing 018E,Ealing,Outer London,54,0,10000,10000,10000
E01001209,Ealing 013A,Ealing,Outer London,29,0,10000,10000,10000
E01001210,Ealing 016A,Ealing,Outer London,22,0,10000,10000,10000
E01001211,Ealing 013B,Ealing,Outer London,20,0,10000,10000,10000
E01001212,Ealing 018F,Ealing,Outer London,28,0,10000,10000,10000
E01001213,Ealing 023A,Ealing,Outer London,17,0,10000,10000,10000
E01001214,Ealing 023B,Ealing,Outer London,20,0,10000,10000,10000
E01001215,Ealing 023C,Ealing,Outer London,17,0,10000,10000,10000
E01001216,Ealing 023D,Ealing,Outer London,17,0,10000,10000,10000
E01001217,Ealing 014A,Ealing,Outer London,21,0,10000,10000,10000
E01001218,Ealing 012A,Ealing,Outer London,27,0,10000,10000,10000
E01001219,Ealing 029A,Ealing,Outer London,16,0,10000,10000,10000
E01001220,Ealing 029B,Ealing,Outer London,93,0,10000,10000,10000
E01001223,Ealing 041B,Ealing,Outer London,23,0,10000,10000,10000
E01001224,Ealing 019B,Ealing,Outer London,23,0,10000,10000,10000
E01001225,Ealing 041A,Ealing,Outer London,26,0,10000,10000,10000
E01001226,Ealing 019C,Ealing,Outer London,22,0,10000,10000,10000
E01001227,Ealing 019D,Ealing,Outer London,16,0,10000,10000,10000
E01001228,Ealing 019E,Ealing,Outer London,28,0,10000,10000,10000
E01001229,Ealing 031A,Ealing,Outer London,20,0,10000,10000,10000
E01001230,Ealing 031B,Ealing,Outer London,20,0,10000,10000,10000
E01001231,Ealing 027A,Ealing,Outer London,40,0,10000,10000,10000
E01001232,Ealing 031C,Ealing,Outer London,21,0,10000,10000,10000
E01001233,Ealing 031D,Ealing,Outer London,18,0,10000,10000,10000
E01001234,Ealing 027B,Ealing,Outer London,29,0,10000,10000,10000
E01001235,Ealing 042D,Ealing,Outer London,28,0,10000,10000,10000
E01001236,Ealing 042C,Ealing,Outer London,15,0,10000,10000,10000
E01001237,Ealing 031E,Ealing,Outer London,24,0,10000,10000,10000
E01001239,Ealing 015C,Ealing,Outer London,41,0,10000,10000,10000
E01001240,Ealing 024A,Ealing,Outer London,20,0,10000,10000,10000
E01001241,Ealing 024B,Ealing,Outer London,32,0,10000,10000,10000
E01001242,Ealing 024C,Ealing,Outer London,22,0,10000,10000,10000
E01001243,Ealing 024D,Ealing,Outer London,22,0,10000,10000,10000
E01001244,Ealing 024E,Ealing,Outer London,24,0,10000,10000,10000
E01001245,Ealing 024F,Ealing,Outer London,10,0,10000,10000,10000
E01001246,Ealing 015D,Ealing,Outer London,104,0,10000,10000,10000
E01001247,Ealing 015E,Ealing,Outer London,115,0,10000,10000,10000
E01001248,Ealing 035A,Ealing,Outer London,68,0,10000,10000,10000
E01001249,Ealing 028A,Ealing,Outer London,14,0,10000,10000,10000
E01001250,Ealing 028B,Ealing,Outer London,25,0,10000,10000,10000
E01001251,Ealing 030A,Ealing,Outer London,19,0,10000,10000,10000
E01001252,Ealing 030B,Ealing,Outer London,20,0,10000,10000,10000
E01001253,Ealing 030C,Ealing,Outer London,15,0,10000,10000,10000
E01001254,Ealing 030D,Ealing,Outer London,21,0,10000,10000,10000
E01001255,Ealing 028C,Ealing,Outer London,17,0,10000,10000,10000
E01001257,Ealing 008A,Ealing,Outer London,16,0,10000,10000,10000
E01001258,Ealing 010B,Ealing,Outer London,23,0,10000,10000,10000
E01001259,Ealing 014B,Ealing,Outer London,24,0,10000,10000,10000
E01001260,Ealing 012B,Ealing,Outer London,28,0,10000,10000,10000
E01001261,Ealing 012C,Ealing,Outer London,43,0,10000,10000,10000
E01001262,Ealing 010C,Ealing,Outer London,26,0,10000,10000,10000
E01001263,Ealing 010D,Ealing,Outer London,35,0,10000,10000,10000
E01001264,Ealing 010E,Ealing,Outer London,30,0,10000,10000,10000
E01001265,Ealing 006A,Ealing,Outer London,49,0,10000,10000,10000
E01001266,Ealing 006B,Ealing,Outer London,75,0,10000,10000,10000
E01001267,Ealing 006C,Ealing,Outer London,39,0,10000,10000,10000
E01001268,Ealing 012D,Ealing,Outer London,29,0,10000,10000,10000
E01001269,Ealing 001A,Ealing,Outer London,29,0,10000,10000,10000
E01001270,Ealing 004A,Ealing,Outer London,28,0,10000,10000,10000
E01001271,Ealing 001B,Ealing,Outer London,37,0,10000,10000,10000
E01001272,Ealing 006D,Ealing,Outer London,54,0,10000,10000,10000
E01001273,Ealing 041C,Ealing,Outer London,39,0,10000,10000,10000
E01001274,Ealing 041E,Ealing,Outer London,27,0,10000,10000,10000
E01001275,Ealing 041D,Ealing,Outer London,36,0,10000,10000,10000
E01001276,Ealing 011A,Ealing,Outer London,33,0,10000,10000,10000
E01001277,Ealing 011B,Ealing,Outer London,54,0,10000,10000,10000
E01001278,Ealing 011C,Ealing,Outer London,46,0,10000,10000,10000
E01001279,Ealing 013C,Ealing,Outer London,26,0,10000,10000,10000
E01001280,Ealing 011D,Ealing,Outer London,38,0,10000,10000,10000
E01001281,Ealing 013D,Ealing,Outer London,29,0,10000,10000,10000
E01001282,Ealing 016B,Ealing,Outer London,15,0,10000,10000,10000
E01001283,Ealing 016C,Ealing,Outer London,28,0,10000,10000,10000
E01001284,Ealing 022A,Ealing,Outer London,48,0,10000,10000,10000
E01001285,Ealing 016D,Ealing,Outer London,20,0,10000,10000,10000
E01001286,Ealing 016E,Ealing,Outer London,20,0,10000,10000,10000
E01001287,Ealing 016F,Ealing,Outer London,10,0,10000,10000,10000
E01001288,Ealing 022B,Ealing,Outer London,18,0,10000,10000,10000
E01001289,Ealing 022C,Ealing,Outer London,13,0,10000,10000,10000
E01001290,Ealing 022D,Ealing,Outer London,50,0,10000,10000,10000
E01001291,Ealing 014C,Ealing,Outer London,19,0,10000,10000,10000
E01001292,Ealing 014D,Ealing,Outer London,17,0,10000,10000,10000
E01001293,Ealing 014E,Ealing,Outer London,15,0,10000,10000,10000
E01001294,Ealing 017A,Ealing,Outer London,28,0,10000,10000,10000
E01001295,Ealing 017B,Ealing,Outer London,15,0,10000,10000,10000
E01001296,Ealing 017C,Ealing,Outer London,16,0,10000,10000,10000
E01001297,Ealing 017D,Ealing,Outer London,25,0,10000,10000,10000
E01001298,Ealing 017E,Ealing,Outer London,17,0,10000,10000,10000
E01001299,Ealing 035B,Ealing,Outer London,21,0,10000,10000,10000
E01001300,Ealing 039A,Ealing,Outer London,15,0,10000,10000,10000
E01001301,Ealing 039B,Ealing,Outer London,25,0,10000,10000,10000
E01001302,Ealing 039C,Ealing,Outer London,33,0,10000,10000,10000
E01001303,Ealing 032A,Ealing,Outer London,16,0,10000,10000,10000
E01001304,Ealing 039D,Ealing,Outer London,12,0,10000,10000,10000
E01001305,Ealing 035C,Ealing,Outer London,16,0,10000,10000,10000
E01001306,Ealing 035D,Ealing,Outer London,15,0,10000,10000,10000
E01001307,Ealing 002A,Ealing,Outer London,57,0,10000,10000,10000
E01001308,Ealing 002B,Ealing,Outer London,111,0,10000,10000,10000
E01001309,Ealing 001C,Ealing,Outer London,36,0,10000,10000,10000
E01001310,Ealing 001D,Ealing,Outer London,23,0,10000,10000,10000
E01001311,Ealing 001E,Ealing,Outer London,29,0,10000,10000,10000
E01001312,Ealing 002C,Ealing,Outer London,21,0,10000,10000,10000
E01001313,Ealing 002D,Ealing,Outer London,17,0,10000,10000,10000
E01001314,Ealing 002E,Ealing,Outer London,28,0,10000,10000,10000
E01001315,Ealing 003A,Ealing,Outer London,16,0,10000,10000,10000
E01001316,Ealing 003B,Ealing,Outer London,17,0,10000,10000,10000
E01001317,Ealing 003C,Ealing,Outer London,33,0,10000,10000,10000
E01001318,Ealing 003D,Ealing,Outer London,25,0,10000,10000,10000
E01001319,Ealing 004B,Ealing,Outer London,13,0,10000,10000,10000
E01001320,Ealing 003E,Ealing,Outer London,46,0,10000,10000,10000
E01001321,Ealing 003F,Ealing,Outer London,36,0,10000,10000,10000
E01001322,Ealing 004C,Ealing,Outer London,56,0,10000,10000,10000
E01001323,Ealing 004D,Ealing,Outer London,32,0,10000,10000,10000
E01001324,Ealing 008B,Ealing,Outer London,32,0,10000,10000,10000
E01001325,Ealing 009A,Ealing,Outer London,96,0,10000,10000,10000
E01001326,Ealing 008C,Ealing,Outer London,75,0,10000,10000,10000
E01001327,Ealing 009B,Ealing,Outer London,28,0,10000,10000,10000
E01001328,Ealing 009C,Ealing,Outer London,37,0,10000,10000,10000
E01001329,Ealing 009D,Ealing,Outer London,29,0,10000,10000,10000
E01001330,Ealing 008D,Ealing,Outer London,28,0,10000,10000,10000
E01001331,Ealing 009E,Ealing,Outer London,15,0,10000,10000,10000
E01001332,Ealing 008E,Ealing,Outer London,13,0,10000,10000,10000
E01001333,Ealing 038A,Ealing,Outer London,28,0,10000,10000,10000
E01001334,Ealing 029C,Ealing,Outer London,17,0,10000,10000,10000
E01001335,Ealing 038B,Ealing,Outer London,48,0,10000,10000,10000
E01001336,Ealing 038C,Ealing,Outer London,23,0,10000,10000,10000
E01001337,Ealing 029D,Ealing,Outer London,122,0,10000,10000,10000
E01001338,Ealing 029E,Ealing,Outer London,54,0,10000,10000,10000
E01001339,Ealing 029F,Ealing,Outer London,75,0,10000,10000,10000
E01001340,Ealing 029G,Ealing,Outer London,12,0,10000,10000,10000
E01001341,Ealing 005A,Ealing,Outer London,22,0,10000,10000,10000
E01001342,Ealing 005B,Ealing,Outer London,20,0,10000,10000,10000
E01001343,Ealing 005C,Ealing,Outer London,28,0,10000,10000,10000
E01001344,Ealing 007A,Ealing,Outer London,49,0,10000,10000,10000
E01001345,Ealing 005D,Ealing,Outer London,18,0,10000,10000,10000
E01001346,Ealing 007B,Ealing,Outer London,22,0,10000,10000,10000
E01001347,Ealing 007C,Ealing,Outer London,68,0,10000,10000,10000
E01001348,Ealing 007D,Ealing,Outer London,43,0,10000,10000,10000
E01001349,Ealing 006E,Ealing,Outer London,66,0,10000,10000,10000
E01001350,Ealing 027C,Ealing,Outer London,33,0,10000,10000,10000
E01001351,Ealing 025E,Ealing,Outer London,17,0,10000,10000,10000
E01001352,Ealing 027D,Ealing,Outer London,16,0,10000,10000,10000
E01001353,Ealing 033A,Ealing,Outer London,20,0,10000,10000,10000
E01001354,Ealing 027E,Ealing,Outer London,25,0,10000,10000,10000
E01001355,Ealing 033B,Ealing,Outer London,14,0,10000,10000,10000
E01001356,Ealing 033C,Ealing,Outer London,7,0,10000,10000,10000
E01001357,Ealing 033D,Ealing,Outer London,11,0,10000,10000,10000
E01001358,Ealing 033E,Ealing,Outer London,26,0,10000,10000,10000
E01001359,Ealing 026A,Ealing,Outer London,12,0,10000,10000,10000
E01001360,Ealing 026B,Ealing,Outer London,12,0,10000,10000,10000
E01001361,Ealing 023E,Ealing,Outer London,38,0,10000,10000,10000
E01001362,Ealing 026C,Ealing,Outer London,25,0,10000,10000,10000
E01001363,Ealing 026D,Ealing,Outer London,13,0,10000,10000,10000
E01001364,Ealing 026E,Ealing,Outer London,13,0,10000,10000,10000
E01001365,Ealing 026F,Ealing,Outer London,47,0,10000,10000,10000
E01001366,Ealing 044C,Ealing,Outer London,19,0,10000,10000,10000
E01001367,Ealing 043B,Ealing,Outer London,18,0,10000,10000,10000
E01001368,Ealing 044D,Ealing,Outer London,12,0,10000,10000,10000
E01001369,Ealing 038D,Ealing,Outer London,15,0,10000,10000,10000
E01001370,Ealing 044A,Ealing,Outer London,44,0,10000,10000,10000
E01001371,Ealing 044B,Ealing,Outer London,20,0,10000,10000,10000
E01001372,Ealing 043C,Ealing,Outer London,13,0,10000,10000,10000
E01001373,Ealing 043A,Ealing,Outer London,17,0,10000,10000,10000
E01001374,Ealing 040A,Ealing,Outer London,12,0,10000,10000,10000
E01001375,Ealing 034A,Ealing,Outer London,12,0,10000,10000,10000
E01001376,Ealing 040B,Ealing,Outer London,18,0,10000,10000,10000
E01001377,Ealing 034B,Ealing,Outer London,19,0,10000,10000,10000
E01001379,Ealing 034C,Ealing,Outer London,12,0,10000,10000,10000
E01001380,Ealing 040C,Ealing,Outer London,18,0,10000,10000,10000
E01001381,Ealing 034D,Ealing,Outer London,27,0,10000,10000,10000
E01001382,Ealing 032B,Ealing,Outer London,19,0,10000,10000,10000
E01001383,Ealing 028D,Ealing,Outer London,10,0,10000,10000,10000
E01001384,Ealing 032C,Ealing,Outer London,12,0,10000,10000,10000
E01001385,Ealing 032D,Ealing,Outer London,16,0,10000,10000,10000
E01001386,Ealing 031F,Ealing,Outer London,29,0,10000,10000,10000
E01001387,Ealing 032E,Ealing,Outer London,24,0,10000,10000,10000
E01001388,Ealing 028E,Ealing,Outer London,21,0,10000,10000,10000
E01001389,Ealing 028F,Ealing,Outer London,15,0,10000,10000,10000
E01001390,Enfield 036A,Enfield,Outer London,18,0,10000,10000,10000
E01001391,Enfield 036B,Enfield,Outer London,10,0,10000,10000,10000
E01001392,Enfield 032A,Enfield,Outer London,15,0,10000,10000,10000
E01001393,Enfield 036C,Enfield,Outer London,17,0,10000,10000,10000
E01001394,Enfield 035A,Enfield,Outer London,17,0,10000,10000,10000
E01001395,Enfield 035B,Enfield,Outer London,26,0,10000,10000,10000
E01001396,Enfield 036D,Enfield,Outer London,14,0,10000,10000,10000
E01001397,Enfield 035C,Enfield,Outer London,31,0,10000,10000,10000
E01001398,Enfield 021A,Enfield,Outer London,19,0,10000,10000,10000
E01001399,Enfield 021B,Enfield,Outer London,22,0,10000,10000,10000
E01001400,Enfield 021C,Enfield,Outer London,26,0,10000,10000,10000
E01001401,Enfield 016A,Enfield,Outer London,14,0,10000,10000,10000
E01001402,Enfield 021D,Enfield,Outer London,36,0,10000,10000,10000
E01001403,Enfield 021E,Enfield,Outer London,33,0,10000,10000,10000
E01001404,Enfield 026A,Enfield,Outer London,54,0,10000,10000,10000
E01001405,Enfield 015A,Enfield,Outer London,29,0,10000,10000,10000
E01001406,Enfield 015B,Enfield,Outer London,21,0,10000,10000,10000
E01001407,Enfield 005A,Enfield,Outer London,100,0,10000,10000,10000
E01001408,Enfield 004A,Enfield,Outer London,13,0,10000,10000,10000
E01001409,Enfield 005B,Enfield,Outer London,20,0,10000,10000,10000
E01001410,Enfield 005C,Enfield,Outer London,18,0,10000,10000,10000
E01001411,Enfield 004B,Enfield,Outer London,21,0,10000,10000,10000
E01001412,Enfield 004C,Enfield,Outer London,1430,0,10000,10000,10000
E01001413,Enfield 004D,Enfield,Outer London,50,0,10000,10000,10000
E01001414,Enfield 004E,Enfield,Outer London,40,0,10000,10000,10000
E01001415,Enfield 011A,Enfield,Outer London,110,0,10000,10000,10000
E01001416,Enfield 013A,Enfield,Outer London,35,0,10000,10000,10000
E01001417,Enfield 011B,Enfield,Outer London,564,0,10000,10000,10000
E01001418,Enfield 011C,Enfield,Outer London,65,0,10000,10000,10000
E01001419,Enfield 020A,Enfield,Outer London,67,0,10000,10000,10000
E01001420,Enfield 020B,Enfield,Outer London,35,0,10000,10000,10000
E01001421,Enfield 020C,Enfield,Outer London,20,0,10000,10000,10000
E01001422,Enfield 011D,Enfield,Outer London,148,0,10000,10000,10000
E01001423,Enfield 027A,Enfield,Outer London,20,0,10000,10000,10000
E01001424,Enfield 030A,Enfield,Outer London,6,0,10000,10000,10000
E01001425,Enfield 027B,Enfield,Outer London,38,0,10000,10000,10000
E01001426,Enfield 030B,Enfield,Outer London,28,0,10000,10000,10000
E01001427,Enfield 030C,Enfield,Outer London,139,0,10000,10000,10000
E01001428,Enfield 027C,Enfield,Outer London,16,0,10000,10000,10000
E01001429,Enfield 030D,Enfield,Outer London,25,0,10000,10000,10000
E01001430,Enfield 030E,Enfield,Outer London,12,0,10000,10000,10000
E01001431,Enfield 033A,Enfield,Outer London,14,0,10000,10000,10000
E01001432,Enfield 033B,Enfield,Outer London,17,0,10000,10000,10000
E01001433,Enfield 007A,Enfield,Outer London,35,0,10000,10000,10000
E01001434,Enfield 007B,Enfield,Outer London,15,0,10000,10000,10000
E01001435,Enfield 007C,Enfield,Outer London,15,0,10000,10000,10000
E01001436,Enfield 007D,Enfield,Outer London,18,0,10000,10000,10000
E01001437,Enfield 014A,Enfield,Outer London,273,0,10000,10000,10000
E01001438,Enfield 007E,Enfield,Outer London,30,0,10000,10000,10000
E01001439,Enfield 006A,Enfield,Outer London,21,0,10000,10000,10000
E01001440,Enfield 012A,Enfield,Outer London,28,0,10000,10000,10000
E01001441,Enfield 006B,Enfield,Outer London,33,0,10000,10000,10000
E01001442,Enfield 002A,Enfield,Outer London,9,0,10000,10000,10000
E01001444,Enfield 001A,Enfield,Outer London,36,0,10000,10000,10000
E01001445,Enfield 003B,Enfield,Outer London,142,0,10000,10000,10000
E01001446,Enfield 001B,Enfield,Outer London,19,0,10000,10000,10000
E01001447,Enfield 003C,Enfield,Outer London,18,0,10000,10000,10000
E01001448,Enfield 003D,Enfield,Outer London,16,0,10000,10000,10000
E01001449,Enfield 003E,Enfield,Outer London,24,0,10000,10000,10000
E01001450,Enfield 015C,Enfield,Outer London,36,0,10000,10000,10000
E01001451,Enfield 017A,Enfield,Outer London,62,0,10000,10000,10000
E01001452,Enfield 017B,Enfield,Outer London,61,0,10000,10000,10000
E01001453,Enfield 017C,Enfield,Outer London,50,0,10000,10000,10000
E01001454,Enfield 017D,Enfield,Outer London,39,0,10000,10000,10000
E01001455,Enfield 021F,Enfield,Outer London,22,0,10000,10000,10000
E01001456,Enfield 022A,Enfield,Outer London,28,0,10000,10000,10000
E01001457,Enfield 010A,Enfield,Outer London,28,0,10000,10000,10000
E01001458,Enfield 037A,Enfield,Outer London,17,0,10000,10000,10000
E01001459,Enfield 024A,Enfield,Outer London,22,0,10000,10000,10000
E01001460,Enfield 024B,Enfield,Outer London,11,0,10000,10000,10000
E01001461,Enfield 027D,Enfield,Outer London,30,0,10000,10000,10000
E01001462,Enfield 024C,Enfield,Outer London,12,0,10000,10000,10000
E01001463,Enfield 031A,Enfield,Outer London,24,0,10000,10000,10000
E01001464,Enfield 027E,Enfield,Outer London,19,0,10000,10000,10000
E01001465,Enfield 031B,Enfield,Outer London,23,0,10000,10000,10000
E01001466,Enfield 031C,Enfield,Outer London,13,0,10000,10000,10000
E01001467,Enfield 031D,Enfield,Outer London,10,0,10000,10000,10000
E01001468,Enfield 010B,Enfield,Outer London,80,0,10000,10000,10000
E01001469,Enfield 008A,Enfield,Outer London,23,0,10000,10000,10000
E01001470,Enfield 013B,Enfield,Outer London,187,0,10000,10000,10000
E01001471,Enfield 010C,Enfield,Outer London,39,0,10000,10000,10000
E01001472,Enfield 010D,Enfield,Outer London,23,0,10000,10000,10000
E01001473,Enfield 013C,Enfield,Outer London,82,0,10000,10000,10000
E01001474,Enfield 010E,Enfield,Outer London,38,0,10000,10000,10000
E01001475,Enfield 013D,Enfield,Outer London,33,0,10000,10000,10000
E01001476,Enfield 018A,Enfield,Outer London,21,0,10000,10000,10000
E01001477,Enfield 018B,Enfield,Outer London,111,0,10000,10000,10000
E01001478,Enfield 016B,Enfield,Outer London,31,0,10000,10000,10000
E01001479,Enfield 023A,Enfield,Outer London,25,0,10000,10000,10000
E01001480,Enfield 024D,Enfield,Outer London,20,0,10000,10000,10000
E01001481,Enfield 018C,Enfield,Outer London,20,0,10000,10000,10000
E01001482,Enfield 023B,Enfield,Outer London,16,0,10000,10000,10000
E01001483,Enfield 025A,Enfield,Outer London,114,0,10000,10000,10000
E01001484,Enfield 016C,Enfield,Outer London,32,0,10000,10000,10000
E01001485,Enfield 025B,Enfield,Outer London,11,0,10000,10000,10000
E01001486,Enfield 025C,Enfield,Outer London,19,0,10000,10000,10000
E01001487,Enfield 023C,Enfield,Outer London,12,0,10000,10000,10000
E01001488,Enfield 024E,Enfield,Outer London,16,0,10000,10000,10000
E01001489,Enfield 023D,Enfield,Outer London,19,0,10000,10000,10000
E01001491,Enfield 023E,Enfield,Outer London,13,0,10000,10000,10000
E01001492,Enfield 025E,Enfield,Outer London,16,0,10000,10000,10000
E01001493,Enfield 026B,Enfield,Outer London,23,0,10000,10000,10000
E01001494,Enfield 026C,Enfield,Outer London,18,0,10000,10000,10000
E01001495,Enfield 029A,Enfield,Outer London,15,0,10000,10000,10000
E01001496,Enfield 026D,Enfield,Outer London,23,0,10000,10000,10000
E01001497,Enfield 031E,Enfield,Outer London,20,0,10000,10000,10000
E01001498,Enfield 029B,Enfield,Outer London,21,0,10000,10000,10000
E01001499,Enfield 031F,Enfield,Outer London,21,0,10000,10000,10000
E01001500,Enfield 035D,Enfield,Outer London,22,0,10000,10000,10000
E01001501,Enfield 036E,Enfield,Outer London,30,0,10000,10000,10000
E01001502,Enfield 018D,Enfield,Outer London,28,0,10000,10000,10000
E01001503,Enfield 018E,Enfield,Outer London,17,0,10000,10000,10000
E01001504,Enfield 012B,Enfield,Outer London,17,0,10000,10000,10000
E01001505,Enfield 012C,Enfield,Outer London,20,0,10000,10000,10000
E01001507,Enfield 012D,Enfield,Outer London,27,0,10000,10000,10000
E01001508,Enfield 012E,Enfield,Outer London,21,0,10000,10000,10000
E01001509,Enfield 014C,Enfield,Outer London,14,0,10000,10000,10000
E01001511,Enfield 016D,Enfield,Outer London,38,0,10000,10000,10000
E01001512,Enfield 015D,Enfield,Outer London,17,0,10000,10000,10000
E01001513,Enfield 012F,Enfield,Outer London,98,0,10000,10000,10000
E01001514,Enfield 016E,Enfield,Outer London,13,0,10000,10000,10000
E01001515,Enfield 015E,Enfield,Outer London,13,0,10000,10000,10000
E01001516,Enfield 005D,Enfield,Outer London,34,0,10000,10000,10000
E01001517,Enfield 006C,Enfield,Outer London,19,0,10000,10000,10000
E01001518,Enfield 016F,Enfield,Outer London,55,0,10000,10000,10000
E01001520,Enfield 019A,Enfield,Outer London,33,0,10000,10000,10000
E01001521,Enfield 028A,Enfield,Outer London,49,0,10000,10000,10000
E01001522,Enfield 019B,Enfield,Outer London,20,0,10000,10000,10000
E01001523,Enfield 019C,Enfield,Outer London,50,0,10000,10000,10000
E01001524,Enfield 019D,Enfield,Outer London,26,0,10000,10000,10000
E01001525,Enfield 020E,Enfield,Outer London,25,0,10000,10000,10000
E01001526,Enfield 019E,Enfield,Outer London,30,0,10000,10000,10000
E01001527,Enfield 036F,Enfield,Outer London,39,0,10000,10000,10000
E01001528,Enfield 032B,Enfield,Outer London,21,0,10000,10000,10000
E01001529,Enfield 032C,Enfield,Outer London,15,0,10000,10000,10000
E01001530,Enfield 032D,Enfield,Outer London,20,0,10000,10000,10000
E01001531,Enfield 028B,Enfield,Outer London,20,0,10000,10000,10000
E01001532,Enfield 028C,Enfield,Outer London,33,0,10000,10000,10000
E01001533,Enfield 028D,Enfield,Outer London,31,0,10000,10000,10000
E01001534,Enfield 032E,Enfield,Outer London,42,0,10000,10000,10000
E01001535,Enfield 028E,Enfield,Outer London,40,0,10000,10000,10000
E01001536,Enfield 008B,Enfield,Outer London,47,0,10000,10000,10000
E01001537,Enfield 005E,Enfield,Outer London,19,0,10000,10000,10000
E01001538,Enfield 009A,Enfield,Outer London,26,0,10000,10000,10000
E01001539,Enfield 009B,Enfield,Outer London,22,0,10000,10000,10000
E01001540,Enfield 008C,Enfield,Outer London,25,0,10000,10000,10000
E01001541,Enfield 008D,Enfield,Outer London,18,0,10000,10000,10000
E01001542,Enfield 008E,Enfield,Outer London,18,0,10000,10000,10000
E01001543,Enfield 009C,Enfield,Outer London,20,0,10000,10000,10000
E01001544,Enfield 009D,Enfield,Outer London,31,0,10000,10000,10000
E01001545,Enfield 002B,Enfield,Outer London,34,0,10000,10000,10000
E01001546,Enfield 001C,Enfield,Outer London,24,0,10000,10000,10000
E01001547,Enfield 002C,Enfield,Outer London,24,0,10000,10000,10000
E01001548,Enfield 002D,Enfield,Outer London,31,0,10000,10000,10000
E01001549,Enfield 006D,Enfield,Outer London,31,0,10000,10000,10000
E01001550,Enfield 006E,Enfield,Outer London,21,0,10000,10000,10000
E01001551,Enfield 002E,Enfield,Outer London,30,0,10000,10000,10000
E01001552,Enfield 001D,Enfield,Outer London,29,0,10000,10000,10000
E01001553,Enfield 037B,Enfield,Outer London,17,0,10000,10000,10000
E01001554,Enfield 037C,Enfield,Outer London,12,0,10000,10000,10000
E01001555,Enfield 033C,Enfield,Outer London,13,0,10000,10000,10000
E01001556,Enfield 035E,Enfield,Outer London,20,0,10000,10000,10000
E01001557,Enfield 033D,Enfield,Outer London,13,0,10000,10000,10000
E01001558,Enfield 033E,Enfield,Outer London,17,0,10000,10000,10000
E01001559,Enfield 033F,Enfield,Outer London,92,0,10000,10000,10000
E01001560,Enfield 035F,Enfield,Outer London,27,0,10000,10000,10000
E01001562,Enfield 037D,Enfield,Outer London,14,0,10000,10000,10000
E01001563,Enfield 029C,Enfield,Outer London,21,0,10000,10000,10000
E01001564,Enfield 022B,Enfield,Outer London,22,0,10000,10000,10000
E01001565,Enfield 029D,Enfield,Outer London,22,0,10000,10000,10000
E01001566,Enfield 029E,Enfield,Outer London,21,0,10000,10000,10000
E01001567,Enfield 022C,Enfield,Outer London,34,0,10000,10000,10000
E01001568,Enfield 022D,Enfield,Outer London,90,0,10000,10000,10000
E01001569,Enfield 022E,Enfield,Outer London,28,0,10000,10000,10000
E01001570,Enfield 026E,Enfield,Outer London,40,0,10000,10000,10000
E01001571,Greenwich 008A,Greenwich,Inner London,14,0,10000,10000,10000
E01001572,Greenwich 008B,Greenwich,Inner London,16,0,10000,10000,10000
E01001573,Greenwich 008C,Greenwich,Inner London,12,0,10000,10000,10000
E01001574,Greenwich 008D,Greenwich,Inner London,102,0,10000,10000,10000
E01001575,Greenwich 003A,Greenwich,Inner London,22,0,10000,10000,10000
E01001576,Greenwich 003B,Greenwich,Inner London,25,0,10000,10000,10000
E01001577,Greenwich 003C,Greenwich,Inner London,21,0,10000,10000,10000
E01001578,Greenwich 003D,Greenwich,Inner London,27,0,10000,10000,10000
E01001579,Greenwich 003E,Greenwich,Inner London,25,0,10000,10000,10000
E01001580,Greenwich 021A,Greenwich,Inner London,30,0,10000,10000,10000
E01001581,Greenwich 016A,Greenwich,Inner London,21,0,10000,10000,10000
E01001582,Greenwich 021B,Greenwich,Inner London,33,0,10000,10000,10000
E01001583,Greenwich 021C,Greenwich,Inner London,30,0,10000,10000,10000
E01001584,Greenwich 021D,Greenwich,Inner London,32,0,10000,10000,10000
E01001585,Greenwich 016B,Greenwich,Inner London,17,0,10000,10000,10000
E01001586,Greenwich 016C,Greenwich,Inner London,22,0,10000,10000,10000
E01001587,Greenwich 016D,Greenwich,Inner London,25,0,10000,10000,10000
E01001588,Greenwich 012A,Greenwich,Inner London,51,0,10000,10000,10000
E01001589,Greenwich 012B,Greenwich,Inner London,22,0,10000,10000,10000
E01001590,Greenwich 014A,Greenwich,Inner London,16,0,10000,10000,10000
E01001591,Greenwich 012C,Greenwich,Inner London,20,0,10000,10000,10000
E01001592,Greenwich 014B,Greenwich,Inner London,27,0,10000,10000,10000
E01001593,Greenwich 014C,Greenwich,Inner London,18,0,10000,10000,10000
E01001594,Greenwich 014D,Greenwich,Inner London,12,0,10000,10000,10000
E01001595,Greenwich 012D,Greenwich,Inner London,36,0,10000,10000,10000
E01001596,Greenwich 032A,Greenwich,Inner London,28,0,10000,10000,10000
E01001597,Greenwich 031A,Greenwich,Inner London,32,0,10000,10000,10000
E01001598,Greenwich 031B,Greenwich,Inner London,46,0,10000,10000,10000
E01001599,Greenwich 032B,Greenwich,Inner London,47,0,10000,10000,10000
E01001600,Greenwich 032C,Greenwich,Inner London,30,0,10000,10000,10000
E01001601,Greenwich 032D,Greenwich,Inner London,26,0,10000,10000,10000
E01001602,Greenwich 031C,Greenwich,Inner London,25,0,10000,10000,10000
E01001603,Greenwich 031D,Greenwich,Inner London,22,0,10000,10000,10000
E01001604,Greenwich 027A,Greenwich,Inner London,25,0,10000,10000,10000
E01001605,Greenwich 023A,Greenwich,Inner London,66,0,10000,10000,10000
E01001606,Greenwich 023B,Greenwich,Inner London,23,0,10000,10000,10000
E01001607,Greenwich 027B,Greenwich,Inner London,20,0,10000,10000,10000
E01001608,Greenwich 027C,Greenwich,Inner London,46,0,10000,10000,10000
E01001609,Greenwich 027D,Greenwich,Inner London,33,0,10000,10000,10000
E01001610,Greenwich 023C,Greenwich,Inner London,22,0,10000,10000,10000
E01001611,Greenwich 023D,Greenwich,Inner London,19,0,10000,10000,10000
E01001613,Greenwich 028A,Greenwich,Inner London,75,0,10000,10000,10000
E01001614,Greenwich 028B,Greenwich,Inner London,87,0,10000,10000,10000
E01001615,Greenwich 028C,Greenwich,Inner London,94,0,10000,10000,10000
E01001617,Greenwich 028D,Greenwich,Inner London,69,0,10000,10000,10000
E01001618,Greenwich 030C,Greenwich,Inner London,34,0,10000,10000,10000
E01001619,Greenwich 030D,Greenwich,Inner London,31,0,10000,10000,10000
E01001620,Greenwich 025A,Greenwich,Inner London,27,0,10000,10000,10000
E01001621,Greenwich 025B,Greenwich,Inner London,37,0,10000,10000,10000
E01001623,Greenwich 025C,Greenwich,Inner London,27,0,10000,10000,10000
E01001624,Greenwich 025D,Greenwich,Inner London,22,0,10000,10000,10000
E01001625,Greenwich 025E,Greenwich,Inner London,26,0,10000,10000,10000
E01001629,Greenwich 009A,Greenwich,Inner London,20,0,10000,10000,10000
E01001631,Greenwich 007B,Greenwich,Inner London,19,0,10000,10000,10000
E01001632,Greenwich 007C,Greenwich,Inner London,14,0,10000,10000,10000
E01001633,Greenwich 009B,Greenwich,Inner London,11,0,10000,10000,10000
E01001634,Greenwich 009C,Greenwich,Inner London,12,0,10000,10000,10000
E01001635,Greenwich 007D,Greenwich,Inner London,21,0,10000,10000,10000
E01001636,Greenwich 007E,Greenwich,Inner London,11,0,10000,10000,10000
E01001637,Greenwich 009D,Greenwich,Inner London,17,0,10000,10000,10000
E01001638,Greenwich 038A,Greenwich,Inner London,12,0,10000,10000,10000
E01001641,Greenwich 038B,Greenwich,Inner London,36,0,10000,10000,10000
E01001642,Greenwich 038C,Greenwich,Inner London,120,0,10000,10000,10000
E01001644,Greenwich 038D,Greenwich,Inner London,18,0,10000,10000,10000
E01001645,Greenwich 022A,Greenwich,Inner London,30,0,10000,10000,10000
E01001646,Greenwich 019A,Greenwich,Inner London,20,0,10000,10000,10000
E01001647,Greenwich 022B,Greenwich,Inner London,33,0,10000,10000,10000
E01001648,Greenwich 022C,Greenwich,Inner London,42,0,10000,10000,10000
E01001649,Greenwich 022D,Greenwich,Inner London,34,0,10000,10000,10000
E01001650,Greenwich 019B,Greenwich,Inner London,19,0,10000,10000,10000
E01001651,Greenwich 019C,Greenwich,Inner London,33,0,10000,10000,10000
E01001652,Greenwich 019D,Greenwich,Inner London,29,0,10000,10000,10000
E01001653,Greenwich 029A,Greenwich,Inner London,28,0,10000,10000,10000
E01001654,Greenwich 029B,Greenwich,Inner London,30,0,10000,10000,10000
E01001655,Greenwich 029C,Greenwich,Inner London,45,0,10000,10000,10000
E01001656,Greenwich 034A,Greenwich,Inner London,29,0,10000,10000,10000
E01001657,Greenwich 034B,Greenwich,Inner London,40,0,10000,10000,10000
E01001658,Greenwich 034C,Greenwich,Inner London,42,0,10000,10000,10000
E01001659,Greenwich 034D,Greenwich,Inner London,40,0,10000,10000,10000
E01001660,Greenwich 029D,Greenwich,Inner London,32,0,10000,10000,10000
E01001661,Greenwich 029E,Greenwich,Inner London,45,0,10000,10000,10000
E01001664,Greenwich 037B,Greenwich,Inner London,17,0,10000,10000,10000
E01001665,Greenwich 037C,Greenwich,Inner London,18,0,10000,10000,10000
E01001666,Greenwich 041G,Greenwich,Inner London,45,0,10000,10000,10000
E01001669,Greenwich 033A,Greenwich,Inner London,52,0,10000,10000,10000
E01001671,Greenwich 033B,Greenwich,Inner London,20,0,10000,10000,10000
E01001672,Greenwich 006A,Greenwich,Inner London,35,0,10000,10000,10000
E01001673,Greenwich 006B,Greenwich,Inner London,18,0,10000,10000,10000
E01001674,Greenwich 006C,Greenwich,Inner London,22,0,10000,10000,10000
E01001675,Greenwich 006D,Greenwich,Inner London,16,0,10000,10000,10000
E01001676,Greenwich 033C,Greenwich,Inner London,13,0,10000,10000,10000
E01001677,Greenwich 006E,Greenwich,Inner London,21,0,10000,10000,10000
E01001678,Greenwich 017A,Greenwich,Inner London,29,0,10000,10000,10000
E01001679,Greenwich 020A,Greenwich,Inner London,20,0,10000,10000,10000
E01001680,Greenwich 020B,Greenwich,Inner London,62,0,10000,10000,10000
E01001681,Greenwich 020C,Greenwich,Inner London,15,0,10000,10000,10000
E01001682,Greenwich 020D,Greenwich,Inner London,89,0,10000,10000,10000
E01001683,Greenwich 017B,Greenwich,Inner London,14,0,10000,10000,10000
E01001684,Greenwich 017C,Greenwich,Inner London,118,0,10000,10000,10000
E01001685,Greenwich 017D,Greenwich,Inner London,15,0,10000,10000,10000
E01001686,Greenwich 020E,Greenwich,Inner London,19,0,10000,10000,10000
E01001687,Greenwich 002A,Greenwich,Inner London,41,0,10000,10000,10000
E01001688,Greenwich 002B,Greenwich,Inner London,35,0,10000,10000,10000
E01001690,Greenwich 001A,Greenwich,Inner London,12,0,10000,10000,10000
E01001692,Greenwich 001B,Greenwich,Inner London,8,0,10000,10000,10000
E01001693,Greenwich 001C,Greenwich,Inner London,12,0,10000,10000,10000
E01001694,Greenwich 001D,Greenwich,Inner London,40,0,10000,10000,10000
E01001695,Greenwich 011A,Greenwich,Inner London,14,0,10000,10000,10000
E01001696,Greenwich 011B,Greenwich,Inner London,12,0,10000,10000,10000
E01001697,Greenwich 011C,Greenwich,Inner London,15,0,10000,10000,10000
E01001698,Greenwich 015A,Greenwich,Inner London,11,0,10000,10000,10000
E01001699,Greenwich 015B,Greenwich,Inner London,73,0,10000,10000,10000
E01001700,Greenwich 011D,Greenwich,Inner London,13,0,10000,10000,10000
E01001701,Greenwich 015C,Greenwich,Inner London,95,0,10000,10000,10000
E01001702,Greenwich 015D,Greenwich,Inner London,9,0,10000,10000,10000
E01001703,Greenwich 011E,Greenwich,Inner London,7,0,10000,10000,10000
E01001704,Greenwich 011F,Greenwich,Inner London,15,0,10000,10000,10000
E01001705,Greenwich 005A,Greenwich,Inner London,16,0,10000,10000,10000
E01001708,Greenwich 005C,Greenwich,Inner London,17,0,10000,10000,10000
E01001710,Greenwich 005D,Greenwich,Inner London,7,0,10000,10000,10000
E01001712,Greenwich 042A,Greenwich,Inner London,14,0,10000,10000,10000
E01001714,Hackney 002A,Hackney,Inner London,16,0,10000,10000,10000
E01001715,Hackney 007A,Hackney,Inner London,8,0,10000,10000,10000
E01001716,Hackney 007B,Hackney,Inner London,8,0,10000,10000,10000
E01001717,Hackney 007C,Hackney,Inner London,9,0,10000,10000,10000
E01001718,Hackney 007D,Hackney,Inner London,11,0,10000,10000,10000
E01001719,Hackney 007E,Hackney,Inner London,6,0,10000,10000,10000
E01001720,Hackney 007F,Hackney,Inner London,10,0,10000,10000,10000
E01001722,Hackney 029A,Hackney,Inner London,8,0,10000,10000,10000
E01001723,Hackney 006A,Hackney,Inner London,11,0,10000,10000,10000
E01001724,Hackney 006B,Hackney,Inner London,11,0,10000,10000,10000
E01001725,Hackney 004A,Hackney,Inner London,9,0,10000,10000,10000
E01001726,Hackney 004B,Hackney,Inner London,6,0,10000,10000,10000
E01001727,Hackney 006C,Hackney,Inner London,11,0,10000,10000,10000
E01001728,Hackney 029B,Hackney,Inner London,11,0,10000,10000,10000
E01001729,Hackney 019A,Hackney,Inner London,14,0,10000,10000,10000
E01001730,Hackney 019B,Hackney,Inner London,12,0,10000,10000,10000
E01001731,Hackney 017A,Hackney,Inner London,17,0,10000,10000,10000
E01001732,Hackney 019C,Hackney,Inner London,6,0,10000,10000,10000
E01001733,Hackney 015A,Hackney,Inner London,16,0,10000,10000,10000
E01001734,Hackney 017B,Hackney,Inner London,13,0,10000,10000,10000
E01001735,Hackney 019D,Hackney,Inner London,13,0,10000,10000,10000
E01001736,Hackney 012A,Hackney,Inner London,9,0,10000,10000,10000
E01001737,Hackney 012B,Hackney,Inner London,9,0,10000,10000,10000
E01001738,Hackney 012C,Hackney,Inner London,10,0,10000,10000,10000
E01001739,Hackney 012D,Hackney,Inner London,13,0,10000,10000,10000
E01001740,Hackney 014A,Hackney,Inner London,7,0,10000,10000,10000
E01001741,Hackney 009A,Hackney,Inner London,8,0,10000,10000,10000
E01001742,Hackney 008A,Hackney,Inner London,13,0,10000,10000,10000
E01001744,Hackney 031A,Hackney,Inner London,15,0,10000,10000,10000
E01001745,Hackney 016A,Hackney,Inner London,11,0,10000,10000,10000
E01001746,Hackney 016B,Hackney,Inner London,4,0,10000,10000,10000
E01001747,Hackney 014B,Hackney,Inner London,15,0,10000,10000,10000
E01001749,Hackney 020B,Hackney,Inner London,11,0,10000,10000,10000
E01001750,Hackney 031D,Hackney,Inner London,15,0,10000,10000,10000
E01001751,Hackney 031B,Hackney,Inner London,16,0,10000,10000,10000
E01001753,Hackney 025B,Hackney,Inner London,7,0,10000,10000,10000
E01001755,Hackney 025D,Hackney,Inner London,10,0,10000,10000,10000
E01001756,Hackney 030C,Hackney,Inner London,14,0,10000,10000,10000
E01001757,Hackney 016C,Hackney,Inner London,5,0,10000,10000,10000
E01001758,Hackney 016D,Hackney,Inner London,13,0,10000,10000,10000
E01001759,Hackney 016E,Hackney,Inner London,12,0,10000,10000,10000
E01001760,Hackney 017C,Hackney,Inner London,14,0,10000,10000,10000
E01001761,Hackney 016F,Hackney,Inner London,8,0,10000,10000,10000
E01001762,Hackney 017D,Hackney,Inner London,17,0,10000,10000,10000
E01001763,Hackney 020C,Hackney,Inner London,11,0,10000,10000,10000
E01001764,Hackney 010A,Hackney,Inner London,9,0,10000,10000,10000
E01001765,Hackney 010B,Hackney,Inner London,13,0,10000,10000,10000
E01001767,Hackney 010D,Hackney,Inner London,10,0,10000,10000,10000
E01001768,Hackney 006D,Hackney,Inner London,11,0,10000,10000,10000
E01001769,Hackney 006E,Hackney,Inner London,12,0,10000,10000,10000
E01001770,Hackney 010E,Hackney,Inner London,14,0,10000,10000,10000
E01001772,Hackney 024A,Hackney,Inner London,10,0,10000,10000,10000
E01001773,Hackney 025E,Hackney,Inner London,13,0,10000,10000,10000
E01001774,Hackney 024B,Hackney,Inner London,16,0,10000,10000,10000
E01001775,Hackney 024C,Hackney,Inner London,14,0,10000,10000,10000
E01001776,Hackney 025F,Hackney,Inner London,11,0,10000,10000,10000
E01001777,Hackney 033A,Hackney,Inner London,12,0,10000,10000,10000
E01001780,Hackney 032D,Hackney,Inner London,12,0,10000,10000,10000
E01001781,Hackney 026B,Hackney,Inner London,18,0,10000,10000,10000
E01001783,Hackney 026D,Hackney,Inner London,5,0,10000,10000,10000
E01001784,Hackney 032A,Hackney,Inner London,8,0,10000,10000,10000
E01001785,Hackney 015B,Hackney,Inner London,10,0,10000,10000,10000
E01001786,Hackney 013A,Hackney,Inner London,114,0,10000,10000,10000
E01001787,Hackney 013B,Hackney,Inner London,20,0,10000,10000,10000
E01001788,Hackney 013C,Hackney,Inner London,10,0,10000,10000,10000
E01001789,Hackney 015C,Hackney,Inner London,10,0,10000,10000,10000
E01001790,Hackney 013D,Hackney,Inner London,8,0,10000,10000,10000
E01001791,Hackney 015D,Hackney,Inner London,9,0,10000,10000,10000
E01001792,Hackney 011A,Hackney,Inner London,18,0,10000,10000,10000
E01001793,Hackney 011B,Hackney,Inner London,16,0,10000,10000,10000
E01001794,Hackney 011C,Hackney,Inner London,13,0,10000,10000,10000
E01001795,Hackney 011D,Hackney,Inner London,11,0,10000,10000,10000
E01001796,Hackney 011E,Hackney,Inner London,8,0,10000,10000,10000
E01001798,Hackney 028A,Hackney,Inner London,11,0,10000,10000,10000
E01001799,Hackney 003A,Hackney,Inner London,9,0,10000,10000,10000
E01001800,Hackney 004C,Hackney,Inner London,9,0,10000,10000,10000
E01001801,Hackney 008B,Hackney,Inner London,14,0,10000,10000,10000
E01001802,Hackney 003B,Hackney,Inner London,10,0,10000,10000,10000
E01001803,Hackney 008C,Hackney,Inner London,14,0,10000,10000,10000
E01001804,Hackney 003C,Hackney,Inner London,11,0,10000,10000,10000
E01001805,Hackney 009B,Hackney,Inner London,17,0,10000,10000,10000
E01001806,Hackney 008D,Hackney,Inner London,34,0,10000,10000,10000
E01001807,Hackney 003D,Hackney,Inner London,13,0,10000,10000,10000
E01001808,Hackney 001A,Hackney,Inner London,14,0,10000,10000,10000
E01001809,Hackney 001B,Hackney,Inner London,12,0,10000,10000,10000
E01001811,Hackney 002D,Hackney,Inner London,8,0,10000,10000,10000
E01001812,Hackney 003E,Hackney,Inner London,26,0,10000,10000,10000
E01001813,Hackney 002E,Hackney,Inner London,9,0,10000,10000,10000
E01001814,Hackney 001C,Hackney,Inner London,11,0,10000,10000,10000
E01001815,Hackney 024D,Hackney,Inner London,13,0,10000,10000,10000
E01001816,Hackney 020D,Hackney,Inner London,11,0,10000,10000,10000
E01001819,Hackney 020E,Hackney,Inner London,12,0,10000,10000,10000
E01001820,Hackney 024E,Hackney,Inner London,6,0,10000,10000,10000
E01001821,Hackney 024F,Hackney,Inner London,7,0,10000,10000,10000
E01001822,Hackney 029C,Hackney,Inner London,7,0,10000,10000,10000
E01001823,Hackney 001D,Hackney,Inner London,14,0,10000,10000,10000
E01001824,Hackney 004D,Hackney,Inner London,19,0,10000,10000,10000
E01001825,Hackney 001E,Hackney,Inner London,12,0,10000,10000,10000
E01001826,Hackney 004E,Hackney,Inner London,13,0,10000,10000,10000
E01001827,Hackney 029D,Hackney,Inner London,18,0,10000,10000,10000
E01001828,Hackney 028B,Hackney,Inner London,12,0,10000,10000,10000
E01001829,Hackney 009C,Hackney,Inner London,11,0,10000,10000,10000
E01001830,Hackney 014C,Hackney,Inner London,10,0,10000,10000,10000
E01001831,Hackney 009D,Hackney,Inner London,12,0,10000,10000,10000
E01001832,Hackney 009E,Hackney,Inner London,11,0,10000,10000,10000
E01001833,Hackney 014D,Hackney,Inner London,11,0,10000,10000,10000
E01001834,Hackney 014E,Hackney,Inner London,9,0,10000,10000,10000
E01001835,Hackney 014F,Hackney,Inner London,7,0,10000,10000,10000
E01001836,Hackney 022A,Hackney,Inner London,14,0,10000,10000,10000
E01001837,Hackney 023B,Hackney,Inner London,9,0,10000,10000,10000
E01001838,Hackney 019E,Hackney,Inner London,6,0,10000,10000,10000
E01001839,Hackney 023C,Hackney,Inner London,10,0,10000,10000,10000
E01001840,Hackney 022B,Hackney,Inner London,11,0,10000,10000,10000
E01001841,Hackney 022C,Hackney,Inner London,15,0,10000,10000,10000
E01001842,Hackney 023D,Hackney,Inner London,9,0,10000,10000,10000
E01001843,Hackney 023E,Hackney,Inner London,6,0,10000,10000,10000
E01001844,Hackney 022D,Hackney,Inner London,15,0,10000,10000,10000
E01001845,Hackney 022E,Hackney,Inner London,11,0,10000,10000,10000
E01001846,Hackney 018A,Hackney,Inner London,55,0,10000,10000,10000
E01001847,Hackney 018B,Hackney,Inner London,11,0,10000,10000,10000
E01001848,Hackney 018C,Hackney,Inner London,15,0,10000,10000,10000
E01001849,Hackney 018D,Hackney,Inner London,50,0,10000,10000,10000
E01001850,Hackney 019F,Hackney,Inner London,8,0,10000,10000,10000
E01001851,Hammersmith and Fulham 010A,Hammersmith and Fulham,Inner London,8,0,10000,10000,10000
E01001852,Hammersmith and Fulham 007A,Hammersmith and Fulham,Inner London,7,0,10000,10000,10000
E01001853,Hammersmith and Fulham 007B,Hammersmith and Fulham,Inner London,9,0,10000,10000,10000
E01001854,Hammersmith and Fulham 007C,Hammersmith and Fulham,Inner London,7,0,10000,10000,10000
E01001855,Hammersmith and Fulham 010B,Hammersmith and Fulham,Inner London,9,0,10000,10000,10000
E01001856,Hammersmith and Fulham 010C,Hammersmith and Fulham,Inner London,10,0,10000,10000,10000
E01001857,Hammersmith and Fulham 007D,Hammersmith and Fulham,Inner London,7,0,10000,10000,10000
E01001858,Hammersmith and Fulham 006A,Hammersmith and Fulham,Inner London,14,0,10000,10000,10000
E01001859,Hammersmith and Fulham 008A,Hammersmith and Fulham,Inner London,11,0,10000,10000,10000
E01001860,Hammersmith and Fulham 006B,Hammersmith and Fulham,Inner London,8,0,10000,10000,10000
E01001861,Hammersmith and Fulham 006C,Hammersmith and Fulham,Inner London,9,0,10000,10000,10000
E01001862,Hammersmith and Fulham 005A,Hammersmith and Fulham,Inner London,9,0,10000,10000,10000
E01001863,Hammersmith and Fulham 006D,Hammersmith and Fulham,Inner London,7,0,10000,10000,10000
E01001864,Hammersmith and Fulham 006E,Hammersmith and Fulham,Inner London,7,0,10000,10000,10000
E01001865,Hammersmith and Fulham 008B,Hammersmith and Fulham,Inner London,10,0,10000,10000,10000
E01001866,Hammersmith and Fulham 012A,Hammersmith and Fulham,Inner London,14,0,10000,10000,10000
E01001867,Hammersmith and Fulham 012B,Hammersmith and Fulham,Inner London,11,0,10000,10000,10000
E01001868,Hammersmith and Fulham 012C,Hammersmith and Fulham,Inner London,7,0,10000,10000,10000
E01001869,Hammersmith and Fulham 010D,Hammersmith and Fulham,Inner London,20,0,10000,10000,10000
E01001870,Hammersmith and Fulham 012D,Hammersmith and Fulham,Inner London,12,0,10000,10000,10000
E01001871,Hammersmith and Fulham 012E,Hammersmith and Fulham,Inner London,15,0,10000,10000,10000
E01001872,Hammersmith and Fulham 012F,Hammersmith and Fulham,Inner London,6,0,10000,10000,10000
E01001873,Hammersmith and Fulham 010E,Hammersmith and Fulham,Inner London,5,0,10000,10000,10000
E01001875,Hammersmith and Fulham 001B,Hammersmith and Fulham,Inner London,16,0,10000,10000,10000
E01001876,Hammersmith and Fulham 001C,Hammersmith and Fulham,Inner London,90,0,10000,10000,10000
E01001877,Hammersmith and Fulham 001D,Hammersmith and Fulham,Inner London,128,0,10000,10000,10000
E01001878,Hammersmith and Fulham 001E,Hammersmith and Fulham,Inner London,15,0,10000,10000,10000
E01001879,Hammersmith and Fulham 019A,Hammersmith and Fulham,Inner London,7,0,10000,10000,10000
E01001880,Hammersmith and Fulham 017A,Hammersmith and Fulham,Inner London,13,0,10000,10000,10000
E01001881,Hammersmith and Fulham 017B,Hammersmith and Fulham,Inner London,10,0,10000,10000,10000
E01001882,Hammersmith and Fulham 017C,Hammersmith and Fulham,Inner London,10,0,10000,10000,10000
E01001883,Hammersmith and Fulham 017D,Hammersmith and Fulham,Inner London,15,0,10000,10000,10000
E01001884,Hammersmith and Fulham 017E,Hammersmith and Fulham,Inner London,7,0,10000,10000,10000
E01001885,Hammersmith and Fulham 015A,Hammersmith and Fulham,Inner London,6,0,10000,10000,10000
E01001886,Hammersmith and Fulham 016A,Hammersmith and Fulham,Inner London,8,0,10000,10000,10000
E01001887,Hammersmith and Fulham 016B,Hammersmith and Fulham,Inner London,9,0,10000,10000,10000
E01001888,Hammersmith and Fulham 018A,Hammersmith and Fulham,Inner London,11,0,10000,10000,10000
E01001889,Hammersmith and Fulham 014A,Hammersmith and Fulham,Inner London,12,0,10000,10000,10000
E01001890,Hammersmith and Fulham 016C,Hammersmith and Fulham,Inner London,16,0,10000,10000,10000
E01001891,Hammersmith and Fulham 018B,Hammersmith and Fulham,Inner London,18,0,10000,10000,10000
E01001892,Hammersmith and Fulham 016D,Hammersmith and Fulham,Inner London,5,0,10000,10000,10000
E01001893,Hammersmith and Fulham 013A,Hammersmith and Fulham,Inner London,9,0,10000,10000,10000
E01001894,Hammersmith and Fulham 013B,Hammersmith and Fulham,Inner London,15,0,10000,10000,10000
E01001895,Hammersmith and Fulham 009A,Hammersmith and Fulham,Inner London,10,0,10000,10000,10000
E01001896,Hammersmith and Fulham 009B,Hammersmith and Fulham,Inner London,8,0,10000,10000,10000
E01001897,Hammersmith and Fulham 009C,Hammersmith and Fulham,Inner London,10,0,10000,10000,10000
E01001898,Hammersmith and Fulham 013C,Hammersmith and Fulham,Inner London,27,0,10000,10000,10000
E01001899,Hammersmith and Fulham 013D,Hammersmith and Fulham,Inner London,12,0,10000,10000,10000
E01001900,Hammersmith and Fulham 013E,Hammersmith and Fulham,Inner London,14,0,10000,10000,10000
E01001901,Hammersmith and Fulham 019B,Hammersmith and Fulham,Inner London,7,0,10000,10000,10000
E01001902,Hammersmith and Fulham 019C,Hammersmith and Fulham,Inner London,9,0,10000,10000,10000
E01001903,Hammersmith and Fulham 019D,Hammersmith and Fulham,Inner London,12,0,10000,10000,10000
E01001904,Hammersmith and Fulham 022A,Hammersmith and Fulham,Inner London,12,0,10000,10000,10000
E01001905,Hammersmith and Fulham 022B,Hammersmith and Fulham,Inner London,9,0,10000,10000,10000
E01001906,Hammersmith and Fulham 022C,Hammersmith and Fulham,Inner London,7,0,10000,10000,10000
E01001907,Hammersmith and Fulham 022D,Hammersmith and Fulham,Inner London,8,0,10000,10000,10000
E01001908,Hammersmith and Fulham 015B,Hammersmith and Fulham,Inner London,3,0,10000,10000,10000
E01001909,Hammersmith and Fulham 015C,Hammersmith and Fulham,Inner London,9,0,10000,10000,10000
E01001910,Hammersmith and Fulham 014B,Hammersmith and Fulham,Inner London,11,0,10000,10000,10000
E01001911,Hammersmith and Fulham 015D,Hammersmith and Fulham,Inner London,15,0,10000,10000,10000
E01001912,Hammersmith and Fulham 015E,Hammersmith and Fulham,Inner London,10,0,10000,10000,10000
E01001913,Hammersmith and Fulham 014C,Hammersmith and Fulham,Inner London,10,0,10000,10000,10000
E01001914,Hammersmith and Fulham 014D,Hammersmith and Fulham,Inner London,7,0,10000,10000,10000
E01001915,Hammersmith and Fulham 024A,Hammersmith and Fulham,Inner London,43,0,10000,10000,10000
E01001916,Hammersmith and Fulham 024B,Hammersmith and Fulham,Inner London,36,0,10000,10000,10000
E01001917,Hammersmith and Fulham 018C,Hammersmith and Fulham,Inner London,11,0,10000,10000,10000
E01001918,Hammersmith and Fulham 018D,Hammersmith and Fulham,Inner London,9,0,10000,10000,10000
E01001919,Hammersmith and Fulham 018E,Hammersmith and Fulham,Inner London,15,0,10000,10000,10000
E01001920,Hammersmith and Fulham 020A,Hammersmith and Fulham,Inner London,17,0,10000,10000,10000
E01001921,Hammersmith and Fulham 020B,Hammersmith and Fulham,Inner London,10,0,10000,10000,10000
E01001922,Hammersmith and Fulham 020C,Hammersmith and Fulham,Inner London,18,0,10000,10000,10000
E01001923,Hammersmith and Fulham 020D,Hammersmith and Fulham,Inner London,11,0,10000,10000,10000
E01001924,Hammersmith and Fulham 020E,Hammersmith and Fulham,Inner London,9,0,10000,10000,10000
E01001925,Hammersmith and Fulham 025A,Hammersmith and Fulham,Inner London,16,0,10000,10000,10000
E01001926,Hammersmith and Fulham 024C,Hammersmith and Fulham,Inner London,9,0,10000,10000,10000
E01001927,Hammersmith and Fulham 008C,Hammersmith and Fulham,Inner London,23,0,10000,10000,10000
E01001928,Hammersmith and Fulham 011A,Hammersmith and Fulham,Inner London,18,0,10000,10000,10000
E01001929,Hammersmith and Fulham 009D,Hammersmith and Fulham,Inner London,8,0,10000,10000,10000
E01001930,Hammersmith and Fulham 008D,Hammersmith and Fulham,Inner London,26,0,10000,10000,10000
E01001931,Hammersmith and Fulham 011B,Hammersmith and Fulham,Inner London,6,0,10000,10000,10000
E01001932,Hammersmith and Fulham 011C,Hammersmith and Fulham,Inner London,20,0,10000,10000,10000
E01001933,Hammersmith and Fulham 011D,Hammersmith and Fulham,Inner London,20,0,10000,10000,10000
E01001934,Hammersmith and Fulham 025B,Hammersmith and Fulham,Inner London,17,0,10000,10000,10000
E01001935,Hammersmith and Fulham 023A,Hammersmith and Fulham,Inner London,10,0,10000,10000,10000
E01001937,Hammersmith and Fulham 025C,Hammersmith and Fulham,Inner London,20,0,10000,10000,10000
E01001938,Hammersmith and Fulham 025D,Hammersmith and Fulham,Inner London,11,0,10000,10000,10000
E01001940,Hammersmith and Fulham 005B,Hammersmith and Fulham,Inner London,8,0,10000,10000,10000
E01001941,Hammersmith and Fulham 005C,Hammersmith and Fulham,Inner London,15,0,10000,10000,10000
E01001942,Hammersmith and Fulham 005D,Hammersmith and Fulham,Inner London,10,0,10000,10000,10000
E01001943,Hammersmith and Fulham 004A,Hammersmith and Fulham,Inner London,44,0,10000,10000,10000
E01001944,Hammersmith and Fulham 004B,Hammersmith and Fulham,Inner London,7,0,10000,10000,10000
E01001945,Hammersmith and Fulham 004C,Hammersmith and Fulham,Inner London,11,0,10000,10000,10000
E01001946,Hammersmith and Fulham 004D,Hammersmith and Fulham,Inner London,10,0,10000,10000,10000
E01001947,Hammersmith and Fulham 021A,Hammersmith and Fulham,Inner London,5,0,10000,10000,10000
E01001948,Hammersmith and Fulham 021B,Hammersmith and Fulham,Inner London,12,0,10000,10000,10000
E01001949,Hammersmith and Fulham 021C,Hammersmith and Fulham,Inner London,7,0,10000,10000,10000
E01001950,Hammersmith and Fulham 021D,Hammersmith and Fulham,Inner London,14,0,10000,10000,10000
E01001951,Hammersmith and Fulham 021E,Hammersmith and Fulham,Inner London,10,0,10000,10000,10000
E01001952,Hammersmith and Fulham 024D,Hammersmith and Fulham,Inner London,8,0,10000,10000,10000
E01001953,Hammersmith and Fulham 021F,Hammersmith and Fulham,Inner London,7,0,10000,10000,10000
E01001954,Hammersmith and Fulham 003A,Hammersmith and Fulham,Inner London,9,0,10000,10000,10000
E01001955,Hammersmith and Fulham 002A,Hammersmith and Fulham,Inner London,21,0,10000,10000,10000
E01001956,Hammersmith and Fulham 003B,Hammersmith and Fulham,Inner London,14,0,10000,10000,10000
E01001957,Hammersmith and Fulham 002B,Hammersmith and Fulham,Inner London,9,0,10000,10000,10000
E01001958,Hammersmith and Fulham 002C,Hammersmith and Fulham,Inner London,4,0,10000,10000,10000
E01001959,Hammersmith and Fulham 003C,Hammersmith and Fulham,Inner London,20,0,10000,10000,10000
E01001960,Hammersmith and Fulham 003D,Hammersmith and Fulham,Inner London,6,0,10000,10000,10000
E01001961,Hammersmith and Fulham 002D,Hammersmith and Fulham,Inner London,8,0,10000,10000,10000
E01001962,Haringey 004A,Haringey,Outer London,53,0,10000,10000,10000
E01001963,Haringey 009A,Haringey,Outer London,49,0,10000,10000,10000
E01001964,Haringey 009B,Haringey,Outer London,62,0,10000,10000,10000
E01001965,Haringey 009C,Haringey,Outer London,12,0,10000,10000,10000
E01001966,Haringey 009D,Haringey,Outer London,54,0,10000,10000,10000
E01001967,Haringey 014A,Haringey,Outer London,16,0,10000,10000,10000
E01001968,Haringey 014B,Haringey,Outer London,15,0,10000,10000,10000
E01001969,Haringey 001A,Haringey,Outer London,14,0,10000,10000,10000
E01001970,Haringey 004B,Haringey,Outer London,24,0,10000,10000,10000
E01001971,Haringey 001B,Haringey,Outer London,14,0,10000,10000,10000
E01001972,Haringey 004C,Haringey,Outer London,20,0,10000,10000,10000
E01001973,Haringey 004D,Haringey,Outer London,40,0,10000,10000,10000
E01001974,Haringey 001C,Haringey,Outer London,19,0,10000,10000,10000
E01001975,Haringey 001D,Haringey,Outer London,12,0,10000,10000,10000
E01001976,Haringey 011A,Haringey,Outer London,11,0,10000,10000,10000
E01001977,Haringey 011B,Haringey,Outer London,8,0,10000,10000,10000
E01001978,Haringey 011C,Haringey,Outer London,12,0,10000,10000,10000
E01001979,Haringey 011D,Haringey,Outer London,20,0,10000,10000,10000
E01001980,Haringey 018A,Haringey,Outer London,11,0,10000,10000,10000
E01001981,Haringey 018B,Haringey,Outer London,7,0,10000,10000,10000
E01001982,Haringey 018C,Haringey,Outer London,13,0,10000,10000,10000
E01001983,Haringey 018D,Haringey,Outer London,9,0,10000,10000,10000
E01001984,Haringey 033A,Haringey,Outer London,22,0,10000,10000,10000
E01001985,Haringey 033B,Haringey,Outer London,17,0,10000,10000,10000
E01001986,Haringey 034A,Haringey,Outer London,14,0,10000,10000,10000
E01001987,Haringey 033C,Haringey,Outer London,30,0,10000,10000,10000
E01001988,Haringey 034B,Haringey,Outer London,15,0,10000,10000,10000
E01001989,Haringey 033D,Haringey,Outer London,30,0,10000,10000,10000
E01001990,Haringey 034C,Haringey,Outer London,18,0,10000,10000,10000
E01001991,Haringey 017A,Haringey,Outer London,14,0,10000,10000,10000
E01001992,Haringey 017B,Haringey,Outer London,40,0,10000,10000,10000
E01001993,Haringey 017C,Haringey,Outer London,26,0,10000,10000,10000
E01001994,Haringey 030A,Haringey,Outer London,32,0,10000,10000,10000
E01001995,Haringey 017D,Haringey,Outer London,40,0,10000,10000,10000
E01001996,Haringey 014C,Haringey,Outer London,26,0,10000,10000,10000
E01001997,Haringey 014D,Haringey,Outer London,20,0,10000,10000,10000
E01001998,Haringey 023A,Haringey,Outer London,16,0,10000,10000,10000
E01001999,Haringey 023B,Haringey,Outer London,12,0,10000,10000,10000
E01002000,Haringey 031A,Haringey,Outer London,18,0,10000,10000,10000
E01002001,Haringey 031B,Haringey,Outer London,11,0,10000,10000,10000
E01002002,Haringey 031C,Haringey,Outer London,67,0,10000,10000,10000
E01002003,Haringey 023C,Haringey,Outer London,22,0,10000,10000,10000
E01002004,Haringey 023D,Haringey,Outer London,12,0,10000,10000,10000
E01002005,Haringey 035A,Haringey,Outer London,10,0,10000,10000,10000
E01002006,Haringey 035B,Haringey,Outer London,11,0,10000,10000,10000
E01002007,Haringey 035C,Haringey,Outer London,18,0,10000,10000,10000
E01002008,Haringey 030B,Haringey,Outer London,63,0,10000,10000,10000
E01002009,Haringey 035D,Haringey,Outer London,21,0,10000,10000,10000
E01002010,Haringey 030C,Haringey,Outer London,63,0,10000,10000,10000
E01002011,Haringey 030D,Haringey,Outer London,66,0,10000,10000,10000
E01002013,Haringey 022A,Haringey,Outer London,12,0,10000,10000,10000
E01002014,Haringey 020B,Haringey,Outer London,15,0,10000,10000,10000
E01002015,Haringey 020C,Haringey,Outer London,13,0,10000,10000,10000
E01002016,Haringey 028A,Haringey,Outer London,15,0,10000,10000,10000
E01002017,Haringey 028B,Haringey,Outer London,15,0,10000,10000,10000
E01002018,Haringey 020D,Haringey,Outer London,13,0,10000,10000,10000
E01002019,Haringey 022B,Haringey,Outer London,24,0,10000,10000,10000
E01002020,Haringey 021A,Haringey,Outer London,28,0,10000,10000,10000
E01002021,Haringey 022C,Haringey,Outer London,18,0,10000,10000,10000
E01002022,Haringey 021B,Haringey,Outer London,20,0,10000,10000,10000
E01002023,Haringey 021C,Haringey,Outer London,15,0,10000,10000,10000
E01002024,Haringey 022D,Haringey,Outer London,17,0,10000,10000,10000
E01002025,Haringey 021D,Haringey,Outer London,41,0,10000,10000,10000
E01002026,Haringey 016A,Haringey,Outer London,13,0,10000,10000,10000
E01002027,Haringey 010A,Haringey,Outer London,12,0,10000,10000,10000
E01002028,Haringey 010B,Haringey,Outer London,13,0,10000,10000,10000
E01002029,Haringey 016B,Haringey,Outer London,25,0,10000,10000,10000
E01002030,Haringey 016C,Haringey,Outer London,25,0,10000,10000,10000
E01002031,Haringey 016D,Haringey,Outer London,15,0,10000,10000,10000
E01002032,Haringey 010C,Haringey,Outer London,10,0,10000,10000,10000
E01002033,Haringey 010D,Haringey,Outer London,12,0,10000,10000,10000
E01002034,Haringey 037A,Haringey,Outer London,29,0,10000,10000,10000
E01002036,Haringey 002A,Haringey,Outer London,18,0,10000,10000,10000
E01002037,Haringey 002B,Haringey,Outer London,77,0,10000,10000,10000
E01002038,Haringey 037B,Haringey,Outer London,11,0,10000,10000,10000
E01002039,Haringey 002C,Haringey,Outer London,7,0,10000,10000,10000
E01002040,Haringey 002D,Haringey,Outer London,15,0,10000,10000,10000
E01002041,Haringey 037C,Haringey,Outer London,13,0,10000,10000,10000
E01002042,Haringey 027A,Haringey,Outer London,25,0,10000,10000,10000
E01002043,Haringey 026A,Haringey,Outer London,10,0,10000,10000,10000
E01002044,Haringey 027B,Haringey,Outer London,9,0,10000,10000,10000
E01002045,Haringey 026B,Haringey,Outer London,14,0,10000,10000,10000
E01002046,Haringey 026C,Haringey,Outer London,17,0,10000,10000,10000
E01002047,Haringey 027C,Haringey,Outer London,11,0,10000,10000,10000
E01002048,Haringey 027D,Haringey,Outer London,11,0,10000,10000,10000
E01002049,Haringey 026D,Haringey,Outer London,12,0,10000,10000,10000
E01002050,Haringey 029A,Haringey,Outer London,10,0,10000,10000,10000
E01002051,Haringey 029B,Haringey,Outer London,12,0,10000,10000,10000
E01002052,Haringey 029C,Haringey,Outer London,19,0,10000,10000,10000
E01002053,Haringey 032A,Haringey,Outer London,15,0,10000,10000,10000
E01002054,Haringey 032B,Haringey,Outer London,8,0,10000,10000,10000
E01002055,Haringey 029D,Haringey,Outer London,10,0,10000,10000,10000
E01002056,Haringey 032C,Haringey,Outer London,21,0,10000,10000,10000
E01002057,Haringey 032D,Haringey,Outer London,16,0,10000,10000,10000
E01002058,Haringey 031D,Haringey,Outer London,14,0,10000,10000,10000
E01002059,Haringey 028C,Haringey,Outer London,25,0,10000,10000,10000
E01002060,Haringey 028D,Haringey,Outer London,11,0,10000,10000,10000
E01002061,Haringey 036A,Haringey,Outer London,15,0,10000,10000,10000
E01002062,Haringey 034D,Haringey,Outer London,20,0,10000,10000,10000
E01002063,Haringey 036B,Haringey,Outer London,15,0,10000,10000,10000
E01002064,Haringey 036C,Haringey,Outer London,8,0,10000,10000,10000
E01002065,Haringey 036D,Haringey,Outer London,13,0,10000,10000,10000
E01002066,Haringey 025A,Haringey,Outer London,21,0,10000,10000,10000
E01002067,Haringey 024A,Haringey,Outer London,15,0,10000,10000,10000
E01002068,Haringey 025B,Haringey,Outer London,29,0,10000,10000,10000
E01002069,Haringey 024B,Haringey,Outer London,17,0,10000,10000,10000
E01002070,Haringey 024C,Haringey,Outer London,16,0,10000,10000,10000
E01002071,Haringey 025C,Haringey,Outer London,11,0,10000,10000,10000
E01002072,Haringey 025D,Haringey,Outer London,15,0,10000,10000,10000
E01002073,Haringey 024D,Haringey,Outer London,13,0,10000,10000,10000
E01002074,Haringey 012A,Haringey,Outer London,15,0,10000,10000,10000
E01002075,Haringey 015A,Haringey,Outer London,39,0,10000,10000,10000
E01002076,Haringey 015B,Haringey,Outer London,12,0,10000,10000,10000
E01002077,Haringey 012B,Haringey,Outer London,16,0,10000,10000,10000
E01002078,Haringey 015C,Haringey,Outer London,28,0,10000,10000,10000
E01002079,Haringey 012C,Haringey,Outer London,8,0,10000,10000,10000
E01002081,Haringey 012D,Haringey,Outer London,14,0,10000,10000,10000
E01002082,Haringey 013A,Haringey,Outer London,22,0,10000,10000,10000
E01002083,Haringey 019A,Haringey,Outer London,13,0,10000,10000,10000
E01002084,Haringey 019B,Haringey,Outer London,31,0,10000,10000,10000
E01002085,Haringey 019C,Haringey,Outer London,14,0,10000,10000,10000
E01002086,Haringey 013B,Haringey,Outer London,23,0,10000,10000,10000
E01002087,Haringey 019D,Haringey,Outer London,12,0,10000,10000,10000
E01002088,Haringey 013C,Haringey,Outer London,23,0,10000,10000,10000
E01002089,Haringey 013D,Haringey,Outer London,5,0,10000,10000,10000
E01002090,Haringey 005A,Haringey,Outer London,22,0,10000,10000,10000
E01002091,Haringey 006A,Haringey,Outer London,22,0,10000,10000,10000
E01002092,Haringey 006B,Haringey,Outer London,22,0,10000,10000,10000
E01002093,Haringey 005B,Haringey,Outer London,23,0,10000,10000,10000
E01002094,Haringey 006C,Haringey,Outer London,26,0,10000,10000,10000
E01002095,Haringey 006D,Haringey,Outer London,26,0,10000,10000,10000
E01002096,Haringey 005C,Haringey,Outer London,20,0,10000,10000,10000
E01002097,Haringey 005D,Haringey,Outer London,8,0,10000,10000,10000
E01002098,Haringey 007A,Haringey,Outer London,19,0,10000,10000,10000
E01002099,Haringey 008A,Haringey,Outer London,15,0,10000,10000,10000
E01002100,Haringey 008B,Haringey,Outer London,13,0,10000,10000,10000
E01002101,Haringey 007B,Haringey,Outer London,22,0,10000,10000,10000
E01002102,Haringey 007C,Haringey,Outer London,31,0,10000,10000,10000
E01002103,Haringey 008C,Haringey,Outer London,16,0,10000,10000,10000
E01002104,Haringey 008D,Haringey,Outer London,18,0,10000,10000,10000
E01002105,Haringey 007D,Haringey,Outer London,13,0,10000,10000,10000
E01002106,Harrow 008A,Harrow,Outer London,29,0,10000,10000,10000
E01002107,Harrow 012A,Harrow,Outer London,25,0,10000,10000,10000
E01002108,Harrow 008B,Harrow,Outer London,20,0,10000,10000,10000
E01002109,Harrow 008C,Harrow,Outer London,49,0,10000,10000,10000
E01002110,Harrow 008D,Harrow,Outer London,28,0,10000,10000,10000
E01002111,Harrow 008E,Harrow,Outer London,28,0,10000,10000,10000
E01002112,Harrow 001A,Harrow,Outer London,79,0,10000,10000,10000
E01002113,Harrow 002A,Harrow,Outer London,61,0,10000,10000,10000
E01002114,Harrow 001B,Harrow,Outer London,289,0,10000,10000,10000
E01002115,Harrow 002B,Harrow,Outer London,34,0,10000,10000,10000
E01002116,Harrow 002C,Harrow,Outer London,32,0,10000,10000,10000
E01002118,Harrow 002E,Harrow,Outer London,28,0,10000,10000,10000
E01002119,Harrow 007A,Harrow,Outer London,23,0,10000,10000,10000
E01002120,Harrow 007B,Harrow,Outer London,17,0,10000,10000,10000
E01002121,Harrow 007C,Harrow,Outer London,28,0,10000,10000,10000
E01002122,Harrow 007D,Harrow,Outer London,22,0,10000,10000,10000
E01002123,Harrow 007E,Harrow,Outer London,15,0,10000,10000,10000
E01002124,Harrow 010A,Harrow,Outer London,17,0,10000,10000,10000
E01002125,Harrow 010B,Harrow,Outer London,16,0,10000,10000,10000
E01002127,Harrow 023B,Harrow,Outer London,26,0,10000,10000,10000
E01002128,Harrow 020A,Harrow,Outer London,20,0,10000,10000,10000
E01002129,Harrow 023C,Harrow,Outer London,44,0,10000,10000,10000
E01002130,Harrow 020B,Harrow,Outer London,29,0,10000,10000,10000
E01002131,Harrow 023D,Harrow,Outer London,15,0,10000,10000,10000
E01002132,Harrow 029A,Harrow,Outer London,41,0,10000,10000,10000
E01002133,Harrow 027A,Harrow,Outer London,43,0,10000,10000,10000
E01002134,Harrow 029B,Harrow,Outer London,119,0,10000,10000,10000
E01002135,Harrow 029C,Harrow,Outer London,45,0,10000,10000,10000
E01002136,Harrow 027B,Harrow,Outer London,37,0,10000,10000,10000
E01002137,Harrow 029D,Harrow,Outer London,59,0,10000,10000,10000
E01002138,Harrow 027C,Harrow,Outer London,13,0,10000,10000,10000
E01002139,Harrow 006A,Harrow,Outer London,24,0,10000,10000,10000
E01002140,Harrow 005A,Harrow,Outer London,25,0,10000,10000,10000
E01002141,Harrow 005B,Harrow,Outer London,28,0,10000,10000,10000
E01002142,Harrow 005C,Harrow,Outer London,36,0,10000,10000,10000
E01002143,Harrow 005D,Harrow,Outer London,18,0,10000,10000,10000
E01002144,Harrow 004A,Harrow,Outer London,298,0,10000,10000,10000
E01002145,Harrow 005E,Harrow,Outer London,30,0,10000,10000,10000
E01002146,Harrow 004B,Harrow,Outer London,85,0,10000,10000,10000
E01002147,Harrow 004C,Harrow,Outer London,62,0,10000,10000,10000
E01002148,Harrow 006B,Harrow,Outer London,34,0,10000,10000,10000
E01002149,Harrow 004D,Harrow,Outer London,30,0,10000,10000,10000
E01002150,Harrow 006C,Harrow,Outer London,44,0,10000,10000,10000
E01002151,Harrow 006D,Harrow,Outer London,28,0,10000,10000,10000
E01002152,Harrow 006E,Harrow,Outer London,47,0,10000,10000,10000
E01002153,Harrow 019A,Harrow,Outer London,28,0,10000,10000,10000
E01002155,Harrow 019B,Harrow,Outer London,77,0,10000,10000,10000
E01002156,Harrow 015B,Harrow,Outer London,36,0,10000,10000,10000
E01002157,Harrow 019C,Harrow,Outer London,27,0,10000,10000,10000
E01002158,Harrow 019D,Harrow,Outer London,28,0,10000,10000,10000
E01002159,Harrow 021A,Harrow,Outer London,23,0,10000,10000,10000
E01002160,Harrow 021B,Harrow,Outer London,28,0,10000,10000,10000
E01002161,Harrow 021C,Harrow,Outer London,25,0,10000,10000,10000
E01002162,Harrow 015C,Harrow,Outer London,20,0,10000,10000,10000
E01002163,Harrow 015D,Harrow,Outer London,23,0,10000,10000,10000
E01002164,Harrow 021D,Harrow,Outer London,26,0,10000,10000,10000
E01002165,Harrow 017A,Harrow,Outer London,22,0,10000,10000,10000
E01002166,Harrow 017B,Harrow,Outer London,16,0,10000,10000,10000
E01002167,Harrow 017C,Harrow,Outer London,17,0,10000,10000,10000
E01002168,Harrow 017D,Harrow,Outer London,16,0,10000,10000,10000
E01002169,Harrow 017E,Harrow,Outer London,21,0,10000,10000,10000
E01002170,Harrow 033A,Harrow,Outer London,18,0,10000,10000,10000
E01002171,Harrow 033B,Harrow,Outer London,18,0,10000,10000,10000
E01002172,Harrow 033C,Harrow,Outer London,36,0,10000,10000,10000
E01002173,Harrow 033D,Harrow,Outer London,18,0,10000,10000,10000
E01002174,Harrow 033E,Harrow,Outer London,20,0,10000,10000,10000
E01002175,Harrow 033F,Harrow,Outer London,22,0,10000,10000,10000
E01002176,Harrow 033G,Harrow,Outer London,44,0,10000,10000,10000
E01002177,Harrow 033H,Harrow,Outer London,17,0,10000,10000,10000
E01002178,Harrow 033I,Harrow,Outer London,21,0,10000,10000,10000
E01002179,Harrow 013A,Harrow,Outer London,26,0,10000,10000,10000
E01002181,Harrow 020C,Harrow,Outer London,40,0,10000,10000,10000
E01002182,Harrow 020D,Harrow,Outer London,20,0,10000,10000,10000
E01002183,Harrow 013C,Harrow,Outer London,21,0,10000,10000,10000
E01002184,Harrow 013D,Harrow,Outer London,17,0,10000,10000,10000
E01002185,Harrow 009A,Harrow,Outer London,17,0,10000,10000,10000
E01002186,Harrow 009B,Harrow,Outer London,35,0,10000,10000,10000
E01002187,Harrow 009C,Harrow,Outer London,43,0,10000,10000,10000
E01002188,Harrow 016A,Harrow,Outer London,49,0,10000,10000,10000
E01002189,Harrow 016B,Harrow,Outer London,42,0,10000,10000,10000
E01002190,Harrow 009D,Harrow,Outer London,138,0,10000,10000,10000
E01002191,Harrow 022A,Harrow,Outer London,48,0,10000,10000,10000
E01002192,Harrow 016C,Harrow,Outer London,45,0,10000,10000,10000
E01002193,Harrow 016D,Harrow,Outer London,35,0,10000,10000,10000
E01002194,Harrow 022B,Harrow,Outer London,41,0,10000,10000,10000
E01002195,Harrow 022C,Harrow,Outer London,29,0,10000,10000,10000
E01002196,Harrow 022D,Harrow,Outer London,38,0,10000,10000,10000
E01002197,Harrow 012B,Harrow,Outer London,17,0,10000,10000,10000
E01002198,Harrow 010C,Harrow,Outer London,16,0,10000,10000,10000
E01002199,Harrow 012C,Harrow,Outer London,20,0,10000,10000,10000
E01002200,Harrow 010D,Harrow,Outer London,37,0,10000,10000,10000
E01002201,Harrow 012D,Harrow,Outer London,26,0,10000,10000,10000
E01002202,Harrow 012E,Harrow,Outer London,21,0,10000,10000,10000
E01002203,Harrow 010E,Harrow,Outer London,28,0,10000,10000,10000
E01002204,Harrow 032A,Harrow,Outer London,21,0,10000,10000,10000
E01002206,Harrow 032B,Harrow,Outer London,18,0,10000,10000,10000
E01002207,Harrow 032C,Harrow,Outer London,18,0,10000,10000,10000
E01002208,Harrow 025A,Harrow,Outer London,29,0,10000,10000,10000
E01002209,Harrow 025B,Harrow,Outer London,27,0,10000,10000,10000
E01002210,Harrow 032D,Harrow,Outer London,21,0,10000,10000,10000
E01002211,Harrow 028A,Harrow,Outer London,18,0,10000,10000,10000
E01002212,Harrow 028B,Harrow,Outer London,27,0,10000,10000,10000
E01002214,Harrow 031A,Harrow,Outer London,19,0,10000,10000,10000
E01002215,Harrow 031B,Harrow,Outer London,15,0,10000,10000,10000
E01002216,Harrow 028C,Harrow,Outer London,26,0,10000,10000,10000
E01002217,Harrow 028D,Harrow,Outer London,15,0,10000,10000,10000
E01002218,Harrow 030A,Harrow,Outer London,33,0,10000,10000,10000
E01002219,Harrow 030B,Harrow,Outer London,28,0,10000,10000,10000
E01002220,Harrow 031C,Harrow,Outer London,17,0,10000,10000,10000
E01002221,Harrow 030C,Harrow,Outer London,18,0,10000,10000,10000
E01002222,Harrow 030D,Harrow,Outer London,23,0,10000,10000,10000
E01002223,Harrow 031D,Harrow,Outer London,22,0,10000,10000,10000
E01002224,Harrow 031E,Harrow,Outer London,17,0,10000,10000,10000
E01002225,Harrow 001C,Harrow,Outer London,203,0,10000,10000,10000
E01002226,Harrow 001D,Harrow,Outer London,62,0,10000,10000,10000
E01002227,Harrow 003A,Harrow,Outer London,33,0,10000,10000,10000
E01002228,Harrow 003B,Harrow,Outer London,44,0,10000,10000,10000
E01002229,Harrow 003C,Harrow,Outer London,61,0,10000,10000,10000
E01002230,Harrow 003D,Harrow,Outer London,43,0,10000,10000,10000
E01002231,Harrow 013E,Harrow,Outer London,20,0,10000,10000,10000
E01002232,Harrow 011A,Harrow,Outer London,21,0,10000,10000,10000
E01002233,Harrow 011B,Harrow,Outer London,20,0,10000,10000,10000
E01002234,Harrow 011C,Harrow,Outer London,17,0,10000,10000,10000
E01002235,Harrow 011D,Harrow,Outer London,19,0,10000,10000,10000
E01002236,Harrow 011E,Harrow,Outer London,23,0,10000,10000,10000
E01002237,Harrow 024A,Harrow,Outer London,14,0,10000,10000,10000
E01002238,Harrow 024B,Harrow,Outer London,34,0,10000,10000,10000
E01002239,Harrow 025C,Harrow,Outer London,36,0,10000,10000,10000
E01002240,Harrow 024C,Harrow,Outer London,18,0,10000,10000,10000
E01002241,Harrow 025D,Harrow,Outer London,23,0,10000,10000,10000
E01002242,Harrow 024D,Harrow,Outer London,27,0,10000,10000,10000
E01002243,Havering 013A,Havering,Outer London,22,0,10000,10000,10000
E01002244,Havering 011A,Havering,Outer London,35,0,10000,10000,10000
E01002245,Havering 011B,Havering,Outer London,27,0,10000,10000,10000
E01002246,Havering 017A,Havering,Outer London,56,0,10000,10000,10000
E01002247,Havering 017B,Havering,Outer London,30,0,10000,10000,10000
E01002248,Havering 017C,Havering,Outer London,55,0,10000,10000,10000
E01002250,Havering 017E,Havering,Outer London,105,0,10000,10000,10000
E01002251,Havering 017F,Havering,Outer London,32,0,10000,10000,10000
E01002252,Havering 018A,Havering,Outer London,113,0,10000,10000,10000
E01002253,Havering 019A,Havering,Outer London,105,0,10000,10000,10000
E01002254,Havering 019B,Havering,Outer London,52,0,10000,10000,10000
E01002255,Havering 022A,Havering,Outer London,59,0,10000,10000,10000
E01002256,Havering 018B,Havering,Outer London,27,0,10000,10000,10000
E01002257,Havering 019C,Havering,Outer London,76,0,10000,10000,10000
E01002258,Havering 018C,Havering,Outer London,33,0,10000,10000,10000
E01002259,Havering 018D,Havering,Outer London,188,0,10000,10000,10000
E01002260,Havering 026A,Havering,Outer London,112,0,10000,10000,10000
E01002261,Havering 026B,Havering,Outer London,21,0,10000,10000,10000
E01002262,Havering 026C,Havering,Outer London,21,0,10000,10000,10000
E01002263,Havering 026D,Havering,Outer London,83,0,10000,10000,10000
E01002264,Havering 026E,Havering,Outer London,21,0,10000,10000,10000
E01002265,Havering 025A,Havering,Outer London,55,0,10000,10000,10000
E01002266,Havering 027A,Havering,Outer London,34,0,10000,10000,10000
E01002267,Havering 027B,Havering,Outer London,18,0,10000,10000,10000
E01002268,Havering 010A,Havering,Outer London,87,0,10000,10000,10000
E01002269,Havering 010B,Havering,Outer London,76,0,10000,10000,10000
E01002270,Havering 015A,Havering,Outer London,66,0,10000,10000,10000
E01002271,Havering 015B,Havering,Outer London,55,0,10000,10000,10000
E01002272,Havering 014A,Havering,Outer London,21,0,10000,10000,10000
E01002273,Havering 015C,Havering,Outer London,82,0,10000,10000,10000
E01002274,Havering 014B,Havering,Outer London,33,0,10000,10000,10000
E01002275,Havering 015D,Havering,Outer London,44,0,10000,10000,10000
E01002276,Havering 001A,Havering,Outer London,440,0,10000,10000,10000
E01002277,Havering 002A,Havering,Outer London,145,0,10000,10000,10000
E01002278,Havering 001B,Havering,Outer London,25,0,10000,10000,10000
E01002279,Havering 002B,Havering,Outer London,33,0,10000,10000,10000
E01002280,Havering 004A,Havering,Outer London,14,0,10000,10000,10000
E01002281,Havering 002C,Havering,Outer London,40,0,10000,10000,10000
E01002282,Havering 004B,Havering,Outer London,31,0,10000,10000,10000
E01002283,Havering 002D,Havering,Outer London,24,0,10000,10000,10000
E01002284,Havering 004C,Havering,Outer London,26,0,10000,10000,10000
E01002285,Havering 025B,Havering,Outer London,47,0,10000,10000,10000
E01002286,Havering 025C,Havering,Outer London,23,0,10000,10000,10000
E01002287,Havering 023A,Havering,Outer London,22,0,10000,10000,10000
E01002288,Havering 025D,Havering,Outer London,33,0,10000,10000,10000
E01002289,Havering 022B,Havering,Outer London,26,0,10000,10000,10000
E01002290,Havering 025E,Havering,Outer London,27,0,10000,10000,10000
E01002291,Havering 023B,Havering,Outer London,31,0,10000,10000,10000
E01002292,Havering 022C,Havering,Outer London,37,0,10000,10000,10000
E01002294,Havering 007B,Havering,Outer London,125,0,10000,10000,10000
E01002295,Havering 010C,Havering,Outer London,30,0,10000,10000,10000
E01002296,Havering 007C,Havering,Outer London,404,0,10000,10000,10000
E01002297,Havering 004D,Havering,Outer London,23,0,10000,10000,10000
E01002298,Havering 007D,Havering,Outer London,44,0,10000,10000,10000
E01002299,Havering 002E,Havering,Outer London,33,0,10000,10000,10000
E01002300,Havering 007E,Havering,Outer London,33,0,10000,10000,10000
E01002301,Havering 003A,Havering,Outer London,26,0,10000,10000,10000
E01002302,Havering 005A,Havering,Outer London,27,0,10000,10000,10000
E01002303,Havering 003B,Havering,Outer London,28,0,10000,10000,10000
E01002304,Havering 003C,Havering,Outer London,526,0,10000,10000,10000
E01002305,Havering 005B,Havering,Outer London,275,0,10000,10000,10000
E01002306,Havering 003D,Havering,Outer London,19,0,10000,10000,10000
E01002307,Havering 003E,Havering,Outer London,24,0,10000,10000,10000
E01002308,Havering 005C,Havering,Outer London,46,0,10000,10000,10000
E01002309,Havering 006A,Havering,Outer London,24,0,10000,10000,10000
E01002310,Havering 006B,Havering,Outer London,31,0,10000,10000,10000
E01002311,Havering 006C,Havering,Outer London,99,0,10000,10000,10000
E01002312,Havering 001C,Havering,Outer London,88,0,10000,10000,10000
E01002313,Havering 001D,Havering,Outer London,39,0,10000,10000,10000
E01002314,Havering 004E,Havering,Outer London,17,0,10000,10000,10000
E01002315,Havering 006D,Havering,Outer London,24,0,10000,10000,10000
E01002316,Havering 004F,Havering,Outer London,23,0,10000,10000,10000
E01002317,Havering 014C,Havering,Outer London,40,0,10000,10000,10000
E01002318,Havering 014D,Havering,Outer London,30,0,10000,10000,10000
E01002319,Havering 016A,Havering,Outer London,40,0,10000,10000,10000
E01002320,Havering 021A,Havering,Outer London,17,0,10000,10000,10000
E01002321,Havering 021B,Havering,Outer London,49,0,10000,10000,10000
E01002322,Havering 021C,Havering,Outer London,41,0,10000,10000,10000
E01002323,Havering 021D,Havering,Outer London,29,0,10000,10000,10000
E01002324,Havering 021E,Havering,Outer London,44,0,10000,10000,10000
E01002325,Havering 011C,Havering,Outer London,78,0,10000,10000,10000
E01002326,Havering 005D,Havering,Outer London,25,0,10000,10000,10000
E01002327,Havering 009A,Havering,Outer London,29,0,10000,10000,10000
E01002328,Havering 009B,Havering,Outer London,30,0,10000,10000,10000
E01002329,Havering 011D,Havering,Outer London,40,0,10000,10000,10000
E01002330,Havering 011E,Havering,Outer London,47,0,10000,10000,10000
E01002331,Havering 005E,Havering,Outer London,32,0,10000,10000,10000
E01002332,Havering 009C,Havering,Outer London,29,0,10000,10000,10000
E01002333,Havering 008A,Havering,Outer London,26,0,10000,10000,10000
E01002334,Havering 008B,Havering,Outer London,97,0,10000,10000,10000
E01002335,Havering 009D,Havering,Outer London,20,0,10000,10000,10000
E01002336,Havering 008C,Havering,Outer London,25,0,10000,10000,10000
E01002337,Havering 012A,Havering,Outer London,112,0,10000,10000,10000
E01002338,Havering 009E,Havering,Outer London,24,0,10000,10000,10000
E01002339,Havering 008D,Havering,Outer London,42,0,10000,10000,10000
E01002340,Havering 009F,Havering,Outer London,22,0,10000,10000,10000
E01002341,Havering 008E,Havering,Outer London,26,0,10000,10000,10000
E01002342,Havering 030A,Havering,Outer London,19,0,10000,10000,10000
E01002343,Havering 029A,Havering,Outer London,48,0,10000,10000,10000
E01002344,Havering 029B,Havering,Outer London,1021,0,10000,10000,10000
E01002345,Havering 030B,Havering,Outer London,43,0,10000,10000,10000
E01002346,Havering 030C,Havering,Outer London,21,0,10000,10000,10000
E01002347,Havering 030D,Havering,Outer London,48,0,10000,10000,10000
E01002348,Havering 029C,Havering,Outer London,273,0,10000,10000,10000
E01002349,Havering 029D,Havering,Outer London,60,0,10000,10000,10000
E01002350,Havering 016B,Havering,Outer London,27,0,10000,10000,10000
E01002351,Havering 016C,Havering,Outer London,20,0,10000,10000,10000
E01002352,Havering 016D,Havering,Outer London,28,0,10000,10000,10000
E01002353,Havering 013B,Havering,Outer London,46,0,10000,10000,10000
E01002354,Havering 012B,Havering,Outer London,29,0,10000,10000,10000
E01002355,Havering 014E,Havering,Outer London,23,0,10000,10000,10000
E01002356,Havering 013C,Havering,Outer London,37,0,10000,10000,10000
E01002358,Havering 016E,Havering,Outer London,23,0,10000,10000,10000
E01002359,Havering 020A,Havering,Outer London,23,0,10000,10000,10000
E01002360,Havering 020B,Havering,Outer London,38,0,10000,10000,10000
E01002361,Havering 020C,Havering,Outer London,35,0,10000,10000,10000
E01002362,Havering 022D,Havering,Outer London,35,0,10000,10000,10000
E01002363,Havering 020D,Havering,Outer London,26,0,10000,10000,10000
E01002364,Havering 023C,Havering,Outer London,21,0,10000,10000,10000
E01002365,Havering 023D,Havering,Outer London,22,0,10000,10000,10000
E01002366,Havering 023E,Havering,Outer London,29,0,10000,10000,10000
E01002367,Havering 020E,Havering,Outer London,37,0,10000,10000,10000
E01002368,Havering 028A,Havering,Outer London,131,0,10000,10000,10000
E01002369,Havering 028B,Havering,Outer London,48,0,10000,10000,10000
E01002370,Havering 028C,Havering,Outer London,247,0,10000,10000,10000
E01002371,Havering 028D,Havering,Outer London,30,0,10000,10000,10000
E01002372,Havering 027C,Havering,Outer London,23,0,10000,10000,10000
E01002373,Havering 027D,Havering,Outer London,30,0,10000,10000,10000
E01002374,Havering 027E,Havering,Outer London,95,0,10000,10000,10000
E01002375,Havering 028E,Havering,Outer London,25,0,10000,10000,10000
E01002376,Havering 012C,Havering,Outer London,33,0,10000,10000,10000
E01002377,Havering 010D,Havering,Outer London,46,0,10000,10000,10000
E01002378,Havering 010E,Havering,Outer London,23,0,10000,10000,10000
E01002379,Havering 012D,Havering,Outer London,36,0,10000,10000,10000
E01002380,Havering 012E,Havering,Outer London,30,0,10000,10000,10000
E01002381,Havering 012F,Havering,Outer London,38,0,10000,10000,10000
E01002382,Havering 014F,Havering,Outer London,36,0,10000,10000,10000
E01002383,Havering 010F,Havering,Outer London,27,0,10000,10000,10000
E01002384,Havering 019D,Havering,Outer London,51,0,10000,10000,10000
E01002385,Havering 024A,Havering,Outer London,999,0,10000,10000,10000
E01002386,Havering 022E,Havering,Outer London,54,0,10000,10000,10000
E01002387,Havering 024B,Havering,Outer London,129,0,10000,10000,10000
E01002388,Havering 024C,Havering,Outer London,36,0,10000,10000,10000
E01002389,Havering 024D,Havering,Outer London,87,0,10000,10000,10000
E01002390,Havering 024E,Havering,Outer London,38,0,10000,10000,10000
E01002391,Havering 018E,Havering,Outer London,865,0,10000,10000,10000
E01002392,Hillingdon 020A,Hillingdon,Outer London,45,0,10000,10000,10000
E01002393,Hillingdon 020B,Hillingdon,Outer London,33,0,10000,10000,10000
E01002394,Hillingdon 021A,Hillingdon,Outer London,29,0,10000,10000,10000
E01002395,Hillingdon 021B,Hillingdon,Outer London,19,0,10000,10000,10000
E01002396,Hillingdon 026A,Hillingdon,Outer London,34,0,10000,10000,10000
E01002397,Hillingdon 021C,Hillingdon,Outer London,19,0,10000,10000,10000
E01002398,Hillingdon 021D,Hillingdon,Outer London,15,0,10000,10000,10000
E01002399,Hillingdon 021E,Hillingdon,Outer London,17,0,10000,10000,10000
E01002400,Hillingdon 024A,Hillingdon,Outer London,57,0,10000,10000,10000
E01002401,Hillingdon 024B,Hillingdon,Outer London,32,0,10000,10000,10000
E01002402,Hillingdon 024C,Hillingdon,Outer London,22,0,10000,10000,10000
E01002403,Hillingdon 024D,Hillingdon,Outer London,20,0,10000,10000,10000
E01002404,Hillingdon 024E,Hillingdon,Outer London,25,0,10000,10000,10000
E01002405,Hillingdon 027A,Hillingdon,Outer London,95,0,10000,10000,10000
E01002408,Hillingdon 019A,Hillingdon,Outer London,22,0,10000,10000,10000
E01002409,Hillingdon 019B,Hillingdon,Outer London,25,0,10000,10000,10000
E01002410,Hillingdon 017A,Hillingdon,Outer London,39,0,10000,10000,10000
E01002411,Hillingdon 022A,Hillingdon,Outer London,45,0,10000,10000,10000
E01002412,Hillingdon 017B,Hillingdon,Outer London,76,0,10000,10000,10000
E01002413,Hillingdon 022B,Hillingdon,Outer London,30,0,10000,10000,10000
E01002414,Hillingdon 015A,Hillingdon,Outer London,92,0,10000,10000,10000
E01002415,Hillingdon 010A,Hillingdon,Outer London,29,0,10000,10000,10000
E01002416,Hillingdon 008A,Hillingdon,Outer London,19,0,10000,10000,10000
E01002417,Hillingdon 008B,Hillingdon,Outer London,35,0,10000,10000,10000
E01002418,Hillingdon 006A,Hillingdon,Outer London,31,0,10000,10000,10000
E01002419,Hillingdon 006B,Hillingdon,Outer London,27,0,10000,10000,10000
E01002420,Hillingdon 008C,Hillingdon,Outer London,28,0,10000,10000,10000
E01002421,Hillingdon 008D,Hillingdon,Outer London,34,0,10000,10000,10000
E01002422,Hillingdon 018A,Hillingdon,Outer London,18,0,10000,10000,10000
E01002423,Hillingdon 018B,Hillingdon,Outer London,67,0,10000,10000,10000
E01002424,Hillingdon 018C,Hillingdon,Outer London,39,0,10000,10000,10000
E01002425,Hillingdon 018D,Hillingdon,Outer London,36,0,10000,10000,10000
E01002426,Hillingdon 021F,Hillingdon,Outer London,23,0,10000,10000,10000
E01002427,Hillingdon 018E,Hillingdon,Outer London,20,0,10000,10000,10000
E01002428,Hillingdon 018F,Hillingdon,Outer London,58,0,10000,10000,10000
E01002429,Hillingdon 019C,Hillingdon,Outer London,41,0,10000,10000,10000
E01002430,Hillingdon 007A,Hillingdon,Outer London,92,0,10000,10000,10000
E01002431,Hillingdon 006C,Hillingdon,Outer London,28,0,10000,10000,10000
E01002432,Hillingdon 006D,Hillingdon,Outer London,35,0,10000,10000,10000
E01002433,Hillingdon 004A,Hillingdon,Outer London,47,0,10000,10000,10000
E01002434,Hillingdon 007B,Hillingdon,Outer London,80,0,10000,10000,10000
E01002435,Hillingdon 007C,Hillingdon,Outer London,36,0,10000,10000,10000
E01002436,Hillingdon 004B,Hillingdon,Outer London,45,0,10000,10000,10000
E01002437,Hillingdon 006E,Hillingdon,Outer London,42,0,10000,10000,10000
E01002438,Hillingdon 003A,Hillingdon,Outer London,369,0,10000,10000,10000
E01002439,Hillingdon 003B,Hillingdon,Outer London,70,0,10000,10000,10000
E01002440,Hillingdon 003C,Hillingdon,Outer London,179,0,10000,10000,10000
E01002441,Hillingdon 003D,Hillingdon,Outer London,706,0,10000,10000,10000
E01002442,Hillingdon 003E,Hillingdon,Outer London,199,0,10000,10000,10000
E01002443,Hillingdon 032A,Hillingdon,Outer London,266,0,10000,10000,10000
E01002444,Hillingdon 031A,Hillingdon,Outer London,1578,0,10000,10000,10000
E01002445,Hillingdon 029A,Hillingdon,Outer London,17,0,10000,10000,10000
E01002446,Hillingdon 031B,Hillingdon,Outer London,203,0,10000,10000,10000
E01002447,Hillingdon 031C,Hillingdon,Outer London,186,0,10000,10000,10000
E01002448,Hillingdon 032B,Hillingdon,Outer London,72,0,10000,10000,10000
E01002449,Hillingdon 032C,Hillingdon,Outer London,34,0,10000,10000,10000
E01002450,Hillingdon 014A,Hillingdon,Outer London,22,0,10000,10000,10000
E01002451,Hillingdon 014B,Hillingdon,Outer London,22,0,10000,10000,10000
E01002452,Hillingdon 014C,Hillingdon,Outer London,32,0,10000,10000,10000
E01002453,Hillingdon 014D,Hillingdon,Outer London,27,0,10000,10000,10000
E01002454,Hillingdon 014E,Hillingdon,Outer London,166,0,10000,10000,10000
E01002455,Hillingdon 019D,Hillingdon,Outer London,33,0,10000,10000,10000
E01002456,Hillingdon 017C,Hillingdon,Outer London,29,0,10000,10000,10000
E01002457,Hillingdon 019E,Hillingdon,Outer London,23,0,10000,10000,10000
E01002458,Hillingdon 011A,Hillingdon,Outer London,98,0,10000,10000,10000
E01002459,Hillingdon 011B,Hillingdon,Outer London,52,0,10000,10000,10000
E01002460,Hillingdon 011C,Hillingdon,Outer London,39,0,10000,10000,10000
E01002461,Hillingdon 013A,Hillingdon,Outer London,248,0,10000,10000,10000
E01002462,Hillingdon 011D,Hillingdon,Outer London,40,0,10000,10000,10000
E01002463,Hillingdon 013B,Hillingdon,Outer London,63,0,10000,10000,10000
E01002464,Hillingdon 011E,Hillingdon,Outer London,82,0,10000,10000,10000
E01002465,Hillingdon 009A,Hillingdon,Outer London,32,0,10000,10000,10000
E01002466,Hillingdon 010B,Hillingdon,Outer London,23,0,10000,10000,10000
E01002467,Hillingdon 009B,Hillingdon,Outer London,39,0,10000,10000,10000
E01002468,Hillingdon 010C,Hillingdon,Outer London,20,0,10000,10000,10000
E01002469,Hillingdon 010D,Hillingdon,Outer London,22,0,10000,10000,10000
E01002470,Hillingdon 007D,Hillingdon,Outer London,39,0,10000,10000,10000
E01002471,Hillingdon 008E,Hillingdon,Outer London,24,0,10000,10000,10000
E01002472,Hillingdon 002A,Hillingdon,Outer London,50,0,10000,10000,10000
E01002473,Hillingdon 001A,Hillingdon,Outer London,388,0,10000,10000,10000
E01002474,Hillingdon 002B,Hillingdon,Outer London,93,0,10000,10000,10000
E01002475,Hillingdon 001B,Hillingdon,Outer London,81,0,10000,10000,10000
E01002476,Hillingdon 001C,Hillingdon,Outer London,58,0,10000,10000,10000
E01002477,Hillingdon 001D,Hillingdon,Outer London,34,0,10000,10000,10000
E01002478,Hillingdon 002C,Hillingdon,Outer London,39,0,10000,10000,10000
E01002479,Hillingdon 004C,Hillingdon,Outer London,77,0,10000,10000,10000
E01002480,Hillingdon 004D,Hillingdon,Outer London,66,0,10000,10000,10000
E01002481,Hillingdon 004E,Hillingdon,Outer London,37,0,10000,10000,10000
E01002482,Hillingdon 001E,Hillingdon,Outer London,64,0,10000,10000,10000
E01002483,Hillingdon 002D,Hillingdon,Outer London,38,0,10000,10000,10000
E01002484,Hillingdon 002E,Hillingdon,Outer London,22,0,10000,10000,10000
E01002485,Hillingdon 002F,Hillingdon,Outer London,30,0,10000,10000,10000
E01002486,Hillingdon 028A,Hillingdon,Outer London,101,0,10000,10000,10000
E01002487,Hillingdon 028B,Hillingdon,Outer London,20,0,10000,10000,10000
E01002488,Hillingdon 030B,Hillingdon,Outer London,32,0,10000,10000,10000
E01002489,Hillingdon 030C,Hillingdon,Outer London,26,0,10000,10000,10000
E01002490,Hillingdon 030D,Hillingdon,Outer London,33,0,10000,10000,10000
E01002491,Hillingdon 032D,Hillingdon,Outer London,20,0,10000,10000,10000
E01002492,Hillingdon 030E,Hillingdon,Outer London,26,0,10000,10000,10000
E01002493,Hillingdon 032E,Hillingdon,Outer London,18,0,10000,10000,10000
E01002494,Hillingdon 009C,Hillingdon,Outer London,262,0,10000,10000,10000
E01002495,Hillingdon 010E,Hillingdon,Outer London,44,0,10000,10000,10000
E01002496,Hillingdon 033A,Hillingdon,Outer London,56,0,10000,10000,10000
E01002497,Hillingdon 033B,Hillingdon,Outer London,71,0,10000,10000,10000
E01002498,Hillingdon 033C,Hillingdon,Outer London,38,0,10000,10000,10000
E01002499,Hillingdon 033D,Hillingdon,Outer London,229,0,10000,10000,10000
E01002501,Hillingdon 026B,Hillingdon,Outer London,19,0,10000,10000,10000
E01002502,Hillingdon 026C,Hillingdon,Outer London,21,0,10000,10000,10000
E01002503,Hillingdon 027C,Hillingdon,Outer London,20,0,10000,10000,10000
E01002505,Hillingdon 026D,Hillingdon,Outer London,71,0,10000,10000,10000
E01002506,Hillingdon 027E,Hillingdon,Outer London,28,0,10000,10000,10000
E01002507,Hillingdon 027F,Hillingdon,Outer London,111,0,10000,10000,10000
E01002508,Hillingdon 026E,Hillingdon,Outer London,35,0,10000,10000,10000
E01002509,Hillingdon 017D,Hillingdon,Outer London,47,0,10000,10000,10000
E01002511,Hillingdon 017E,Hillingdon,Outer London,25,0,10000,10000,10000
E01002512,Hillingdon 013C,Hillingdon,Outer London,121,0,10000,10000,10000
E01002513,Hillingdon 013D,Hillingdon,Outer London,57,0,10000,10000,10000
E01002514,Hillingdon 015C,Hillingdon,Outer London,27,0,10000,10000,10000
E01002516,Hillingdon 013E,Hillingdon,Outer London,58,0,10000,10000,10000
E01002518,Hillingdon 022C,Hillingdon,Outer London,23,0,10000,10000,10000
E01002519,Hillingdon 022D,Hillingdon,Outer London,65,0,10000,10000,10000
E01002520,Hillingdon 016B,Hillingdon,Outer London,53,0,10000,10000,10000
E01002521,Hillingdon 016C,Hillingdon,Outer London,54,0,10000,10000,10000
E01002523,Hillingdon 016D,Hillingdon,Outer London,16,0,10000,10000,10000
E01002525,Hillingdon 029B,Hillingdon,Outer London,50,0,10000,10000,10000
E01002526,Hillingdon 028C,Hillingdon,Outer London,29,0,10000,10000,10000
E01002527,Hillingdon 031D,Hillingdon,Outer London,89,0,10000,10000,10000
E01002528,Hillingdon 028D,Hillingdon,Outer London,34,0,10000,10000,10000
E01002529,Hillingdon 029C,Hillingdon,Outer London,24,0,10000,10000,10000
E01002530,Hillingdon 029D,Hillingdon,Outer London,27,0,10000,10000,10000
E01002531,Hillingdon 029E,Hillingdon,Outer London,37,0,10000,10000,10000
E01002533,Hillingdon 005A,Hillingdon,Outer London,129,0,10000,10000,10000
E01002534,Hillingdon 005B,Hillingdon,Outer London,39,0,10000,10000,10000
E01002535,Hillingdon 007E,Hillingdon,Outer London,42,0,10000,10000,10000
E01002536,Hillingdon 009D,Hillingdon,Outer London,40,0,10000,10000,10000
E01002537,Hillingdon 009E,Hillingdon,Outer London,44,0,10000,10000,10000
E01002538,Hillingdon 005C,Hillingdon,Outer London,104,0,10000,10000,10000
E01002539,Hillingdon 005D,Hillingdon,Outer London,38,0,10000,10000,10000
E01002540,Hillingdon 020C,Hillingdon,Outer London,24,0,10000,10000,10000
E01002541,Hillingdon 023A,Hillingdon,Outer London,40,0,10000,10000,10000
E01002542,Hillingdon 020D,Hillingdon,Outer London,17,0,10000,10000,10000
E01002543,Hillingdon 020E,Hillingdon,Outer London,25,0,10000,10000,10000
E01002544,Hillingdon 023B,Hillingdon,Outer London,61,0,10000,10000,10000
E01002545,Hillingdon 023C,Hillingdon,Outer London,27,0,10000,10000,10000
E01002546,Hillingdon 023D,Hillingdon,Outer London,20,0,10000,10000,10000
E01002547,Hillingdon 023E,Hillingdon,Outer London,20,0,10000,10000,10000
E01002548,Hillingdon 025A,Hillingdon,Outer London,115,0,10000,10000,10000
E01002549,Hillingdon 025B,Hillingdon,Outer London,62,0,10000,10000,10000
E01002550,Hillingdon 022E,Hillingdon,Outer London,28,0,10000,10000,10000
E01002551,Hillingdon 025C,Hillingdon,Outer London,29,0,10000,10000,10000
E01002552,Hillingdon 025D,Hillingdon,Outer London,25,0,10000,10000,10000
E01002553,Hillingdon 025E,Hillingdon,Outer London,18,0,10000,10000,10000
E01002555,Hounslow 022A,Hounslow,Outer London,74,0,10000,10000,10000
E01002556,Hounslow 022B,Hounslow,Outer London,18,0,10000,10000,10000
E01002557,Hounslow 023A,Hounslow,Outer London,33,0,10000,10000,10000
E01002558,Hounslow 023B,Hounslow,Outer London,23,0,10000,10000,10000
E01002559,Hounslow 023C,Hounslow,Outer London,240,0,10000,10000,10000
E01002560,Hounslow 023D,Hounslow,Outer London,32,0,10000,10000,10000
E01002561,Hounslow 023E,Hounslow,Outer London,27,0,10000,10000,10000
E01002562,Hounslow 030D,Hounslow,Outer London,94,0,10000,10000,10000
E01002563,Hounslow 006A,Hounslow,Outer London,49,0,10000,10000,10000
E01002564,Hounslow 031E,Hounslow,Outer London,22,0,10000,10000,10000
E01002565,Hounslow 006B,Hounslow,Outer London,46,0,10000,10000,10000
E01002567,Hounslow 006C,Hounslow,Outer London,21,0,10000,10000,10000
E01002569,Hounslow 001A,Hounslow,Outer London,20,0,10000,10000,10000
E01002570,Hounslow 001B,Hounslow,Outer London,17,0,10000,10000,10000
E01002571,Hounslow 007A,Hounslow,Outer London,26,0,10000,10000,10000
E01002572,Hounslow 007B,Hounslow,Outer London,87,0,10000,10000,10000
E01002573,Hounslow 001C,Hounslow,Outer London,17,0,10000,10000,10000
E01002574,Hounslow 001D,Hounslow,Outer London,17,0,10000,10000,10000
E01002575,Hounslow 001E,Hounslow,Outer London,20,0,10000,10000,10000
E01002576,Hounslow 008A,Hounslow,Outer London,17,0,10000,10000,10000
E01002577,Hounslow 007C,Hounslow,Outer London,37,0,10000,10000,10000
E01002578,Hounslow 007D,Hounslow,Outer London,49,0,10000,10000,10000
E01002579,Hounslow 008B,Hounslow,Outer London,42,0,10000,10000,10000
E01002580,Hounslow 008C,Hounslow,Outer London,13,0,10000,10000,10000
E01002581,Hounslow 008D,Hounslow,Outer London,18,0,10000,10000,10000
E01002582,Hounslow 008E,Hounslow,Outer London,16,0,10000,10000,10000
E01002583,Hounslow 013A,Hounslow,Outer London,40,0,10000,10000,10000
E01002584,Hounslow 013B,Hounslow,Outer London,32,0,10000,10000,10000
E01002585,Hounslow 013C,Hounslow,Outer London,21,0,10000,10000,10000
E01002586,Hounslow 013D,Hounslow,Outer London,44,0,10000,10000,10000
E01002587,Hounslow 016A,Hounslow,Outer London,24,0,10000,10000,10000
E01002588,Hounslow 016B,Hounslow,Outer London,12,0,10000,10000,10000
E01002589,Hounslow 013E,Hounslow,Outer London,98,0,10000,10000,10000
E01002590,Hounslow 022C,Hounslow,Outer London,36,0,10000,10000,10000
E01002591,Hounslow 024A,Hounslow,Outer London,32,0,10000,10000,10000
E01002592,Hounslow 022D,Hounslow,Outer London,176,0,10000,10000,10000
E01002593,Hounslow 024B,Hounslow,Outer London,41,0,10000,10000,10000
E01002594,Hounslow 024C,Hounslow,Outer London,27,0,10000,10000,10000
E01002595,Hounslow 022E,Hounslow,Outer London,28,0,10000,10000,10000
E01002596,Hounslow 027A,Hounslow,Outer London,45,0,10000,10000,10000
E01002598,Hounslow 025B,Hounslow,Outer London,22,0,10000,10000,10000
E01002599,Hounslow 025C,Hounslow,Outer London,18,0,10000,10000,10000
E01002600,Hounslow 025D,Hounslow,Outer London,18,0,10000,10000,10000
E01002601,Hounslow 027B,Hounslow,Outer London,155,0,10000,10000,10000
E01002602,Hounslow 027C,Hounslow,Outer London,22,0,10000,10000,10000
E01002603,Hounslow 025E,Hounslow,Outer London,21,0,10000,10000,10000
E01002604,Hounslow 026A,Hounslow,Outer London,30,0,10000,10000,10000
E01002605,Hounslow 026B,Hounslow,Outer London,36,0,10000,10000,10000
E01002606,Hounslow 026C,Hounslow,Outer London,22,0,10000,10000,10000
E01002607,Hounslow 026D,Hounslow,Outer London,33,0,10000,10000,10000
E01002608,Hounslow 028A,Hounslow,Outer London,34,0,10000,10000,10000
E01002609,Hounslow 028B,Hounslow,Outer London,19,0,10000,10000,10000
E01002610,Hounslow 028C,Hounslow,Outer London,156,0,10000,10000,10000
E01002611,Hounslow 024D,Hounslow,Outer London,87,0,10000,10000,10000
E01002612,Hounslow 024E,Hounslow,Outer London,33,0,10000,10000,10000
E01002613,Hounslow 024F,Hounslow,Outer London,22,0,10000,10000,10000
E01002614,Hounslow 027D,Hounslow,Outer London,59,0,10000,10000,10000
E01002615,Hounslow 026E,Hounslow,Outer London,92,0,10000,10000,10000
E01002616,Hounslow 027E,Hounslow,Outer London,23,0,10000,10000,10000
E01002617,Hounslow 028D,Hounslow,Outer London,47,0,10000,10000,10000
E01002618,Hounslow 011A,Hounslow,Outer London,17,0,10000,10000,10000
E01002619,Hounslow 010A,Hounslow,Outer London,22,0,10000,10000,10000
E01002620,Hounslow 004A,Hounslow,Outer London,38,0,10000,10000,10000
E01002621,Hounslow 011B,Hounslow,Outer London,30,0,10000,10000,10000
E01002622,Hounslow 010B,Hounslow,Outer London,20,0,10000,10000,10000
E01002623,Hounslow 011C,Hounslow,Outer London,21,0,10000,10000,10000
E01002624,Hounslow 017A,Hounslow,Outer London,22,0,10000,10000,10000
E01002625,Hounslow 004B,Hounslow,Outer London,19,0,10000,10000,10000
E01002626,Hounslow 004C,Hounslow,Outer London,36,0,10000,10000,10000
E01002627,Hounslow 004D,Hounslow,Outer London,13,0,10000,10000,10000
E01002628,Hounslow 011D,Hounslow,Outer London,32,0,10000,10000,10000
E01002629,Hounslow 011E,Hounslow,Outer London,54,0,10000,10000,10000
E01002630,Hounslow 012A,Hounslow,Outer London,26,0,10000,10000,10000
E01002631,Hounslow 004E,Hounslow,Outer London,22,0,10000,10000,10000
E01002632,Hounslow 010C,Hounslow,Outer London,37,0,10000,10000,10000
E01002633,Hounslow 005A,Hounslow,Outer London,98,0,10000,10000,10000
E01002634,Hounslow 005B,Hounslow,Outer London,24,0,10000,10000,10000
E01002635,Hounslow 010D,Hounslow,Outer London,53,0,10000,10000,10000
E01002636,Hounslow 010E,Hounslow,Outer London,24,0,10000,10000,10000
E01002637,Hounslow 005C,Hounslow,Outer London,68,0,10000,10000,10000
E01002638,Hounslow 005D,Hounslow,Outer London,76,0,10000,10000,10000
E01002639,Hounslow 012B,Hounslow,Outer London,21,0,10000,10000,10000
E01002640,Hounslow 012C,Hounslow,Outer London,22,0,10000,10000,10000
E01002641,Hounslow 018A,Hounslow,Outer London,22,0,10000,10000,10000
E01002643,Hounslow 015B,Hounslow,Outer London,34,0,10000,10000,10000
E01002645,Hounslow 015C,Hounslow,Outer London,27,0,10000,10000,10000
E01002646,Hounslow 017B,Hounslow,Outer London,16,0,10000,10000,10000
E01002647,Hounslow 021A,Hounslow,Outer London,18,0,10000,10000,10000
E01002649,Hounslow 018D,Hounslow,Outer London,21,0,10000,10000,10000
E01002650,Hounslow 021B,Hounslow,Outer London,170,0,10000,10000,10000
E01002651,Hounslow 021C,Hounslow,Outer London,13,0,10000,10000,10000
E01002652,Hounslow 021D,Hounslow,Outer London,21,0,10000,10000,10000
E01002653,Hounslow 019A,Hounslow,Outer London,18,0,10000,10000,10000
E01002654,Hounslow 019B,Hounslow,Outer London,39,0,10000,10000,10000
E01002655,Hounslow 019C,Hounslow,Outer London,27,0,10000,10000,10000
E01002656,Hounslow 019D,Hounslow,Outer London,23,0,10000,10000,10000
E01002657,Hounslow 018E,Hounslow,Outer London,22,0,10000,10000,10000
E01002658,Hounslow 015D,Hounslow,Outer London,18,0,10000,10000,10000
E01002659,Hounslow 019E,Hounslow,Outer London,30,0,10000,10000,10000
E01002660,Hounslow 016C,Hounslow,Outer London,28,0,10000,10000,10000
E01002661,Hounslow 016D,Hounslow,Outer London,24,0,10000,10000,10000
E01002662,Hounslow 017C,Hounslow,Outer London,25,0,10000,10000,10000
E01002663,Hounslow 017D,Hounslow,Outer London,16,0,10000,10000,10000
E01002665,Hounslow 016E,Hounslow,Outer London,12,0,10000,10000,10000
E01002666,Hounslow 021E,Hounslow,Outer London,27,0,10000,10000,10000
E01002667,Hounslow 020A,Hounslow,Outer London,33,0,10000,10000,10000
E01002668,Hounslow 014A,Hounslow,Outer London,31,0,10000,10000,10000
E01002669,Hounslow 014B,Hounslow,Outer London,31,0,10000,10000,10000
E01002670,Hounslow 020B,Hounslow,Outer London,48,0,10000,10000,10000
E01002671,Hounslow 020C,Hounslow,Outer London,26,0,10000,10000,10000
E01002672,Hounslow 020D,Hounslow,Outer London,25,0,10000,10000,10000
E01002673,Hounslow 020E,Hounslow,Outer London,6,0,10000,10000,10000
E01002674,Hounslow 012D,Hounslow,Outer London,29,0,10000,10000,10000
E01002675,Hounslow 009A,Hounslow,Outer London,32,0,10000,10000,10000
E01002676,Hounslow 012E,Hounslow,Outer London,96,0,10000,10000,10000
E01002677,Hounslow 015E,Hounslow,Outer London,19,0,10000,10000,10000
E01002678,Hounslow 009B,Hounslow,Outer London,365,0,10000,10000,10000
E01002679,Hounslow 009C,Hounslow,Outer London,45,0,10000,10000,10000
E01002680,Hounslow 009D,Hounslow,Outer London,41,0,10000,10000,10000
E01002681,Hounslow 014C,Hounslow,Outer London,32,0,10000,10000,10000
E01002682,Hounslow 014D,Hounslow,Outer London,46,0,10000,10000,10000
E01002686,Hounslow 006E,Hounslow,Outer London,98,0,10000,10000,10000
E01002687,Hounslow 029A,Hounslow,Outer London,19,0,10000,10000,10000
E01002689,Hounslow 007E,Hounslow,Outer London,14,0,10000,10000,10000
E01002690,Hounslow 007F,Hounslow,Outer London,18,0,10000,10000,10000
E01002691,Hounslow 029B,Hounslow,Outer London,51,0,10000,10000,10000
E01002692,Hounslow 029C,Hounslow,Outer London,34,0,10000,10000,10000
E01002693,Hounslow 029D,Hounslow,Outer London,19,0,10000,10000,10000
E01002694,Islington 019A,Islington,Inner London,8,0,10000,10000,10000
E01002695,Islington 021A,Islington,Inner London,10,0,10000,10000,10000
E01002696,Islington 020A,Islington,Inner London,15,0,10000,10000,10000
E01002697,Islington 019B,Islington,Inner London,13,0,10000,10000,10000
E01002698,Islington 017A,Islington,Inner London,12,0,10000,10000,10000
E01002699,Islington 017B,Islington,Inner London,9,0,10000,10000,10000
E01002700,Islington 017C,Islington,Inner London,19,0,10000,10000,10000
E01002701,Islington 023A,Islington,Inner London,10,0,10000,10000,10000
E01002702,Islington 023B,Islington,Inner London,11,0,10000,10000,10000
E01002703,Islington 023C,Islington,Inner London,10,0,10000,10000,10000
E01002704,Islington 023D,Islington,Inner London,31,0,10000,10000,10000
E01002706,Islington 023E,Islington,Inner London,14,0,10000,10000,10000
E01002707,Islington 022B,Islington,Inner London,12,0,10000,10000,10000
E01002708,Islington 015A,Islington,Inner London,31,0,10000,10000,10000
E01002709,Islington 019C,Islington,Inner London,10,0,10000,10000,10000
E01002710,Islington 019D,Islington,Inner London,13,0,10000,10000,10000
E01002711,Islington 021B,Islington,Inner London,12,0,10000,10000,10000
E01002712,Islington 015B,Islington,Inner London,13,0,10000,10000,10000
E01002713,Islington 015C,Islington,Inner London,13,0,10000,10000,10000
E01002714,Islington 017D,Islington,Inner London,9,0,10000,10000,10000
E01002715,Islington 019E,Islington,Inner London,6,0,10000,10000,10000
E01002716,Islington 014A,Islington,Inner London,15,0,10000,10000,10000
E01002717,Islington 016A,Islington,Inner London,12,0,10000,10000,10000
E01002718,Islington 014B,Islington,Inner London,9,0,10000,10000,10000
E01002719,Islington 016B,Islington,Inner London,16,0,10000,10000,10000
E01002720,Islington 016C,Islington,Inner London,10,0,10000,10000,10000
E01002721,Islington 014C,Islington,Inner London,12,0,10000,10000,10000
E01002722,Islington 018A,Islington,Inner London,9,0,10000,10000,10000
E01002723,Islington 022C,Islington,Inner London,12,0,10000,10000,10000
E01002724,Islington 022D,Islington,Inner London,28,0,10000,10000,10000
E01002725,Islington 022E,Islington,Inner London,6,0,10000,10000,10000
E01002726,Islington 022F,Islington,Inner London,17,0,10000,10000,10000
E01002727,Islington 021C,Islington,Inner London,11,0,10000,10000,10000
E01002728,Islington 021D,Islington,Inner London,9,0,10000,10000,10000
E01002729,Islington 021E,Islington,Inner London,14,0,10000,10000,10000
E01002730,Islington 007A,Islington,Inner London,16,0,10000,10000,10000
E01002732,Islington 005A,Islington,Inner London,11,0,10000,10000,10000
E01002733,Islington 007C,Islington,Inner London,8,0,10000,10000,10000
E01002734,Islington 005B,Islington,Inner London,12,0,10000,10000,10000
E01002735,Islington 003A,Islington,Inner London,11,0,10000,10000,10000
E01002736,Islington 005C,Islington,Inner London,7,0,10000,10000,10000
E01002737,Islington 005D,Islington,Inner London,7,0,10000,10000,10000
E01002738,Islington 009A,Islington,Inner London,28,0,10000,10000,10000
E01002739,Islington 013A,Islington,Inner London,9,0,10000,10000,10000
E01002740,Islington 013B,Islington,Inner London,20,0,10000,10000,10000
E01002741,Islington 009B,Islington,Inner London,11,0,10000,10000,10000
E01002742,Islington 006A,Islington,Inner London,12,0,10000,10000,10000
E01002743,Islington 009C,Islington,Inner London,8,0,10000,10000,10000
E01002744,Islington 009D,Islington,Inner London,9,0,10000,10000,10000
E01002745,Islington 013C,Islington,Inner London,12,0,10000,10000,10000
E01002747,Islington 006B,Islington,Inner London,10,0,10000,10000,10000
E01002748,Islington 006C,Islington,Inner London,16,0,10000,10000,10000
E01002749,Islington 006D,Islington,Inner London,8,0,10000,10000,10000
E01002751,Islington 005E,Islington,Inner London,8,0,10000,10000,10000
E01002752,Islington 009E,Islington,Inner London,9,0,10000,10000,10000
E01002753,Islington 002A,Islington,Inner London,9,0,10000,10000,10000
E01002754,Islington 002B,Islington,Inner London,11,0,10000,10000,10000
E01002755,Islington 001A,Islington,Inner London,9,0,10000,10000,10000
E01002756,Islington 001B,Islington,Inner London,13,0,10000,10000,10000
E01002757,Islington 002C,Islington,Inner London,7,0,10000,10000,10000
E01002758,Islington 001C,Islington,Inner London,11,0,10000,10000,10000
E01002759,Islington 002D,Islington,Inner London,13,0,10000,10000,10000
E01002760,Islington 002E,Islington,Inner London,9,0,10000,10000,10000
E01002762,Islington 011C,Islington,Inner London,15,0,10000,10000,10000
E01002763,Islington 007D,Islington,Inner London,11,0,10000,10000,10000
E01002764,Islington 010A,Islington,Inner London,13,0,10000,10000,10000
E01002765,Islington 015D,Islington,Inner London,17,0,10000,10000,10000
E01002766,Islington 015E,Islington,Inner London,14,0,10000,10000,10000
E01002767,Islington 011D,Islington,Inner London,14,0,10000,10000,10000
E01002768,Islington 004A,Islington,Inner London,10,0,10000,10000,10000
E01002769,Islington 008A,Islington,Inner London,20,0,10000,10000,10000
E01002770,Islington 004B,Islington,Inner London,23,0,10000,10000,10000
E01002771,Islington 004C,Islington,Inner London,12,0,10000,10000,10000
E01002772,Islington 002F,Islington,Inner London,8,0,10000,10000,10000
E01002773,Islington 004D,Islington,Inner London,10,0,10000,10000,10000
E01002774,Islington 004E,Islington,Inner London,19,0,10000,10000,10000
E01002775,Islington 014D,Islington,Inner London,11,0,10000,10000,10000
E01002776,Islington 014E,Islington,Inner London,10,0,10000,10000,10000
E01002777,Islington 012A,Islington,Inner London,13,0,10000,10000,10000
E01002778,Islington 012B,Islington,Inner London,11,0,10000,10000,10000
E01002779,Islington 012C,Islington,Inner London,10,0,10000,10000,10000
E01002780,Islington 014F,Islington,Inner London,7,0,10000,10000,10000
E01002781,Islington 012D,Islington,Inner London,13,0,10000,10000,10000
E01002782,Islington 012E,Islington,Inner London,8,0,10000,10000,10000
E01002783,Islington 010B,Islington,Inner London,11,0,10000,10000,10000
E01002784,Islington 010C,Islington,Inner London,11,0,10000,10000,10000
E01002785,Islington 008B,Islington,Inner London,14,0,10000,10000,10000
E01002786,Islington 010D,Islington,Inner London,11,0,10000,10000,10000
E01002787,Islington 010E,Islington,Inner London,10,0,10000,10000,10000
E01002788,Islington 008C,Islington,Inner London,15,0,10000,10000,10000
E01002789,Islington 008D,Islington,Inner London,12,0,10000,10000,10000
E01002790,Islington 016D,Islington,Inner London,10,0,10000,10000,10000
E01002791,Islington 016E,Islington,Inner London,15,0,10000,10000,10000
E01002792,Islington 017E,Islington,Inner London,9,0,10000,10000,10000
E01002793,Islington 016F,Islington,Inner London,11,0,10000,10000,10000
E01002794,Islington 020B,Islington,Inner London,18,0,10000,10000,10000
E01002795,Islington 013D,Islington,Inner London,17,0,10000,10000,10000
E01002796,Islington 013E,Islington,Inner London,9,0,10000,10000,10000
E01002797,Islington 018B,Islington,Inner London,11,0,10000,10000,10000
E01002798,Islington 018C,Islington,Inner London,16,0,10000,10000,10000
E01002799,Islington 018D,Islington,Inner London,8,0,10000,10000,10000
E01002800,Islington 018E,Islington,Inner London,6,0,10000,10000,10000
E01002801,Islington 020C,Islington,Inner London,9,0,10000,10000,10000
E01002802,Islington 020D,Islington,Inner London,14,0,10000,10000,10000
E01002804,Islington 001D,Islington,Inner London,12,0,10000,10000,10000
E01002805,Islington 003B,Islington,Inner London,14,0,10000,10000,10000
E01002806,Islington 003C,Islington,Inner London,9,0,10000,10000,10000
E01002807,Islington 001E,Islington,Inner London,11,0,10000,10000,10000
E01002808,Islington 003D,Islington,Inner London,12,0,10000,10000,10000
E01002809,Islington 003E,Islington,Inner London,9,0,10000,10000,10000
E01002810,Islington 003F,Islington,Inner London,8,0,10000,10000,10000
E01002811,Islington 001F,Islington,Inner London,10,0,10000,10000,10000
E01002812,Kensington and Chelsea 013A,Kensington and Chelsea,Inner London,10,0,10000,10000,10000
E01002813,Kensington and Chelsea 011A,Kensington and Chelsea,Inner London,8,0,10000,10000,10000
E01002814,Kensington and Chelsea 015A,Kensington and Chelsea,Inner London,14,0,10000,10000,10000
E01002815,Kensington and Chelsea 011B,Kensington and Chelsea,Inner London,6,0,10000,10000,10000
E01002816,Kensington and Chelsea 011C,Kensington and Chelsea,Inner London,8,0,10000,10000,10000
E01002817,Kensington and Chelsea 011D,Kensington and Chelsea,Inner London,16,0,10000,10000,10000
E01002818,Kensington and Chelsea 012A,Kensington and Chelsea,Inner London,20,0,10000,10000,10000
E01002819,Kensington and Chelsea 012B,Kensington and Chelsea,Inner London,23,0,10000,10000,10000
E01002821,Kensington and Chelsea 014A,Kensington and Chelsea,Inner London,19,0,10000,10000,10000
E01002823,Kensington and Chelsea 014B,Kensington and Chelsea,Inner London,8,0,10000,10000,10000
E01002824,Kensington and Chelsea 008A,Kensington and Chelsea,Inner London,15,0,10000,10000,10000
E01002825,Kensington and Chelsea 008B,Kensington and Chelsea,Inner London,16,0,10000,10000,10000
E01002826,Kensington and Chelsea 008C,Kensington and Chelsea,Inner London,22,0,10000,10000,10000
E01002827,Kensington and Chelsea 008D,Kensington and Chelsea,Inner London,27,0,10000,10000,10000
E01002828,Kensington and Chelsea 008E,Kensington and Chelsea,Inner London,10,0,10000,10000,10000
E01002829,Kensington and Chelsea 004A,Kensington and Chelsea,Inner London,7,0,10000,10000,10000
E01002830,Kensington and Chelsea 004B,Kensington and Chelsea,Inner London,8,0,10000,10000,10000
E01002831,Kensington and Chelsea 004C,Kensington and Chelsea,Inner London,13,0,10000,10000,10000
E01002832,Kensington and Chelsea 004D,Kensington and Chelsea,Inner London,9,0,10000,10000,10000
E01002833,Kensington and Chelsea 007A,Kensington and Chelsea,Inner London,6,0,10000,10000,10000
E01002834,Kensington and Chelsea 013B,Kensington and Chelsea,Inner London,5,0,10000,10000,10000
E01002835,Kensington and Chelsea 016C,Kensington and Chelsea,Inner London,17,0,10000,10000,10000
E01002836,Kensington and Chelsea 016D,Kensington and Chelsea,Inner London,6,0,10000,10000,10000
E01002837,Kensington and Chelsea 016E,Kensington and Chelsea,Inner London,6,0,10000,10000,10000
E01002839,Kensington and Chelsea 013C,Kensington and Chelsea,Inner London,5,0,10000,10000,10000
E01002840,Kensington and Chelsea 021A,Kensington and Chelsea,Inner London,10,0,10000,10000,10000
E01002841,Kensington and Chelsea 021B,Kensington and Chelsea,Inner London,11,0,10000,10000,10000
E01002842,Kensington and Chelsea 021C,Kensington and Chelsea,Inner London,3,0,10000,10000,10000
E01002843,Kensington and Chelsea 021D,Kensington and Chelsea,Inner London,6,0,10000,10000,10000
E01002844,Kensington and Chelsea 019A,Kensington and Chelsea,Inner London,15,0,10000,10000,10000
E01002845,Kensington and Chelsea 019B,Kensington and Chelsea,Inner London,6,0,10000,10000,10000
E01002846,Kensington and Chelsea 017A,Kensington and Chelsea,Inner London,11,0,10000,10000,10000
E01002847,Kensington and Chelsea 015B,Kensington and Chelsea,Inner London,8,0,10000,10000,10000
E01002848,Kensington and Chelsea 015C,Kensington and Chelsea,Inner London,9,0,10000,10000,10000
E01002849,Kensington and Chelsea 017B,Kensington and Chelsea,Inner London,6,0,10000,10000,10000
E01002850,Kensington and Chelsea 013D,Kensington and Chelsea,Inner London,7,0,10000,10000,10000
E01002851,Kensington and Chelsea 015D,Kensington and Chelsea,Inner London,6,0,10000,10000,10000
E01002852,Kensington and Chelsea 001A,Kensington and Chelsea,Inner London,52,0,10000,10000,10000
E01002853,Kensington and Chelsea 001B,Kensington and Chelsea,Inner London,5,0,10000,10000,10000
E01002854,Kensington and Chelsea 001C,Kensington and Chelsea,Inner London,13,0,10000,10000,10000
E01002855,Kensington and Chelsea 001D,Kensington and Chelsea,Inner London,9,0,10000,10000,10000
E01002856,Kensington and Chelsea 004E,Kensington and Chelsea,Inner London,8,0,10000,10000,10000
E01002857,Kensington and Chelsea 001E,Kensington and Chelsea,Inner London,6,0,10000,10000,10000
E01002858,Kensington and Chelsea 014C,Kensington and Chelsea,Inner London,6,0,10000,10000,10000
E01002859,Kensington and Chelsea 012C,Kensington and Chelsea,Inner London,12,0,10000,10000,10000
E01002860,Kensington and Chelsea 012D,Kensington and Chelsea,Inner London,9,0,10000,10000,10000
E01002861,Kensington and Chelsea 014D,Kensington and Chelsea,Inner London,9,0,10000,10000,10000
E01002862,Kensington and Chelsea 014E,Kensington and Chelsea,Inner London,4,0,10000,10000,10000
E01002863,Kensington and Chelsea 012E,Kensington and Chelsea,Inner London,12,0,10000,10000,10000
E01002864,Kensington and Chelsea 009A,Kensington and Chelsea,Inner London,30,0,10000,10000,10000
E01002865,Kensington and Chelsea 011E,Kensington and Chelsea,Inner London,13,0,10000,10000,10000
E01002866,Kensington and Chelsea 009B,Kensington and Chelsea,Inner London,15,0,10000,10000,10000
E01002867,Kensington and Chelsea 009C,Kensington and Chelsea,Inner London,10,0,10000,10000,10000
E01002868,Kensington and Chelsea 009D,Kensington and Chelsea,Inner London,26,0,10000,10000,10000
E01002869,Kensington and Chelsea 009E,Kensington and Chelsea,Inner London,11,0,10000,10000,10000
E01002870,Kensington and Chelsea 005A,Kensington and Chelsea,Inner London,13,0,10000,10000,10000
E01002871,Kensington and Chelsea 007B,Kensington and Chelsea,Inner London,13,0,10000,10000,10000
E01002872,Kensington and Chelsea 005B,Kensington and Chelsea,Inner London,8,0,10000,10000,10000
E01002873,Kensington and Chelsea 007C,Kensington and Chelsea,Inner London,13,0,10000,10000,10000
E01002874,Kensington and Chelsea 007D,Kensington and Chelsea,Inner London,8,0,10000,10000,10000
E01002875,Kensington and Chelsea 007E,Kensington and Chelsea,Inner London,16,0,10000,10000,10000
E01002876,Kensington and Chelsea 003A,Kensington and Chelsea,Inner London,12,0,10000,10000,10000
E01002877,Kensington and Chelsea 003B,Kensington and Chelsea,Inner London,18,0,10000,10000,10000
E01002878,Kensington and Chelsea 003C,Kensington and Chelsea,Inner London,12,0,10000,10000,10000
E01002879,Kensington and Chelsea 005C,Kensington and Chelsea,Inner London,7,0,10000,10000,10000
E01002880,Kensington and Chelsea 005D,Kensington and Chelsea,Inner London,7,0,10000,10000,10000
E01002881,Kensington and Chelsea 005E,Kensington and Chelsea,Inner London,7,0,10000,10000,10000
E01002882,Kensington and Chelsea 006A,Kensington and Chelsea,Inner London,11,0,10000,10000,10000
E01002883,Kensington and Chelsea 006B,Kensington and Chelsea,Inner London,11,0,10000,10000,10000
E01002884,Kensington and Chelsea 006C,Kensington and Chelsea,Inner London,8,0,10000,10000,10000
E01002885,Kensington and Chelsea 006D,Kensington and Chelsea,Inner London,6,0,10000,10000,10000
E01002886,Kensington and Chelsea 006E,Kensington and Chelsea,Inner London,12,0,10000,10000,10000
E01002887,Kensington and Chelsea 010A,Kensington and Chelsea,Inner London,7,0,10000,10000,10000
E01002888,Kensington and Chelsea 013E,Kensington and Chelsea,Inner London,7,0,10000,10000,10000
E01002889,Kensington and Chelsea 010B,Kensington and Chelsea,Inner London,11,0,10000,10000,10000
E01002890,Kensington and Chelsea 010C,Kensington and Chelsea,Inner London,17,0,10000,10000,10000
E01002891,Kensington and Chelsea 010D,Kensington and Chelsea,Inner London,10,0,10000,10000,10000
E01002892,Kensington and Chelsea 010E,Kensington and Chelsea,Inner London,8,0,10000,10000,10000
E01002893,Kensington and Chelsea 017C,Kensington and Chelsea,Inner London,10,0,10000,10000,10000
E01002894,Kensington and Chelsea 017D,Kensington and Chelsea,Inner London,9,0,10000,10000,10000
E01002896,Kensington and Chelsea 020C,Kensington and Chelsea,Inner London,13,0,10000,10000,10000
E01002897,Kensington and Chelsea 020D,Kensington and Chelsea,Inner London,14,0,10000,10000,10000
E01002898,Kensington and Chelsea 017E,Kensington and Chelsea,Inner London,15,0,10000,10000,10000
E01002899,Kensington and Chelsea 018A,Kensington and Chelsea,Inner London,7,0,10000,10000,10000
E01002900,Kensington and Chelsea 018B,Kensington and Chelsea,Inner London,13,0,10000,10000,10000
E01002901,Kensington and Chelsea 018C,Kensington and Chelsea,Inner London,32,0,10000,10000,10000
E01002902,Kensington and Chelsea 018D,Kensington and Chelsea,Inner London,16,0,10000,10000,10000
E01002903,Kensington and Chelsea 018E,Kensington and Chelsea,Inner London,10,0,10000,10000,10000
E01002904,Kensington and Chelsea 002A,Kensington and Chelsea,Inner London,10,0,10000,10000,10000
E01002905,Kensington and Chelsea 002B,Kensington and Chelsea,Inner London,17,0,10000,10000,10000
E01002906,Kensington and Chelsea 002C,Kensington and Chelsea,Inner London,19,0,10000,10000,10000
E01002907,Kensington and Chelsea 002D,Kensington and Chelsea,Inner London,7,0,10000,10000,10000
E01002908,Kensington and Chelsea 003D,Kensington and Chelsea,Inner London,10,0,10000,10000,10000
E01002909,Kensington and Chelsea 003E,Kensington and Chelsea,Inner London,9,0,10000,10000,10000
E01002910,Kensington and Chelsea 019C,Kensington and Chelsea,Inner London,14,0,10000,10000,10000
E01002911,Kensington and Chelsea 019D,Kensington and Chelsea,Inner London,10,0,10000,10000,10000
E01002912,Kensington and Chelsea 020E,Kensington and Chelsea,Inner London,14,0,10000,10000,10000
E01002913,Kensington and Chelsea 021E,Kensington and Chelsea,Inner London,10,0,10000,10000,10000
E01002914,Kensington and Chelsea 019E,Kensington and Chelsea,Inner London,18,0,10000,10000,10000
E01002915,Kingston upon Thames 014A,Kingston upon Thames,Outer London,28,0,10000,10000,10000
E01002916,Kingston upon Thames 014B,Kingston upon Thames,Outer London,45,0,10000,10000,10000
E01002917,Kingston upon Thames 014C,Kingston upon Thames,Outer London,27,0,10000,10000,10000
E01002918,Kingston upon Thames 017A,Kingston upon Thames,Outer London,43,0,10000,10000,10000
E01002919,Kingston upon Thames 017B,Kingston upon Thames,Outer London,77,0,10000,10000,10000
E01002920,Kingston upon Thames 014D,Kingston upon Thames,Outer London,47,0,10000,10000,10000
E01002921,Kingston upon Thames 011A,Kingston upon Thames,Outer London,18,0,10000,10000,10000
E01002922,Kingston upon Thames 010A,Kingston upon Thames,Outer London,33,0,10000,10000,10000
E01002923,Kingston upon Thames 013A,Kingston upon Thames,Outer London,12,0,10000,10000,10000
E01002924,Kingston upon Thames 014E,Kingston upon Thames,Outer London,31,0,10000,10000,10000
E01002925,Kingston upon Thames 013B,Kingston upon Thames,Outer London,23,0,10000,10000,10000
E01002926,Kingston upon Thames 010B,Kingston upon Thames,Outer London,30,0,10000,10000,10000
E01002927,Kingston upon Thames 008A,Kingston upon Thames,Outer London,21,0,10000,10000,10000
E01002928,Kingston upon Thames 008B,Kingston upon Thames,Outer London,27,0,10000,10000,10000
E01002929,Kingston upon Thames 007A,Kingston upon Thames,Outer London,62,0,10000,10000,10000
E01002930,Kingston upon Thames 007B,Kingston upon Thames,Outer London,23,0,10000,10000,10000
E01002931,Kingston upon Thames 007C,Kingston upon Thames,Outer London,32,0,10000,10000,10000
E01002932,Kingston upon Thames 006A,Kingston upon Thames,Outer London,23,0,10000,10000,10000
E01002933,Kingston upon Thames 004A,Kingston upon Thames,Outer London,16,0,10000,10000,10000
E01002934,Kingston upon Thames 004B,Kingston upon Thames,Outer London,20,0,10000,10000,10000
E01002935,Kingston upon Thames 003A,Kingston upon Thames,Outer London,19,0,10000,10000,10000
E01002937,Kingston upon Thames 004D,Kingston upon Thames,Outer London,14,0,10000,10000,10000
E01002938,Kingston upon Thames 003B,Kingston upon Thames,Outer London,26,0,10000,10000,10000
E01002939,Kingston upon Thames 018A,Kingston upon Thames,Outer London,28,0,10000,10000,10000
E01002940,Kingston upon Thames 020A,Kingston upon Thames,Outer London,22,0,10000,10000,10000
E01002941,Kingston upon Thames 018B,Kingston upon Thames,Outer London,63,0,10000,10000,10000
E01002942,Kingston upon Thames 018C,Kingston upon Thames,Outer London,19,0,10000,10000,10000
E01002943,Kingston upon Thames 020B,Kingston upon Thames,Outer London,32,0,10000,10000,10000
E01002944,Kingston upon Thames 019A,Kingston upon Thames,Outer London,33,0,10000,10000,10000
E01002945,Kingston upon Thames 019B,Kingston upon Thames,Outer London,23,0,10000,10000,10000
E01002946,Kingston upon Thames 019C,Kingston upon Thames,Outer London,48,0,10000,10000,10000
E01002947,Kingston upon Thames 019D,Kingston upon Thames,Outer London,29,0,10000,10000,10000
E01002948,Kingston upon Thames 020C,Kingston upon Thames,Outer London,528,0,10000,10000,10000
E01002949,Kingston upon Thames 020D,Kingston upon Thames,Outer London,29,0,10000,10000,10000
E01002950,Kingston upon Thames 020E,Kingston upon Thames,Outer London,97,0,10000,10000,10000
E01002951,Kingston upon Thames 003C,Kingston upon Thames,Outer London,23,0,10000,10000,10000
E01002952,Kingston upon Thames 002A,Kingston upon Thames,Outer London,140,0,10000,10000,10000
E01002953,Kingston upon Thames 002B,Kingston upon Thames,Outer London,115,0,10000,10000,10000
E01002954,Kingston upon Thames 003D,Kingston upon Thames,Outer London,22,0,10000,10000,10000
E01002955,Kingston upon Thames 002C,Kingston upon Thames,Outer London,48,0,10000,10000,10000
E01002956,Kingston upon Thames 002D,Kingston upon Thames,Outer London,65,0,10000,10000,10000
E01002957,Kingston upon Thames 003E,Kingston upon Thames,Outer London,23,0,10000,10000,10000
E01002958,Kingston upon Thames 008C,Kingston upon Thames,Outer London,20,0,10000,10000,10000
E01002959,Kingston upon Thames 002E,Kingston upon Thames,Outer London,41,0,10000,10000,10000
E01002960,Kingston upon Thames 006B,Kingston upon Thames,Outer London,28,0,10000,10000,10000
E01002961,Kingston upon Thames 008D,Kingston upon Thames,Outer London,35,0,10000,10000,10000
E01002962,Kingston upon Thames 006C,Kingston upon Thames,Outer London,26,0,10000,10000,10000
E01002963,Kingston upon Thames 007D,Kingston upon Thames,Outer London,18,0,10000,10000,10000
E01002964,Kingston upon Thames 005A,Kingston upon Thames,Outer London,34,0,10000,10000,10000
E01002965,Kingston upon Thames 009A,Kingston upon Thames,Outer London,36,0,10000,10000,10000
E01002966,Kingston upon Thames 010C,Kingston upon Thames,Outer London,49,0,10000,10000,10000
E01002967,Kingston upon Thames 009B,Kingston upon Thames,Outer London,20,0,10000,10000,10000
E01002968,Kingston upon Thames 009C,Kingston upon Thames,Outer London,56,0,10000,10000,10000
E01002969,Kingston upon Thames 005B,Kingston upon Thames,Outer London,6,0,10000,10000,10000
E01002970,Kingston upon Thames 006D,Kingston upon Thames,Outer London,30,0,10000,10000,10000
E01002971,Kingston upon Thames 005C,Kingston upon Thames,Outer London,30,0,10000,10000,10000
E01002972,Kingston upon Thames 005D,Kingston upon Thames,Outer London,18,0,10000,10000,10000
E01002973,Kingston upon Thames 006E,Kingston upon Thames,Outer London,26,0,10000,10000,10000
E01002974,Kingston upon Thames 005E,Kingston upon Thames,Outer London,21,0,10000,10000,10000
E01002975,Kingston upon Thames 012A,Kingston upon Thames,Outer London,33,0,10000,10000,10000
E01002976,Kingston upon Thames 015A,Kingston upon Thames,Outer London,30,0,10000,10000,10000
E01002977,Kingston upon Thames 012B,Kingston upon Thames,Outer London,28,0,10000,10000,10000
E01002978,Kingston upon Thames 015B,Kingston upon Thames,Outer London,37,0,10000,10000,10000
E01002979,Kingston upon Thames 015C,Kingston upon Thames,Outer London,35,0,10000,10000,10000
E01002980,Kingston upon Thames 012C,Kingston upon Thames,Outer London,21,0,10000,10000,10000
E01002981,Kingston upon Thames 012D,Kingston upon Thames,Outer London,38,0,10000,10000,10000
E01002982,Kingston upon Thames 015D,Kingston upon Thames,Outer London,25,0,10000,10000,10000
E01002983,Kingston upon Thames 015E,Kingston upon Thames,Outer London,66,0,10000,10000,10000
E01002984,Kingston upon Thames 012E,Kingston upon Thames,Outer London,26,0,10000,10000,10000
E01002985,Kingston upon Thames 007E,Kingston upon Thames,Outer London,19,0,10000,10000,10000
E01002986,Kingston upon Thames 008E,Kingston upon Thames,Outer London,43,0,10000,10000,10000
E01002987,Kingston upon Thames 011B,Kingston upon Thames,Outer London,22,0,10000,10000,10000
E01002988,Kingston upon Thames 011C,Kingston upon Thames,Outer London,28,0,10000,10000,10000
E01002989,Kingston upon Thames 011D,Kingston upon Thames,Outer London,14,0,10000,10000,10000
E01002990,Kingston upon Thames 009D,Kingston upon Thames,Outer London,19,0,10000,10000,10000
E01002991,Kingston upon Thames 009E,Kingston upon Thames,Outer London,24,0,10000,10000,10000
E01002992,Kingston upon Thames 010D,Kingston upon Thames,Outer London,31,0,10000,10000,10000
E01002993,Kingston upon Thames 013C,Kingston upon Thames,Outer London,16,0,10000,10000,10000
E01002994,Kingston upon Thames 016A,Kingston upon Thames,Outer London,32,0,10000,10000,10000
E01002995,Kingston upon Thames 013D,Kingston upon Thames,Outer London,42,0,10000,10000,10000
E01002996,Kingston upon Thames 016B,Kingston upon Thames,Outer London,20,0,10000,10000,10000
E01002997,Kingston upon Thames 016C,Kingston upon Thames,Outer London,25,0,10000,10000,10000
E01002998,Kingston upon Thames 016D,Kingston upon Thames,Outer London,13,0,10000,10000,10000
E01002999,Kingston upon Thames 013E,Kingston upon Thames,Outer London,19,0,10000,10000,10000
E01003000,Kingston upon Thames 017C,Kingston upon Thames,Outer London,115,0,10000,10000,10000
E01003001,Kingston upon Thames 017D,Kingston upon Thames,Outer London,37,0,10000,10000,10000
E01003002,Kingston upon Thames 016E,Kingston upon Thames,Outer London,28,0,10000,10000,10000
E01003003,Kingston upon Thames 017E,Kingston upon Thames,Outer London,23,0,10000,10000,10000
E01003004,Kingston upon Thames 018D,Kingston upon Thames,Outer London,33,0,10000,10000,10000
E01003005,Kingston upon Thames 018E,Kingston upon Thames,Outer London,21,0,10000,10000,10000
E01003006,Kingston upon Thames 001A,Kingston upon Thames,Outer London,31,0,10000,10000,10000
E01003007,Kingston upon Thames 001B,Kingston upon Thames,Outer London,17,0,10000,10000,10000
E01003008,Kingston upon Thames 001C,Kingston upon Thames,Outer London,22,0,10000,10000,10000
E01003009,Kingston upon Thames 001D,Kingston upon Thames,Outer London,27,0,10000,10000,10000
E01003010,Kingston upon Thames 001E,Kingston upon Thames,Outer London,31,0,10000,10000,10000
E01003011,Kingston upon Thames 004E,Kingston upon Thames,Outer London,26,0,10000,10000,10000
E01003013,Lambeth 036A,Lambeth,Inner London,35,0,10000,10000,10000
E01003014,Lambeth 036B,Lambeth,Inner London,19,0,10000,10000,10000
E01003015,Lambeth 002A,Lambeth,Inner London,10,0,10000,10000,10000
E01003016,Lambeth 036C,Lambeth,Inner London,18,0,10000,10000,10000
E01003017,Lambeth 036D,Lambeth,Inner London,11,0,10000,10000,10000
E01003018,Lambeth 020A,Lambeth,Inner London,18,0,10000,10000,10000
E01003019,Lambeth 015A,Lambeth,Inner London,14,0,10000,10000,10000
E01003020,Lambeth 016A,Lambeth,Inner London,14,0,10000,10000,10000
E01003021,Lambeth 021A,Lambeth,Inner London,15,0,10000,10000,10000
E01003022,Lambeth 021B,Lambeth,Inner London,12,0,10000,10000,10000
E01003023,Lambeth 021C,Lambeth,Inner London,12,0,10000,10000,10000
E01003024,Lambeth 021D,Lambeth,Inner London,11,0,10000,10000,10000
E01003025,Lambeth 021E,Lambeth,Inner London,15,0,10000,10000,10000
E01003026,Lambeth 019A,Lambeth,Inner London,39,0,10000,10000,10000
E01003027,Lambeth 019B,Lambeth,Inner London,12,0,10000,10000,10000
E01003028,Lambeth 019C,Lambeth,Inner London,13,0,10000,10000,10000
E01003029,Lambeth 017A,Lambeth,Inner London,13,0,10000,10000,10000
E01003030,Lambeth 019D,Lambeth,Inner London,17,0,10000,10000,10000
E01003031,Lambeth 023A,Lambeth,Inner London,9,0,10000,10000,10000
E01003032,Lambeth 017B,Lambeth,Inner London,20,0,10000,10000,10000
E01003033,Lambeth 019E,Lambeth,Inner London,13,0,10000,10000,10000
E01003034,Lambeth 012A,Lambeth,Inner London,12,0,10000,10000,10000
E01003035,Lambeth 012B,Lambeth,Inner London,12,0,10000,10000,10000
E01003036,Lambeth 012C,Lambeth,Inner London,11,0,10000,10000,10000
E01003037,Lambeth 013A,Lambeth,Inner London,12,0,10000,10000,10000
E01003038,Lambeth 013B,Lambeth,Inner London,11,0,10000,10000,10000
E01003039,Lambeth 013C,Lambeth,Inner London,20,0,10000,10000,10000
E01003040,Lambeth 013D,Lambeth,Inner London,13,0,10000,10000,10000
E01003041,Lambeth 017C,Lambeth,Inner London,10,0,10000,10000,10000
E01003042,Lambeth 013E,Lambeth,Inner London,10,0,10000,10000,10000
E01003043,Lambeth 018A,Lambeth,Inner London,7,0,10000,10000,10000
E01003044,Lambeth 018B,Lambeth,Inner London,6,0,10000,10000,10000
E01003045,Lambeth 011A,Lambeth,Inner London,14,0,10000,10000,10000
E01003046,Lambeth 009A,Lambeth,Inner London,10,0,10000,10000,10000
E01003047,Lambeth 011B,Lambeth,Inner London,16,0,10000,10000,10000
E01003048,Lambeth 009B,Lambeth,Inner London,12,0,10000,10000,10000
E01003049,Lambeth 011C,Lambeth,Inner London,11,0,10000,10000,10000
E01003050,Lambeth 016B,Lambeth,Inner London,13,0,10000,10000,10000
E01003051,Lambeth 018C,Lambeth,Inner London,19,0,10000,10000,10000
E01003052,Lambeth 016C,Lambeth,Inner London,13,0,10000,10000,10000
E01003053,Lambeth 015B,Lambeth,Inner London,10,0,10000,10000,10000
E01003054,Lambeth 015C,Lambeth,Inner London,10,0,10000,10000,10000
E01003055,Lambeth 016D,Lambeth,Inner London,14,0,10000,10000,10000
E01003056,Lambeth 015D,Lambeth,Inner London,8,0,10000,10000,10000
E01003057,Lambeth 017D,Lambeth,Inner London,9,0,10000,10000,10000
E01003058,Lambeth 015E,Lambeth,Inner London,10,0,10000,10000,10000
E01003059,Lambeth 011D,Lambeth,Inner London,7,0,10000,10000,10000
E01003060,Lambeth 011E,Lambeth,Inner London,7,0,10000,10000,10000
E01003061,Lambeth 011F,Lambeth,Inner London,10,0,10000,10000,10000
E01003062,Lambeth 033A,Lambeth,Inner London,11,0,10000,10000,10000
E01003063,Lambeth 033B,Lambeth,Inner London,12,0,10000,10000,10000
E01003064,Lambeth 028A,Lambeth,Inner London,16,0,10000,10000,10000
E01003065,Lambeth 031A,Lambeth,Inner London,11,0,10000,10000,10000
E01003066,Lambeth 028B,Lambeth,Inner London,36,0,10000,10000,10000
E01003067,Lambeth 033C,Lambeth,Inner London,18,0,10000,10000,10000
E01003068,Lambeth 031B,Lambeth,Inner London,18,0,10000,10000,10000
E01003069,Lambeth 033D,Lambeth,Inner London,23,0,10000,10000,10000
E01003070,Lambeth 033E,Lambeth,Inner London,12,0,10000,10000,10000
E01003071,Lambeth 018D,Lambeth,Inner London,20,0,10000,10000,10000
E01003072,Lambeth 014A,Lambeth,Inner London,22,0,10000,10000,10000
E01003073,Lambeth 014B,Lambeth,Inner London,17,0,10000,10000,10000
E01003074,Lambeth 018E,Lambeth,Inner London,71,0,10000,10000,10000
E01003075,Lambeth 009C,Lambeth,Inner London,9,0,10000,10000,10000
E01003076,Lambeth 014C,Lambeth,Inner London,38,0,10000,10000,10000
E01003077,Lambeth 014D,Lambeth,Inner London,11,0,10000,10000,10000
E01003078,Lambeth 014E,Lambeth,Inner London,20,0,10000,10000,10000
E01003079,Lambeth 027A,Lambeth,Inner London,22,0,10000,10000,10000
E01003080,Lambeth 027B,Lambeth,Inner London,14,0,10000,10000,10000
E01003081,Lambeth 028C,Lambeth,Inner London,21,0,10000,10000,10000
E01003082,Lambeth 031C,Lambeth,Inner London,9,0,10000,10000,10000
E01003083,Lambeth 030A,Lambeth,Inner London,13,0,10000,10000,10000
E01003084,Lambeth 030B,Lambeth,Inner London,16,0,10000,10000,10000
E01003085,Lambeth 030C,Lambeth,Inner London,25,0,10000,10000,10000
E01003086,Lambeth 031D,Lambeth,Inner London,16,0,10000,10000,10000
E01003087,Lambeth 031E,Lambeth,Inner London,14,0,10000,10000,10000
E01003088,Lambeth 010A,Lambeth,Inner London,11,0,10000,10000,10000
E01003089,Lambeth 008A,Lambeth,Inner London,12,0,10000,10000,10000
E01003090,Lambeth 012D,Lambeth,Inner London,14,0,10000,10000,10000
E01003091,Lambeth 008B,Lambeth,Inner London,9,0,10000,10000,10000
E01003092,Lambeth 008C,Lambeth,Inner London,15,0,10000,10000,10000
E01003093,Lambeth 010B,Lambeth,Inner London,8,0,10000,10000,10000
E01003094,Lambeth 010C,Lambeth,Inner London,8,0,10000,10000,10000
E01003095,Lambeth 012E,Lambeth,Inner London,15,0,10000,10000,10000
E01003096,Lambeth 010D,Lambeth,Inner London,13,0,10000,10000,10000
E01003097,Lambeth 006A,Lambeth,Inner London,11,0,10000,10000,10000
E01003098,Lambeth 005A,Lambeth,Inner London,8,0,10000,10000,10000
E01003099,Lambeth 005B,Lambeth,Inner London,30,0,10000,10000,10000
E01003100,Lambeth 005C,Lambeth,Inner London,11,0,10000,10000,10000
E01003101,Lambeth 003A,Lambeth,Inner London,14,0,10000,10000,10000
E01003102,Lambeth 004A,Lambeth,Inner London,17,0,10000,10000,10000
E01003104,Lambeth 004C,Lambeth,Inner London,7,0,10000,10000,10000
E01003105,Lambeth 003B,Lambeth,Inner London,10,0,10000,10000,10000
E01003106,Lambeth 003C,Lambeth,Inner London,12,0,10000,10000,10000
E01003107,Lambeth 003D,Lambeth,Inner London,12,0,10000,10000,10000
E01003108,Lambeth 002B,Lambeth,Inner London,6,0,10000,10000,10000
E01003110,Lambeth 002C,Lambeth,Inner London,14,0,10000,10000,10000
E01003111,Lambeth 002D,Lambeth,Inner London,7,0,10000,10000,10000
E01003112,Lambeth 002E,Lambeth,Inner London,15,0,10000,10000,10000
E01003113,Lambeth 032A,Lambeth,Inner London,17,0,10000,10000,10000
E01003114,Lambeth 032B,Lambeth,Inner London,21,0,10000,10000,10000
E01003115,Lambeth 034A,Lambeth,Inner London,11,0,10000,10000,10000
E01003116,Lambeth 029A,Lambeth,Inner London,27,0,10000,10000,10000
E01003117,Lambeth 029B,Lambeth,Inner London,17,0,10000,10000,10000
E01003118,Lambeth 029C,Lambeth,Inner London,23,0,10000,10000,10000
E01003119,Lambeth 032C,Lambeth,Inner London,19,0,10000,10000,10000
E01003120,Lambeth 032D,Lambeth,Inner London,15,0,10000,10000,10000
E01003121,Lambeth 006B,Lambeth,Inner London,8,0,10000,10000,10000
E01003122,Lambeth 004D,Lambeth,Inner London,11,0,10000,10000,10000
E01003123,Lambeth 006C,Lambeth,Inner London,13,0,10000,10000,10000
E01003124,Lambeth 006D,Lambeth,Inner London,7,0,10000,10000,10000
E01003125,Lambeth 006E,Lambeth,Inner London,6,0,10000,10000,10000
E01003126,Lambeth 008D,Lambeth,Inner London,10,0,10000,10000,10000
E01003127,Lambeth 010E,Lambeth,Inner London,13,0,10000,10000,10000
E01003128,Lambeth 008E,Lambeth,Inner London,9,0,10000,10000,10000
E01003129,Lambeth 004E,Lambeth,Inner London,10,0,10000,10000,10000
E01003130,Lambeth 026A,Lambeth,Inner London,16,0,10000,10000,10000
E01003131,Lambeth 026B,Lambeth,Inner London,18,0,10000,10000,10000
E01003132,Lambeth 024A,Lambeth,Inner London,16,0,10000,10000,10000
E01003133,Lambeth 027C,Lambeth,Inner London,17,0,10000,10000,10000
E01003134,Lambeth 027D,Lambeth,Inner London,15,0,10000,10000,10000
E01003135,Lambeth 026C,Lambeth,Inner London,11,0,10000,10000,10000
E01003136,Lambeth 022A,Lambeth,Inner London,13,0,10000,10000,10000
E01003137,Lambeth 022B,Lambeth,Inner London,10,0,10000,10000,10000
E01003138,Lambeth 026D,Lambeth,Inner London,12,0,10000,10000,10000
E01003139,Lambeth 035A,Lambeth,Inner London,13,0,10000,10000,10000
E01003140,Lambeth 035B,Lambeth,Inner London,15,0,10000,10000,10000
E01003141,Lambeth 034B,Lambeth,Inner London,16,0,10000,10000,10000
E01003142,Lambeth 035C,Lambeth,Inner London,13,0,10000,10000,10000
E01003143,Lambeth 035D,Lambeth,Inner London,16,0,10000,10000,10000
E01003144,Lambeth 034C,Lambeth,Inner London,50,0,10000,10000,10000
E01003145,Lambeth 034D,Lambeth,Inner London,17,0,10000,10000,10000
E01003146,Lambeth 035E,Lambeth,Inner London,11,0,10000,10000,10000
E01003147,Lambeth 034E,Lambeth,Inner London,18,0,10000,10000,10000
E01003148,Lambeth 032E,Lambeth,Inner London,19,0,10000,10000,10000
E01003149,Lambeth 030D,Lambeth,Inner London,26,0,10000,10000,10000
E01003150,Lambeth 032F,Lambeth,Inner London,15,0,10000,10000,10000
E01003151,Lambeth 026E,Lambeth,Inner London,15,0,10000,10000,10000
E01003152,Lambeth 027E,Lambeth,Inner London,21,0,10000,10000,10000
E01003153,Lambeth 029D,Lambeth,Inner London,11,0,10000,10000,10000
E01003154,Lambeth 030E,Lambeth,Inner London,18,0,10000,10000,10000
E01003155,Lambeth 029E,Lambeth,Inner London,17,0,10000,10000,10000
E01003156,Lambeth 023B,Lambeth,Inner London,11,0,10000,10000,10000
E01003157,Lambeth 023C,Lambeth,Inner London,16,0,10000,10000,10000
E01003158,Lambeth 023D,Lambeth,Inner London,14,0,10000,10000,10000
E01003159,Lambeth 022C,Lambeth,Inner London,13,0,10000,10000,10000
E01003160,Lambeth 022D,Lambeth,Inner London,9,0,10000,10000,10000
E01003161,Lambeth 023E,Lambeth,Inner London,13,0,10000,10000,10000
E01003162,Lambeth 022E,Lambeth,Inner London,12,0,10000,10000,10000
E01003163,Lambeth 023F,Lambeth,Inner London,22,0,10000,10000,10000
E01003164,Lambeth 025A,Lambeth,Inner London,20,0,10000,10000,10000
E01003165,Lambeth 025B,Lambeth,Inner London,17,0,10000,10000,10000
E01003166,Lambeth 028D,Lambeth,Inner London,20,0,10000,10000,10000
E01003167,Lambeth 028E,Lambeth,Inner London,21,0,10000,10000,10000
E01003168,Lambeth 025C,Lambeth,Inner London,19,0,10000,10000,10000
E01003169,Lambeth 025D,Lambeth,Inner London,17,0,10000,10000,10000
E01003170,Lambeth 025E,Lambeth,Inner London,34,0,10000,10000,10000
E01003171,Lambeth 020B,Lambeth,Inner London,13,0,10000,10000,10000
E01003172,Lambeth 024B,Lambeth,Inner London,13,0,10000,10000,10000
E01003173,Lambeth 020C,Lambeth,Inner London,12,0,10000,10000,10000
E01003174,Lambeth 024C,Lambeth,Inner London,16,0,10000,10000,10000
E01003175,Lambeth 024D,Lambeth,Inner London,11,0,10000,10000,10000
E01003176,Lambeth 016E,Lambeth,Inner London,13,0,10000,10000,10000
E01003177,Lambeth 020D,Lambeth,Inner London,11,0,10000,10000,10000
E01003178,Lambeth 020E,Lambeth,Inner London,9,0,10000,10000,10000
E01003179,Lambeth 024E,Lambeth,Inner London,7,0,10000,10000,10000
E01003180,Lambeth 005D,Lambeth,Inner London,15,0,10000,10000,10000
E01003181,Lambeth 007A,Lambeth,Inner London,9,0,10000,10000,10000
E01003182,Lambeth 009D,Lambeth,Inner London,14,0,10000,10000,10000
E01003183,Lambeth 005E,Lambeth,Inner London,13,0,10000,10000,10000
E01003184,Lambeth 007B,Lambeth,Inner London,5,0,10000,10000,10000
E01003185,Lambeth 007C,Lambeth,Inner London,10,0,10000,10000,10000
E01003186,Lambeth 007D,Lambeth,Inner London,22,0,10000,10000,10000
E01003187,Lambeth 007E,Lambeth,Inner London,16,0,10000,10000,10000
E01003188,Lambeth 009E,Lambeth,Inner London,9,0,10000,10000,10000
E01003189,Lewisham 034A,Lewisham,Inner London,19,0,10000,10000,10000
E01003190,Lewisham 034B,Lewisham,Inner London,35,0,10000,10000,10000
E01003191,Lewisham 034C,Lewisham,Inner London,19,0,10000,10000,10000
E01003192,Lewisham 034D,Lewisham,Inner London,98,0,10000,10000,10000
E01003193,Lewisham 029A,Lewisham,Inner London,35,0,10000,10000,10000
E01003194,Lewisham 029B,Lewisham,Inner London,33,0,10000,10000,10000
E01003195,Lewisham 029C,Lewisham,Inner London,20,0,10000,10000,10000
E01003196,Lewisham 029D,Lewisham,Inner London,28,0,10000,10000,10000
E01003197,Lewisham 029E,Lewisham,Inner London,21,0,10000,10000,10000
E01003198,Lewisham 009A,Lewisham,Inner London,17,0,10000,10000,10000
E01003199,Lewisham 007A,Lewisham,Inner London,32,0,10000,10000,10000
E01003200,Lewisham 009B,Lewisham,Inner London,73,0,10000,10000,10000
E01003201,Lewisham 007B,Lewisham,Inner London,16,0,10000,10000,10000
E01003202,Lewisham 009C,Lewisham,Inner London,23,0,10000,10000,10000
E01003203,Lewisham 009D,Lewisham,Inner London,18,0,10000,10000,10000
E01003204,Lewisham 007C,Lewisham,Inner London,26,0,10000,10000,10000
E01003205,Lewisham 007D,Lewisham,Inner London,10,0,10000,10000,10000
E01003206,Lewisham 007E,Lewisham,Inner London,20,0,10000,10000,10000
E01003207,Lewisham 005A,Lewisham,Inner London,12,0,10000,10000,10000
E01003209,Lewisham 005B,Lewisham,Inner London,15,0,10000,10000,10000
E01003210,Lewisham 005C,Lewisham,Inner London,17,0,10000,10000,10000
E01003211,Lewisham 008B,Lewisham,Inner London,22,0,10000,10000,10000
E01003212,Lewisham 005D,Lewisham,Inner London,23,0,10000,10000,10000
E01003213,Lewisham 008C,Lewisham,Inner London,20,0,10000,10000,10000
E01003214,Lewisham 008D,Lewisham,Inner London,17,0,10000,10000,10000
E01003215,Lewisham 005E,Lewisham,Inner London,22,0,10000,10000,10000
E01003216,Lewisham 025A,Lewisham,Inner London,22,0,10000,10000,10000
E01003217,Lewisham 022A,Lewisham,Inner London,15,0,10000,10000,10000
E01003218,Lewisham 022B,Lewisham,Inner London,14,0,10000,10000,10000
E01003219,Lewisham 025B,Lewisham,Inner London,24,0,10000,10000,10000
E01003220,Lewisham 022C,Lewisham,Inner London,16,0,10000,10000,10000
E01003221,Lewisham 025C,Lewisham,Inner London,32,0,10000,10000,10000
E01003222,Lewisham 022D,Lewisham,Inner London,17,0,10000,10000,10000
E01003223,Lewisham 025D,Lewisham,Inner London,28,0,10000,10000,10000
E01003224,Lewisham 022E,Lewisham,Inner London,16,0,10000,10000,10000
E01003225,Lewisham 015A,Lewisham,Inner London,21,0,10000,10000,10000
E01003226,Lewisham 019A,Lewisham,Inner London,18,0,10000,10000,10000
E01003227,Lewisham 019B,Lewisham,Inner London,23,0,10000,10000,10000
E01003228,Lewisham 019C,Lewisham,Inner London,17,0,10000,10000,10000
E01003229,Lewisham 019D,Lewisham,Inner London,24,0,10000,10000,10000
E01003230,Lewisham 019E,Lewisham,Inner London,21,0,10000,10000,10000
E01003231,Lewisham 015B,Lewisham,Inner London,18,0,10000,10000,10000
E01003232,Lewisham 015C,Lewisham,Inner London,21,0,10000,10000,10000
E01003233,Lewisham 015D,Lewisham,Inner London,14,0,10000,10000,10000
E01003235,Lewisham 038A,Lewisham,Inner London,48,0,10000,10000,10000
E01003236,Lewisham 037A,Lewisham,Inner London,16,0,10000,10000,10000
E01003237,Lewisham 037B,Lewisham,Inner London,27,0,10000,10000,10000
E01003238,Lewisham 037C,Lewisham,Inner London,12,0,10000,10000,10000
E01003239,Lewisham 037D,Lewisham,Inner London,19,0,10000,10000,10000
E01003240,Lewisham 038B,Lewisham,Inner London,23,0,10000,10000,10000
E01003241,Lewisham 038C,Lewisham,Inner London,28,0,10000,10000,10000
E01003243,Lewisham 038D,Lewisham,Inner London,23,0,10000,10000,10000
E01003244,Lewisham 001A,Lewisham,Inner London,6,0,10000,10000,10000
E01003245,Lewisham 001B,Lewisham,Inner London,12,0,10000,10000,10000
E01003246,Lewisham 002A,Lewisham,Inner London,23,0,10000,10000,10000
E01003247,Lewisham 001C,Lewisham,Inner London,19,0,10000,10000,10000
E01003248,Lewisham 002B,Lewisham,Inner London,26,0,10000,10000,10000
E01003249,Lewisham 001D,Lewisham,Inner London,9,0,10000,10000,10000
E01003251,Lewisham 002C,Lewisham,Inner London,24,0,10000,10000,10000
E01003252,Lewisham 002D,Lewisham,Inner London,7,0,10000,10000,10000
E01003253,Lewisham 002E,Lewisham,Inner London,14,0,10000,10000,10000
E01003254,Lewisham 021A,Lewisham,Inner London,32,0,10000,10000,10000
E01003255,Lewisham 021B,Lewisham,Inner London,17,0,10000,10000,10000
E01003256,Lewisham 028A,Lewisham,Inner London,21,0,10000,10000,10000
E01003257,Lewisham 028B,Lewisham,Inner London,21,0,10000,10000,10000
E01003258,Lewisham 028C,Lewisham,Inner London,13,0,10000,10000,10000
E01003259,Lewisham 028D,Lewisham,Inner London,20,0,10000,10000,10000
E01003260,Lewisham 021C,Lewisham,Inner London,23,0,10000,10000,10000
E01003261,Lewisham 021D,Lewisham,Inner London,19,0,10000,10000,10000
E01003262,Lewisham 021E,Lewisham,Inner London,15,0,10000,10000,10000
E01003263,Lewisham 023A,Lewisham,Inner London,35,0,10000,10000,10000
E01003264,Lewisham 031A,Lewisham,Inner London,24,0,10000,10000,10000
E01003265,Lewisham 031B,Lewisham,Inner London,23,0,10000,10000,10000
E01003266,Lewisham 031C,Lewisham,Inner London,18,0,10000,10000,10000
E01003267,Lewisham 031D,Lewisham,Inner London,35,0,10000,10000,10000
E01003268,Lewisham 023B,Lewisham,Inner London,30,0,10000,10000,10000
E01003269,Lewisham 023C,Lewisham,Inner London,20,0,10000,10000,10000
E01003270,Lewisham 023D,Lewisham,Inner London,29,0,10000,10000,10000
E01003271,Lewisham 023E,Lewisham,Inner London,30,0,10000,10000,10000
E01003272,Lewisham 014A,Lewisham,Inner London,14,0,10000,10000,10000
E01003273,Lewisham 011A,Lewisham,Inner London,17,0,10000,10000,10000
E01003274,Lewisham 014B,Lewisham,Inner London,13,0,10000,10000,10000
E01003275,Lewisham 014C,Lewisham,Inner London,20,0,10000,10000,10000
E01003276,Lewisham 014D,Lewisham,Inner London,48,0,10000,10000,10000
E01003277,Lewisham 011B,Lewisham,Inner London,14,0,10000,10000,10000
E01003278,Lewisham 011C,Lewisham,Inner London,14,0,10000,10000,10000
E01003279,Lewisham 011D,Lewisham,Inner London,20,0,10000,10000,10000
E01003280,Lewisham 016A,Lewisham,Inner London,21,0,10000,10000,10000
E01003281,Lewisham 016B,Lewisham,Inner London,37,0,10000,10000,10000
E01003282,Lewisham 013A,Lewisham,Inner London,19,0,10000,10000,10000
E01003283,Lewisham 013B,Lewisham,Inner London,24,0,10000,10000,10000
E01003284,Lewisham 013C,Lewisham,Inner London,15,0,10000,10000,10000
E01003285,Lewisham 016C,Lewisham,Inner London,20,0,10000,10000,10000
E01003286,Lewisham 013D,Lewisham,Inner London,18,0,10000,10000,10000
E01003287,Lewisham 016D,Lewisham,Inner London,25,0,10000,10000,10000
E01003288,Lewisham 041A,Lewisham,Inner London,18,0,10000,10000,10000
E01003290,Lewisham 041E,Lewisham,Inner London,15,0,10000,10000,10000
E01003291,Lewisham 041D,Lewisham,Inner London,28,0,10000,10000,10000
E01003292,Lewisham 017A,Lewisham,Inner London,14,0,10000,10000,10000
E01003293,Lewisham 017B,Lewisham,Inner London,12,0,10000,10000,10000
E01003295,Lewisham 017D,Lewisham,Inner London,19,0,10000,10000,10000
E01003297,Lewisham 003A,Lewisham,Inner London,37,0,10000,10000,10000
E01003298,Lewisham 039A,Lewisham,Inner London,14,0,10000,10000,10000
E01003299,Lewisham 003B,Lewisham,Inner London,18,0,10000,10000,10000
E01003300,Lewisham 039B,Lewisham,Inner London,15,0,10000,10000,10000
E01003301,Lewisham 003C,Lewisham,Inner London,19,0,10000,10000,10000
E01003302,Lewisham 003D,Lewisham,Inner London,12,0,10000,10000,10000
E01003303,Lewisham 039C,Lewisham,Inner London,21,0,10000,10000,10000
E01003304,Lewisham 039D,Lewisham,Inner London,18,0,10000,10000,10000
E01003305,Lewisham 003E,Lewisham,Inner London,11,0,10000,10000,10000
E01003307,Lewisham 024A,Lewisham,Inner London,15,0,10000,10000,10000
E01003308,Lewisham 024B,Lewisham,Inner London,15,0,10000,10000,10000
E01003309,Lewisham 027A,Lewisham,Inner London,17,0,10000,10000,10000
E01003310,Lewisham 027B,Lewisham,Inner London,17,0,10000,10000,10000
E01003311,Lewisham 027C,Lewisham,Inner London,20,0,10000,10000,10000
E01003312,Lewisham 027D,Lewisham,Inner London,21,0,10000,10000,10000
E01003313,Lewisham 027E,Lewisham,Inner London,21,0,10000,10000,10000
E01003314,Lewisham 024C,Lewisham,Inner London,16,0,10000,10000,10000
E01003315,Lewisham 024D,Lewisham,Inner London,12,0,10000,10000,10000
E01003316,Lewisham 024E,Lewisham,Inner London,13,0,10000,10000,10000
E01003318,Lewisham 020B,Lewisham,Inner London,32,0,10000,10000,10000
E01003319,Lewisham 018A,Lewisham,Inner London,14,0,10000,10000,10000
E01003320,Lewisham 018B,Lewisham,Inner London,19,0,10000,10000,10000
E01003321,Lewisham 020C,Lewisham,Inner London,17,0,10000,10000,10000
E01003322,Lewisham 020D,Lewisham,Inner London,15,0,10000,10000,10000
E01003323,Lewisham 018C,Lewisham,Inner London,14,0,10000,10000,10000
E01003324,Lewisham 020E,Lewisham,Inner London,9,0,10000,10000,10000
E01003325,Lewisham 018D,Lewisham,Inner London,15,0,10000,10000,10000
E01003326,Lewisham 035A,Lewisham,Inner London,13,0,10000,10000,10000
E01003327,Lewisham 035B,Lewisham,Inner London,18,0,10000,10000,10000
E01003328,Lewisham 035C,Lewisham,Inner London,17,0,10000,10000,10000
E01003329,Lewisham 033A,Lewisham,Inner London,20,0,10000,10000,10000
E01003330,Lewisham 033B,Lewisham,Inner London,25,0,10000,10000,10000
E01003331,Lewisham 033C,Lewisham,Inner London,17,0,10000,10000,10000
E01003332,Lewisham 033D,Lewisham,Inner London,20,0,10000,10000,10000
E01003333,Lewisham 035D,Lewisham,Inner London,14,0,10000,10000,10000
E01003334,Lewisham 033E,Lewisham,Inner London,17,0,10000,10000,10000
E01003335,Lewisham 035E,Lewisham,Inner London,11,0,10000,10000,10000
E01003336,Lewisham 010A,Lewisham,Inner London,12,0,10000,10000,10000
E01003337,Lewisham 010B,Lewisham,Inner London,13,0,10000,10000,10000
E01003338,Lewisham 006A,Lewisham,Inner London,11,0,10000,10000,10000
E01003339,Lewisham 006B,Lewisham,Inner London,15,0,10000,10000,10000
E01003340,Lewisham 006C,Lewisham,Inner London,17,0,10000,10000,10000
E01003341,Lewisham 006D,Lewisham,Inner London,19,0,10000,10000,10000
E01003342,Lewisham 010C,Lewisham,Inner London,16,0,10000,10000,10000
E01003343,Lewisham 006E,Lewisham,Inner London,13,0,10000,10000,10000
E01003344,Lewisham 010D,Lewisham,Inner London,17,0,10000,10000,10000
E01003345,Lewisham 010E,Lewisham,Inner London,17,0,10000,10000,10000
E01003346,Lewisham 026A,Lewisham,Inner London,37,0,10000,10000,10000
E01003347,Lewisham 030A,Lewisham,Inner London,15,0,10000,10000,10000
E01003348,Lewisham 030B,Lewisham,Inner London,32,0,10000,10000,10000
E01003349,Lewisham 026B,Lewisham,Inner London,13,0,10000,10000,10000
E01003350,Lewisham 030C,Lewisham,Inner London,24,0,10000,10000,10000
E01003351,Lewisham 026C,Lewisham,Inner London,17,0,10000,10000,10000
E01003352,Lewisham 030D,Lewisham,Inner London,22,0,10000,10000,10000
E01003353,Lewisham 030E,Lewisham,Inner London,25,0,10000,10000,10000
E01003354,Lewisham 026D,Lewisham,Inner London,36,0,10000,10000,10000
E01003355,Merton 009A,Merton,Outer London,13,0,10000,10000,10000
E01003356,Merton 009B,Merton,Outer London,43,0,10000,10000,10000
E01003357,Merton 012A,Merton,Outer London,33,0,10000,10000,10000
E01003358,Merton 009C,Merton,Outer London,14,0,10000,10000,10000
E01003359,Merton 006A,Merton,Outer London,18,0,10000,10000,10000
E01003360,Merton 006B,Merton,Outer London,15,0,10000,10000,10000
E01003361,Merton 015A,Merton,Outer London,19,0,10000,10000,10000
E01003362,Merton 021A,Merton,Outer London,45,0,10000,10000,10000
E01003363,Merton 021B,Merton,Outer London,45,0,10000,10000,10000
E01003364,Merton 021C,Merton,Outer London,19,0,10000,10000,10000
E01003365,Merton 021D,Merton,Outer London,35,0,10000,10000,10000
E01003366,Merton 016A,Merton,Outer London,58,0,10000,10000,10000
E01003368,Merton 008A,Merton,Outer London,14,0,10000,10000,10000
E01003369,Merton 005B,Merton,Outer London,9,0,10000,10000,10000
E01003370,Merton 005C,Merton,Outer London,17,0,10000,10000,10000
E01003371,Merton 005D,Merton,Outer London,10,0,10000,10000,10000
E01003372,Merton 008B,Merton,Outer London,13,0,10000,10000,10000
E01003373,Merton 018A,Merton,Outer London,15,0,10000,10000,10000
E01003374,Merton 022A,Merton,Outer London,36,0,10000,10000,10000
E01003375,Merton 022B,Merton,Outer London,182,0,10000,10000,10000
E01003376,Merton 012B,Merton,Outer London,20,0,10000,10000,10000
E01003377,Merton 012C,Merton,Outer London,11,0,10000,10000,10000
E01003378,Merton 018B,Merton,Outer London,21,0,10000,10000,10000
E01003379,Merton 018C,Merton,Outer London,14,0,10000,10000,10000
E01003380,Merton 011A,Merton,Outer London,21,0,10000,10000,10000
E01003381,Merton 016B,Merton,Outer London,16,0,10000,10000,10000
E01003382,Merton 011B,Merton,Outer London,17,0,10000,10000,10000
E01003383,Merton 009D,Merton,Outer London,27,0,10000,10000,10000
E01003384,Merton 009E,Merton,Outer London,14,0,10000,10000,10000
E01003385,Merton 011C,Merton,Outer London,21,0,10000,10000,10000
E01003386,Merton 013A,Merton,Outer London,18,0,10000,10000,10000
E01003387,Merton 014A,Merton,Outer London,23,0,10000,10000,10000
E01003388,Merton 013B,Merton,Outer London,14,0,10000,10000,10000
E01003389,Merton 013C,Merton,Outer London,17,0,10000,10000,10000
E01003390,Merton 018D,Merton,Outer London,9,0,10000,10000,10000
E01003391,Merton 014B,Merton,Outer London,10,0,10000,10000,10000
E01003392,Merton 013D,Merton,Outer London,23,0,10000,10000,10000
E01003393,Merton 008C,Merton,Outer London,7,0,10000,10000,10000
E01003394,Merton 007A,Merton,Outer London,16,0,10000,10000,10000
E01003395,Merton 007B,Merton,Outer London,23,0,10000,10000,10000
E01003396,Merton 007C,Merton,Outer London,10,0,10000,10000,10000
E01003397,Merton 007D,Merton,Outer London,14,0,10000,10000,10000
E01003398,Merton 007E,Merton,Outer London,20,0,10000,10000,10000
E01003399,Merton 011D,Merton,Outer London,13,0,10000,10000,10000
E01003400,Merton 003A,Merton,Outer London,18,0,10000,10000,10000
E01003401,Merton 004A,Merton,Outer London,20,0,10000,10000,10000
E01003402,Merton 004B,Merton,Outer London,23,0,10000,10000,10000
E01003403,Merton 004C,Merton,Outer London,25,0,10000,10000,10000
E01003404,Merton 004D,Merton,Outer London,22,0,10000,10000,10000
E01003405,Merton 018E,Merton,Outer London,29,0,10000,10000,10000
E01003406,Merton 008D,Merton,Outer London,19,0,10000,10000,10000
E01003407,Merton 008E,Merton,Outer London,19,0,10000,10000,10000
E01003408,Merton 012D,Merton,Outer London,19,0,10000,10000,10000
E01003409,Merton 013E,Merton,Outer London,24,0,10000,10000,10000
E01003410,Merton 012E,Merton,Outer London,14,0,10000,10000,10000
E01003411,Merton 014C,Merton,Outer London,20,0,10000,10000,10000
E01003412,Merton 014D,Merton,Outer London,19,0,10000,10000,10000
E01003413,Merton 017A,Merton,Outer London,32,0,10000,10000,10000
E01003414,Merton 017B,Merton,Outer London,22,0,10000,10000,10000
E01003415,Merton 017C,Merton,Outer London,21,0,10000,10000,10000
E01003416,Merton 017D,Merton,Outer London,31,0,10000,10000,10000
E01003417,Merton 025A,Merton,Outer London,29,0,10000,10000,10000
E01003418,Merton 025B,Merton,Outer London,16,0,10000,10000,10000
E01003419,Merton 025C,Merton,Outer London,61,0,10000,10000,10000
E01003420,Merton 025D,Merton,Outer London,19,0,10000,10000,10000
E01003421,Merton 021E,Merton,Outer London,26,0,10000,10000,10000
E01003422,Merton 025E,Merton,Outer London,28,0,10000,10000,10000
E01003423,Merton 011E,Merton,Outer London,21,0,10000,10000,10000
E01003424,Merton 015B,Merton,Outer London,30,0,10000,10000,10000
E01003425,Merton 015C,Merton,Outer London,26,0,10000,10000,10000
E01003426,Merton 015D,Merton,Outer London,39,0,10000,10000,10000
E01003427,Merton 023A,Merton,Outer London,36,0,10000,10000,10000
E01003428,Merton 015E,Merton,Outer London,33,0,10000,10000,10000
E01003429,Merton 019A,Merton,Outer London,15,0,10000,10000,10000
E01003430,Merton 019B,Merton,Outer London,13,0,10000,10000,10000
E01003431,Merton 019C,Merton,Outer London,13,0,10000,10000,10000
E01003432,Merton 019D,Merton,Outer London,50,0,10000,10000,10000
E01003433,Merton 019E,Merton,Outer London,28,0,10000,10000,10000
E01003434,Merton 017E,Merton,Outer London,16,0,10000,10000,10000
E01003435,Merton 014E,Merton,Outer London,82,0,10000,10000,10000
E01003436,Merton 023B,Merton,Outer London,20,0,10000,10000,10000
E01003437,Merton 022C,Merton,Outer London,40,0,10000,10000,10000
E01003438,Merton 024A,Merton,Outer London,21,0,10000,10000,10000
E01003439,Merton 023C,Merton,Outer London,35,0,10000,10000,10000
E01003440,Merton 022D,Merton,Outer London,46,0,10000,10000,10000
E01003441,Merton 022E,Merton,Outer London,21,0,10000,10000,10000
E01003442,Merton 010A,Merton,Outer London,25,0,10000,10000,10000
E01003443,Merton 010B,Merton,Outer London,21,0,10000,10000,10000
E01003444,Merton 010C,Merton,Outer London,26,0,10000,10000,10000
E01003445,Merton 010D,Merton,Outer London,47,0,10000,10000,10000
E01003446,Merton 016C,Merton,Outer London,25,0,10000,10000,10000
E01003447,Merton 016D,Merton,Outer London,41,0,10000,10000,10000
E01003448,Merton 023D,Merton,Outer London,22,0,10000,10000,10000
E01003449,Merton 024B,Merton,Outer London,27,0,10000,10000,10000
E01003450,Merton 024C,Merton,Outer London,23,0,10000,10000,10000
E01003451,Merton 024D,Merton,Outer London,58,0,10000,10000,10000
E01003452,Merton 024E,Merton,Outer London,35,0,10000,10000,10000
E01003453,Merton 023E,Merton,Outer London,20,0,10000,10000,10000
E01003454,Merton 003B,Merton,Outer London,15,0,10000,10000,10000
E01003455,Merton 005E,Merton,Outer London,23,0,10000,10000,10000
E01003456,Merton 003C,Merton,Outer London,23,0,10000,10000,10000
E01003457,Merton 006C,Merton,Outer London,14,0,10000,10000,10000
E01003458,Merton 006D,Merton,Outer London,15,0,10000,10000,10000
E01003459,Merton 006E,Merton,Outer London,18,0,10000,10000,10000
E01003460,Merton 002A,Merton,Outer London,354,0,10000,10000,10000
E01003461,Merton 004E,Merton,Outer London,27,0,10000,10000,10000
E01003462,Merton 002B,Merton,Outer London,47,0,10000,10000,10000
E01003463,Merton 010E,Merton,Outer London,52,0,10000,10000,10000
E01003464,Merton 002C,Merton,Outer London,75,0,10000,10000,10000
E01003465,Merton 002D,Merton,Outer London,64,0,10000,10000,10000
E01003466,Merton 020A,Merton,Outer London,24,0,10000,10000,10000
E01003467,Merton 020B,Merton,Outer London,40,0,10000,10000,10000
E01003468,Merton 020C,Merton,Outer London,49,0,10000,10000,10000
E01003469,Merton 020D,Merton,Outer London,26,0,10000,10000,10000
E01003470,Merton 020E,Merton,Outer London,28,0,10000,10000,10000
E01003471,Merton 016E,Merton,Outer London,28,0,10000,10000,10000
E01003472,Merton 001A,Merton,Outer London,9,0,10000,10000,10000
E01003473,Merton 001B,Merton,Outer London,23,0,10000,10000,10000
E01003474,Merton 001C,Merton,Outer London,60,0,10000,10000,10000
E01003476,Merton 003D,Merton,Outer London,15,0,10000,10000,10000
E01003477,Merton 003E,Merton,Outer London,18,0,10000,10000,10000
E01003478,Merton 001E,Merton,Outer London,35,0,10000,10000,10000
E01003479,Newham 035A,Newham,Outer London,31,0,10000,10000,10000
E01003480,Newham 033A,Newham,Outer London,28,0,10000,10000,10000
E01003481,Newham 035B,Newham,Outer London,54,0,10000,10000,10000
E01003483,Newham 032A,Newham,Outer London,24,0,10000,10000,10000
E01003484,Newham 032B,Newham,Outer London,10,0,10000,10000,10000
E01003485,Newham 035C,Newham,Outer London,16,0,10000,10000,10000
E01003486,Newham 033C,Newham,Outer London,20,0,10000,10000,10000
E01003487,Newham 033D,Newham,Outer London,13,0,10000,10000,10000
E01003488,Newham 019A,Newham,Outer London,14,0,10000,10000,10000
E01003489,Newham 019B,Newham,Outer London,13,0,10000,10000,10000
E01003490,Newham 019C,Newham,Outer London,8,0,10000,10000,10000
E01003491,Newham 022A,Newham,Outer London,9,0,10000,10000,10000
E01003492,Newham 025A,Newham,Outer London,9,0,10000,10000,10000
E01003494,Newham 025C,Newham,Outer London,10,0,10000,10000,10000
E01003495,Newham 025D,Newham,Outer London,12,0,10000,10000,10000
E01003496,Newham 027A,Newham,Outer London,19,0,10000,10000,10000
E01003497,Newham 034A,Newham,Outer London,67,0,10000,10000,10000
E01003498,Newham 027B,Newham,Outer London,24,0,10000,10000,10000
E01003499,Newham 030A,Newham,Outer London,18,0,10000,10000,10000
E01003500,Newham 027C,Newham,Outer London,73,0,10000,10000,10000
E01003501,Newham 030B,Newham,Outer London,16,0,10000,10000,10000
E01003502,Newham 030C,Newham,Outer London,17,0,10000,10000,10000
E01003503,Newham 030D,Newham,Outer London,15,0,10000,10000,10000
E01003506,Newham 034D,Newham,Outer London,10,0,10000,10000,10000
E01003507,Newham 031A,Newham,Outer London,14,0,10000,10000,10000
E01003508,Newham 031B,Newham,Outer London,11,0,10000,10000,10000
E01003509,Newham 031C,Newham,Outer London,11,0,10000,10000,10000
E01003511,Newham 036A,Newham,Outer London,9,0,10000,10000,10000
E01003512,Newham 036B,Newham,Outer London,14,0,10000,10000,10000
E01003513,Newham 035D,Newham,Outer London,33,0,10000,10000,10000
E01003514,Newham 036C,Newham,Outer London,17,0,10000,10000,10000
E01003515,Newham 036D,Newham,Outer London,81,0,10000,10000,10000
E01003516,Newham 032C,Newham,Outer London,12,0,10000,10000,10000
E01003517,Newham 036E,Newham,Outer London,27,0,10000,10000,10000
E01003518,Newham 032D,Newham,Outer London,17,0,10000,10000,10000
E01003519,Newham 032E,Newham,Outer London,7,0,10000,10000,10000
E01003520,Newham 018A,Newham,Outer London,15,0,10000,10000,10000
E01003521,Newham 018B,Newham,Outer London,13,0,10000,10000,10000
E01003522,Newham 018C,Newham,Outer London,6,0,10000,10000,10000
E01003523,Newham 024A,Newham,Outer London,20,0,10000,10000,10000
E01003524,Newham 019D,Newham,Outer London,9,0,10000,10000,10000
E01003525,Newham 018D,Newham,Outer London,14,0,10000,10000,10000
E01003526,Newham 018E,Newham,Outer London,12,0,10000,10000,10000
E01003527,Newham 024B,Newham,Outer London,15,0,10000,10000,10000
E01003528,Newham 005A,Newham,Outer London,9,0,10000,10000,10000
E01003529,Newham 010A,Newham,Outer London,10,0,10000,10000,10000
E01003530,Newham 010B,Newham,Outer London,11,0,10000,10000,10000
E01003531,Newham 010C,Newham,Outer London,25,0,10000,10000,10000
E01003532,Newham 010D,Newham,Outer London,11,0,10000,10000,10000
E01003533,Newham 011A,Newham,Outer London,9,0,10000,10000,10000
E01003534,Newham 010E,Newham,Outer London,14,0,10000,10000,10000
E01003535,Newham 023A,Newham,Outer London,51,0,10000,10000,10000
E01003536,Newham 023B,Newham,Outer London,17,0,10000,10000,10000
E01003537,Newham 024C,Newham,Outer London,20,0,10000,10000,10000
E01003538,Newham 029A,Newham,Outer London,19,0,10000,10000,10000
E01003539,Newham 029B,Newham,Outer London,26,0,10000,10000,10000
E01003540,Newham 029C,Newham,Outer London,19,0,10000,10000,10000
E01003541,Newham 029D,Newham,Outer London,16,0,10000,10000,10000
E01003542,Newham 024D,Newham,Outer London,13,0,10000,10000,10000
E01003543,Newham 001A,Newham,Outer London,17,0,10000,10000,10000
E01003544,Newham 001B,Newham,Outer London,13,0,10000,10000,10000
E01003545,Newham 006A,Newham,Outer London,19,0,10000,10000,10000
E01003546,Newham 001C,Newham,Outer London,10,0,10000,10000,10000
E01003547,Newham 007A,Newham,Outer London,18,0,10000,10000,10000
E01003548,Newham 006B,Newham,Outer London,23,0,10000,10000,10000
E01003549,Newham 006C,Newham,Outer London,11,0,10000,10000,10000
E01003550,Newham 001D,Newham,Outer London,13,0,10000,10000,10000
E01003551,Newham 009A,Newham,Outer London,9,0,10000,10000,10000
E01003552,Newham 016A,Newham,Outer London,10,0,10000,10000,10000
E01003553,Newham 009B,Newham,Outer London,11,0,10000,10000,10000
E01003554,Newham 009C,Newham,Outer London,10,0,10000,10000,10000
E01003555,Newham 007B,Newham,Outer London,17,0,10000,10000,10000
E01003556,Newham 008A,Newham,Outer London,13,0,10000,10000,10000
E01003557,Newham 006D,Newham,Outer London,17,0,10000,10000,10000
E01003558,Newham 008B,Newham,Outer London,17,0,10000,10000,10000
E01003559,Newham 009D,Newham,Outer London,17,0,10000,10000,10000
E01003560,Newham 011B,Newham,Outer London,7,0,10000,10000,10000
E01003561,Newham 007C,Newham,Outer London,7,0,10000,10000,10000
E01003562,Newham 014A,Newham,Outer London,10,0,10000,10000,10000
E01003563,Newham 011C,Newham,Outer London,10,0,10000,10000,10000
E01003564,Newham 014B,Newham,Outer London,12,0,10000,10000,10000
E01003565,Newham 014C,Newham,Outer London,9,0,10000,10000,10000
E01003566,Newham 014D,Newham,Outer London,8,0,10000,10000,10000
E01003567,Newham 007D,Newham,Outer London,10,0,10000,10000,10000
E01003568,Newham 017A,Newham,Outer London,11,0,10000,10000,10000
E01003569,Newham 017B,Newham,Outer London,11,0,10000,10000,10000
E01003570,Newham 008C,Newham,Outer London,8,0,10000,10000,10000
E01003571,Newham 008D,Newham,Outer London,12,0,10000,10000,10000
E01003572,Newham 008E,Newham,Outer London,9,0,10000,10000,10000
E01003573,Newham 017C,Newham,Outer London,10,0,10000,10000,10000
E01003574,Newham 017D,Newham,Outer London,21,0,10000,10000,10000
E01003575,Newham 005B,Newham,Outer London,16,0,10000,10000,10000
E01003576,Newham 002A,Newham,Outer London,16,0,10000,10000,10000
E01003577,Newham 005C,Newham,Outer London,18,0,10000,10000,10000
E01003578,Newham 003A,Newham,Outer London,82,0,10000,10000,10000
E01003579,Newham 004A,Newham,Outer London,8,0,10000,10000,10000
E01003580,Newham 005D,Newham,Outer London,24,0,10000,10000,10000
E01003581,Newham 002B,Newham,Outer London,11,0,10000,10000,10000
E01003582,Newham 002C,Newham,Outer London,9,0,10000,10000,10000
E01003583,Newham 002D,Newham,Outer London,9,0,10000,10000,10000
E01003584,Newham 003B,Newham,Outer London,35,0,10000,10000,10000
E01003585,Newham 004B,Newham,Outer London,7,0,10000,10000,10000
E01003586,Newham 003C,Newham,Outer London,15,0,10000,10000,10000
E01003587,Newham 004C,Newham,Outer London,14,0,10000,10000,10000
E01003588,Newham 011D,Newham,Outer London,8,0,10000,10000,10000
E01003589,Newham 011E,Newham,Outer London,13,0,10000,10000,10000
E01003590,Newham 003D,Newham,Outer London,24,0,10000,10000,10000
E01003591,Newham 004D,Newham,Outer London,19,0,10000,10000,10000
E01003592,Newham 022B,Newham,Outer London,16,0,10000,10000,10000
E01003593,Newham 027D,Newham,Outer London,10,0,10000,10000,10000
E01003594,Newham 026A,Newham,Outer London,13,0,10000,10000,10000
E01003595,Newham 026B,Newham,Outer London,9,0,10000,10000,10000
E01003596,Newham 016B,Newham,Outer London,9,0,10000,10000,10000
E01003597,Newham 016C,Newham,Outer London,10,0,10000,10000,10000
E01003598,Newham 021A,Newham,Outer London,7,0,10000,10000,10000
E01003599,Newham 022C,Newham,Outer London,14,0,10000,10000,10000
E01003600,Newham 021B,Newham,Outer London,9,0,10000,10000,10000
E01003601,Newham 028A,Newham,Outer London,34,0,10000,10000,10000
E01003602,Newham 026C,Newham,Outer London,11,0,10000,10000,10000
E01003603,Newham 028B,Newham,Outer London,22,0,10000,10000,10000
E01003604,Newham 031D,Newham,Outer London,23,0,10000,10000,10000
E01003605,Newham 028C,Newham,Outer London,12,0,10000,10000,10000
E01003607,Newham 026D,Newham,Outer London,13,0,10000,10000,10000
E01003608,Newham 028D,Newham,Outer London,9,0,10000,10000,10000
E01003611,Newham 041C,Newham,Outer London,14,0,10000,10000,10000
E01003615,Newham 039A,Newham,Outer London,11,0,10000,10000,10000
E01003616,Newham 012A,Newham,Outer London,15,0,10000,10000,10000
E01003618,Newham 012C,Newham,Outer London,15,0,10000,10000,10000
E01003619,Newham 012D,Newham,Outer London,25,0,10000,10000,10000
E01003621,Newham 023C,Newham,Outer London,6,0,10000,10000,10000
E01003622,Newham 023D,Newham,Outer London,27,0,10000,10000,10000
E01003623,Newham 023E,Newham,Outer London,27,0,10000,10000,10000
E01003624,Newham 024E,Newham,Outer London,14,0,10000,10000,10000
E01003625,Newham 015A,Newham,Outer London,31,0,10000,10000,10000
E01003626,Newham 015B,Newham,Outer London,10,0,10000,10000,10000
E01003627,Newham 015C,Newham,Outer London,8,0,10000,10000,10000
E01003628,Newham 015D,Newham,Outer London,10,0,10000,10000,10000
E01003629,Newham 015E,Newham,Outer London,7,0,10000,10000,10000
E01003630,Newham 021C,Newham,Outer London,11,0,10000,10000,10000
E01003631,Newham 020A,Newham,Outer London,15,0,10000,10000,10000
E01003632,Newham 020B,Newham,Outer London,14,0,10000,10000,10000
E01003633,Newham 020C,Newham,Outer London,10,0,10000,10000,10000
E01003634,Newham 020D,Newham,Outer London,15,0,10000,10000,10000
E01003635,Newham 016D,Newham,Outer London,39,0,10000,10000,10000
E01003636,Newham 020E,Newham,Outer London,20,0,10000,10000,10000
E01003637,Newham 021D,Newham,Outer London,9,0,10000,10000,10000
E01003638,Redbridge 017A,Redbridge,Outer London,26,0,10000,10000,10000
E01003639,Redbridge 013A,Redbridge,Outer London,101,0,10000,10000,10000
E01003640,Redbridge 013B,Redbridge,Outer London,617,0,10000,10000,10000
E01003641,Redbridge 013C,Redbridge,Outer London,24,0,10000,10000,10000
E01003642,Redbridge 013D,Redbridge,Outer London,33,0,10000,10000,10000
E01003643,Redbridge 017B,Redbridge,Outer London,21,0,10000,10000,10000
E01003644,Redbridge 017C,Redbridge,Outer London,18,0,10000,10000,10000
E01003645,Redbridge 017D,Redbridge,Outer London,23,0,10000,10000,10000
E01003646,Redbridge 012A,Redbridge,Outer London,21,0,10000,10000,10000
E01003647,Redbridge 015A,Redbridge,Outer London,16,0,10000,10000,10000
E01003648,Redbridge 012B,Redbridge,Outer London,21,0,10000,10000,10000
E01003649,Redbridge 012C,Redbridge,Outer London,18,0,10000,10000,10000
E01003650,Redbridge 015B,Redbridge,Outer London,21,0,10000,10000,10000
E01003651,Redbridge 012D,Redbridge,Outer London,20,0,10000,10000,10000
E01003652,Redbridge 015C,Redbridge,Outer London,15,0,10000,10000,10000
E01003653,Redbridge 015D,Redbridge,Outer London,22,0,10000,10000,10000
E01003654,Redbridge 004A,Redbridge,Outer London,22,0,10000,10000,10000
E01003655,Redbridge 004B,Redbridge,Outer London,24,0,10000,10000,10000
E01003656,Redbridge 005A,Redbridge,Outer London,54,0,10000,10000,10000
E01003657,Redbridge 005B,Redbridge,Outer London,45,0,10000,10000,10000
E01003658,Redbridge 004C,Redbridge,Outer London,21,0,10000,10000,10000
E01003659,Redbridge 005C,Redbridge,Outer London,37,0,10000,10000,10000
E01003660,Redbridge 004D,Redbridge,Outer London,52,0,10000,10000,10000
E01003661,Redbridge 038A,Redbridge,Outer London,19,0,10000,10000,10000
E01003662,Redbridge 038C,Redbridge,Outer London,20,0,10000,10000,10000
E01003663,Redbridge 037A,Redbridge,Outer London,33,0,10000,10000,10000
E01003664,Redbridge 037B,Redbridge,Outer London,17,0,10000,10000,10000
E01003665,Redbridge 037E,Redbridge,Outer London,17,0,10000,10000,10000
E01003666,Redbridge 038B,Redbridge,Outer London,20,0,10000,10000,10000
E01003668,Redbridge 007A,Redbridge,Outer London,24,0,10000,10000,10000
E01003669,Redbridge 007B,Redbridge,Outer London,19,0,10000,10000,10000
E01003670,Redbridge 007C,Redbridge,Outer London,24,0,10000,10000,10000
E01003671,Redbridge 007D,Redbridge,Outer London,17,0,10000,10000,10000
E01003672,Redbridge 007E,Redbridge,Outer London,20,0,10000,10000,10000
E01003673,Redbridge 007F,Redbridge,Outer London,22,0,10000,10000,10000
E01003674,Redbridge 007G,Redbridge,Outer London,24,0,10000,10000,10000
E01003675,Redbridge 036A,Redbridge,Outer London,23,0,10000,10000,10000
E01003676,Redbridge 036B,Redbridge,Outer London,19,0,10000,10000,10000
E01003677,Redbridge 036C,Redbridge,Outer London,64,0,10000,10000,10000
E01003678,Redbridge 036D,Redbridge,Outer London,25,0,10000,10000,10000
E01003679,Redbridge 036E,Redbridge,Outer London,23,0,10000,10000,10000
E01003680,Redbridge 036F,Redbridge,Outer London,20,0,10000,10000,10000
E01003681,Redbridge 036G,Redbridge,Outer London,49,0,10000,10000,10000
E01003682,Redbridge 036H,Redbridge,Outer London,28,0,10000,10000,10000
E01003683,Redbridge 040C,Redbridge,Outer London,13,0,10000,10000,10000
E01003684,Redbridge 040E,Redbridge,Outer London,10,0,10000,10000,10000
E01003685,Redbridge 040D,Redbridge,Outer London,12,0,10000,10000,10000
E01003686,Redbridge 040A,Redbridge,Outer London,15,0,10000,10000,10000
E01003688,Redbridge 040B,Redbridge,Outer London,15,0,10000,10000,10000
E01003689,Redbridge 039C,Redbridge,Outer London,25,0,10000,10000,10000
E01003690,Redbridge 035A,Redbridge,Outer London,79,0,10000,10000,10000
E01003691,Redbridge 035B,Redbridge,Outer London,20,0,10000,10000,10000
E01003692,Redbridge 035C,Redbridge,Outer London,15,0,10000,10000,10000
E01003693,Redbridge 035D,Redbridge,Outer London,46,0,10000,10000,10000
E01003694,Redbridge 035E,Redbridge,Outer London,21,0,10000,10000,10000
E01003695,Redbridge 035F,Redbridge,Outer London,12,0,10000,10000,10000
E01003696,Redbridge 035G,Redbridge,Outer London,19,0,10000,10000,10000
E01003697,Redbridge 035H,Redbridge,Outer London,28,0,10000,10000,10000
E01003698,Redbridge 006A,Redbridge,Outer London,22,0,10000,10000,10000
E01003699,Redbridge 006B,Redbridge,Outer London,84,0,10000,10000,10000
E01003700,Redbridge 006C,Redbridge,Outer London,65,0,10000,10000,10000
E01003701,Redbridge 006D,Redbridge,Outer London,29,0,10000,10000,10000
E01003702,Redbridge 006E,Redbridge,Outer London,28,0,10000,10000,10000
E01003703,Redbridge 006F,Redbridge,Outer London,100,0,10000,10000,10000
E01003704,Redbridge 006G,Redbridge,Outer London,29,0,10000,10000,10000
E01003705,Redbridge 010A,Redbridge,Outer London,32,0,10000,10000,10000
E01003706,Redbridge 010B,Redbridge,Outer London,20,0,10000,10000,10000
E01003707,Redbridge 008A,Redbridge,Outer London,24,0,10000,10000,10000
E01003708,Redbridge 008B,Redbridge,Outer London,45,0,10000,10000,10000
E01003709,Redbridge 008C,Redbridge,Outer London,25,0,10000,10000,10000
E01003710,Redbridge 008D,Redbridge,Outer London,20,0,10000,10000,10000
E01003711,Redbridge 010C,Redbridge,Outer London,35,0,10000,10000,10000
E01003712,Redbridge 010D,Redbridge,Outer London,17,0,10000,10000,10000
E01003713,Redbridge 034A,Redbridge,Outer London,15,0,10000,10000,10000
E01003714,Redbridge 034B,Redbridge,Outer London,16,0,10000,10000,10000
E01003715,Redbridge 034C,Redbridge,Outer London,18,0,10000,10000,10000
E01003716,Redbridge 034D,Redbridge,Outer London,37,0,10000,10000,10000
E01003718,Redbridge 034E,Redbridge,Outer London,14,0,10000,10000,10000
E01003719,Redbridge 034F,Redbridge,Outer London,37,0,10000,10000,10000
E01003720,Redbridge 002A,Redbridge,Outer London,48,0,10000,10000,10000
E01003721,Redbridge 003A,Redbridge,Outer London,21,0,10000,10000,10000
E01003722,Redbridge 002B,Redbridge,Outer London,29,0,10000,10000,10000
E01003723,Redbridge 002C,Redbridge,Outer London,31,0,10000,10000,10000
E01003724,Redbridge 003B,Redbridge,Outer London,22,0,10000,10000,10000
E01003725,Redbridge 003C,Redbridge,Outer London,12,0,10000,10000,10000
E01003726,Redbridge 002D,Redbridge,Outer London,379,0,10000,10000,10000
E01003727,Redbridge 003D,Redbridge,Outer London,23,0,10000,10000,10000
E01003729,Redbridge 032B,Redbridge,Outer London,10,0,10000,10000,10000
E01003730,Redbridge 032C,Redbridge,Outer London,9,0,10000,10000,10000
E01003731,Redbridge 033A,Redbridge,Outer London,15,0,10000,10000,10000
E01003732,Redbridge 032D,Redbridge,Outer London,13,0,10000,10000,10000
E01003733,Redbridge 032E,Redbridge,Outer London,11,0,10000,10000,10000
E01003734,Redbridge 033B,Redbridge,Outer London,14,0,10000,10000,10000
E01003735,Redbridge 033C,Redbridge,Outer London,20,0,10000,10000,10000
E01003736,Redbridge 033D,Redbridge,Outer London,8,0,10000,10000,10000
E01003737,Redbridge 031A,Redbridge,Outer London,33,0,10000,10000,10000
E01003738,Redbridge 031B,Redbridge,Outer London,24,0,10000,10000,10000
E01003739,Redbridge 031C,Redbridge,Outer London,30,0,10000,10000,10000
E01003740,Redbridge 031D,Redbridge,Outer London,44,0,10000,10000,10000
E01003741,Redbridge 031E,Redbridge,Outer London,25,0,10000,10000,10000
E01003742,Redbridge 031F,Redbridge,Outer London,15,0,10000,10000,10000
E01003743,Redbridge 031G,Redbridge,Outer London,18,0,10000,10000,10000
E01003744,Redbridge 001A,Redbridge,Outer London,66,0,10000,10000,10000
E01003745,Redbridge 001B,Redbridge,Outer London,50,0,10000,10000,10000
E01003746,Redbridge 001C,Redbridge,Outer London,64,0,10000,10000,10000
E01003747,Redbridge 001D,Redbridge,Outer London,31,0,10000,10000,10000
E01003748,Redbridge 001E,Redbridge,Outer London,40,0,10000,10000,10000
E01003749,Redbridge 001F,Redbridge,Outer London,21,0,10000,10000,10000
E01003750,Redbridge 001G,Redbridge,Outer London,39,0,10000,10000,10000
E01003751,Redbridge 020A,Redbridge,Outer London,63,0,10000,10000,10000
E01003752,Redbridge 023A,Redbridge,Outer London,23,0,10000,10000,10000
E01003753,Redbridge 020B,Redbridge,Outer London,13,0,10000,10000,10000
E01003754,Redbridge 020C,Redbridge,Outer London,17,0,10000,10000,10000
E01003755,Redbridge 023B,Redbridge,Outer London,24,0,10000,10000,10000
E01003756,Redbridge 023C,Redbridge,Outer London,25,0,10000,10000,10000
E01003757,Redbridge 020D,Redbridge,Outer London,22,0,10000,10000,10000
E01003759,Redbridge 009A,Redbridge,Outer London,24,0,10000,10000,10000
E01003760,Redbridge 009B,Redbridge,Outer London,33,0,10000,10000,10000
E01003761,Redbridge 009C,Redbridge,Outer London,9,0,10000,10000,10000
E01003762,Redbridge 009D,Redbridge,Outer London,24,0,10000,10000,10000
E01003763,Redbridge 009E,Redbridge,Outer London,69,0,10000,10000,10000
E01003764,Redbridge 009F,Redbridge,Outer London,52,0,10000,10000,10000
E01003765,Redbridge 009G,Redbridge,Outer London,23,0,10000,10000,10000
E01003766,Redbridge 024A,Redbridge,Outer London,13,0,10000,10000,10000
E01003767,Redbridge 024B,Redbridge,Outer London,19,0,10000,10000,10000
E01003768,Redbridge 024C,Redbridge,Outer London,18,0,10000,10000,10000
E01003769,Redbridge 022A,Redbridge,Outer London,23,0,10000,10000,10000
E01003770,Redbridge 022B,Redbridge,Outer London,68,0,10000,10000,10000
E01003771,Redbridge 022C,Redbridge,Outer London,23,0,10000,10000,10000
E01003772,Redbridge 024D,Redbridge,Outer London,15,0,10000,10000,10000
E01003773,Redbridge 022D,Redbridge,Outer London,27,0,10000,10000,10000
E01003774,Redbridge 014A,Redbridge,Outer London,24,0,10000,10000,10000
E01003775,Redbridge 014B,Redbridge,Outer London,33,0,10000,10000,10000
E01003776,Redbridge 014C,Redbridge,Outer London,32,0,10000,10000,10000
E01003777,Redbridge 014D,Redbridge,Outer London,23,0,10000,10000,10000
E01003778,Redbridge 014E,Redbridge,Outer London,36,0,10000,10000,10000
E01003779,Redbridge 014F,Redbridge,Outer London,17,0,10000,10000,10000
E01003780,Redbridge 014G,Redbridge,Outer London,30,0,10000,10000,10000
E01003781,Redbridge 026A,Redbridge,Outer London,18,0,10000,10000,10000
E01003782,Redbridge 026B,Redbridge,Outer London,18,0,10000,10000,10000
E01003783,Redbridge 029A,Redbridge,Outer London,22,0,10000,10000,10000
E01003784,Redbridge 029B,Redbridge,Outer London,15,0,10000,10000,10000
E01003785,Redbridge 029C,Redbridge,Outer London,37,0,10000,10000,10000
E01003786,Redbridge 026C,Redbridge,Outer London,15,0,10000,10000,10000
E01003787,Redbridge 026D,Redbridge,Outer London,11,0,10000,10000,10000
E01003788,Redbridge 029D,Redbridge,Outer London,14,0,10000,10000,10000
E01003789,Redbridge 018A,Redbridge,Outer London,31,0,10000,10000,10000
E01003790,Redbridge 027A,Redbridge,Outer London,87,0,10000,10000,10000
E01003791,Redbridge 027B,Redbridge,Outer London,132,0,10000,10000,10000
E01003792,Redbridge 027C,Redbridge,Outer London,82,0,10000,10000,10000
E01003793,Redbridge 027D,Redbridge,Outer London,56,0,10000,10000,10000
E01003794,Redbridge 018B,Redbridge,Outer London,35,0,10000,10000,10000
E01003795,Redbridge 018C,Redbridge,Outer London,76,0,10000,10000,10000
E01003796,Redbridge 018D,Redbridge,Outer London,26,0,10000,10000,10000
E01003797,Richmond upon Thames 001A,Richmond upon Thames,Outer London,41,0,10000,10000,10000
E01003798,Richmond upon Thames 001B,Richmond upon Thames,Outer London,23,0,10000,10000,10000
E01003799,Richmond upon Thames 001C,Richmond upon Thames,Outer London,82,0,10000,10000,10000
E01003800,Richmond upon Thames 001D,Richmond upon Thames,Outer London,24,0,10000,10000,10000
E01003801,Richmond upon Thames 001E,Richmond upon Thames,Outer London,30,0,10000,10000,10000
E01003802,Richmond upon Thames 001F,Richmond upon Thames,Outer London,40,0,10000,10000,10000
E01003803,Richmond upon Thames 001G,Richmond upon Thames,Outer London,22,0,10000,10000,10000
E01003804,Richmond upon Thames 005A,Richmond upon Thames,Outer London,18,0,10000,10000,10000
E01003805,Richmond upon Thames 012A,Richmond upon Thames,Outer London,78,0,10000,10000,10000
E01003806,Richmond upon Thames 012B,Richmond upon Thames,Outer London,417,0,10000,10000,10000
E01003807,Richmond upon Thames 005B,Richmond upon Thames,Outer London,16,0,10000,10000,10000
E01003808,Richmond upon Thames 005C,Richmond upon Thames,Outer London,16,0,10000,10000,10000
E01003809,Richmond upon Thames 005D,Richmond upon Thames,Outer London,38,0,10000,10000,10000
E01003810,Richmond upon Thames 019A,Richmond upon Thames,Outer London,20,0,10000,10000,10000
E01003811,Richmond upon Thames 018A,Richmond upon Thames,Outer London,19,0,10000,10000,10000
E01003812,Richmond upon Thames 018B,Richmond upon Thames,Outer London,28,0,10000,10000,10000
E01003813,Richmond upon Thames 019B,Richmond upon Thames,Outer London,30,0,10000,10000,10000
E01003814,Richmond upon Thames 019C,Richmond upon Thames,Outer London,43,0,10000,10000,10000
E01003815,Richmond upon Thames 019D,Richmond upon Thames,Outer London,52,0,10000,10000,10000
E01003816,Richmond upon Thames 012C,Richmond upon Thames,Outer London,304,0,10000,10000,10000
E01003817,Richmond upon Thames 012D,Richmond upon Thames,Outer London,413,0,10000,10000,10000
E01003818,Richmond upon Thames 017A,Richmond upon Thames,Outer London,49,0,10000,10000,10000
E01003819,Richmond upon Thames 017B,Richmond upon Thames,Outer London,103,0,10000,10000,10000
E01003820,Richmond upon Thames 017C,Richmond upon Thames,Outer London,33,0,10000,10000,10000
E01003821,Richmond upon Thames 008A,Richmond upon Thames,Outer London,30,0,10000,10000,10000
E01003822,Richmond upon Thames 023A,Richmond upon Thames,Outer London,39,0,10000,10000,10000
E01003823,Richmond upon Thames 023B,Richmond upon Thames,Outer London,431,0,10000,10000,10000
E01003824,Richmond upon Thames 023C,Richmond upon Thames,Outer London,34,0,10000,10000,10000
E01003825,Richmond upon Thames 023D,Richmond upon Thames,Outer London,33,0,10000,10000,10000
E01003826,Richmond upon Thames 023E,Richmond upon Thames,Outer London,105,0,10000,10000,10000
E01003827,Richmond upon Thames 023F,Richmond upon Thames,Outer London,45,0,10000,10000,10000
E01003828,Richmond upon Thames 020A,Richmond upon Thames,Outer London,35,0,10000,10000,10000
E01003829,Richmond upon Thames 020B,Richmond upon Thames,Outer London,41,0,10000,10000,10000
E01003830,Richmond upon Thames 020C,Richmond upon Thames,Outer London,49,0,10000,10000,10000
E01003831,Richmond upon Thames 020D,Richmond upon Thames,Outer London,31,0,10000,10000,10000
E01003832,Richmond upon Thames 020E,Richmond upon Thames,Outer London,23,0,10000,10000,10000
E01003833,Richmond upon Thames 020F,Richmond upon Thames,Outer London,19,0,10000,10000,10000
E01003834,Richmond upon Thames 022A,Richmond upon Thames,Outer London,108,0,10000,10000,10000
E01003835,Richmond upon Thames 022B,Richmond upon Thames,Outer London,34,0,10000,10000,10000
E01003836,Richmond upon Thames 022C,Richmond upon Thames,Outer London,30,0,10000,10000,10000
E01003837,Richmond upon Thames 022D,Richmond upon Thames,Outer London,51,0,10000,10000,10000
E01003838,Richmond upon Thames 022E,Richmond upon Thames,Outer London,31,0,10000,10000,10000
E01003839,Richmond upon Thames 022F,Richmond upon Thames,Outer London,22,0,10000,10000,10000
E01003840,Richmond upon Thames 013A,Richmond upon Thames,Outer London,20,0,10000,10000,10000
E01003841,Richmond upon Thames 013B,Richmond upon Thames,Outer London,30,0,10000,10000,10000
E01003842,Richmond upon Thames 013C,Richmond upon Thames,Outer London,37,0,10000,10000,10000
E01003843,Richmond upon Thames 013D,Richmond upon Thames,Outer London,32,0,10000,10000,10000
E01003844,Richmond upon Thames 013E,Richmond upon Thames,Outer London,28,0,10000,10000,10000
E01003845,Richmond upon Thames 013F,Richmond upon Thames,Outer London,42,0,10000,10000,10000
E01003846,Richmond upon Thames 002A,Richmond upon Thames,Outer London,25,0,10000,10000,10000
E01003847,Richmond upon Thames 002B,Richmond upon Thames,Outer London,162,0,10000,10000,10000
E01003848,Richmond upon Thames 004A,Richmond upon Thames,Outer London,17,0,10000,10000,10000
E01003849,Richmond upon Thames 002C,Richmond upon Thames,Outer London,20,0,10000,10000,10000
E01003851,Richmond upon Thames 002D,Richmond upon Thames,Outer London,23,0,10000,10000,10000
E01003852,Richmond upon Thames 003A,Richmond upon Thames,Outer London,68,0,10000,10000,10000
E01003853,Richmond upon Thames 003B,Richmond upon Thames,Outer London,33,0,10000,10000,10000
E01003854,Richmond upon Thames 003C,Richmond upon Thames,Outer London,14,0,10000,10000,10000
E01003855,Richmond upon Thames 003D,Richmond upon Thames,Outer London,28,0,10000,10000,10000
E01003856,Richmond upon Thames 003E,Richmond upon Thames,Outer London,13,0,10000,10000,10000
E01003857,Richmond upon Thames 003F,Richmond upon Thames,Outer London,14,0,10000,10000,10000
E01003858,Richmond upon Thames 003G,Richmond upon Thames,Outer London,16,0,10000,10000,10000
E01003859,Richmond upon Thames 005E,Richmond upon Thames,Outer London,20,0,10000,10000,10000
E01003860,Richmond upon Thames 002E,Richmond upon Thames,Outer London,151,0,10000,10000,10000
E01003861,Richmond upon Thames 004C,Richmond upon Thames,Outer London,20,0,10000,10000,10000
E01003862,Richmond upon Thames 004D,Richmond upon Thames,Outer London,21,0,10000,10000,10000
E01003863,Richmond upon Thames 004E,Richmond upon Thames,Outer London,21,0,10000,10000,10000
E01003864,Richmond upon Thames 002F,Richmond upon Thames,Outer London,26,0,10000,10000,10000
E01003865,Richmond upon Thames 004F,Richmond upon Thames,Outer London,14,0,10000,10000,10000
E01003866,Richmond upon Thames 007A,Richmond upon Thames,Outer London,15,0,10000,10000,10000
E01003867,Richmond upon Thames 011A,Richmond upon Thames,Outer London,42,0,10000,10000,10000
E01003868,Richmond upon Thames 007B,Richmond upon Thames,Outer London,14,0,10000,10000,10000
E01003869,Richmond upon Thames 011B,Richmond upon Thames,Outer London,32,0,10000,10000,10000
E01003870,Richmond upon Thames 011C,Richmond upon Thames,Outer London,40,0,10000,10000,10000
E01003871,Richmond upon Thames 007C,Richmond upon Thames,Outer London,18,0,10000,10000,10000
E01003872,Richmond upon Thames 007D,Richmond upon Thames,Outer London,35,0,10000,10000,10000
E01003873,Richmond upon Thames 006A,Richmond upon Thames,Outer London,18,0,10000,10000,10000
E01003874,Richmond upon Thames 006B,Richmond upon Thames,Outer London,16,0,10000,10000,10000
E01003875,Richmond upon Thames 006C,Richmond upon Thames,Outer London,50,0,10000,10000,10000
E01003876,Richmond upon Thames 008B,Richmond upon Thames,Outer London,48,0,10000,10000,10000
E01003877,Richmond upon Thames 008C,Richmond upon Thames,Outer London,15,0,10000,10000,10000
E01003878,Richmond upon Thames 006D,Richmond upon Thames,Outer London,101,0,10000,10000,10000
E01003879,Richmond upon Thames 008D,Richmond upon Thames,Outer London,18,0,10000,10000,10000
E01003880,Richmond upon Thames 016A,Richmond upon Thames,Outer London,24,0,10000,10000,10000
E01003881,Richmond upon Thames 016B,Richmond upon Thames,Outer London,34,0,10000,10000,10000
E01003882,Richmond upon Thames 014A,Richmond upon Thames,Outer London,22,0,10000,10000,10000
E01003883,Richmond upon Thames 014B,Richmond upon Thames,Outer London,21,0,10000,10000,10000
E01003884,Richmond upon Thames 016C,Richmond upon Thames,Outer London,31,0,10000,10000,10000
E01003885,Richmond upon Thames 016D,Richmond upon Thames,Outer London,39,0,10000,10000,10000
E01003886,Richmond upon Thames 021A,Richmond upon Thames,Outer London,20,0,10000,10000,10000
E01003887,Richmond upon Thames 021B,Richmond upon Thames,Outer London,21,0,10000,10000,10000
E01003888,Richmond upon Thames 021C,Richmond upon Thames,Outer London,79,0,10000,10000,10000
E01003889,Richmond upon Thames 021D,Richmond upon Thames,Outer London,248,0,10000,10000,10000
E01003890,Richmond upon Thames 018C,Richmond upon Thames,Outer London,23,0,10000,10000,10000
E01003891,Richmond upon Thames 018D,Richmond upon Thames,Outer London,30,0,10000,10000,10000
E01003892,Richmond upon Thames 009A,Richmond upon Thames,Outer London,41,0,10000,10000,10000
E01003893,Richmond upon Thames 009B,Richmond upon Thames,Outer London,23,0,10000,10000,10000
E01003894,Richmond upon Thames 009C,Richmond upon Thames,Outer London,13,0,10000,10000,10000
E01003895,Richmond upon Thames 009D,Richmond upon Thames,Outer London,46,0,10000,10000,10000
E01003896,Richmond upon Thames 014C,Richmond upon Thames,Outer London,25,0,10000,10000,10000
E01003897,Richmond upon Thames 014D,Richmond upon Thames,Outer London,19,0,10000,10000,10000
E01003898,Richmond upon Thames 015A,Richmond upon Thames,Outer London,20,0,10000,10000,10000
E01003899,Richmond upon Thames 015B,Richmond upon Thames,Outer London,18,0,10000,10000,10000
E01003900,Richmond upon Thames 015C,Richmond upon Thames,Outer London,74,0,10000,10000,10000
E01003901,Richmond upon Thames 015D,Richmond upon Thames,Outer London,28,0,10000,10000,10000
E01003902,Richmond upon Thames 015E,Richmond upon Thames,Outer London,15,0,10000,10000,10000
E01003903,Richmond upon Thames 015F,Richmond upon Thames,Outer London,68,0,10000,10000,10000
E01003904,Richmond upon Thames 015G,Richmond upon Thames,Outer London,23,0,10000,10000,10000
E01003905,Richmond upon Thames 010A,Richmond upon Thames,Outer London,38,0,10000,10000,10000
E01003906,Richmond upon Thames 010B,Richmond upon Thames,Outer London,21,0,10000,10000,10000
E01003907,Richmond upon Thames 010C,Richmond upon Thames,Outer London,23,0,10000,10000,10000
E01003908,Richmond upon Thames 010D,Richmond upon Thames,Outer London,31,0,10000,10000,10000
E01003909,Richmond upon Thames 010E,Richmond upon Thames,Outer London,22,0,10000,10000,10000
E01003910,Richmond upon Thames 011D,Richmond upon Thames,Outer London,30,0,10000,10000,10000
E01003911,Southwark 020A,Southwark,Inner London,10,0,10000,10000,10000
E01003912,Southwark 019A,Southwark,Inner London,9,0,10000,10000,10000
E01003913,Southwark 024A,Southwark,Inner London,22,0,10000,10000,10000
E01003914,Southwark 024B,Southwark,Inner London,14,0,10000,10000,10000
E01003915,Southwark 024C,Southwark,Inner London,12,0,10000,10000,10000
E01003916,Southwark 020B,Southwark,Inner London,13,0,10000,10000,10000
E01003917,Southwark 020C,Southwark,Inner London,10,0,10000,10000,10000
E01003918,Southwark 020D,Southwark,Inner London,9,0,10000,10000,10000
E01003919,Southwark 021A,Southwark,Inner London,16,0,10000,10000,10000
E01003920,Southwark 021B,Southwark,Inner London,9,0,10000,10000,10000
E01003921,Southwark 021C,Southwark,Inner London,12,0,10000,10000,10000
E01003922,Southwark 021D,Southwark,Inner London,13,0,10000,10000,10000
E01003923,Southwark 017A,Southwark,Inner London,11,0,10000,10000,10000
E01003924,Southwark 021E,Southwark,Inner London,8,0,10000,10000,10000
E01003925,Southwark 020E,Southwark,Inner London,10,0,10000,10000,10000
E01003926,Southwark 021F,Southwark,Inner London,11,0,10000,10000,10000
E01003929,Southwark 002B,Southwark,Inner London,24,0,10000,10000,10000
E01003930,Southwark 034A,Southwark,Inner London,11,0,10000,10000,10000
E01003932,Southwark 034B,Southwark,Inner London,14,0,10000,10000,10000
E01003933,Southwark 034C,Southwark,Inner London,22,0,10000,10000,10000
E01003934,Southwark 002C,Southwark,Inner London,23,0,10000,10000,10000
E01003935,Southwark 002D,Southwark,Inner London,15,0,10000,10000,10000
E01003936,Southwark 009A,Southwark,Inner London,11,0,10000,10000,10000
E01003937,Southwark 009B,Southwark,Inner London,10,0,10000,10000,10000
E01003938,Southwark 006A,Southwark,Inner London,8,0,10000,10000,10000
E01003939,Southwark 002E,Southwark,Inner London,14,0,10000,10000,10000
E01003940,Southwark 006B,Southwark,Inner London,7,0,10000,10000,10000
E01003941,Southwark 006C,Southwark,Inner London,9,0,10000,10000,10000
E01003942,Southwark 006D,Southwark,Inner London,12,0,10000,10000,10000
E01003943,Southwark 009C,Southwark,Inner London,6,0,10000,10000,10000
E01003945,Southwark 033A,Southwark,Inner London,89,0,10000,10000,10000
E01003946,Southwark 033B,Southwark,Inner London,45,0,10000,10000,10000
E01003947,Southwark 033C,Southwark,Inner London,15,0,10000,10000,10000
E01003948,Southwark 033D,Southwark,Inner London,25,0,10000,10000,10000
E01003949,Southwark 032A,Southwark,Inner London,21,0,10000,10000,10000
E01003950,Southwark 032B,Southwark,Inner London,23,0,10000,10000,10000
E01003951,Southwark 033E,Southwark,Inner London,105,0,10000,10000,10000
E01003952,Southwark 030A,Southwark,Inner London,12,0,10000,10000,10000
E01003953,Southwark 028A,Southwark,Inner London,20,0,10000,10000,10000
E01003954,Southwark 030B,Southwark,Inner London,11,0,10000,10000,10000
E01003955,Southwark 028B,Southwark,Inner London,14,0,10000,10000,10000
E01003956,Southwark 030C,Southwark,Inner London,12,0,10000,10000,10000
E01003957,Southwark 032C,Southwark,Inner London,15,0,10000,10000,10000
E01003958,Southwark 032D,Southwark,Inner London,17,0,10000,10000,10000
E01003960,Southwark 012A,Southwark,Inner London,11,0,10000,10000,10000
E01003961,Southwark 012B,Southwark,Inner London,13,0,10000,10000,10000
E01003963,Southwark 016A,Southwark,Inner London,8,0,10000,10000,10000
E01003966,Southwark 015B,Southwark,Inner London,10,0,10000,10000,10000
E01003969,Southwark 017B,Southwark,Inner London,29,0,10000,10000,10000
E01003971,Southwark 015D,Southwark,Inner London,6,0,10000,10000,10000
E01003972,Southwark 016D,Southwark,Inner London,7,0,10000,10000,10000
E01003973,Southwark 016E,Southwark,Inner London,8,0,10000,10000,10000
E01003975,Southwark 004A,Southwark,Inner London,8,0,10000,10000,10000
E01003976,Southwark 036D,Southwark,Inner London,14,0,10000,10000,10000
E01003977,Southwark 010A,Southwark,Inner London,13,0,10000,10000,10000
E01003979,Southwark 006E,Southwark,Inner London,16,0,10000,10000,10000
E01003980,Southwark 013A,Southwark,Inner London,18,0,10000,10000,10000
E01003981,Southwark 006F,Southwark,Inner London,20,0,10000,10000,10000
E01003983,Southwark 018A,Southwark,Inner London,12,0,10000,10000,10000
E01003984,Southwark 023A,Southwark,Inner London,18,0,10000,10000,10000
E01003986,Southwark 011A,Southwark,Inner London,19,0,10000,10000,10000
E01003987,Southwark 011B,Southwark,Inner London,14,0,10000,10000,10000
E01003988,Southwark 018B,Southwark,Inner London,38,0,10000,10000,10000
E01003989,Southwark 018C,Southwark,Inner London,27,0,10000,10000,10000
E01003990,Southwark 018D,Southwark,Inner London,14,0,10000,10000,10000
E01003991,Southwark 017C,Southwark,Inner London,7,0,10000,10000,10000
E01003992,Southwark 014A,Southwark,Inner London,7,0,10000,10000,10000
E01003993,Southwark 017D,Southwark,Inner London,9,0,10000,10000,10000
E01003994,Southwark 012E,Southwark,Inner London,14,0,10000,10000,10000
E01003995,Southwark 014B,Southwark,Inner London,7,0,10000,10000,10000
E01003997,Southwark 017E,Southwark,Inner London,8,0,10000,10000,10000
E01003998,Southwark 014D,Southwark,Inner London,9,0,10000,10000,10000
E01003999,Southwark 014E,Southwark,Inner London,9,0,10000,10000,10000
E01004000,Southwark 026A,Southwark,Inner London,15,0,10000,10000,10000
E01004001,Southwark 026B,Southwark,Inner London,19,0,10000,10000,10000
E01004002,Southwark 029A,Southwark,Inner London,32,0,10000,10000,10000
E01004003,Southwark 023B,Southwark,Inner London,14,0,10000,10000,10000
E01004004,Southwark 023C,Southwark,Inner London,21,0,10000,10000,10000
E01004005,Southwark 023D,Southwark,Inner London,14,0,10000,10000,10000
E01004006,Southwark 023E,Southwark,Inner London,14,0,10000,10000,10000
E01004007,Southwark 018E,Southwark,Inner London,8,0,10000,10000,10000
E01004008,Southwark 022B,Southwark,Inner London,13,0,10000,10000,10000
E01004010,Southwark 022D,Southwark,Inner London,10,0,10000,10000,10000
E01004011,Southwark 019B,Southwark,Inner London,12,0,10000,10000,10000
E01004012,Southwark 019C,Southwark,Inner London,15,0,10000,10000,10000
E01004013,Southwark 019D,Southwark,Inner London,12,0,10000,10000,10000
E01004014,Southwark 019E,Southwark,Inner London,8,0,10000,10000,10000
E01004015,Southwark 028C,Southwark,Inner London,57,0,10000,10000,10000
E01004016,Southwark 029B,Southwark,Inner London,56,0,10000,10000,10000
E01004017,Southwark 029C,Southwark,Inner London,36,0,10000,10000,10000
E01004018,Southwark 032E,Southwark,Inner London,27,0,10000,10000,10000
E01004019,Southwark 026C,Southwark,Inner London,15,0,10000,10000,10000
E01004020,Southwark 029D,Southwark,Inner London,19,0,10000,10000,10000
E01004021,Southwark 028D,Southwark,Inner London,16,0,10000,10000,10000
E01004023,Southwark 004D,Southwark,Inner London,11,0,10000,10000,10000
E01004024,Southwark 011C,Southwark,Inner London,13,0,10000,10000,10000
E01004028,Southwark 004E,Southwark,Inner London,10,0,10000,10000,10000
E01004029,Southwark 001A,Southwark,Inner London,11,0,10000,10000,10000
E01004030,Southwark 007A,Southwark,Inner London,11,0,10000,10000,10000
E01004031,Southwark 007B,Southwark,Inner London,44,0,10000,10000,10000
E01004032,Southwark 001B,Southwark,Inner London,12,0,10000,10000,10000
E01004033,Southwark 007C,Southwark,Inner London,15,0,10000,10000,10000
E01004034,Southwark 007D,Southwark,Inner London,13,0,10000,10000,10000
E01004035,Southwark 011D,Southwark,Inner London,21,0,10000,10000,10000
E01004036,Southwark 007E,Southwark,Inner London,9,0,10000,10000,10000
E01004037,Southwark 010B,Southwark,Inner London,16,0,10000,10000,10000
E01004038,Southwark 010C,Southwark,Inner London,22,0,10000,10000,10000
E01004039,Southwark 013B,Southwark,Inner London,10,0,10000,10000,10000
E01004040,Southwark 013C,Southwark,Inner London,12,0,10000,10000,10000
E01004041,Southwark 013D,Southwark,Inner London,5,0,10000,10000,10000
E01004042,Southwark 010D,Southwark,Inner London,14,0,10000,10000,10000
E01004043,Southwark 010E,Southwark,Inner London,11,0,10000,10000,10000
E01004044,Southwark 013E,Southwark,Inner London,8,0,10000,10000,10000
E01004045,Southwark 027A,Southwark,Inner London,5,0,10000,10000,10000
E01004046,Southwark 028E,Southwark,Inner London,16,0,10000,10000,10000
E01004047,Southwark 027B,Southwark,Inner London,10,0,10000,10000,10000
E01004048,Southwark 027C,Southwark,Inner London,39,0,10000,10000,10000
E01004049,Southwark 027D,Southwark,Inner London,11,0,10000,10000,10000
E01004050,Southwark 024D,Southwark,Inner London,19,0,10000,10000,10000
E01004051,Southwark 027E,Southwark,Inner London,14,0,10000,10000,10000
E01004052,Southwark 024E,Southwark,Inner London,21,0,10000,10000,10000
E01004053,Southwark 001C,Southwark,Inner London,17,0,10000,10000,10000
E01004054,Southwark 001D,Southwark,Inner London,12,0,10000,10000,10000
E01004055,Southwark 001E,Southwark,Inner London,18,0,10000,10000,10000
E01004056,Southwark 008A,Southwark,Inner London,20,0,10000,10000,10000
E01004057,Southwark 008B,Southwark,Inner London,26,0,10000,10000,10000
E01004058,Southwark 008C,Southwark,Inner London,14,0,10000,10000,10000
E01004059,Southwark 008D,Southwark,Inner London,27,0,10000,10000,10000
E01004060,Southwark 008E,Southwark,Inner London,9,0,10000,10000,10000
E01004061,Southwark 025A,Southwark,Inner London,20,0,10000,10000,10000
E01004062,Southwark 025B,Southwark,Inner London,17,0,10000,10000,10000
E01004063,Southwark 025C,Southwark,Inner London,17,0,10000,10000,10000
E01004064,Southwark 026D,Southwark,Inner London,15,0,10000,10000,10000
E01004065,Southwark 025D,Southwark,Inner London,10,0,10000,10000,10000
E01004066,Southwark 025E,Southwark,Inner London,15,0,10000,10000,10000
E01004067,Southwark 022E,Southwark,Inner London,23,0,10000,10000,10000
E01004068,Southwark 026E,Southwark,Inner London,20,0,10000,10000,10000
E01004069,Southwark 031A,Southwark,Inner London,93,0,10000,10000,10000
E01004070,Southwark 031B,Southwark,Inner London,31,0,10000,10000,10000
E01004071,Southwark 030D,Southwark,Inner London,14,0,10000,10000,10000
E01004072,Southwark 030E,Southwark,Inner London,27,0,10000,10000,10000
E01004073,Southwark 031C,Southwark,Inner London,20,0,10000,10000,10000
E01004074,Southwark 031D,Southwark,Inner London,32,0,10000,10000,10000
E01004075,Southwark 031E,Southwark,Inner London,62,0,10000,10000,10000
E01004076,Sutton 011A,Sutton,Outer London,342,0,10000,10000,10000
E01004077,Sutton 011B,Sutton,Outer London,26,0,10000,10000,10000
E01004078,Sutton 011C,Sutton,Outer London,33,0,10000,10000,10000
E01004079,Sutton 011D,Sutton,Outer London,34,0,10000,10000,10000
E01004080,Sutton 011E,Sutton,Outer London,28,0,10000,10000,10000
E01004081,Sutton 011F,Sutton,Outer London,16,0,10000,10000,10000
E01004082,Sutton 011G,Sutton,Outer London,17,0,10000,10000,10000
E01004083,Sutton 019A,Sutton,Outer London,23,0,10000,10000,10000
E01004084,Sutton 024A,Sutton,Outer London,54,0,10000,10000,10000
E01004085,Sutton 024B,Sutton,Outer London,80,0,10000,10000,10000
E01004086,Sutton 019B,Sutton,Outer London,58,0,10000,10000,10000
E01004087,Sutton 017A,Sutton,Outer London,36,0,10000,10000,10000
E01004088,Sutton 019C,Sutton,Outer London,48,0,10000,10000,10000
E01004089,Sutton 019D,Sutton,Outer London,13,0,10000,10000,10000
E01004090,Sutton 021A,Sutton,Outer London,19,0,10000,10000,10000
E01004091,Sutton 022A,Sutton,Outer London,36,0,10000,10000,10000
E01004092,Sutton 022B,Sutton,Outer London,64,0,10000,10000,10000
E01004093,Sutton 025A,Sutton,Outer London,42,0,10000,10000,10000
E01004094,Sutton 025B,Sutton,Outer London,30,0,10000,10000,10000
E01004095,Sutton 025C,Sutton,Outer London,26,0,10000,10000,10000
E01004096,Sutton 021B,Sutton,Outer London,16,0,10000,10000,10000
E01004097,Sutton 015A,Sutton,Outer London,26,0,10000,10000,10000
E01004098,Sutton 015B,Sutton,Outer London,21,0,10000,10000,10000
E01004099,Sutton 015C,Sutton,Outer London,41,0,10000,10000,10000
E01004100,Sutton 015D,Sutton,Outer London,38,0,10000,10000,10000
E01004101,Sutton 013A,Sutton,Outer London,22,0,10000,10000,10000
E01004102,Sutton 015E,Sutton,Outer London,39,0,10000,10000,10000
E01004103,Sutton 013B,Sutton,Outer London,18,0,10000,10000,10000
E01004104,Sutton 020A,Sutton,Outer London,36,0,10000,10000,10000
E01004105,Sutton 022C,Sutton,Outer London,42,0,10000,10000,10000
E01004106,Sutton 022D,Sutton,Outer London,79,0,10000,10000,10000
E01004107,Sutton 020B,Sutton,Outer London,24,0,10000,10000,10000
E01004108,Sutton 024C,Sutton,Outer London,461,0,10000,10000,10000
E01004109,Sutton 024D,Sutton,Outer London,65,0,10000,10000,10000
E01004110,Sutton 016A,Sutton,Outer London,30,0,10000,10000,10000
E01004111,Sutton 016B,Sutton,Outer London,48,0,10000,10000,10000
E01004112,Sutton 016C,Sutton,Outer London,53,0,10000,10000,10000
E01004114,Sutton 025D,Sutton,Outer London,157,0,10000,10000,10000
E01004115,Sutton 009A,Sutton,Outer London,28,0,10000,10000,10000
E01004116,Sutton 008A,Sutton,Outer London,35,0,10000,10000,10000
E01004117,Sutton 006A,Sutton,Outer London,24,0,10000,10000,10000
E01004118,Sutton 009B,Sutton,Outer London,26,0,10000,10000,10000
E01004119,Sutton 009C,Sutton,Outer London,25,0,10000,10000,10000
E01004120,Sutton 016D,Sutton,Outer London,29,0,10000,10000,10000
E01004121,Sutton 006B,Sutton,Outer London,22,0,10000,10000,10000
E01004122,Sutton 008B,Sutton,Outer London,28,0,10000,10000,10000
E01004123,Sutton 002A,Sutton,Outer London,42,0,10000,10000,10000
E01004124,Sutton 002B,Sutton,Outer London,17,0,10000,10000,10000
E01004125,Sutton 001A,Sutton,Outer London,12,0,10000,10000,10000
E01004126,Sutton 002C,Sutton,Outer London,14,0,10000,10000,10000
E01004127,Sutton 005A,Sutton,Outer London,20,0,10000,10000,10000
E01004128,Sutton 002D,Sutton,Outer London,15,0,10000,10000,10000
E01004129,Sutton 002E,Sutton,Outer London,26,0,10000,10000,10000
E01004130,Sutton 003A,Sutton,Outer London,67,0,10000,10000,10000
E01004131,Sutton 003B,Sutton,Outer London,21,0,10000,10000,10000
E01004132,Sutton 009D,Sutton,Outer London,17,0,10000,10000,10000
E01004133,Sutton 009E,Sutton,Outer London,18,0,10000,10000,10000
E01004134,Sutton 003C,Sutton,Outer London,22,0,10000,10000,10000
E01004135,Sutton 003D,Sutton,Outer London,29,0,10000,10000,10000
E01004136,Sutton 003E,Sutton,Outer London,24,0,10000,10000,10000
E01004137,Sutton 012A,Sutton,Outer London,23,0,10000,10000,10000
E01004138,Sutton 013C,Sutton,Outer London,15,0,10000,10000,10000
E01004139,Sutton 013D,Sutton,Outer London,15,0,10000,10000,10000
E01004140,Sutton 012B,Sutton,Outer London,13,0,10000,10000,10000
E01004141,Sutton 012C,Sutton,Outer London,14,0,10000,10000,10000
E01004143,Sutton 014A,Sutton,Outer London,11,0,10000,10000,10000
E01004144,Sutton 007A,Sutton,Outer London,40,0,10000,10000,10000
E01004145,Sutton 007B,Sutton,Outer London,47,0,10000,10000,10000
E01004146,Sutton 007C,Sutton,Outer London,21,0,10000,10000,10000
E01004147,Sutton 007D,Sutton,Outer London,31,0,10000,10000,10000
E01004148,Sutton 014B,Sutton,Outer London,23,0,10000,10000,10000
E01004149,Sutton 012E,Sutton,Outer London,27,0,10000,10000,10000
E01004150,Sutton 021C,Sutton,Outer London,16,0,10000,10000,10000
E01004151,Sutton 021D,Sutton,Outer London,21,0,10000,10000,10000
E01004152,Sutton 018A,Sutton,Outer London,23,0,10000,10000,10000
E01004153,Sutton 021E,Sutton,Outer London,17,0,10000,10000,10000
E01004154,Sutton 022E,Sutton,Outer London,33,0,10000,10000,10000
E01004155,Sutton 018B,Sutton,Outer London,18,0,10000,10000,10000
E01004156,Sutton 018C,Sutton,Outer London,21,0,10000,10000,10000
E01004157,Sutton 016E,Sutton,Outer London,27,0,10000,10000,10000
E01004158,Sutton 018D,Sutton,Outer London,25,0,10000,10000,10000
E01004159,Sutton 014C,Sutton,Outer London,32,0,10000,10000,10000
E01004160,Sutton 014D,Sutton,Outer London,22,0,10000,10000,10000
E01004161,Sutton 014E,Sutton,Outer London,35,0,10000,10000,10000
E01004162,Sutton 018E,Sutton,Outer London,19,0,10000,10000,10000
E01004163,Sutton 005B,Sutton,Outer London,22,0,10000,10000,10000
E01004164,Sutton 004A,Sutton,Outer London,23,0,10000,10000,10000
E01004165,Sutton 005C,Sutton,Outer London,27,0,10000,10000,10000
E01004166,Sutton 004B,Sutton,Outer London,22,0,10000,10000,10000
E01004167,Sutton 005D,Sutton,Outer London,15,0,10000,10000,10000
E01004168,Sutton 013E,Sutton,Outer London,24,0,10000,10000,10000
E01004169,Sutton 004C,Sutton,Outer London,16,0,10000,10000,10000
E01004170,Sutton 017B,Sutton,Outer London,25,0,10000,10000,10000
E01004171,Sutton 010A,Sutton,Outer London,34,0,10000,10000,10000
E01004172,Sutton 010B,Sutton,Outer London,20,0,10000,10000,10000
E01004173,Sutton 010C,Sutton,Outer London,22,0,10000,10000,10000
E01004174,Sutton 017C,Sutton,Outer London,18,0,10000,10000,10000
E01004175,Sutton 010D,Sutton,Outer London,28,0,10000,10000,10000
E01004176,Sutton 010E,Sutton,Outer London,17,0,10000,10000,10000
E01004177,Sutton 020C,Sutton,Outer London,27,0,10000,10000,10000
E01004178,Sutton 017D,Sutton,Outer London,21,0,10000,10000,10000
E01004179,Sutton 017E,Sutton,Outer London,23,0,10000,10000,10000
E01004180,Sutton 020D,Sutton,Outer London,59,0,10000,10000,10000
E01004181,Sutton 020E,Sutton,Outer London,25,0,10000,10000,10000
E01004182,Sutton 019E,Sutton,Outer London,13,0,10000,10000,10000
E01004183,Sutton 001B,Sutton,Outer London,22,0,10000,10000,10000
E01004184,Sutton 001C,Sutton,Outer London,26,0,10000,10000,10000
E01004185,Sutton 001D,Sutton,Outer London,42,0,10000,10000,10000
E01004186,Sutton 004D,Sutton,Outer London,30,0,10000,10000,10000
E01004187,Sutton 005E,Sutton,Outer London,18,0,10000,10000,10000
E01004189,Sutton 001E,Sutton,Outer London,34,0,10000,10000,10000
E01004190,Sutton 008C,Sutton,Outer London,26,0,10000,10000,10000
E01004191,Sutton 008D,Sutton,Outer London,25,0,10000,10000,10000
E01004192,Sutton 006C,Sutton,Outer London,37,0,10000,10000,10000
E01004193,Sutton 006D,Sutton,Outer London,37,0,10000,10000,10000
E01004194,Sutton 008E,Sutton,Outer London,20,0,10000,10000,10000
E01004195,Sutton 006E,Sutton,Outer London,24,0,10000,10000,10000
E01004196,Sutton 008F,Sutton,Outer London,24,0,10000,10000,10000
E01004198,Tower Hamlets 002B,Tower Hamlets,Inner London,10,0,10000,10000,10000
E01004199,Tower Hamlets 002C,Tower Hamlets,Inner London,6,0,10000,10000,10000
E01004200,Tower Hamlets 005A,Tower Hamlets,Inner London,7,0,10000,10000,10000
E01004201,Tower Hamlets 002D,Tower Hamlets,Inner London,13,0,10000,10000,10000
E01004202,Tower Hamlets 005B,Tower Hamlets,Inner London,10,0,10000,10000,10000
E01004203,Tower Hamlets 005C,Tower Hamlets,Inner London,10,0,10000,10000,10000
E01004204,Tower Hamlets 005D,Tower Hamlets,Inner London,8,0,10000,10000,10000
E01004205,Tower Hamlets 013A,Tower Hamlets,Inner London,15,0,10000,10000,10000
E01004206,Tower Hamlets 013B,Tower Hamlets,Inner London,9,0,10000,10000,10000
E01004207,Tower Hamlets 011A,Tower Hamlets,Inner London,8,0,10000,10000,10000
E01004208,Tower Hamlets 013C,Tower Hamlets,Inner London,15,0,10000,10000,10000
E01004209,Tower Hamlets 011B,Tower Hamlets,Inner London,10,0,10000,10000,10000
E01004211,Tower Hamlets 013D,Tower Hamlets,Inner London,17,0,10000,10000,10000
E01004212,Tower Hamlets 011D,Tower Hamlets,Inner London,5,0,10000,10000,10000
E01004214,Tower Hamlets 030A,Tower Hamlets,Inner London,7,0,10000,10000,10000
E01004216,Tower Hamlets 030B,Tower Hamlets,Inner London,10,0,10000,10000,10000
E01004217,Tower Hamlets 030C,Tower Hamlets,Inner London,42,0,10000,10000,10000
E01004218,Tower Hamlets 030D,Tower Hamlets,Inner London,12,0,10000,10000,10000
E01004219,Tower Hamlets 035B,Tower Hamlets,Inner London,22,0,10000,10000,10000
E01004221,Tower Hamlets 036A,Tower Hamlets,Inner London,13,0,10000,10000,10000
E01004222,Tower Hamlets 001A,Tower Hamlets,Inner London,12,0,10000,10000,10000
E01004223,Tower Hamlets 001B,Tower Hamlets,Inner London,62,0,10000,10000,10000
E01004226,Tower Hamlets 001D,Tower Hamlets,Inner London,8,0,10000,10000,10000
E01004228,Tower Hamlets 003A,Tower Hamlets,Inner London,12,0,10000,10000,10000
E01004229,Tower Hamlets 004C,Tower Hamlets,Inner London,13,0,10000,10000,10000
E01004230,Tower Hamlets 003B,Tower Hamlets,Inner London,17,0,10000,10000,10000
E01004231,Tower Hamlets 004D,Tower Hamlets,Inner London,10,0,10000,10000,10000
E01004232,Tower Hamlets 003C,Tower Hamlets,Inner London,18,0,10000,10000,10000
E01004233,Tower Hamlets 003D,Tower Hamlets,Inner London,7,0,10000,10000,10000
E01004234,Tower Hamlets 003E,Tower Hamlets,Inner London,58,0,10000,10000,10000
E01004235,Tower Hamlets 008A,Tower Hamlets,Inner London,4,0,10000,10000,10000
E01004236,Tower Hamlets 008B,Tower Hamlets,Inner London,9,0,10000,10000,10000
E01004237,Tower Hamlets 008C,Tower Hamlets,Inner London,6,0,10000,10000,10000
E01004239,Tower Hamlets 008E,Tower Hamlets,Inner London,12,0,10000,10000,10000
E01004240,Tower Hamlets 012A,Tower Hamlets,Inner London,8,0,10000,10000,10000
E01004241,Tower Hamlets 012B,Tower Hamlets,Inner London,10,0,10000,10000,10000
E01004243,Tower Hamlets 020A,Tower Hamlets,Inner London,12,0,10000,10000,10000
E01004244,Tower Hamlets 020B,Tower Hamlets,Inner London,15,0,10000,10000,10000
E01004245,Tower Hamlets 018A,Tower Hamlets,Inner London,22,0,10000,10000,10000
E01004247,Tower Hamlets 020C,Tower Hamlets,Inner London,11,0,10000,10000,10000
E01004248,Tower Hamlets 018C,Tower Hamlets,Inner London,7,0,10000,10000,10000
E01004249,Tower Hamlets 018D,Tower Hamlets,Inner London,17,0,10000,10000,10000
E01004251,Tower Hamlets 023A,Tower Hamlets,Inner London,15,0,10000,10000,10000
E01004255,Tower Hamlets 023C,Tower Hamlets,Inner London,10,0,10000,10000,10000
E01004256,Tower Hamlets 024C,Tower Hamlets,Inner London,15,0,10000,10000,10000
E01004257,Tower Hamlets 024D,Tower Hamlets,Inner London,10,0,10000,10000,10000
E01004258,Tower Hamlets 023D,Tower Hamlets,Inner London,10,0,10000,10000,10000
E01004259,Tower Hamlets 007A,Tower Hamlets,Inner London,13,0,10000,10000,10000
E01004260,Tower Hamlets 007B,Tower Hamlets,Inner London,11,0,10000,10000,10000
E01004263,Tower Hamlets 007C,Tower Hamlets,Inner London,8,0,10000,10000,10000
E01004264,Tower Hamlets 010C,Tower Hamlets,Inner London,7,0,10000,10000,10000
E01004266,Tower Hamlets 007D,Tower Hamlets,Inner London,7,0,10000,10000,10000
E01004267,Tower Hamlets 012D,Tower Hamlets,Inner London,23,0,10000,10000,10000
E01004268,Tower Hamlets 012E,Tower Hamlets,Inner London,5,0,10000,10000,10000
E01004270,Tower Hamlets 014B,Tower Hamlets,Inner London,29,0,10000,10000,10000
E01004271,Tower Hamlets 014C,Tower Hamlets,Inner London,8,0,10000,10000,10000
E01004272,Tower Hamlets 014D,Tower Hamlets,Inner London,9,0,10000,10000,10000
E01004274,Tower Hamlets 031A,Tower Hamlets,Inner London,8,0,10000,10000,10000
E01004275,Tower Hamlets 031B,Tower Hamlets,Inner London,14,0,10000,10000,10000
E01004276,Tower Hamlets 031C,Tower Hamlets,Inner London,7,0,10000,10000,10000
E01004277,Tower Hamlets 033A,Tower Hamlets,Inner London,46,0,10000,10000,10000
E01004280,Tower Hamlets 032A,Tower Hamlets,Inner London,16,0,10000,10000,10000
E01004281,Tower Hamlets 031D,Tower Hamlets,Inner London,13,0,10000,10000,10000
E01004283,Tower Hamlets 016A,Tower Hamlets,Inner London,17,0,10000,10000,10000
E01004286,Tower Hamlets 019C,Tower Hamlets,Inner London,14,0,10000,10000,10000
E01004287,Tower Hamlets 016B,Tower Hamlets,Inner London,8,0,10000,10000,10000
E01004288,Tower Hamlets 019D,Tower Hamlets,Inner London,9,0,10000,10000,10000
E01004289,Tower Hamlets 016C,Tower Hamlets,Inner London,12,0,10000,10000,10000
E01004290,Tower Hamlets 016D,Tower Hamlets,Inner London,8,0,10000,10000,10000
E01004291,Tower Hamlets 027A,Tower Hamlets,Inner London,11,0,10000,10000,10000
E01004292,Tower Hamlets 026A,Tower Hamlets,Inner London,14,0,10000,10000,10000
E01004293,Tower Hamlets 027B,Tower Hamlets,Inner London,33,0,10000,10000,10000
E01004295,Tower Hamlets 026C,Tower Hamlets,Inner London,7,0,10000,10000,10000
E01004296,Tower Hamlets 026D,Tower Hamlets,Inner London,15,0,10000,10000,10000
E01004297,Tower Hamlets 027C,Tower Hamlets,Inner London,9,0,10000,10000,10000
E01004298,Tower Hamlets 022A,Tower Hamlets,Inner London,6,0,10000,10000,10000
E01004300,Tower Hamlets 022B,Tower Hamlets,Inner London,7,0,10000,10000,10000
E01004301,Tower Hamlets 025B,Tower Hamlets,Inner London,8,0,10000,10000,10000
E01004302,Tower Hamlets 025C,Tower Hamlets,Inner London,5,0,10000,10000,10000
E01004303,Tower Hamlets 025D,Tower Hamlets,Inner London,23,0,10000,10000,10000
E01004304,Tower Hamlets 022C,Tower Hamlets,Inner London,13,0,10000,10000,10000
E01004305,Tower Hamlets 022D,Tower Hamlets,Inner London,9,0,10000,10000,10000
E01004306,Tower Hamlets 015A,Tower Hamlets,Inner London,11,0,10000,10000,10000
E01004307,Tower Hamlets 015B,Tower Hamlets,Inner London,22,0,10000,10000,10000
E01004308,Tower Hamlets 015C,Tower Hamlets,Inner London,7,0,10000,10000,10000
E01004309,Tower Hamlets 015D,Tower Hamlets,Inner London,14,0,10000,10000,10000
E01004310,Tower Hamlets 015E,Tower Hamlets,Inner London,10,0,10000,10000,10000
E01004311,Tower Hamlets 006A,Tower Hamlets,Inner London,9,0,10000,10000,10000
E01004312,Tower Hamlets 009A,Tower Hamlets,Inner London,6,0,10000,10000,10000
E01004313,Tower Hamlets 009B,Tower Hamlets,Inner London,8,0,10000,10000,10000
E01004315,Tower Hamlets 006C,Tower Hamlets,Inner London,9,0,10000,10000,10000
E01004316,Tower Hamlets 009C,Tower Hamlets,Inner London,3,0,10000,10000,10000
E01004319,Tower Hamlets 021A,Tower Hamlets,Inner London,8,0,10000,10000,10000
E01004321,Tower Hamlets 021C,Tower Hamlets,Inner London,11,0,10000,10000,10000
E01004322,Tower Hamlets 017A,Tower Hamlets,Inner London,15,0,10000,10000,10000
E01004323,Tower Hamlets 017B,Tower Hamlets,Inner London,7,0,10000,10000,10000
E01004324,Tower Hamlets 017C,Tower Hamlets,Inner London,7,0,10000,10000,10000
E01004326,Tower Hamlets 017D,Tower Hamlets,Inner London,7,0,10000,10000,10000
E01004327,Waltham Forest 028A,Waltham Forest,Outer London,13,0,10000,10000,10000
E01004328,Waltham Forest 028B,Waltham Forest,Outer London,9,0,10000,10000,10000
E01004329,Waltham Forest 028C,Waltham Forest,Outer London,10,0,10000,10000,10000
E01004330,Waltham Forest 028D,Waltham Forest,Outer London,10,0,10000,10000,10000
E01004331,Waltham Forest 028E,Waltham Forest,Outer London,10,0,10000,10000,10000
E01004332,Waltham Forest 028F,Waltham Forest,Outer London,13,0,10000,10000,10000
E01004333,Waltham Forest 024A,Waltham Forest,Outer London,10,0,10000,10000,10000
E01004334,Waltham Forest 024B,Waltham Forest,Outer London,10,0,10000,10000,10000
E01004335,Waltham Forest 027A,Waltham Forest,Outer London,13,0,10000,10000,10000
E01004336,Waltham Forest 026A,Waltham Forest,Outer London,21,0,10000,10000,10000
E01004337,Waltham Forest 027B,Waltham Forest,Outer London,11,0,10000,10000,10000
E01004338,Waltham Forest 027C,Waltham Forest,Outer London,10,0,10000,10000,10000
E01004339,Waltham Forest 027D,Waltham Forest,Outer London,11,0,10000,10000,10000
E01004340,Waltham Forest 027E,Waltham Forest,Outer London,24,0,10000,10000,10000
E01004341,Waltham Forest 027F,Waltham Forest,Outer London,15,0,10000,10000,10000
E01004342,Waltham Forest 011A,Waltham Forest,Outer London,35,0,10000,10000,10000
E01004343,Waltham Forest 008A,Waltham Forest,Outer London,27,0,10000,10000,10000
E01004344,Waltham Forest 008B,Waltham Forest,Outer London,37,0,10000,10000,10000
E01004345,Waltham Forest 010A,Waltham Forest,Outer London,15,0,10000,10000,10000
E01004346,Waltham Forest 011B,Waltham Forest,Outer London,17,0,10000,10000,10000
E01004347,Waltham Forest 011C,Waltham Forest,Outer London,26,0,10000,10000,10000
E01004348,Waltham Forest 010B,Waltham Forest,Outer London,28,0,10000,10000,10000
E01004349,Waltham Forest 001A,Waltham Forest,Outer London,67,0,10000,10000,10000
E01004350,Waltham Forest 001B,Waltham Forest,Outer London,30,0,10000,10000,10000
E01004351,Waltham Forest 001C,Waltham Forest,Outer London,44,0,10000,10000,10000
E01004352,Waltham Forest 002A,Waltham Forest,Outer London,149,0,10000,10000,10000
E01004353,Waltham Forest 002B,Waltham Forest,Outer London,56,0,10000,10000,10000
E01004354,Waltham Forest 002C,Waltham Forest,Outer London,31,0,10000,10000,10000
E01004355,Waltham Forest 004A,Waltham Forest,Outer London,24,0,10000,10000,10000
E01004356,Waltham Forest 001D,Waltham Forest,Outer London,46,0,10000,10000,10000
E01004357,Waltham Forest 001E,Waltham Forest,Outer London,30,0,10000,10000,10000
E01004358,Waltham Forest 002D,Waltham Forest,Outer London,25,0,10000,10000,10000
E01004359,Waltham Forest 002E,Waltham Forest,Outer London,25,0,10000,10000,10000
E01004360,Waltham Forest 004B,Waltham Forest,Outer London,21,0,10000,10000,10000
E01004361,Waltham Forest 005A,Waltham Forest,Outer London,22,0,10000,10000,10000
E01004362,Waltham Forest 021A,Waltham Forest,Outer London,78,0,10000,10000,10000
E01004363,Waltham Forest 019A,Waltham Forest,Outer London,32,0,10000,10000,10000
E01004364,Waltham Forest 019B,Waltham Forest,Outer London,19,0,10000,10000,10000
E01004365,Waltham Forest 020A,Waltham Forest,Outer London,12,0,10000,10000,10000
E01004366,Waltham Forest 019C,Waltham Forest,Outer London,30,0,10000,10000,10000
E01004367,Waltham Forest 019D,Waltham Forest,Outer London,13,0,10000,10000,10000
E01004368,Waltham Forest 019E,Waltham Forest,Outer London,14,0,10000,10000,10000
E01004369,Waltham Forest 023A,Waltham Forest,Outer London,7,0,10000,10000,10000
E01004370,Waltham Forest 023B,Waltham Forest,Outer London,14,0,10000,10000,10000
E01004371,Waltham Forest 025A,Waltham Forest,Outer London,10,0,10000,10000,10000
E01004372,Waltham Forest 023C,Waltham Forest,Outer London,11,0,10000,10000,10000
E01004373,Waltham Forest 025B,Waltham Forest,Outer London,10,0,10000,10000,10000
E01004374,Waltham Forest 025C,Waltham Forest,Outer London,12,0,10000,10000,10000
E01004375,Waltham Forest 025D,Waltham Forest,Outer London,10,0,10000,10000,10000
E01004376,Waltham Forest 025E,Waltham Forest,Outer London,13,0,10000,10000,10000
E01004377,Waltham Forest 010C,Waltham Forest,Outer London,82,0,10000,10000,10000
E01004378,Waltham Forest 010D,Waltham Forest,Outer London,23,0,10000,10000,10000
E01004379,Waltham Forest 007A,Waltham Forest,Outer London,22,0,10000,10000,10000
E01004380,Waltham Forest 007B,Waltham Forest,Outer London,50,0,10000,10000,10000
E01004381,Waltham Forest 007C,Waltham Forest,Outer London,24,0,10000,10000,10000
E01004382,Waltham Forest 008C,Waltham Forest,Outer London,13,0,10000,10000,10000
E01004383,Waltham Forest 007D,Waltham Forest,Outer London,23,0,10000,10000,10000
E01004384,Waltham Forest 003A,Waltham Forest,Outer London,25,0,10000,10000,10000
E01004385,Waltham Forest 003B,Waltham Forest,Outer London,46,0,10000,10000,10000
E01004386,Waltham Forest 003C,Waltham Forest,Outer London,38,0,10000,10000,10000
E01004387,Waltham Forest 007E,Waltham Forest,Outer London,28,0,10000,10000,10000
E01004388,Waltham Forest 007F,Waltham Forest,Outer London,26,0,10000,10000,10000
E01004389,Waltham Forest 003D,Waltham Forest,Outer London,40,0,10000,10000,10000
E01004390,Waltham Forest 003E,Waltham Forest,Outer London,36,0,10000,10000,10000
E01004391,Waltham Forest 014A,Waltham Forest,Outer London,73,0,10000,10000,10000
E01004392,Waltham Forest 017A,Waltham Forest,Outer London,22,0,10000,10000,10000
E01004393,Waltham Forest 014B,Waltham Forest,Outer London,14,0,10000,10000,10000
E01004394,Waltham Forest 017B,Waltham Forest,Outer London,11,0,10000,10000,10000
E01004395,Waltham Forest 018A,Waltham Forest,Outer London,152,0,10000,10000,10000
E01004396,Waltham Forest 012A,Waltham Forest,Outer London,12,0,10000,10000,10000
E01004397,Waltham Forest 017C,Waltham Forest,Outer London,24,0,10000,10000,10000
E01004398,Waltham Forest 009A,Waltham Forest,Outer London,43,0,10000,10000,10000
E01004399,Waltham Forest 009B,Waltham Forest,Outer London,79,0,10000,10000,10000
E01004400,Waltham Forest 009C,Waltham Forest,Outer London,19,0,10000,10000,10000
E01004401,Waltham Forest 014C,Waltham Forest,Outer London,111,0,10000,10000,10000
E01004402,Waltham Forest 009D,Waltham Forest,Outer London,19,0,10000,10000,10000
E01004403,Waltham Forest 009E,Waltham Forest,Outer London,39,0,10000,10000,10000
E01004404,Waltham Forest 014D,Waltham Forest,Outer London,15,0,10000,10000,10000
E01004405,Waltham Forest 020B,Waltham Forest,Outer London,10,0,10000,10000,10000
E01004406,Waltham Forest 016A,Waltham Forest,Outer London,14,0,10000,10000,10000
E01004407,Waltham Forest 013A,Waltham Forest,Outer London,8,0,10000,10000,10000
E01004408,Waltham Forest 016B,Waltham Forest,Outer London,13,0,10000,10000,10000
E01004409,Waltham Forest 016C,Waltham Forest,Outer London,13,0,10000,10000,10000
E01004410,Waltham Forest 013B,Waltham Forest,Outer London,20,0,10000,10000,10000
E01004411,Waltham Forest 016D,Waltham Forest,Outer London,14,0,10000,10000,10000
E01004412,Waltham Forest 015A,Waltham Forest,Outer London,16,0,10000,10000,10000
E01004413,Waltham Forest 004C,Waltham Forest,Outer London,36,0,10000,10000,10000
E01004414,Waltham Forest 005B,Waltham Forest,Outer London,30,0,10000,10000,10000
E01004415,Waltham Forest 004D,Waltham Forest,Outer London,27,0,10000,10000,10000
E01004416,Waltham Forest 004E,Waltham Forest,Outer London,45,0,10000,10000,10000
E01004417,Waltham Forest 005C,Waltham Forest,Outer London,23,0,10000,10000,10000
E01004418,Waltham Forest 008D,Waltham Forest,Outer London,20,0,10000,10000,10000
E01004419,Waltham Forest 008E,Waltham Forest,Outer London,25,0,10000,10000,10000
E01004420,Waltham Forest 020C,Waltham Forest,Outer London,16,0,10000,10000,10000
E01004421,Waltham Forest 018B,Waltham Forest,Outer London,12,0,10000,10000,10000
E01004422,Waltham Forest 022A,Waltham Forest,Outer London,137,0,10000,10000,10000
E01004423,Waltham Forest 020D,Waltham Forest,Outer London,13,0,10000,10000,10000
E01004424,Waltham Forest 022B,Waltham Forest,Outer London,23,0,10000,10000,10000
E01004425,Waltham Forest 022C,Waltham Forest,Outer London,13,0,10000,10000,10000
E01004426,Waltham Forest 022D,Waltham Forest,Outer London,12,0,10000,10000,10000
E01004427,Waltham Forest 022E,Waltham Forest,Outer London,39,0,10000,10000,10000
E01004428,Waltham Forest 026B,Waltham Forest,Outer London,16,0,10000,10000,10000
E01004429,Waltham Forest 026C,Waltham Forest,Outer London,51,0,10000,10000,10000
E01004430,Waltham Forest 026D,Waltham Forest,Outer London,53,0,10000,10000,10000
E01004432,Waltham Forest 023D,Waltham Forest,Outer London,18,0,10000,10000,10000
E01004434,Waltham Forest 026E,Waltham Forest,Outer London,33,0,10000,10000,10000
E01004435,Waltham Forest 023E,Waltham Forest,Outer London,18,0,10000,10000,10000
E01004436,Waltham Forest 021B,Waltham Forest,Outer London,24,0,10000,10000,10000
E01004437,Waltham Forest 021C,Waltham Forest,Outer London,16,0,10000,10000,10000
E01004438,Waltham Forest 024C,Waltham Forest,Outer London,23,0,10000,10000,10000
E01004439,Waltham Forest 021D,Waltham Forest,Outer London,15,0,10000,10000,10000
E01004440,Waltham Forest 024D,Waltham Forest,Outer London,25,0,10000,10000,10000
E01004441,Waltham Forest 024E,Waltham Forest,Outer London,10,0,10000,10000,10000
E01004442,Waltham Forest 021E,Waltham Forest,Outer London,16,0,10000,10000,10000
E01004443,Waltham Forest 016E,Waltham Forest,Outer London,12,0,10000,10000,10000
E01004444,Waltham Forest 017D,Waltham Forest,Outer London,19,0,10000,10000,10000
E01004445,Waltham Forest 018C,Waltham Forest,Outer London,17,0,10000,10000,10000
E01004446,Waltham Forest 017E,Waltham Forest,Outer London,13,0,10000,10000,10000
E01004447,Waltham Forest 016F,Waltham Forest,Outer London,13,0,10000,10000,10000
E01004448,Waltham Forest 018D,Waltham Forest,Outer London,52,0,10000,10000,10000
E01004449,Waltham Forest 018E,Waltham Forest,Outer London,18,0,10000,10000,10000
E01004450,Waltham Forest 006A,Waltham Forest,Outer London,32,0,10000,10000,10000
E01004451,Waltham Forest 005D,Waltham Forest,Outer London,20,0,10000,10000,10000
E01004452,Waltham Forest 005E,Waltham Forest,Outer London,22,0,10000,10000,10000
E01004453,Waltham Forest 006B,Waltham Forest,Outer London,34,0,10000,10000,10000
E01004454,Waltham Forest 006C,Waltham Forest,Outer London,20,0,10000,10000,10000
E01004455,Waltham Forest 006D,Waltham Forest,Outer London,46,0,10000,10000,10000
E01004456,Waltham Forest 006E,Waltham Forest,Outer London,26,0,10000,10000,10000
E01004457,Waltham Forest 012B,Waltham Forest,Outer London,12,0,10000,10000,10000
E01004458,Waltham Forest 012C,Waltham Forest,Outer London,13,0,10000,10000,10000
E01004459,Waltham Forest 012D,Waltham Forest,Outer London,11,0,10000,10000,10000
E01004460,Waltham Forest 011D,Waltham Forest,Outer London,14,0,10000,10000,10000
E01004462,Waltham Forest 011E,Waltham Forest,Outer London,13,0,10000,10000,10000
E01004463,Waltham Forest 012E,Waltham Forest,Outer London,15,0,10000,10000,10000
E01004464,Waltham Forest 013C,Waltham Forest,Outer London,12,0,10000,10000,10000
E01004465,Waltham Forest 015B,Waltham Forest,Outer London,10,0,10000,10000,10000
E01004466,Waltham Forest 015C,Waltham Forest,Outer London,13,0,10000,10000,10000
E01004467,Waltham Forest 015D,Waltham Forest,Outer London,21,0,10000,10000,10000
E01004468,Waltham Forest 015E,Waltham Forest,Outer London,80,0,10000,10000,10000
E01004469,Waltham Forest 013D,Waltham Forest,Outer London,21,0,10000,10000,10000
E01004470,Waltham Forest 013E,Waltham Forest,Outer London,16,0,10000,10000,10000
E01004471,Waltham Forest 013F,Waltham Forest,Outer London,14,0,10000,10000,10000
E01004472,Wandsworth 021A,Wandsworth,Inner London,14,0,10000,10000,10000
E01004473,Wandsworth 026A,Wandsworth,Inner London,11,0,10000,10000,10000
E01004474,Wandsworth 021B,Wandsworth,Inner London,13,0,10000,10000,10000
E01004475,Wandsworth 026B,Wandsworth,Inner London,10,0,10000,10000,10000
E01004476,Wandsworth 021C,Wandsworth,Inner London,17,0,10000,10000,10000
E01004477,Wandsworth 017A,Wandsworth,Inner London,23,0,10000,10000,10000
E01004478,Wandsworth 017B,Wandsworth,Inner London,10,0,10000,10000,10000
E01004479,Wandsworth 017C,Wandsworth,Inner London,14,0,10000,10000,10000
E01004480,Wandsworth 026C,Wandsworth,Inner London,7,0,10000,10000,10000
E01004481,Wandsworth 029A,Wandsworth,Inner London,11,0,10000,10000,10000
E01004482,Wandsworth 030A,Wandsworth,Inner London,12,0,10000,10000,10000
E01004483,Wandsworth 026D,Wandsworth,Inner London,44,0,10000,10000,10000
E01004484,Wandsworth 026E,Wandsworth,Inner London,31,0,10000,10000,10000
E01004485,Wandsworth 030B,Wandsworth,Inner London,15,0,10000,10000,10000
E01004486,Wandsworth 026F,Wandsworth,Inner London,27,0,10000,10000,10000
E01004487,Wandsworth 030C,Wandsworth,Inner London,10,0,10000,10000,10000
E01004488,Wandsworth 029B,Wandsworth,Inner London,13,0,10000,10000,10000
E01004489,Wandsworth 030D,Wandsworth,Inner London,17,0,10000,10000,10000
E01004490,Wandsworth 031A,Wandsworth,Inner London,11,0,10000,10000,10000
E01004491,Wandsworth 031B,Wandsworth,Inner London,19,0,10000,10000,10000
E01004492,Wandsworth 031C,Wandsworth,Inner London,28,0,10000,10000,10000
E01004493,Wandsworth 019A,Wandsworth,Inner London,16,0,10000,10000,10000
E01004494,Wandsworth 018A,Wandsworth,Inner London,10,0,10000,10000,10000
E01004495,Wandsworth 024A,Wandsworth,Inner London,12,0,10000,10000,10000
E01004496,Wandsworth 024B,Wandsworth,Inner London,18,0,10000,10000,10000
E01004497,Wandsworth 024C,Wandsworth,Inner London,18,0,10000,10000,10000
E01004498,Wandsworth 031D,Wandsworth,Inner London,10,0,10000,10000,10000
E01004499,Wandsworth 020A,Wandsworth,Inner London,11,0,10000,10000,10000
E01004500,Wandsworth 014A,Wandsworth,Inner London,14,0,10000,10000,10000
E01004501,Wandsworth 014B,Wandsworth,Inner London,16,0,10000,10000,10000
E01004502,Wandsworth 020B,Wandsworth,Inner London,18,0,10000,10000,10000
E01004503,Wandsworth 014C,Wandsworth,Inner London,20,0,10000,10000,10000
E01004504,Wandsworth 020C,Wandsworth,Inner London,22,0,10000,10000,10000
E01004505,Wandsworth 014D,Wandsworth,Inner London,20,0,10000,10000,10000
E01004506,Wandsworth 011A,Wandsworth,Inner London,20,0,10000,10000,10000
E01004507,Wandsworth 014E,Wandsworth,Inner London,19,0,10000,10000,10000
E01004508,Wandsworth 012A,Wandsworth,Inner London,16,0,10000,10000,10000
E01004510,Wandsworth 012B,Wandsworth,Inner London,14,0,10000,10000,10000
E01004511,Wandsworth 010B,Wandsworth,Inner London,17,0,10000,10000,10000
E01004512,Wandsworth 019B,Wandsworth,Inner London,11,0,10000,10000,10000
E01004513,Wandsworth 018B,Wandsworth,Inner London,16,0,10000,10000,10000
E01004514,Wandsworth 012C,Wandsworth,Inner London,18,0,10000,10000,10000
E01004515,Wandsworth 012D,Wandsworth,Inner London,9,0,10000,10000,10000
E01004516,Wandsworth 036A,Wandsworth,Inner London,22,0,10000,10000,10000
E01004517,Wandsworth 037A,Wandsworth,Inner London,13,0,10000,10000,10000
E01004518,Wandsworth 036B,Wandsworth,Inner London,14,0,10000,10000,10000
E01004519,Wandsworth 036C,Wandsworth,Inner London,10,0,10000,10000,10000
E01004520,Wandsworth 036D,Wandsworth,Inner London,11,0,10000,10000,10000
E01004521,Wandsworth 037B,Wandsworth,Inner London,14,0,10000,10000,10000
E01004522,Wandsworth 037C,Wandsworth,Inner London,12,0,10000,10000,10000
E01004523,Wandsworth 036E,Wandsworth,Inner London,32,0,10000,10000,10000
E01004524,Wandsworth 037D,Wandsworth,Inner London,11,0,10000,10000,10000
E01004525,Wandsworth 035A,Wandsworth,Inner London,14,0,10000,10000,10000
E01004526,Wandsworth 035B,Wandsworth,Inner London,9,0,10000,10000,10000
E01004527,Wandsworth 035C,Wandsworth,Inner London,11,0,10000,10000,10000
E01004528,Wandsworth 035D,Wandsworth,Inner London,17,0,10000,10000,10000
E01004529,Wandsworth 035E,Wandsworth,Inner London,11,0,10000,10000,10000
E01004530,Wandsworth 035F,Wandsworth,Inner London,14,0,10000,10000,10000
E01004531,Wandsworth 033A,Wandsworth,Inner London,9,0,10000,10000,10000
E01004532,Wandsworth 032A,Wandsworth,Inner London,9,0,10000,10000,10000
E01004533,Wandsworth 033B,Wandsworth,Inner London,7,0,10000,10000,10000
E01004534,Wandsworth 008A,Wandsworth,Inner London,29,0,10000,10000,10000
E01004535,Wandsworth 007A,Wandsworth,Inner London,7,0,10000,10000,10000
E01004536,Wandsworth 008B,Wandsworth,Inner London,14,0,10000,10000,10000
E01004537,Wandsworth 007B,Wandsworth,Inner London,11,0,10000,10000,10000
E01004538,Wandsworth 007C,Wandsworth,Inner London,14,0,10000,10000,10000
E01004539,Wandsworth 003A,Wandsworth,Inner London,14,0,10000,10000,10000
E01004540,Wandsworth 003B,Wandsworth,Inner London,12,0,10000,10000,10000
E01004541,Wandsworth 007D,Wandsworth,Inner London,11,0,10000,10000,10000
E01004542,Wandsworth 021D,Wandsworth,Inner London,12,0,10000,10000,10000
E01004543,Wandsworth 027A,Wandsworth,Inner London,20,0,10000,10000,10000
E01004544,Wandsworth 021E,Wandsworth,Inner London,11,0,10000,10000,10000
E01004545,Wandsworth 027B,Wandsworth,Inner London,14,0,10000,10000,10000
E01004546,Wandsworth 027C,Wandsworth,Inner London,10,0,10000,10000,10000
E01004547,Wandsworth 029C,Wandsworth,Inner London,13,0,10000,10000,10000
E01004548,Wandsworth 029D,Wandsworth,Inner London,16,0,10000,10000,10000
E01004549,Wandsworth 027D,Wandsworth,Inner London,11,0,10000,10000,10000
E01004550,Wandsworth 017D,Wandsworth,Inner London,15,0,10000,10000,10000
E01004551,Wandsworth 012E,Wandsworth,Inner London,21,0,10000,10000,10000
E01004552,Wandsworth 008C,Wandsworth,Inner London,12,0,10000,10000,10000
E01004553,Wandsworth 015A,Wandsworth,Inner London,20,0,10000,10000,10000
E01004554,Wandsworth 009A,Wandsworth,Inner London,42,0,10000,10000,10000
E01004555,Wandsworth 017E,Wandsworth,Inner London,14,0,10000,10000,10000
E01004556,Wandsworth 009B,Wandsworth,Inner London,10,0,10000,10000,10000
E01004557,Wandsworth 015B,Wandsworth,Inner London,11,0,10000,10000,10000
E01004558,Wandsworth 015C,Wandsworth,Inner London,20,0,10000,10000,10000
E01004559,Wandsworth 015D,Wandsworth,Inner London,18,0,10000,10000,10000
E01004560,Wandsworth 001A,Wandsworth,Inner London,71,0,10000,10000,10000
E01004563,Wandsworth 039E,Wandsworth,Inner London,14,0,10000,10000,10000
E01004564,Wandsworth 039D,Wandsworth,Inner London,38,0,10000,10000,10000
E01004565,Wandsworth 005A,Wandsworth,Inner London,8,0,10000,10000,10000
E01004566,Wandsworth 001B,Wandsworth,Inner London,10,0,10000,10000,10000
E01004567,Wandsworth 039A,Wandsworth,Inner London,11,0,10000,10000,10000
E01004568,Wandsworth 013A,Wandsworth,Inner London,24,0,10000,10000,10000
E01004569,Wandsworth 023A,Wandsworth,Inner London,30,0,10000,10000,10000
E01004570,Wandsworth 023B,Wandsworth,Inner London,11,0,10000,10000,10000
E01004571,Wandsworth 023C,Wandsworth,Inner London,14,0,10000,10000,10000
E01004572,Wandsworth 016A,Wandsworth,Inner London,77,0,10000,10000,10000
E01004573,Wandsworth 023D,Wandsworth,Inner London,169,0,10000,10000,10000
E01004574,Wandsworth 013B,Wandsworth,Inner London,22,0,10000,10000,10000
E01004575,Wandsworth 013C,Wandsworth,Inner London,52,0,10000,10000,10000
E01004576,Wandsworth 013D,Wandsworth,Inner London,43,0,10000,10000,10000
E01004577,Wandsworth 003C,Wandsworth,Inner London,13,0,10000,10000,10000
E01004579,Wandsworth 004B,Wandsworth,Inner London,12,0,10000,10000,10000
E01004580,Wandsworth 004C,Wandsworth,Inner London,10,0,10000,10000,10000
E01004581,Wandsworth 004D,Wandsworth,Inner London,14,0,10000,10000,10000
E01004582,Wandsworth 001C,Wandsworth,Inner London,11,0,10000,10000,10000
E01004583,Wandsworth 001D,Wandsworth,Inner London,15,0,10000,10000,10000
E01004584,Wandsworth 003D,Wandsworth,Inner London,5,0,10000,10000,10000
E01004585,Wandsworth 008D,Wandsworth,Inner London,12,0,10000,10000,10000
E01004586,Wandsworth 009C,Wandsworth,Inner London,10,0,10000,10000,10000
E01004587,Wandsworth 009D,Wandsworth,Inner London,8,0,10000,10000,10000
E01004588,Wandsworth 008E,Wandsworth,Inner London,16,0,10000,10000,10000
E01004589,Wandsworth 009E,Wandsworth,Inner London,8,0,10000,10000,10000
E01004590,Wandsworth 005B,Wandsworth,Inner London,15,0,10000,10000,10000
E01004591,Wandsworth 005C,Wandsworth,Inner London,13,0,10000,10000,10000
E01004592,Wandsworth 005D,Wandsworth,Inner London,10,0,10000,10000,10000
E01004593,Wandsworth 025A,Wandsworth,Inner London,19,0,10000,10000,10000
E01004594,Wandsworth 020D,Wandsworth,Inner London,15,0,10000,10000,10000
E01004595,Wandsworth 025B,Wandsworth,Inner London,25,0,10000,10000,10000
E01004596,Wandsworth 020E,Wandsworth,Inner London,12,0,10000,10000,10000
E01004597,Wandsworth 025C,Wandsworth,Inner London,15,0,10000,10000,10000
E01004598,Wandsworth 025D,Wandsworth,Inner London,13,0,10000,10000,10000
E01004599,Wandsworth 025E,Wandsworth,Inner London,9,0,10000,10000,10000
E01004601,Wandsworth 018D,Wandsworth,Inner London,31,0,10000,10000,10000
E01004602,Wandsworth 010C,Wandsworth,Inner London,16,0,10000,10000,10000
E01004604,Wandsworth 006A,Wandsworth,Inner London,39,0,10000,10000,10000
E01004605,Wandsworth 006B,Wandsworth,Inner London,21,0,10000,10000,10000
E01004606,Wandsworth 006C,Wandsworth,Inner London,10,0,10000,10000,10000
E01004607,Wandsworth 006D,Wandsworth,Inner London,16,0,10000,10000,10000
E01004608,Wandsworth 006E,Wandsworth,Inner London,9,0,10000,10000,10000
E01004609,Wandsworth 010E,Wandsworth,Inner London,23,0,10000,10000,10000
E01004610,Wandsworth 033C,Wandsworth,Inner London,27,0,10000,10000,10000
E01004611,Wandsworth 032B,Wandsworth,Inner London,11,0,10000,10000,10000
E01004612,Wandsworth 032C,Wandsworth,Inner London,11,0,10000,10000,10000
E01004613,Wandsworth 033D,Wandsworth,Inner London,11,0,10000,10000,10000
E01004614,Wandsworth 034A,Wandsworth,Inner London,14,0,10000,10000,10000
E01004615,Wandsworth 034B,Wandsworth,Inner London,19,0,10000,10000,10000
E01004616,Wandsworth 034C,Wandsworth,Inner London,10,0,10000,10000,10000
E01004617,Wandsworth 034D,Wandsworth,Inner London,45,0,10000,10000,10000
E01004618,Wandsworth 032D,Wandsworth,Inner London,13,0,10000,10000,10000
E01004619,Wandsworth 015E,Wandsworth,Inner London,52,0,10000,10000,10000
E01004620,Wandsworth 019C,Wandsworth,Inner London,9,0,10000,10000,10000
E01004621,Wandsworth 019D,Wandsworth,Inner London,45,0,10000,10000,10000
E01004622,Wandsworth 024D,Wandsworth,Inner London,23,0,10000,10000,10000
E01004623,Wandsworth 019E,Wandsworth,Inner London,15,0,10000,10000,10000
E01004624,Wandsworth 024E,Wandsworth,Inner London,40,0,10000,10000,10000
E01004625,Wandsworth 027E,Wandsworth,Inner London,24,0,10000,10000,10000
E01004626,Wandsworth 027F,Wandsworth,Inner London,58,0,10000,10000,10000
E01004627,Wandsworth 019F,Wandsworth,Inner London,11,0,10000,10000,10000
E01004628,Wandsworth 022A,Wandsworth,Inner London,22,0,10000,10000,10000
E01004629,Wandsworth 020F,Wandsworth,Inner London,23,0,10000,10000,10000
E01004630,Wandsworth 022B,Wandsworth,Inner London,11,0,10000,10000,10000
E01004631,Wandsworth 022C,Wandsworth,Inner London,17,0,10000,10000,10000
E01004632,Wandsworth 028A,Wandsworth,Inner London,29,0,10000,10000,10000
E01004633,Wandsworth 022D,Wandsworth,Inner London,9,0,10000,10000,10000
E01004634,Wandsworth 028B,Wandsworth,Inner London,12,0,10000,10000,10000
E01004635,Wandsworth 028C,Wandsworth,Inner London,17,0,10000,10000,10000
E01004636,Wandsworth 028D,Wandsworth,Inner London,16,0,10000,10000,10000
E01004637,Wandsworth 028E,Wandsworth,Inner London,15,0,10000,10000,10000
E01004638,Wandsworth 011B,Wandsworth,Inner London,29,0,10000,10000,10000
E01004639,Wandsworth 011C,Wandsworth,Inner London,25,0,10000,10000,10000
E01004640,Wandsworth 011D,Wandsworth,Inner London,15,0,10000,10000,10000
E01004641,Wandsworth 011E,Wandsworth,Inner London,22,0,10000,10000,10000
E01004642,Wandsworth 016B,Wandsworth,Inner London,20,0,10000,10000,10000
E01004643,Wandsworth 016C,Wandsworth,Inner London,22,0,10000,10000,10000
E01004644,Wandsworth 016D,Wandsworth,Inner London,36,0,10000,10000,10000
E01004645,Wandsworth 016E,Wandsworth,Inner London,15,0,10000,10000,10000
E01004646,Westminster 002A,Westminster,Inner London,17,0,10000,10000,10000
E01004647,Westminster 001A,Westminster,Inner London,22,0,10000,10000,10000
E01004648,Westminster 002B,Westminster,Inner London,23,0,10000,10000,10000
E01004649,Westminster 001B,Westminster,Inner London,21,0,10000,10000,10000
E01004650,Westminster 002C,Westminster,Inner London,17,0,10000,10000,10000
E01004651,Westminster 003A,Westminster,Inner London,10,0,10000,10000,10000
E01004652,Westminster 017A,Westminster,Inner London,4,0,10000,10000,10000
E01004653,Westminster 014A,Westminster,Inner London,10,0,10000,10000,10000
E01004654,Westminster 014B,Westminster,Inner London,12,0,10000,10000,10000
E01004656,Westminster 014D,Westminster,Inner London,17,0,10000,10000,10000
E01004657,Westminster 012A,Westminster,Inner London,13,0,10000,10000,10000
E01004658,Westminster 012B,Westminster,Inner London,8,0,10000,10000,10000
E01004659,Westminster 008A,Westminster,Inner London,13,0,10000,10000,10000
E01004660,Westminster 008B,Westminster,Inner London,8,0,10000,10000,10000
E01004661,Westminster 012C,Westminster,Inner London,12,0,10000,10000,10000
E01004662,Westminster 012D,Westminster,Inner London,8,0,10000,10000,10000
E01004663,Westminster 012E,Westminster,Inner London,9,0,10000,10000,10000
E01004665,Westminster 024A,Westminster,Inner London,6,0,10000,10000,10000
E01004668,Westminster 023D,Westminster,Inner London,5,0,10000,10000,10000
E01004669,Westminster 024B,Westminster,Inner London,7,0,10000,10000,10000
E01004670,Westminster 009A,Westminster,Inner London,8,0,10000,10000,10000
E01004674,Westminster 005A,Westminster,Inner London,8,0,10000,10000,10000
E01004675,Westminster 005B,Westminster,Inner London,9,0,10000,10000,10000
E01004676,Westminster 006A,Westminster,Inner London,8,0,10000,10000,10000
E01004677,Westminster 005C,Westminster,Inner London,8,0,10000,10000,10000
E01004678,Westminster 005D,Westminster,Inner London,9,0,10000,10000,10000
E01004679,Westminster 005E,Westminster,Inner London,9,0,10000,10000,10000
E01004680,Westminster 015A,Westminster,Inner London,12,0,10000,10000,10000
E01004681,Westminster 016A,Westminster,Inner London,18,0,10000,10000,10000
E01004682,Westminster 016B,Westminster,Inner London,9,0,10000,10000,10000
E01004683,Westminster 015B,Westminster,Inner London,14,0,10000,10000,10000
E01004684,Westminster 015C,Westminster,Inner London,7,0,10000,10000,10000
E01004686,Westminster 015E,Westminster,Inner London,7,0,10000,10000,10000
E01004687,Westminster 019A,Westminster,Inner London,17,0,10000,10000,10000
E01004690,Westminster 019D,Westminster,Inner London,20,0,10000,10000,10000
E01004691,Westminster 019E,Westminster,Inner London,37,0,10000,10000,10000
E01004692,Westminster 019F,Westminster,Inner London,15,0,10000,10000,10000
E01004693,Westminster 017B,Westminster,Inner London,8,0,10000,10000,10000
E01004694,Westminster 016C,Westminster,Inner London,10,0,10000,10000,10000
E01004695,Westminster 017C,Westminster,Inner London,7,0,10000,10000,10000
E01004696,Westminster 017D,Westminster,Inner London,7,0,10000,10000,10000
E01004697,Westminster 016D,Westminster,Inner London,6,0,10000,10000,10000
E01004698,Westminster 017E,Westminster,Inner London,10,0,10000,10000,10000
E01004699,Westminster 017F,Westminster,Inner London,10,0,10000,10000,10000
E01004700,Westminster 016E,Westminster,Inner London,5,0,10000,10000,10000
E01004701,Westminster 007A,Westminster,Inner London,9,0,10000,10000,10000
E01004702,Westminster 009E,Westminster,Inner London,19,0,10000,10000,10000
E01004703,Westminster 007B,Westminster,Inner London,21,0,10000,10000,10000
E01004705,Westminster 007D,Westminster,Inner London,5,0,10000,10000,10000
E01004706,Westminster 006B,Westminster,Inner London,14,0,10000,10000,10000
E01004707,Westminster 006C,Westminster,Inner London,12,0,10000,10000,10000
E01004708,Westminster 006D,Westminster,Inner London,7,0,10000,10000,10000
E01004709,Westminster 007E,Westminster,Inner London,9,0,10000,10000,10000
E01004710,Westminster 002D,Westminster,Inner London,11,0,10000,10000,10000
E01004711,Westminster 002E,Westminster,Inner London,9,0,10000,10000,10000
E01004712,Westminster 008C,Westminster,Inner London,8,0,10000,10000,10000
E01004713,Westminster 011A,Westminster,Inner London,17,0,10000,10000,10000
E01004714,Westminster 011B,Westminster,Inner London,36,0,10000,10000,10000
E01004715,Westminster 013A,Westminster,Inner London,11,0,10000,10000,10000
E01004716,Westminster 011C,Westminster,Inner London,20,0,10000,10000,10000
E01004717,Westminster 011D,Westminster,Inner London,9,0,10000,10000,10000
E01004718,Westminster 004A,Westminster,Inner London,5,0,10000,10000,10000
E01004719,Westminster 004B,Westminster,Inner London,10,0,10000,10000,10000
E01004720,Westminster 004C,Westminster,Inner London,11,0,10000,10000,10000
E01004721,Westminster 004D,Westminster,Inner London,14,0,10000,10000,10000
E01004722,Westminster 004E,Westminster,Inner London,9,0,10000,10000,10000
E01004723,Westminster 005F,Westminster,Inner London,8,0,10000,10000,10000
E01004724,Westminster 001C,Westminster,Inner London,7,0,10000,10000,10000
E01004725,Westminster 003B,Westminster,Inner London,30,0,10000,10000,10000
E01004726,Westminster 003C,Westminster,Inner London,18,0,10000,10000,10000
E01004727,Westminster 008D,Westminster,Inner London,113,0,10000,10000,10000
E01004728,Westminster 003D,Westminster,Inner London,6,0,10000,10000,10000
E01004729,Westminster 003E,Westminster,Inner London,6,0,10000,10000,10000
E01004730,Westminster 001D,Westminster,Inner London,45,0,10000,10000,10000
E01004731,Westminster 020A,Westminster,Inner London,69,0,10000,10000,10000
E01004732,Westminster 020B,Westminster,Inner London,6,0,10000,10000,10000
E01004733,Westminster 020C,Westminster,Inner London,44,0,10000,10000,10000
E01004734,Westminster 018A,Westminster,Inner London,31,0,10000,10000,10000
E01004735,Westminster 018B,Westminster,Inner London,51,0,10000,10000,10000
E01004736,Westminster 018C,Westminster,Inner London,124,0,10000,10000,10000
E01004737,Westminster 024C,Westminster,Inner London,8,0,10000,10000,10000
E01004740,Westminster 021A,Westminster,Inner London,5,0,10000,10000,10000
E01004741,Westminster 024F,Westminster,Inner London,5,0,10000,10000,10000
E01004742,Westminster 022A,Westminster,Inner London,5,0,10000,10000,10000
E01004743,Westminster 021B,Westminster,Inner London,5,0,10000,10000,10000
E01004744,Westminster 020D,Westminster,Inner London,10,0,10000,10000,10000
E01004746,Westminster 021D,Westminster,Inner London,5,0,10000,10000,10000
E01004747,Westminster 021E,Westminster,Inner London,10,0,10000,10000,10000
E01004748,Westminster 020E,Westminster,Inner London,8,0,10000,10000,10000
E01004749,Westminster 022B,Westminster,Inner London,15,0,10000,10000,10000
E01004750,Westminster 023E,Westminster,Inner London,26,0,10000,10000,10000
E01004751,Westminster 022C,Westminster,Inner London,8,0,10000,10000,10000
E01004752,Westminster 022D,Westminster,Inner London,3,0,10000,10000,10000
E01004753,Westminster 022E,Westminster,Inner London,6,0,10000,10000,10000
E01004754,Westminster 010A,Westminster,Inner London,10,0,10000,10000,10000
E01004755,Westminster 010B,Westminster,Inner London,12,0,10000,10000,10000
E01004756,Westminster 006E,Westminster,Inner London,5,0,10000,10000,10000
E01004757,Westminster 010C,Westminster,Inner London,12,0,10000,10000,10000
E01004760,Westminster 014E,Westminster,Inner London,7,0,10000,10000,10000
E01004761,Westminster 018D,Westminster,Inner London,51,0,10000,10000,10000
E01004762,Westminster 011E,Westminster,Inner London,30,0,10000,10000,10000
E01004763,Westminster 013B,Westminster,Inner London,30,0,10000,10000,10000
E01004765,Westminster 013D,Westminster,Inner London,24,0,10000,10000,10000
E01032512,Westminster 010F,Westminster,Inner London,15,0,10000,10000,10000
E01032513,Westminster 010G,Westminster,Inner London,4,0,10000,10000,10000
E01032562,Bromley 040D,Bromley,Outer London,24,0,10000,10000,10000
E01032563,Bromley 040E,Bromley,Outer London,40,0,10000,10000,10000
E01032564,Lewisham 037E,Lewisham,Inner London,16,0,10000,10000,10000
E01032565,Lewisham 038E,Lewisham,Inner London,22,0,10000,10000,10000
E01032566,Bexley 029D,Bexley,Outer London,56,0,10000,10000,10000
E01032567,Greenwich 033D,Greenwich,Inner London,41,0,10000,10000,10000
E01032568,Bromley 041E,Bromley,Outer London,36,0,10000,10000,10000
E01032569,Croydon 045E,Croydon,Outer London,31,0,10000,10000,10000
E01032570,Bromley 042D,Bromley,Outer London,46,0,10000,10000,10000
E01032572,Ealing 040D,Ealing,Outer London,25,0,10000,10000,10000
E01032573,Hounslow 029E,Hounslow,Outer London,20,0,10000,10000,10000
E01032574,Enfield 037E,Enfield,Outer London,36,0,10000,10000,10000
E01032575,Haringey 037D,Haringey,Outer London,15,0,10000,10000,10000
E01032576,Harrow 032E,Harrow,Outer London,22,0,10000,10000,10000
E01032577,Hillingdon 033E,Hillingdon,Outer London,37,0,10000,10000,10000
E01032579,Lewisham 039E,Lewisham,Inner London,16,0,10000,10000,10000
E01032580,Barking and Dagenham 023F,Barking and Dagenham,Outer London,14,0,10000,10000,10000
E01032581,Redbridge 034G,Redbridge,Outer London,27,0,10000,10000,10000
E01032582,Lambeth 036E,Lambeth,Inner London,33,0,10000,10000,10000
E01032583,Southwark 034D,Southwark,Inner London,15,0,10000,10000,10000
E01032584,Southwark 034E,Southwark,Inner London,8,0,10000,10000,10000
E01032623,Sutton 025E,Sutton,Outer London,82,0,10000,10000,10000
E01032637,Southwark 035E,Southwark,Inner London,4,0,10000,10000,10000
E01032638,Southwark 035D,Southwark,Inner London,4,0,10000,10000,10000
E01032639,Southwark 014F,Southwark,Inner London,8,0,10000,10000,10000
E01032640,Southwark 035B,Southwark,Inner London,5,0,10000,10000,10000
E01032646,Southwark 036B,Southwark,Inner London,10,0,10000,10000,10000
E01032719,Southwark 014G,Southwark,Inner London,5,0,10000,10000,10000
E01032739,City of London 001F,City of London,Inner London,163,0,10000,10000,10000
E01032740,City of London 001G,City of London,Inner London,62,0,10000,10000,10000
E01032741,Havering 013E,Havering,Outer London,31,0,10000,10000,10000
E01032742,Havering 013F,Havering,Outer London,21,0,10000,10000,10000
E01032743,Ealing 010F,Ealing,Outer London,11,0,10000,10000,10000
E01032744,Ealing 010G,Ealing,Outer London,17,0,10000,10000,10000
E01032764,Tower Hamlets 004E,Tower Hamlets,Inner London,36,0,10000,10000,10000
E01032765,Tower Hamlets 004F,Tower Hamlets,Inner London,8,0,10000,10000,10000
E01032767,Tower Hamlets 021F,Tower Hamlets,Inner London,14,0,10000,10000,10000
E01032768,Tower Hamlets 025E,Tower Hamlets,Inner London,7,0,10000,10000,10000
E01032769,Tower Hamlets 025F,Tower Hamlets,Inner London,12,0,10000,10000,10000
E01032770,Tower Hamlets 032B,Tower Hamlets,Inner London,5,0,10000,10000,10000
E01032771,Tower Hamlets 033B,Tower Hamlets,Inner London,34,0,10000,10000,10000
E01032772,Tower Hamlets 032C,Tower Hamlets,Inner London,8,0,10000,10000,10000
E01032774,Tower Hamlets 032E,Tower Hamlets,Inner London,20,0,10000,10000,10000
E01032775,Tower Hamlets 031F,Tower Hamlets,Inner London,3,0,10000,10000,10000
E01032776,Tower Hamlets 034D,Tower Hamlets,Inner London,6,0,10000,10000,10000
E01032777,Tower Hamlets 035A,Tower Hamlets,Inner London,11,0,10000,10000,10000
E01032779,Tower Hamlets 035C,Tower Hamlets,Inner London,3,0,10000,10000,10000
E01032780,Tower Hamlets 035D,Tower Hamlets,Inner London,34,0,10000,10000,10000
E01032781,Tower Hamlets 033C,Tower Hamlets,Inner London,6,0,10000,10000,10000
E01032782,Tower Hamlets 033D,Tower Hamlets,Inner London,8,0,10000,10000,10000
E01032783,Tower Hamlets 031G,Tower Hamlets,Inner London,9,0,10000,10000,10000
E01032784,Tower Hamlets 004G,Tower Hamlets,Inner London,7,0,10000,10000,10000
E01032785,Tower Hamlets 010E,Tower Hamlets,Inner London,8,0,10000,10000,10000
E01032786,Tower Hamlets 010F,Tower Hamlets,Inner London,5,0,10000,10000,10000
E01032787,Tower Hamlets 011F,Tower Hamlets,Inner London,10,0,10000,10000,10000
E01032788,Hammersmith and Fulham 023D,Hammersmith and Fulham,Inner London,13,0,10000,10000,10000
E01032789,Hammersmith and Fulham 023E,Hammersmith and Fulham,Inner London,2,0,10000,10000,10000
E01032790,Hammersmith and Fulham 023F,Hammersmith and Fulham,Inner London,7,0,10000,10000,10000
E01032803,Southwark 036C,Southwark,Inner London,6,0,10000,10000,10000
E01032834,Southwark 035C,Southwark,Inner London,5,0,10000,10000,10000
E01033000,Hounslow 025F,Hounslow,Outer London,7,0,10000,10000,10000
E01033030,Hounslow 025G,Hounslow,Outer London,7,0,10000,10000,10000
E01033081,Hounslow 031D,Hounslow,Outer London,10,0,10000,10000,10000
E01033082,Hounslow 031C,Hounslow,Outer London,24,0,10000,10000,10000
E01033083,Hounslow 018F,Hounslow,Outer London,13,0,10000,10000,10000
E01033084,Hounslow 018G,Hounslow,Outer London,13,0,10000,10000,10000
E01033086,Haringey 020F,Haringey,Outer London,6,0,10000,10000,10000
E01033098,Wandsworth 038C,Wandsworth,Inner London,30,0,10000,10000,10000
E01033099,Wandsworth 004E,Wandsworth,Inner London,10,0,10000,10000,10000
E01033100,Wandsworth 039B,Wandsworth,Inner London,11,0,10000,10000,10000
E01033132,Wandsworth 038D,Wandsworth,Inner London,30,0,10000,10000,10000
E01033133,Wandsworth 004G,Wandsworth,Inner London,6,0,10000,10000,10000
E01033135,Wandsworth 010G,Wandsworth,Inner London,10,0,10000,10000,10000
E01033146,Enfield 025F,Enfield,Outer London,14,0,10000,10000,10000
E01033148,Enfield 003F,Enfield,Outer London,47,0,10000,10000,10000
E01033150,Enfield 003G,Enfield,Outer London,16,0,10000,10000,10000
E01033151,Enfield 025G,Enfield,Outer London,98,0,10000,10000,10000
E01033208,Lambeth 004G,Lambeth,Inner London,6,0,10000,10000,10000
E01033320,Lewisham 017E,Lewisham,Inner London,15,0,10000,10000,10000
E01033322,Lewisham 017F,Lewisham,Inner London,6,0,10000,10000,10000
E01033324,Lewisham 008E,Lewisham,Inner London,17,0,10000,10000,10000
E01033325,Lewisham 008F,Lewisham,Inner London,6,0,10000,10000,10000
E01033327,Lewisham 041B,Lewisham,Inner London,34,0,10000,10000,10000
E01033341,Lewisham 041C,Lewisham,Inner London,13,0,10000,10000,10000
E01033455,Brent 031G,Brent,Outer London,5,0,10000,10000,10000
E01033456,Brent 027F,Brent,Outer London,25,0,10000,10000,10000
E01033457,Brent 035A,Brent,Outer London,18,0,10000,10000,10000
E01033463,Brent 003G,Brent,Outer London,43,0,10000,10000,10000
E01033485,Brent 031H,Brent,Outer London,13,0,10000,10000,10000
E01033486,Islington 011E,Islington,Inner London,7,0,10000,10000,10000
E01033487,Islington 011F,Islington,Inner London,3,0,10000,10000,10000
E01033488,Islington 011G,Islington,Inner London,9,0,10000,10000,10000
E01033489,Islington 022G,Islington,Inner London,6,0,10000,10000,10000
E01033490,Islington 022H,Islington,Inner London,15,0,10000,10000,10000
E01033491,Islington 011H,Islington,Inner London,17,0,10000,10000,10000
E01033493,Islington 006F,Islington,Inner London,3,0,10000,10000,10000
E01033494,Islington 006G,Islington,Inner London,11,0,10000,10000,10000
E01033569,Kingston upon Thames 004G,Kingston upon Thames,Outer London,18,0,10000,10000,10000
E01033570,Richmond upon Thames 004G,Richmond upon Thames,Outer London,47,0,10000,10000,10000
E01033571,Richmond upon Thames 004H,Richmond upon Thames,Outer London,34,0,10000,10000,10000
E01033579,Newham 040C,Newham,Outer London,44,0,10000,10000,10000
E01033580,Newham 042A,Newham,Outer London,8,0,10000,10000,10000
E01033581,Newham 041A,Newham,Outer London,132,0,10000,10000,10000
E01033582,Newham 041B,Newham,Outer London,18,0,10000,10000,10000
E01033584,Newham 034I,Newham,Outer London,15,0,10000,10000,10000
E01033586,Newham 040D,Newham,Outer London,73,0,10000,10000,10000
E01033587,Barking and Dagenham 021E,Barking and Dagenham,Outer London,24,0,10000,10000,10000
E01033589,Redbridge 039B,Redbridge,Outer London,13,0,10000,10000,10000
E01033590,Redbridge 037C,Redbridge,Outer London,10,0,10000,10000,10000
E01033591,Redbridge 039A,Redbridge,Outer London,24,0,10000,10000,10000
E01033592,Redbridge 037D,Redbridge,Outer London,15,0,10000,10000,10000
E01033593,Westminster 015F,Westminster,Inner London,8,0,10000,10000,10000
E01033594,Westminster 015G,Westminster,Inner London,21,0,10000,10000,10000
E01033597,Westminster 023F,Westminster,Inner London,5,0,10000,10000,10000
E01033598,Westminster 009F,Westminster,Inner London,7,0,10000,10000,10000
E01033599,Westminster 023G,Westminster,Inner London,7,0,10000,10000,10000
E01033601,Westminster 009G,Westminster,Inner London,5,0,10000,10000,10000
E01033602,Westminster 009H,Westminster,Inner London,6,0,10000,10000,10000
E01033603,Westminster 009I,Westminster,Inner London,4,0,10000,10000,10000
E01033604,Westminster 009J,Westminster,Inner London,8,0,10000,10000,10000
E01033605,Westminster 009K,Westminster,Inner London,6,0,10000,10000,10000
E01033699,Hackney 030A,Hackney,Inner London,9,0,10000,10000,10000
E01033700,Hackney 030B,Hackney,Inner London,11,0,10000,10000,10000
E01033702,Hackney 028C,Hackney,Inner London,10,0,10000,10000,10000
E01033703,Hackney 010F,Hackney,Inner London,4,0,10000,10000,10000
E01033704,Hackney 023F,Hackney,Inner London,25,0,10000,10000,10000
E01033705,Hackney 028D,Hackney,Inner London,16,0,10000,10000,10000
E01033706,Hackney 033B,Hackney,Inner London,17,0,10000,10000,10000
E01033708,Hackney 033C,Hackney,Inner London,33,0,10000,10000,10000
E01033709,Hackney 032B,Hackney,Inner London,9,0,10000,10000,10000
E01033710,Hackney 028E,Hackney,Inner London,5,0,10000,10000,10000
E01033711,Hackney 032C,Hackney,Inner London,6,0,10000,10000,10000
E01033712,Hackney 023G,Hackney,Inner London,16,0,10000,10000,10000
E01033713,Hackney 010G,Hackney,Inner London,29,0,10000,10000,10000
E01033727,Greenwich 035B,Greenwich,Inner London,18,0,10000,10000,10000
E01033728,Greenwich 035C,Greenwich,Inner London,6,0,10000,10000,10000
E01033729,Greenwich 030E,Greenwich,Inner London,72,0,10000,10000,10000
E01033732,Greenwich 041E,Greenwich,Inner London,9,0,10000,10000,10000
E01033734,Greenwich 039B,Greenwich,Inner London,9,0,10000,10000,10000
E01033735,Greenwich 042D,Greenwich,Inner London,11,0,10000,10000,10000
E01033736,Greenwich 039A,Greenwich,Inner London,12,0,10000,10000,10000
E01033737,Greenwich 042B,Greenwich,Inner London,26,0,10000,10000,10000
E01033738,Greenwich 037D,Greenwich,Inner London,30,0,10000,10000,10000
E01033739,Greenwich 002E,Greenwich,Inner London,13,0,10000,10000,10000
E01033740,Greenwich 002F,Greenwich,Inner London,16,0,10000,10000,10000
E01033741,Greenwich 002G,Greenwich,Inner London,59,0,10000,10000,10000
E01033742,Greenwich 007F,Greenwich,Inner London,12,0,10000,10000,10000
E01033743,Greenwich 002H,Greenwich,Inner London,100,0,10000,10000,10000
E01033744,Greenwich 007G,Greenwich,Inner London,16,0,10000,10000,10000
E01033745,Greenwich 002I,Greenwich,Inner London,54,0,10000,10000,10000
E01033746,Greenwich 038E,Greenwich,Inner London,13,0,10000,10000,10000
E01033784,Havering 007F,Havering,Outer London,50,0,10000,10000,10000
E01033785,Havering 007G,Havering,Outer London,18,0,10000,10000,10000
E01033786,Havering 017G,Havering,Outer London,13,0,10000,10000,10000
E01033787,Havering 017H,Havering,Outer London,18,0,10000,10000,10000
E01033788,Havering 017I,Havering,Outer London,25,0,10000,10000,10000
E01033789,Bexley 008H,Bexley,Outer London,21,0,10000,10000,10000
E01033790,Bexley 008I,Bexley,Outer London,26,0,10000,10000,10000
E01033791,Bexley 019G,Bexley,Outer London,36,0,10000,10000,10000
E01033792,Bexley 019H,Bexley,Outer London,89,0,10000,10000,10000
E01033862,Lambeth 003F,Lambeth,Inner London,17,0,10000,10000,10000
E01033863,Lambeth 003G,Lambeth,Inner London,9,0,10000,10000,10000
E01033864,Lambeth 004H,Lambeth,Inner London,5,0,10000,10000,10000
E01033865,Lambeth 004I,Lambeth,Inner London,14,0,10000,10000,10000
E01033866,Lambeth 004J,Lambeth,Inner London,2,0,10000,10000,10000
E01033867,Southwark 002F,Southwark,Inner London,16,0,10000,10000,10000
E01033868,Southwark 002G,Southwark,Inner London,12,0,10000,10000,10000
E01033869,Southwark 004F,Southwark,Inner London,11,0,10000,10000,10000
E01033870,Southwark 004G,Southwark,Inner London,6,0,10000,10000,10000
E01033871,Southwark 004H,Southwark,Inner London,13,0,10000,10000,10000
E01033872,Southwark 004I,Southwark,Inner London,6,0,10000,10000,10000
E01033873,Southwark 009G,Southwark,Inner London,13,0,10000,10000,10000
E01033874,Southwark 009H,Southwark,Inner London,5,0,10000,10000,10000
E01033875,Southwark 012G,Southwark,Inner London,5,0,10000,10000,10000
E01033876,Southwark 012H,Southwark,Inner London,6,0,10000,10000,10000
E01033877,Southwark 012I,Southwark,Inner London,7,0,10000,10000,10000
E01033878,Southwark 015F,Southwark,Inner London,10,0,10000,10000,10000
E01033879,Southwark 015G,Southwark,Inner London,11,0,10000,10000,10000
E01033880,Southwark 015H,Southwark,Inner London,35,0,10000,10000,10000
E01033881,Southwark 016F,Southwark,Inner London,26,0,10000,10000,10000
E01033882,Southwark 022G,Southwark,Inner London,7,0,10000,10000,10000
E01033883,Southwark 022H,Southwark,Inner London,10,0,10000,10000,10000
E01033884,Southwark 035A,Southwark,Inner London,21,0,10000,10000,10000
E01033885,Southwark 036A,Southwark,Inner London,8,0,10000,10000,10000
E01033911,Barnet 017E,Barnet,Outer London,197,0,10000,10000,10000
E01033912,Barnet 017F,Barnet,Outer London,21,0,10000,10000,10000
E01033913,Barnet 024G,Barnet,Outer London,14,0,10000,10000,10000
E01033914,Barnet 024H,Barnet,Outer London,14,0,10000,10000,10000
E01033915,Barnet 042A,Barnet,Outer London,18,0,10000,10000,10000
E01033916,Barnet 042B,Barnet,Outer London,13,0,10000,10000,10000
E01033917,Barnet 042C,Barnet,Outer London,4,0,10000,10000,10000
E01033918,Barnet 042D,Barnet,Outer London,12,0,10000,10000,10000
E01033919,Barnet 042E,Barnet,Outer London,6,0,10000,10000,10000
E01033920,Barnet 042F,Barnet,Outer London,18,0,10000,10000,10000
E01033921,Barnet 043A,Barnet,Outer London,3,0,10000,10000,10000
E01033922,Barnet 043B,Barnet,Outer London,11,0,10000,10000,10000
E01033923,Barnet 043C,Barnet,Outer London,9,0,10000,10000,10000
E01033924,Barnet 043D,Barnet,Outer London,13,0,10000,10000,10000
E01033925,Barnet 043E,Barnet,Outer London,27,0,10000,10000,10000
E01033926,Enfield 014E,Enfield,Outer London,208,0,10000,10000,10000
E01033927,Enfield 020F,Enfield,Outer London,19,0,10000,10000,10000
E01033928,Enfield 020G,Enfield,Outer London,14,0,10000,10000,10000
E01033929,Brent 002F,Brent,Outer London,16,0,10000,10000,10000
E01033930,Brent 002G,Brent,Outer London,19,0,10000,10000,10000
E01033931,Brent 009F,Brent,Outer London,20,0,10000,10000,10000
E01033932,Brent 009G,Brent,Outer London,15,0,10000,10000,10000
E01033933,Brent 010G,Brent,Outer London,9,0,10000,10000,10000
E01033934,Brent 010H,Brent,Outer London,16,0,10000,10000,10000
E01033935,Brent 020F,Brent,Outer London,17,0,10000,10000,10000
E01033936,Brent 020G,Brent,Outer London,8,0,10000,10000,10000
E01033937,Brent 027G,Brent,Outer London,9,0,10000,10000,10000
E01033938,Brent 027H,Brent,Outer London,179,0,10000,10000,10000
E01033939,Brent 027I,Brent,Outer London,16,0,10000,10000,10000
E01033940,Brent 035B,Brent,Outer London,9,0,10000,10000,10000
E01033941,Brent 035C,Brent,Outer London,3,0,10000,10000,10000
E01033942,Brent 035D,Brent,Outer London,34,0,10000,10000,10000
E01033943,Haringey 015E,Haringey,Outer London,46,0,10000,10000,10000
E01033944,Haringey 015F,Haringey,Outer London,15,0,10000,10000,10000
E01033945,Haringey 020G,Haringey,Outer London,9,0,10000,10000,10000
E01033946,Haringey 020H,Haringey,Outer London,7,0,10000,10000,10000
E01034026,Ealing 015F,Ealing,Outer London,14,0,10000,10000,10000
E01034027,Ealing 015G,Ealing,Outer London,24,0,10000,10000,10000
E01034028,Ealing 019F,Ealing,Outer London,11,0,10000,10000,10000
E01034029,Ealing 019G,Ealing,Outer London,8,0,10000,10000,10000
E01034030,Ealing 042A,Ealing,Outer London,27,0,10000,10000,10000
E01034031,Ealing 042B,Ealing,Outer London,3,0,10000,10000,10000
E01034032,Hounslow 006G,Hounslow,Outer London,27,0,10000,10000,10000
E01034033,Hounslow 006H,Hounslow,Outer London,13,0,10000,10000,10000
E01034034,Hounslow 014F,Hounslow,Outer London,9,0,10000,10000,10000
E01034035,Hounslow 014G,Hounslow,Outer London,17,0,10000,10000,10000
E01034036,Hounslow 015F,Hounslow,Outer London,10,0,10000,10000,10000
E01034037,Hounslow 015G,Hounslow,Outer London,14,0,10000,10000,10000
E01034038,Hounslow 017F,Hounslow,Outer London,15,0,10000,10000,10000
E01034039,Hounslow 017G,Hounslow,Outer London,13,0,10000,10000,10000
E01034040,Hounslow 018H,Hounslow,Outer London,10,0,10000,10000,10000
E01034041,Hounslow 018I,Hounslow,Outer London,13,0,10000,10000,10000
E01034042,Hounslow 030A,Hounslow,Outer London,47,0,10000,10000,10000
E01034043,Hounslow 030B,Hounslow,Outer London,8,0,10000,10000,10000
E01034044,Hounslow 030C,Hounslow,Outer London,7,0,10000,10000,10000
E01034045,Hounslow 031A,Hounslow,Outer London,7,0,10000,10000,10000
E01034046,Hounslow 031B,Hounslow,Outer London,14,0,10000,10000,10000
E01034139,Croydon 015F,Croydon,Outer London,14,0,10000,10000,10000
E01034140,Croydon 015G,Croydon,Outer London,2,0,10000,10000,10000
E01034141,Croydon 020F,Croydon,Outer London,8,0,10000,10000,10000
E01034142,Croydon 020G,Croydon,Outer London,13,0,10000,10000,10000
E01034143,Croydon 020H,Croydon,Outer London,14,0,10000,10000,10000
E01034144,Croydon 024F,Croydon,Outer London,21,0,10000,10000,10000
E01034145,Croydon 024G,Croydon,Outer London,16,0,10000,10000,10000
E01034146,Croydon 024H,Croydon,Outer London,29,0,10000,10000,10000
E01034147,Croydon 046A,Croydon,Outer London,1,0,10000,10000,10000
E01034148,Croydon 046B,Croydon,Outer London,15,0,10000,10000,10000
E01034149,Croydon 046C,Croydon,Outer London,34,0,10000,10000,10000
E01034150,Croydon 046D,Croydon,Outer London,17,0,10000,10000,10000
E01034151,Croydon 046E,Croydon,Outer London,5,0,10000,10000,10000
E01034152,Croydon 047B,Croydon,Outer London,11,0,10000,10000,10000
E01034153,Sutton 004F,Sutton,Outer London,15,0,10000,10000,10000
E01034154,Sutton 004G,Sutton,Outer London,18,0,10000,10000,10000
E01034155,Sutton 012F,Sutton,Outer London,16,0,10000,10000,10000
E01034156,Sutton 012G,Sutton,Outer London,21,0,10000,10000,10000
E01034173,Greenwich 005F,Greenwich,Inner London,24,0,10000,10000,10000
E01034174,Greenwich 034F,Greenwich,Inner London,37,0,10000,10000,10000
E01034175,Greenwich 034G,Greenwich,Inner London,28,0,10000,10000,10000
E01034176,Greenwich 034H,Greenwich,Inner London,26,0,10000,10000,10000
E01034177,Greenwich 034I,Greenwich,Inner London,13,0,10000,10000,10000
E01034178,Greenwich 035E,Greenwich,Inner London,2,0,10000,10000,10000
E01034179,Greenwich 035F,Greenwich,Inner London,7,0,10000,10000,10000
E01034180,Greenwich 035G,Greenwich,Inner London,3,0,10000,10000,10000
E01034181,Greenwich 035H,Greenwich,Inner London,5,0,10000,10000,10000
E01034182,Greenwich 035I,Greenwich,Inner London,11,0,10000,10000,10000
E01034183,Greenwich 037E,Greenwich,Inner London,12,0,10000,10000,10000
E01034184,Greenwich 037F,Greenwich,Inner London,3,0,10000,10000,10000
E01034185,Greenwich 037G,Greenwich,Inner London,10,0,10000,10000,10000
E01034186,Greenwich 039C,Greenwich,Inner London,4,0,10000,10000,10000
E01034187,Greenwich 039D,Greenwich,Inner London,16,0,10000,10000,10000
E01034188,Greenwich 040A,Greenwich,Inner London,100,0,10000,10000,10000
E01034189,Greenwich 040B,Greenwich,Inner London,22,0,10000,10000,10000
E01034190,Greenwich 040C,Greenwich,Inner London,26,0,10000,10000,10000
E01034191,Greenwich 040D,Greenwich,Inner London,5,0,10000,10000,10000
E01034192,Greenwich 040E,Greenwich,Inner London,17,0,10000,10000,10000
E01034193,Greenwich 041A,Greenwich,Inner London,11,0,10000,10000,10000
E01034194,Greenwich 041B,Greenwich,Inner London,2,0,10000,10000,10000
E01034195,Greenwich 041C,Greenwich,Inner London,3,0,10000,10000,10000
E01034196,Greenwich 041D,Greenwich,Inner London,14,0,10000,10000,10000
E01034198,Greenwich 042C,Greenwich,Inner London,95,0,10000,10000,10000
E01034199,Newham 012E,Newham,Outer London,11,0,10000,10000,10000
E01034200,Newham 012F,Newham,Outer London,14,0,10000,10000,10000
E01034201,Newham 022E,Newham,Outer London,7,0,10000,10000,10000
E01034202,Newham 022F,Newham,Outer London,9,0,10000,10000,10000
E01034203,Newham 025E,Newham,Outer London,6,0,10000,10000,10000
E01034204,Newham 025F,Newham,Outer London,8,0,10000,10000,10000
E01034205,Newham 033E,Newham,Outer London,234,0,10000,10000,10000
E01034206,Newham 033F,Newham,Outer London,115,0,10000,10000,10000
E01034207,Newham 033G,Newham,Outer London,10,0,10000,10000,10000
E01034208,Newham 034J,Newham,Outer London,15,0,10000,10000,10000
E01034209,Newham 034K,Newham,Outer London,15,0,10000,10000,10000
E01034210,Newham 034L,Newham,Outer London,9,0,10000,10000,10000
E01034211,Newham 034M,Newham,Outer London,27,0,10000,10000,10000
E01034212,Newham 034N,Newham,Outer London,30,0,10000,10000,10000
E01034213,Newham 038A,Newham,Outer London,28,0,10000,10000,10000
E01034214,Newham 038B,Newham,Outer London,3,0,10000,10000,10000
E01034215,Newham 038C,Newham,Outer London,5,0,10000,10000,10000
E01034216,Newham 038D,Newham,Outer London,5,0,10000,10000,10000
E01034217,Newham 038E,Newham,Outer London,30,0,10000,10000,10000
E01034218,Newham 039B,Newham,Outer London,19,0,10000,10000,10000
E01034219,Newham 039C,Newham,Outer London,18,0,10000,10000,10000
E01034220,Newham 039D,Newham,Outer London,36,0,10000,10000,10000
E01034221,Newham 039E,Newham,Outer London,13,0,10000,10000,10000
E01034222,Newham 040A,Newham,Outer London,50,0,10000,10000,10000
E01034223,Newham 040B,Newham,Outer London,4,0,10000,10000,10000
E01034224,Newham 041D,Newham,Outer London,48,0,10000,10000,10000
E01034225,Newham 042B,Newham,Outer London,42,0,10000,10000,10000
E01034226,Newham 042C,Newham,Outer London,3,0,10000,10000,10000
E01034227,Newham 042D,Newham,Outer London,4,0,10000,10000,10000
E01034228,Newham 042E,Newham,Outer London,6,0,10000,10000,10000
E01034229,Newham 042F,Newham,Outer London,43,0,10000,10000,10000
E01034230,Newham 042G,Newham,Outer London,5,0,10000,10000,10000
E01034231,Newham 042H,Newham,Outer London,7,0,10000,10000,10000
E01034383,Bromley 005F,Bromley,Outer London,63,0,10000,10000,10000
E01034384,Bromley 005G,Bromley,Outer London,9,0,10000,10000,10000
E01034385,Bromley 018F,Bromley,Outer London,43,0,10000,10000,10000
E01034386,Bromley 018G,Bromley,Outer London,15,0,10000,10000,10000
E01034387,Lewisham 001F,Lewisham,Inner London,4,0,10000,10000,10000
E01034388,Lewisham 001G,Lewisham,Inner London,6,0,10000,10000,10000
E01034389,Lewisham 001H,Lewisham,Inner London,11,0,10000,10000,10000
E01034390,Lewisham 020F,Lewisham,Inner London,18,0,10000,10000,10000
E01034391,Lewisham 020G,Lewisham,Inner London,23,0,10000,10000,10000
E01034392,Lewisham 040A,Lewisham,Inner London,10,0,10000,10000,10000
E01034393,Lewisham 040B,Lewisham,Inner London,7,0,10000,10000,10000
E01034394,Lewisham 040C,Lewisham,Inner London,9,0,10000,10000,10000
E01034395,Lewisham 040D,Lewisham,Inner London,9,0,10000,10000,10000
E01034469,Barking and Dagenham 004F,Barking and Dagenham,Outer London,23,0,10000,10000,10000
E01034470,Barking and Dagenham 004G,Barking and Dagenham,Outer London,14,0,10000,10000,10000
E01034471,Barking and Dagenham 008G,Barking and Dagenham,Outer London,16,0,10000,10000,10000
E01034472,Barking and Dagenham 008H,Barking and Dagenham,Outer London,5,0,10000,10000,10000
E01034473,Barking and Dagenham 015E,Barking and Dagenham,Outer London,13,0,10000,10000,10000
E01034474,Barking and Dagenham 015F,Barking and Dagenham,Outer London,22,0,10000,10000,10000
E01034475,Barking and Dagenham 019F,Barking and Dagenham,Outer London,55,0,10000,10000,10000
E01034476,Barking and Dagenham 019G,Barking and Dagenham,Outer London,70,0,10000,10000,10000
E01034477,Barking and Dagenham 019H,Barking and Dagenham,Outer London,12,0,10000,10000,10000
E01034478,Barking and Dagenham 019I,Barking and Dagenham,Outer London,132,0,10000,10000,10000
E01034479,Barking and Dagenham 021G,Barking and Dagenham,Outer London,24,0,10000,10000,10000
E01034480,Redbridge 023E,Redbridge,Outer London,10,0,10000,10000,10000
E01034481,Redbridge 023F,Redbridge,Outer London,16,0,10000,10000,10000
E01034482,Redbridge 032F,Redbridge,Outer London,3,0,10000,10000,10000
E01034483,Redbridge 032G,Redbridge,Outer London,9,0,10000,10000,10000
E01034484,Redbridge 032H,Redbridge,Outer London,13,0,10000,10000,10000
E01034485,Waltham Forest 014F,Waltham Forest,Outer London,14,0,10000,10000,10000
E01034486,Waltham Forest 014G,Waltham Forest,Outer London,8,0,10000,10000,10000
E01034487,Waltham Forest 020H,Waltham Forest,Outer London,6,0,10000,10000,10000
E01034488,Waltham Forest 020I,Waltham Forest,Outer London,9,0,10000,10000,10000
E01034576,Kingston upon Thames 004H,Kingston upon Thames,Outer London,7,0,10000,10000,10000
E01034577,Kingston upon Thames 004I,Kingston upon Thames,Outer London,4,0,10000,10000,10000
E01034578,Merton 001F,Merton,Outer London,38,0,10000,10000,10000
E01034579,Merton 001G,Merton,Outer London,32,0,10000,10000,10000
E01034580,Merton 005F,Merton,Outer London,19,0,10000,10000,10000
E01034581,Merton 005G,Merton,Outer London,26,0,10000,10000,10000
E01034589,Harrow 002F,Harrow,Outer London,29,0,10000,10000,10000
E01034590,Harrow 002G,Harrow,Outer London,12,0,10000,10000,10000
E01034591,Harrow 013F,Harrow,Outer London,26,0,10000,10000,10000
E01034592,Harrow 013G,Harrow,Outer London,14,0,10000,10000,10000
E01034593,Harrow 015E,Harrow,Outer London,110,0,10000,10000,10000
E01034594,Harrow 015F,Harrow,Outer London,21,0,10000,10000,10000
E01034595,Harrow 023E,Harrow,Outer London,13,0,10000,10000,10000
E01034596,Harrow 023F,Harrow,Outer London,4,0,10000,10000,10000
E01034597,Harrow 023G,Harrow,Outer London,13,0,10000,10000,10000
E01034598,Harrow 023H,Harrow,Outer London,11,0,10000,10000,10000
E01034599,Harrow 027E,Harrow,Outer London,14,0,10000,10000,10000
E01034600,Harrow 027F,Harrow,Outer London,14,0,10000,10000,10000
E01034601,Hillingdon 015G,Hillingdon,Outer London,35,0,10000,10000,10000
E01034602,Hillingdon 015H,Hillingdon,Outer London,28,0,10000,10000,10000
E01034603,Hillingdon 015I,Hillingdon,Outer London,42,0,10000,10000,10000
E01034604,Hillingdon 015J,Hillingdon,Outer London,25,0,10000,10000,10000
E01034605,Hillingdon 015K,Hillingdon,Outer London,27,0,10000,10000,10000
E01034606,Hillingdon 016G,Hillingdon,Outer London,19,0,10000,10000,10000
E01034607,Hillingdon 016H,Hillingdon,Outer London,57,0,10000,10000,10000
E01034608,Hillingdon 022G,Hillingdon,Outer London,109,0,10000,10000,10000
E01034609,Hillingdon 022H,Hillingdon,Outer London,19,0,10000,10000,10000
E01034610,Hillingdon 027G,Hillingdon,Outer London,30,0,10000,10000,10000
E01034611,Hillingdon 027H,Hillingdon,Outer London,15,0,10000,10000,10000
E01034612,Hillingdon 027I,Hillingdon,Outer London,33,0,10000,10000,10000
E01034613,Hillingdon 027J,Hillingdon,Outer London,102,0,10000,10000,10000
E01034614,Hillingdon 028F,Hillingdon,Outer London,13,0,10000,10000,10000
E01034615,Hillingdon 028G,Hillingdon,Outer London,47,0,10000,10000,10000
E01034616,Hillingdon 030F,Hillingdon,Outer London,10,0,10000,10000,10000
E01034617,Hillingdon 030G,Hillingdon,Outer London,39,0,10000,10000,10000
E01035484,Hammersmith and Fulham 001F,Hammersmith and Fulham,Inner London,73,0,10000,10000,10000
E01035485,Hammersmith and Fulham 001G,Hammersmith and Fulham,Inner London,22,0,10000,10000,10000
E01035486,Hammersmith and Fulham 023G,Hammersmith and Fulham,Inner London,21,0,10000,10000,10000
E01035487,Hammersmith and Fulham 023H,Hammersmith and Fulham,Inner London,11,0,10000,10000,10000
E01035488,Wandsworth 004H,Wandsworth,Inner London,7,0,10000,10000,10000
E01035489,Wandsworth 004I,Wandsworth,Inner London,4,0,10000,10000,10000
E01035490,Wandsworth 010H,Wandsworth,Inner London,19,0,10000,10000,10000
E01035491,Wandsworth 010I,Wandsworth,Inner London,26,0,10000,10000,10000
E01035492,Wandsworth 010J,Wandsworth,Inner London,5,0,10000,10000,10000
E01035493,Wandsworth 010K,Wandsworth,Inner London,12,0,10000,10000,10000
E01035494,Wandsworth 018E,Wandsworth,Inner London,5,0,10000,10000,10000
E01035495,Wandsworth 018F,Wandsworth,Inner London,7,0,10000,10000,10000
E01035496,Wandsworth 038A,Wandsworth,Inner London,18,0,10000,10000,10000
E01035497,Wandsworth 038B,Wandsworth,Inner London,8,0,10000,10000,10000
E01035498,Wandsworth 038E,Wandsworth,Inner London,26,0,10000,10000,10000
E01035499,Wandsworth 039C,Wandsworth,Inner London,15,0,10000,10000,10000
E01035638,Hackney 002G,Hackney,Inner London,11,0,10000,10000,10000
E01035639,Hackney 002H,Hackney,Inner London,15,0,10000,10000,10000
E01035640,Hackney 020F,Hackney,Inner London,10,0,10000,10000,10000
E01035641,Hackney 020G,Hackney,Inner London,7,0,10000,10000,10000
E01035642,Hackney 025G,Hackney,Inner London,5,0,10000,10000,10000
E01035643,Hackney 025H,Hackney,Inner London,10,0,10000,10000,10000
E01035644,Hackney 025I,Hackney,Inner London,3,0,10000,10000,10000
E01035645,Hackney 025J,Hackney,Inner London,5,0,10000,10000,10000
E01035646,Hackney 026E,Hackney,Inner London,10,0,10000,10000,10000
E01035647,Hackney 026F,Hackney,Inner London,2,0,10000,10000,10000
E01035648,Hackney 026G,Hackney,Inner London,5,0,10000,10000,10000
E01035649,Hackney 026H,Hackney,Inner London,9,0,10000,10000,10000
E01035650,Hackney 031C,Hackney,Inner London,17,0,10000,10000,10000
E01035651,Islington 007E,Islington,Inner London,8,0,10000,10000,10000
E01035652,Islington 007F,Islington,Inner London,10,0,10000,10000,10000
E01035653,Islington 011J,Islington,Inner London,11,0,10000,10000,10000
E01035654,Islington 011K,Islington,Inner London,5,0,10000,10000,10000
E01035655,Islington 020F,Islington,Inner London,13,0,10000,10000,10000
E01035656,Islington 020G,Islington,Inner London,5,0,10000,10000,10000
E01035657,Tower Hamlets 001E,Tower Hamlets,Inner London,19,0,10000,10000,10000
E01035658,Tower Hamlets 001F,Tower Hamlets,Inner London,10,0,10000,10000,10000
E01035659,Tower Hamlets 001G,Tower Hamlets,Inner London,12,0,10000,10000,10000
E01035660,Tower Hamlets 002E,Tower Hamlets,Inner London,9,0,10000,10000,10000
E01035661,Tower Hamlets 002F,Tower Hamlets,Inner London,7,0,10000,10000,10000
E01035662,Tower Hamlets 004H,Tower Hamlets,Inner London,4,0,10000,10000,10000
E01035663,Tower Hamlets 004I,Tower Hamlets,Inner London,8,0,10000,10000,10000
E01035664,Tower Hamlets 006E,Tower Hamlets,Inner London,15,0,10000,10000,10000
E01035665,Tower Hamlets 008F,Tower Hamlets,Inner London,13,0,10000,10000,10000
E01035666,Tower Hamlets 008G,Tower Hamlets,Inner London,6,0,10000,10000,10000
E01035667,Tower Hamlets 008H,Tower Hamlets,Inner London,17,0,10000,10000,10000
E01035668,Tower Hamlets 009E,Tower Hamlets,Inner London,21,0,10000,10000,10000
E01035669,Tower Hamlets 009F,Tower Hamlets,Inner London,7,0,10000,10000,10000
E01035670,Tower Hamlets 010G,Tower Hamlets,Inner London,31,0,10000,10000,10000
E01035671,Tower Hamlets 012F,Tower Hamlets,Inner London,6,0,10000,10000,10000
E01035672,Tower Hamlets 012G,Tower Hamlets,Inner London,11,0,10000,10000,10000
E01035673,Tower Hamlets 012H,Tower Hamlets,Inner London,3,0,10000,10000,10000
E01035674,Tower Hamlets 014F,Tower Hamlets,Inner London,8,0,10000,10000,10000
E01035675,Tower Hamlets 014G,Tower Hamlets,Inner London,8,0,10000,10000,10000
E01035676,Tower Hamlets 014H,Tower Hamlets,Inner London,10,0,10000,10000,10000
E01035677,Tower Hamlets 014I,Tower Hamlets,Inner London,7,0,10000,10000,10000
E01035678,Tower Hamlets 018E,Tower Hamlets,Inner London,9,0,10000,10000,10000
E01035679,Tower Hamlets 018F,Tower Hamlets,Inner London,11,0,10000,10000,10000
E01035680,Tower Hamlets 019E,Tower Hamlets,Inner London,10,0,10000,10000,10000
E01035681,Tower Hamlets 019F,Tower Hamlets,Inner London,11,0,10000,10000,10000
E01035682,Tower Hamlets 019G,Tower Hamlets,Inner London,7,0,10000,10000,10000
E01035683,Tower Hamlets 019H,Tower Hamlets,Inner London,6,0,10000,10000,10000
E01035684,Tower Hamlets 020E,Tower Hamlets,Inner London,5,0,10000,10000,10000
E01035685,Tower Hamlets 020F,Tower Hamlets,Inner London,7,0,10000,10000,10000
E01035686,Tower Hamlets 021G,Tower Hamlets,Inner London,6,0,10000,10000,10000
E01035687,Tower Hamlets 021H,Tower Hamlets,Inner London,7,0,10000,10000,10000
E01035688,Tower Hamlets 021I,Tower Hamlets,Inner London,2,0,10000,10000,10000
E01035689,Tower Hamlets 021J,Tower Hamlets,Inner London,7,0,10000,10000,10000
E01035690,Tower Hamlets 023E,Tower Hamlets,Inner London,6,0,10000,10000,10000
E01035691,Tower Hamlets 023F,Tower Hamlets,Inner London,9,0,10000,10000,10000
E01035692,Tower Hamlets 024E,Tower Hamlets,Inner London,4,0,10000,10000,10000
E01035693,Tower Hamlets 024F,Tower Hamlets,Inner London,8,0,10000,10000,10000
E01035694,Tower Hamlets 024G,Tower Hamlets,Inner London,11,0,10000,10000,10000
E01035695,Tower Hamlets 024H,Tower Hamlets,Inner London,9,0,10000,10000,10000
E01035696,Tower Hamlets 026E,Tower Hamlets,Inner London,11,0,10000,10000,10000
E01035697,Tower Hamlets 026F,Tower Hamlets,Inner London,11,0,10000,10000,10000
E01035698,Tower Hamlets 032F,Tower Hamlets,Inner London,2,0,10000,10000,10000
E01035699,Tower Hamlets 032G,Tower Hamlets,Inner London,1,0,10000,10000,10000
E01035700,Tower Hamlets 034A,Tower Hamlets,Inner London,0,0,,,
E01035701,Tower Hamlets 034B,Tower Hamlets,Inner London,3,0,10000,10000,10000
E01035702,Tower Hamlets 034C,Tower Hamlets,Inner London,30,0,10000,10000,10000
E01035703,Tower Hamlets 036B,Tower Hamlets,Inner London,5,0,10000,10000,10000
E01035704,Tower Hamlets 036C,Tower Hamlets,Inner London,2,0,10000,10000,10000
E01035705,Tower Hamlets 036D,Tower Hamlets,Inner London,14,0,10000,10000,10000
E01035706,Tower Hamlets 036E,Tower Hamlets,Inner London,7,0,10000,10000,10000
E01035707,Camden 015F,Camden,Inner London,20,0,10000,10000,10000
E01035708,Camden 022F,Camden,Inner London,47,0,10000,10000,10000
E01035709,Camden 022G,Camden,Inner London,18,0,10000,10000,10000
E01035710,Camden 023F,Camden,Inner London,32,0,10000,10000,10000
E01035711,Camden 026E,Camden,Inner London,33,0,10000,10000,10000
E01035712,Camden 029E,Camden,Inner London,13,0,10000,10000,10000
E01035713,Kensington and Chelsea 016F,Kensington and Chelsea,Inner London,28,0,10000,10000,10000
E01035714,Kensington and Chelsea 020F,Kensington and Chelsea,Inner London,16,0,10000,10000,10000
E01035715,Westminster 007H,Westminster,Inner London,12,0,10000,10000,10000
E01035716,Westminster 013G,Westminster,Inner London,64,0,10000,10000,10000
E01035717,Westminster 014H,Westminster,Inner London,12,0,10000,10000,10000
E01035718,Westminster 019G,Westminster,Inner London,267,0,10000,10000,10000
E01035719,Westminster 021F,Westminster,Inner London,7,0,10000,10000,10000
E01035720,Westminster 021G,Westminster,Inner London,11,0,10000,10000,10000
E01035721,Westminster 023H,Westminster,Inner London,22,0,10000,10000,10000
E01035722,Westminster 024G,Westminster,Inner London,11,0,10000,10000,10000
