LSOA21CD,LSOA21NM,borough_name,group,grid_mean_mismatch,grid_mean_lisa_cluster_analytical,grid_local_moran_i_permutation,grid_local_moran_p_permutation,grid_local_moran_q_bh,grid_mean_lisa_cluster_fdr
E01000001,City of London 001A,City of London,children_and_adolescents,-4.099204245791,Low-low surplus cluster,6.69445751214008,0.0001,0.00156,Low-low surplus cluster
E01000002,City of London 001B,City of London,children_and_adolescents,-4.25498725559556,Low-low surplus cluster,6.4174157122828,0.0001,0.00156,Low-low surplus cluster
E01000003,City of London 001C,City of London,children_and_adolescents,-5.03508668443889,Low-low surplus cluster,6.70796988128929,0.0001,0.00156,Low-low surplus cluster
E01000005,City of London 001E,City of London,children_and_adolescents,-3.27910354300279,Low-low surplus cluster,4.59211037301368,0.0001,0.00156,Low-low surplus cluster
E01000006,Barking and Dagenham 016A,Barking and Dagenham,children_and_adolescents,1.83085250623486,Not significant,0.509401969443428,0.1846,0.254283443708609,Not significant
E01000007,Barking and Dagenham 015A,Barking and Dagenham,children_and_adolescents,0.347341870287307,High-high mismatch cluster,0.171108528575949,0.0192,0.0548006861063465,Not significant
E01000008,Barking and Dagenham 015B,Barking and Dagenham,children_and_adolescents,2.08014699013304,High-high mismatch cluster,1.42018923364237,0.0005,0.00447311827956989,High-high mismatch cluster
E01000009,Barking and Dagenham 016B,Barking and Dagenham,children_and_adolescents,0.481534990141693,Not significant,0.168720683343689,0.0775,0.140479302832244,Not significant
E01000011,Barking and Dagenham 016C,Barking and Dagenham,children_and_adolescents,1.7613656130786,Not significant,0.714974300301412,0.0651,0.125088221709007,Not significant
E01000012,Barking and Dagenham 015D,Barking and Dagenham,children_and_adolescents,2.62590936352536,High-high mismatch cluster,1.69748539400613,0.0008,0.0061724884080371,High-high mismatch cluster
E01000013,Barking and Dagenham 013A,Barking and Dagenham,children_and_adolescents,1.44729280037466,Not significant,0.684054256404371,0.0382,0.0881212569316081,Not significant
E01000014,Barking and Dagenham 013B,Barking and Dagenham,children_and_adolescents,1.97001520317989,High-high mismatch cluster,1.1055475044074,0.0037,0.0179673151750973,High-high mismatch cluster
E01000015,Barking and Dagenham 009A,Barking and Dagenham,children_and_adolescents,2.35901529822225,High-high mismatch cluster,1.49090552842082,0.0024,0.013312,High-high mismatch cluster
E01000016,Barking and Dagenham 009B,Barking and Dagenham,children_and_adolescents,2.14205070887372,High-high mismatch cluster,1.67698735892742,0.0001,0.00156,High-high mismatch cluster
E01000017,Barking and Dagenham 009C,Barking and Dagenham,children_and_adolescents,2.36687342923625,High-high mismatch cluster,1.63651656962476,0.0014,0.00919578947368421,High-high mismatch cluster
E01000018,Barking and Dagenham 009D,Barking and Dagenham,children_and_adolescents,1.40368298493411,High-high mismatch cluster,1.04767284716774,0.0033,0.0166232088799193,High-high mismatch cluster
E01000019,Barking and Dagenham 023A,Barking and Dagenham,children_and_adolescents,2.35842356586344,High-high mismatch cluster,2.1711250942455,0.0002,0.00242330097087379,High-high mismatch cluster
E01000020,Barking and Dagenham 023B,Barking and Dagenham,children_and_adolescents,2.81911876390094,High-high mismatch cluster,2.70005925773758,0.0001,0.00156,High-high mismatch cluster
E01000021,Barking and Dagenham 008A,Barking and Dagenham,children_and_adolescents,1.99000573861365,High-high mismatch cluster,1.41008067865471,0.0005,0.00447311827956989,High-high mismatch cluster
E01000022,Barking and Dagenham 008B,Barking and Dagenham,children_and_adolescents,2.13127441473002,High-high mismatch cluster,1.83139372593734,0.0007,0.00557320574162679,High-high mismatch cluster
E01000024,Barking and Dagenham 008D,Barking and Dagenham,children_and_adolescents,1.94812157439613,High-high mismatch cluster,1.75937122197675,0.0001,0.00156,High-high mismatch cluster
E01000025,Barking and Dagenham 008E,Barking and Dagenham,children_and_adolescents,2.20334562689193,High-high mismatch cluster,1.76619884601972,0.0001,0.00156,High-high mismatch cluster
E01000027,Barking and Dagenham 001A,Barking and Dagenham,children_and_adolescents,4.55717546953923,High-high mismatch cluster,4.59314014481268,0.0001,0.00156,High-high mismatch cluster
E01000028,Barking and Dagenham 001B,Barking and Dagenham,children_and_adolescents,3.5771375194265,High-high mismatch cluster,4.32345141616215,0.0001,0.00156,High-high mismatch cluster
E01000029,Barking and Dagenham 001C,Barking and Dagenham,children_and_adolescents,2.11972121864546,High-high mismatch cluster,1.83566054581033,0.0001,0.00156,High-high mismatch cluster
E01000030,Barking and Dagenham 001D,Barking and Dagenham,children_and_adolescents,4.28167702808799,High-high mismatch cluster,4.35883609451332,0.0002,0.00242330097087379,High-high mismatch cluster
E01000031,Barking and Dagenham 002A,Barking and Dagenham,children_and_adolescents,0.544637093592951,High-high mismatch cluster,0.50709501242849,0.0001,0.00156,High-high mismatch cluster
E01000032,Barking and Dagenham 002B,Barking and Dagenham,children_and_adolescents,0.872337328929141,High-high mismatch cluster,0.497668150851216,0.0019,0.0112113475177305,High-high mismatch cluster
E01000033,Barking and Dagenham 006A,Barking and Dagenham,children_and_adolescents,3.57788902609388,High-high mismatch cluster,2.79593901313348,0.002,0.0116771929824561,High-high mismatch cluster
E01000034,Barking and Dagenham 003A,Barking and Dagenham,children_and_adolescents,1.53293594786947,High-high mismatch cluster,1.11235351053849,0.0005,0.00447311827956989,High-high mismatch cluster
E01000035,Barking and Dagenham 010A,Barking and Dagenham,children_and_adolescents,2.08455646596067,High-high mismatch cluster,2.03082617326379,0.0001,0.00156,High-high mismatch cluster
E01000036,Barking and Dagenham 010B,Barking and Dagenham,children_and_adolescents,1.81666533758186,High-high mismatch cluster,1.70956940142132,0.0001,0.00156,High-high mismatch cluster
E01000037,Barking and Dagenham 003B,Barking and Dagenham,children_and_adolescents,1.43227071440838,High-high mismatch cluster,0.866288141570954,0.0072,0.0277976798143852,High-high mismatch cluster
E01000038,Barking and Dagenham 003C,Barking and Dagenham,children_and_adolescents,0.906978179637597,High-high mismatch cluster,0.515169163568295,0.0072,0.0277976798143852,High-high mismatch cluster
E01000039,Barking and Dagenham 003D,Barking and Dagenham,children_and_adolescents,3.19909251642895,High-high mismatch cluster,1.93583792806634,0.0013,0.00879349593495935,High-high mismatch cluster
E01000040,Barking and Dagenham 019A,Barking and Dagenham,children_and_adolescents,0.953837042793443,Not significant,0.432541428636862,0.0677,0.128354880364603,Not significant
E01000041,Barking and Dagenham 017A,Barking and Dagenham,children_and_adolescents,2.04552953337051,High-high mismatch cluster,1.61692135988503,0.0009,0.00673583208395802,High-high mismatch cluster
E01000042,Barking and Dagenham 017B,Barking and Dagenham,children_and_adolescents,2.41768723167756,High-high mismatch cluster,1.41915976537107,0.0071,0.0275822568093385,High-high mismatch cluster
E01000043,Barking and Dagenham 019B,Barking and Dagenham,children_and_adolescents,0.837948233519531,High-high mismatch cluster,0.465330437708841,0.009,0.0323688760806916,High-high mismatch cluster
E01000044,Barking and Dagenham 016D,Barking and Dagenham,children_and_adolescents,0.144061085798988,Not significant,0.0537869255966772,0.0374,0.0869589194224499,Not significant
E01000045,Barking and Dagenham 017C,Barking and Dagenham,children_and_adolescents,2.24939551827764,High-high mismatch cluster,1.78141341176089,0.0005,0.00447311827956989,High-high mismatch cluster
E01000046,Barking and Dagenham 017D,Barking and Dagenham,children_and_adolescents,2.15779236496663,High-high mismatch cluster,1.78326044650897,0.0002,0.00242330097087379,High-high mismatch cluster
E01000049,Barking and Dagenham 021C,Barking and Dagenham,children_and_adolescents,2.02841237280105,Not significant,1.04072787158495,0.0423,0.0942685714285714,Not significant
E01000050,Barking and Dagenham 019C,Barking and Dagenham,children_and_adolescents,-0.0443473999820301,Not significant,-0.01755947793681,0.0512,0.106451645147855,Not significant
E01000051,Barking and Dagenham 021D,Barking and Dagenham,children_and_adolescents,-0.108139868699555,Not significant,-0.0264477573610329,0.2194,0.286713298429319,Not significant
E01000052,Barking and Dagenham 019D,Barking and Dagenham,children_and_adolescents,1.88310976185793,Not significant,0.71266224224472,0.0611,0.119847229862475,Not significant
E01000053,Barking and Dagenham 020A,Barking and Dagenham,children_and_adolescents,0.75678543993109,High-high mismatch cluster,0.550723834072146,0.0018,0.0108129963898917,High-high mismatch cluster
E01000054,Barking and Dagenham 018A,Barking and Dagenham,children_and_adolescents,1.793199362967,High-high mismatch cluster,1.20881853756411,0.0026,0.0139711517761033,High-high mismatch cluster
E01000055,Barking and Dagenham 018B,Barking and Dagenham,children_and_adolescents,1.59124627103436,High-high mismatch cluster,1.57442779069517,0.0001,0.00156,High-high mismatch cluster
E01000056,Barking and Dagenham 018C,Barking and Dagenham,children_and_adolescents,1.68872591124772,High-high mismatch cluster,1.0886859893041,0.012,0.0395928618638467,High-high mismatch cluster
E01000057,Barking and Dagenham 012A,Barking and Dagenham,children_and_adolescents,1.4968026889704,High-high mismatch cluster,0.978738226422166,0.0017,0.0105421118012422,High-high mismatch cluster
E01000058,Barking and Dagenham 018D,Barking and Dagenham,children_and_adolescents,1.66115080746057,Not significant,0.759623258514339,0.0279,0.0707707317073171,Not significant
E01000059,Barking and Dagenham 013C,Barking and Dagenham,children_and_adolescents,0.56910734993616,Not significant,0.246168822974272,0.0338,0.0810810187409899,Not significant
E01000060,Barking and Dagenham 006B,Barking and Dagenham,children_and_adolescents,1.43854218262715,High-high mismatch cluster,1.0105559916892,0.0002,0.00242330097087379,High-high mismatch cluster
E01000061,Barking and Dagenham 006C,Barking and Dagenham,children_and_adolescents,0.832648284231774,High-high mismatch cluster,0.53290280936258,0.0027,0.0143387234042553,High-high mismatch cluster
E01000062,Barking and Dagenham 006D,Barking and Dagenham,children_and_adolescents,2.24068088587311,High-high mismatch cluster,1.58782836523793,0.0008,0.0061724884080371,High-high mismatch cluster
E01000063,Barking and Dagenham 004A,Barking and Dagenham,children_and_adolescents,0.883652074869818,High-high mismatch cluster,0.501601491192758,0.0061,0.0247973941368078,High-high mismatch cluster
E01000064,Barking and Dagenham 006E,Barking and Dagenham,children_and_adolescents,3.23352450353146,High-high mismatch cluster,2.80039933268421,0.0001,0.00156,High-high mismatch cluster
E01000065,Barking and Dagenham 007A,Barking and Dagenham,children_and_adolescents,1.21170754512588,High-high mismatch cluster,0.810261677193898,0.0023,0.0129589164785553,High-high mismatch cluster
E01000066,Barking and Dagenham 011A,Barking and Dagenham,children_and_adolescents,2.27001436524264,High-high mismatch cluster,1.63813081135103,0.0003,0.0031661733615222,High-high mismatch cluster
E01000067,Barking and Dagenham 011B,Barking and Dagenham,children_and_adolescents,1.89288775027046,High-high mismatch cluster,1.23015743289639,0.0058,0.0239285950413223,High-high mismatch cluster
E01000068,Barking and Dagenham 016E,Barking and Dagenham,children_and_adolescents,0.914637936994807,Not significant,0.422828328548859,0.0284,0.0716748230535895,Not significant
E01000069,Barking and Dagenham 011C,Barking and Dagenham,children_and_adolescents,0.610803656071821,High-high mismatch cluster,0.370282125396156,0.0176,0.0514699472759227,Not significant
E01000070,Barking and Dagenham 011D,Barking and Dagenham,children_and_adolescents,0.858161126010625,High-high mismatch cluster,0.497062134996547,0.0043,0.0197839631336406,High-high mismatch cluster
E01000071,Barking and Dagenham 011E,Barking and Dagenham,children_and_adolescents,1.4120611895678,High-high mismatch cluster,0.700476008749448,0.0057,0.0236332225913621,High-high mismatch cluster
E01000072,Barking and Dagenham 017E,Barking and Dagenham,children_and_adolescents,1.84203753763966,High-high mismatch cluster,1.40172168875401,0.0001,0.00156,High-high mismatch cluster
E01000073,Barking and Dagenham 012B,Barking and Dagenham,children_and_adolescents,2.14876657069477,High-high mismatch cluster,1.78570620411721,0.0002,0.00242330097087379,High-high mismatch cluster
E01000074,Barking and Dagenham 012C,Barking and Dagenham,children_and_adolescents,2.29785412393895,High-high mismatch cluster,1.58889794443481,0.003,0.0155837669094693,High-high mismatch cluster
E01000075,Barking and Dagenham 012D,Barking and Dagenham,children_and_adolescents,1.38729052741316,High-high mismatch cluster,0.950243921738622,0.0003,0.0031661733615222,High-high mismatch cluster
E01000076,Barking and Dagenham 012E,Barking and Dagenham,children_and_adolescents,1.81512167356753,High-high mismatch cluster,1.30777284759069,0.0006,0.0050255033557047,High-high mismatch cluster
E01000077,Barking and Dagenham 008F,Barking and Dagenham,children_and_adolescents,1.61480438733124,High-high mismatch cluster,1.45007520280565,0.0001,0.00156,High-high mismatch cluster
E01000078,Barking and Dagenham 007B,Barking and Dagenham,children_and_adolescents,2.98210024871115,High-high mismatch cluster,2.32863802099903,0.0004,0.00385482625482626,High-high mismatch cluster
E01000079,Barking and Dagenham 009E,Barking and Dagenham,children_and_adolescents,1.43786950168269,High-high mismatch cluster,1.08041924805051,0.001,0.00731964809384164,High-high mismatch cluster
E01000080,Barking and Dagenham 007C,Barking and Dagenham,children_and_adolescents,2.24030212923231,High-high mismatch cluster,1.59182270067246,0.0037,0.0179673151750973,High-high mismatch cluster
E01000081,Barking and Dagenham 007D,Barking and Dagenham,children_and_adolescents,2.00012255483849,High-high mismatch cluster,1.41369017074699,0.0011,0.00778893617021277,High-high mismatch cluster
E01000082,Barking and Dagenham 007E,Barking and Dagenham,children_and_adolescents,1.00845391528297,High-high mismatch cluster,0.696091405980274,0.0015,0.0096,High-high mismatch cluster
E01000083,Barking and Dagenham 007F,Barking and Dagenham,children_and_adolescents,3.61226467523277,High-high mismatch cluster,3.08206124473176,0.0003,0.0031661733615222,High-high mismatch cluster
E01000084,Barking and Dagenham 013D,Barking and Dagenham,children_and_adolescents,0.0610840685435659,Not significant,0.0261568696463914,0.0267,0.0686335736354274,Not significant
E01000085,Barking and Dagenham 013E,Barking and Dagenham,children_and_adolescents,0.934618653648472,Not significant,0.39144691527751,0.0605,0.119044540796216,Not significant
E01000086,Barking and Dagenham 013F,Barking and Dagenham,children_and_adolescents,0.924951032916491,Not significant,0.353580518962985,0.0754,0.138330319735391,Not significant
E01000087,Barking and Dagenham 020B,Barking and Dagenham,children_and_adolescents,2.74889415429577,High-high mismatch cluster,1.79898387938784,0.0026,0.0139711517761033,High-high mismatch cluster
E01000088,Barking and Dagenham 020C,Barking and Dagenham,children_and_adolescents,1.3458390250298,High-high mismatch cluster,0.968203186709346,0.0012,0.00830846047156727,High-high mismatch cluster
E01000089,Barking and Dagenham 020D,Barking and Dagenham,children_and_adolescents,2.39024012273636,High-high mismatch cluster,1.87646901309934,0.0083,0.0306688378978534,High-high mismatch cluster
E01000090,Barking and Dagenham 020E,Barking and Dagenham,children_and_adolescents,2.73131262957148,High-high mismatch cluster,2.08631236048116,0.0002,0.00242330097087379,High-high mismatch cluster
E01000091,Barking and Dagenham 022A,Barking and Dagenham,children_and_adolescents,2.26125409886603,High-high mismatch cluster,2.61088949199329,0.0001,0.00156,High-high mismatch cluster
E01000093,Barking and Dagenham 022B,Barking and Dagenham,children_and_adolescents,1.19053949396987,High-high mismatch cluster,1.06486586794506,0.0001,0.00156,High-high mismatch cluster
E01000094,Barking and Dagenham 022C,Barking and Dagenham,children_and_adolescents,3.5493768591224,High-high mismatch cluster,3.86179681884112,0.0001,0.00156,High-high mismatch cluster
E01000095,Barking and Dagenham 018E,Barking and Dagenham,children_and_adolescents,3.72031540503546,High-high mismatch cluster,3.22829125821404,0.0001,0.00156,High-high mismatch cluster
E01000096,Barking and Dagenham 022D,Barking and Dagenham,children_and_adolescents,3.95245263369967,High-high mismatch cluster,3.55993351396437,0.0001,0.00156,High-high mismatch cluster
E01000097,Barking and Dagenham 023C,Barking and Dagenham,children_and_adolescents,1.40198635720618,High-high mismatch cluster,1.05673750909149,0.0033,0.0166232088799193,High-high mismatch cluster
E01000098,Barking and Dagenham 023D,Barking and Dagenham,children_and_adolescents,2.42637779915091,High-high mismatch cluster,2.10745972707801,0.0001,0.00156,High-high mismatch cluster
E01000099,Barking and Dagenham 023E,Barking and Dagenham,children_and_adolescents,1.86343406744065,High-high mismatch cluster,1.4557649591198,0.0001,0.00156,High-high mismatch cluster
E01000100,Barking and Dagenham 004B,Barking and Dagenham,children_and_adolescents,1.95842471249986,High-high mismatch cluster,1.18399189849318,0.005,0.0216854908774978,High-high mismatch cluster
E01000101,Barking and Dagenham 004C,Barking and Dagenham,children_and_adolescents,1.17681351868429,High-high mismatch cluster,0.749539065955831,0.0059,0.024221052631579,High-high mismatch cluster
E01000102,Barking and Dagenham 007G,Barking and Dagenham,children_and_adolescents,1.94937347219754,High-high mismatch cluster,1.75044411444655,0.0001,0.00156,High-high mismatch cluster
E01000103,Barking and Dagenham 014A,Barking and Dagenham,children_and_adolescents,2.1689112841091,High-high mismatch cluster,1.34666851200658,0.0017,0.0105421118012422,High-high mismatch cluster
E01000104,Barking and Dagenham 014B,Barking and Dagenham,children_and_adolescents,2.13745875834386,High-high mismatch cluster,1.41502404052778,0.0006,0.0050255033557047,High-high mismatch cluster
E01000105,Barking and Dagenham 014C,Barking and Dagenham,children_and_adolescents,0.474542204880698,High-high mismatch cluster,0.263099444518547,0.0044,0.0200226071103008,High-high mismatch cluster
E01000106,Barking and Dagenham 014D,Barking and Dagenham,children_and_adolescents,1.98070816560617,High-high mismatch cluster,1.43513286661805,0.0018,0.0108129963898917,High-high mismatch cluster
E01000107,Barking and Dagenham 010C,Barking and Dagenham,children_and_adolescents,2.72160297397913,High-high mismatch cluster,2.13267021246017,0.0011,0.00778893617021277,High-high mismatch cluster
E01000108,Barking and Dagenham 010D,Barking and Dagenham,children_and_adolescents,2.46823646099039,High-high mismatch cluster,2.05039732689909,0.0003,0.0031661733615222,High-high mismatch cluster
E01000110,Barking and Dagenham 002C,Barking and Dagenham,children_and_adolescents,1.58028737160863,Not significant,0.830973174493605,0.036,0.0848098159509202,Not significant
E01000111,Barking and Dagenham 002D,Barking and Dagenham,children_and_adolescents,1.2673000313152,High-high mismatch cluster,0.910619425273791,0.0022,0.0125084282460137,High-high mismatch cluster
E01000112,Barking and Dagenham 002E,Barking and Dagenham,children_and_adolescents,1.27386405894282,High-high mismatch cluster,0.782445540779067,0.0009,0.00673583208395802,High-high mismatch cluster
E01000113,Barking and Dagenham 002F,Barking and Dagenham,children_and_adolescents,1.94520605141353,Not significant,1.06432451222035,0.033,0.0795441815548044,Not significant
E01000114,Barking and Dagenham 004E,Barking and Dagenham,children_and_adolescents,1.42742834605506,High-high mismatch cluster,0.97656242556188,0.0002,0.00242330097087379,High-high mismatch cluster
E01000115,Barnet 009A,Barnet,children_and_adolescents,-0.157838068619883,Not significant,-0.0619300525040396,0.0514,0.1066010801828,Not significant
E01000116,Barnet 009B,Barnet,children_and_adolescents,1.56674695584544,Not significant,0.700573545233515,0.0423,0.0942685714285714,Not significant
E01000117,Barnet 010A,Barnet,children_and_adolescents,1.19812419994855,Not significant,0.582461468306975,0.0476,0.10137337883959,Not significant
E01000118,Barnet 010B,Barnet,children_and_adolescents,1.38382181787051,High-high mismatch cluster,0.786395265048135,0.0079,0.0297187641296157,High-high mismatch cluster
E01000119,Barnet 009C,Barnet,children_and_adolescents,0.438295509806634,Not significant,0.135177440472719,0.1039,0.172544510978044,Not significant
E01000120,Barnet 009D,Barnet,children_and_adolescents,0.345084854664724,Not significant,0.129257010255241,0.0825,0.146458036984353,Not significant
E01000121,Barnet 010C,Barnet,children_and_adolescents,1.73953182069598,Not significant,0.658667283397676,0.0624,0.121442807017544,Not significant
E01000122,Barnet 009E,Barnet,children_and_adolescents,0.840537410760574,Not significant,0.381338415688921,0.0414,0.0930102610261026,Not significant
E01000123,Barnet 010D,Barnet,children_and_adolescents,1.36033916481087,Not significant,0.461443236371124,0.0688,0.129701510574018,Not significant
E01000124,Barnet 010E,Barnet,children_and_adolescents,-1.25494181332166,Not significant,-0.251075731317323,0.1962,0.265716332067282,Not significant
E01000126,Barnet 026A,Barnet,children_and_adolescents,1.78460665808709,Not significant,0.53395816970078,0.1205,0.190299272382158,Not significant
E01000127,Barnet 024B,Barnet,children_and_adolescents,0.966366753587308,Not significant,0.405252430903204,0.0548,0.111113566206336,Not significant
E01000128,Barnet 024C,Barnet,children_and_adolescents,0.730631669390939,Not significant,0.314954137665209,0.0784,0.141647774158523,Not significant
E01000129,Barnet 024D,Barnet,children_and_adolescents,0.158565739547484,High-high mismatch cluster,0.0745965033448941,0.0064,0.0256205292702486,High-high mismatch cluster
E01000130,Barnet 021A,Barnet,children_and_adolescents,1.13286319354246,Not significant,0.466022387372365,0.0312,0.076762148841794,Not significant
E01000131,Barnet 024E,Barnet,children_and_adolescents,1.4984045974954,Not significant,0.435983569476836,0.087,0.152494382022472,Not significant
E01000132,Barnet 021B,Barnet,children_and_adolescents,1.56591694842348,Not significant,0.459071687097311,0.121,0.190847393364929,Not significant
E01000133,Barnet 021C,Barnet,children_and_adolescents,0.945915150422171,Not significant,0.328245077032545,0.1244,0.194428553537884,Not significant
E01000134,Barnet 024F,Barnet,children_and_adolescents,1.04222970004789,High-high mismatch cluster,0.649369584415031,0.0074,0.0283941583397387,High-high mismatch cluster
E01000135,Barnet 038A,Barnet,children_and_adolescents,-0.89919891152048,Not significant,-0.0491694186428965,0.4088,0.438206914322525,Not significant
E01000136,Barnet 038B,Barnet,children_and_adolescents,1.55876974921939,Not significant,0.0119803181014728,0.4943,0.495590600522193,Not significant
E01000137,Barnet 041A,Barnet,children_and_adolescents,0.459586977548525,Not significant,-0.108813128218269,0.2241,0.291102576112412,Not significant
E01000138,Barnet 040A,Barnet,children_and_adolescents,0.151274124249915,Not significant,0.0076937499298231,0.4363,0.458335353535354,Not significant
E01000139,Barnet 041B,Barnet,children_and_adolescents,-0.352537310801233,Not significant,-0.00781290173851926,0.4778,0.485384126984127,Not significant
E01000140,Barnet 041C,Barnet,children_and_adolescents,-1.41099137317475,Not significant,-0.222321781366711,0.2889,0.345351724137931,Not significant
E01000141,Barnet 039A,Barnet,children_and_adolescents,-1.4151350993857,Not significant,0.0685784226811443,0.3977,0.431137125488493,Not significant
E01000142,Barnet 040B,Barnet,children_and_adolescents,0.204260252189772,Not significant,-0.0197239929467369,0.3494,0.395063374858437,Not significant
E01000143,Barnet 041D,Barnet,children_and_adolescents,-0.139322517972192,Not significant,0.0404380599511109,0.1559,0.225842367962856,Not significant
E01000144,Barnet 038C,Barnet,children_and_adolescents,-0.2819609450493,Not significant,-0.0131304760693675,0.4401,0.460582641509434,Not significant
E01000145,Barnet 037A,Barnet,children_and_adolescents,0.738485442184191,Not significant,0.10755948363347,0.2824,0.339980713596914,Not significant
E01000146,Barnet 038D,Barnet,children_and_adolescents,-0.978195779060312,Not significant,-0.0747491757883458,0.4197,0.446344780570942,Not significant
E01000147,Barnet 043F,Barnet,children_and_adolescents,-0.580369319522647,Not significant,-0.177132685637214,0.1289,0.198785542168675,Not significant
E01000150,Barnet 036A,Barnet,children_and_adolescents,1.08505006879406,Not significant,-0.106821174255016,0.3315,0.380774965485504,Not significant
E01000151,Barnet 026B,Barnet,children_and_adolescents,2.42394320566267,Not significant,1.4162752047055,0.0189,0.0541301204819277,Not significant
E01000152,Barnet 026C,Barnet,children_and_adolescents,2.3753107486446,Not significant,1.26982381561449,0.0212,0.0586968386023295,Not significant
E01000153,Barnet 026D,Barnet,children_and_adolescents,1.48651261272514,Not significant,0.657869892254469,0.0265,0.0682600619195046,Not significant
E01000154,Barnet 026E,Barnet,children_and_adolescents,0.0574674141055134,Not significant,0.0173130589928616,0.0971,0.164591918505942,Not significant
E01000156,Barnet 022A,Barnet,children_and_adolescents,0.886632750121669,Not significant,0.201840065151129,0.1848,0.254418532818533,Not significant
E01000157,Barnet 022B,Barnet,children_and_adolescents,0.642922510190738,Not significant,0.262262752339435,0.0644,0.124125405405405,Not significant
E01000158,Barnet 015A,Barnet,children_and_adolescents,0.421177270882521,Not significant,0.049782787675146,0.3239,0.374573413617415,Not significant
E01000159,Barnet 015B,Barnet,children_and_adolescents,0.315559318673195,Not significant,0.0471884876271154,0.2659,0.327142645971914,Not significant
E01000160,Barnet 015C,Barnet,children_and_adolescents,0.524791144955245,Not significant,0.0531995049861329,0.3368,0.385355397662159,Not significant
E01000161,Barnet 015D,Barnet,children_and_adolescents,-0.805389123631161,Not significant,-0.139250250539272,0.2716,0.331660273972603,Not significant
E01000162,Barnet 015E,Barnet,children_and_adolescents,-0.573820118266788,Not significant,-0.0720874387410843,0.3175,0.36928238583411,Not significant
E01000163,Barnet 022C,Barnet,children_and_adolescents,0.710058524114928,Not significant,0.307640381360674,0.0473,0.10107680478428,Not significant
E01000164,Barnet 022D,Barnet,children_and_adolescents,0.5543816760974,Not significant,0.120276243702808,0.1623,0.233017428817947,Not significant
E01000165,Barnet 022E,Barnet,children_and_adolescents,1.60500636296215,Not significant,0.0494824686241891,0.4672,0.478609152472809,Not significant
E01000166,Barnet 003A,Barnet,children_and_adolescents,0.832656026748551,Not significant,0.302419992917305,0.0668,0.127082926829268,Not significant
E01000167,Barnet 002A,Barnet,children_and_adolescents,0.968215181960322,Not significant,0.416122623841766,0.035,0.0830023752969121,Not significant
E01000168,Barnet 003B,Barnet,children_and_adolescents,0.129456581412879,Not significant,0.0495617332866777,0.0784,0.141647774158523,Not significant
E01000169,Barnet 003C,Barnet,children_and_adolescents,0.960974349227968,Not significant,0.253136723866608,0.1668,0.237565078459344,Not significant
E01000170,Barnet 006A,Barnet,children_and_adolescents,0.637149683697511,Not significant,0.242776180540665,0.0566,0.113381701444623,Not significant
E01000171,Barnet 006B,Barnet,children_and_adolescents,0.926876912428358,Not significant,0.322743953249674,0.0403,0.0914443636363636,Not significant
E01000172,Barnet 003D,Barnet,children_and_adolescents,1.82299644493773,Not significant,0.689528280392397,0.023,0.0623322475570033,Not significant
E01000173,Barnet 006C,Barnet,children_and_adolescents,1.11819101328407,Not significant,0.64325021714349,0.0244,0.0647111111111111,Not significant
E01000174,Barnet 006D,Barnet,children_and_adolescents,1.10717456649329,High-high mismatch cluster,0.608911636570235,0.0183,0.0529586086956522,Not significant
E01000175,Barnet 006E,Barnet,children_and_adolescents,2.53617787122852,High-high mismatch cluster,1.177672475753,0.0115,0.0383743315508021,High-high mismatch cluster
E01000176,Barnet 027A,Barnet,children_and_adolescents,-0.520402258358053,Not significant,-0.0892537019432231,0.2234,0.2907228362878,Not significant
E01000177,Barnet 029A,Barnet,children_and_adolescents,0.696956859071595,Not significant,0.00874898981261513,0.4993,0.499500120240481,Not significant
E01000178,Barnet 027B,Barnet,children_and_adolescents,0.606672907007415,Not significant,0.00251302259606888,0.4891,0.492852956609485,Not significant
E01000179,Barnet 029B,Barnet,children_and_adolescents,0.595239564396249,Not significant,0.0301273527830388,0.4376,0.459217826361152,Not significant
E01000180,Barnet 029C,Barnet,children_and_adolescents,-1.35728412569063,Not significant,-0.115232758831118,0.392,0.427356191308146,Not significant
E01000181,Barnet 029D,Barnet,children_and_adolescents,-0.858487973177682,Not significant,0.13738566080463,0.2705,0.330964705882353,Not significant
E01000182,Barnet 029E,Barnet,children_and_adolescents,-1.85173884198851,Not significant,0.0234558398989744,0.4736,0.482886274509804,Not significant
E01000183,Barnet 033A,Barnet,children_and_adolescents,0.737789892723251,Not significant,-0.00582513727143468,0.4738,0.482991545844395,Not significant
E01000184,Barnet 027C,Barnet,children_and_adolescents,0.17287949224052,Not significant,0.0172297298114988,0.3358,0.384652042221202,Not significant
E01000185,Barnet 029F,Barnet,children_and_adolescents,-0.414705222055535,Not significant,-0.081017503646201,0.2762,0.334901724556716,Not significant
E01000186,Barnet 014A,Barnet,children_and_adolescents,0.62022483516949,Not significant,0.214382314773836,0.101,0.169191946308725,Not significant
E01000187,Barnet 014B,Barnet,children_and_adolescents,1.37878419654199,Not significant,0.809100998518389,0.0209,0.0581889570552147,Not significant
E01000188,Barnet 014C,Barnet,children_and_adolescents,1.14523846522928,High-high mismatch cluster,0.644080621042381,0.0024,0.013312,High-high mismatch cluster
E01000189,Barnet 014D,Barnet,children_and_adolescents,0.958374930046014,Not significant,0.48823913957042,0.0237,0.0634372117962467,Not significant
E01000190,Barnet 014E,Barnet,children_and_adolescents,1.94034531175141,Not significant,0.698668018853727,0.0871,0.152562526315789,Not significant
E01000191,Barnet 014F,Barnet,children_and_adolescents,0.285685815844979,Not significant,0.0934589633014326,0.094,0.160591375770021,Not significant
E01000192,Barnet 018A,Barnet,children_and_adolescents,-0.0121321183603577,Not significant,-0.00456036007687958,0.0708,0.132223569023569,Not significant
E01000193,Barnet 018B,Barnet,children_and_adolescents,0.558342791030762,Not significant,0.173418998504664,0.1283,0.198411895910781,Not significant
E01000194,Barnet 018C,Barnet,children_and_adolescents,0.626821861534539,High-high mismatch cluster,0.305720192202418,0.0091,0.0325876614060258,High-high mismatch cluster
E01000195,Barnet 013A,Barnet,children_and_adolescents,2.67249395383529,High-high mismatch cluster,1.65928645842919,0.0038,0.018328115942029,High-high mismatch cluster
E01000196,Barnet 028A,Barnet,children_and_adolescents,-1.65116191727234,Not significant,-0.0572832550918736,0.4645,0.477017897551944,Not significant
E01000197,Barnet 023A,Barnet,children_and_adolescents,0.228346498965334,Not significant,0.0123425609640723,0.402,0.433711692241193,Not significant
E01000198,Barnet 025A,Barnet,children_and_adolescents,2.14026440424897,Not significant,0.665433064234076,0.0711,0.132486450167973,Not significant
E01000199,Barnet 025B,Barnet,children_and_adolescents,-0.628168263867829,Not significant,-0.0796872943618883,0.34,0.387886497601097,Not significant
E01000200,Barnet 028B,Barnet,children_and_adolescents,0.451654333619447,Not significant,0.0926006590136028,0.2379,0.302649541284404,Not significant
E01000201,Barnet 028C,Barnet,children_and_adolescents,1.60082646886985,High-high mismatch cluster,1.01429752103194,0.0019,0.0112113475177305,High-high mismatch cluster
E01000202,Barnet 028D,Barnet,children_and_adolescents,1.25906462661755,Not significant,0.209851635991626,0.282,0.339865476477684,Not significant
E01000203,Barnet 028E,Barnet,children_and_adolescents,1.5816487318432,Not significant,0.633220998026192,0.0365,0.0856240601503759,Not significant
E01000204,Barnet 025C,Barnet,children_and_adolescents,-0.849798126424178,Not significant,0.0110034641029868,0.4717,0.481637635508284,Not significant
E01000205,Barnet 035A,Barnet,children_and_adolescents,0.982528841103222,Not significant,-0.00257344475252583,0.477,0.484966191446029,Not significant
E01000206,Barnet 033B,Barnet,children_and_adolescents,1.3590286463924,Not significant,0.235924191248777,0.1945,0.26391519434629,Not significant
E01000207,Barnet 033C,Barnet,children_and_adolescents,-0.409966522175319,Not significant,-0.0772327121326305,0.2362,0.301151289251979,Not significant
E01000208,Barnet 033D,Barnet,children_and_adolescents,-0.056355346618367,Not significant,0.00203307900449572,0.4239,0.44928,Not significant
E01000209,Barnet 035B,Barnet,children_and_adolescents,-1.54302440651935,Not significant,-0.101628500748042,0.4315,0.454861772151899,Not significant
E01000210,Barnet 033E,Barnet,children_and_adolescents,0.517674794237258,Not significant,0.0955108333462334,0.2015,0.270327331362537,Not significant
E01000211,Barnet 035C,Barnet,children_and_adolescents,-0.179833190615141,Not significant,-0.0607800375787411,0.0699,0.131082193839219,Not significant
E01000212,Barnet 035D,Barnet,children_and_adolescents,0.306685759947292,Not significant,-0.00454294390733197,0.464,0.476700555669891,Not significant
E01000213,Barnet 033F,Barnet,children_and_adolescents,1.37382913494373,Not significant,0.182531905552164,0.3411,0.388760547945205,Not significant
E01000214,Barnet 038E,Barnet,children_and_adolescents,0.433628067221866,Not significant,0.0641730780682706,0.3075,0.361185882352941,Not significant
E01000215,Barnet 037B,Barnet,children_and_adolescents,2.46052016896021,High-high mismatch cluster,1.719861342823,0.0009,0.00673583208395802,High-high mismatch cluster
E01000216,Barnet 035E,Barnet,children_and_adolescents,0.348696585343922,Not significant,0.104777889658764,0.1157,0.18559588688946,Not significant
E01000217,Barnet 035F,Barnet,children_and_adolescents,1.56462828490456,Not significant,0.833882396804578,0.0328,0.0791385210246496,Not significant
E01000218,Barnet 037C,Barnet,children_and_adolescents,0.915197066638664,Not significant,0.356366084378725,0.0519,0.10728149068323,Not significant
E01000219,Barnet 037D,Barnet,children_and_adolescents,2.83206745839559,Not significant,1.22913352695914,0.0246,0.0647696202531646,Not significant
E01000220,Barnet 037E,Barnet,children_and_adolescents,0.100063402384251,Not significant,0.0568962926269563,0.025,0.065443104352386,Not significant
E01000221,Barnet 039B,Barnet,children_and_adolescents,1.56068409342401,Not significant,0.561723039378856,0.056,0.112651327433628,Not significant
E01000222,Barnet 040C,Barnet,children_and_adolescents,0.924579418893937,Not significant,0.203219841331756,0.2007,0.269616361679225,Not significant
E01000223,Barnet 039C,Barnet,children_and_adolescents,1.47266703964296,Not significant,0.197836860627274,0.272,0.331824761904762,Not significant
E01000224,Barnet 040D,Barnet,children_and_adolescents,0.475229587077372,Not significant,0.0478806555725312,0.3683,0.410797677534614,Not significant
E01000225,Barnet 037F,Barnet,children_and_adolescents,3.02501986671755,High-high mismatch cluster,1.78204815912612,0.0027,0.0143387234042553,High-high mismatch cluster
E01000226,Barnet 018D,Barnet,children_and_adolescents,1.08171598615309,High-high mismatch cluster,0.578840491167063,0.0071,0.0275822568093385,High-high mismatch cluster
E01000227,Barnet 018E,Barnet,children_and_adolescents,1.98344907546383,Not significant,0.908142260765877,0.0273,0.0697449334698055,Not significant
E01000228,Barnet 007A,Barnet,children_and_adolescents,2.64814914887717,High-high mismatch cluster,1.62577240129586,0.0012,0.00830846047156727,High-high mismatch cluster
E01000229,Barnet 013B,Barnet,children_and_adolescents,1.68527320766053,High-high mismatch cluster,1.15379345570107,0.0059,0.024221052631579,High-high mismatch cluster
E01000230,Barnet 013C,Barnet,children_and_adolescents,1.78793890460023,High-high mismatch cluster,0.953033750654067,0.0061,0.0247973941368078,High-high mismatch cluster
E01000231,Barnet 013D,Barnet,children_and_adolescents,1.2344578043828,High-high mismatch cluster,0.925834396475778,0.002,0.0116771929824561,High-high mismatch cluster
E01000232,Barnet 013E,Barnet,children_and_adolescents,1.56833018183427,High-high mismatch cluster,1.03020441593907,0.001,0.00731964809384164,High-high mismatch cluster
E01000233,Barnet 013F,Barnet,children_and_adolescents,2.23376242121541,Not significant,1.01556795898381,0.0444,0.0972552874067574,Not significant
E01000234,Barnet 021D,Barnet,children_and_adolescents,1.89876404398144,Not significant,0.835972064082068,0.0711,0.132486450167973,Not significant
E01000235,Barnet 021E,Barnet,children_and_adolescents,-0.502947556965398,Low-high spatial outlier,-0.27670120848139,0.0019,0.0112113475177305,Low-high spatial outlier
E01000236,Barnet 034A,Barnet,children_and_adolescents,1.88472390015076,High-high mismatch cluster,1.51659293648854,0.0004,0.00385482625482626,High-high mismatch cluster
E01000237,Barnet 032A,Barnet,children_and_adolescents,0.754854792476218,Not significant,0.216238376284497,0.079,0.142422535211268,Not significant
E01000238,Barnet 034B,Barnet,children_and_adolescents,2.02408199465231,High-high mismatch cluster,0.923634964861322,0.0213,0.0588431654676259,Not significant
E01000239,Barnet 031A,Barnet,children_and_adolescents,0.389691701541025,Not significant,0.085202763407623,0.1958,0.265390605484659,Not significant
E01000240,Barnet 031B,Barnet,children_and_adolescents,0.846295756630993,Not significant,0.297103827848884,0.0759,0.13873775173929,Not significant
E01000241,Barnet 031C,Barnet,children_and_adolescents,0.0513514054314091,Not significant,0.0140568869705624,0.1679,0.238723098832242,Not significant
E01000242,Barnet 032B,Barnet,children_and_adolescents,1.28182535059606,Not significant,0.56741218749562,0.0452,0.098317385620915,Not significant
E01000243,Barnet 032C,Barnet,children_and_adolescents,0.0543598729237904,Not significant,0.01041565400691,0.2513,0.314487239909752,Not significant
E01000244,Barnet 032D,Barnet,children_and_adolescents,-0.674941089422762,Not significant,-0.0834281837826507,0.3256,0.375640212618442,Not significant
E01000245,Barnet 032E,Barnet,children_and_adolescents,-0.129323162964593,Not significant,-0.0263559444181198,0.2669,0.327926359832636,Not significant
E01000246,Barnet 002B,Barnet,children_and_adolescents,1.38242471269628,Not significant,0.204758840905798,0.2575,0.319681671226063,Not significant
E01000247,Barnet 002C,Barnet,children_and_adolescents,1.57430975053012,Not significant,0.419485499621785,0.1733,0.243693971830986,Not significant
E01000248,Barnet 001A,Barnet,children_and_adolescents,-0.441150840206268,Not significant,0.0279011642920514,0.4024,0.433983847980998,Not significant
E01000249,Barnet 001B,Barnet,children_and_adolescents,0.00201751829651255,Not significant,0.000419500759675016,0.2045,0.272958288770053,Not significant
E01000250,Barnet 001C,Barnet,children_and_adolescents,-1.08895161604891,Not significant,-0.00327121882938829,0.4933,0.494886173633441,Not significant
E01000251,Barnet 002D,Barnet,children_and_adolescents,0.177712148878452,Not significant,0.0493584447070021,0.1853,0.254890173410405,Not significant
E01000252,Barnet 002E,Barnet,children_and_adolescents,0.0790858572258295,Not significant,0.0260470356867298,0.1456,0.216448838594401,Not significant
E01000253,Barnet 007B,Barnet,children_and_adolescents,2.02059536675131,Not significant,0.711364244416251,0.1656,0.236327958833619,Not significant
E01000254,Barnet 001D,Barnet,children_and_adolescents,0.280173249294371,Not significant,0.0214623920929344,0.4003,0.432531948051948,Not significant
E01000255,Barnet 017A,Barnet,children_and_adolescents,0.335173208482108,High-high mismatch cluster,0.159131006975266,0.0176,0.0514699472759227,Not significant
E01000256,Barnet 016A,Barnet,children_and_adolescents,1.77317432319769,Not significant,0.436252806865455,0.2586,0.320568959523218,Not significant
E01000257,Barnet 017B,Barnet,children_and_adolescents,-0.353912360824004,Not significant,-0.125310769477333,0.0718,0.133392482322293,Not significant
E01000258,Barnet 016B,Barnet,children_and_adolescents,0.220308024135471,Not significant,0.0966628636631675,0.0238,0.0636025695931478,Not significant
E01000259,Barnet 025D,Barnet,children_and_adolescents,1.59140540460251,Not significant,0.323454624302666,0.1959,0.265454071661238,Not significant
E01000260,Barnet 025E,Barnet,children_and_adolescents,1.40255832667881,High-high mismatch cluster,0.649696648876284,0.0068,0.0267709779179811,High-high mismatch cluster
E01000261,Barnet 017C,Barnet,children_and_adolescents,0.817480510135119,High-high mismatch cluster,0.459003632921276,0.0142,0.0445266331658292,High-high mismatch cluster
E01000263,Barnet 016C,Barnet,children_and_adolescents,2.95706409401152,Not significant,1.40980559215639,0.053,0.108744759556104,Not significant
E01000264,Barnet 016D,Barnet,children_and_adolescents,1.37194059310695,High-high mismatch cluster,0.740699356072242,0.0065,0.0259169329073482,High-high mismatch cluster
E01000265,Barnet 011A,Barnet,children_and_adolescents,1.7426393631724,Not significant,0.413236398541046,0.1752,0.245260347728547,Not significant
E01000266,Barnet 011B,Barnet,children_and_adolescents,1.27429495407317,Not significant,0.165106832432642,0.2786,0.337320203735144,Not significant
E01000267,Barnet 005A,Barnet,children_and_adolescents,2.07562983362942,Not significant,0.666359802606768,0.098,0.165723577235772,Not significant
E01000268,Barnet 005B,Barnet,children_and_adolescents,0.370536299600296,Not significant,0.0585011541171983,0.252,0.31512625250501,Not significant
E01000269,Barnet 005C,Barnet,children_and_adolescents,0.128230437342969,Not significant,0.0206505503710116,0.2884,0.344919214183038,Not significant
E01000270,Barnet 005D,Barnet,children_and_adolescents,0.44208630854556,Not significant,0.133885521008501,0.1402,0.210997407295749,Not significant
E01000271,Barnet 008A,Barnet,children_and_adolescents,0.517198228409175,Not significant,0.09901296888696,0.2023,0.270952212389381,Not significant
E01000272,Barnet 008B,Barnet,children_and_adolescents,-0.420036982051413,Not significant,-0.202298633571695,0.0215,0.0592644947542794,Not significant
E01000273,Barnet 008C,Barnet,children_and_adolescents,-0.326181983410297,Not significant,-0.0879535210664385,0.1439,0.214560573476703,Not significant
E01000274,Barnet 011C,Barnet,children_and_adolescents,1.65810138559784,Not significant,0.621391444254366,0.0392,0.0896410444342648,Not significant
E01000275,Barnet 012A,Barnet,children_and_adolescents,0.100617902757021,Not significant,0.0267189193660438,0.1222,0.192133039370079,Not significant
E01000276,Barnet 020A,Barnet,children_and_adolescents,2.8804786154902,High-high mismatch cluster,1.55556215500115,0.0122,0.0400673684210526,High-high mismatch cluster
E01000277,Barnet 012B,Barnet,children_and_adolescents,-1.59950397759743,Not significant,0.084097130446409,0.4097,0.438713617842591,Not significant
E01000278,Barnet 020B,Barnet,children_and_adolescents,2.81631911908521,High-high mismatch cluster,1.88889639836693,0.0082,0.0304571428571429,High-high mismatch cluster
E01000279,Barnet 007C,Barnet,children_and_adolescents,1.28663485284342,High-high mismatch cluster,0.631340545854409,0.0011,0.00778893617021277,High-high mismatch cluster
E01000280,Barnet 007D,Barnet,children_and_adolescents,1.01291293605002,Not significant,0.236903869634005,0.1721,0.242553133822699,Not significant
E01000281,Barnet 008D,Barnet,children_and_adolescents,0.614450009596031,Not significant,0.0549651928701195,0.4026,0.433983847980998,Not significant
E01000282,Barnet 008E,Barnet,children_and_adolescents,0.643998409652142,Not significant,0.0910395000868686,0.2791,0.337598061545917,Not significant
E01000283,Barnet 012C,Barnet,children_and_adolescents,1.34953926152066,Not significant,0.602863512151309,0.0453,0.0984919860627178,Not significant
E01000284,Barnet 012D,Barnet,children_and_adolescents,-0.641998494914582,Not significant,-0.00677431032861515,0.4899,0.493359047811176,Not significant
E01000285,Barnet 004A,Barnet,children_and_adolescents,0.798868485471092,Not significant,0.210798050689395,0.1691,0.239814545454545,Not significant
E01000286,Barnet 007E,Barnet,children_and_adolescents,1.25904969713758,Not significant,0.426081730557199,0.0857,0.150957798165138,Not significant
E01000287,Barnet 004B,Barnet,children_and_adolescents,1.00175689059362,Not significant,0.464858212101517,0.0379,0.0878350974930362,Not significant
E01000288,Barnet 004C,Barnet,children_and_adolescents,-0.202382925125584,Not significant,-0.0325693477477723,0.2341,0.299494413121476,Not significant
E01000289,Barnet 004D,Barnet,children_and_adolescents,1.23674982303561,Not significant,0.128989483389305,0.3603,0.403820745397396,Not significant
E01000290,Barnet 007F,Barnet,children_and_adolescents,1.54043242065828,High-high mismatch cluster,0.954375411059591,0.0057,0.0236332225913621,High-high mismatch cluster
E01000291,Barnet 004E,Barnet,children_and_adolescents,1.269773046469,Not significant,0.408901225823083,0.1168,0.186820121755847,Not significant
E01000292,Barnet 001E,Barnet,children_and_adolescents,-0.052701482983588,Not significant,-0.00250795075842663,0.4319,0.454861772151899,Not significant
E01000293,Barnet 001F,Barnet,children_and_adolescents,-0.917104621048984,Not significant,0.00936487409578756,0.4744,0.483208488063661,Not significant
E01000294,Barnet 004F,Barnet,children_and_adolescents,0.0226793923064966,Not significant,0.00264789725211078,0.3388,0.386845745654163,Not significant
E01000295,Barnet 023B,Barnet,children_and_adolescents,0.231602908302288,Not significant,0.00406423255660278,0.4966,0.497496929560506,Not significant
E01000296,Barnet 023C,Barnet,children_and_adolescents,0.0956689415415151,Not significant,0.00939664888698441,0.3401,0.387886497601097,Not significant
E01000297,Barnet 027D,Barnet,children_and_adolescents,0.62917308153758,Not significant,-0.00976641355455022,0.4646,0.477022459893048,Not significant
E01000298,Barnet 023D,Barnet,children_and_adolescents,-0.76588872833322,Not significant,-0.104805975421481,0.2842,0.341368238691049,Not significant
E01000299,Barnet 019A,Barnet,children_and_adolescents,-0.287857601072824,Not significant,0.0487045375762085,0.2468,0.310490322580645,Not significant
E01000300,Barnet 019B,Barnet,children_and_adolescents,0.998115976050513,Not significant,-0.0695454974325613,0.3918,0.427231454783748,Not significant
E01000301,Barnet 020C,Barnet,children_and_adolescents,1.31187585893159,Not significant,0.424772837336741,0.0627,0.121884112149533,Not significant
E01000302,Barnet 019C,Barnet,children_and_adolescents,-0.447862571111645,Not significant,-0.0457527340189453,0.3646,0.407724731182796,Not significant
E01000303,Barnet 020D,Barnet,children_and_adolescents,1.19401404927978,Not significant,0.455956931339942,0.0593,0.117750835322196,Not significant
E01000304,Barnet 020E,Barnet,children_and_adolescents,0.479290194329799,Not significant,0.0655235630747606,0.313,0.365410664172124,Not significant
E01000305,Barnet 036B,Barnet,children_and_adolescents,-1.67633726866034,Not significant,-0.605861784119193,0.0347,0.0825261553120534,Not significant
E01000306,Barnet 036C,Barnet,children_and_adolescents,-0.832778988364839,Not significant,0.116487717979236,0.2906,0.346958317399618,Not significant
E01000307,Barnet 039D,Barnet,children_and_adolescents,0.175879211066618,Not significant,0.0380895501021247,0.1764,0.246387465025182,Not significant
E01000308,Barnet 036D,Barnet,children_and_adolescents,-1.8355361153895,Not significant,-0.0416401409754937,0.4782,0.485592839707079,Not significant
E01000309,Barnet 031D,Barnet,children_and_adolescents,0.269492690179967,Not significant,0.0113225366326138,0.4387,0.459599244491081,Not significant
E01000310,Barnet 034C,Barnet,children_and_adolescents,0.439312642833128,High-high mismatch cluster,0.219669666076146,0.0172,0.0506562831858407,Not significant
E01000311,Barnet 034D,Barnet,children_and_adolescents,2.40608501136516,High-high mismatch cluster,1.51895774881996,0.0064,0.0256205292702486,High-high mismatch cluster
E01000312,Barnet 036E,Barnet,children_and_adolescents,-0.119442009334013,Not significant,-0.00163979910640873,0.4925,0.494682807158657,Not significant
E01000313,Barnet 036F,Barnet,children_and_adolescents,-0.852988199490552,Not significant,0.192519803943116,0.1979,0.267076723438767,Not significant
E01000314,Barnet 032F,Barnet,children_and_adolescents,0.23130839213476,Not significant,0.0140394550791848,0.4205,0.4469099425165,Not significant
E01000315,Barnet 022F,Barnet,children_and_adolescents,-0.13797265119903,Not significant,-0.0132100065245551,0.3549,0.399562652232747,Not significant
E01000316,Barnet 027E,Barnet,children_and_adolescents,0.135471727024341,Not significant,0.00848911799615208,0.4098,0.438713617842591,Not significant
E01000317,Barnet 019D,Barnet,children_and_adolescents,0.0985931539895764,Not significant,-0.00452237265059084,0.4098,0.438713617842591,Not significant
E01000318,Barnet 019E,Barnet,children_and_adolescents,0.765400166492662,Not significant,0.0212846804483461,0.4709,0.481116004911993,Not significant
E01000319,Barnet 027F,Barnet,children_and_adolescents,0.621703085852991,Not significant,-0.0198888432113902,0.4378,0.459331147540984,Not significant
E01000320,Barnet 011D,Barnet,children_and_adolescents,0.25287035666528,Not significant,0.0370568565187574,0.3157,0.367702846476902,Not significant
E01000321,Barnet 012E,Barnet,children_and_adolescents,-0.864573929412978,Not significant,0.0523547331013001,0.3869,0.423832521395655,Not significant
E01000322,Barnet 011E,Barnet,children_and_adolescents,0.753026977785922,Not significant,-0.014344786005676,0.4597,0.474136859504132,Not significant
E01000323,Barnet 019F,Barnet,children_and_adolescents,-0.872721424092949,Not significant,-0.030510874743415,0.4653,0.477348458692972,Not significant
E01000324,Barnet 015F,Barnet,children_and_adolescents,0.467626963618915,Not significant,0.0403539513135216,0.3789,0.418651792828685,Not significant
E01000325,Bexley 014A,Bexley,children_and_adolescents,1.014049521881,Not significant,0.377525833573695,0.065,0.124992295839753,Not significant
E01000326,Bexley 014B,Bexley,children_and_adolescents,2.6527759658632,Not significant,1.01474493120122,0.0536,0.10948085106383,Not significant
E01000327,Bexley 017A,Bexley,children_and_adolescents,0.523726316442146,Not significant,0.0463612845460272,0.3867,0.423706409130817,Not significant
E01000328,Bexley 017B,Bexley,children_and_adolescents,0.847314997822388,Not significant,0.306520394578442,0.0326,0.0789353965183753,Not significant
E01000329,Bexley 017C,Bexley,children_and_adolescents,1.44819409009004,Not significant,0.451929333551636,0.1248,0.19478313027179,Not significant
E01000330,Bexley 017D,Bexley,children_and_adolescents,0.209287460276296,Not significant,0.0604514302737216,0.1235,0.193628140703518,Not significant
E01000331,Bexley 017E,Bexley,children_and_adolescents,1.27903979348924,Not significant,0.608117873216797,0.0241,0.06416384,Not significant
E01000332,Bexley 005A,Bexley,children_and_adolescents,0.376660791522708,High-high mismatch cluster,0.280815523324423,0.0002,0.00242330097087379,High-high mismatch cluster
E01000333,Bexley 003A,Bexley,children_and_adolescents,1.67849793013721,Not significant,0.902048620348624,0.0197,0.0557812819058423,Not significant
E01000334,Bexley 006A,Bexley,children_and_adolescents,2.17985086084437,High-high mismatch cluster,1.27030933348573,0.0077,0.0292307224334601,High-high mismatch cluster
E01000335,Bexley 003B,Bexley,children_and_adolescents,2.46354803487154,High-high mismatch cluster,1.23216202901032,0.0181,0.0525626527050611,Not significant
E01000336,Bexley 003C,Bexley,children_and_adolescents,2.34615558819446,High-high mismatch cluster,1.45716396423745,0.006,0.0244905968928863,High-high mismatch cluster
E01000337,Bexley 003D,Bexley,children_and_adolescents,2.33200258955376,High-high mismatch cluster,1.63042762298256,0.0064,0.0256205292702486,High-high mismatch cluster
E01000338,Bexley 003E,Bexley,children_and_adolescents,1.88129278278231,High-high mismatch cluster,1.34499186763039,0.0007,0.00557320574162679,High-high mismatch cluster
E01000339,Bexley 025A,Bexley,children_and_adolescents,1.89670919883796,High-high mismatch cluster,0.855542176495504,0.0143,0.0446998121477771,High-high mismatch cluster
E01000340,Bexley 018A,Bexley,children_and_adolescents,1.76820092054363,Not significant,0.745515124975029,0.041,0.0925280289330922,Not significant
E01000341,Bexley 022A,Bexley,children_and_adolescents,0.2968314037894,Not significant,0.124340285745106,0.0771,0.140110374954496,Not significant
E01000342,Bexley 022B,Bexley,children_and_adolescents,0.634669907297014,Not significant,0.283273824989101,0.0226,0.0616835429196282,Not significant
E01000343,Bexley 022C,Bexley,children_and_adolescents,0.611325887674107,Not significant,0.156501758984207,0.1548,0.225163636363636,Not significant
E01000344,Bexley 025B,Bexley,children_and_adolescents,1.70915930193148,Not significant,0.881941465068819,0.0374,0.0869589194224499,Not significant
E01000345,Bexley 022D,Bexley,children_and_adolescents,0.927519815066356,Not significant,0.311431542444801,0.0909,0.157123545706371,Not significant
E01000346,Bexley 021A,Bexley,children_and_adolescents,0.571594906255544,Not significant,0.188667162876328,0.1383,0.209210181818182,Not significant
E01000347,Bexley 021B,Bexley,children_and_adolescents,0.780284469736598,Not significant,0.256465103843331,0.1094,0.178647301275761,Not significant
E01000348,Bexley 020A,Bexley,children_and_adolescents,1.83613188115639,Not significant,0.779625307987213,0.0795,0.143117201586729,Not significant
E01000349,Bexley 020B,Bexley,children_and_adolescents,1.59118042441569,High-high mismatch cluster,0.725462362526841,0.0088,0.0318792452830189,High-high mismatch cluster
E01000350,Bexley 021C,Bexley,children_and_adolescents,0.00333395398018932,Not significant,0.000845716853751366,0.1399,0.210800120736493,Not significant
E01000351,Bexley 024A,Bexley,children_and_adolescents,0.978992280336834,Not significant,0.328307042938245,0.0774,0.1404,Not significant
E01000352,Bexley 021D,Bexley,children_and_adolescents,1.7406018206627,High-high mismatch cluster,1.01390557356732,0.0017,0.0105421118012422,High-high mismatch cluster
E01000353,Bexley 011A,Bexley,children_and_adolescents,0.216240249095522,Not significant,0.0395882665365156,0.2304,0.296738080495356,Not significant
E01000354,Bexley 011B,Bexley,children_and_adolescents,0.741203689553672,Not significant,0.197369821440492,0.2006,0.269554562584118,Not significant
E01000355,Bexley 011C,Bexley,children_and_adolescents,-0.56774454877107,Not significant,-0.104217038882563,0.2222,0.289538606108066,Not significant
E01000356,Bexley 009A,Bexley,children_and_adolescents,1.05998518277322,Not significant,0.294311264735503,0.1331,0.203502358346095,Not significant
E01000357,Bexley 009B,Bexley,children_and_adolescents,1.2082143400753,Not significant,0.501199841829449,0.0433,0.095643185840708,Not significant
E01000358,Bexley 011D,Bexley,children_and_adolescents,0.265716772016724,Not significant,0.0455005776203855,0.2534,0.31640140070035,Not significant
E01000359,Bexley 009C,Bexley,children_and_adolescents,1.28416166165491,Not significant,0.494478439940164,0.0258,0.067010197710718,Not significant
E01000360,Bexley 015A,Bexley,children_and_adolescents,0.349778247191885,Not significant,0.105716656196207,0.1159,0.185856986829425,Not significant
E01000361,Bexley 020C,Bexley,children_and_adolescents,1.79410898682422,Not significant,0.792004283180597,0.0347,0.0825261553120534,Not significant
E01000362,Bexley 015B,Bexley,children_and_adolescents,-0.141130273123438,Not significant,-0.0550095323487027,0.0533,0.109046557377049,Not significant
E01000363,Bexley 020D,Bexley,children_and_adolescents,1.32983741071943,Not significant,0.555336998746597,0.0613,0.120097959183673,Not significant
E01000364,Bexley 023A,Bexley,children_and_adolescents,1.9445889481928,Not significant,0.588643339452354,0.0932,0.160046233230134,Not significant
E01000365,Bexley 015C,Bexley,children_and_adolescents,0.909932565702008,Not significant,0.0493305366090101,0.4218,0.447814887282008,Not significant
E01000366,Bexley 015D,Bexley,children_and_adolescents,0.36858524264867,Not significant,0.0871295772212829,0.1976,0.266888311688312,Not significant
E01000367,Bexley 010A,Bexley,children_and_adolescents,2.50979315849215,High-high mismatch cluster,1.89450511556811,0.0001,0.00156,High-high mismatch cluster
E01000368,Bexley 010B,Bexley,children_and_adolescents,2.78849661003342,High-high mismatch cluster,1.74158329853813,0.0139,0.0438891840607211,High-high mismatch cluster
E01000369,Bexley 014C,Bexley,children_and_adolescents,0.0299612859961472,High-high mismatch cluster,0.0174342522490569,0.0038,0.018328115942029,High-high mismatch cluster
E01000370,Bexley 014D,Bexley,children_and_adolescents,-0.390167508730955,Not significant,-0.159536455831822,0.034,0.0814433781190019,Not significant
E01000371,Bexley 014E,Bexley,children_and_adolescents,2.08279104315183,High-high mismatch cluster,1.05989393662936,0.0166,0.0496508088675854,High-high mismatch cluster
E01000372,Bexley 010C,Bexley,children_and_adolescents,1.35785359097812,Not significant,0.608778452522001,0.0447,0.0976980735551663,Not significant
E01000373,Bexley 008A,Bexley,children_and_adolescents,3.65010177300823,High-high mismatch cluster,2.85330179248386,0.0072,0.0277976798143852,High-high mismatch cluster
E01000374,Bexley 019A,Bexley,children_and_adolescents,2.68182553996813,High-high mismatch cluster,1.74646312489144,0.0041,0.0192180281690141,High-high mismatch cluster
E01000375,Bexley 019B,Bexley,children_and_adolescents,2.47374222196857,Not significant,1.25115866726689,0.0419,0.0939222272114953,Not significant
E01000376,Bexley 019C,Bexley,children_and_adolescents,0.420496121438663,High-high mismatch cluster,0.212412989220281,0.0168,0.0499794994040524,High-high mismatch cluster
E01000377,Bexley 019D,Bexley,children_and_adolescents,0.308442358021984,Not significant,0.0942144655700411,0.1633,0.234049267872524,Not significant
E01000379,Bexley 019F,Bexley,children_and_adolescents,1.06268975746713,Not significant,0.594151279794726,0.0486,0.102888549618321,Not significant
E01000380,Bexley 010D,Bexley,children_and_adolescents,0.530491621147679,High-high mismatch cluster,0.393686683046559,0.0006,0.0050255033557047,High-high mismatch cluster
E01000381,Bexley 028A,Bexley,children_and_adolescents,2.18491549964175,Not significant,1.08400656973829,0.0306,0.0758843517138599,Not significant
E01000382,Bexley 027A,Bexley,children_and_adolescents,1.65101372611357,Not significant,0.48102428600768,0.0842,0.148893517534538,Not significant
E01000383,Bexley 028B,Bexley,children_and_adolescents,1.56881214009244,High-high mismatch cluster,0.984255185940549,0.0029,0.0152387368421053,High-high mismatch cluster
E01000384,Bexley 027B,Bexley,children_and_adolescents,0.170119120898059,Not significant,0.0324871050937647,0.2837,0.340931728454502,Not significant
E01000385,Bexley 028C,Bexley,children_and_adolescents,1.64521327615269,Not significant,0.567397190263577,0.132,0.202130061349693,Not significant
E01000386,Bexley 028D,Bexley,children_and_adolescents,0.0699433861729602,Not significant,0.0292902287922364,0.0414,0.0930102610261026,Not significant
E01000387,Bexley 027C,Bexley,children_and_adolescents,1.51041291232438,High-high mismatch cluster,0.830059122478119,0.0106,0.036119590443686,High-high mismatch cluster
E01000388,Bexley 016A,Bexley,children_and_adolescents,0.651111754206981,High-high mismatch cluster,0.381644355676247,0.0054,0.0228835314091681,High-high mismatch cluster
E01000389,Bexley 020E,Bexley,children_and_adolescents,0.848105510569297,High-high mismatch cluster,0.430867969380066,0.0159,0.0480174228675136,High-high mismatch cluster
E01000390,Bexley 020F,Bexley,children_and_adolescents,2.35465528585383,High-high mismatch cluster,1.3966508527208,0.0049,0.0213631441048035,High-high mismatch cluster
E01000391,Bexley 021E,Bexley,children_and_adolescents,2.81363767166579,High-high mismatch cluster,1.60478396608973,0.0068,0.0267709779179811,High-high mismatch cluster
E01000392,Bexley 016B,Bexley,children_and_adolescents,1.51307521688357,Not significant,0.592115122191989,0.0552,0.111607290400972,Not significant
E01000393,Bexley 020G,Bexley,children_and_adolescents,1.22134269619895,Not significant,0.52457140111179,0.0359,0.084614164305949,Not significant
E01000394,Bexley 015E,Bexley,children_and_adolescents,0.551827246479022,Not significant,0.203521781541731,0.0493,0.103842025316456,Not significant
E01000395,Bexley 018B,Bexley,children_and_adolescents,0.283645755562444,Not significant,0.104972301900204,0.1199,0.189711822503962,Not significant
E01000396,Bexley 018C,Bexley,children_and_adolescents,1.42078353338826,Not significant,0.375059239443239,0.1282,0.198380161190329,Not significant
E01000398,Bexley 029A,Bexley,children_and_adolescents,0.894249791359386,Not significant,0.187530703367282,0.1835,0.253327433628319,Not significant
E01000399,Bexley 029B,Bexley,children_and_adolescents,0.319320858653291,Not significant,0.0722888941754442,0.2132,0.281633871394549,Not significant
E01000400,Bexley 029C,Bexley,children_and_adolescents,0.256068669030371,Not significant,0.093895002525649,0.0936,0.160457142857143,Not significant
E01000401,Bexley 013A,Bexley,children_and_adolescents,2.04622143259839,Not significant,0.751402484660202,0.0687,0.129561919153759,Not significant
E01000402,Bexley 005B,Bexley,children_and_adolescents,1.61166749899666,Not significant,0.664047970417414,0.0463,0.0997107851596204,Not significant
E01000403,Bexley 004A,Bexley,children_and_adolescents,1.54659063239169,High-high mismatch cluster,1.51845687287171,0.0001,0.00156,High-high mismatch cluster
E01000404,Bexley 004B,Bexley,children_and_adolescents,4.68124633216899,Not significant,3.61898361809685,0.0229,0.062230157866086,Not significant
E01000405,Bexley 004C,Bexley,children_and_adolescents,2.55374342813021,High-high mismatch cluster,2.56282169151682,0.0002,0.00242330097087379,High-high mismatch cluster
E01000406,Bexley 005C,Bexley,children_and_adolescents,2.26490782565843,High-high mismatch cluster,1.33921410445791,0.0057,0.0236332225913621,High-high mismatch cluster
E01000407,Bexley 005D,Bexley,children_and_adolescents,1.16768570092249,High-high mismatch cluster,0.626730568852666,0.0129,0.0415731439638476,High-high mismatch cluster
E01000408,Bexley 004D,Bexley,children_and_adolescents,2.15290805167734,High-high mismatch cluster,1.55430041154031,0.0046,0.0204845673505798,High-high mismatch cluster
E01000409,Bexley 016C,Bexley,children_and_adolescents,1.65036270138643,Not significant,0.638942056738958,0.0784,0.141647774158523,Not significant
E01000410,Bexley 018D,Bexley,children_and_adolescents,0.0496440236786999,Not significant,0.0221858879224472,0.0657,0.125757055214724,Not significant
E01000411,Bexley 016D,Bexley,children_and_adolescents,1.24610975959833,Not significant,0.584462758025058,0.0388,0.0891756906077348,Not significant
E01000412,Bexley 018E,Bexley,children_and_adolescents,1.81136183228988,Not significant,0.710994201632158,0.0401,0.0912393801276208,Not significant
E01000413,Bexley 018F,Bexley,children_and_adolescents,1.43322171695465,High-high mismatch cluster,0.667493567481705,0.0064,0.0256205292702486,High-high mismatch cluster
E01000414,Bexley 016E,Bexley,children_and_adolescents,0.150060196576048,Not significant,0.0574108038160585,0.0361,0.0849652050919378,Not significant
E01000415,Bexley 016F,Bexley,children_and_adolescents,0.273723073853243,Not significant,0.108759466395137,0.0531,0.10886045174538,Not significant
E01000416,Bexley 002A,Bexley,children_and_adolescents,0.136619522810323,Not significant,0.063367556324092,0.038,0.0879851576994434,Not significant
E01000417,Bexley 006B,Bexley,children_and_adolescents,1.47827566256452,Not significant,0.569906192004026,0.0312,0.076762148841794,Not significant
E01000418,Bexley 002B,Bexley,children_and_adolescents,1.00964745142968,High-high mismatch cluster,0.484112264508702,0.0101,0.0350376650451703,High-high mismatch cluster
E01000419,Bexley 006C,Bexley,children_and_adolescents,0.82822755247382,High-high mismatch cluster,0.435993163145951,0.013,0.0417337620578778,High-high mismatch cluster
E01000420,Bexley 006D,Bexley,children_and_adolescents,0.893734082104426,High-high mismatch cluster,0.51645756332953,0.006,0.0244905968928863,High-high mismatch cluster
E01000421,Bexley 009D,Bexley,children_and_adolescents,1.23689398477248,Not significant,0.556237742778267,0.0423,0.0942685714285714,Not significant
E01000422,Bexley 002C,Bexley,children_and_adolescents,0.971684556773118,Not significant,0.295717557009487,0.0948,0.16151590443686,Not significant
E01000423,Bexley 025C,Bexley,children_and_adolescents,1.04519658602327,High-high mismatch cluster,0.566957754187832,0.0072,0.0277976798143852,High-high mismatch cluster
E01000424,Bexley 026A,Bexley,children_and_adolescents,-0.643413904458136,Not significant,-0.118663496915131,0.2325,0.298339979445015,Not significant
E01000425,Bexley 025D,Bexley,children_and_adolescents,1.74760807565701,Not significant,0.402548235310565,0.1847,0.254351006896552,Not significant
E01000426,Bexley 026B,Bexley,children_and_adolescents,1.00254634597776,Not significant,0.401847156601605,0.0677,0.128354880364603,Not significant
E01000427,Bexley 026C,Bexley,children_and_adolescents,1.31252708063084,Not significant,0.369165398739943,0.1587,0.228836048526863,Not significant
E01000428,Bexley 027D,Bexley,children_and_adolescents,0.614603628371847,Not significant,0.079309269516253,0.2871,0.343858733205374,Not significant
E01000429,Bexley 008B,Bexley,children_and_adolescents,3.08707522396962,High-high mismatch cluster,2.95597028869656,0.0002,0.00242330097087379,High-high mismatch cluster
E01000430,Bexley 008C,Bexley,children_and_adolescents,3.47477846091972,High-high mismatch cluster,4.04795142187529,0.0001,0.00156,High-high mismatch cluster
E01000431,Bexley 008D,Bexley,children_and_adolescents,2.16280863749861,High-high mismatch cluster,2.1431813978989,0.0001,0.00156,High-high mismatch cluster
E01000433,Bexley 008F,Bexley,children_and_adolescents,2.47634165278425,High-high mismatch cluster,2.24776965528872,0.0003,0.0031661733615222,High-high mismatch cluster
E01000434,Bexley 008G,Bexley,children_and_adolescents,3.20774753038673,High-high mismatch cluster,2.8152586279792,0.0001,0.00156,High-high mismatch cluster
E01000435,Bexley 010E,Bexley,children_and_adolescents,2.00306914202638,High-high mismatch cluster,1.7872071289376,0.0001,0.00156,High-high mismatch cluster
E01000436,Bexley 011E,Bexley,children_and_adolescents,1.16276282934999,Not significant,0.400099150944044,0.1035,0.172051948051948,Not significant
E01000437,Bexley 007A,Bexley,children_and_adolescents,-0.116299037825815,Not significant,-0.0558809462330676,0.0348,0.0826851975249881,Not significant
E01000438,Bexley 007B,Bexley,children_and_adolescents,1.06893284919012,Not significant,0.419536424495222,0.0741,0.136597932053176,Not significant
E01000439,Bexley 007C,Bexley,children_and_adolescents,0.692096555724819,Not significant,0.285653783450342,0.0604,0.118894637223975,Not significant
E01000440,Bexley 007D,Bexley,children_and_adolescents,0.0312296795063659,Not significant,0.0084514039338986,0.1447,0.215303248882265,Not significant
E01000441,Bexley 007E,Bexley,children_and_adolescents,1.85057442690632,Not significant,0.0743988134905381,0.4484,0.466336,Not significant
E01000442,Bexley 006E,Bexley,children_and_adolescents,1.7954661711654,Not significant,0.581695989696978,0.0657,0.125757055214724,Not significant
E01000443,Bexley 024B,Bexley,children_and_adolescents,1.00053953320676,Not significant,0.381410629317127,0.1077,0.176738461538462,Not significant
E01000444,Bexley 023B,Bexley,children_and_adolescents,1.88545120961428,Not significant,0.871725876275317,0.0602,0.118688151658768,Not significant
E01000445,Bexley 024C,Bexley,children_and_adolescents,0.948113132984043,Not significant,0.345441193788595,0.0654,0.125423280829812,Not significant
E01000446,Bexley 024D,Bexley,children_and_adolescents,0.194117906755189,Not significant,0.0834416984245203,0.0258,0.067010197710718,Not significant
E01000447,Bexley 023C,Bexley,children_and_adolescents,0.666616010538686,Not significant,0.284716136875871,0.0286,0.0721431025770591,Not significant
E01000448,Bexley 023D,Bexley,children_and_adolescents,0.242729030157865,Not significant,0.0520520899945118,0.2236,0.29083147472642,Not significant
E01000449,Bexley 023E,Bexley,children_and_adolescents,-0.552915250471957,Not significant,-0.231787307582064,0.0811,0.144952094522019,Not significant
E01000450,Bexley 009E,Bexley,children_and_adolescents,1.65756479483583,Not significant,0.658456835281853,0.0523,0.107840396530359,Not significant
E01000451,Bexley 009F,Bexley,children_and_adolescents,1.219225004541,Not significant,0.449829814991078,0.0633,0.122763636363636,Not significant
E01000452,Bexley 009G,Bexley,children_and_adolescents,1.0816976767857,Not significant,0.490085009052279,0.0307,0.0760190476190476,Not significant
E01000453,Bexley 013B,Bexley,children_and_adolescents,0.438553790867822,Not significant,0.204008771650395,0.0418,0.0937822921348315,Not significant
E01000454,Bexley 013C,Bexley,children_and_adolescents,1.15636243332931,Not significant,0.56433681673787,0.0341,0.081565500718735,Not significant
E01000455,Bexley 013D,Bexley,children_and_adolescents,1.31131872280338,Not significant,0.640939226596927,0.0206,0.0577077441077441,Not significant
E01000456,Bexley 013E,Bexley,children_and_adolescents,1.40325268276286,Not significant,0.556644136766374,0.0681,0.128722150700492,Not significant
E01000457,Bexley 026D,Bexley,children_and_adolescents,-1.00186400291244,Not significant,0.0714270298557767,0.38,0.419310344827586,Not significant
E01000458,Bexley 027E,Bexley,children_and_adolescents,0.132372825105449,Not significant,0.00989662487384295,0.4051,0.435550118457894,Not significant
E01000459,Bexley 027F,Bexley,children_and_adolescents,-0.306255286857314,Not significant,-0.0361819387954986,0.3402,0.387911923252627,Not significant
E01000460,Bexley 022E,Bexley,children_and_adolescents,0.489402334745889,Not significant,0.146602862929279,0.0928,0.159469053356282,Not significant
E01000461,Bexley 024E,Bexley,children_and_adolescents,1.39237345331108,Not significant,0.342183663950258,0.1247,0.19471454488583,Not significant
E01000462,Bexley 026E,Bexley,children_and_adolescents,-0.741019264725697,Not significant,-0.128649451933151,0.2301,0.296581254841208,Not significant
E01000463,Bexley 025E,Bexley,children_and_adolescents,1.10647175522558,Not significant,0.353764190436895,0.1485,0.218999113737075,Not significant
E01000464,Bexley 002D,Bexley,children_and_adolescents,0.181068941254231,Not significant,0.0542600758506552,0.168,0.238797266514806,Not significant
E01000465,Bexley 002E,Bexley,children_and_adolescents,0.54960256401739,Not significant,0.275634891253014,0.0283,0.0715309367088608,Not significant
E01000466,Bexley 001A,Bexley,children_and_adolescents,0.652613204019799,High-high mismatch cluster,0.382196493689979,0.0042,0.0195764705882353,High-high mismatch cluster
E01000467,Bexley 001B,Bexley,children_and_adolescents,1.59468773066897,High-high mismatch cluster,1.22708651102404,0.0026,0.0139711517761033,High-high mismatch cluster
E01000468,Bexley 001C,Bexley,children_and_adolescents,4.1048261732785,Not significant,2.24027790439862,0.0513,0.106526455906822,Not significant
E01000469,Bexley 001D,Bexley,children_and_adolescents,2.09497533827833,High-high mismatch cluster,1.27172372729216,0.0047,0.0208740213523132,High-high mismatch cluster
E01000470,Bexley 002F,Bexley,children_and_adolescents,0.509834493345108,High-high mismatch cluster,0.295484507967934,0.0103,0.0354115702479339,High-high mismatch cluster
E01000471,Brent 026A,Brent,children_and_adolescents,0.925071900530128,Not significant,0.362102715137271,0.0751,0.137982775119617,Not significant
E01000472,Brent 029A,Brent,children_and_adolescents,0.47890729021651,Not significant,0.178398671819052,0.0503,0.105326174496644,Not significant
E01000473,Brent 029B,Brent,children_and_adolescents,0.331630418640028,Not significant,0.104237731819127,0.1029,0.171282694231411,Not significant
E01000474,Brent 026B,Brent,children_and_adolescents,1.80911048818306,Not significant,0.554483810183036,0.0867,0.152075333801827,Not significant
E01000475,Brent 029C,Brent,children_and_adolescents,0.697617082077826,Not significant,0.189775878962789,0.1043,0.173093617021277,Not significant
E01000476,Brent 026C,Brent,children_and_adolescents,0.510260844521082,Not significant,0.210757554742268,0.0656,0.125710249520154,Not significant
E01000477,Brent 026D,Brent,children_and_adolescents,1.32887593808354,Not significant,0.452545216757653,0.0665,0.126608695652174,Not significant
E01000478,Brent 029D,Brent,children_and_adolescents,1.08501905909795,Not significant,0.229606268557629,0.2569,0.319413399750934,Not significant
E01000479,Brent 009A,Brent,children_and_adolescents,-0.189174257918401,Not significant,-0.087727542664976,0.0411,0.0926280812641084,Not significant
E01000480,Brent 006A,Brent,children_and_adolescents,1.15519677642751,Not significant,0.505269801636297,0.0379,0.0878350974930362,Not significant
E01000481,Brent 009B,Brent,children_and_adolescents,2.72290166984985,Not significant,0.77798781067069,0.1267,0.196729828926905,Not significant
E01000483,Brent 009D,Brent,children_and_adolescents,0.640346754913552,Not significant,0.140460169108015,0.1988,0.267784565569347,Not significant
E01000484,Brent 006B,Brent,children_and_adolescents,1.05120314269055,Not significant,0.295162746365362,0.1558,0.225828571428571,Not significant
E01000485,Brent 006C,Brent,children_and_adolescents,0.662614606168491,Not significant,0.179947289005553,0.1604,0.230621198156682,Not significant
E01000486,Brent 006D,Brent,children_and_adolescents,1.84001951681809,High-high mismatch cluster,0.836753532570314,0.0205,0.0575568053993251,Not significant
E01000487,Brent 006E,Brent,children_and_adolescents,0.663243886898753,Not significant,0.158537262874127,0.1556,0.225735309503051,Not significant
E01000488,Brent 022A,Brent,children_and_adolescents,-1.43316485476564,Not significant,0.476340230141141,0.1112,0.180641197526847,Not significant
E01000489,Brent 030A,Brent,children_and_adolescents,-1.09790556048634,Not significant,0.249471485182044,0.1904,0.259977242888403,Not significant
E01000490,Brent 023A,Brent,children_and_adolescents,-1.35558698483884,Low-low surplus cluster,0.63953684979269,0.0241,0.06416384,Not significant
E01000491,Brent 030B,Brent,children_and_adolescents,0.281599405949101,Not significant,-0.0624079889785932,0.1718,0.242267118644068,Not significant
E01000492,Brent 030C,Brent,children_and_adolescents,-0.118479740708806,Not significant,0.0309586631365229,0.1795,0.249322203672788,Not significant
E01000493,Brent 030D,Brent,children_and_adolescents,-0.620425598300902,Not significant,0.0330825714548808,0.4204,0.446898807495741,Not significant
E01000494,Brent 023B,Brent,children_and_adolescents,-0.120009283910616,Not significant,0.0341698181226253,0.1483,0.218898166765228,Not significant
E01000495,Brent 023C,Brent,children_and_adolescents,-1.12006779552349,Not significant,0.247684253822791,0.1854,0.254890173410405,Not significant
E01000497,Brent 011A,Brent,children_and_adolescents,-0.404396646150286,Low-high spatial outlier,-0.203663591137329,0.0167,0.0498007168458781,Low-high spatial outlier
E01000498,Brent 010B,Brent,children_and_adolescents,3.02882981892144,High-high mismatch cluster,2.06507692951941,0.0027,0.0143387234042553,High-high mismatch cluster
E01000499,Brent 011B,Brent,children_and_adolescents,3.21153032815679,High-high mismatch cluster,1.85075357487886,0.0032,0.016350460593654,High-high mismatch cluster
E01000501,Brent 011C,Brent,children_and_adolescents,2.72793257134223,High-high mismatch cluster,1.80857281598748,0.0098,0.0343791988756149,High-high mismatch cluster
E01000502,Brent 011D,Brent,children_and_adolescents,3.42457925997868,High-high mismatch cluster,2.49539351892131,0.0006,0.0050255033557047,High-high mismatch cluster
E01000503,Brent 011E,Brent,children_and_adolescents,0.801463569355495,High-high mismatch cluster,0.430781879789202,0.0075,0.028645753634277,High-high mismatch cluster
E01000504,Brent 018A,Brent,children_and_adolescents,1.61966274113217,Not significant,-0.0837135655119561,0.4113,0.439847814910026,Not significant
E01000505,Brent 018B,Brent,children_and_adolescents,1.34458422862885,Not significant,0.183900273915153,0.3266,0.376359002770083,Not significant
E01000506,Brent 014A,Brent,children_and_adolescents,1.10925321966084,Not significant,0.394243856777201,0.0586,0.116546294820717,Not significant
E01000507,Brent 018C,Brent,children_and_adolescents,1.00226271488014,Not significant,0.423313359708751,0.0296,0.0738446776611694,Not significant
E01000508,Brent 025A,Brent,children_and_adolescents,1.00880773208351,Not significant,0.274127623720548,0.1587,0.228836048526863,Not significant
E01000509,Brent 014B,Brent,children_and_adolescents,1.03750033234405,High-high mismatch cluster,0.646576061886417,0.0159,0.0480174228675136,High-high mismatch cluster
E01000510,Brent 014C,Brent,children_and_adolescents,1.0169568071852,High-high mismatch cluster,0.552301393488088,0.0117,0.0388857523302264,High-high mismatch cluster
E01000511,Brent 014D,Brent,children_and_adolescents,1.26489732896875,Not significant,0.59054780361193,0.022,0.0603760307861462,Not significant
E01000512,Brent 018D,Brent,children_and_adolescents,0.755379000961348,Not significant,0.295353480664984,0.0696,0.130716027088036,Not significant
E01000513,Brent 002A,Brent,children_and_adolescents,0.227341738129607,Not significant,0.0603888307278321,0.1712,0.241694117647059,Not significant
E01000514,Brent 002B,Brent,children_and_adolescents,1.41347545545401,Not significant,0.340143743942141,0.1963,0.265779658258747,Not significant
E01000515,Brent 003A,Brent,children_and_adolescents,1.12556078573986,Not significant,0.398752723495688,0.0729,0.134933926585095,Not significant
E01000516,Brent 002C,Brent,children_and_adolescents,0.478103747358056,Not significant,0.0877543298260355,0.1931,0.262158063638836,Not significant
E01000517,Brent 003B,Brent,children_and_adolescents,0.888551622606787,Not significant,0.373184000142874,0.0382,0.0881212569316081,Not significant
E01000518,Brent 005A,Brent,children_and_adolescents,0.669437280131188,Not significant,0.155551317033175,0.137,0.207684178560583,Not significant
E01000519,Brent 005B,Brent,children_and_adolescents,1.29952799390159,High-high mismatch cluster,0.661635978371232,0.0074,0.0283941583397387,High-high mismatch cluster
E01000520,Brent 002D,Brent,children_and_adolescents,0.691657645734185,Not significant,0.115788246660383,0.2625,0.323715415019763,Not significant
E01000521,Brent 025B,Brent,children_and_adolescents,0.109497057175951,Not significant,0.00155899402016311,0.4799,0.486428588832487,Not significant
E01000522,Brent 025C,Brent,children_and_adolescents,1.1041690685759,Not significant,0.0456853463309805,0.4468,0.464865694039183,Not significant
E01000523,Brent 031A,Brent,children_and_adolescents,-0.319609059972293,Not significant,0.0012454422162984,0.4823,0.488167396593674,Not significant
E01000524,Brent 031B,Brent,children_and_adolescents,-0.713382665825587,Not significant,0.216227302562998,0.1205,0.190299272382158,Not significant
E01000525,Brent 031C,Brent,children_and_adolescents,-0.531425488293131,Not significant,0.0342103971132687,0.394,0.428880941997383,Not significant
E01000526,Brent 025D,Brent,children_and_adolescents,-0.0505613512950973,Not significant,-0.0113993601551318,0.2394,0.303629268292683,Not significant
E01000527,Brent 025E,Brent,children_and_adolescents,0.306644934307307,Not significant,0.0607211698264878,0.2014,0.270265806451613,Not significant
E01000528,Brent 025F,Brent,children_and_adolescents,0.326751560247986,Not significant,0.0623992477268422,0.2485,0.31223559023408,Not significant
E01000530,Brent 033A,Brent,children_and_adolescents,-0.295409171987502,Not significant,0.0780312968024685,0.1355,0.206035942735303,Not significant
E01000531,Brent 033B,Brent,children_and_adolescents,-1.70521783639374,Not significant,0.661270973813975,0.1087,0.177911606557377,Not significant
E01000532,Brent 033C,Brent,children_and_adolescents,-1.25004797993285,Not significant,0.467002872753686,0.0547,0.111046116307442,Not significant
E01000533,Brent 031E,Brent,children_and_adolescents,-0.857317660503992,Not significant,0.130845398233161,0.2573,0.319637014925373,Not significant
E01000534,Brent 033D,Brent,children_and_adolescents,0.0486853188098867,Not significant,-0.0115835640783686,0.2198,0.287160847945564,Not significant
E01000535,Brent 031F,Brent,children_and_adolescents,-1.30181788371209,Not significant,0.511768380190713,0.0513,0.106526455906822,Not significant
E01000536,Brent 004A,Brent,children_and_adolescents,-1.12984987102961,Not significant,0.0113484379826908,0.4794,0.486119195612431,Not significant
E01000538,Brent 004B,Brent,children_and_adolescents,0.942041661721019,Not significant,-0.0567838061644825,0.4004,0.432546375243454,Not significant
E01000539,Brent 004C,Brent,children_and_adolescents,0.407539393893271,Not significant,0.0612021122502944,0.2859,0.342750432276657,Not significant
E01000540,Brent 004D,Brent,children_and_adolescents,0.310039330209042,Not significant,0.0588035021235456,0.2274,0.293859901630857,Not significant
E01000541,Brent 004E,Brent,children_and_adolescents,-0.0267328104793878,Not significant,-0.00124311413319715,0.4385,0.459599244491081,Not significant
E01000543,Brent 003E,Brent,children_and_adolescents,0.69250841187104,Not significant,0.143757775621598,0.2351,0.300081615954999,Not significant
E01000544,Brent 034A,Brent,children_and_adolescents,-1.16869753136817,Low-low surplus cluster,0.850051736843718,0.0024,0.013312,Low-low surplus cluster
E01000545,Brent 028A,Brent,children_and_adolescents,-1.88996796391334,Low-low surplus cluster,1.10758925896629,0.0128,0.041277519379845,Low-low surplus cluster
E01000546,Brent 028B,Brent,children_and_adolescents,-1.97473606493454,Not significant,0.869403735950628,0.0813,0.145101751877011,Not significant
E01000547,Brent 028C,Brent,children_and_adolescents,-0.849945978973446,Low-low surplus cluster,0.458893598570123,0.03,0.0746932668329177,Not significant
E01000548,Brent 028D,Brent,children_and_adolescents,-1.66265889031238,Low-low surplus cluster,1.12087084142652,0.0032,0.016350460593654,Low-low surplus cluster
E01000549,Brent 028E,Brent,children_and_adolescents,-1.0547981915591,Low-low surplus cluster,0.608256463289247,0.0134,0.0427157088122605,Low-low surplus cluster
E01000550,Brent 034B,Brent,children_and_adolescents,-2.81087538542718,Low-low surplus cluster,1.57673180435521,0.015,0.0461937075879087,Low-low surplus cluster
E01000551,Brent 034C,Brent,children_and_adolescents,-1.71982646443712,Low-low surplus cluster,1.06441394293555,0.0049,0.0213631441048035,Low-low surplus cluster
E01000552,Brent 034D,Brent,children_and_adolescents,-0.686072364475101,Low-low surplus cluster,0.500378695693539,0.0058,0.0239285950413223,Low-low surplus cluster
E01000553,Brent 015A,Brent,children_and_adolescents,0.150728623037312,Not significant,-0.0332973318932384,0.2159,0.284297757847534,Not significant
E01000554,Brent 015B,Brent,children_and_adolescents,1.21023747563092,Not significant,0.0940214860599446,0.3878,0.424352827707146,Not significant
E01000555,Brent 015C,Brent,children_and_adolescents,1.10274536178118,Not significant,0.0772957605770669,0.4136,0.441645176470588,Not significant
E01000556,Brent 015D,Brent,children_and_adolescents,-2.02209777889985,Not significant,0.984466341267989,0.0443,0.0972068571428571,Not significant
E01000557,Brent 015E,Brent,children_and_adolescents,-1.80799919407159,Not significant,0.333845176480444,0.2269,0.29349494949495,Not significant
E01000558,Brent 015F,Brent,children_and_adolescents,-1.27868238945848,Not significant,0.602169888439292,0.0477,0.101456497656583,Not significant
E01000559,Brent 018E,Brent,children_and_adolescents,-1.05804690511582,Not significant,0.0731387239352485,0.3906,0.426202229508197,Not significant
E01000560,Brent 023D,Brent,children_and_adolescents,0.169668838986374,Not significant,-0.0717906078080511,0.0398,0.0906807850296668,Not significant
E01000561,Brent 023E,Brent,children_and_adolescents,-0.479132527824952,Low-low surplus cluster,0.243368303224831,0.0172,0.0506562831858407,Not significant
E01000562,Brent 008A,Brent,children_and_adolescents,-1.3390520241384,Not significant,-0.177196271747009,0.3139,0.366290042075736,Not significant
E01000563,Brent 008B,Brent,children_and_adolescents,-0.0322825409874058,Not significant,-0.00209597272786345,0.4016,0.433467502702703,Not significant
E01000564,Brent 013A,Brent,children_and_adolescents,1.59770883516572,Not significant,0.506243085882988,0.1026,0.17101141903172,Not significant
E01000565,Brent 013B,Brent,children_and_adolescents,0.561053731282334,Not significant,0.0975056247941022,0.2601,0.321550074294205,Not significant
E01000566,Brent 008C,Brent,children_and_adolescents,0.306550542727071,Not significant,0.10640024252873,0.0952,0.162086766712142,Not significant
E01000567,Brent 016A,Brent,children_and_adolescents,0.87795724497097,Not significant,0.0207499167724971,0.4845,0.48979829890644,Not significant
E01000568,Brent 008D,Brent,children_and_adolescents,0.131538544814364,Not significant,0.00344537079035648,0.4519,0.468901434213261,Not significant
E01000569,Brent 008E,Brent,children_and_adolescents,-0.852802896487222,Not significant,-0.233054174269725,0.1581,0.228300607463118,Not significant
E01000570,Brent 012A,Brent,children_and_adolescents,0.0671297787736013,High-high mismatch cluster,0.0374046655107102,0.0168,0.0499794994040524,High-high mismatch cluster
E01000571,Brent 012B,Brent,children_and_adolescents,-0.259279319203158,Not significant,-0.0618290651310064,0.1374,0.208037852593267,Not significant
E01000572,Brent 007A,Brent,children_and_adolescents,2.49677029274234,Not significant,0.0906415145883289,0.4566,0.472012259266929,Not significant
E01000573,Brent 007B,Brent,children_and_adolescents,0.173195496972132,Not significant,0.0484744068669935,0.1297,0.199649213691027,Not significant
E01000574,Brent 007C,Brent,children_and_adolescents,0.720599933446067,Not significant,0.233540210085046,0.0893,0.155271891327064,Not significant
E01000575,Brent 007D,Brent,children_and_adolescents,-0.137744608025292,Not significant,-0.0417088905377162,0.1105,0.179738025415445,Not significant
E01000576,Brent 012C,Brent,children_and_adolescents,0.339100693148461,Not significant,0.0403205063705173,0.3486,0.394426835902085,Not significant
E01000577,Brent 007E,Brent,children_and_adolescents,3.17321214372388,Not significant,0.469565202834763,0.2688,0.329369072164949,Not significant
E01000578,Brent 012D,Brent,children_and_adolescents,0.157325063220358,Not significant,0.00277404646442359,0.4729,0.482468179031269,Not significant
E01000579,Brent 032A,Brent,children_and_adolescents,-1.08849209057028,Not significant,0.600344196186676,0.0417,0.0936,Not significant
E01000580,Brent 032B,Brent,children_and_adolescents,-0.572335384157724,Not significant,0.18928551326916,0.0807,0.144519383733429,Not significant
E01000581,Brent 030E,Brent,children_and_adolescents,-0.223488540123581,Not significant,0.0382952977992025,0.2314,0.297488745815091,Not significant
E01000582,Brent 032C,Brent,children_and_adolescents,0.374166997342056,Not significant,-0.114989882360563,0.1286,0.198506864564007,Not significant
E01000583,Brent 032D,Brent,children_and_adolescents,-1.55471434057033,Not significant,0.677266324926787,0.0473,0.10107680478428,Not significant
E01000584,Brent 033E,Brent,children_and_adolescents,0.0127205351351889,Not significant,-0.00407408899879435,0.0989,0.166568421052632,Not significant
E01000585,Brent 033F,Brent,children_and_adolescents,-0.798231631640968,Not significant,0.326260774766054,0.0985,0.166062816616008,Not significant
E01000586,Brent 032E,Brent,children_and_adolescents,-2.00681599103154,Not significant,0.685946356603906,0.042,0.093977588525325,Not significant
E01000587,Brent 001A,Brent,children_and_adolescents,0.768226174172485,Not significant,0.116780777303127,0.266,0.327142645971914,Not significant
E01000589,Brent 001B,Brent,children_and_adolescents,1.28303291176389,Not significant,0.273768229257518,0.1988,0.267784565569347,Not significant
E01000590,Brent 001C,Brent,children_and_adolescents,-0.700734286289836,Not significant,-0.163433594537583,0.1977,0.266951149580741,Not significant
E01000591,Brent 003F,Brent,children_and_adolescents,0.676114918959371,Not significant,0.162031659023299,0.1332,0.203592896509492,Not significant
E01000592,Brent 001D,Brent,children_and_adolescents,0.152764498710929,Not significant,0.0696847583074545,0.045,0.0981389252948886,Not significant
E01000593,Brent 001E,Brent,children_and_adolescents,1.52000922416454,Not significant,0.513402871309893,0.1083,0.177547980295567,Not significant
E01000594,Brent 001F,Brent,children_and_adolescents,0.523939906305494,High-high mismatch cluster,0.253352359822081,0.014,0.0441212121212121,High-high mismatch cluster
E01000595,Brent 027A,Brent,children_and_adolescents,1.43095462529868,Not significant,0.343470905235206,0.17,0.240612418485965,Not significant
E01000596,Brent 021A,Brent,children_and_adolescents,2.14646447352081,High-high mismatch cluster,1.03284811475125,0.0132,0.04224,High-high mismatch cluster
E01000599,Brent 027D,Brent,children_and_adolescents,-0.66896959112539,Not significant,-0.148692478499789,0.2742,0.333286194302411,Not significant
E01000601,Brent 021B,Brent,children_and_adolescents,0.73835701090265,Not significant,0.231762294105294,0.0292,0.073323138832998,Not significant
E01000602,Brent 021C,Brent,children_and_adolescents,1.11788705632331,High-high mismatch cluster,0.647545402289812,0.0114,0.0381426273458445,High-high mismatch cluster
E01000603,Brent 021D,Brent,children_and_adolescents,1.55385546643308,Not significant,0.781637134747191,0.0699,0.131082193839219,Not significant
E01000604,Brent 021E,Brent,children_and_adolescents,1.83911736058775,Not significant,0.971643938101861,0.0201,0.0567208592425099,Not significant
E01000605,Brent 021F,Brent,children_and_adolescents,1.52055138690392,Not significant,0.633845094018363,0.0401,0.0912393801276208,Not significant
E01000606,Brent 016B,Brent,children_and_adolescents,-0.0524060659438131,Not significant,-0.00149791373776257,0.468,0.479133716160788,Not significant
E01000607,Brent 013C,Brent,children_and_adolescents,2.07264542946239,Not significant,1.01994069319126,0.1262,0.196258691588785,Not significant
E01000608,Brent 013D,Brent,children_and_adolescents,0.581048810974384,High-high mismatch cluster,0.268480540605566,0.0108,0.0366509857239973,High-high mismatch cluster
E01000609,Brent 016C,Brent,children_and_adolescents,1.08212439633415,Not significant,0.222452579332046,0.2097,0.277966648964418,Not significant
E01000610,Brent 019A,Brent,children_and_adolescents,2.02932435320543,Not significant,0.97581929510188,0.0238,0.0636025695931478,Not significant
E01000611,Brent 016D,Brent,children_and_adolescents,0.855088768562403,Not significant,0.209146756911862,0.1906,0.260179163248564,Not significant
E01000612,Brent 019B,Brent,children_and_adolescents,1.15588362465478,Not significant,0.337440955699503,0.1192,0.189143801652893,Not significant
E01000613,Brent 013E,Brent,children_and_adolescents,0.453500138739485,High-high mismatch cluster,0.294260894243712,0.0031,0.0160198757763975,High-high mismatch cluster
E01000615,Brent 036A,Brent,children_and_adolescents,-0.619847784382667,Not significant,-0.0146732644215067,0.4576,0.472556723210592,Not significant
E01000616,Brent 020A,Brent,children_and_adolescents,-0.172032790351833,Not significant,0.00784476807922211,0.414,0.441883258499038,Not significant
E01000617,Brent 036B,Brent,children_and_adolescents,-0.175798940199537,Not significant,0.0264593911397951,0.2735,0.332759444309042,Not significant
E01000618,Brent 036D,Brent,children_and_adolescents,0.81631326123975,Not significant,0.0772441622689674,0.3792,0.418797876106195,Not significant
E01000619,Brent 036C,Brent,children_and_adolescents,1.40460283291474,Not significant,0.415526070528944,0.1197,0.18951550903901,Not significant
E01000620,Brent 020B,Brent,children_and_adolescents,-0.169689606325436,Not significant,-0.055159961112978,0.0561,0.112651327433628,Not significant
E01000621,Brent 020C,Brent,children_and_adolescents,0.816836268472241,Not significant,0.333207789828327,0.0614,0.120199529411765,Not significant
E01000622,Brent 010D,Brent,children_and_adolescents,3.00142933912218,Not significant,1.01216164981643,0.0439,0.0967117387466902,Not significant
E01000623,Brent 005C,Brent,children_and_adolescents,2.18137879102279,Not significant,0.767516845918361,0.0975,0.165101763907734,Not significant
E01000624,Brent 005D,Brent,children_and_adolescents,1.25661235190087,Not significant,0.313953298500043,0.1388,0.209775840145322,Not significant
E01000625,Brent 009E,Brent,children_and_adolescents,0.734344247376974,Not significant,0.28111670390392,0.0574,0.114754024829796,Not significant
E01000626,Brent 010E,Brent,children_and_adolescents,0.435090610362756,Not significant,0.117434796051889,0.1394,0.210364207980653,Not significant
E01000627,Brent 014E,Brent,children_and_adolescents,0.214830525309802,Not significant,0.0940808215336347,0.0521,0.107516825134353,Not significant
E01000628,Brent 014F,Brent,children_and_adolescents,0.322749879736842,Not significant,0.0968571718573472,0.1182,0.188155102040816,Not significant
E01000629,Brent 005E,Brent,children_and_adolescents,1.56506464814086,Not significant,0.797606238665737,0.0422,0.0942139534883721,Not significant
E01000630,Brent 026E,Brent,children_and_adolescents,0.829164648638835,Not significant,0.238624175331271,0.142,0.21251144397843,Not significant
E01000631,Brent 019C,Brent,children_and_adolescents,0.507856222856772,High-high mismatch cluster,0.307065808460071,0.0053,0.0225747440273038,High-high mismatch cluster
E01000632,Brent 029E,Brent,children_and_adolescents,0.424752758997234,Not significant,0.185114323800978,0.0509,0.105960300250209,Not significant
E01000633,Brent 019D,Brent,children_and_adolescents,2.43617658268499,Not significant,1.02694529924188,0.0297,0.0740201697453819,Not significant
E01000634,Brent 019E,Brent,children_and_adolescents,2.88141702653348,Not significant,1.20599702887832,0.0431,0.0952435590969455,Not significant
E01000636,Brent 020E,Brent,children_and_adolescents,-0.465430853436188,Not significant,-0.0181932677530782,0.4625,0.475845012366035,Not significant
E01000637,Brent 022B,Brent,children_and_adolescents,-0.602442880069041,Not significant,-0.0331233265305267,0.4297,0.453885399915362,Not significant
E01000638,Brent 024A,Brent,children_and_adolescents,1.50091400627556,Not significant,0.416655293142697,0.1087,0.177911606557377,Not significant
E01000639,Brent 022C,Brent,children_and_adolescents,-1.2133895754839,Not significant,0.0683528483739289,0.4122,0.440715870636111,Not significant
E01000640,Brent 024B,Brent,children_and_adolescents,0.698123679913735,Not significant,0.0377444202197762,0.4315,0.454861772151899,Not significant
E01000641,Brent 024C,Brent,children_and_adolescents,1.0087036042505,Not significant,0.315481222182296,0.0881,0.153882155353394,Not significant
E01000642,Brent 022D,Brent,children_and_adolescents,-1.99906704408222,Not significant,0.399952556230625,0.1774,0.247092857142857,Not significant
E01000643,Brent 024D,Brent,children_and_adolescents,-0.0807477240011991,Not significant,0.00330986310749552,0.4058,0.436021007318123,Not significant
E01000644,Brent 022E,Brent,children_and_adolescents,-1.10817250526148,Not significant,0.322736293006415,0.1249,0.19478313027179,Not significant
E01000645,Bromley 007A,Bromley,children_and_adolescents,2.02866921583919,High-high mismatch cluster,1.06747257262251,0.0083,0.0306688378978534,High-high mismatch cluster
E01000646,Bromley 016A,Bromley,children_and_adolescents,0.5851467713425,Not significant,0.159066392330601,0.1021,0.170405616850552,Not significant
E01000647,Bromley 016B,Bromley,children_and_adolescents,1.5782127416472,Not significant,0.516530764655329,0.1441,0.214794625261272,Not significant
E01000648,Bromley 016C,Bromley,children_and_adolescents,1.14934547986679,High-high mismatch cluster,0.542574323360273,0.0106,0.036119590443686,High-high mismatch cluster
E01000649,Bromley 007B,Bromley,children_and_adolescents,2.25469490791031,High-high mismatch cluster,1.29601275026389,0.0074,0.0283941583397387,High-high mismatch cluster
E01000650,Bromley 022A,Bromley,children_and_adolescents,1.63987675991134,High-high mismatch cluster,1.0651695074406,0.0024,0.013312,High-high mismatch cluster
E01000651,Bromley 020A,Bromley,children_and_adolescents,1.08999798556111,Not significant,0.462346135857431,0.054,0.110072682727644,Not significant
E01000652,Bromley 022B,Bromley,children_and_adolescents,1.60503692936519,High-high mismatch cluster,0.908279579180461,0.0086,0.0314284040995608,High-high mismatch cluster
E01000653,Bromley 016D,Bromley,children_and_adolescents,1.19069336805708,Not significant,0.444292568440495,0.1076,0.176632423544887,Not significant
E01000654,Bromley 039A,Bromley,children_and_adolescents,2.64540001895357,High-high mismatch cluster,2.03196528370574,0.0022,0.0125084282460137,High-high mismatch cluster
E01000655,Bromley 039B,Bromley,children_and_adolescents,2.61892271930133,High-high mismatch cluster,2.41769701925527,0.0015,0.0096,High-high mismatch cluster
E01000656,Bromley 039C,Bromley,children_and_adolescents,2.40780048896111,High-high mismatch cluster,1.72509874771879,0.0006,0.0050255033557047,High-high mismatch cluster
E01000657,Bromley 039D,Bromley,children_and_adolescents,1.15328770363016,Not significant,0.666384263071645,0.0203,0.0571237880496054,Not significant
E01000658,Bromley 042A,Bromley,children_and_adolescents,0.601163684347314,High-high mismatch cluster,0.342968971619136,0.0128,0.041277519379845,High-high mismatch cluster
E01000659,Bromley 039E,Bromley,children_and_adolescents,2.29149987790129,High-high mismatch cluster,1.66852547633185,0.0015,0.0096,High-high mismatch cluster
E01000661,Bromley 026A,Bromley,children_and_adolescents,1.74266921051026,High-high mismatch cluster,0.846720550964489,0.0142,0.0445266331658292,High-high mismatch cluster
E01000662,Bromley 026B,Bromley,children_and_adolescents,1.73351503606436,High-high mismatch cluster,1.29708473984402,0.0011,0.00778893617021277,High-high mismatch cluster
E01000663,Bromley 026C,Bromley,children_and_adolescents,2.02359678125631,High-high mismatch cluster,1.48771280486226,0.0003,0.0031661733615222,High-high mismatch cluster
E01000664,Bromley 026D,Bromley,children_and_adolescents,2.84066843597279,High-high mismatch cluster,2.13036763984881,0.0014,0.00919578947368421,High-high mismatch cluster
E01000665,Bromley 033A,Bromley,children_and_adolescents,1.71039978286028,High-high mismatch cluster,0.956919049648669,0.0039,0.0186840690978887,High-high mismatch cluster
E01000666,Bromley 033B,Bromley,children_and_adolescents,0.361070902667572,High-high mismatch cluster,0.211042694931015,0.007,0.0273213448006255,High-high mismatch cluster
E01000667,Bromley 033C,Bromley,children_and_adolescents,1.29060148382276,High-high mismatch cluster,0.776786426538757,0.0182,0.0527303540336622,Not significant
E01000668,Bromley 020B,Bromley,children_and_adolescents,0.455717869909728,Not significant,0.201075289941567,0.0273,0.0697449334698055,Not significant
E01000669,Bromley 020C,Bromley,children_and_adolescents,0.775947572961718,Not significant,0.357824916091005,0.0597,0.117981947743468,Not significant
E01000670,Bromley 018A,Bromley,children_and_adolescents,0.975953025368214,Not significant,0.294484936052202,0.1116,0.181114174252276,Not significant
E01000671,Bromley 020D,Bromley,children_and_adolescents,0.576212096717459,High-high mismatch cluster,0.284227062177537,0.0188,0.0539986191024166,Not significant
E01000672,Bromley 011A,Bromley,children_and_adolescents,1.44553915995905,Not significant,0.533532505129144,0.0639,0.123543299767622,Not significant
E01000673,Bromley 011B,Bromley,children_and_adolescents,1.94590000993657,Not significant,0.540732067070573,0.1149,0.184668641339343,Not significant
E01000674,Bromley 008A,Bromley,children_and_adolescents,0.672419634485952,Not significant,0.159527910116817,0.1749,0.245115328467153,Not significant
E01000676,Bromley 008B,Bromley,children_and_adolescents,-1.44251921601596,Not significant,-0.0718238600100928,0.429,0.453337849280271,Not significant
E01000677,Bromley 018C,Bromley,children_and_adolescents,0.406085878936104,Not significant,0.0299541572168971,0.3685,0.410797677534614,Not significant
E01000678,Bromley 016E,Bromley,children_and_adolescents,1.35289237130543,Not significant,0.0834734258552349,0.403,0.434227498381179,Not significant
E01000679,Bromley 020E,Bromley,children_and_adolescents,0.385343553551883,Not significant,0.148466933364613,0.0737,0.136061538461538,Not significant
E01000680,Bromley 037A,Bromley,children_and_adolescents,0.988819103505161,High-high mismatch cluster,0.520795108894926,0.0081,0.0302432311144353,High-high mismatch cluster
E01000681,Bromley 035A,Bromley,children_and_adolescents,1.55806431126349,Not significant,0.392967829512037,0.1591,0.229280369515012,Not significant
E01000682,Bromley 035B,Bromley,children_and_adolescents,1.35118566309499,Not significant,0.56938516370611,0.08,0.143654676258993,Not significant
E01000683,Bromley 035C,Bromley,children_and_adolescents,1.38331676294707,High-high mismatch cluster,0.823352625734832,0.0085,0.0311541850220264,High-high mismatch cluster
E01000684,Bromley 035D,Bromley,children_and_adolescents,2.77196717872448,Not significant,1.18343132931326,0.0562,0.112761414790997,Not significant
E01000685,Bromley 037B,Bromley,children_and_adolescents,1.95536011840628,Not significant,0.836036190635108,0.0252,0.0658630366492147,Not significant
E01000686,Bromley 037C,Bromley,children_and_adolescents,1.72996739070142,Not significant,0.689276372837199,0.05,0.104829903401932,Not significant
E01000687,Bromley 037D,Bromley,children_and_adolescents,0.110765359924175,High-high mismatch cluster,0.0803453286965397,0.0018,0.0108129963898917,High-high mismatch cluster
E01000688,Bromley 037E,Bromley,children_and_adolescents,2.25782585464917,Not significant,0.846753083007083,0.111,0.180375,Not significant
E01000689,Bromley 002A,Bromley,children_and_adolescents,1.85454663039367,Not significant,0.640891923062461,0.0419,0.0939222272114953,Not significant
E01000690,Bromley 002B,Bromley,children_and_adolescents,0.825128887447843,Not significant,0.300453973484814,0.0886,0.154431284916201,Not significant
E01000691,Bromley 002C,Bromley,children_and_adolescents,0.937200215272175,Not significant,0.30796954371106,0.1121,0.181689350649351,Not significant
E01000692,Bromley 002D,Bromley,children_and_adolescents,0.0768482350927735,Not significant,0.0295716283414139,0.1016,0.169855056932351,Not significant
E01000693,Bromley 010A,Bromley,children_and_adolescents,0.902472599274978,High-high mismatch cluster,0.498032378010139,0.0062,0.0250813614262561,High-high mismatch cluster
E01000694,Bromley 007C,Bromley,children_and_adolescents,1.35439762684409,Not significant,0.535669413509741,0.0303,0.0752525373134328,Not significant
E01000695,Bromley 007D,Bromley,children_and_adolescents,0.658342046294201,Not significant,0.227850492432162,0.0618,0.120557092614302,Not significant
E01000696,Bromley 007E,Bromley,children_and_adolescents,0.757319788473881,High-high mismatch cluster,0.424601462086258,0.002,0.0116771929824561,High-high mismatch cluster
E01000697,Bromley 007F,Bromley,children_and_adolescents,1.35793698161845,Not significant,0.722213891462568,0.0197,0.0557812819058423,Not significant
E01000698,Bromley 010B,Bromley,children_and_adolescents,1.84038497817629,High-high mismatch cluster,1.19104223165102,0.0007,0.00557320574162679,High-high mismatch cluster
E01000699,Bromley 015A,Bromley,children_and_adolescents,-0.682775012841954,Not significant,0.0380702596836671,0.4137,0.44165748502994,Not significant
E01000700,Bromley 013A,Bromley,children_and_adolescents,0.417903125716154,Not significant,0.120184666908065,0.1266,0.196635718730554,Not significant
E01000701,Bromley 015B,Bromley,children_and_adolescents,0.710530886540866,Not significant,0.0375335286995212,0.4364,0.458343951188723,Not significant
E01000702,Bromley 013B,Bromley,children_and_adolescents,1.10558610303845,Not significant,0.0695878723832886,0.4154,0.443093333333333,Not significant
E01000703,Bromley 013C,Bromley,children_and_adolescents,0.282542307778034,Not significant,0.0212303976438281,0.387,0.423849056603774,Not significant
E01000704,Bromley 015C,Bromley,children_and_adolescents,0.337692208705768,Not significant,0.0581158362773444,0.25,0.313410346559518,Not significant
E01000705,Bromley 015D,Bromley,children_and_adolescents,0.855469944750891,Not significant,0.0629630014970437,0.3962,0.430243724167936,Not significant
E01000706,Bromley 013D,Bromley,children_and_adolescents,0.768789486867688,Not significant,0.149290950386575,0.2233,0.2907228362878,Not significant
E01000707,Bromley 041A,Bromley,children_and_adolescents,0.811890182740492,Not significant,0.196533306530781,0.2255,0.292312646065957,Not significant
E01000708,Bromley 041B,Bromley,children_and_adolescents,0.900077423408964,Not significant,0.281608200648809,0.1049,0.173742800265428,Not significant
E01000709,Bromley 006A,Bromley,children_and_adolescents,-1.47447910470598,Not significant,0.067259486567408,0.4271,0.451616860834569,Not significant
E01000710,Bromley 006B,Bromley,children_and_adolescents,0.396735025646724,Not significant,0.101247794509031,0.1305,0.200571428571429,Not significant
E01000711,Bromley 006C,Bromley,children_and_adolescents,-0.333345398049212,Not significant,0.0366345793158362,0.3306,0.380003499884872,Not significant
E01000712,Bromley 012A,Bromley,children_and_adolescents,0.054993200206849,Not significant,-0.00721325839152434,0.286,0.342787995198079,Not significant
E01000713,Bromley 012B,Bromley,children_and_adolescents,0.362325047242066,Not significant,0.0655669711313243,0.2179,0.28557542662116,Not significant
E01000714,Bromley 006D,Bromley,children_and_adolescents,-1.75118210496866,Not significant,0.133959478395401,0.3588,0.40277256577468,Not significant
E01000715,Bromley 012C,Bromley,children_and_adolescents,-1.47512323801337,Not significant,0.0128741324775812,0.4764,0.484454838052557,Not significant
E01000716,Bromley 011C,Bromley,children_and_adolescents,0.563340318769625,Not significant,0.00350787366090468,0.4982,0.498699498696611,Not significant
E01000717,Bromley 011D,Bromley,children_and_adolescents,0.523784214666789,Not significant,0.222330436909217,0.0311,0.0765916132215096,Not significant
E01000718,Bromley 006E,Bromley,children_and_adolescents,1.0752889477286,Not significant,0.314494076565563,0.1751,0.245257912457913,Not significant
E01000719,Bromley 019A,Bromley,children_and_adolescents,1.98990956090794,Not significant,0.904293575936386,0.0292,0.073323138832998,Not significant
E01000720,Bromley 019B,Bromley,children_and_adolescents,2.6230461530813,Not significant,0.943633148474924,0.046,0.0994508445214379,Not significant
E01000721,Bromley 019C,Bromley,children_and_adolescents,1.36431589606478,High-high mismatch cluster,0.82349386789042,0.0174,0.0510645502645503,Not significant
E01000722,Bromley 023A,Bromley,children_and_adolescents,-0.0171747324324374,Low-high spatial outlier,-0.00952579034121536,0.0057,0.0236332225913621,Low-high spatial outlier
E01000723,Bromley 029A,Bromley,children_and_adolescents,0.562524863620021,Not significant,0.159279799099382,0.1214,0.191176277602524,Not significant
E01000724,Bromley 019D,Bromley,children_and_adolescents,1.80804874094896,Not significant,0.336845369961173,0.2546,0.317185724981283,Not significant
E01000725,Bromley 023B,Bromley,children_and_adolescents,-0.480370845495985,Not significant,-0.0749730396455354,0.2385,0.303022267412303,Not significant
E01000726,Bromley 029B,Bromley,children_and_adolescents,-1.01834697206189,Not significant,-0.289312677362478,0.1498,0.220477548615203,Not significant
E01000727,Bromley 028A,Bromley,children_and_adolescents,-0.476274033154709,Not significant,-0.156965958403506,0.0879,0.153586559327966,Not significant
E01000728,Bromley 019E,Bromley,children_and_adolescents,0.369514359545959,High-high mismatch cluster,0.212255858100012,0.0036,0.017670796460177,High-high mismatch cluster
E01000729,Bromley 014A,Bromley,children_and_adolescents,1.93254531481155,High-high mismatch cluster,1.16604806688545,0.0204,0.0573728450704225,Not significant
E01000730,Bromley 014B,Bromley,children_and_adolescents,2.35571179490485,High-high mismatch cluster,1.23603523051764,0.0046,0.0204845673505798,High-high mismatch cluster
E01000731,Bromley 023C,Bromley,children_and_adolescents,2.49531891254981,Not significant,1.48638057021902,0.0195,0.055529948659441,Not significant
E01000732,Bromley 023D,Bromley,children_and_adolescents,1.46302154494508,High-high mismatch cluster,1.06740439409733,0.0018,0.0108129963898917,High-high mismatch cluster
E01000733,Bromley 023E,Bromley,children_and_adolescents,0.660104155740851,High-high mismatch cluster,0.435430494727647,0.0044,0.0200226071103008,High-high mismatch cluster
E01000734,Bromley 028B,Bromley,children_and_adolescents,2.45273342356348,Not significant,0.848329912076004,0.0512,0.106451645147855,Not significant
E01000735,Bromley 014C,Bromley,children_and_adolescents,2.23674857845564,Not significant,0.838700923840275,0.0393,0.0898285714285714,Not significant
E01000736,Bromley 010C,Bromley,children_and_adolescents,1.63100193135221,High-high mismatch cluster,1.05762747843961,0.0109,0.0369150610583446,High-high mismatch cluster
E01000737,Bromley 010D,Bromley,children_and_adolescents,1.89986645884325,High-high mismatch cluster,1.39978002418643,0.0007,0.00557320574162679,High-high mismatch cluster
E01000738,Bromley 014D,Bromley,children_and_adolescents,0.536596093095887,High-high mismatch cluster,0.357733470598754,0.0013,0.00879349593495935,High-high mismatch cluster
E01000739,Bromley 014E,Bromley,children_and_adolescents,1.72793989637374,High-high mismatch cluster,1.09528759768899,0.0127,0.0411945419103314,High-high mismatch cluster
E01000741,Bromley 005B,Bromley,children_and_adolescents,-0.838633585319885,Not significant,-0.14077536243268,0.3022,0.356976431613819,Not significant
E01000742,Bromley 005C,Bromley,children_and_adolescents,0.782823094154849,Not significant,0.0329630567422272,0.4517,0.468791351351351,Not significant
E01000743,Bromley 009A,Bromley,children_and_adolescents,-1.53635947668062,Not significant,-0.0437353194311803,0.4576,0.472556723210592,Not significant
E01000744,Bromley 009B,Bromley,children_and_adolescents,0.373411654727517,Not significant,0.0530196528894543,0.2712,0.331333920704846,Not significant
E01000745,Bromley 005D,Bromley,children_and_adolescents,1.02639307267129,Not significant,0.183684646047955,0.1918,0.26102583106267,Not significant
E01000746,Bromley 005E,Bromley,children_and_adolescents,-0.147221666996016,Not significant,0.0331208919821098,0.1864,0.255915511551155,Not significant
E01000747,Bromley 042B,Bromley,children_and_adolescents,1.86406110716035,High-high mismatch cluster,1.06014499201636,0.0007,0.00557320574162679,High-high mismatch cluster
E01000748,Bromley 042C,Bromley,children_and_adolescents,1.31257911895909,Not significant,0.515424481970919,0.0682,0.128862376987131,Not significant
E01000749,Bromley 036A,Bromley,children_and_adolescents,0.924022886857979,High-high mismatch cluster,0.445157707843568,0.0111,0.0373642616318274,High-high mismatch cluster
E01000750,Bromley 036B,Bromley,children_and_adolescents,0.653301339550375,Not significant,0.367584158618584,0.0261,0.0676134924753503,Not significant
E01000751,Bromley 036C,Bromley,children_and_adolescents,2.15996273731803,Not significant,0.819809016364509,0.0487,0.103012881355932,Not significant
E01000752,Bromley 036D,Bromley,children_and_adolescents,-0.200240826583335,Low-high spatial outlier,-0.118473770596123,0.0015,0.0096,Low-high spatial outlier
E01000753,Bromley 031A,Bromley,children_and_adolescents,2.32275901495958,High-high mismatch cluster,1.67451547499375,0.0005,0.00447311827956989,High-high mismatch cluster
E01000754,Bromley 031B,Bromley,children_and_adolescents,1.5662410302413,Not significant,0.693684439746382,0.0494,0.103921112515803,Not significant
E01000755,Bromley 031C,Bromley,children_and_adolescents,2.28998465136867,High-high mismatch cluster,1.54982756802194,0.0033,0.0166232088799193,High-high mismatch cluster
E01000756,Bromley 033D,Bromley,children_and_adolescents,2.15426617166168,High-high mismatch cluster,1.48929639816464,0.0006,0.0050255033557047,High-high mismatch cluster
E01000757,Bromley 031D,Bromley,children_and_adolescents,1.85674727583577,High-high mismatch cluster,1.11117978966851,0.0051,0.0219286821705426,High-high mismatch cluster
E01000758,Bromley 031E,Bromley,children_and_adolescents,2.30343684643432,Not significant,0.834462229938185,0.0707,0.132223569023569,Not significant
E01000759,Bromley 034A,Bromley,children_and_adolescents,2.0169861615448,Not significant,0.566702018931585,0.0704,0.131871219512195,Not significant
E01000760,Bromley 034B,Bromley,children_and_adolescents,0.736629719278126,Not significant,0.297707650992953,0.0685,0.129331316187595,Not significant
E01000761,Bromley 034C,Bromley,children_and_adolescents,1.30788055489079,Not significant,0.520548515029519,0.0902,0.156564116828929,Not significant
E01000762,Bromley 018D,Bromley,children_and_adolescents,2.20628980578151,Not significant,1.11250038620484,0.0273,0.0697449334698055,Not significant
E01000763,Bromley 027A,Bromley,children_and_adolescents,2.47599522242545,Not significant,0.955187581008943,0.0316,0.0774409425625921,Not significant
E01000764,Bromley 027B,Bromley,children_and_adolescents,1.14012076442372,High-high mismatch cluster,0.870750043704457,0.0009,0.00673583208395802,High-high mismatch cluster
E01000765,Bromley 034D,Bromley,children_and_adolescents,0.264429529605258,High-high mismatch cluster,0.13969210874966,0.0026,0.0139711517761033,High-high mismatch cluster
E01000766,Bromley 027C,Bromley,children_and_adolescents,1.77988004806953,Not significant,0.76015959024608,0.0246,0.0647696202531646,Not significant
E01000767,Bromley 027D,Bromley,children_and_adolescents,0.0205674106125966,Not significant,0.0115460003641558,0.0438,0.0965340397350993,Not significant
E01000768,Bromley 034E,Bromley,children_and_adolescents,1.20499642593954,Not significant,0.432865022501885,0.0931,0.15992952512044,Not significant
E01000769,Bromley 024A,Bromley,children_and_adolescents,1.34513640795172,Not significant,0.494042436186408,0.0436,0.0961356890459364,Not significant
E01000770,Bromley 012D,Bromley,children_and_adolescents,-0.299704335506111,Not significant,-0.111770059093413,0.0639,0.123543299767622,Not significant
E01000771,Bromley 041C,Bromley,children_and_adolescents,0.968609006909913,Not significant,0.144935863057532,0.2727,0.332272003905297,Not significant
E01000772,Bromley 012E,Bromley,children_and_adolescents,0.656070792355137,Not significant,0.014193476736967,0.474,0.483096774193548,Not significant
E01000773,Bromley 024B,Bromley,children_and_adolescents,1.64369851644726,Not significant,0.753331268825139,0.0412,0.0927696887686062,Not significant
E01000774,Bromley 041D,Bromley,children_and_adolescents,1.19235623665724,High-high mismatch cluster,0.700848074913534,0.0046,0.0204845673505798,High-high mismatch cluster
E01000775,Bromley 024C,Bromley,children_and_adolescents,1.62771961174196,High-high mismatch cluster,0.986699578022752,0.0013,0.00879349593495935,High-high mismatch cluster
E01000777,Bromley 024D,Bromley,children_and_adolescents,2.58923430645962,High-high mismatch cluster,1.60910590023202,0.007,0.0273213448006255,High-high mismatch cluster
E01000778,Bromley 024E,Bromley,children_and_adolescents,2.43206438232077,High-high mismatch cluster,1.46088607245231,0.0049,0.0213631441048035,High-high mismatch cluster
E01000779,Bromley 001A,Bromley,children_and_adolescents,-0.117575033404265,Not significant,-0.0338174362696129,0.0643,0.124028438948995,Not significant
E01000780,Bromley 001B,Bromley,children_and_adolescents,0.618112553712895,Not significant,0.115119313288779,0.2613,0.32247456118665,Not significant
E01000781,Bromley 001C,Bromley,children_and_adolescents,0.964932695596127,Not significant,0.266090965507124,0.1343,0.204960440232345,Not significant
E01000782,Bromley 001D,Bromley,children_and_adolescents,0.00160417649192823,Not significant,0.000327479517288045,0.1285,0.19841385709867,Not significant
E01000783,Bromley 001E,Bromley,children_and_adolescents,0.888476480475427,Not significant,0.21217648116428,0.2289,0.295568753233316,Not significant
E01000784,Bromley 002E,Bromley,children_and_adolescents,1.1190016831471,Not significant,0.369867942702821,0.0602,0.118688151658768,Not significant
E01000785,Bromley 001F,Bromley,children_and_adolescents,0.448946559953656,Not significant,0.142255389307508,0.1537,0.224020554744526,Not significant
E01000786,Bromley 032A,Bromley,children_and_adolescents,0.144261236251,High-high mismatch cluster,0.0706717302610711,0.0083,0.0306688378978534,High-high mismatch cluster
E01000787,Bromley 029C,Bromley,children_and_adolescents,-0.746490607467224,Not significant,-0.116580566365121,0.2993,0.354557570004746,Not significant
E01000788,Bromley 029D,Bromley,children_and_adolescents,0.818006260432607,Not significant,-0.0457101864088123,0.3948,0.429470821529745,Not significant
E01000789,Bromley 032B,Bromley,children_and_adolescents,2.51679526703149,Not significant,0.471600766974056,0.2586,0.320568959523218,Not significant
E01000790,Bromley 028C,Bromley,children_and_adolescents,-1.30540859086495,Low-high spatial outlier,-0.570618212676821,0.0192,0.0548006861063465,Not significant
E01000791,Bromley 029E,Bromley,children_and_adolescents,0.490378083488103,Not significant,0.103719415425396,0.1675,0.238358038768529,Not significant
E01000792,Bromley 032C,Bromley,children_and_adolescents,2.03499667254537,Not significant,0.805948353115122,0.1363,0.207000182537268,Not significant
E01000793,Bromley 032D,Bromley,children_and_adolescents,0.67980678645893,Not significant,0.0773388711521366,0.3296,0.379028610919143,Not significant
E01000794,Bromley 035E,Bromley,children_and_adolescents,0.482294466928328,Not significant,0.213589470788409,0.0212,0.0586968386023295,Not significant
E01000795,Bromley 032E,Bromley,children_and_adolescents,1.18249517118822,Not significant,0.363475870740285,0.1647,0.235380017177212,Not significant
E01000796,Bromley 009C,Bromley,children_and_adolescents,0.334398750495952,Not significant,-0.101133085339318,0.2074,0.275649840255591,Not significant
E01000797,Bromley 013E,Bromley,children_and_adolescents,1.31925375180198,Not significant,-0.00680604064252603,0.4748,0.483517258261934,Not significant
E01000798,Bromley 009D,Bromley,children_and_adolescents,-1.40331751467128,Not significant,0.253815560306998,0.2539,0.316708845577211,Not significant
E01000799,Bromley 004A,Bromley,children_and_adolescents,-0.622145099406195,Not significant,-0.0303971090614738,0.4238,0.44928,Not significant
E01000800,Bromley 009E,Bromley,children_and_adolescents,-1.07031076203621,Not significant,0.192597119747739,0.2426,0.306442105263158,Not significant
E01000801,Bromley 015E,Bromley,children_and_adolescents,-1.10504393128286,Not significant,0.20845931301867,0.2122,0.280758653591307,Not significant
E01000802,Bromley 004B,Bromley,children_and_adolescents,0.738541013902104,Not significant,0.036405512339175,0.4316,0.454861772151899,Not significant
E01000803,Bromley 004C,Bromley,children_and_adolescents,0.386375382821943,Not significant,0.052416795918664,0.305,0.358925035360679,Not significant
E01000804,Bromley 004D,Bromley,children_and_adolescents,0.551059913275886,Not significant,0.0766099214869574,0.2573,0.319637014925373,Not significant
E01000805,Bromley 004E,Bromley,children_and_adolescents,-0.235044514771419,Not significant,-0.0198688546298575,0.3903,0.425967993003935,Not significant
E01000806,Bromley 009F,Bromley,children_and_adolescents,0.0669076028952227,Not significant,-0.00141617606227376,0.4507,0.467948086522463,Not significant
E01000807,Bromley 022C,Bromley,children_and_adolescents,2.21386839112517,High-high mismatch cluster,1.36060882483819,0.0006,0.0050255033557047,High-high mismatch cluster
E01000808,Bromley 025A,Bromley,children_and_adolescents,1.75703974537703,Not significant,0.769800621200736,0.0351,0.0831605125771239,Not significant
E01000809,Bromley 022D,Bromley,children_and_adolescents,1.29293482289021,High-high mismatch cluster,0.860743604899807,0.0041,0.0192180281690141,High-high mismatch cluster
E01000810,Bromley 025B,Bromley,children_and_adolescents,2.2061509857197,High-high mismatch cluster,1.59312549543375,0.0019,0.0112113475177305,High-high mismatch cluster
E01000811,Bromley 025C,Bromley,children_and_adolescents,1.3430947725237,Not significant,0.74811390850183,0.0494,0.103921112515803,Not significant
E01000812,Bromley 028D,Bromley,children_and_adolescents,0.204089568763235,Not significant,0.0377093359342239,0.2564,0.319030109670987,Not significant
E01000813,Bromley 025D,Bromley,children_and_adolescents,0.92543923418431,High-high mismatch cluster,0.64553707150763,0.0002,0.00242330097087379,High-high mismatch cluster
E01000814,Bromley 028E,Bromley,children_and_adolescents,1.66038436743408,Not significant,0.39397363212742,0.1969,0.266303115686806,Not significant
E01000815,Bromley 025E,Bromley,children_and_adolescents,2.22678854562358,High-high mismatch cluster,1.52999586343086,0.0015,0.0096,High-high mismatch cluster
E01000816,Bromley 040A,Bromley,children_and_adolescents,0.673583139473854,Not significant,0.225255290377882,0.0893,0.155271891327064,Not significant
E01000818,Bromley 040B,Bromley,children_and_adolescents,1.87705292218903,Not significant,0.611994154470033,0.0623,0.121295475819033,Not significant
E01000819,Bromley 040C,Bromley,children_and_adolescents,-0.181546335778248,Not significant,-0.046363682520044,0.1303,0.200387430683919,Not significant
E01000820,Bromley 008C,Bromley,children_and_adolescents,-0.531589259965012,Not significant,-0.12493090085306,0.1753,0.245262780269058,Not significant
E01000822,Bromley 008D,Bromley,children_and_adolescents,0.966570072915832,Not significant,0.175326085417858,0.2444,0.307858894776684,Not significant
E01000823,Bromley 008E,Bromley,children_and_adolescents,0.256947590592978,Not significant,-0.0116936720309405,0.408,0.437725338491296,Not significant
E01000824,Bromley 008F,Bromley,children_and_adolescents,0.455587717293333,Not significant,0.0194241381468473,0.4576,0.472556723210592,Not significant
E01000825,Bromley 008G,Bromley,children_and_adolescents,0.010266965453373,Not significant,-0.0016183383412879,0.2672,0.328133431734317,Not significant
E01000826,Bromley 021A,Bromley,children_and_adolescents,2.57431647018442,High-high mismatch cluster,1.8096531062895,0.0008,0.0061724884080371,High-high mismatch cluster
E01000827,Bromley 021B,Bromley,children_and_adolescents,1.51862474077337,High-high mismatch cluster,0.952200489094271,0.0007,0.00557320574162679,High-high mismatch cluster
E01000828,Bromley 011E,Bromley,children_and_adolescents,1.16536360982888,Not significant,0.491155639346532,0.0853,0.150412433768986,Not significant
E01000829,Bromley 018E,Bromley,children_and_adolescents,1.09494719396525,Not significant,0.141274350927821,0.3273,0.376904636678201,Not significant
E01000830,Bromley 021C,Bromley,children_and_adolescents,2.78466715832115,Not significant,1.05061834390544,0.0498,0.104542304457527,Not significant
E01000831,Bromley 021D,Bromley,children_and_adolescents,0.75738560456222,High-high mismatch cluster,0.454149456777847,0.0043,0.0197839631336406,High-high mismatch cluster
E01000832,Bromley 030A,Bromley,children_and_adolescents,2.0900546019302,High-high mismatch cluster,1.02462567354832,0.0051,0.0219286821705426,High-high mismatch cluster
E01000833,Bromley 021E,Bromley,children_and_adolescents,2.40749342402902,High-high mismatch cluster,1.89062771744822,0.0022,0.0125084282460137,High-high mismatch cluster
E01000834,Bromley 027E,Bromley,children_and_adolescents,2.14778678736477,High-high mismatch cluster,1.41853259280781,0.0015,0.0096,High-high mismatch cluster
E01000835,Bromley 030B,Bromley,children_and_adolescents,-0.446233899339403,Not significant,-0.110895978342844,0.2185,0.285911402359109,Not significant
E01000836,Bromley 030C,Bromley,children_and_adolescents,2.64961367337868,Not significant,1.63632167177833,0.0291,0.0732193548387097,Not significant
E01000837,Bromley 030D,Bromley,children_and_adolescents,0.134839822098906,Not significant,0.0451739134867886,0.0869,0.152372602739726,Not significant
E01000838,Bromley 030E,Bromley,children_and_adolescents,0.675785477952993,High-high mismatch cluster,0.34055334492979,0.007,0.0273213448006255,High-high mismatch cluster
E01000839,Bromley 030F,Bromley,children_and_adolescents,0.479356974041689,Not significant,0.16494156795802,0.0494,0.103921112515803,Not significant
E01000840,Bromley 030G,Bromley,children_and_adolescents,0.15534069327653,Not significant,0.0368509090058775,0.1527,0.22328014059754,Not significant
E01000841,Bromley 030H,Bromley,children_and_adolescents,-0.068982078165609,Not significant,-0.0154205463330761,0.2171,0.285050815360337,Not significant
E01000842,Camden 011A,Camden,children_and_adolescents,-1.76106837321519,Low-low surplus cluster,1.48338877109984,0.0024,0.013312,Low-low surplus cluster
E01000843,Camden 014A,Camden,children_and_adolescents,-2.88501887928871,Low-low surplus cluster,2.2131381959299,0.0019,0.0112113475177305,Low-low surplus cluster
E01000844,Camden 011B,Camden,children_and_adolescents,-1.61351710018939,Low-low surplus cluster,0.902662131172087,0.0078,0.0294758516275549,Low-low surplus cluster
E01000845,Camden 014B,Camden,children_and_adolescents,-2.4185123450703,Low-low surplus cluster,1.68177600295356,0.0087,0.0315857454545455,Low-low surplus cluster
E01000846,Camden 014C,Camden,children_and_adolescents,-0.770025290057122,Low-low surplus cluster,0.453923185140009,0.0109,0.0369150610583446,Low-low surplus cluster
E01000847,Camden 014D,Camden,children_and_adolescents,-1.25924334162464,Not significant,0.378723968058346,0.1674,0.238283661248931,Not significant
E01000848,Camden 011C,Camden,children_and_adolescents,-1.21088888950949,Low-low surplus cluster,0.884277734939749,0.0027,0.0143387234042553,Low-low surplus cluster
E01000849,Camden 011D,Camden,children_and_adolescents,-3.03630244680135,Low-low surplus cluster,2.53801322702346,0.0018,0.0108129963898917,Low-low surplus cluster
E01000850,Camden 026A,Camden,children_and_adolescents,-5.20301559867149,Low-low surplus cluster,9.51557836379649,0.0001,0.00156,Low-low surplus cluster
E01000851,Camden 026B,Camden,children_and_adolescents,-4.97815064498006,Low-low surplus cluster,7.92745412693107,0.0001,0.00156,Low-low surplus cluster
E01000853,Camden 029H,Camden,children_and_adolescents,-3.51642832495621,Low-low surplus cluster,6.15312974833817,0.0001,0.00156,Low-low surplus cluster
E01000855,Camden 028A,Camden,children_and_adolescents,-5.04778656077699,Low-low surplus cluster,8.42721034714711,0.0001,0.00156,Low-low surplus cluster
E01000856,Camden 019A,Camden,children_and_adolescents,-2.97588764511162,Low-low surplus cluster,3.28858527596613,0.0001,0.00156,Low-low surplus cluster
E01000857,Camden 018A,Camden,children_and_adolescents,-2.12956827785164,Not significant,1.06124376039306,0.0391,0.0896176308539945,Not significant
E01000858,Camden 018B,Camden,children_and_adolescents,-2.27275698882737,Low-low surplus cluster,2.18529843533913,0.0001,0.00156,Low-low surplus cluster
E01000859,Camden 018C,Camden,children_and_adolescents,-1.94676528254436,Low-low surplus cluster,1.44191020307314,0.0052,0.0222246575342466,Low-low surplus cluster
E01000860,Camden 018D,Camden,children_and_adolescents,-1.93504195459761,Low-low surplus cluster,1.14983554839116,0.0096,0.0337963328631876,Low-low surplus cluster
E01000861,Camden 019B,Camden,children_and_adolescents,-3.99685560151585,Low-low surplus cluster,4.21381215153421,0.0001,0.00156,Low-low surplus cluster
E01000862,Camden 018E,Camden,children_and_adolescents,-1.29243445924579,Low-low surplus cluster,1.16471349557918,0.0007,0.00557320574162679,Low-low surplus cluster
E01000863,Camden 021A,Camden,children_and_adolescents,-3.57570982679743,Low-low surplus cluster,3.7296998314845,0.0001,0.00156,Low-low surplus cluster
E01000866,Camden 009A,Camden,children_and_adolescents,-2.23510274281023,Low-low surplus cluster,2.14156401885287,0.0005,0.00447311827956989,Low-low surplus cluster
E01000867,Camden 015C,Camden,children_and_adolescents,-2.63000975092471,Low-low surplus cluster,2.61488154987634,0.0004,0.00385482625482626,Low-low surplus cluster
E01000868,Camden 015D,Camden,children_and_adolescents,1.03313793771634,High-low spatial outlier,-0.799855135918006,0.0082,0.0304571428571429,High-low spatial outlier
E01000869,Camden 015E,Camden,children_and_adolescents,-2.71524708715325,Low-low surplus cluster,2.1124027722956,0.0023,0.0129589164785553,Low-low surplus cluster
E01000870,Camden 009B,Camden,children_and_adolescents,-2.0553515140155,Low-low surplus cluster,1.9224065238682,0.0003,0.0031661733615222,Low-low surplus cluster
E01000871,Camden 005A,Camden,children_and_adolescents,-0.175178476981659,Not significant,0.0477409173468945,0.1089,0.178180530973451,Not significant
E01000872,Camden 005B,Camden,children_and_adolescents,-2.10132188553146,Not significant,0.851953195095722,0.0464,0.09984,Not significant
E01000873,Camden 005C,Camden,children_and_adolescents,-0.837493213426693,Low-low surplus cluster,0.479413257708956,0.0148,0.0457471207430341,Low-low surplus cluster
E01000874,Camden 005D,Camden,children_and_adolescents,-2.03502626260553,Low-low surplus cluster,1.386394892078,0.0036,0.017670796460177,Low-low surplus cluster
E01000875,Camden 013A,Camden,children_and_adolescents,-2.01290905153175,Not significant,0.707577438450415,0.107,0.176168865435356,Not significant
E01000876,Camden 013B,Camden,children_and_adolescents,-1.06531798373595,Low-low surplus cluster,0.603600627833533,0.0232,0.0626362358031368,Not significant
E01000877,Camden 005E,Camden,children_and_adolescents,-1.64751017036987,Not significant,0.47407936104439,0.1736,0.243978378378378,Not significant
E01000878,Camden 004A,Camden,children_and_adolescents,-0.00277198209040861,Not significant,0.000444067162985536,0.2613,0.32247456118665,Not significant
E01000879,Camden 004B,Camden,children_and_adolescents,-0.585907968552673,Not significant,0.0392553982074791,0.397,0.430924983692107,Not significant
E01000880,Camden 004C,Camden,children_and_adolescents,0.987290663655558,Not significant,-0.235227160555229,0.1737,0.24405021108922,Not significant
E01000881,Camden 008A,Camden,children_and_adolescents,-0.566704911313469,Not significant,0.177083187307901,0.1095,0.178752125572269,Not significant
E01000882,Camden 008B,Camden,children_and_adolescents,-0.784523524251231,Not significant,0.386180949815703,0.0424,0.0943229946524064,Not significant
E01000883,Camden 008C,Camden,children_and_adolescents,-2.61978315809263,Not significant,1.12928294758002,0.0426,0.0945992882562278,Not significant
E01000884,Camden 004D,Camden,children_and_adolescents,1.32314233123437,Not significant,0.0787715573986599,0.4123,0.440728394004283,Not significant
E01000885,Camden 004E,Camden,children_and_adolescents,1.17262375964222,Not significant,0.00509926976224633,0.4992,0.499500120240481,Not significant
E01000886,Camden 006A,Camden,children_and_adolescents,-1.55361073696648,Not significant,0.659025198116257,0.0891,0.155140286013254,Not significant
E01000887,Camden 006B,Camden,children_and_adolescents,-2.61654572321178,Low-low surplus cluster,1.73020382402145,0.0128,0.041277519379845,Low-low surplus cluster
E01000888,Camden 006C,Camden,children_and_adolescents,-1.24174295469807,Low-low surplus cluster,0.665436499598255,0.013,0.0417337620578778,Low-low surplus cluster
E01000889,Camden 007A,Camden,children_and_adolescents,-0.904342758246321,Low-low surplus cluster,0.514630031202147,0.0067,0.0264817102137767,Low-low surplus cluster
E01000890,Camden 007B,Camden,children_and_adolescents,-1.20113060086597,Not significant,0.582792835652061,0.0472,0.10107680478428,Not significant
E01000891,Camden 007C,Camden,children_and_adolescents,-1.48546640247629,Not significant,0.657270160598455,0.0596,0.117971134020619,Not significant
E01000892,Camden 006D,Camden,children_and_adolescents,-1.315841269993,Low-low surplus cluster,1.16090242399895,0.0004,0.00385482625482626,Low-low surplus cluster
E01000893,Camden 002A,Camden,children_and_adolescents,-0.570641103693443,Not significant,0.242531687843531,0.0275,0.0700408163265306,Not significant
E01000894,Camden 002B,Camden,children_and_adolescents,-0.42710161404475,Not significant,0.143901562541486,0.1193,0.189220571428571,Not significant
E01000895,Camden 002C,Camden,children_and_adolescents,-1.96806359998888,Not significant,0.00540585212600495,0.4916,0.494472536772114,Not significant
E01000896,Camden 002D,Camden,children_and_adolescents,-1.72946252517346,Low-low surplus cluster,1.04821551239676,0.0172,0.0506562831858407,Not significant
E01000897,Camden 008D,Camden,children_and_adolescents,-0.51177787903426,Low-low surplus cluster,0.269903341674263,0.0096,0.0337963328631876,Low-low surplus cluster
E01000898,Camden 008E,Camden,children_and_adolescents,-3.90679033767127,Low-low surplus cluster,2.55959135508582,0.006,0.0244905968928863,Low-low surplus cluster
E01000899,Camden 002E,Camden,children_and_adolescents,0.316984969476875,Not significant,0.0368560746314567,0.3042,0.358490651558074,Not significant
E01000900,Camden 012A,Camden,children_and_adolescents,-2.02739451901996,Low-low surplus cluster,1.14108522085914,0.0176,0.0514699472759227,Not significant
E01000901,Camden 007D,Camden,children_and_adolescents,-0.248298120633863,Low-low surplus cluster,0.20486730175186,0.0006,0.0050255033557047,Low-low surplus cluster
E01000902,Camden 012B,Camden,children_and_adolescents,-1.04093122380633,Low-low surplus cluster,0.725948637025431,0.0147,0.0455225806451613,Low-low surplus cluster
E01000903,Camden 006E,Camden,children_and_adolescents,-1.48260331263715,Low-low surplus cluster,0.970271670310388,0.0043,0.0197839631336406,Low-low surplus cluster
E01000904,Camden 012C,Camden,children_and_adolescents,-2.99741267369609,Low-low surplus cluster,2.12940873896988,0.0029,0.0152387368421053,Low-low surplus cluster
E01000905,Camden 012D,Camden,children_and_adolescents,-1.69678428322685,Low-low surplus cluster,1.32067387717415,0.0086,0.0314284040995608,Low-low surplus cluster
E01000906,Camden 012E,Camden,children_and_adolescents,-2.18709504325991,Low-low surplus cluster,1.62043590372044,0.0004,0.00385482625482626,Low-low surplus cluster
E01000907,Camden 001A,Camden,children_and_adolescents,-0.498654184974197,Not significant,0.180133896202483,0.0595,0.117913457721318,Not significant
E01000908,Camden 001B,Camden,children_and_adolescents,-0.893725483528096,Not significant,0.101580649623259,0.3595,0.403286292134831,Not significant
E01000909,Camden 001C,Camden,children_and_adolescents,-0.426910767522104,Not significant,0.131176735846921,0.1349,0.205561904761905,Not significant
E01000910,Camden 003A,Camden,children_and_adolescents,-0.919593844160963,Not significant,0.29569307477144,0.1514,0.221899236641221,Not significant
E01000911,Camden 003B,Camden,children_and_adolescents,-0.702347934961187,Low-low surplus cluster,0.419032569025915,0.0099,0.03456,Low-low surplus cluster
E01000912,Camden 001D,Camden,children_and_adolescents,-1.78050024333853,Not significant,0.598770446758619,0.049,0.103472081218274,Not significant
E01000913,Camden 001E,Camden,children_and_adolescents,0.022451924727789,Not significant,-0.00459846791701297,0.1313,0.201552767527675,Not significant
E01000914,Camden 028B,Camden,children_and_adolescents,-4.67065032538826,Low-low surplus cluster,6.89268804259696,0.0001,0.00156,Low-low surplus cluster
E01000915,Camden 027A,Camden,children_and_adolescents,-2.46371143472366,Low-low surplus cluster,3.97618493932586,0.0001,0.00156,Low-low surplus cluster
E01000916,Camden 027B,Camden,children_and_adolescents,-3.81989890575227,Low-low surplus cluster,5.43487942172731,0.0001,0.00156,Low-low surplus cluster
E01000917,Camden 027C,Camden,children_and_adolescents,-3.05526700900025,Low-low surplus cluster,5.02588212298953,0.0001,0.00156,Low-low surplus cluster
E01000918,Camden 028C,Camden,children_and_adolescents,-4.27592080534019,Low-low surplus cluster,7.03557169942146,0.0001,0.00156,Low-low surplus cluster
E01000919,Camden 028D,Camden,children_and_adolescents,-4.30076085106888,Low-low surplus cluster,7.10353785902896,0.0001,0.00156,Low-low surplus cluster
E01000920,Camden 027D,Camden,children_and_adolescents,-4.09147936820729,Low-low surplus cluster,5.24738735017445,0.0001,0.00156,Low-low surplus cluster
E01000921,Camden 003C,Camden,children_and_adolescents,-3.32265599310031,Low-low surplus cluster,2.74902817027252,0.0006,0.0050255033557047,Low-low surplus cluster
E01000922,Camden 007E,Camden,children_and_adolescents,-2.82990880385629,Low-low surplus cluster,1.89992411951273,0.0012,0.00830846047156727,Low-low surplus cluster
E01000923,Camden 003D,Camden,children_and_adolescents,-2.63376732297082,Low-low surplus cluster,2.39285550570314,0.0072,0.0277976798143852,Low-low surplus cluster
E01000924,Camden 009C,Camden,children_and_adolescents,-2.84542826899039,Low-low surplus cluster,2.19417925975879,0.0017,0.0105421118012422,Low-low surplus cluster
E01000925,Camden 009D,Camden,children_and_adolescents,-1.05735621646566,Low-low surplus cluster,1.09216177386463,0.0005,0.00447311827956989,Low-low surplus cluster
E01000926,Camden 009E,Camden,children_and_adolescents,-2.05764030624675,Low-low surplus cluster,1.65101288557157,0.0002,0.00242330097087379,Low-low surplus cluster
E01000927,Camden 007F,Camden,children_and_adolescents,-2.86719860694192,Low-low surplus cluster,2.41262667670866,0.0004,0.00385482625482626,Low-low surplus cluster
E01000928,Camden 003E,Camden,children_and_adolescents,-1.7250233531446,Low-low surplus cluster,1.31162223286682,0.0028,0.0148224814422057,Low-low surplus cluster
E01000929,Camden 020A,Camden,children_and_adolescents,-0.285260464776404,Not significant,0.138661461029201,0.0295,0.0738165413533835,Not significant
E01000930,Camden 020B,Camden,children_and_adolescents,-2.20619993218286,Low-low surplus cluster,1.29817283268083,0.0069,0.0270367346938776,Low-low surplus cluster
E01000931,Camden 013C,Camden,children_and_adolescents,-1.46529417120718,Low-low surplus cluster,1.05728458200906,0.001,0.00731964809384164,Low-low surplus cluster
E01000932,Camden 013D,Camden,children_and_adolescents,-3.00806859407845,Not significant,1.6505094813866,0.0462,0.0996674157303371,Not significant
E01000933,Camden 020C,Camden,children_and_adolescents,-2.23170765910041,Not significant,0.925856938253753,0.0344,0.082125681492109,Not significant
E01000934,Camden 020D,Camden,children_and_adolescents,-1.70437146535776,Not significant,0.364731582318455,0.2131,0.281633871394549,Not significant
E01000935,Camden 020E,Camden,children_and_adolescents,-0.533876203425041,Not significant,0.195612635924345,0.0937,0.160463259005146,Not significant
E01000937,Camden 029G,Camden,children_and_adolescents,-4.07354228073071,Low-low surplus cluster,5.66673366018068,0.0001,0.00156,Low-low surplus cluster
E01000938,Camden 029A,Camden,children_and_adolescents,-2.74536347748862,Low-low surplus cluster,3.12513668390758,0.0001,0.00156,Low-low surplus cluster
E01000939,Camden 029B,Camden,children_and_adolescents,-2.40449113257674,Low-low surplus cluster,2.97360113561253,0.0001,0.00156,Low-low surplus cluster
E01000941,Camden 029D,Camden,children_and_adolescents,-2.83306176217752,Low-low surplus cluster,4.42157373892407,0.0001,0.00156,Low-low surplus cluster
E01000942,Camden 029C,Camden,children_and_adolescents,-4.88970065328585,Low-low surplus cluster,6.01003376157308,0.0001,0.00156,Low-low surplus cluster
E01000943,Camden 029F,Camden,children_and_adolescents,-5.18258037479027,Low-low surplus cluster,7.64920195211824,0.0001,0.00156,Low-low surplus cluster
E01000944,Camden 023A,Camden,children_and_adolescents,-3.29244860023914,Low-low surplus cluster,2.81328350235595,0.011,0.0371780636425186,Low-low surplus cluster
E01000946,Camden 021B,Camden,children_and_adolescents,-2.50644111246766,Low-low surplus cluster,2.80314002620636,0.0001,0.00156,Low-low surplus cluster
E01000947,Camden 021C,Camden,children_and_adolescents,-3.83996235136689,Low-low surplus cluster,3.69683882940611,0.0001,0.00156,Low-low surplus cluster
E01000948,Camden 021D,Camden,children_and_adolescents,-2.2135131779396,Low-low surplus cluster,2.11439859149498,0.0002,0.00242330097087379,Low-low surplus cluster
E01000949,Camden 023C,Camden,children_and_adolescents,-2.50218218492116,Low-low surplus cluster,2.13807870355533,0.0105,0.0358522571819425,Low-low surplus cluster
E01000951,Camden 023E,Camden,children_and_adolescents,-1.81573175879563,Low-low surplus cluster,1.84500121136331,0.0009,0.00673583208395802,Low-low surplus cluster
E01000952,Camden 022A,Camden,children_and_adolescents,-2.53289927963475,Low-low surplus cluster,2.12213969616073,0.0007,0.00557320574162679,Low-low surplus cluster
E01000954,Camden 022C,Camden,children_and_adolescents,-0.182396954495777,Low-low surplus cluster,0.184707569107743,0.0001,0.00156,Low-low surplus cluster
E01000955,Camden 022D,Camden,children_and_adolescents,-2.3188932156614,Low-low surplus cluster,1.7207059232697,0.0045,0.0202196219621962,Low-low surplus cluster
E01000956,Camden 022E,Camden,children_and_adolescents,-2.4056634156432,Low-low surplus cluster,2.71484888856075,0.0001,0.00156,Low-low surplus cluster
E01000957,Camden 019C,Camden,children_and_adolescents,-1.79932945563095,Low-low surplus cluster,1.35538538372375,0.0023,0.0129589164785553,Low-low surplus cluster
E01000958,Camden 019D,Camden,children_and_adolescents,-1.85307693959792,Low-low surplus cluster,1.84351581904308,0.0002,0.00242330097087379,Low-low surplus cluster
E01000959,Camden 019E,Camden,children_and_adolescents,-2.89097465569243,Low-low surplus cluster,3.33225142943044,0.0001,0.00156,Low-low surplus cluster
E01000960,Camden 017A,Camden,children_and_adolescents,-1.39907465033201,Not significant,0.626723928212264,0.0381,0.0881212569316081,Not significant
E01000961,Camden 017B,Camden,children_and_adolescents,-0.658186568989869,Not significant,0.273241373186696,0.0716,0.133219232202758,Not significant
E01000962,Camden 016A,Camden,children_and_adolescents,-1.21338107389696,Not significant,0.294234073308417,0.169,0.239740835464621,Not significant
E01000963,Camden 017C,Camden,children_and_adolescents,-1.03889203931937,Low-low surplus cluster,0.421068553279916,0.0262,0.0676968944099379,Not significant
E01000964,Camden 016B,Camden,children_and_adolescents,-0.140661546584606,Not significant,0.0437425601491787,0.1138,0.183550759289176,Not significant
E01000965,Camden 016C,Camden,children_and_adolescents,-0.216423462380216,Low-low surplus cluster,0.108163864097239,0.0269,0.069041028277635,Not significant
E01000966,Camden 016D,Camden,children_and_adolescents,0.580664527279677,Not significant,-0.189888889285836,0.1221,0.19203629489603,Not significant
E01000967,Camden 017D,Camden,children_and_adolescents,0.234253443459784,High-low spatial outlier,-0.134217716936605,0.0103,0.0354115702479339,High-low spatial outlier
E01000968,Camden 016E,Camden,children_and_adolescents,-1.90452759649273,Not significant,1.0644392596714,0.0408,0.0922017202354006,Not significant
E01000969,Camden 010A,Camden,children_and_adolescents,-2.35423403701469,Not significant,1.11998458128408,0.0303,0.0752525373134328,Not significant
E01000970,Camden 010B,Camden,children_and_adolescents,-3.82663277430744,Low-low surplus cluster,2.83049296744208,0.0048,0.0210929577464789,Low-low surplus cluster
E01000971,Camden 010C,Camden,children_and_adolescents,-2.16676931021711,Low-low surplus cluster,1.59827698403715,0.0055,0.023150084317032,Low-low surplus cluster
E01000972,Camden 010D,Camden,children_and_adolescents,-1.4528526304053,Not significant,0.573946816020334,0.0518,0.107207960199005,Not significant
E01000973,Camden 010E,Camden,children_and_adolescents,-1.23611291079592,Low-low surplus cluster,0.77957037422151,0.0032,0.016350460593654,Low-low surplus cluster
E01000974,Camden 013E,Camden,children_and_adolescents,-2.01227563441123,Low-low surplus cluster,1.23189325691255,0.0024,0.013312,Low-low surplus cluster
E01000975,Croydon 022A,Croydon,children_and_adolescents,-0.0796496405753909,Not significant,0.00632382683428937,0.3586,0.402729178852643,Not significant
E01000976,Croydon 022B,Croydon,children_and_adolescents,-0.200904847386756,Not significant,0.00677806134074938,0.4357,0.457897768421053,Not significant
E01000977,Croydon 022C,Croydon,children_and_adolescents,0.603850125091682,Not significant,0.165337593323417,0.1397,0.210689546827795,Not significant
E01000978,Croydon 022D,Croydon,children_and_adolescents,1.03953089102327,Not significant,0.245760382806284,0.264,0.325083374444993,Not significant
E01000979,Croydon 022E,Croydon,children_and_adolescents,0.487492964330718,Not significant,0.0477363729525994,0.3576,0.401967845079937,Not significant
E01000980,Croydon 017A,Croydon,children_and_adolescents,0.432971380713801,Not significant,0.00988818527546534,0.4832,0.488682009724473,Not significant
E01000981,Croydon 017B,Croydon,children_and_adolescents,-0.414830656205588,Not significant,-0.0173479275502991,0.447,0.464976870181288,Not significant
E01000982,Croydon 017C,Croydon,children_and_adolescents,0.0104460567512117,Not significant,-0.000752442264991398,0.3796,0.419054223794781,Not significant
E01000983,Croydon 017D,Croydon,children_and_adolescents,0.154443509095938,Not significant,0.00379248107260497,0.4731,0.482573600326931,Not significant
E01000984,Croydon 022F,Croydon,children_and_adolescents,-0.948465510384456,Not significant,-0.0265201535956289,0.4697,0.480381561155501,Not significant
E01000985,Croydon 021A,Croydon,children_and_adolescents,0.77080193868988,Not significant,0.12526618248104,0.2513,0.314487239909752,Not significant
E01000986,Croydon 021B,Croydon,children_and_adolescents,0.521918016416812,Not significant,0.0882351515058712,0.2517,0.31482996742671,Not significant
E01000987,Croydon 021C,Croydon,children_and_adolescents,-0.400032007596219,Not significant,-0.0869723249882865,0.2463,0.309939400050416,Not significant
E01000989,Croydon 018A,Croydon,children_and_adolescents,1.93118869884879,High-high mismatch cluster,1.28960264485226,0.0035,0.0173677932405567,High-high mismatch cluster
E01000990,Croydon 045A,Croydon,children_and_adolescents,-0.00457913132674595,Not significant,-0.00163307017577962,0.1349,0.205561904761905,Not significant
E01000991,Croydon 018B,Croydon,children_and_adolescents,0.748711099618706,High-high mismatch cluster,0.342815628687458,0.018,0.0523941690962099,Not significant
E01000992,Croydon 014A,Croydon,children_and_adolescents,0.814912211695975,Not significant,0.156931208988627,0.1987,0.267784565569347,Not significant
E01000993,Croydon 021D,Croydon,children_and_adolescents,0.197807035113288,Not significant,-0.00213735610342649,0.4795,0.486121852152721,Not significant
E01000994,Croydon 009A,Croydon,children_and_adolescents,0.64362497048816,Not significant,0.0700487533776803,0.3046,0.358877318857682,Not significant
E01000995,Croydon 009B,Croydon,children_and_adolescents,-0.14563032203524,Not significant,-0.0136511701221751,0.3679,0.410679069767442,Not significant
E01000996,Croydon 009C,Croydon,children_and_adolescents,-0.194394291337948,Not significant,-0.0356660358386563,0.287,0.343821454283657,Not significant
E01000997,Croydon 009D,Croydon,children_and_adolescents,0.82026375370275,Not significant,0.20701823363975,0.1391,0.210038475499093,Not significant
E01000998,Croydon 010A,Croydon,children_and_adolescents,0.563138363188804,Not significant,0.0910996672939377,0.2477,0.311387156887434,Not significant
E01000999,Croydon 009E,Croydon,children_and_adolescents,-0.0826054587600998,Not significant,-0.0115371870578185,0.2982,0.353590118764846,Not significant
E01001000,Croydon 010B,Croydon,children_and_adolescents,0.633711228537645,Not significant,0.165568764011154,0.1513,0.221817797356828,Not significant
E01001001,Croydon 013A,Croydon,children_and_adolescents,1.07668327119152,Not significant,0.325662168605351,0.1357,0.206214429223744,Not significant
E01001002,Croydon 009F,Croydon,children_and_adolescents,1.54642867109239,Not significant,0.615081814315364,0.0883,0.154069765816148,Not significant
E01001003,Croydon 010C,Croydon,children_and_adolescents,1.54469698747141,Not significant,0.514142471258847,0.0597,0.117981947743468,Not significant
E01001004,Croydon 015A,Croydon,children_and_adolescents,1.17870909724102,Not significant,0.419619943730128,0.096,0.163059544062606,Not significant
E01001005,Croydon 019A,Croydon,children_and_adolescents,0.425550192500962,Not significant,0.117248535805915,0.1348,0.205535003054368,Not significant
E01001006,Croydon 016A,Croydon,children_and_adolescents,3.23882681719765,High-high mismatch cluster,1.7607052566357,0.0186,0.0535783035199077,Not significant
E01001007,Croydon 016B,Croydon,children_and_adolescents,2.19969226956497,High-high mismatch cluster,1.45526260869183,0.0089,0.0321249457700651,High-high mismatch cluster
E01001008,Croydon 019B,Croydon,children_and_adolescents,1.27761846316229,High-high mismatch cluster,0.685975307330081,0.0113,0.0379096774193548,High-high mismatch cluster
E01001009,Croydon 019C,Croydon,children_and_adolescents,1.17149879215502,Not significant,0.433228688579888,0.0879,0.153586559327966,Not significant
E01001010,Croydon 019D,Croydon,children_and_adolescents,0.848973978286167,High-high mismatch cluster,0.515685975241606,0.0007,0.00557320574162679,High-high mismatch cluster
E01001011,Croydon 019E,Croydon,children_and_adolescents,1.28048176146942,Not significant,0.295145221081576,0.1701,0.240685714285714,Not significant
E01001012,Croydon 020A,Croydon,children_and_adolescents,0.287642309808823,Not significant,0.0410571178610846,0.3026,0.357279848628193,Not significant
E01001013,Croydon 020B,Croydon,children_and_adolescents,1.63214672317972,Not significant,0.256169442593934,0.2854,0.342562346717961,Not significant
E01001015,Croydon 041A,Croydon,children_and_adolescents,1.49696574405825,High-high mismatch cluster,1.01418940285537,0.0038,0.018328115942029,High-high mismatch cluster
E01001016,Croydon 041B,Croydon,children_and_adolescents,2.29571601932471,High-high mismatch cluster,1.12748925402312,0.0119,0.0393409271523179,High-high mismatch cluster
E01001017,Croydon 043A,Croydon,children_and_adolescents,2.0387803396429,Not significant,1.13392200181671,0.0248,0.0651930489731438,Not significant
E01001018,Croydon 044A,Croydon,children_and_adolescents,-0.796914356456941,Not significant,-0.349614420709582,0.0341,0.081565500718735,Not significant
E01001019,Croydon 044B,Croydon,children_and_adolescents,0.353425803576126,Not significant,0.126454487598239,0.0719,0.133528571428571,Not significant
E01001020,Croydon 044C,Croydon,children_and_adolescents,-0.460536523569159,Not significant,-0.068979531482345,0.3433,0.390465618591934,Not significant
E01001021,Croydon 044D,Croydon,children_and_adolescents,1.12358807849119,Not significant,0.300726724177996,0.1881,0.257965714285714,Not significant
E01001022,Croydon 044E,Croydon,children_and_adolescents,0.908602430105248,Not significant,0.137811197359503,0.3252,0.375439037927845,Not significant
E01001023,Croydon 041C,Croydon,children_and_adolescents,1.37015480363366,High-high mismatch cluster,0.758394596742273,0.0058,0.0239285950413223,High-high mismatch cluster
E01001024,Croydon 043B,Croydon,children_and_adolescents,-0.709003954022711,Low-high spatial outlier,-0.424176516068845,0.0101,0.0350376650451703,Low-high spatial outlier
E01001025,Croydon 043C,Croydon,children_and_adolescents,1.12035264837503,High-high mismatch cluster,0.822644064932887,0.0038,0.018328115942029,High-high mismatch cluster
E01001026,Croydon 043D,Croydon,children_and_adolescents,3.09340463201117,Not significant,2.36018958248884,0.0277,0.070406517311609,Not significant
E01001027,Croydon 043E,Croydon,children_and_adolescents,2.92649356350412,High-high mismatch cluster,1.54676424110315,0.0104,0.0356082304526749,High-high mismatch cluster
E01001028,Croydon 038A,Croydon,children_and_adolescents,1.60356309267562,Not significant,0.662398176577323,0.0633,0.122763636363636,Not significant
E01001029,Croydon 038B,Croydon,children_and_adolescents,1.76958259226118,High-high mismatch cluster,0.900343912126976,0.0094,0.0332564138908576,High-high mismatch cluster
E01001030,Croydon 038C,Croydon,children_and_adolescents,2.19783066694143,Not significant,1.12900945122311,0.0228,0.062059760087241,Not significant
E01001031,Croydon 038D,Croydon,children_and_adolescents,0.033554652537428,High-high mismatch cluster,0.0169627828437341,0.0182,0.0527303540336622,Not significant
E01001032,Croydon 035A,Croydon,children_and_adolescents,1.24866033716894,Not significant,0.536239750713113,0.0295,0.0738165413533835,Not significant
E01001033,Croydon 031A,Croydon,children_and_adolescents,0.438882063949413,Not significant,0.0917289153358652,0.2091,0.277466028708134,Not significant
E01001034,Croydon 031B,Croydon,children_and_adolescents,-1.10734603220557,Not significant,-0.448183389118001,0.0392,0.0896410444342648,Not significant
E01001035,Croydon 047C,Croydon,children_and_adolescents,0.418273266017268,Not significant,0.000932080005779439,0.4847,0.489901275561855,Not significant
E01001036,Croydon 029A,Croydon,children_and_adolescents,0.74487195946885,Not significant,0.290101556694448,0.0404,0.0915880108991826,Not significant
E01001037,Croydon 029B,Croydon,children_and_adolescents,0.838403323581068,Not significant,0.0664314137865727,0.3901,0.425935958005249,Not significant
E01001038,Croydon 029C,Croydon,children_and_adolescents,0.229379879264542,Not significant,0.0565731412166747,0.1636,0.234344677187948,Not significant
E01001039,Croydon 029D,Croydon,children_and_adolescents,1.86062143596594,Not significant,0.267467566916822,0.305,0.358925035360679,Not significant
E01001040,Croydon 029E,Croydon,children_and_adolescents,0.791695705654546,Not significant,0.173559206998227,0.1855,0.254890173410405,Not significant
E01001041,Croydon 031C,Croydon,children_and_adolescents,0.477108417866851,Not significant,0.0590918314478158,0.3631,0.406320376597176,Not significant
E01001042,Croydon 024B,Croydon,children_and_adolescents,-0.617155882583747,Not significant,0.0268656924594181,0.4209,0.447144669078527,Not significant
E01001044,Croydon 023A,Croydon,children_and_adolescents,1.02564889516418,Not significant,0.213147960521778,0.2029,0.271475958188153,Not significant
E01001046,Croydon 023B,Croydon,children_and_adolescents,1.23409542600686,Not significant,0.493376509794819,0.1308,0.200847000922793,Not significant
E01001047,Croydon 047A,Croydon,children_and_adolescents,-0.724472392337923,Not significant,0.187193455944171,0.1394,0.210364207980653,Not significant
E01001049,Croydon 023C,Croydon,children_and_adolescents,1.36542843702925,Not significant,0.423919226037981,0.05,0.104829903401932,Not significant
E01001050,Croydon 023D,Croydon,children_and_adolescents,0.790391586860283,Not significant,0.165010266070477,0.1758,0.245755698683842,Not significant
E01001051,Croydon 030A,Croydon,children_and_adolescents,-0.0418027293640473,Not significant,-0.00874773950899034,0.2612,0.32247456118665,Not significant
E01001052,Croydon 030B,Croydon,children_and_adolescents,1.30241635661821,Not significant,0.262077955750484,0.266,0.327142645971914,Not significant
E01001053,Croydon 032A,Croydon,children_and_adolescents,1.2577108447027,High-high mismatch cluster,0.967555935961353,0.0002,0.00242330097087379,High-high mismatch cluster
E01001054,Croydon 030C,Croydon,children_and_adolescents,0.744608036687059,Not significant,0.285631884493104,0.1002,0.168303633916555,Not significant
E01001055,Croydon 032B,Croydon,children_and_adolescents,1.33782753807484,High-high mismatch cluster,0.868529220548365,0.0005,0.00447311827956989,High-high mismatch cluster
E01001056,Croydon 030D,Croydon,children_and_adolescents,3.24242302608002,High-high mismatch cluster,2.66850743189289,0.0052,0.0222246575342466,High-high mismatch cluster
E01001057,Croydon 030E,Croydon,children_and_adolescents,3.95219665536441,Not significant,1.76019980850576,0.0323,0.0786928257686677,Not significant
E01001058,Croydon 034A,Croydon,children_and_adolescents,0.690664223723632,Not significant,0.158130606694077,0.2727,0.332272003905297,Not significant
E01001059,Croydon 034B,Croydon,children_and_adolescents,1.09083651031824,Not significant,0.283848313477556,0.1297,0.199649213691027,Not significant
E01001060,Croydon 034C,Croydon,children_and_adolescents,1.90920770847398,Not significant,0.752094350641763,0.0371,0.0864223985067662,Not significant
E01001061,Croydon 034D,Croydon,children_and_adolescents,0.0753119709943138,Not significant,0.0206066926983714,0.1625,0.233170451279103,Not significant
E01001062,Croydon 026A,Croydon,children_and_adolescents,-0.289801379389287,Not significant,-0.10840873889778,0.0851,0.150218953323904,Not significant
E01001063,Croydon 026B,Croydon,children_and_adolescents,0.812833366034497,Not significant,0.0438301884955788,0.4265,0.451173553719008,Not significant
E01001064,Croydon 026C,Croydon,children_and_adolescents,1.74940596530996,Not significant,0.325434601384424,0.1425,0.212982035928144,Not significant
E01001065,Croydon 034E,Croydon,children_and_adolescents,-1.1774480985637,Low-high spatial outlier,-0.567212651186669,0.0025,0.0136542669584245,Low-high spatial outlier
E01001066,Croydon 034F,Croydon,children_and_adolescents,1.13187821924325,Not significant,0.280432845445546,0.224,0.291048412285268,Not significant
E01001067,Croydon 041D,Croydon,children_and_adolescents,2.52162465130509,High-high mismatch cluster,1.83037848201225,0.0016,0.010097597977244,High-high mismatch cluster
E01001068,Croydon 042A,Croydon,children_and_adolescents,1.96362487362037,High-high mismatch cluster,1.35251139563503,0.003,0.0155837669094693,High-high mismatch cluster
E01001069,Croydon 040A,Croydon,children_and_adolescents,1.66828258316061,High-high mismatch cluster,1.40111775659734,0.0002,0.00242330097087379,High-high mismatch cluster
E01001070,Croydon 040B,Croydon,children_and_adolescents,2.13758414680094,High-high mismatch cluster,1.30111086721627,0.0024,0.013312,High-high mismatch cluster
E01001071,Croydon 042B,Croydon,children_and_adolescents,1.66582077964799,Not significant,1.1284362343116,0.0195,0.055529948659441,Not significant
E01001072,Croydon 042C,Croydon,children_and_adolescents,1.74392776177188,Not significant,0.773035875915371,0.0457,0.0988879063719116,Not significant
E01001073,Croydon 037A,Croydon,children_and_adolescents,1.48840958969306,High-high mismatch cluster,1.11811645218391,0.0009,0.00673583208395802,High-high mismatch cluster
E01001074,Croydon 041E,Croydon,children_and_adolescents,2.03538045480627,High-high mismatch cluster,1.48927304845734,0.0004,0.00385482625482626,High-high mismatch cluster
E01001075,Croydon 040C,Croydon,children_and_adolescents,1.90415743007928,High-high mismatch cluster,1.51309437182892,0.0012,0.00830846047156727,High-high mismatch cluster
E01001076,Croydon 036A,Croydon,children_and_adolescents,1.78519229639146,High-high mismatch cluster,1.01248400346793,0.0061,0.0247973941368078,High-high mismatch cluster
E01001077,Croydon 032C,Croydon,children_and_adolescents,0.727047091982075,Not significant,0.412880074932814,0.023,0.0623322475570033,Not significant
E01001078,Croydon 032D,Croydon,children_and_adolescents,1.68218846337192,High-high mismatch cluster,0.885166073401919,0.0079,0.0297187641296157,High-high mismatch cluster
E01001079,Croydon 036B,Croydon,children_and_adolescents,1.87314661617543,High-high mismatch cluster,1.24950418468312,0.0102,0.0351889426399447,High-high mismatch cluster
E01001080,Croydon 036C,Croydon,children_and_adolescents,1.31570994477282,High-high mismatch cluster,0.93050148536861,0.0062,0.0250813614262561,High-high mismatch cluster
E01001081,Croydon 036D,Croydon,children_and_adolescents,2.12657419809242,High-high mismatch cluster,1.4907558271821,0.0011,0.00778893617021277,High-high mismatch cluster
E01001082,Croydon 032E,Croydon,children_and_adolescents,1.30090231489084,High-high mismatch cluster,0.761053192059557,0.0036,0.017670796460177,High-high mismatch cluster
E01001083,Croydon 003A,Croydon,children_and_adolescents,1.21931916496847,Not significant,0.298635183541988,0.1671,0.237924472333143,Not significant
E01001084,Croydon 002A,Croydon,children_and_adolescents,0.63998943008151,Not significant,0.154001675932371,0.1507,0.221263058823529,Not significant
E01001085,Croydon 004A,Croydon,children_and_adolescents,0.0345967942842877,Not significant,0.0099164146085511,0.09,0.156325678496869,Not significant
E01001086,Croydon 003B,Croydon,children_and_adolescents,0.307132842606395,Not significant,0.0837546019619097,0.1574,0.227619003476246,Not significant
E01001087,Croydon 003C,Croydon,children_and_adolescents,1.30515955993986,Not significant,0.293438062660751,0.1509,0.22136138701146,Not significant
E01001088,Croydon 004B,Croydon,children_and_adolescents,0.899998223464763,Not significant,0.144071941140178,0.2537,0.316696774193548,Not significant
E01001089,Croydon 004C,Croydon,children_and_adolescents,0.26175936590157,Not significant,0.084308131564372,0.149,0.219606731620903,Not significant
E01001090,Croydon 004D,Croydon,children_and_adolescents,1.18043730837354,Not significant,0.303440826155193,0.1756,0.24554487394958,Not significant
E01001091,Croydon 004E,Croydon,children_and_adolescents,0.6358195209142,Not significant,0.0934169529385053,0.2958,0.351328479657388,Not significant
E01001092,Croydon 037B,Croydon,children_and_adolescents,0.930893256327107,Not significant,0.356455889456684,0.0599,0.118283544303797,Not significant
E01001093,Croydon 037C,Croydon,children_and_adolescents,0.472732179778187,Not significant,0.210169527904858,0.031,0.0763830207305035,Not significant
E01001094,Croydon 038E,Croydon,children_and_adolescents,0.316108954080592,Not significant,0.146995183459839,0.0246,0.0647696202531646,Not significant
E01001095,Croydon 031D,Croydon,children_and_adolescents,1.50147889736676,Not significant,0.544049140771575,0.1127,0.182365769854133,Not significant
E01001096,Croydon 037D,Croydon,children_and_adolescents,2.14057490616721,High-high mismatch cluster,1.10186057748253,0.0095,0.033586402266289,High-high mismatch cluster
E01001097,Croydon 037E,Croydon,children_and_adolescents,0.874173733162715,High-high mismatch cluster,0.575234019261125,0.0011,0.00778893617021277,High-high mismatch cluster
E01001098,Croydon 037F,Croydon,children_and_adolescents,2.33086985046486,High-high mismatch cluster,1.70997668415882,0.0046,0.0204845673505798,High-high mismatch cluster
E01001099,Croydon 040D,Croydon,children_and_adolescents,3.08543096360363,High-high mismatch cluster,1.92896231496336,0.0037,0.0179673151750973,High-high mismatch cluster
E01001100,Croydon 031E,Croydon,children_and_adolescents,0.7924056930659,Not significant,0.291297989533073,0.0857,0.150957798165138,Not significant
E01001101,Croydon 035B,Croydon,children_and_adolescents,2.57582881030823,High-high mismatch cluster,1.39897819703223,0.017,0.0503643916913947,Not significant
E01001102,Croydon 035C,Croydon,children_and_adolescents,0.603033117049491,Not significant,0.282609355368406,0.0209,0.0581889570552147,Not significant
E01001103,Croydon 039A,Croydon,children_and_adolescents,0.622101037300062,High-high mismatch cluster,0.345734372950066,0.0162,0.0486877784467188,High-high mismatch cluster
E01001104,Croydon 042D,Croydon,children_and_adolescents,1.68237427539103,High-high mismatch cluster,1.25961587778993,0.0001,0.00156,High-high mismatch cluster
E01001105,Croydon 039B,Croydon,children_and_adolescents,1.66622937990646,Not significant,0.831171604724769,0.0461,0.0995377162629758,Not significant
E01001106,Croydon 039C,Croydon,children_and_adolescents,2.14335862556172,Not significant,1.01448702475329,0.1421,0.21251144397843,Not significant
E01001107,Croydon 035D,Croydon,children_and_adolescents,1.90274787862473,High-high mismatch cluster,0.996616942164208,0.0065,0.0259169329073482,High-high mismatch cluster
E01001108,Croydon 035E,Croydon,children_and_adolescents,2.39200476997841,High-high mismatch cluster,1.33962839641796,0.0171,0.0505107692307692,Not significant
E01001109,Croydon 013B,Croydon,children_and_adolescents,0.191704724827668,Not significant,0.030799624485951,0.2006,0.269554562584118,Not significant
E01001110,Croydon 020D,Croydon,children_and_adolescents,0.556690695348717,Not significant,-0.00137584682931949,0.4926,0.494682807158657,Not significant
E01001111,Croydon 010D,Croydon,children_and_adolescents,0.34519144118297,Not significant,0.0761653129889827,0.1432,0.213708340807175,Not significant
E01001112,Croydon 013C,Croydon,children_and_adolescents,0.785234694443831,Not significant,0.100934702593681,0.3143,0.36667109137649,Not significant
E01001113,Croydon 013D,Croydon,children_and_adolescents,0.666646003584898,Not significant,0.15645252392839,0.2292,0.29580310237849,Not significant
E01001114,Croydon 013E,Croydon,children_and_adolescents,1.16884073348396,Not significant,0.251050194195841,0.1746,0.244832359550562,Not significant
E01001115,Croydon 015B,Croydon,children_and_adolescents,0.0755587251144647,Not significant,0.0179616697287911,0.1145,0.184263056092843,Not significant
E01001116,Croydon 013F,Croydon,children_and_adolescents,0.0885893778916022,Not significant,0.0135668660691623,0.3186,0.370389194224499,Not significant
E01001118,Croydon 020E,Croydon,children_and_adolescents,0.193639514747664,Not significant,0.0166217292227829,0.3993,0.431731773879142,Not significant
E01001119,Croydon 034G,Croydon,children_and_adolescents,1.58563939652872,Not significant,0.576901842975722,0.0871,0.152562526315789,Not significant
E01001120,Croydon 033A,Croydon,children_and_adolescents,0.363647915087462,Not significant,0.10474651972326,0.1499,0.220477548615203,Not significant
E01001121,Croydon 039D,Croydon,children_and_adolescents,0.844534621553285,Not significant,0.31439638813957,0.0484,0.102682872928177,Not significant
E01001122,Croydon 033B,Croydon,children_and_adolescents,1.08472696449793,Not significant,0.40774001352261,0.0497,0.104420202020202,Not significant
E01001123,Croydon 033C,Croydon,children_and_adolescents,0.845932682896135,Not significant,0.225527332492054,0.121,0.190847393364929,Not significant
E01001124,Croydon 033D,Croydon,children_and_adolescents,1.09646884900734,Not significant,0.434641160074011,0.0706,0.132146681664792,Not significant
E01001125,Croydon 033E,Croydon,children_and_adolescents,-0.0707590113516751,Not significant,-0.0215881386070256,0.106,0.174984126984127,Not significant
E01001126,Croydon 034H,Croydon,children_and_adolescents,0.617191437059043,Not significant,0.233456391901225,0.0874,0.152927024185068,Not significant
E01001127,Croydon 025A,Croydon,children_and_adolescents,-0.707785071420243,Low-high spatial outlier,-0.405091680454368,0.014,0.0441212121212121,Low-high spatial outlier
E01001128,Croydon 025B,Croydon,children_and_adolescents,2.31308364749069,Not significant,0.70603110918897,0.169,0.239740835464621,Not significant
E01001129,Croydon 026D,Croydon,children_and_adolescents,0.0567682496405818,Not significant,0.00558223022299862,0.368,0.41069885982562,Not significant
E01001130,Croydon 025C,Croydon,children_and_adolescents,3.22205898691128,Not significant,1.16439045841635,0.1175,0.187459252157239,Not significant
E01001131,Croydon 018C,Croydon,children_and_adolescents,1.67992099460971,Not significant,0.802002333242857,0.0383,0.0883111316397229,Not significant
E01001132,Croydon 018D,Croydon,children_and_adolescents,-0.125783497810595,Not significant,-0.0321166573006225,0.1529,0.223326315789474,Not significant
E01001133,Croydon 026E,Croydon,children_and_adolescents,-0.788877344391044,Not significant,-0.13885039538434,0.2722,0.331824761904762,Not significant
E01001134,Croydon 018E,Croydon,children_and_adolescents,0.257878095345865,Not significant,0.0372245161097477,0.3099,0.363150422535211,Not significant
E01001135,Croydon 025D,Croydon,children_and_adolescents,0.244989229836804,Not significant,0.0373277422518447,0.2592,0.321046840148699,Not significant
E01001136,Croydon 007A,Croydon,children_and_adolescents,-0.528949075999245,Not significant,-0.0901336514820523,0.2185,0.285911402359109,Not significant
E01001137,Croydon 001A,Croydon,children_and_adolescents,-0.0410065850581273,Not significant,0.0035455095240422,0.3584,0.402595139513951,Not significant
E01001138,Croydon 001B,Croydon,children_and_adolescents,-0.256923521899788,Not significant,0.0119563710210546,0.417,0.444230473751601,Not significant
E01001139,Croydon 007B,Croydon,children_and_adolescents,1.03509340134681,Not significant,0.142000518080416,0.2963,0.351754958382878,Not significant
E01001140,Croydon 007C,Croydon,children_and_adolescents,-0.380435358586602,Not significant,-0.0793224332513433,0.1739,0.244125084364454,Not significant
E01001141,Croydon 008A,Croydon,children_and_adolescents,1.49390268619144,Not significant,0.532499240965698,0.1578,0.227999305354559,Not significant
E01001142,Croydon 007D,Croydon,children_and_adolescents,0.966856252130889,Not significant,0.150204434932117,0.2431,0.306840758533502,Not significant
E01001143,Croydon 008B,Croydon,children_and_adolescents,1.4962911744207,Not significant,0.450552388022058,0.1133,0.182862463627546,Not significant
E01001144,Croydon 007E,Croydon,children_and_adolescents,-0.109709029472876,Not significant,-0.0188396097946515,0.2972,0.352739514978602,Not significant
E01001145,Croydon 008C,Croydon,children_and_adolescents,-0.0814567146193765,Not significant,-0.0195220819056723,0.1699,0.240607319148936,Not significant
E01001146,Croydon 006A,Croydon,children_and_adolescents,-0.202075281727423,Not significant,-0.0265846502459713,0.3251,0.375439037927845,Not significant
E01001147,Croydon 005A,Croydon,children_and_adolescents,0.379339506235235,Not significant,0.0718905293953032,0.19,0.259715224534502,Not significant
E01001148,Croydon 005B,Croydon,children_and_adolescents,0.282661906838124,Not significant,0.0338623762520591,0.3423,0.389772262773723,Not significant
E01001149,Croydon 006B,Croydon,children_and_adolescents,1.27073052262241,Not significant,0.0264174771563599,0.4824,0.488169633083316,Not significant
E01001150,Croydon 006C,Croydon,children_and_adolescents,0.504723931311232,Not significant,0.0977073706856573,0.255,0.317604790419162,Not significant
E01001151,Croydon 005C,Croydon,children_and_adolescents,-0.277477478658433,Not significant,-0.0371907915731452,0.3454,0.39169395729214,Not significant
E01001152,Croydon 005D,Croydon,children_and_adolescents,-0.164846133904029,Not significant,-0.0115396854136852,0.3838,0.421639436619718,Not significant
E01001153,Croydon 006D,Croydon,children_and_adolescents,-0.214307851016524,Not significant,-0.034856501730697,0.2667,0.327842009357301,Not significant
E01001154,Croydon 006E,Croydon,children_and_adolescents,0.857853016436769,Not significant,0.128673993807232,0.3028,0.35734695035461,Not significant
E01001155,Croydon 010E,Croydon,children_and_adolescents,0.319654506420275,Not significant,0.0508519526016085,0.2703,0.330963355408389,Not significant
E01001156,Croydon 001C,Croydon,children_and_adolescents,0.0938287974455312,Not significant,0.0061409513686491,0.4216,0.447697766432674,Not significant
E01001157,Croydon 002B,Croydon,children_and_adolescents,0.480294897959363,Not significant,0.15687751054946,0.0943,0.160993707250342,Not significant
E01001158,Croydon 005E,Croydon,children_and_adolescents,0.568991292785527,Not significant,0.0868138528076579,0.2539,0.316708845577211,Not significant
E01001159,Croydon 002C,Croydon,children_and_adolescents,1.2066483271021,Not significant,0.179314510992524,0.2708,0.331169426751592,Not significant
E01001160,Croydon 002D,Croydon,children_and_adolescents,1.00942305343449,Not significant,0.222024279372692,0.2157,0.28418432304038,Not significant
E01001161,Croydon 003D,Croydon,children_and_adolescents,0.745711947952502,Not significant,0.226410657567372,0.1323,0.202527322907084,Not significant
E01001162,Croydon 001D,Croydon,children_and_adolescents,0.380621821739133,Not significant,-0.00199258786038843,0.4763,0.484451833740831,Not significant
E01001163,Croydon 002E,Croydon,children_and_adolescents,-0.412686069695343,Not significant,-0.0942847057822828,0.1833,0.25312132780083,Not significant
E01001164,Croydon 001E,Croydon,children_and_adolescents,-1.24406023159656,Not significant,0.151298280498741,0.3029,0.357380477428504,Not significant
E01001165,Croydon 024C,Croydon,children_and_adolescents,1.15363304122853,High-high mismatch cluster,0.648224853049388,0.0151,0.0463872,High-high mismatch cluster
E01001166,Croydon 024D,Croydon,children_and_adolescents,0.469038577828323,Not significant,0.0929589709060156,0.2004,0.26943086453003,Not significant
E01001167,Croydon 028A,Croydon,children_and_adolescents,1.68438019774574,High-high mismatch cluster,0.928095304932201,0.0026,0.0139711517761033,High-high mismatch cluster
E01001168,Croydon 024E,Croydon,children_and_adolescents,0.89929217113227,Not significant,0.381594309269475,0.0754,0.138330319735391,Not significant
E01001169,Croydon 028B,Croydon,children_and_adolescents,1.98916940654085,Not significant,1.14277413741918,0.0227,0.0618550218340611,Not significant
E01001170,Croydon 047D,Croydon,children_and_adolescents,-0.0873807969763641,Not significant,-0.0161801641140667,0.2384,0.303022267412303,Not significant
E01001171,Croydon 028C,Croydon,children_and_adolescents,1.19555703049206,Not significant,0.461705832276611,0.0556,0.112098222940226,Not significant
E01001172,Croydon 028D,Croydon,children_and_adolescents,2.02287314767336,Not significant,0.980475144376998,0.0323,0.0786928257686677,Not significant
E01001173,Croydon 028E,Croydon,children_and_adolescents,1.19202140760787,High-high mismatch cluster,0.422487832195294,0.0196,0.0556559726962457,Not significant
E01001174,Croydon 011A,Croydon,children_and_adolescents,1.23659551575871,Not significant,0.237164349873575,0.2741,0.333286194302411,Not significant
E01001175,Croydon 011B,Croydon,children_and_adolescents,0.676429708440569,Not significant,0.202170659195408,0.1165,0.186579403272377,Not significant
E01001176,Croydon 011C,Croydon,children_and_adolescents,1.17641867750863,Not significant,0.498130387869619,0.042,0.093977588525325,Not significant
E01001177,Croydon 016C,Croydon,children_and_adolescents,0.89702019598194,High-high mismatch cluster,0.440169061524967,0.0076,0.028983346065699,High-high mismatch cluster
E01001178,Croydon 015D,Croydon,children_and_adolescents,0.87874127741202,Not significant,0.275738405260091,0.0725,0.134392870404753,Not significant
E01001179,Croydon 016D,Croydon,children_and_adolescents,1.73076117352859,Not significant,0.855510929832684,0.0463,0.0997107851596204,Not significant
E01001180,Croydon 016E,Croydon,children_and_adolescents,1.57955954334483,High-high mismatch cluster,0.990193654997556,0.0011,0.00778893617021277,High-high mismatch cluster
E01001181,Croydon 015E,Croydon,children_and_adolescents,1.60950091604863,Not significant,0.522743705173125,0.0945,0.161169798428425,Not significant
E01001182,Croydon 011D,Croydon,children_and_adolescents,-0.430247434403022,Not significant,-0.0412336472251908,0.3634,0.406473851669281,Not significant
E01001183,Croydon 011E,Croydon,children_and_adolescents,0.416512236972489,Not significant,0.055992983264899,0.2777,0.336312081513828,Not significant
E01001184,Croydon 011F,Croydon,children_and_adolescents,-0.454467148661656,Not significant,-0.0913580385358768,0.2414,0.305003492786636,Not significant
E01001185,Croydon 014B,Croydon,children_and_adolescents,-0.847046879106506,Not significant,-0.0512648771462187,0.3976,0.431137125488493,Not significant
E01001186,Croydon 014C,Croydon,children_and_adolescents,-1.12887659398282,Not significant,-0.0861298100943143,0.3987,0.431717157712305,Not significant
E01001187,Croydon 017E,Croydon,children_and_adolescents,0.717761685912824,Not significant,0.0361381968962284,0.4386,0.459599244491081,Not significant
E01001188,Croydon 014D,Croydon,children_and_adolescents,0.833203985056528,Not significant,-0.0615188313341082,0.4025,0.433983847980998,Not significant
E01001189,Croydon 045B,Croydon,children_and_adolescents,0.448476881613579,Not significant,0.0538629856239841,0.3197,0.371494972067039,Not significant
E01001190,Croydon 045C,Croydon,children_and_adolescents,1.18445840521041,Not significant,0.221427191317769,0.2388,0.303022267412303,Not significant
E01001191,Croydon 008D,Croydon,children_and_adolescents,0.22079107465055,Not significant,-0.00747746891220195,0.4424,0.4622144830473,Not significant
E01001192,Croydon 008E,Croydon,children_and_adolescents,0.463292587867568,Not significant,0.0535997686753112,0.3684,0.410797677534614,Not significant
E01001193,Croydon 014E,Croydon,children_and_adolescents,0.654709179781262,Not significant,-0.00699967957791824,0.4684,0.479346617466175,Not significant
E01001194,Croydon 045D,Croydon,children_and_adolescents,-0.0951201342058916,Not significant,-0.0251253772059688,0.0965,0.16379734784087,Not significant
E01001195,Ealing 021A,Ealing,children_and_adolescents,1.25725979326505,Not significant,0.532922558994198,0.084,0.148645161290323,Not significant
E01001196,Ealing 015A,Ealing,children_and_adolescents,0.526828328273633,Not significant,0.0856841352814637,0.2314,0.297488745815091,Not significant
E01001197,Ealing 021B,Ealing,children_and_adolescents,1.60456404324147,Not significant,0.172846072921492,0.3114,0.364138861560084,Not significant
E01001198,Ealing 021C,Ealing,children_and_adolescents,0.710474731043122,Not significant,0.0778169134841801,0.3679,0.410679069767442,Not significant
E01001199,Ealing 021D,Ealing,children_and_adolescents,0.542784178818558,Not significant,0.103112535677155,0.2471,0.310789417989418,Not significant
E01001200,Ealing 025A,Ealing,children_and_adolescents,-0.561053264712491,Not significant,0.0756418507780925,0.2922,0.347963358778626,Not significant
E01001201,Ealing 025B,Ealing,children_and_adolescents,0.654477048549198,Not significant,-0.1318452467981,0.227,0.29349494949495,Not significant
E01001202,Ealing 025C,Ealing,children_and_adolescents,-0.975460183335685,Not significant,0.219307730267302,0.1831,0.252985109327429,Not significant
E01001203,Ealing 025D,Ealing,children_and_adolescents,-2.38724401974746,Not significant,0.790289319684165,0.0842,0.148893517534538,Not significant
E01001204,Ealing 018A,Ealing,children_and_adolescents,0.315781965894058,Not significant,0.0293398867827781,0.3689,0.410968266012051,Not significant
E01001205,Ealing 018B,Ealing,children_and_adolescents,0.933192037651432,Not significant,0.0671848248225768,0.3741,0.414909397911575,Not significant
E01001206,Ealing 018C,Ealing,children_and_adolescents,2.1179845625953,Not significant,0.693910975674309,0.0891,0.155140286013254,Not significant
E01001207,Ealing 018D,Ealing,children_and_adolescents,-1.03260879585818,Not significant,0.202540926774308,0.2095,0.277775298804781,Not significant
E01001208,Ealing 018E,Ealing,children_and_adolescents,0.450191667465935,Not significant,0.122003127153499,0.1184,0.188353346080306,Not significant
E01001209,Ealing 013A,Ealing,children_and_adolescents,-0.539503061368959,Not significant,-0.00570408242892832,0.4915,0.494471584038694,Not significant
E01001210,Ealing 016A,Ealing,children_and_adolescents,1.71102767502749,Not significant,0.604959811303893,0.0813,0.145101751877011,Not significant
E01001211,Ealing 013B,Ealing,children_and_adolescents,0.0885292754431601,Not significant,-0.020603641234977,0.221,0.288200626959248,Not significant
E01001212,Ealing 018F,Ealing,children_and_adolescents,-0.476545907977831,Not significant,0.0360922153498685,0.375,0.415538290788013,Not significant
E01001213,Ealing 023A,Ealing,children_and_adolescents,0.489489825626766,Not significant,0.129413295724379,0.143,0.213537541130721,Not significant
E01001214,Ealing 023B,Ealing,children_and_adolescents,0.138687557892725,Not significant,0.0479861518684423,0.0595,0.117913457721318,Not significant
E01001215,Ealing 023C,Ealing,children_and_adolescents,-0.213821608288102,Not significant,-0.04133354095496,0.2704,0.330964705882353,Not significant
E01001216,Ealing 023D,Ealing,children_and_adolescents,1.29328775492797,Not significant,0.245157045710642,0.2567,0.319323797657613,Not significant
E01001217,Ealing 014A,Ealing,children_and_adolescents,1.06866703449799,High-high mismatch cluster,0.492871966683214,0.0208,0.0580400223588597,Not significant
E01001218,Ealing 012A,Ealing,children_and_adolescents,1.97493799852862,Not significant,0.577960030304728,0.1435,0.214092050209205,Not significant
E01001219,Ealing 029A,Ealing,children_and_adolescents,0.969252204319185,Not significant,0.439743303690771,0.0626,0.121737125048695,Not significant
E01001220,Ealing 029B,Ealing,children_and_adolescents,1.63176008499117,Not significant,0.326515232717461,0.1468,0.217649420849421,Not significant
E01001223,Ealing 041B,Ealing,children_and_adolescents,-0.501658128141641,Not significant,0.167085934614991,0.1409,0.211795483288166,Not significant
E01001224,Ealing 019B,Ealing,children_and_adolescents,-0.511454963587212,Not significant,0.148039624354831,0.1243,0.194393984962406,Not significant
E01001225,Ealing 041A,Ealing,children_and_adolescents,-1.68065159437793,Not significant,0.782701200945533,0.0507,0.105676158663883,Not significant
E01001226,Ealing 019C,Ealing,children_and_adolescents,-1.00633850391809,Not significant,0.368487596496528,0.0474,0.10107680478428,Not significant
E01001227,Ealing 019D,Ealing,children_and_adolescents,-0.282696656160901,Not significant,0.140725647847635,0.0625,0.121590023382697,Not significant
E01001228,Ealing 019E,Ealing,children_and_adolescents,-1.63753309400958,Low-low surplus cluster,0.884297311639295,0.0126,0.0410301369863014,Low-low surplus cluster
E01001229,Ealing 031A,Ealing,children_and_adolescents,0.616776121676978,Not significant,-0.0249200123423874,0.4347,0.457039258635215,Not significant
E01001230,Ealing 031B,Ealing,children_and_adolescents,-0.775381874882707,Not significant,0.165025866534403,0.2166,0.284693838862559,Not significant
E01001231,Ealing 027A,Ealing,children_and_adolescents,0.495307924993513,Not significant,-0.0580306698704199,0.2842,0.341368238691049,Not significant
E01001232,Ealing 031C,Ealing,children_and_adolescents,1.2897118383711,Not significant,0.237363042155506,0.2622,0.323425352112676,Not significant
E01001233,Ealing 031D,Ealing,children_and_adolescents,-2.18912315016126,Not significant,0.203936864281209,0.3502,0.395788634820014,Not significant
E01001234,Ealing 027B,Ealing,children_and_adolescents,0.189393313160759,Not significant,0.0232322403601265,0.293,0.348417341591234,Not significant
E01001235,Ealing 042D,Ealing,children_and_adolescents,-0.511443699703197,Not significant,0.132485501695729,0.153,0.223326315789474,Not significant
E01001236,Ealing 042C,Ealing,children_and_adolescents,-0.836230398177508,Not significant,0.28455487369043,0.1103,0.17952970329312,Not significant
E01001237,Ealing 031E,Ealing,children_and_adolescents,-0.0297263070907654,Not significant,0.0000539830995912928,0.4773,0.485073615635179,Not significant
E01001239,Ealing 015C,Ealing,children_and_adolescents,0.926596946266634,Not significant,-0.421162215172913,0.0375,0.0871102838529549,Not significant
E01001240,Ealing 024A,Ealing,children_and_adolescents,-2.26311881140746,Not significant,0.421304111190419,0.2066,0.27502592,Not significant
E01001241,Ealing 024B,Ealing,children_and_adolescents,-1.53464739698937,Not significant,0.566013091480525,0.063,0.12241961852861,Not significant
E01001242,Ealing 024C,Ealing,children_and_adolescents,-0.112325799622383,Not significant,0.0234491593893392,0.2407,0.304581596958175,Not significant
E01001243,Ealing 024D,Ealing,children_and_adolescents,-0.670008529435987,Not significant,0.245731593143577,0.0472,0.10107680478428,Not significant
E01001244,Ealing 024E,Ealing,children_and_adolescents,-0.209529032907183,Low-low surplus cluster,0.118303409669116,0.0144,0.0448159600997506,Low-low surplus cluster
E01001245,Ealing 024F,Ealing,children_and_adolescents,-0.862706282830154,Not significant,0.256423019810744,0.1239,0.194072419203012,Not significant
E01001246,Ealing 015D,Ealing,children_and_adolescents,0.199131571746335,Not significant,-0.0311708318862968,0.2388,0.303022267412303,Not significant
E01001247,Ealing 015E,Ealing,children_and_adolescents,0.651205963487623,Not significant,0.205262803940986,0.0709,0.132261883408072,Not significant
E01001248,Ealing 035A,Ealing,children_and_adolescents,0.0414181499079042,Not significant,0.00940715985651765,0.1468,0.217649420849421,Not significant
E01001249,Ealing 028A,Ealing,children_and_adolescents,-1.26702628887993,Not significant,0.552520105028661,0.0451,0.0982711479703186,Not significant
E01001250,Ealing 028B,Ealing,children_and_adolescents,-0.470022783802229,Not significant,0.0394678656015732,0.3421,0.389633401779603,Not significant
E01001251,Ealing 030A,Ealing,children_and_adolescents,-0.652149153025932,Not significant,-0.103490444234836,0.2495,0.312862094951017,Not significant
E01001252,Ealing 030B,Ealing,children_and_adolescents,0.0251849885577127,Not significant,0.00407780775758507,0.2908,0.346958317399618,Not significant
E01001253,Ealing 030C,Ealing,children_and_adolescents,1.77513176978446,Not significant,0.26468872934829,0.3267,0.376387352873298,Not significant
E01001254,Ealing 030D,Ealing,children_and_adolescents,0.230825545253637,Not significant,0.0331708418132075,0.3049,0.358925035360679,Not significant
E01001255,Ealing 028C,Ealing,children_and_adolescents,1.2852208079519,Not significant,0.0344968379839289,0.4684,0.479346617466175,Not significant
E01001257,Ealing 008A,Ealing,children_and_adolescents,1.90953607646949,High-high mismatch cluster,1.32763841857791,0.0026,0.0139711517761033,High-high mismatch cluster
E01001258,Ealing 010B,Ealing,children_and_adolescents,1.04011747601397,Not significant,0.343581863147158,0.1086,0.177911606557377,Not significant
E01001259,Ealing 014B,Ealing,children_and_adolescents,0.850334369164048,Not significant,0.276944057307227,0.1132,0.182862463627546,Not significant
E01001260,Ealing 012B,Ealing,children_and_adolescents,-0.643816036203749,Not significant,-0.0886668139706781,0.3231,0.374139457202505,Not significant
E01001261,Ealing 012C,Ealing,children_and_adolescents,-0.847001437849741,Not significant,-0.324853962388851,0.0366,0.0858183184593706,Not significant
E01001262,Ealing 010C,Ealing,children_and_adolescents,-0.239328527700564,Low-high spatial outlier,-0.129014704627614,0.0088,0.0318792452830189,Low-high spatial outlier
E01001263,Ealing 010D,Ealing,children_and_adolescents,1.59177739072964,High-high mismatch cluster,0.801454880616019,0.0073,0.0281402316602317,High-high mismatch cluster
E01001264,Ealing 010E,Ealing,children_and_adolescents,1.64120637702609,Not significant,0.431391916018764,0.1482,0.218898166765228,Not significant
E01001265,Ealing 006A,Ealing,children_and_adolescents,2.68040211921239,Not significant,0.742290713776158,0.1375,0.208126137052759,Not significant
E01001266,Ealing 006B,Ealing,children_and_adolescents,-0.156749604425146,Not significant,-0.0389123762545872,0.1252,0.195129066500156,Not significant
E01001267,Ealing 006C,Ealing,children_and_adolescents,-0.280703601879451,Not significant,-0.0986130318034732,0.0792,0.14273155234657,Not significant
E01001268,Ealing 012D,Ealing,children_and_adolescents,0.699246206269524,Not significant,0.134388833000755,0.2508,0.314097742097341,Not significant
E01001269,Ealing 001A,Ealing,children_and_adolescents,0.314957685890681,Not significant,0.0245186864155877,0.3811,0.419596647551831,Not significant
E01001270,Ealing 004A,Ealing,children_and_adolescents,1.40072999026777,Not significant,0.485584604846535,0.1028,0.171173315543696,Not significant
E01001271,Ealing 001B,Ealing,children_and_adolescents,0.658399002032986,Not significant,0.156308150123018,0.1586,0.228824046242775,Not significant
E01001272,Ealing 006D,Ealing,children_and_adolescents,1.67421263368756,Not significant,0.498594765287788,0.0991,0.166792717464599,Not significant
E01001273,Ealing 041C,Ealing,children_and_adolescents,0.771104658733825,Not significant,0.159401875198099,0.1855,0.254890173410405,Not significant
E01001274,Ealing 041E,Ealing,children_and_adolescents,1.71487338288294,Not significant,0.692442579033234,0.0934,0.160279408731523,Not significant
E01001275,Ealing 041D,Ealing,children_and_adolescents,-1.40116361491363,Not significant,0.237023220721265,0.2348,0.299852033768227,Not significant
E01001276,Ealing 011A,Ealing,children_and_adolescents,0.191441877737117,High-high mismatch cluster,0.104192532735393,0.0172,0.0506562831858407,Not significant
E01001277,Ealing 011B,Ealing,children_and_adolescents,1.78893014661133,Not significant,0.369944886999218,0.1558,0.225828571428571,Not significant
E01001278,Ealing 011C,Ealing,children_and_adolescents,1.5923045617048,Not significant,0.339192240337033,0.1567,0.226803827196289,Not significant
E01001279,Ealing 013C,Ealing,children_and_adolescents,0.338091956452651,Not significant,0.0569231295662966,0.3342,0.383435164330039,Not significant
E01001280,Ealing 011D,Ealing,children_and_adolescents,0.00390660739129206,Not significant,0.000313626521258484,0.3829,0.420835931307794,Not significant
E01001281,Ealing 013D,Ealing,children_and_adolescents,-0.45186276591785,Not significant,0.0185646824760551,0.4198,0.446356038338658,Not significant
E01001282,Ealing 016B,Ealing,children_and_adolescents,0.762795647144788,Not significant,0.275571156963945,0.0919,0.15857753197373,Not significant
E01001283,Ealing 016C,Ealing,children_and_adolescents,-0.410657676192629,Not significant,-0.156830093363782,0.0788,0.142113294797688,Not significant
E01001284,Ealing 022A,Ealing,children_and_adolescents,0.922628846774555,Not significant,0.113530615200854,0.2805,0.338635066505441,Not significant
E01001285,Ealing 016D,Ealing,children_and_adolescents,0.332565422803898,Not significant,0.067008351777547,0.1927,0.261821980413493,Not significant
E01001286,Ealing 016E,Ealing,children_and_adolescents,1.04129838036068,Not significant,0.3068048491074,0.1178,0.187697925311203,Not significant
E01001287,Ealing 016F,Ealing,children_and_adolescents,1.34157708229453,Not significant,0.317363664719108,0.3106,0.363629268292683,Not significant
E01001288,Ealing 022B,Ealing,children_and_adolescents,0.210371140140977,Not significant,0.0313447465038342,0.3268,0.376415689893862,Not significant
E01001289,Ealing 022C,Ealing,children_and_adolescents,0.333028589284259,Not significant,0.0646390394947873,0.2822,0.339865476477684,Not significant
E01001290,Ealing 022D,Ealing,children_and_adolescents,-0.123796912511475,Not significant,-0.0258957393154186,0.1748,0.245043976411121,Not significant
E01001291,Ealing 014C,Ealing,children_and_adolescents,1.42716458537302,Not significant,0.547392078913916,0.0573,0.1146,Not significant
E01001292,Ealing 014D,Ealing,children_and_adolescents,1.05878526000932,Not significant,0.451729397697843,0.039,0.0894705882352941,Not significant
E01001293,Ealing 014E,Ealing,children_and_adolescents,2.31647052903234,Not significant,0.679194455176197,0.1216,0.191430842005676,Not significant
E01001294,Ealing 017A,Ealing,children_and_adolescents,0.136504742708325,High-high mismatch cluster,0.0708101930234767,0.0045,0.0202196219621962,High-high mismatch cluster
E01001295,Ealing 017B,Ealing,children_and_adolescents,0.0661647905437202,Not significant,0.0278562814433591,0.1156,0.185495081967213,Not significant
E01001296,Ealing 017C,Ealing,children_and_adolescents,0.909215818532885,Not significant,0.342977156872774,0.0601,0.118584664031621,Not significant
E01001297,Ealing 017D,Ealing,children_and_adolescents,1.22005499845757,High-high mismatch cluster,0.687414770498892,0.0045,0.0202196219621962,High-high mismatch cluster
E01001298,Ealing 017E,Ealing,children_and_adolescents,1.19644902687443,Not significant,0.345115020877953,0.148,0.218843601895735,Not significant
E01001299,Ealing 035B,Ealing,children_and_adolescents,0.269624893235193,Not significant,0.00688650076827456,0.4773,0.485073615635179,Not significant
E01001300,Ealing 039A,Ealing,children_and_adolescents,-0.629240294254748,Not significant,0.131633616555827,0.2449,0.308333114754098,Not significant
E01001301,Ealing 039B,Ealing,children_and_adolescents,-2.18529201847232,Not significant,0.113020965213554,0.4046,0.435321327014218,Not significant
E01001302,Ealing 039C,Ealing,children_and_adolescents,-0.111375293493137,Not significant,-0.00118468272823233,0.4873,0.49153396645787,Not significant
E01001303,Ealing 032A,Ealing,children_and_adolescents,0.0747615101831763,Not significant,-0.0230398293651916,0.0947,0.161400614544213,Not significant
E01001304,Ealing 039D,Ealing,children_and_adolescents,0.00505603537847077,Not significant,-0.000300684601341597,0.4001,0.43240943927257,Not significant
E01001305,Ealing 035C,Ealing,children_and_adolescents,-0.0400161755529611,Not significant,-0.00387142195275443,0.3508,0.396287304820095,Not significant
E01001306,Ealing 035D,Ealing,children_and_adolescents,-0.06143681547511,Not significant,0.0000297440656579517,0.4794,0.486119195612431,Not significant
E01001307,Ealing 002A,Ealing,children_and_adolescents,-0.44593011112807,Not significant,0.00403157401807293,0.4707,0.4811085995086,Not significant
E01001308,Ealing 002B,Ealing,children_and_adolescents,-0.0241266668746856,Not significant,-0.00475946792110648,0.1565,0.226580046403712,Not significant
E01001309,Ealing 001C,Ealing,children_and_adolescents,0.700131060809515,Not significant,0.0258270951990772,0.4429,0.462446517464966,Not significant
E01001310,Ealing 001D,Ealing,children_and_adolescents,-0.10950071329213,Not significant,-0.0147430992616711,0.3265,0.376330639575156,Not significant
E01001311,Ealing 001E,Ealing,children_and_adolescents,0.0871605348334537,Not significant,0.00691920923749843,0.395,0.42959477124183,Not significant
E01001312,Ealing 002C,Ealing,children_and_adolescents,-0.576174897804953,Not significant,-0.0197149395408908,0.4437,0.462805431376645,Not significant
E01001313,Ealing 002D,Ealing,children_and_adolescents,0.449878507838338,Not significant,0.0454060972517178,0.3533,0.398210340934748,Not significant
E01001314,Ealing 002E,Ealing,children_and_adolescents,0.323533735509722,Not significant,-0.0182079204950954,0.4177,0.444786348122867,Not significant
E01001315,Ealing 003A,Ealing,children_and_adolescents,0.342039130535671,Not significant,0.0975160717821471,0.1483,0.218898166765228,Not significant
E01001316,Ealing 003B,Ealing,children_and_adolescents,0.823713166551132,Not significant,0.167892721744212,0.2069,0.275205115907274,Not significant
E01001317,Ealing 003C,Ealing,children_and_adolescents,1.19360599786368,High-high mismatch cluster,0.676262987531745,0.008,0.0299594898724681,High-high mismatch cluster
E01001318,Ealing 003D,Ealing,children_and_adolescents,1.0640358868799,Not significant,0.496114668801512,0.0243,0.064558594997339,Not significant
E01001319,Ealing 004B,Ealing,children_and_adolescents,1.01033408436055,Not significant,0.346074209796851,0.1038,0.172493209054594,Not significant
E01001320,Ealing 003E,Ealing,children_and_adolescents,2.25629397538551,High-high mismatch cluster,1.48234831247748,0.0044,0.0200226071103008,High-high mismatch cluster
E01001321,Ealing 003F,Ealing,children_and_adolescents,1.01211006238626,High-high mismatch cluster,0.682197386067096,0.0007,0.00557320574162679,High-high mismatch cluster
E01001322,Ealing 004C,Ealing,children_and_adolescents,0.912944975585716,High-high mismatch cluster,0.427739835110258,0.0043,0.0197839631336406,High-high mismatch cluster
E01001323,Ealing 004D,Ealing,children_and_adolescents,1.0408716917574,Not significant,0.459985813471549,0.1026,0.17101141903172,Not significant
E01001324,Ealing 008B,Ealing,children_and_adolescents,2.29517833401341,High-high mismatch cluster,1.84179763106758,0.0007,0.00557320574162679,High-high mismatch cluster
E01001325,Ealing 009A,Ealing,children_and_adolescents,2.11959899852077,High-high mismatch cluster,1.68643795666763,0.0001,0.00156,High-high mismatch cluster
E01001326,Ealing 008C,Ealing,children_and_adolescents,3.22444752001515,High-high mismatch cluster,1.9772611242941,0.0021,0.012105311778291,High-high mismatch cluster
E01001327,Ealing 009B,Ealing,children_and_adolescents,0.627945366647344,High-high mismatch cluster,0.540861328562136,0.0003,0.0031661733615222,High-high mismatch cluster
E01001328,Ealing 009C,Ealing,children_and_adolescents,1.76243211849842,High-high mismatch cluster,1.486841081486,0.0003,0.0031661733615222,High-high mismatch cluster
E01001329,Ealing 009D,Ealing,children_and_adolescents,2.32872797337695,High-high mismatch cluster,1.53436363375745,0.0108,0.0366509857239973,High-high mismatch cluster
E01001330,Ealing 008D,Ealing,children_and_adolescents,3.05020868265948,High-high mismatch cluster,2.08234123438987,0.0003,0.0031661733615222,High-high mismatch cluster
E01001331,Ealing 009E,Ealing,children_and_adolescents,1.98937814436063,High-high mismatch cluster,1.40100191086913,0.0003,0.0031661733615222,High-high mismatch cluster
E01001332,Ealing 008E,Ealing,children_and_adolescents,1.88380805119533,High-high mismatch cluster,1.48962300185777,0.0019,0.0112113475177305,High-high mismatch cluster
E01001333,Ealing 038A,Ealing,children_and_adolescents,0.94140876750486,Not significant,0.239193220428612,0.2019,0.270645757250269,Not significant
E01001334,Ealing 029C,Ealing,children_and_adolescents,-0.265769942743625,Not significant,-0.0459366344855615,0.2546,0.317185724981283,Not significant
E01001335,Ealing 038B,Ealing,children_and_adolescents,-0.17365434496696,Not significant,-0.00414028151215877,0.478,0.485488504577823,Not significant
E01001336,Ealing 038C,Ealing,children_and_adolescents,-0.536099578287208,Not significant,-0.0645512285034277,0.3396,0.387581893004115,Not significant
E01001337,Ealing 029D,Ealing,children_and_adolescents,0.718843225975031,Not significant,0.105657089778636,0.2586,0.320568959523218,Not significant
E01001338,Ealing 029E,Ealing,children_and_adolescents,0.830797564069938,Not significant,0.261555256915127,0.0661,0.126232287681714,Not significant
E01001339,Ealing 029F,Ealing,children_and_adolescents,0.61428707230663,Not significant,0.136261004725091,0.1687,0.23958759601707,Not significant
E01001340,Ealing 029G,Ealing,children_and_adolescents,1.28106800637911,Not significant,0.32187082380425,0.2999,0.355015603509604,Not significant
E01001341,Ealing 005A,Ealing,children_and_adolescents,1.07777930328157,Not significant,0.312395104520886,0.1771,0.247092857142857,Not significant
E01001342,Ealing 005B,Ealing,children_and_adolescents,1.33950960437429,Not significant,0.298547174612103,0.2093,0.277657613606165,Not significant
E01001343,Ealing 005C,Ealing,children_and_adolescents,-0.354664379744866,Not significant,-0.113479902316231,0.1299,0.199833836671803,Not significant
E01001344,Ealing 007A,Ealing,children_and_adolescents,1.31600051382846,Not significant,0.226736480365384,0.2526,0.315639349186483,Not significant
E01001345,Ealing 005D,Ealing,children_and_adolescents,1.5599574654796,Not significant,0.485134561633981,0.1278,0.197945268383494,Not significant
E01001346,Ealing 007B,Ealing,children_and_adolescents,1.37286229165963,Not significant,0.500216345264768,0.1144,0.184220903225806,Not significant
E01001347,Ealing 007C,Ealing,children_and_adolescents,0.531024435531871,Not significant,0.134079476501781,0.0904,0.15663894481083,Not significant
E01001348,Ealing 007D,Ealing,children_and_adolescents,1.37462432780811,Not significant,0.579836742779238,0.0386,0.0887977880184332,Not significant
E01001349,Ealing 006E,Ealing,children_and_adolescents,1.3321852562599,Not significant,0.244088404839988,0.198,0.26713945945946,Not significant
E01001350,Ealing 027C,Ealing,children_and_adolescents,0.088429871885311,Not significant,-0.0176851921608249,0.2342,0.29952,Not significant
E01001351,Ealing 025E,Ealing,children_and_adolescents,-1.54200366731194,Not significant,0.448354288987504,0.0951,0.161971750255885,Not significant
E01001352,Ealing 027D,Ealing,children_and_adolescents,-1.1005981662242,Not significant,0.107609967445812,0.3655,0.408548141513659,Not significant
E01001353,Ealing 033A,Ealing,children_and_adolescents,-1.56721446977605,Not significant,0.405296117642733,0.171,0.241616756297764,Not significant
E01001354,Ealing 027E,Ealing,children_and_adolescents,-1.80889908035376,Not significant,0.494993120660702,0.163,0.233686387133831,Not significant
E01001355,Ealing 033B,Ealing,children_and_adolescents,-2.44691393228239,Not significant,0.912088349819543,0.0463,0.0997107851596204,Not significant
E01001356,Ealing 033C,Ealing,children_and_adolescents,-0.159339390608428,Not significant,0.0665338400556675,0.0907,0.156940866551127,Not significant
E01001357,Ealing 033D,Ealing,children_and_adolescents,-0.899792775342464,Not significant,0.294748117979737,0.1011,0.169245875251509,Not significant
E01001358,Ealing 033E,Ealing,children_and_adolescents,-0.41178630339779,Not significant,0.0671783545912576,0.2382,0.302953987261146,Not significant
E01001359,Ealing 026A,Ealing,children_and_adolescents,1.14112996502489,Not significant,0.443998346831784,0.0548,0.111113566206336,Not significant
E01001360,Ealing 026B,Ealing,children_and_adolescents,-0.192253893237085,Not significant,-0.0616601490250985,0.1903,0.259911792065663,Not significant
E01001361,Ealing 023E,Ealing,children_and_adolescents,0.127378706271623,Not significant,0.0381645144435486,0.0833,0.147720639431616,Not significant
E01001362,Ealing 026C,Ealing,children_and_adolescents,1.28013700334858,Not significant,0.357235068579292,0.1113,0.180744827586207,Not significant
E01001363,Ealing 026D,Ealing,children_and_adolescents,2.24286281610565,High-high mismatch cluster,1.76817131687208,0.0008,0.0061724884080371,High-high mismatch cluster
E01001364,Ealing 026E,Ealing,children_and_adolescents,1.74090886099154,High-high mismatch cluster,0.971054521936387,0.0076,0.028983346065699,High-high mismatch cluster
E01001365,Ealing 026F,Ealing,children_and_adolescents,0.993723488419709,High-high mismatch cluster,0.767263574103739,0.0001,0.00156,High-high mismatch cluster
E01001366,Ealing 044C,Ealing,children_and_adolescents,3.73758113828849,Not significant,1.70735767729221,0.0623,0.121295475819033,Not significant
E01001367,Ealing 043B,Ealing,children_and_adolescents,1.05947643323825,High-high mismatch cluster,0.523190346148032,0.0067,0.0264817102137767,High-high mismatch cluster
E01001368,Ealing 044D,Ealing,children_and_adolescents,1.27266147728622,High-high mismatch cluster,0.883312865688428,0.0026,0.0139711517761033,High-high mismatch cluster
E01001369,Ealing 038D,Ealing,children_and_adolescents,1.0719445274921,Not significant,0.255139440394978,0.1799,0.249738820912125,Not significant
E01001370,Ealing 044A,Ealing,children_and_adolescents,1.35786634739155,High-high mismatch cluster,1.05244975481268,0.0003,0.0031661733615222,High-high mismatch cluster
E01001371,Ealing 044B,Ealing,children_and_adolescents,1.82770161861307,High-high mismatch cluster,1.40797472655054,0.0001,0.00156,High-high mismatch cluster
E01001372,Ealing 043C,Ealing,children_and_adolescents,2.03266601200102,Not significant,1.0434601284355,0.0245,0.0647111111111111,Not significant
E01001373,Ealing 043A,Ealing,children_and_adolescents,1.22193274261322,High-high mismatch cluster,0.76875672439565,0.0061,0.0247973941368078,High-high mismatch cluster
E01001374,Ealing 040A,Ealing,children_and_adolescents,-0.523842465007692,Not significant,0.223283729901531,0.0462,0.0996674157303371,Not significant
E01001375,Ealing 034A,Ealing,children_and_adolescents,0.366886061779362,Not significant,-0.0687811403760471,0.2208,0.28801505095375,Not significant
E01001376,Ealing 040B,Ealing,children_and_adolescents,-0.297226257827085,Not significant,0.110889287239735,0.0728,0.134848831168831,Not significant
E01001377,Ealing 034B,Ealing,children_and_adolescents,-1.03867171524825,Not significant,0.241283012615511,0.2238,0.290994220255142,Not significant
E01001379,Ealing 034C,Ealing,children_and_adolescents,0.339952782458293,Not significant,-0.114222068063981,0.1395,0.210451495920218,Not significant
E01001380,Ealing 040C,Ealing,children_and_adolescents,-0.124542411445986,Not significant,0.0562864051140739,0.0309,0.0762118577075099,Not significant
E01001381,Ealing 034D,Ealing,children_and_adolescents,-1.06887069235041,Not significant,0.356196796216377,0.0817,0.145659428571429,Not significant
E01001382,Ealing 032B,Ealing,children_and_adolescents,0.998583019174665,Not significant,-0.220308949987256,0.2041,0.272570144462279,Not significant
E01001383,Ealing 028D,Ealing,children_and_adolescents,0.0160973044291526,Not significant,0.000562979701667161,0.4702,0.480695965594921,Not significant
E01001384,Ealing 032C,Ealing,children_and_adolescents,-0.0197355352892547,Not significant,0.0013153606113423,0.3818,0.419904296100463,Not significant
E01001385,Ealing 032D,Ealing,children_and_adolescents,-0.179452349571707,Not significant,-0.00826520636151999,0.4515,0.468681222707424,Not significant
E01001386,Ealing 031F,Ealing,children_and_adolescents,-0.38116784089522,Not significant,0.12510883746944,0.0697,0.130854606995111,Not significant
E01001387,Ealing 032E,Ealing,children_and_adolescents,-1.23796375731094,Not significant,0.500470652860171,0.0452,0.098317385620915,Not significant
E01001388,Ealing 028E,Ealing,children_and_adolescents,-1.10604351036261,Not significant,0.259722546094699,0.1865,0.255982403079461,Not significant
E01001389,Ealing 028F,Ealing,children_and_adolescents,-0.847790184690139,Not significant,0.0833163131487995,0.3363,0.384959779867003,Not significant
E01001390,Enfield 036A,Enfield,children_and_adolescents,-0.731687737179036,Not significant,-0.0741816798910099,0.3507,0.396264010864645,Not significant
E01001391,Enfield 036B,Enfield,children_and_adolescents,-0.688928888183947,Not significant,0.0197274295524112,0.4523,0.469218952618454,Not significant
E01001392,Enfield 032A,Enfield,children_and_adolescents,-0.0706024781885948,Not significant,0.00350282184442994,0.4266,0.451183728813559,Not significant
E01001393,Enfield 036C,Enfield,children_and_adolescents,0.668171168050835,Not significant,-0.0163360891802809,0.4454,0.463989315525877,Not significant
E01001394,Enfield 035A,Enfield,children_and_adolescents,-0.832226054137471,Not significant,-0.0168748500309611,0.4925,0.494682807158657,Not significant
E01001395,Enfield 035B,Enfield,children_and_adolescents,0.671322942617723,Not significant,0.233613237350561,0.064,0.123640866873065,Not significant
E01001396,Enfield 036D,Enfield,children_and_adolescents,-0.560810662754941,Not significant,-0.0199814448522184,0.4546,0.470919941896659,Not significant
E01001397,Enfield 035C,Enfield,children_and_adolescents,1.21123935494504,Not significant,0.0678206448287005,0.4097,0.438713617842591,Not significant
E01001398,Enfield 021A,Enfield,children_and_adolescents,0.597890630192592,Not significant,0.0300805534619677,0.4356,0.457889071383449,Not significant
E01001399,Enfield 021B,Enfield,children_and_adolescents,-0.19725842096735,Not significant,-0.0539015693667286,0.1191,0.189045214626391,Not significant
E01001400,Enfield 021C,Enfield,children_and_adolescents,-0.444614798956783,Not significant,-0.0476510264038879,0.3259,0.375899445471349,Not significant
E01001401,Enfield 016A,Enfield,children_and_adolescents,0.82188418104354,Not significant,0.305581795907381,0.0528,0.108423529411765,Not significant
E01001402,Enfield 021D,Enfield,children_and_adolescents,0.248176585216836,Not significant,0.0786566515021658,0.0783,0.141647774158523,Not significant
E01001403,Enfield 021E,Enfield,children_and_adolescents,0.0861149740704422,Not significant,0.0193821354825419,0.1918,0.26102583106267,Not significant
E01001404,Enfield 026A,Enfield,children_and_adolescents,1.77403458944151,Not significant,0.571151743893012,0.0608,0.119446517119244,Not significant
E01001405,Enfield 015A,Enfield,children_and_adolescents,-0.168160691157556,Not significant,-0.0332906170920272,0.2175,0.28535085413929,Not significant
E01001406,Enfield 015B,Enfield,children_and_adolescents,0.656652620105685,Not significant,0.212877458568442,0.1146,0.184364550435063,Not significant
E01001407,Enfield 005A,Enfield,children_and_adolescents,1.47104209863944,High-high mismatch cluster,0.921905584901811,0.0001,0.00156,High-high mismatch cluster
E01001408,Enfield 004A,Enfield,children_and_adolescents,0.584198525825655,Not significant,0.174769204460396,0.1446,0.215282791529973,Not significant
E01001409,Enfield 005B,Enfield,children_and_adolescents,2.21958943326457,High-high mismatch cluster,1.19148716088626,0.0123,0.0402897637795276,High-high mismatch cluster
E01001410,Enfield 005C,Enfield,children_and_adolescents,2.57425048095189,Not significant,1.78601893180199,0.015,0.0461937075879087,High-high mismatch cluster
E01001411,Enfield 004B,Enfield,children_and_adolescents,0.87434063842617,Not significant,0.211155900713692,0.1804,0.250224173381495,Not significant
E01001412,Enfield 004C,Enfield,children_and_adolescents,1.71581816838887,High-high mismatch cluster,1.09694468143993,0.0001,0.00156,High-high mismatch cluster
E01001413,Enfield 004D,Enfield,children_and_adolescents,1.0936633403621,Not significant,0.527687928625895,0.0313,0.0769702463054187,Not significant
E01001414,Enfield 004E,Enfield,children_and_adolescents,1.75392384662855,Not significant,0.600446752241731,0.085,0.150095507605235,Not significant
E01001415,Enfield 011A,Enfield,children_and_adolescents,0.832664839683057,Not significant,0.348633077354865,0.041,0.0925280289330922,Not significant
E01001416,Enfield 013A,Enfield,children_and_adolescents,1.45730693481652,High-high mismatch cluster,0.879052366229197,0.009,0.0323688760806916,High-high mismatch cluster
E01001417,Enfield 011B,Enfield,children_and_adolescents,1.72662182897533,Not significant,0.768526910747402,0.0209,0.0581889570552147,Not significant
E01001418,Enfield 011C,Enfield,children_and_adolescents,1.03077930574642,Not significant,0.500775094017191,0.0466,0.100227143472641,Not significant
E01001419,Enfield 020A,Enfield,children_and_adolescents,1.47359851980314,High-high mismatch cluster,0.761259579564413,0.0056,0.0233934728033473,High-high mismatch cluster
E01001420,Enfield 020B,Enfield,children_and_adolescents,1.12192834406847,Not significant,0.541813419746686,0.0318,0.0777022026431718,Not significant
E01001421,Enfield 020C,Enfield,children_and_adolescents,1.24501263452055,Not significant,0.498520376593427,0.0367,0.0858511715089035,Not significant
E01001422,Enfield 011D,Enfield,children_and_adolescents,1.16335775270764,Not significant,0.455233374054011,0.0686,0.129471153119093,Not significant
E01001423,Enfield 027A,Enfield,children_and_adolescents,0.425911637596038,Not significant,0.162412212290581,0.0477,0.101456497656583,Not significant
E01001424,Enfield 030A,Enfield,children_and_adolescents,0.690821171309668,Not significant,0.222534111278101,0.1548,0.225163636363636,Not significant
E01001425,Enfield 027B,Enfield,children_and_adolescents,1.90117495120717,High-high mismatch cluster,0.83707708009312,0.0089,0.0321249457700651,High-high mismatch cluster
E01001426,Enfield 030B,Enfield,children_and_adolescents,2.20934441621922,Not significant,1.12608064142402,0.024,0.064,Not significant
E01001427,Enfield 030C,Enfield,children_and_adolescents,1.48954227696716,High-high mismatch cluster,0.926798307585361,0.0006,0.0050255033557047,High-high mismatch cluster
E01001428,Enfield 027C,Enfield,children_and_adolescents,1.78416557596515,Not significant,0.894805411248509,0.0277,0.070406517311609,Not significant
E01001429,Enfield 030D,Enfield,children_and_adolescents,-0.692558661275179,Low-high spatial outlier,-0.371603766551627,0.0033,0.0166232088799193,Low-high spatial outlier
E01001430,Enfield 030E,Enfield,children_and_adolescents,1.63637438655922,Not significant,0.725961670559584,0.0455,0.0987118644067797,Not significant
E01001431,Enfield 033A,Enfield,children_and_adolescents,2.01513622743332,Not significant,1.09898645265252,0.0283,0.0715309367088608,Not significant
E01001432,Enfield 033B,Enfield,children_and_adolescents,0.450547727822335,High-high mismatch cluster,0.296323609823168,0.0015,0.0096,High-high mismatch cluster
E01001433,Enfield 007A,Enfield,children_and_adolescents,3.03446496679625,High-high mismatch cluster,2.3996408538856,0.0003,0.0031661733615222,High-high mismatch cluster
E01001434,Enfield 007B,Enfield,children_and_adolescents,2.69104286099377,High-high mismatch cluster,2.07439893843809,0.0011,0.00778893617021277,High-high mismatch cluster
E01001435,Enfield 007C,Enfield,children_and_adolescents,1.37385732706554,High-high mismatch cluster,0.982828022982514,0.0055,0.023150084317032,High-high mismatch cluster
E01001436,Enfield 007D,Enfield,children_and_adolescents,2.22866577649651,High-high mismatch cluster,1.76058295824102,0.001,0.00731964809384164,High-high mismatch cluster
E01001437,Enfield 014A,Enfield,children_and_adolescents,2.22462213960329,High-high mismatch cluster,1.63341449731453,0.0001,0.00156,High-high mismatch cluster
E01001438,Enfield 007E,Enfield,children_and_adolescents,2.55033178920142,High-high mismatch cluster,2.44714674516428,0.0001,0.00156,High-high mismatch cluster
E01001439,Enfield 006A,Enfield,children_and_adolescents,1.63552419759511,High-high mismatch cluster,1.06664282809565,0.0003,0.0031661733615222,High-high mismatch cluster
E01001440,Enfield 012A,Enfield,children_and_adolescents,1.28992875022355,High-high mismatch cluster,0.733865968601776,0.0137,0.0433674064679772,High-high mismatch cluster
E01001441,Enfield 006B,Enfield,children_and_adolescents,1.03437353679574,High-high mismatch cluster,0.868634535089146,0.0001,0.00156,High-high mismatch cluster
E01001442,Enfield 002A,Enfield,children_and_adolescents,1.9223440509774,High-high mismatch cluster,1.27047623096469,0.0036,0.017670796460177,High-high mismatch cluster
E01001444,Enfield 001A,Enfield,children_and_adolescents,2.89375385121595,High-high mismatch cluster,1.81988568934268,0.0142,0.0445266331658292,High-high mismatch cluster
E01001445,Enfield 003B,Enfield,children_and_adolescents,2.28818050445582,High-high mismatch cluster,2.07611440389806,0.0002,0.00242330097087379,High-high mismatch cluster
E01001446,Enfield 001B,Enfield,children_and_adolescents,1.38276494517268,High-high mismatch cluster,0.975854486232245,0.0006,0.0050255033557047,High-high mismatch cluster
E01001447,Enfield 003C,Enfield,children_and_adolescents,1.93261597300161,High-high mismatch cluster,1.551776817908,0.0003,0.0031661733615222,High-high mismatch cluster
E01001448,Enfield 003D,Enfield,children_and_adolescents,2.05111353567528,High-high mismatch cluster,1.46146133642258,0.0008,0.0061724884080371,High-high mismatch cluster
E01001449,Enfield 003E,Enfield,children_and_adolescents,2.03170538698226,High-high mismatch cluster,1.76691066690188,0.0001,0.00156,High-high mismatch cluster
E01001450,Enfield 015C,Enfield,children_and_adolescents,-0.775331430884029,Not significant,-0.0623641444553242,0.3702,0.41216,Not significant
E01001451,Enfield 017A,Enfield,children_and_adolescents,0.137156310463365,Not significant,0.0476346728670055,0.0978,0.165497491525424,Not significant
E01001452,Enfield 017B,Enfield,children_and_adolescents,1.65381793787307,Not significant,0.492871367265892,0.0946,0.161285245901639,Not significant
E01001453,Enfield 017C,Enfield,children_and_adolescents,1.74223470678723,High-high mismatch cluster,0.863693040779198,0.0128,0.041277519379845,High-high mismatch cluster
E01001454,Enfield 017D,Enfield,children_and_adolescents,1.5438097379041,High-high mismatch cluster,0.928844712229146,0.0158,0.047918347509113,High-high mismatch cluster
E01001455,Enfield 021F,Enfield,children_and_adolescents,0.828818174194261,Not significant,0.0445336443485661,0.4438,0.462805431376645,Not significant
E01001456,Enfield 022A,Enfield,children_and_adolescents,1.47834198077887,Not significant,0.562102933061323,0.0808,0.144519383733429,Not significant
E01001457,Enfield 010A,Enfield,children_and_adolescents,1.16430951548417,Not significant,0.217096314272115,0.2133,0.281691428571429,Not significant
E01001458,Enfield 037A,Enfield,children_and_adolescents,1.42396182591554,High-high mismatch cluster,0.784180926485564,0.0103,0.0354115702479339,High-high mismatch cluster
E01001459,Enfield 024A,Enfield,children_and_adolescents,1.33825159313075,Not significant,0.536782036207237,0.039,0.0894705882352941,Not significant
E01001460,Enfield 024B,Enfield,children_and_adolescents,2.75368247265706,Not significant,0.571605902289421,0.2041,0.272570144462279,Not significant
E01001461,Enfield 027D,Enfield,children_and_adolescents,0.873825280719089,Not significant,0.287436802969341,0.0639,0.123543299767622,Not significant
E01001462,Enfield 024C,Enfield,children_and_adolescents,0.688801632457962,Not significant,0.349972331116697,0.042,0.093977588525325,Not significant
E01001463,Enfield 031A,Enfield,children_and_adolescents,1.88084601284123,Not significant,0.620541105876542,0.1121,0.181689350649351,Not significant
E01001464,Enfield 027E,Enfield,children_and_adolescents,0.984688673293086,High-high mismatch cluster,0.597572374830646,0.0033,0.0166232088799193,High-high mismatch cluster
E01001465,Enfield 031B,Enfield,children_and_adolescents,-1.01053041588859,Low-high spatial outlier,-0.510836670665814,0.0042,0.0195764705882353,Low-high spatial outlier
E01001466,Enfield 031C,Enfield,children_and_adolescents,2.64849549370975,High-high mismatch cluster,1.56738957336191,0.0086,0.0314284040995608,High-high mismatch cluster
E01001467,Enfield 031D,Enfield,children_and_adolescents,1.7537628503253,Not significant,0.783843294303323,0.0449,0.0980064713598601,Not significant
E01001468,Enfield 010B,Enfield,children_and_adolescents,0.60625751395574,High-high mismatch cluster,0.346225139891511,0.0135,0.0429521988527725,High-high mismatch cluster
E01001469,Enfield 008A,Enfield,children_and_adolescents,1.5175551465416,Not significant,0.505131798505014,0.1102,0.179425440313112,Not significant
E01001470,Enfield 013B,Enfield,children_and_adolescents,1.21534003017411,High-high mismatch cluster,0.68034498099433,0.0025,0.0136542669584245,High-high mismatch cluster
E01001471,Enfield 010C,Enfield,children_and_adolescents,1.37280027650395,Not significant,0.573686809503509,0.0607,0.119297007874016,Not significant
E01001472,Enfield 010D,Enfield,children_and_adolescents,0.750735731570617,Not significant,0.19724889869927,0.142,0.21251144397843,Not significant
E01001473,Enfield 013C,Enfield,children_and_adolescents,1.41139730799848,High-high mismatch cluster,0.840397865901008,0.0033,0.0166232088799193,High-high mismatch cluster
E01001474,Enfield 010E,Enfield,children_and_adolescents,1.45255261720274,Not significant,0.647787815054745,0.0441,0.0969811453744493,Not significant
E01001475,Enfield 013D,Enfield,children_and_adolescents,2.11969900030196,High-high mismatch cluster,1.14027974202159,0.0189,0.0541301204819277,Not significant
E01001476,Enfield 018A,Enfield,children_and_adolescents,1.30720059389087,Not significant,0.654923682163974,0.0298,0.0742323353293413,Not significant
E01001477,Enfield 018B,Enfield,children_and_adolescents,1.32225380177355,Not significant,0.589762512569608,0.0196,0.0556559726962457,Not significant
E01001478,Enfield 016B,Enfield,children_and_adolescents,0.711123176873951,Not significant,0.361273405716871,0.0249,0.0653183394640042,Not significant
E01001479,Enfield 023A,Enfield,children_and_adolescents,0.501267906469843,High-high mismatch cluster,0.218026192604595,0.0125,0.0407576747224037,High-high mismatch cluster
E01001480,Enfield 024D,Enfield,children_and_adolescents,1.79373861323775,Not significant,0.557587153253154,0.1295,0.199464362850972,Not significant
E01001481,Enfield 018C,Enfield,children_and_adolescents,1.24338399033312,Not significant,0.602462453299641,0.0474,0.10107680478428,Not significant
E01001482,Enfield 023B,Enfield,children_and_adolescents,1.13368076987083,High-high mismatch cluster,0.674321421308956,0.0059,0.024221052631579,High-high mismatch cluster
E01001483,Enfield 025A,Enfield,children_and_adolescents,2.18374436299626,High-high mismatch cluster,1.15327513719428,0.0074,0.0283941583397387,High-high mismatch cluster
E01001484,Enfield 016C,Enfield,children_and_adolescents,2.17297861013548,High-high mismatch cluster,1.07973654689806,0.0084,0.0309238938053097,High-high mismatch cluster
E01001485,Enfield 025B,Enfield,children_and_adolescents,0.779142054131202,Not significant,0.280142030728704,0.0709,0.132261883408072,Not significant
E01001486,Enfield 025C,Enfield,children_and_adolescents,2.31066601463638,High-high mismatch cluster,1.4297461445769,0.0022,0.0125084282460137,High-high mismatch cluster
E01001487,Enfield 023C,Enfield,children_and_adolescents,0.952337575005911,Not significant,0.333077274922414,0.082,0.146037816625045,Not significant
E01001488,Enfield 024E,Enfield,children_and_adolescents,1.44889308996301,Not significant,0.654841568215598,0.0282,0.0713866125760649,Not significant
E01001489,Enfield 023D,Enfield,children_and_adolescents,1.56174480605692,High-high mismatch cluster,0.869717318790999,0.0151,0.0463872,High-high mismatch cluster
E01001491,Enfield 023E,Enfield,children_and_adolescents,0.0948250988020126,Not significant,0.0341320348354668,0.0654,0.125423280829812,Not significant
E01001492,Enfield 025E,Enfield,children_and_adolescents,1.49635100027841,High-high mismatch cluster,1.11044316972633,0.0003,0.0031661733615222,High-high mismatch cluster
E01001493,Enfield 026B,Enfield,children_and_adolescents,0.840785078246531,Not significant,0.256750826128786,0.1097,0.178903103560928,Not significant
E01001494,Enfield 026C,Enfield,children_and_adolescents,1.86244449982646,Not significant,0.79851228055796,0.0357,0.0843019867549669,Not significant
E01001495,Enfield 029A,Enfield,children_and_adolescents,-0.311797466640099,Not significant,-0.0572333497803775,0.2822,0.339865476477684,Not significant
E01001496,Enfield 026D,Enfield,children_and_adolescents,1.28995526986011,Not significant,0.192915187970575,0.2928,0.348262473195139,Not significant
E01001497,Enfield 031E,Enfield,children_and_adolescents,1.63717064521104,Not significant,0.409341306077278,0.2169,0.284863141278611,Not significant
E01001498,Enfield 029B,Enfield,children_and_adolescents,-0.158139027305547,Not significant,-0.014153837357998,0.362,0.405180269058296,Not significant
E01001499,Enfield 031F,Enfield,children_and_adolescents,0.0272355664553848,Not significant,0.0072422375787976,0.1293,0.199279283729546,Not significant
E01001500,Enfield 035D,Enfield,children_and_adolescents,0.120610534622782,Not significant,0.00837626605795752,0.3992,0.431717157712305,Not significant
E01001501,Enfield 036E,Enfield,children_and_adolescents,-0.429469225350227,Not significant,0.017378093611264,0.4359,0.458011534413808,Not significant
E01001502,Enfield 018D,Enfield,children_and_adolescents,0.392398013117827,High-high mismatch cluster,0.221306411819417,0.0105,0.0358522571819425,High-high mismatch cluster
E01001503,Enfield 018E,Enfield,children_and_adolescents,2.2557183105439,Not significant,1.15015825493528,0.041,0.0925280289330922,Not significant
E01001504,Enfield 012B,Enfield,children_and_adolescents,1.81099915285287,High-high mismatch cluster,1.01767093971607,0.0143,0.0446998121477771,High-high mismatch cluster
E01001505,Enfield 012C,Enfield,children_and_adolescents,0.646817244743645,High-high mismatch cluster,0.404869472214353,0.0018,0.0108129963898917,High-high mismatch cluster
E01001507,Enfield 012D,Enfield,children_and_adolescents,0.620607840143693,High-high mismatch cluster,0.325433718309985,0.0138,0.0436286257124763,High-high mismatch cluster
E01001508,Enfield 012E,Enfield,children_and_adolescents,1.53681373907181,High-high mismatch cluster,0.846724035304366,0.006,0.0244905968928863,High-high mismatch cluster
E01001509,Enfield 014C,Enfield,children_and_adolescents,2.02316117411117,Not significant,1.11077651154483,0.0506,0.105644165621079,Not significant
E01001511,Enfield 016D,Enfield,children_and_adolescents,2.23963684784303,Not significant,1.0667223487769,0.0223,0.0609981369863014,Not significant
E01001512,Enfield 015D,Enfield,children_and_adolescents,1.23218648929791,Not significant,-0.00340966124427717,0.4892,0.492852956609485,Not significant
E01001513,Enfield 012F,Enfield,children_and_adolescents,1.90125415027575,Not significant,0.85879987513431,0.0217,0.0596839669421488,Not significant
E01001514,Enfield 016E,Enfield,children_and_adolescents,1.8795582052751,Not significant,0.431105011146953,0.2154,0.283995776135164,Not significant
E01001515,Enfield 015E,Enfield,children_and_adolescents,1.16954094737208,High-high mismatch cluster,0.582220318478763,0.0177,0.0517320843091335,Not significant
E01001516,Enfield 005D,Enfield,children_and_adolescents,1.38431070917358,High-high mismatch cluster,0.743450840050093,0.0121,0.0398437994722955,High-high mismatch cluster
E01001517,Enfield 006C,Enfield,children_and_adolescents,1.13686457566734,High-high mismatch cluster,0.675226769219996,0.0105,0.0358522571819425,High-high mismatch cluster
E01001518,Enfield 016F,Enfield,children_and_adolescents,0.152200862287022,High-high mismatch cluster,0.0808281646991726,0.0019,0.0112113475177305,High-high mismatch cluster
E01001520,Enfield 019A,Enfield,children_and_adolescents,1.20281808104998,Not significant,0.494377215548809,0.0347,0.0825261553120534,Not significant
E01001521,Enfield 028A,Enfield,children_and_adolescents,1.32778466976025,Not significant,0.465657033662733,0.0296,0.0738446776611694,Not significant
E01001522,Enfield 019B,Enfield,children_and_adolescents,1.57617114760086,High-high mismatch cluster,1.00628934311439,0.0108,0.0366509857239973,High-high mismatch cluster
E01001523,Enfield 019C,Enfield,children_and_adolescents,1.7848865034386,High-high mismatch cluster,0.990021941734484,0.0036,0.017670796460177,High-high mismatch cluster
E01001524,Enfield 019D,Enfield,children_and_adolescents,1.04514979189615,High-high mismatch cluster,0.563706050215032,0.0061,0.0247973941368078,High-high mismatch cluster
E01001525,Enfield 020E,Enfield,children_and_adolescents,1.31349717257722,Not significant,0.533388644144385,0.0912,0.157533010380623,Not significant
E01001526,Enfield 019E,Enfield,children_and_adolescents,1.53759220288282,Not significant,0.800485429713605,0.0367,0.0858511715089035,Not significant
E01001527,Enfield 036F,Enfield,children_and_adolescents,0.38696812702064,Not significant,0.0774520181754561,0.1832,0.253053237410072,Not significant
E01001528,Enfield 032B,Enfield,children_and_adolescents,-0.475403143911232,Not significant,-0.0547554443208928,0.3007,0.355793884806826,Not significant
E01001529,Enfield 032C,Enfield,children_and_adolescents,-1.01090301310681,Not significant,0.0736465981109583,0.399,0.431717157712305,Not significant
E01001530,Enfield 032D,Enfield,children_and_adolescents,1.15097506054962,Not significant,0.0678510971581176,0.4314,0.454861772151899,Not significant
E01001531,Enfield 028B,Enfield,children_and_adolescents,1.64602678903956,Not significant,0.476549775678196,0.1237,0.193819962335217,Not significant
E01001532,Enfield 028C,Enfield,children_and_adolescents,0.385338860815853,Not significant,0.166665450834463,0.0756,0.138544493392071,Not significant
E01001533,Enfield 028D,Enfield,children_and_adolescents,1.23038506523937,Not significant,0.385953612608982,0.1232,0.193218473138549,Not significant
E01001534,Enfield 032E,Enfield,children_and_adolescents,1.15172528848358,Not significant,0.196653262390525,0.211,0.279467232687716,Not significant
E01001535,Enfield 028E,Enfield,children_and_adolescents,0.908905318986107,Not significant,0.220186940049523,0.1698,0.24060221402214,Not significant
E01001536,Enfield 008B,Enfield,children_and_adolescents,-1.2555308464295,Not significant,-0.185518440560238,0.2668,0.327884194977843,Not significant
E01001537,Enfield 005E,Enfield,children_and_adolescents,1.82944764153203,High-high mismatch cluster,1.07290136960226,0.01,0.034787456445993,High-high mismatch cluster
E01001538,Enfield 009A,Enfield,children_and_adolescents,1.13115828617359,Not significant,0.461120234963468,0.061,0.119745182854896,Not significant
E01001539,Enfield 009B,Enfield,children_and_adolescents,0.381211925203399,Not significant,0.146730903814976,0.0564,0.113117235837686,Not significant
E01001540,Enfield 008C,Enfield,children_and_adolescents,-0.068917412092299,Not significant,-0.0159352823097467,0.1825,0.252505543237251,Not significant
E01001541,Enfield 008D,Enfield,children_and_adolescents,0.315993865494797,Not significant,0.00507739259966698,0.4919,0.494674617244158,Not significant
E01001542,Enfield 008E,Enfield,children_and_adolescents,-0.00149951554829975,Not significant,-0.000331791401341463,0.2581,0.320346892093486,Not significant
E01001543,Enfield 009C,Enfield,children_and_adolescents,0.824389313615295,Not significant,0.11106027914201,0.3261,0.376043243243243,Not significant
E01001544,Enfield 009D,Enfield,children_and_adolescents,0.124710986504929,Not significant,0.00990669867998546,0.381,0.419579086697551,Not significant
E01001545,Enfield 002B,Enfield,children_and_adolescents,1.73639761645079,High-high mismatch cluster,1.14440489403887,0.0024,0.013312,High-high mismatch cluster
E01001546,Enfield 001C,Enfield,children_and_adolescents,1.82231926870842,Not significant,0.961834970608054,0.0344,0.082125681492109,Not significant
E01001547,Enfield 002C,Enfield,children_and_adolescents,1.41239983982608,High-high mismatch cluster,1.0984789920288,0.0004,0.00385482625482626,High-high mismatch cluster
E01001548,Enfield 002D,Enfield,children_and_adolescents,2.62926753426657,High-high mismatch cluster,1.92038084865349,0.0036,0.017670796460177,High-high mismatch cluster
E01001549,Enfield 006D,Enfield,children_and_adolescents,2.88352674729043,High-high mismatch cluster,1.8329575468411,0.0014,0.00919578947368421,High-high mismatch cluster
E01001550,Enfield 006E,Enfield,children_and_adolescents,1.66600414352579,High-high mismatch cluster,1.06926212980032,0.0058,0.0239285950413223,High-high mismatch cluster
E01001551,Enfield 002E,Enfield,children_and_adolescents,1.84013932734033,Not significant,1.04538941494235,0.0447,0.0976980735551663,Not significant
E01001552,Enfield 001D,Enfield,children_and_adolescents,1.06808041554889,High-high mismatch cluster,0.779214784949874,0.0015,0.0096,High-high mismatch cluster
E01001553,Enfield 037B,Enfield,children_and_adolescents,2.25962741960795,High-high mismatch cluster,1.03066661849669,0.0143,0.0446998121477771,High-high mismatch cluster
E01001554,Enfield 037C,Enfield,children_and_adolescents,0.238617942976153,Not significant,0.0903014367613617,0.08,0.143654676258993,Not significant
E01001555,Enfield 033C,Enfield,children_and_adolescents,0.789997464295828,Not significant,0.306472063167604,0.0736,0.135977498149519,Not significant
E01001556,Enfield 035E,Enfield,children_and_adolescents,2.19346464421825,Not significant,0.829753342190018,0.1069,0.176120396039604,Not significant
E01001557,Enfield 033D,Enfield,children_and_adolescents,2.07661378509138,Not significant,0.743415609408973,0.0903,0.156628769979152,Not significant
E01001558,Enfield 033E,Enfield,children_and_adolescents,1.76360684550756,Not significant,0.770317963885755,0.0245,0.0647111111111111,Not significant
E01001559,Enfield 033F,Enfield,children_and_adolescents,1.66459904845154,High-high mismatch cluster,0.700026151007198,0.0157,0.0477601462522852,High-high mismatch cluster
E01001560,Enfield 035F,Enfield,children_and_adolescents,-0.128693289628102,Not significant,-0.0580513722660478,0.0327,0.0789353965183753,Not significant
E01001562,Enfield 037D,Enfield,children_and_adolescents,2.48296709392568,Not significant,0.661316857227902,0.1685,0.239371656232214,Not significant
E01001563,Enfield 029C,Enfield,children_and_adolescents,-0.0263337333344927,Not significant,-0.00524652943084606,0.2224,0.289723590814196,Not significant
E01001564,Enfield 022B,Enfield,children_and_adolescents,0.792691070207448,Not significant,0.217944549199275,0.1644,0.235085877971928,Not significant
E01001565,Enfield 029D,Enfield,children_and_adolescents,0.487553271394201,Not significant,0.127941650751757,0.1732,0.243621978021978,Not significant
E01001566,Enfield 029E,Enfield,children_and_adolescents,0.529823016894608,Not significant,0.0771633702364096,0.3071,0.360800941397976,Not significant
E01001567,Enfield 022C,Enfield,children_and_adolescents,1.50875137072142,High-high mismatch cluster,0.7705840216057,0.0167,0.0498007168458781,High-high mismatch cluster
E01001568,Enfield 022D,Enfield,children_and_adolescents,1.49057014855089,High-high mismatch cluster,0.581610736680417,0.0188,0.0539986191024166,Not significant
E01001569,Enfield 022E,Enfield,children_and_adolescents,0.0883230055206158,Not significant,0.0374869144304151,0.0365,0.0856240601503759,Not significant
E01001570,Enfield 026E,Enfield,children_and_adolescents,1.25405096963509,Not significant,0.441736536835512,0.0743,0.136714190932547,Not significant
E01001571,Greenwich 008A,Greenwich,children_and_adolescents,1.19429562948242,Not significant,0.474124279810023,0.0702,0.131545945945946,Not significant
E01001572,Greenwich 008B,Greenwich,children_and_adolescents,0.295788669165254,Not significant,0.153503248212015,0.034,0.0814433781190019,Not significant
E01001573,Greenwich 008C,Greenwich,children_and_adolescents,0.816191239854817,Not significant,0.400788983713476,0.0318,0.0777022026431718,Not significant
E01001574,Greenwich 008D,Greenwich,children_and_adolescents,1.82806096538285,Not significant,0.719205038801365,0.0228,0.062059760087241,Not significant
E01001575,Greenwich 003A,Greenwich,children_and_adolescents,1.4691169082849,High-high mismatch cluster,0.872507207996954,0.0039,0.0186840690978887,High-high mismatch cluster
E01001576,Greenwich 003B,Greenwich,children_and_adolescents,1.32374507027486,High-high mismatch cluster,0.90151769835772,0.0024,0.013312,High-high mismatch cluster
E01001577,Greenwich 003C,Greenwich,children_and_adolescents,1.69283223185125,Not significant,0.662296419163057,0.0535,0.109321326238232,Not significant
E01001578,Greenwich 003D,Greenwich,children_and_adolescents,1.00902680143873,Not significant,0.387602304996518,0.0579,0.115476148621654,Not significant
E01001579,Greenwich 003E,Greenwich,children_and_adolescents,1.31632375541979,Not significant,0.576046606617045,0.0272,0.069632,Not significant
E01001580,Greenwich 021A,Greenwich,children_and_adolescents,-1.62162697558745,Not significant,0.726412830752321,0.0428,0.0948746003552398,Not significant
E01001581,Greenwich 016A,Greenwich,children_and_adolescents,-2.17043030906354,Not significant,0.224849901350589,0.3163,0.368229850746269,Not significant
E01001582,Greenwich 021B,Greenwich,children_and_adolescents,2.12612339945501,Not significant,0.218885834693533,0.3599,0.403553638814016,Not significant
E01001583,Greenwich 021C,Greenwich,children_and_adolescents,-0.344625353886452,Not significant,0.0629357764938866,0.2165,0.284637345272584,Not significant
E01001584,Greenwich 021D,Greenwich,children_and_adolescents,0.448690128995142,Not significant,0.0322283056101164,0.4019,0.433697535667964,Not significant
E01001585,Greenwich 016B,Greenwich,children_and_adolescents,0.985993972246864,Not significant,-0.360083951896584,0.0763,0.139010802919708,Not significant
E01001586,Greenwich 016C,Greenwich,children_and_adolescents,-1.10460353144805,Not significant,0.340203027175872,0.16,0.230178674351585,Not significant
E01001587,Greenwich 016D,Greenwich,children_and_adolescents,-0.458708560737414,Not significant,0.162027263854521,0.0836,0.148042284498049,Not significant
E01001588,Greenwich 012A,Greenwich,children_and_adolescents,-0.295460717996955,Low-high spatial outlier,-0.118893306710135,0.021,0.0583372287145242,Not significant
E01001589,Greenwich 012B,Greenwich,children_and_adolescents,0.763988142203386,Not significant,0.198785530604306,0.1492,0.219836599763872,Not significant
E01001590,Greenwich 014A,Greenwich,children_and_adolescents,0.221429034335239,Not significant,0.0700880318241401,0.1265,0.196541549953315,Not significant
E01001591,Greenwich 012C,Greenwich,children_and_adolescents,1.40810477093552,Not significant,0.358620897073758,0.1753,0.245262780269058,Not significant
E01001592,Greenwich 014B,Greenwich,children_and_adolescents,0.623798814243349,Not significant,-0.0235847278180813,0.4293,0.453558857142857,Not significant
E01001593,Greenwich 014C,Greenwich,children_and_adolescents,-0.436939695657091,Not significant,0.061113404733966,0.3219,0.3736165542897,Not significant
E01001594,Greenwich 014D,Greenwich,children_and_adolescents,0.74165629000662,Not significant,0.143769171978263,0.2314,0.297488745815091,Not significant
E01001595,Greenwich 012D,Greenwich,children_and_adolescents,1.94665530063749,Not significant,0.345549003608492,0.275,0.333852140077821,Not significant
E01001596,Greenwich 032A,Greenwich,children_and_adolescents,1.3031584945047,Not significant,0.50348130274202,0.0562,0.112761414790997,Not significant
E01001597,Greenwich 031A,Greenwich,children_and_adolescents,0.313111966036277,Not significant,0.074084938677542,0.1774,0.247092857142857,Not significant
E01001598,Greenwich 031B,Greenwich,children_and_adolescents,0.497483560411842,Not significant,0.098715388135755,0.2494,0.312862094951017,Not significant
E01001599,Greenwich 032B,Greenwich,children_and_adolescents,1.05424509059407,Not significant,0.256733212280882,0.1531,0.223406957030108,Not significant
E01001600,Greenwich 032C,Greenwich,children_and_adolescents,-0.226153138685451,Not significant,-0.059111998313059,0.2043,0.272764268520995,Not significant
E01001601,Greenwich 032D,Greenwich,children_and_adolescents,1.02478540197133,Not significant,0.358046960594278,0.0758,0.138656504213998,Not significant
E01001602,Greenwich 031C,Greenwich,children_and_adolescents,1.30924866232478,Not significant,0.353929320379255,0.1242,0.194359373040752,Not significant
E01001603,Greenwich 031D,Greenwich,children_and_adolescents,0.453213881307388,Not significant,0.190376400920365,0.0422,0.0942139534883721,Not significant
E01001604,Greenwich 027A,Greenwich,children_and_adolescents,-0.274829611083686,Not significant,0.0197049249846124,0.3952,0.429625087108014,Not significant
E01001605,Greenwich 023A,Greenwich,children_and_adolescents,0.768930430168761,Not significant,0.303852579262971,0.0294,0.0736771084337349,Not significant
E01001606,Greenwich 023B,Greenwich,children_and_adolescents,0.393216356332395,Not significant,0.0395680667659561,0.3509,0.396310588235294,Not significant
E01001607,Greenwich 027B,Greenwich,children_and_adolescents,-0.492992650874298,Not significant,-0.0447717235416257,0.381,0.419579086697551,Not significant
E01001608,Greenwich 027C,Greenwich,children_and_adolescents,-0.12218245489798,Not significant,-0.0198312028907449,0.2667,0.327842009357301,Not significant
E01001609,Greenwich 027D,Greenwich,children_and_adolescents,-0.558035855755473,Not significant,0.00401826269094124,0.4724,0.482253742331288,Not significant
E01001610,Greenwich 023C,Greenwich,children_and_adolescents,1.04687275433892,Not significant,0.276985244792255,0.1968,0.26624,Not significant
E01001611,Greenwich 023D,Greenwich,children_and_adolescents,0.677544555225328,Not significant,0.13089342300361,0.2252,0.292075448168355,Not significant
E01001613,Greenwich 028A,Greenwich,children_and_adolescents,0.675623725548793,Not significant,0.0767883215810868,0.33,0.37940119760479,Not significant
E01001614,Greenwich 028B,Greenwich,children_and_adolescents,1.57352084793647,Not significant,0.579593496673517,0.068,0.128630541871921,Not significant
E01001615,Greenwich 028C,Greenwich,children_and_adolescents,-0.204338792300606,Not significant,-0.0284894558861046,0.2914,0.347093486041518,Not significant
E01001617,Greenwich 028D,Greenwich,children_and_adolescents,0.16093156122359,Not significant,0.0284457211665198,0.2271,0.293548213360953,Not significant
E01001618,Greenwich 030C,Greenwich,children_and_adolescents,2.01563415789331,Not significant,0.858254938267386,0.0389,0.0893643810400368,Not significant
E01001619,Greenwich 030D,Greenwich,children_and_adolescents,0.530190564293104,Not significant,0.196319501645009,0.0482,0.102302040816327,Not significant
E01001620,Greenwich 025A,Greenwich,children_and_adolescents,1.07244590366475,Not significant,0.403710982072882,0.0824,0.146332550693703,Not significant
E01001621,Greenwich 025B,Greenwich,children_and_adolescents,-0.168461753070424,Not significant,-0.0318171042834919,0.1837,0.253533425490738,Not significant
E01001623,Greenwich 025C,Greenwich,children_and_adolescents,1.47055662862752,Not significant,0.191059099914277,0.2949,0.350426279457272,Not significant
E01001624,Greenwich 025D,Greenwich,children_and_adolescents,0.577149773530013,Not significant,0.125383258982587,0.1999,0.268903476151981,Not significant
E01001625,Greenwich 025E,Greenwich,children_and_adolescents,0.899363970210147,Not significant,0.327287568773197,0.0745,0.137031687546057,Not significant
E01001629,Greenwich 009A,Greenwich,children_and_adolescents,0.31945392546245,Not significant,0.017493965483716,0.4193,0.446109462915601,Not significant
E01001631,Greenwich 007B,Greenwich,children_and_adolescents,1.3436775600752,Not significant,0.171727196652263,0.3148,0.366911417230913,Not significant
E01001632,Greenwich 007C,Greenwich,children_and_adolescents,0.117420725335908,Not significant,0.0302021879858876,0.15,0.220559646539028,Not significant
E01001633,Greenwich 009B,Greenwich,children_and_adolescents,0.344053052786187,Not significant,0.0326915992145316,0.3843,0.421817414248021,Not significant
E01001634,Greenwich 009C,Greenwich,children_and_adolescents,0.342179565910954,Not significant,0.0602368982013566,0.271,0.331332843497428,Not significant
E01001635,Greenwich 007D,Greenwich,children_and_adolescents,-0.280017106419702,Not significant,-0.0358375459464944,0.3344,0.383576470588235,Not significant
E01001636,Greenwich 007E,Greenwich,children_and_adolescents,0.459757662171327,Not significant,0.0457801232182165,0.3865,0.423580241492865,Not significant
E01001637,Greenwich 009D,Greenwich,children_and_adolescents,0.212129853023758,Not significant,0.014822581628348,0.3861,0.42332773995168,Not significant
E01001638,Greenwich 038A,Greenwich,children_and_adolescents,-0.243835299594108,Not significant,0.119710522932192,0.0443,0.0972068571428571,Not significant
E01001641,Greenwich 038B,Greenwich,children_and_adolescents,-2.1183941015046,Low-low surplus cluster,1.24084662370152,0.0054,0.0228835314091681,Low-low surplus cluster
E01001642,Greenwich 038C,Greenwich,children_and_adolescents,-1.07310359387115,Low-low surplus cluster,0.563814732513672,0.0097,0.0340762843068262,Low-low surplus cluster
E01001644,Greenwich 038D,Greenwich,children_and_adolescents,-1.78337652337167,Low-low surplus cluster,0.939774230705999,0.007,0.0273213448006255,Low-low surplus cluster
E01001645,Greenwich 022A,Greenwich,children_and_adolescents,0.859769008091728,Not significant,0.364443993983192,0.046,0.0994508445214379,Not significant
E01001646,Greenwich 019A,Greenwich,children_and_adolescents,0.880464904266063,Not significant,0.227325234789963,0.1763,0.246316708648195,Not significant
E01001647,Greenwich 022B,Greenwich,children_and_adolescents,0.480910025130973,Not significant,0.101342497889183,0.1884,0.258164370024705,Not significant
E01001648,Greenwich 022C,Greenwich,children_and_adolescents,0.583647953099198,Not significant,0.214591805610156,0.0515,0.106764119601329,Not significant
E01001649,Greenwich 022D,Greenwich,children_and_adolescents,1.95999261662105,Not significant,0.648831027519511,0.1142,0.184017559715946,Not significant
E01001650,Greenwich 019B,Greenwich,children_and_adolescents,1.17716514668059,Not significant,0.260218345506145,0.2341,0.299494413121476,Not significant
E01001651,Greenwich 019C,Greenwich,children_and_adolescents,1.37140104800275,Not significant,0.208983783899331,0.2813,0.339272674559072,Not significant
E01001652,Greenwich 019D,Greenwich,children_and_adolescents,-0.676622757758755,Not significant,-0.0881933064431895,0.2855,0.3426,Not significant
E01001653,Greenwich 029A,Greenwich,children_and_adolescents,2.48570056554679,Not significant,1.20113633959523,0.0327,0.0789353965183753,Not significant
E01001654,Greenwich 029B,Greenwich,children_and_adolescents,1.25611901043602,Not significant,0.631848658744926,0.0279,0.0707707317073171,Not significant
E01001655,Greenwich 029C,Greenwich,children_and_adolescents,1.66569370730173,Not significant,0.431849697638993,0.1555,0.225655813953488,Not significant
E01001656,Greenwich 034A,Greenwich,children_and_adolescents,1.6729042923498,Not significant,0.401628365254374,0.1979,0.267076723438767,Not significant
E01001657,Greenwich 034B,Greenwich,children_and_adolescents,0.540895371715229,Not significant,0.0778793352423409,0.3104,0.363565649929611,Not significant
E01001658,Greenwich 034C,Greenwich,children_and_adolescents,0.960442376124076,Not significant,0.049196858536085,0.4333,0.455759292035398,Not significant
E01001659,Greenwich 034D,Greenwich,children_and_adolescents,1.56308812642996,Not significant,0.329178084592556,0.1402,0.210997407295749,Not significant
E01001660,Greenwich 029D,Greenwich,children_and_adolescents,1.78564671564805,High-high mismatch cluster,1.06876194837624,0.0036,0.017670796460177,High-high mismatch cluster
E01001661,Greenwich 029E,Greenwich,children_and_adolescents,1.81821324907967,High-high mismatch cluster,0.960198749105172,0.0131,0.0419738125802311,High-high mismatch cluster
E01001664,Greenwich 037B,Greenwich,children_and_adolescents,-1.3590627261446,Not significant,0.690628706113844,0.0358,0.0844582230623819,Not significant
E01001665,Greenwich 037C,Greenwich,children_and_adolescents,-1.0129856087412,Not significant,0.0417109500505633,0.4272,0.451626937738247,Not significant
E01001666,Greenwich 041G,Greenwich,children_and_adolescents,0.664676594234235,Not significant,0.0688231834639654,0.336,0.384792842395045,Not significant
E01001669,Greenwich 033A,Greenwich,children_and_adolescents,1.77621594619765,Not significant,0.484554306634644,0.1211,0.1909447883765,Not significant
E01001671,Greenwich 033B,Greenwich,children_and_adolescents,0.279306673821431,Not significant,0.0420234743603353,0.2806,0.338673887814313,Not significant
E01001672,Greenwich 006A,Greenwich,children_and_adolescents,1.17957701624487,Not significant,0.379716775755174,0.0757,0.138575137513751,Not significant
E01001673,Greenwich 006B,Greenwich,children_and_adolescents,0.736224132856218,Not significant,0.181814972184658,0.1408,0.211708915662651,Not significant
E01001674,Greenwich 006C,Greenwich,children_and_adolescents,0.909933297052964,Not significant,0.348226475659499,0.0596,0.117971134020619,Not significant
E01001675,Greenwich 006D,Greenwich,children_and_adolescents,1.0080989820905,Not significant,0.132383210273599,0.3059,0.359729752650177,Not significant
E01001676,Greenwich 033C,Greenwich,children_and_adolescents,1.26461317579545,Not significant,0.582486565368792,0.0426,0.0945992882562278,Not significant
E01001677,Greenwich 006E,Greenwich,children_and_adolescents,0.778449138770669,Not significant,0.29217206148016,0.0618,0.120557092614302,Not significant
E01001678,Greenwich 017A,Greenwich,children_and_adolescents,0.906352281769854,Not significant,0.178373287471637,0.311,0.363873289597001,Not significant
E01001679,Greenwich 020A,Greenwich,children_and_adolescents,1.28459341494911,Not significant,0.499104817808353,0.1402,0.210997407295749,Not significant
E01001680,Greenwich 020B,Greenwich,children_and_adolescents,1.05897562476952,Not significant,0.427963252079462,0.0926,0.159289869055824,Not significant
E01001681,Greenwich 020C,Greenwich,children_and_adolescents,0.806890057893435,Not significant,0.280237715032549,0.081,0.144825214899713,Not significant
E01001682,Greenwich 020D,Greenwich,children_and_adolescents,0.968110799345901,Not significant,0.35842597542515,0.0309,0.0762118577075099,Not significant
E01001683,Greenwich 017B,Greenwich,children_and_adolescents,-0.262822789276751,Not significant,-0.027010450875468,0.3388,0.386845745654163,Not significant
E01001684,Greenwich 017C,Greenwich,children_and_adolescents,1.29511485241558,Not significant,0.303753359440224,0.1105,0.179738025415445,Not significant
E01001685,Greenwich 017D,Greenwich,children_and_adolescents,-0.622735659526843,Not significant,-0.212936296939158,0.0644,0.124125405405405,Not significant
E01001686,Greenwich 020E,Greenwich,children_and_adolescents,1.21803920409249,Not significant,0.523871504693751,0.0281,0.0711695585996956,Not significant
E01001687,Greenwich 002A,Greenwich,children_and_adolescents,-0.750297440818246,Not significant,-0.28070510854403,0.0476,0.10137337883959,Not significant
E01001688,Greenwich 002B,Greenwich,children_and_adolescents,1.66577894173538,High-high mismatch cluster,1.07667056912031,0.0025,0.0136542669584245,High-high mismatch cluster
E01001690,Greenwich 001A,Greenwich,children_and_adolescents,0.297764193298999,High-high mismatch cluster,0.197236397456748,0.0046,0.0204845673505798,High-high mismatch cluster
E01001692,Greenwich 001B,Greenwich,children_and_adolescents,0.934508921634559,High-high mismatch cluster,0.609204199630334,0.0094,0.0332564138908576,High-high mismatch cluster
E01001693,Greenwich 001C,Greenwich,children_and_adolescents,2.50015414578431,Not significant,1.21905506157317,0.0191,0.0546089347079038,Not significant
E01001694,Greenwich 001D,Greenwich,children_and_adolescents,2.45309776616727,High-high mismatch cluster,1.63723391079513,0.0018,0.0108129963898917,High-high mismatch cluster
E01001695,Greenwich 011A,Greenwich,children_and_adolescents,-0.160513418001188,Not significant,0.0195378896925642,0.3107,0.363661055099648,Not significant
E01001696,Greenwich 011B,Greenwich,children_and_adolescents,-1.29614976458113,Not significant,0.337274655186838,0.1739,0.244125084364454,Not significant
E01001697,Greenwich 011C,Greenwich,children_and_adolescents,0.362334925858928,Not significant,0.0571366258398912,0.2589,0.320861171797418,Not significant
E01001698,Greenwich 015A,Greenwich,children_and_adolescents,0.959343074683272,Not significant,0.385547588703537,0.0665,0.126608695652174,Not significant
E01001699,Greenwich 015B,Greenwich,children_and_adolescents,0.0347567828903875,Not significant,0.00423364508353465,0.2825,0.339980713596914,Not significant
E01001700,Greenwich 011D,Greenwich,children_and_adolescents,0.548592723971569,Not significant,0.102564114676995,0.2304,0.296738080495356,Not significant
E01001701,Greenwich 015C,Greenwich,children_and_adolescents,0.905736508378676,Not significant,0.245629863517488,0.0927,0.159352066115703,Not significant
E01001702,Greenwich 015D,Greenwich,children_and_adolescents,0.842071361807928,Not significant,0.179477068670598,0.2559,0.318566783042394,Not significant
E01001703,Greenwich 011E,Greenwich,children_and_adolescents,2.00240532619703,Not significant,0.517303987904738,0.1564,0.226500957354221,Not significant
E01001704,Greenwich 011F,Greenwich,children_and_adolescents,0.216711623192001,Not significant,0.053979277125561,0.1928,0.261821980413493,Not significant
E01001705,Greenwich 005A,Greenwich,children_and_adolescents,1.09916611615126,Not significant,0.0853353449430378,0.3939,0.42886560523446,Not significant
E01001708,Greenwich 005C,Greenwich,children_and_adolescents,1.10855206188746,Not significant,0.328568252239837,0.0976,0.16521505595117,Not significant
E01001710,Greenwich 005D,Greenwich,children_and_adolescents,1.67761360254858,Not significant,0.508173380833494,0.137,0.207684178560583,Not significant
E01001712,Greenwich 042A,Greenwich,children_and_adolescents,0.586060287864175,Not significant,0.190168268505466,0.1123,0.181895392602206,Not significant
E01001714,Hackney 002A,Hackney,children_and_adolescents,-1.51738214526958,Not significant,0.256350997496046,0.2213,0.288516479498564,Not significant
E01001715,Hackney 007A,Hackney,children_and_adolescents,-2.32401149915396,Not significant,0.595526494829272,0.2262,0.29291579766537,Not significant
E01001716,Hackney 007B,Hackney,children_and_adolescents,-0.471652150491191,Low-low surplus cluster,0.270836979914582,0.0167,0.0498007168458781,Low-low surplus cluster
E01001717,Hackney 007C,Hackney,children_and_adolescents,-0.0483339936964828,Not significant,0.020899597871473,0.0497,0.104420202020202,Not significant
E01001718,Hackney 007D,Hackney,children_and_adolescents,-1.98427591220484,Not significant,0.750185616162137,0.0692,0.130111638418079,Not significant
E01001719,Hackney 007E,Hackney,children_and_adolescents,-0.578896310695213,Not significant,0.17533921160952,0.1417,0.21251144397843,Not significant
E01001720,Hackney 007F,Hackney,children_and_adolescents,-1.77915241768092,Not significant,0.548415863336421,0.0927,0.159352066115703,Not significant
E01001722,Hackney 029A,Hackney,children_and_adolescents,-0.102022445770983,Not significant,0.0000694964399065028,0.4783,0.485595607077486,Not significant
E01001723,Hackney 006A,Hackney,children_and_adolescents,-0.361794462366425,Not significant,-0.0294831572300093,0.3802,0.419438320441989,Not significant
E01001724,Hackney 006B,Hackney,children_and_adolescents,-1.9055647399958,Not significant,0.190642561033587,0.3229,0.374139457202505,Not significant
E01001725,Hackney 004A,Hackney,children_and_adolescents,1.63871813592561,Not significant,0.177128833234549,0.3432,0.390440838650866,Not significant
E01001726,Hackney 004B,Hackney,children_and_adolescents,0.914384731664453,Not significant,0.228237860446424,0.2191,0.286546292900183,Not significant
E01001727,Hackney 006C,Hackney,children_and_adolescents,0.838170662894093,Not significant,0.39463806010252,0.0244,0.0647111111111111,Not significant
E01001728,Hackney 029B,Hackney,children_and_adolescents,2.5632655963331,Not significant,0.315849242256236,0.3358,0.384652042221202,Not significant
E01001729,Hackney 019A,Hackney,children_and_adolescents,-0.988417857811068,Low-low surplus cluster,0.598259058205104,0.0109,0.0369150610583446,Low-low surplus cluster
E01001730,Hackney 019B,Hackney,children_and_adolescents,-1.07552713151963,Low-low surplus cluster,0.628513120875827,0.013,0.0417337620578778,Low-low surplus cluster
E01001731,Hackney 017A,Hackney,children_and_adolescents,-2.34087058904636,Low-low surplus cluster,1.70798823704954,0.0001,0.00156,Low-low surplus cluster
E01001732,Hackney 019C,Hackney,children_and_adolescents,-0.956520490725045,Not significant,0.526441428464724,0.0443,0.0972068571428571,Not significant
E01001733,Hackney 015A,Hackney,children_and_adolescents,-1.42698484866264,Not significant,0.645033957719914,0.0326,0.0789353965183753,Not significant
E01001734,Hackney 017B,Hackney,children_and_adolescents,-2.8769076443945,Low-low surplus cluster,1.60641263101662,0.003,0.0155837669094693,Low-low surplus cluster
E01001735,Hackney 019D,Hackney,children_and_adolescents,-2.5707452706675,Low-low surplus cluster,1.89538830037581,0.005,0.0216854908774978,Low-low surplus cluster
E01001736,Hackney 012A,Hackney,children_and_adolescents,-1.50539521314284,Low-low surplus cluster,0.888837357634574,0.0081,0.0302432311144353,Low-low surplus cluster
E01001737,Hackney 012B,Hackney,children_and_adolescents,-0.830976848230412,Low-low surplus cluster,0.489080752615661,0.0211,0.0585498610339077,Not significant
E01001738,Hackney 012C,Hackney,children_and_adolescents,-1.88862765242077,Not significant,1.12638093150508,0.0331,0.0796698167791707,Not significant
E01001739,Hackney 012D,Hackney,children_and_adolescents,-2.33266146616406,Low-low surplus cluster,1.29110545190194,0.0099,0.03456,Low-low surplus cluster
E01001740,Hackney 014A,Hackney,children_and_adolescents,-1.47118027205763,Low-low surplus cluster,1.11996498856207,0.005,0.0216854908774978,Low-low surplus cluster
E01001741,Hackney 009A,Hackney,children_and_adolescents,-0.416131267123062,Not significant,0.190732170641007,0.0364,0.0855100235294118,Not significant
E01001742,Hackney 008A,Hackney,children_and_adolescents,-1.1494753198604,Not significant,0.573572059171779,0.04,0.0910948905109489,Not significant
E01001744,Hackney 031A,Hackney,children_and_adolescents,-1.45485581954605,Low-low surplus cluster,1.17132780239832,0.0005,0.00447311827956989,Low-low surplus cluster
E01001745,Hackney 016A,Hackney,children_and_adolescents,-1.00440698452468,Low-low surplus cluster,0.496689572876512,0.0094,0.0332564138908576,Low-low surplus cluster
E01001746,Hackney 016B,Hackney,children_and_adolescents,1.56459980391611,Not significant,-0.699271418715781,0.0773,0.1404,Not significant
E01001747,Hackney 014B,Hackney,children_and_adolescents,-2.56240738436388,Low-low surplus cluster,1.72225046802488,0.0027,0.0143387234042553,Low-low surplus cluster
E01001749,Hackney 020B,Hackney,children_and_adolescents,-1.11836570521067,Low-low surplus cluster,0.714304526643037,0.0131,0.0419738125802311,Low-low surplus cluster
E01001750,Hackney 031D,Hackney,children_and_adolescents,-2.57648399998768,Low-low surplus cluster,2.13382376895129,0.001,0.00731964809384164,Low-low surplus cluster
E01001751,Hackney 031B,Hackney,children_and_adolescents,-1.86890225767242,Low-low surplus cluster,1.32175225990699,0.0033,0.0166232088799193,Low-low surplus cluster
E01001753,Hackney 025B,Hackney,children_and_adolescents,0.0814475086373365,High-low spatial outlier,-0.0692245451136346,0.004,0.0189270142180095,High-low spatial outlier
E01001755,Hackney 025D,Hackney,children_and_adolescents,-2.42294209251944,Low-low surplus cluster,2.1783452131987,0.0001,0.00156,Low-low surplus cluster
E01001756,Hackney 030C,Hackney,children_and_adolescents,-2.76496782240758,Low-low surplus cluster,2.63437399909831,0.0001,0.00156,Low-low surplus cluster
E01001757,Hackney 016C,Hackney,children_and_adolescents,0.288725485561928,High-low spatial outlier,-0.206555373434005,0.0133,0.042478310940499,High-low spatial outlier
E01001758,Hackney 016D,Hackney,children_and_adolescents,-0.437321655297274,Low-low surplus cluster,0.216498467163598,0.0145,0.0450990654205608,Low-low surplus cluster
E01001759,Hackney 016E,Hackney,children_and_adolescents,-1.04472316223847,Not significant,0.25625804712118,0.1911,0.260576673040153,Not significant
E01001760,Hackney 017C,Hackney,children_and_adolescents,-2.49069045069524,Low-low surplus cluster,1.93818902761719,0.0027,0.0143387234042553,Low-low surplus cluster
E01001761,Hackney 016F,Hackney,children_and_adolescents,-1.59224495687721,Low-low surplus cluster,0.831773745062423,0.0206,0.0577077441077441,Not significant
E01001762,Hackney 017D,Hackney,children_and_adolescents,-2.08847495712711,Low-low surplus cluster,1.24352020898515,0.0116,0.0385790806129247,Low-low surplus cluster
E01001763,Hackney 020C,Hackney,children_and_adolescents,-1.49039491750337,Low-low surplus cluster,1.04088424463909,0.0032,0.016350460593654,Low-low surplus cluster
E01001764,Hackney 010A,Hackney,children_and_adolescents,-2.32519416884899,Not significant,1.09463928586927,0.0324,0.078821052631579,Not significant
E01001765,Hackney 010B,Hackney,children_and_adolescents,-0.605137303160236,Low-low surplus cluster,0.376713671364683,0.0096,0.0337963328631876,Low-low surplus cluster
E01001767,Hackney 010D,Hackney,children_and_adolescents,-0.337940860174698,Not significant,0.137572309821063,0.0708,0.132223569023569,Not significant
E01001768,Hackney 006D,Hackney,children_and_adolescents,-1.38442740072971,Not significant,0.587722743505992,0.0909,0.157123545706371,Not significant
E01001769,Hackney 006E,Hackney,children_and_adolescents,-1.73553124426844,Low-low surplus cluster,1.0026826712847,0.0092,0.0328985673352436,Low-low surplus cluster
E01001770,Hackney 010E,Hackney,children_and_adolescents,-1.98930196495872,Not significant,0.846377886911616,0.0363,0.0853152542372881,Not significant
E01001772,Hackney 024A,Hackney,children_and_adolescents,-1.43316527183781,Low-low surplus cluster,1.31773837837682,0.0014,0.00919578947368421,Low-low surplus cluster
E01001773,Hackney 025E,Hackney,children_and_adolescents,-2.41115547585936,Low-low surplus cluster,2.26582465097405,0.0001,0.00156,Low-low surplus cluster
E01001774,Hackney 024B,Hackney,children_and_adolescents,-2.18374338256784,Low-low surplus cluster,1.7971562907798,0.0001,0.00156,Low-low surplus cluster
E01001775,Hackney 024C,Hackney,children_and_adolescents,-2.11379967144249,Low-low surplus cluster,1.69624006342855,0.0051,0.0219286821705426,Low-low surplus cluster
E01001776,Hackney 025F,Hackney,children_and_adolescents,-2.777847260061,Low-low surplus cluster,2.64672321159519,0.0014,0.00919578947368421,Low-low surplus cluster
E01001777,Hackney 033A,Hackney,children_and_adolescents,-3.08557727414013,Low-low surplus cluster,2.98592383178236,0.0001,0.00156,Low-low surplus cluster
E01001780,Hackney 032D,Hackney,children_and_adolescents,-2.60027063209972,Low-low surplus cluster,3.51940376366651,0.0001,0.00156,Low-low surplus cluster
E01001781,Hackney 026B,Hackney,children_and_adolescents,-2.04860020761013,Low-low surplus cluster,1.79998730953824,0.0002,0.00242330097087379,Low-low surplus cluster
E01001783,Hackney 026D,Hackney,children_and_adolescents,-1.54298330123895,Low-low surplus cluster,1.31036732599963,0.0035,0.0173677932405567,Low-low surplus cluster
E01001784,Hackney 032A,Hackney,children_and_adolescents,-1.76484165621471,Low-low surplus cluster,2.04653205082605,0.0001,0.00156,Low-low surplus cluster
E01001785,Hackney 015B,Hackney,children_and_adolescents,-0.974490219310841,Not significant,0.434003699300894,0.0557,0.112254501413,Not significant
E01001786,Hackney 013A,Hackney,children_and_adolescents,-0.220351123754146,Not significant,0.0571253040505932,0.0687,0.129561919153759,Not significant
E01001787,Hackney 013B,Hackney,children_and_adolescents,-0.846040374386079,Not significant,0.0444870142281015,0.4136,0.441645176470588,Not significant
E01001788,Hackney 013C,Hackney,children_and_adolescents,-1.59202028351477,Not significant,0.288625744821669,0.2444,0.307858894776684,Not significant
E01001789,Hackney 015C,Hackney,children_and_adolescents,0.125306156091738,Not significant,-0.0517617175922577,0.0561,0.112651327433628,Not significant
E01001790,Hackney 013D,Hackney,children_and_adolescents,-0.820133188177307,Not significant,0.253071344755788,0.1884,0.258164370024705,Not significant
E01001791,Hackney 015D,Hackney,children_and_adolescents,-0.640685301513598,Not significant,0.197818258867227,0.1167,0.186820121755847,Not significant
E01001792,Hackney 011A,Hackney,children_and_adolescents,-0.50312917501062,Not significant,0.143373104431824,0.1551,0.22533736903376,Not significant
E01001793,Hackney 011B,Hackney,children_and_adolescents,-0.268838392651251,Not significant,0.0989056309955126,0.0661,0.126232287681714,Not significant
E01001794,Hackney 011C,Hackney,children_and_adolescents,-2.27838204888734,Low-low surplus cluster,1.27527293092488,0.0153,0.0468286940527284,Low-low surplus cluster
E01001795,Hackney 011D,Hackney,children_and_adolescents,-1.86214397568001,Low-low surplus cluster,1.30073597647106,0.0075,0.028645753634277,Low-low surplus cluster
E01001796,Hackney 011E,Hackney,children_and_adolescents,-1.80858321752949,Not significant,0.861039474842252,0.0461,0.0995377162629758,Not significant
E01001798,Hackney 028A,Hackney,children_and_adolescents,0.409147889054519,Not significant,-0.0209602815094056,0.3921,0.427371877729258,Not significant
E01001799,Hackney 003A,Hackney,children_and_adolescents,2.81523204145756,High-high mismatch cluster,1.61641647995332,0.0039,0.0186840690978887,High-high mismatch cluster
E01001800,Hackney 004C,Hackney,children_and_adolescents,1.7638794008432,Not significant,0.28018274679893,0.2927,0.348262473195139,Not significant
E01001801,Hackney 008B,Hackney,children_and_adolescents,2.14670172913315,Not significant,0.332798714077077,0.2991,0.354404747211014,Not significant
E01001802,Hackney 003B,Hackney,children_and_adolescents,1.12185120444094,High-high mismatch cluster,0.803172371097057,0.0054,0.0228835314091681,High-high mismatch cluster
E01001803,Hackney 008C,Hackney,children_and_adolescents,-0.171539956978562,Not significant,-0.0213337313391748,0.3218,0.373587348837209,Not significant
E01001804,Hackney 003C,Hackney,children_and_adolescents,3.50253035184486,Not significant,0.734754689792845,0.1914,0.260843243243243,Not significant
E01001805,Hackney 009B,Hackney,children_and_adolescents,-0.868650287870885,Not significant,0.00298121186175909,0.4892,0.492852956609485,Not significant
E01001806,Hackney 008D,Hackney,children_and_adolescents,-1.5274527944948,Not significant,0.208591025982014,0.2539,0.316708845577211,Not significant
E01001807,Hackney 003D,Hackney,children_and_adolescents,1.36320676799985,Not significant,0.503081698589861,0.0861,0.151341971830986,Not significant
E01001808,Hackney 001A,Hackney,children_and_adolescents,1.15199454533982,High-high mismatch cluster,0.726539248414527,0.0014,0.00919578947368421,High-high mismatch cluster
E01001809,Hackney 001B,Hackney,children_and_adolescents,1.75168047726498,High-high mismatch cluster,1.22736989207929,0.0006,0.0050255033557047,High-high mismatch cluster
E01001811,Hackney 002D,Hackney,children_and_adolescents,1.24908756966245,Not significant,0.143539592141449,0.3687,0.410928868050904,Not significant
E01001812,Hackney 003E,Hackney,children_and_adolescents,2.23615625857343,Not significant,0.741091221362572,0.0725,0.134392870404753,Not significant
E01001813,Hackney 002E,Hackney,children_and_adolescents,0.143390214633226,High-low spatial outlier,-0.0848106455444413,0.0202,0.056906546275395,Not significant
E01001814,Hackney 001C,Hackney,children_and_adolescents,1.74185253601778,High-high mismatch cluster,1.32675071652442,0.0003,0.0031661733615222,High-high mismatch cluster
E01001815,Hackney 024D,Hackney,children_and_adolescents,-0.985226821084205,Low-low surplus cluster,0.810359934148212,0.0012,0.00830846047156727,Low-low surplus cluster
E01001816,Hackney 020D,Hackney,children_and_adolescents,-1.07352195559259,Low-low surplus cluster,0.756918821974927,0.0064,0.0256205292702486,Low-low surplus cluster
E01001819,Hackney 020E,Hackney,children_and_adolescents,-2.38239265699449,Low-low surplus cluster,1.52123476062006,0.0091,0.0325876614060258,Low-low surplus cluster
E01001820,Hackney 024E,Hackney,children_and_adolescents,-1.70454795698136,Low-low surplus cluster,1.18892766593257,0.0082,0.0304571428571429,Low-low surplus cluster
E01001821,Hackney 024F,Hackney,children_and_adolescents,-2.25999735491706,Low-low surplus cluster,1.63964249440722,0.0067,0.0264817102137767,Low-low surplus cluster
E01001822,Hackney 029C,Hackney,children_and_adolescents,0.836392670541323,Not significant,0.240492226661113,0.1459,0.21683024709735,Not significant
E01001823,Hackney 001D,Hackney,children_and_adolescents,2.66722551556398,Not significant,1.59254974989838,0.0176,0.0514699472759227,Not significant
E01001824,Hackney 004D,Hackney,children_and_adolescents,2.14554418937911,Not significant,0.745759031527298,0.0806,0.144472244165171,Not significant
E01001825,Hackney 001E,Hackney,children_and_adolescents,1.00677174244225,High-high mismatch cluster,0.858531342735965,0.0004,0.00385482625482626,High-high mismatch cluster
E01001826,Hackney 004E,Hackney,children_and_adolescents,1.084137896007,High-high mismatch cluster,0.580584293013778,0.0102,0.0351889426399447,High-high mismatch cluster
E01001827,Hackney 029D,Hackney,children_and_adolescents,0.424241045093671,Not significant,0.170911595553011,0.0505,0.105644165621079,Not significant
E01001828,Hackney 028B,Hackney,children_and_adolescents,0.519696962173106,Not significant,0.0681258266074207,0.3116,0.364287400468384,Not significant
E01001829,Hackney 009C,Hackney,children_and_adolescents,-0.872254986434122,Not significant,0.481618506466028,0.0424,0.0943229946524064,Not significant
E01001830,Hackney 014C,Hackney,children_and_adolescents,-1.36276382139336,Low-low surplus cluster,0.736330612278136,0.0135,0.0429521988527725,Low-low surplus cluster
E01001831,Hackney 009D,Hackney,children_and_adolescents,-3.20591887486208,Low-low surplus cluster,1.64876357695533,0.023,0.0623322475570033,Not significant
E01001832,Hackney 009E,Hackney,children_and_adolescents,-1.43487701091263,Low-low surplus cluster,0.91354345213053,0.0071,0.0275822568093385,Low-low surplus cluster
E01001833,Hackney 014D,Hackney,children_and_adolescents,-0.890963589631042,Not significant,0.410595397076219,0.052,0.107399255275134,Not significant
E01001834,Hackney 014E,Hackney,children_and_adolescents,-1.69949940003416,Low-low surplus cluster,0.934430139453412,0.0245,0.0647111111111111,Not significant
E01001835,Hackney 014F,Hackney,children_and_adolescents,-2.52346596251874,Low-low surplus cluster,1.5693693322209,0.0157,0.0477601462522852,Low-low surplus cluster
E01001836,Hackney 022A,Hackney,children_and_adolescents,-1.50069944014642,Not significant,0.518040373741363,0.1354,0.205946617915905,Not significant
E01001837,Hackney 023B,Hackney,children_and_adolescents,-0.625920582684038,Low-low surplus cluster,0.39764995610325,0.0048,0.0210929577464789,Low-low surplus cluster
E01001838,Hackney 019E,Hackney,children_and_adolescents,-0.433989726835815,Low-low surplus cluster,0.338803995736729,0.0033,0.0166232088799193,Low-low surplus cluster
E01001839,Hackney 023C,Hackney,children_and_adolescents,-3.26992622709292,Low-low surplus cluster,2.17990316617811,0.0096,0.0337963328631876,Low-low surplus cluster
E01001840,Hackney 022B,Hackney,children_and_adolescents,-1.79095969376563,Low-low surplus cluster,1.03905050795844,0.0137,0.0433674064679772,Low-low surplus cluster
E01001841,Hackney 022C,Hackney,children_and_adolescents,-1.27709342270495,Not significant,0.567400969346826,0.0314,0.0771022134776193,Not significant
E01001842,Hackney 023D,Hackney,children_and_adolescents,-1.23907483232512,Low-low surplus cluster,0.910690330909336,0.0056,0.0233934728033473,Low-low surplus cluster
E01001843,Hackney 023E,Hackney,children_and_adolescents,-1.02261651872568,Not significant,0.496484359449703,0.0422,0.0942139534883721,Not significant
E01001844,Hackney 022D,Hackney,children_and_adolescents,-1.9843271245348,Not significant,0.742985362183896,0.0552,0.111607290400972,Not significant
E01001845,Hackney 022E,Hackney,children_and_adolescents,-0.960523771454333,Not significant,0.37594785838344,0.0844,0.149141522123894,Not significant
E01001846,Hackney 018A,Hackney,children_and_adolescents,-1.97849040781325,Not significant,0.562400111180233,0.174,0.24419679505201,Not significant
E01001847,Hackney 018B,Hackney,children_and_adolescents,-2.39082009313382,Not significant,1.05994592232129,0.0597,0.117981947743468,Not significant
E01001848,Hackney 018C,Hackney,children_and_adolescents,-1.222823717345,Not significant,0.514606431207245,0.0294,0.0736771084337349,Not significant
E01001849,Hackney 018D,Hackney,children_and_adolescents,-1.47955065987923,Low-low surplus cluster,0.690830908783514,0.023,0.0623322475570033,Not significant
E01001850,Hackney 019F,Hackney,children_and_adolescents,-0.452306580819766,Not significant,0.212763515238639,0.0473,0.10107680478428,Not significant
E01001851,Hammersmith and Fulham 010A,Hammersmith and Fulham,children_and_adolescents,-1.79088479312395,Low-low surplus cluster,1.47941960772811,0.0009,0.00673583208395802,Low-low surplus cluster
E01001852,Hammersmith and Fulham 007A,Hammersmith and Fulham,children_and_adolescents,-3.00730922118886,Low-low surplus cluster,2.04332262751052,0.0043,0.0197839631336406,Low-low surplus cluster
E01001853,Hammersmith and Fulham 007B,Hammersmith and Fulham,children_and_adolescents,-1.57869959433648,Low-low surplus cluster,1.47134707427692,0.0003,0.0031661733615222,Low-low surplus cluster
E01001854,Hammersmith and Fulham 007C,Hammersmith and Fulham,children_and_adolescents,-2.45787187935998,Low-low surplus cluster,1.99204904774559,0.0032,0.016350460593654,Low-low surplus cluster
E01001855,Hammersmith and Fulham 010B,Hammersmith and Fulham,children_and_adolescents,-2.00406197568302,Low-low surplus cluster,1.76484327889993,0.0003,0.0031661733615222,Low-low surplus cluster
E01001856,Hammersmith and Fulham 010C,Hammersmith and Fulham,children_and_adolescents,-2.132230833514,Low-low surplus cluster,1.58295408904495,0.0108,0.0366509857239973,Low-low surplus cluster
E01001857,Hammersmith and Fulham 007D,Hammersmith and Fulham,children_and_adolescents,-2.23340398438689,Low-low surplus cluster,2.04704099799804,0.0002,0.00242330097087379,Low-low surplus cluster
E01001858,Hammersmith and Fulham 006A,Hammersmith and Fulham,children_and_adolescents,-2.80904537598697,Low-low surplus cluster,1.89997804951165,0.0014,0.00919578947368421,Low-low surplus cluster
E01001859,Hammersmith and Fulham 008A,Hammersmith and Fulham,children_and_adolescents,-0.345290458246814,Not significant,0.0596692121865888,0.24,0.304158415841584,Not significant
E01001860,Hammersmith and Fulham 006B,Hammersmith and Fulham,children_and_adolescents,-2.06195477324434,Low-low surplus cluster,1.32646315972678,0.0016,0.010097597977244,Low-low surplus cluster
E01001861,Hammersmith and Fulham 006C,Hammersmith and Fulham,children_and_adolescents,-1.46306439323399,Not significant,0.571789821188856,0.0663,0.126372508591065,Not significant
E01001862,Hammersmith and Fulham 005A,Hammersmith and Fulham,children_and_adolescents,-2.60066067756121,Low-low surplus cluster,2.51006836522765,0.0002,0.00242330097087379,Low-low surplus cluster
E01001863,Hammersmith and Fulham 006D,Hammersmith and Fulham,children_and_adolescents,-2.1124072548803,Low-low surplus cluster,1.71998467418111,0.0072,0.0277976798143852,Low-low surplus cluster
E01001864,Hammersmith and Fulham 006E,Hammersmith and Fulham,children_and_adolescents,-1.16201520083394,Low-low surplus cluster,1.02048569857919,0.0099,0.03456,Low-low surplus cluster
E01001865,Hammersmith and Fulham 008B,Hammersmith and Fulham,children_and_adolescents,-0.96902769179311,Not significant,0.323139147132242,0.1009,0.169081168177241,Not significant
E01001866,Hammersmith and Fulham 012A,Hammersmith and Fulham,children_and_adolescents,-3.4909480985262,Low-low surplus cluster,2.9323680281718,0.0002,0.00242330097087379,Low-low surplus cluster
E01001867,Hammersmith and Fulham 012B,Hammersmith and Fulham,children_and_adolescents,-2.36185253982532,Low-low surplus cluster,1.63567908973935,0.0078,0.0294758516275549,Low-low surplus cluster
E01001868,Hammersmith and Fulham 012C,Hammersmith and Fulham,children_and_adolescents,-2.72910177277626,Low-low surplus cluster,3.07713448609895,0.0008,0.0061724884080371,Low-low surplus cluster
E01001869,Hammersmith and Fulham 010D,Hammersmith and Fulham,children_and_adolescents,-2.04442608125093,Low-low surplus cluster,1.64226339493895,0.0002,0.00242330097087379,Low-low surplus cluster
E01001870,Hammersmith and Fulham 012D,Hammersmith and Fulham,children_and_adolescents,-3.24813129509152,Low-low surplus cluster,3.03382935473922,0.0001,0.00156,Low-low surplus cluster
E01001871,Hammersmith and Fulham 012E,Hammersmith and Fulham,children_and_adolescents,-1.48744363742928,Low-low surplus cluster,1.26672402420375,0.0007,0.00557320574162679,Low-low surplus cluster
E01001872,Hammersmith and Fulham 012F,Hammersmith and Fulham,children_and_adolescents,-2.22822792395718,Low-low surplus cluster,2.29279672547041,0.0003,0.0031661733615222,Low-low surplus cluster
E01001873,Hammersmith and Fulham 010E,Hammersmith and Fulham,children_and_adolescents,-1.49289143830091,Low-low surplus cluster,1.3136912497439,0.0024,0.013312,Low-low surplus cluster
E01001875,Hammersmith and Fulham 001B,Hammersmith and Fulham,children_and_adolescents,-0.437461664042551,Not significant,0.166195243790525,0.0653,0.125376,Not significant
E01001876,Hammersmith and Fulham 001C,Hammersmith and Fulham,children_and_adolescents,-1.1826402344628,Not significant,0.393806636050509,0.0528,0.108423529411765,Not significant
E01001877,Hammersmith and Fulham 001D,Hammersmith and Fulham,children_and_adolescents,-1.26404981370001,Not significant,0.467364395322506,0.0347,0.0825261553120534,Not significant
E01001878,Hammersmith and Fulham 001E,Hammersmith and Fulham,children_and_adolescents,0.084437495683004,Not significant,-0.0411083985026509,0.0938,0.160469362577108,Not significant
E01001879,Hammersmith and Fulham 019A,Hammersmith and Fulham,children_and_adolescents,-2.84387091597996,Low-low surplus cluster,2.83249163292719,0.0002,0.00242330097087379,Low-low surplus cluster
E01001880,Hammersmith and Fulham 017A,Hammersmith and Fulham,children_and_adolescents,-2.33631328067355,Low-low surplus cluster,2.48481669895301,0.0001,0.00156,Low-low surplus cluster
E01001881,Hammersmith and Fulham 017B,Hammersmith and Fulham,children_and_adolescents,-2.77811983888769,Low-low surplus cluster,2.79023959556659,0.0001,0.00156,Low-low surplus cluster
E01001882,Hammersmith and Fulham 017C,Hammersmith and Fulham,children_and_adolescents,-2.42837256154661,Low-low surplus cluster,2.03541679722155,0.0004,0.00385482625482626,Low-low surplus cluster
E01001883,Hammersmith and Fulham 017D,Hammersmith and Fulham,children_and_adolescents,-2.72478968137286,Low-low surplus cluster,2.95084317561649,0.0001,0.00156,Low-low surplus cluster
E01001884,Hammersmith and Fulham 017E,Hammersmith and Fulham,children_and_adolescents,-3.41285526737672,Low-low surplus cluster,3.05914674762081,0.0011,0.00778893617021277,Low-low surplus cluster
E01001885,Hammersmith and Fulham 015A,Hammersmith and Fulham,children_and_adolescents,-2.07290477385583,Low-low surplus cluster,2.3662610647892,0.0001,0.00156,Low-low surplus cluster
E01001886,Hammersmith and Fulham 016A,Hammersmith and Fulham,children_and_adolescents,-2.71678458570601,Low-low surplus cluster,2.44779724717334,0.0006,0.0050255033557047,Low-low surplus cluster
E01001887,Hammersmith and Fulham 016B,Hammersmith and Fulham,children_and_adolescents,-2.20428951826113,Low-low surplus cluster,1.83514729042552,0.0002,0.00242330097087379,Low-low surplus cluster
E01001888,Hammersmith and Fulham 018A,Hammersmith and Fulham,children_and_adolescents,-1.66630520443029,Low-low surplus cluster,1.26480643481532,0.0199,0.0562200339558574,Not significant
E01001889,Hammersmith and Fulham 014A,Hammersmith and Fulham,children_and_adolescents,-1.55435410475243,Low-low surplus cluster,1.08630590809163,0.0013,0.00879349593495935,Low-low surplus cluster
E01001890,Hammersmith and Fulham 016C,Hammersmith and Fulham,children_and_adolescents,-2.42082239836052,Low-low surplus cluster,1.76289113238463,0.0056,0.0233934728033473,Low-low surplus cluster
E01001891,Hammersmith and Fulham 018B,Hammersmith and Fulham,children_and_adolescents,-2.02899022560131,Low-low surplus cluster,1.45438930098136,0.0034,0.0170068136272545,Low-low surplus cluster
E01001892,Hammersmith and Fulham 016D,Hammersmith and Fulham,children_and_adolescents,-1.14768565675881,Low-low surplus cluster,1.02949080152785,0.0017,0.0105421118012422,Low-low surplus cluster
E01001893,Hammersmith and Fulham 013A,Hammersmith and Fulham,children_and_adolescents,-1.89871871401284,Low-low surplus cluster,1.69375119887392,0.003,0.0155837669094693,Low-low surplus cluster
E01001894,Hammersmith and Fulham 013B,Hammersmith and Fulham,children_and_adolescents,-3.33692736039158,Low-low surplus cluster,2.29139736800381,0.0093,0.0331611428571429,Low-low surplus cluster
E01001895,Hammersmith and Fulham 009A,Hammersmith and Fulham,children_and_adolescents,-1.49894252265941,Low-low surplus cluster,0.984133946297808,0.0069,0.0270367346938776,Low-low surplus cluster
E01001896,Hammersmith and Fulham 009B,Hammersmith and Fulham,children_and_adolescents,-2.39300766539129,Low-low surplus cluster,1.90089659800293,0.0005,0.00447311827956989,Low-low surplus cluster
E01001897,Hammersmith and Fulham 009C,Hammersmith and Fulham,children_and_adolescents,-0.780024231753843,Low-low surplus cluster,0.535391449073969,0.0087,0.0315857454545455,Low-low surplus cluster
E01001898,Hammersmith and Fulham 013C,Hammersmith and Fulham,children_and_adolescents,-2.43666877988163,Low-low surplus cluster,1.92525668166818,0.0002,0.00242330097087379,Low-low surplus cluster
E01001899,Hammersmith and Fulham 013D,Hammersmith and Fulham,children_and_adolescents,-2.28504643851888,Low-low surplus cluster,1.5161620216669,0.021,0.0583372287145242,Not significant
E01001900,Hammersmith and Fulham 013E,Hammersmith and Fulham,children_and_adolescents,-1.65622206653902,Low-low surplus cluster,1.28467700849869,0.0033,0.0166232088799193,Low-low surplus cluster
E01001901,Hammersmith and Fulham 019B,Hammersmith and Fulham,children_and_adolescents,-0.509576493435369,Low-low surplus cluster,0.345187135823929,0.0078,0.0294758516275549,Low-low surplus cluster
E01001902,Hammersmith and Fulham 019C,Hammersmith and Fulham,children_and_adolescents,-2.91000879518944,Low-low surplus cluster,2.14315471982075,0.0032,0.016350460593654,Low-low surplus cluster
E01001903,Hammersmith and Fulham 019D,Hammersmith and Fulham,children_and_adolescents,-2.3826471659234,Low-low surplus cluster,2.35575745083965,0.0003,0.0031661733615222,Low-low surplus cluster
E01001904,Hammersmith and Fulham 022A,Hammersmith and Fulham,children_and_adolescents,-2.43026172333671,Low-low surplus cluster,1.69121170244603,0.0041,0.0192180281690141,Low-low surplus cluster
E01001905,Hammersmith and Fulham 022B,Hammersmith and Fulham,children_and_adolescents,-1.1193449140977,Low-low surplus cluster,0.558867528016281,0.0181,0.0525626527050611,Not significant
E01001906,Hammersmith and Fulham 022C,Hammersmith and Fulham,children_and_adolescents,-1.23448138415059,Not significant,0.408553423110694,0.1471,0.217900059347181,Not significant
E01001907,Hammersmith and Fulham 022D,Hammersmith and Fulham,children_and_adolescents,-0.859428013298725,Low-low surplus cluster,0.501288679165872,0.0207,0.0578904201680672,Not significant
E01001908,Hammersmith and Fulham 015B,Hammersmith and Fulham,children_and_adolescents,-3.26030470878315,Low-low surplus cluster,3.23465819619951,0.0002,0.00242330097087379,Low-low surplus cluster
E01001909,Hammersmith and Fulham 015C,Hammersmith and Fulham,children_and_adolescents,-3.361789712368,Low-low surplus cluster,2.97329139733249,0.0003,0.0031661733615222,Low-low surplus cluster
E01001910,Hammersmith and Fulham 014B,Hammersmith and Fulham,children_and_adolescents,-1.86467515396756,Low-low surplus cluster,1.66369821007237,0.0001,0.00156,Low-low surplus cluster
E01001911,Hammersmith and Fulham 015D,Hammersmith and Fulham,children_and_adolescents,-1.04644389087613,Low-low surplus cluster,1.18557655004201,0.0001,0.00156,Low-low surplus cluster
E01001912,Hammersmith and Fulham 015E,Hammersmith and Fulham,children_and_adolescents,-0.943727678591502,Low-low surplus cluster,1.04965823369097,0.0002,0.00242330097087379,Low-low surplus cluster
E01001913,Hammersmith and Fulham 014C,Hammersmith and Fulham,children_and_adolescents,-3.3316799109617,Low-low surplus cluster,3.1002312835189,0.0002,0.00242330097087379,Low-low surplus cluster
E01001914,Hammersmith and Fulham 014D,Hammersmith and Fulham,children_and_adolescents,-3.546320107121,Low-low surplus cluster,3.11629273298977,0.002,0.0116771929824561,Low-low surplus cluster
E01001915,Hammersmith and Fulham 024A,Hammersmith and Fulham,children_and_adolescents,-0.451324149165359,Low-low surplus cluster,0.202623570747758,0.0226,0.0616835429196282,Not significant
E01001916,Hammersmith and Fulham 024B,Hammersmith and Fulham,children_and_adolescents,-1.49851694038592,Not significant,0.429826695694228,0.2124,0.280948807631161,Not significant
E01001917,Hammersmith and Fulham 018C,Hammersmith and Fulham,children_and_adolescents,-1.80290375447628,Low-low surplus cluster,0.973154046436022,0.0307,0.0760190476190476,Not significant
E01001918,Hammersmith and Fulham 018D,Hammersmith and Fulham,children_and_adolescents,-0.649164006634836,Not significant,0.294339066359207,0.0548,0.111113566206336,Not significant
E01001919,Hammersmith and Fulham 018E,Hammersmith and Fulham,children_and_adolescents,-0.203733131609499,Not significant,0.0744719123135257,0.1494,0.220066332251402,Not significant
E01001920,Hammersmith and Fulham 020A,Hammersmith and Fulham,children_and_adolescents,-2.67123029861055,Low-low surplus cluster,2.0246308882551,0.0005,0.00447311827956989,Low-low surplus cluster
E01001921,Hammersmith and Fulham 020B,Hammersmith and Fulham,children_and_adolescents,-1.06757158079057,Not significant,0.578922721212366,0.0444,0.0972552874067574,Not significant
E01001922,Hammersmith and Fulham 020C,Hammersmith and Fulham,children_and_adolescents,-1.2630670023529,Low-low surplus cluster,0.839034234605836,0.0013,0.00879349593495935,Low-low surplus cluster
E01001923,Hammersmith and Fulham 020D,Hammersmith and Fulham,children_and_adolescents,-1.30006875506916,Not significant,0.59952204152861,0.0502,0.105205037783375,Not significant
E01001924,Hammersmith and Fulham 020E,Hammersmith and Fulham,children_and_adolescents,-1.11531527940783,Low-low surplus cluster,0.649975878409802,0.0234,0.0629718598382749,Not significant
E01001925,Hammersmith and Fulham 025A,Hammersmith and Fulham,children_and_adolescents,-0.882914547074628,Low-low surplus cluster,0.527885166501065,0.0044,0.0200226071103008,Low-low surplus cluster
E01001926,Hammersmith and Fulham 024C,Hammersmith and Fulham,children_and_adolescents,-1.33623348468836,Low-low surplus cluster,0.69663586340462,0.0207,0.0578904201680672,Not significant
E01001927,Hammersmith and Fulham 008C,Hammersmith and Fulham,children_and_adolescents,0.360865432823064,Not significant,-0.0714425888658625,0.2332,0.29887917843389,Not significant
E01001928,Hammersmith and Fulham 011A,Hammersmith and Fulham,children_and_adolescents,-1.13875401281278,Low-low surplus cluster,0.663308664478054,0.0217,0.0596839669421488,Not significant
E01001929,Hammersmith and Fulham 009D,Hammersmith and Fulham,children_and_adolescents,-0.481831072738918,Low-low surplus cluster,0.334556127642489,0.0045,0.0202196219621962,Low-low surplus cluster
E01001930,Hammersmith and Fulham 008D,Hammersmith and Fulham,children_and_adolescents,-0.930123969301345,Low-low surplus cluster,0.423339706242686,0.0245,0.0647111111111111,Not significant
E01001931,Hammersmith and Fulham 011B,Hammersmith and Fulham,children_and_adolescents,-1.22471618634887,Not significant,0.442724665629162,0.1249,0.19478313027179,Not significant
E01001932,Hammersmith and Fulham 011C,Hammersmith and Fulham,children_and_adolescents,-1.99942149362126,Low-low surplus cluster,1.03178217813285,0.0234,0.0629718598382749,Not significant
E01001933,Hammersmith and Fulham 011D,Hammersmith and Fulham,children_and_adolescents,-1.09479479639691,Not significant,0.193809480325972,0.2574,0.319637014925373,Not significant
E01001934,Hammersmith and Fulham 025B,Hammersmith and Fulham,children_and_adolescents,-0.492941368690133,Not significant,0.221940940317324,0.0579,0.115476148621654,Not significant
E01001935,Hammersmith and Fulham 023A,Hammersmith and Fulham,children_and_adolescents,-2.12652227833055,Not significant,1.1099639698054,0.0317,0.0776098087297695,Not significant
E01001937,Hammersmith and Fulham 025C,Hammersmith and Fulham,children_and_adolescents,-1.26405806511466,Not significant,0.571399236864991,0.0537,0.109640245398773,Not significant
E01001938,Hammersmith and Fulham 025D,Hammersmith and Fulham,children_and_adolescents,-0.98305781243867,Not significant,0.40332820869172,0.1326,0.202862151394422,Not significant
E01001940,Hammersmith and Fulham 005B,Hammersmith and Fulham,children_and_adolescents,-2.83916894736437,Low-low surplus cluster,2.89936645454431,0.0001,0.00156,Low-low surplus cluster
E01001941,Hammersmith and Fulham 005C,Hammersmith and Fulham,children_and_adolescents,-3.56235799090252,Low-low surplus cluster,3.18071077447352,0.0001,0.00156,Low-low surplus cluster
E01001942,Hammersmith and Fulham 005D,Hammersmith and Fulham,children_and_adolescents,-3.37931210071772,Low-low surplus cluster,3.41054856025079,0.0003,0.0031661733615222,Low-low surplus cluster
E01001943,Hammersmith and Fulham 004A,Hammersmith and Fulham,children_and_adolescents,-2.12021551677698,Low-low surplus cluster,1.68030001946886,0.0001,0.00156,Low-low surplus cluster
E01001944,Hammersmith and Fulham 004B,Hammersmith and Fulham,children_and_adolescents,-1.47178466469243,Low-low surplus cluster,1.40050548767954,0.0066,0.0261901430842607,Low-low surplus cluster
E01001945,Hammersmith and Fulham 004C,Hammersmith and Fulham,children_and_adolescents,-2.22566253491252,Low-low surplus cluster,1.91368657708936,0.0004,0.00385482625482626,Low-low surplus cluster
E01001946,Hammersmith and Fulham 004D,Hammersmith and Fulham,children_and_adolescents,-2.16662458862578,Low-low surplus cluster,1.66207330512828,0.0012,0.00830846047156727,Low-low surplus cluster
E01001947,Hammersmith and Fulham 021A,Hammersmith and Fulham,children_and_adolescents,-1.64193735471427,Low-low surplus cluster,1.17737430232782,0.0304,0.0754633515663849,Not significant
E01001948,Hammersmith and Fulham 021B,Hammersmith and Fulham,children_and_adolescents,-2.72849142082826,Not significant,1.44381744568537,0.0301,0.0749048853439681,Not significant
E01001949,Hammersmith and Fulham 021C,Hammersmith and Fulham,children_and_adolescents,-1.07826730540403,Low-low surplus cluster,0.595161633055914,0.0099,0.03456,Low-low surplus cluster
E01001950,Hammersmith and Fulham 021D,Hammersmith and Fulham,children_and_adolescents,-1.43901181677552,Low-low surplus cluster,0.981064598675402,0.0024,0.013312,Low-low surplus cluster
E01001951,Hammersmith and Fulham 021E,Hammersmith and Fulham,children_and_adolescents,-2.35021438210474,Low-low surplus cluster,1.40385637845214,0.0115,0.0383743315508021,Low-low surplus cluster
E01001952,Hammersmith and Fulham 024D,Hammersmith and Fulham,children_and_adolescents,-2.61507643520157,Not significant,1.23250484857005,0.068,0.128630541871921,Not significant
E01001953,Hammersmith and Fulham 021F,Hammersmith and Fulham,children_and_adolescents,-3.00017861598734,Low-low surplus cluster,2.35369616256405,0.0006,0.0050255033557047,Low-low surplus cluster
E01001954,Hammersmith and Fulham 003A,Hammersmith and Fulham,children_and_adolescents,-1.15108282205838,Low-low surplus cluster,0.666954522388312,0.0244,0.0647111111111111,Not significant
E01001955,Hammersmith and Fulham 002A,Hammersmith and Fulham,children_and_adolescents,-1.50358553723966,Low-low surplus cluster,0.610372031984416,0.0249,0.0653183394640042,Not significant
E01001956,Hammersmith and Fulham 003B,Hammersmith and Fulham,children_and_adolescents,-0.500158692620122,Not significant,0.199789529593932,0.0836,0.148042284498049,Not significant
E01001957,Hammersmith and Fulham 002B,Hammersmith and Fulham,children_and_adolescents,-0.49274583007994,Low-low surplus cluster,0.269862768005388,0.0275,0.0700408163265306,Not significant
E01001958,Hammersmith and Fulham 002C,Hammersmith and Fulham,children_and_adolescents,-0.618211143251103,Not significant,0.23873653882395,0.1018,0.170075502008032,Not significant
E01001959,Hammersmith and Fulham 003C,Hammersmith and Fulham,children_and_adolescents,-0.504126283533694,Not significant,0.148002827700117,0.1785,0.248071269487751,Not significant
E01001960,Hammersmith and Fulham 003D,Hammersmith and Fulham,children_and_adolescents,-2.14990799847054,Low-low surplus cluster,1.74669647059683,0.0007,0.00557320574162679,Low-low surplus cluster
E01001961,Hammersmith and Fulham 002D,Hammersmith and Fulham,children_and_adolescents,-0.914139061986837,Not significant,0.483357167280202,0.0343,0.0819653422690282,Not significant
E01001962,Haringey 004A,Haringey,children_and_adolescents,2.42004269261618,Not significant,0.244803320383681,0.3235,0.374515769944341,Not significant
E01001963,Haringey 009A,Haringey,children_and_adolescents,0.840194403895013,Not significant,0.305110249275162,0.0542,0.110390208078335,Not significant
E01001964,Haringey 009B,Haringey,children_and_adolescents,0.97489398062873,Not significant,-0.28745802269797,0.0898,0.15603257918552,Not significant
E01001965,Haringey 009C,Haringey,children_and_adolescents,2.09460719924419,Not significant,0.529640123280635,0.1813,0.251193338884263,Not significant
E01001966,Haringey 009D,Haringey,children_and_adolescents,0.840748201992711,Not significant,0.117606533565097,0.2677,0.328505014749263,Not significant
E01001967,Haringey 014A,Haringey,children_and_adolescents,0.00871694632351998,Not significant,-0.0000669792145638992,0.4829,0.488477568389058,Not significant
E01001968,Haringey 014B,Haringey,children_and_adolescents,-0.149902755332231,Not significant,-0.0136114315123275,0.3792,0.418797876106195,Not significant
E01001969,Haringey 001A,Haringey,children_and_adolescents,-0.796177913952113,Not significant,0.178784661683902,0.2051,0.273539727491317,Not significant
E01001970,Haringey 004B,Haringey,children_and_adolescents,-1.72199549651946,Not significant,-0.112523997346358,0.3886,0.424762688854828,Not significant
E01001971,Haringey 001B,Haringey,children_and_adolescents,-0.957871910450783,Low-low surplus cluster,0.53035831143523,0.0179,0.0522554385964912,Not significant
E01001972,Haringey 004C,Haringey,children_and_adolescents,-1.30402902682037,Not significant,0.591612970961022,0.0553,0.111673786407767,Not significant
E01001973,Haringey 004D,Haringey,children_and_adolescents,-0.467264037680645,Not significant,0.0159422617361822,0.4302,0.454221319796954,Not significant
E01001974,Haringey 001C,Haringey,children_and_adolescents,-0.576335629611307,Not significant,0.0991954164902651,0.241,0.304652317042289,Not significant
E01001975,Haringey 001D,Haringey,children_and_adolescents,0.313457569627814,Not significant,-0.0391327130908638,0.3033,0.357683345145287,Not significant
E01001976,Haringey 011A,Haringey,children_and_adolescents,-0.0963414139207744,Not significant,0.0196187003149803,0.2163,0.284449315068493,Not significant
E01001977,Haringey 011B,Haringey,children_and_adolescents,-0.224454725940667,Not significant,0.0310998905215473,0.2819,0.339832117845931,Not significant
E01001978,Haringey 011C,Haringey,children_and_adolescents,-0.99113776162675,Not significant,0.125813775113888,0.269,0.329452404317959,Not significant
E01001979,Haringey 011D,Haringey,children_and_adolescents,-0.801024388579359,Not significant,0.320117950280988,0.0545,0.110775244299674,Not significant
E01001980,Haringey 018A,Haringey,children_and_adolescents,-0.285708306532313,Not significant,0.00528225084039473,0.4635,0.476382952439778,Not significant
E01001981,Haringey 018B,Haringey,children_and_adolescents,-1.13660259626969,Not significant,0.347915686405331,0.1289,0.198785542168675,Not significant
E01001982,Haringey 018C,Haringey,children_and_adolescents,0.2090250732575,Not significant,-0.049732728279784,0.1688,0.239661433447099,Not significant
E01001983,Haringey 018D,Haringey,children_and_adolescents,0.416969501256794,Not significant,-0.0721674451478164,0.2857,0.342712851309152,Not significant
E01001984,Haringey 033A,Haringey,children_and_adolescents,-1.69482443192838,Not significant,0.517693135686064,0.0921,0.158758011049724,Not significant
E01001985,Haringey 033B,Haringey,children_and_adolescents,-0.405241989619541,Not significant,0.154840492656378,0.1173,0.1872,Not significant
E01001986,Haringey 034A,Haringey,children_and_adolescents,-0.244038490859532,Low-low surplus cluster,0.136666793863812,0.0243,0.064558594997339,Not significant
E01001987,Haringey 033C,Haringey,children_and_adolescents,0.130921807357554,Not significant,-0.0374657304075629,0.0983,0.165949814000676,Not significant
E01001988,Haringey 034B,Haringey,children_and_adolescents,-1.31563001105153,Not significant,0.684302386763094,0.0325,0.0789353965183753,Not significant
E01001989,Haringey 033D,Haringey,children_and_adolescents,-0.666090351517952,Not significant,0.0751628856736255,0.313,0.365410664172124,Not significant
E01001990,Haringey 034C,Haringey,children_and_adolescents,-1.81902276099716,Not significant,0.682007715891392,0.0442,0.0971582562747688,Not significant
E01001991,Haringey 017A,Haringey,children_and_adolescents,-0.420412972227434,Not significant,0.0257376506816341,0.397,0.430924983692107,Not significant
E01001992,Haringey 017B,Haringey,children_and_adolescents,0.538932768026244,Not significant,-0.0132825864587964,0.4506,0.467941585188267,Not significant
E01001993,Haringey 017C,Haringey,children_and_adolescents,0.331523342927464,Not significant,-0.0877676260915059,0.1528,0.223326315789474,Not significant
E01001994,Haringey 030A,Haringey,children_and_adolescents,-0.122289207194142,Not significant,0.0318068163795195,0.1679,0.238723098832242,Not significant
E01001995,Haringey 017D,Haringey,children_and_adolescents,1.30034702501073,Not significant,0.261034371239995,0.2155,0.283995776135164,Not significant
E01001996,Haringey 014C,Haringey,children_and_adolescents,0.436171026833672,Not significant,0.0324830502384727,0.3984,0.431693683525071,Not significant
E01001997,Haringey 014D,Haringey,children_and_adolescents,-0.968661625273196,Not significant,0.118199037060983,0.3067,0.36041581920904,Not significant
E01001998,Haringey 023A,Haringey,children_and_adolescents,-2.24773251413431,Low-low surplus cluster,1.34656691151271,0.0184,0.0531863346844239,Not significant
E01001999,Haringey 023B,Haringey,children_and_adolescents,-2.0328424942683,Low-low surplus cluster,1.48851147499748,0.001,0.00731964809384164,Low-low surplus cluster
E01002000,Haringey 031A,Haringey,children_and_adolescents,-1.46855711737041,Low-low surplus cluster,0.968561005319758,0.0048,0.0210929577464789,Low-low surplus cluster
E01002001,Haringey 031B,Haringey,children_and_adolescents,-1.4586725197038,Not significant,0.913030764767208,0.0456,0.0988,Not significant
E01002002,Haringey 031C,Haringey,children_and_adolescents,-1.47597210728319,Low-low surplus cluster,0.680276001234308,0.0027,0.0143387234042553,Low-low surplus cluster
E01002003,Haringey 023C,Haringey,children_and_adolescents,-2.21276682766218,Low-low surplus cluster,1.72366752474432,0.0001,0.00156,Low-low surplus cluster
E01002004,Haringey 023D,Haringey,children_and_adolescents,-2.2746921389692,Low-low surplus cluster,1.70801246546998,0.0102,0.0351889426399447,Low-low surplus cluster
E01002005,Haringey 035A,Haringey,children_and_adolescents,-1.3844322184074,Not significant,0.358455406763935,0.1995,0.268582524271845,Not significant
E01002006,Haringey 035B,Haringey,children_and_adolescents,-0.607907862632372,Not significant,0.188207655496121,0.1115,0.181010731707317,Not significant
E01002007,Haringey 035C,Haringey,children_and_adolescents,-1.39083674745114,Not significant,0.170811454934251,0.3145,0.366818691588785,Not significant
E01002008,Haringey 030B,Haringey,children_and_adolescents,1.71363865837639,Not significant,-0.296290336900839,0.2377,0.302549311575727,Not significant
E01002009,Haringey 035D,Haringey,children_and_adolescents,-0.876778522165378,Not significant,0.250789775901426,0.1117,0.181217549561261,Not significant
E01002010,Haringey 030C,Haringey,children_and_adolescents,-0.653452945457779,Not significant,-0.0829753569531851,0.335,0.384088194763436,Not significant
E01002011,Haringey 030D,Haringey,children_and_adolescents,-1.20999987318309,Not significant,-0.00795007179452134,0.4928,0.494682807158657,Not significant
E01002013,Haringey 022A,Haringey,children_and_adolescents,0.111618742576884,Not significant,-0.0328510126167081,0.1247,0.19471454488583,Not significant
E01002014,Haringey 020B,Haringey,children_and_adolescents,-2.35480782224323,Low-low surplus cluster,1.08442797198455,0.0208,0.0580400223588597,Not significant
E01002015,Haringey 020C,Haringey,children_and_adolescents,-1.60439035561472,Not significant,0.796677579730161,0.0589,0.117096296296296,Not significant
E01002016,Haringey 028A,Haringey,children_and_adolescents,-0.984821293407703,Low-low surplus cluster,0.635388392827067,0.0081,0.0302432311144353,Low-low surplus cluster
E01002017,Haringey 028B,Haringey,children_and_adolescents,-1.8428874459982,Low-low surplus cluster,0.99007138009876,0.0185,0.0534135338345865,Not significant
E01002018,Haringey 020D,Haringey,children_and_adolescents,-0.211128785033636,Not significant,0.0370340600009431,0.2344,0.299571121351767,Not significant
E01002019,Haringey 022B,Haringey,children_and_adolescents,0.199234770943312,Not significant,-0.0182676151708416,0.3401,0.387886497601097,Not significant
E01002020,Haringey 021A,Haringey,children_and_adolescents,-0.66597677301607,Not significant,0.0465755321821226,0.3765,0.416737915742794,Not significant
E01002021,Haringey 022C,Haringey,children_and_adolescents,-0.182900101704065,Not significant,0.00959054273242142,0.4164,0.443780700256191,Not significant
E01002022,Haringey 021B,Haringey,children_and_adolescents,-1.1478764290652,Not significant,0.105200727783399,0.344,0.39090553152743,Not significant
E01002023,Haringey 021C,Haringey,children_and_adolescents,-0.0450901778325885,Not significant,0.00143594245968078,0.4446,0.463446063896429,Not significant
E01002024,Haringey 022D,Haringey,children_and_adolescents,-1.17862329079468,Not significant,0.368780438264102,0.0954,0.162261260647359,Not significant
E01002025,Haringey 021D,Haringey,children_and_adolescents,1.27968293490559,Not significant,-0.220388543366423,0.2442,0.307858894776684,Not significant
E01002026,Haringey 016A,Haringey,children_and_adolescents,-1.38957019589923,Low-low surplus cluster,1.01376472767648,0.0066,0.0261901430842607,Low-low surplus cluster
E01002027,Haringey 010A,Haringey,children_and_adolescents,-2.00598924077361,Low-low surplus cluster,1.10058646215267,0.0102,0.0351889426399447,Low-low surplus cluster
E01002028,Haringey 010B,Haringey,children_and_adolescents,-1.44769326204306,Not significant,0.628928525625061,0.062,0.1209,Not significant
E01002029,Haringey 016B,Haringey,children_and_adolescents,-2.48027722625415,Low-low surplus cluster,1.31107236997911,0.013,0.0417337620578778,Low-low surplus cluster
E01002030,Haringey 016C,Haringey,children_and_adolescents,-1.90793478030955,Low-low surplus cluster,1.12515815701392,0.0075,0.028645753634277,Low-low surplus cluster
E01002031,Haringey 016D,Haringey,children_and_adolescents,-2.04362930577623,Low-low surplus cluster,1.39277044596085,0.0088,0.0318792452830189,Low-low surplus cluster
E01002032,Haringey 010C,Haringey,children_and_adolescents,-0.85999598605865,Not significant,0.395919156274819,0.0534,0.109161670761671,Not significant
E01002033,Haringey 010D,Haringey,children_and_adolescents,-1.2312107191402,Low-low surplus cluster,0.763413491067108,0.006,0.0244905968928863,Low-low surplus cluster
E01002034,Haringey 037A,Haringey,children_and_adolescents,0.973904834269488,Not significant,0.13919203236362,0.3017,0.356638977030547,Not significant
E01002036,Haringey 002A,Haringey,children_and_adolescents,0.0931849048136938,Not significant,0.0239485882677106,0.1524,0.22303746701847,Not significant
E01002037,Haringey 002B,Haringey,children_and_adolescents,0.436486496560496,Not significant,0.122366104269049,0.1191,0.189045214626391,Not significant
E01002038,Haringey 037B,Haringey,children_and_adolescents,-0.342004721486008,Not significant,-0.0136911931220783,0.4402,0.460590735694823,Not significant
E01002039,Haringey 002C,Haringey,children_and_adolescents,0.165920939287374,Not significant,0.0148510649880559,0.3805,0.419579086697551,Not significant
E01002040,Haringey 002D,Haringey,children_and_adolescents,0.139797477305216,Not significant,0.0168697359230679,0.3467,0.392811257376305,Not significant
E01002041,Haringey 037C,Haringey,children_and_adolescents,-0.590497214278498,Not significant,-0.0283148298745897,0.4385,0.459599244491081,Not significant
E01002042,Haringey 027A,Haringey,children_and_adolescents,-1.33415505928762,Low-low surplus cluster,0.651139212957195,0.015,0.0461937075879087,Low-low surplus cluster
E01002043,Haringey 026A,Haringey,children_and_adolescents,-0.839012286832062,Low-low surplus cluster,0.528719057987848,0.0156,0.0475718998167379,Low-low surplus cluster
E01002044,Haringey 027B,Haringey,children_and_adolescents,-2.4703158242844,Low-low surplus cluster,1.75525036355319,0.0128,0.041277519379845,Low-low surplus cluster
E01002045,Haringey 026B,Haringey,children_and_adolescents,0.114149401902027,Not significant,-0.0412418724110728,0.0994,0.167241253791709,Not significant
E01002046,Haringey 026C,Haringey,children_and_adolescents,-1.29740259104029,Not significant,0.210576328378459,0.2254,0.292258909090909,Not significant
E01002047,Haringey 027C,Haringey,children_and_adolescents,-1.31255564332841,Low-low surplus cluster,0.671905769234161,0.0238,0.0636025695931478,Not significant
E01002048,Haringey 027D,Haringey,children_and_adolescents,-2.8546185653975,Low-low surplus cluster,2.00272472892741,0.0045,0.0202196219621962,Low-low surplus cluster
E01002049,Haringey 026D,Haringey,children_and_adolescents,-1.19337884074202,Not significant,0.318411532817959,0.1465,0.217462979482605,Not significant
E01002050,Haringey 029A,Haringey,children_and_adolescents,3.60183945976154,Not significant,0.892107927373303,0.1839,0.253739303482587,Not significant
E01002051,Haringey 029B,Haringey,children_and_adolescents,0.391022138902362,Not significant,0.116522891200042,0.1388,0.209775840145322,Not significant
E01002052,Haringey 029C,Haringey,children_and_adolescents,3.6705945175017,Not significant,1.2074240408169,0.0493,0.103842025316456,Not significant
E01002053,Haringey 032A,Haringey,children_and_adolescents,0.244372515681526,Not significant,0.065610032569856,0.1242,0.194359373040752,Not significant
E01002054,Haringey 032B,Haringey,children_and_adolescents,-0.087626224637581,Not significant,0.0176985310836558,0.2633,0.324381441263574,Not significant
E01002055,Haringey 029D,Haringey,children_and_adolescents,3.45565959933409,High-high mismatch cluster,2.47605380000874,0.0007,0.00557320574162679,High-high mismatch cluster
E01002056,Haringey 032C,Haringey,children_and_adolescents,-0.586623764360351,Not significant,-0.00464837873242357,0.4977,0.498498876404494,Not significant
E01002057,Haringey 032D,Haringey,children_and_adolescents,-0.495514999261577,Not significant,0.154313828832303,0.1096,0.178856881333769,Not significant
E01002058,Haringey 031D,Haringey,children_and_adolescents,-0.33206490322804,Not significant,0.115334800352351,0.0821,0.146111657754011,Not significant
E01002059,Haringey 028C,Haringey,children_and_adolescents,-0.999288526591148,Low-low surplus cluster,0.522390938956069,0.0258,0.067010197710718,Not significant
E01002060,Haringey 028D,Haringey,children_and_adolescents,-0.602601322774851,Low-low surplus cluster,0.310854002603985,0.0164,0.0492295850871918,Low-low surplus cluster
E01002061,Haringey 036A,Haringey,children_and_adolescents,-1.53337232183867,Not significant,0.773538521008758,0.0372,0.0866149253731343,Not significant
E01002062,Haringey 034D,Haringey,children_and_adolescents,-2.14537319011577,Low-low surplus cluster,1.09885218125328,0.0128,0.041277519379845,Low-low surplus cluster
E01002063,Haringey 036B,Haringey,children_and_adolescents,-1.46241405292179,Low-low surplus cluster,1.13077227450731,0.0046,0.0204845673505798,Low-low surplus cluster
E01002064,Haringey 036C,Haringey,children_and_adolescents,-2.31458985518916,Low-low surplus cluster,2.09240784027245,0.0011,0.00778893617021277,Low-low surplus cluster
E01002065,Haringey 036D,Haringey,children_and_adolescents,-2.77867771127459,Low-low surplus cluster,2.0083500420431,0.0033,0.0166232088799193,Low-low surplus cluster
E01002066,Haringey 025A,Haringey,children_and_adolescents,-1.41400576297992,Low-low surplus cluster,0.784725966374826,0.0094,0.0332564138908576,Low-low surplus cluster
E01002067,Haringey 024A,Haringey,children_and_adolescents,-0.732808146670731,Not significant,0.197461045164335,0.1228,0.192712228858849,Not significant
E01002068,Haringey 025B,Haringey,children_and_adolescents,-2.18211339055388,Not significant,-0.0639977646720985,0.4613,0.47519801898473,Not significant
E01002069,Haringey 024B,Haringey,children_and_adolescents,-1.95365768396882,Not significant,0.725988899833523,0.045,0.0981389252948886,Not significant
E01002070,Haringey 024C,Haringey,children_and_adolescents,-0.751717271237439,Not significant,0.226272452833028,0.1411,0.211968462232922,Not significant
E01002071,Haringey 025C,Haringey,children_and_adolescents,-1.78092495670757,Low-low surplus cluster,1.27649486294388,0.0154,0.0471058823529412,Low-low surplus cluster
E01002072,Haringey 025D,Haringey,children_and_adolescents,-2.05009207656037,Not significant,0.380598094897052,0.2178,0.28557542662116,Not significant
E01002073,Haringey 024D,Haringey,children_and_adolescents,-0.222346908371327,Not significant,0.0997323383231232,0.0571,0.114245771543086,Not significant
E01002074,Haringey 012A,Haringey,children_and_adolescents,0.551576488507078,Not significant,-0.0657009537064061,0.3148,0.366911417230913,Not significant
E01002075,Haringey 015A,Haringey,children_and_adolescents,0.862163118904955,Not significant,-0.0451959846494296,0.4096,0.438713617842591,Not significant
E01002076,Haringey 015B,Haringey,children_and_adolescents,0.366209542136283,Not significant,-0.00615497833197764,0.46,0.474250309789343,Not significant
E01002077,Haringey 012B,Haringey,children_and_adolescents,-0.962103648461232,Not significant,0.288633060318598,0.1179,0.187797319719209,Not significant
E01002078,Haringey 015C,Haringey,children_and_adolescents,-0.792990421217497,Not significant,0.114659978760538,0.2764,0.335062846041768,Not significant
E01002079,Haringey 012C,Haringey,children_and_adolescents,-0.105116405524764,Not significant,0.0170419625087392,0.2953,0.350818086625416,Not significant
E01002081,Haringey 012D,Haringey,children_and_adolescents,-1.75414215603036,Not significant,0.732717105245354,0.0663,0.126372508591065,Not significant
E01002082,Haringey 013A,Haringey,children_and_adolescents,-1.03074477785788,Not significant,0.136739269869643,0.2858,0.342712851309152,Not significant
E01002083,Haringey 019A,Haringey,children_and_adolescents,-1.6914964131077,Not significant,0.769834071533187,0.0521,0.107516825134353,Not significant
E01002084,Haringey 019B,Haringey,children_and_adolescents,-0.69883876914776,Low-low surplus cluster,0.312426591828705,0.0152,0.0465511656441718,Low-low surplus cluster
E01002085,Haringey 019C,Haringey,children_and_adolescents,-1.51659097496043,Low-low surplus cluster,1.04154413237017,0.0052,0.0222246575342466,Low-low surplus cluster
E01002086,Haringey 013B,Haringey,children_and_adolescents,-1.02624239976404,Not significant,0.122849102321107,0.3061,0.359880169571361,Not significant
E01002087,Haringey 019D,Haringey,children_and_adolescents,-2.26973247130373,Low-low surplus cluster,1.39085668109296,0.0183,0.0529586086956522,Not significant
E01002088,Haringey 013C,Haringey,children_and_adolescents,-0.362496365949149,Not significant,0.108759033168458,0.1044,0.173201994017946,Not significant
E01002089,Haringey 013D,Haringey,children_and_adolescents,0.428647779226608,Not significant,-0.103733681622052,0.2179,0.28557542662116,Not significant
E01002090,Haringey 005A,Haringey,children_and_adolescents,1.05508448027008,Not significant,0.323513397826323,0.1129,0.182511917098446,Not significant
E01002091,Haringey 006A,Haringey,children_and_adolescents,0.728709883417626,Not significant,0.293628042835733,0.0456,0.0988,Not significant
E01002092,Haringey 006B,Haringey,children_and_adolescents,1.68716441703618,Not significant,0.34419646555739,0.1927,0.261821980413493,Not significant
E01002093,Haringey 005B,Haringey,children_and_adolescents,0.874493139704316,Not significant,0.116256771765304,0.3523,0.397442169491525,Not significant
E01002094,Haringey 006C,Haringey,children_and_adolescents,0.120055599300066,Not significant,0.0268870998199728,0.2159,0.284297757847534,Not significant
E01002095,Haringey 006D,Haringey,children_and_adolescents,-0.225118443510169,Not significant,0.0109009297679772,0.408,0.437725338491296,Not significant
E01002096,Haringey 005C,Haringey,children_and_adolescents,0.417592971819043,Not significant,0.012133343671382,0.4627,0.475952689058314,Not significant
E01002097,Haringey 005D,Haringey,children_and_adolescents,0.368060685865136,Not significant,-0.0246504348992928,0.3883,0.424713759859772,Not significant
E01002098,Haringey 007A,Haringey,children_and_adolescents,-1.82701904762209,Low-low surplus cluster,1.35531326681389,0.0103,0.0354115702479339,Low-low surplus cluster
E01002099,Haringey 008A,Haringey,children_and_adolescents,-1.06690026031009,Not significant,0.499661138386481,0.0692,0.130111638418079,Not significant
E01002100,Haringey 008B,Haringey,children_and_adolescents,-0.837296893388086,Not significant,0.146859397898988,0.2207,0.287959853633037,Not significant
E01002101,Haringey 007B,Haringey,children_and_adolescents,1.13653539821995,Not significant,0.0293323999982878,0.4742,0.483201959583589,Not significant
E01002102,Haringey 007C,Haringey,children_and_adolescents,-0.0321039412507833,Not significant,0.00871092164113806,0.0916,0.158114522821577,Not significant
E01002103,Haringey 008C,Haringey,children_and_adolescents,-0.578192026226798,Not significant,0.175216621780468,0.1189,0.188847852370347,Not significant
E01002104,Haringey 008D,Haringey,children_and_adolescents,-0.790030959617778,Not significant,-0.0866216174203414,0.3286,0.378052823231159,Not significant
E01002105,Haringey 007D,Haringey,children_and_adolescents,-3.12343679490183,Not significant,1.49162921247238,0.0354,0.0837123638086215,Not significant
E01002106,Harrow 008A,Harrow,children_and_adolescents,1.10418287235145,Not significant,0.560873034886705,0.026,0.0674594594594595,Not significant
E01002107,Harrow 012A,Harrow,children_and_adolescents,1.31269270339113,Not significant,0.394771434007579,0.1661,0.236703168712532,Not significant
E01002108,Harrow 008B,Harrow,children_and_adolescents,1.81482794260326,Not significant,0.564220438612193,0.1984,0.267462273832028,Not significant
E01002109,Harrow 008C,Harrow,children_and_adolescents,1.40084035145796,Not significant,0.484173222585813,0.0614,0.120199529411765,Not significant
E01002110,Harrow 008D,Harrow,children_and_adolescents,0.466488908871233,Not significant,0.166149821380263,0.0448,0.0978737855579869,Not significant
E01002111,Harrow 008E,Harrow,children_and_adolescents,0.606743247593151,High-high mismatch cluster,0.295032891401784,0.0041,0.0192180281690141,High-high mismatch cluster
E01002112,Harrow 001A,Harrow,children_and_adolescents,1.69256598118089,Not significant,0.743247914224253,0.0489,0.103348348856901,Not significant
E01002113,Harrow 002A,Harrow,children_and_adolescents,1.69305807019448,Not significant,0.700164784038428,0.0324,0.078821052631579,Not significant
E01002114,Harrow 001B,Harrow,children_and_adolescents,1.677790240629,Not significant,0.648414417820003,0.0415,0.0931929824561404,Not significant
E01002115,Harrow 002B,Harrow,children_and_adolescents,0.349282255691927,Not significant,0.172261636587982,0.0318,0.0777022026431718,Not significant
E01002116,Harrow 002C,Harrow,children_and_adolescents,1.28003034582655,Not significant,0.598048319533394,0.0379,0.0878350974930362,Not significant
E01002118,Harrow 002E,Harrow,children_and_adolescents,1.37791182979175,High-high mismatch cluster,0.642441815379433,0.0193,0.0550231867504283,Not significant
E01002119,Harrow 007A,Harrow,children_and_adolescents,1.0957368797447,High-high mismatch cluster,0.66973492305257,0.004,0.0189270142180095,High-high mismatch cluster
E01002120,Harrow 007B,Harrow,children_and_adolescents,2.40648600960978,Not significant,1.16774245035054,0.035,0.0830023752969121,Not significant
E01002121,Harrow 007C,Harrow,children_and_adolescents,0.914430409820057,High-high mismatch cluster,0.503624581551428,0.0108,0.0366509857239973,High-high mismatch cluster
E01002122,Harrow 007D,Harrow,children_and_adolescents,1.41517210087068,High-high mismatch cluster,0.928103054008106,0.0023,0.0129589164785553,High-high mismatch cluster
E01002123,Harrow 007E,Harrow,children_and_adolescents,1.8598198689302,Not significant,0.906654723732494,0.0327,0.0789353965183753,Not significant
E01002124,Harrow 010A,Harrow,children_and_adolescents,1.82821592963986,Not significant,0.780490129953894,0.0761,0.138849122807018,Not significant
E01002125,Harrow 010B,Harrow,children_and_adolescents,1.75186099410189,Not significant,0.731033374900189,0.0309,0.0762118577075099,Not significant
E01002127,Harrow 023B,Harrow,children_and_adolescents,-0.617898141390163,Not significant,-0.0645998076639474,0.3519,0.397170427311779,Not significant
E01002128,Harrow 020A,Harrow,children_and_adolescents,-0.571226245926023,Not significant,-0.12154540253043,0.2024,0.270952212389381,Not significant
E01002129,Harrow 023C,Harrow,children_and_adolescents,-1.29793275295552,Not significant,0.0304155452255222,0.4543,0.470706849315068,Not significant
E01002130,Harrow 020B,Harrow,children_and_adolescents,0.537983211803935,Not significant,0.0549095028421629,0.3231,0.374139457202505,Not significant
E01002131,Harrow 023D,Harrow,children_and_adolescents,1.66679490411292,Not significant,0.291797079837552,0.2804,0.338596226415094,Not significant
E01002132,Harrow 029A,Harrow,children_and_adolescents,-0.143934893971929,Not significant,-0.0351081863534804,0.1996,0.268644702076031,Not significant
E01002133,Harrow 027A,Harrow,children_and_adolescents,1.22786258697255,Not significant,0.277981796667207,0.1912,0.260641835062807,Not significant
E01002134,Harrow 029B,Harrow,children_and_adolescents,0.792649772913975,Not significant,0.040081599109986,0.4136,0.441645176470588,Not significant
E01002135,Harrow 029C,Harrow,children_and_adolescents,-0.0406612490208302,Not significant,0.00100069948214749,0.4576,0.472556723210592,Not significant
E01002136,Harrow 027B,Harrow,children_and_adolescents,0.0413822410972597,Not significant,0.00987727606057744,0.1559,0.225842367962856,Not significant
E01002137,Harrow 029D,Harrow,children_and_adolescents,0.665000421224077,Not significant,-0.0779668203639327,0.3148,0.366911417230913,Not significant
E01002138,Harrow 027C,Harrow,children_and_adolescents,1.19495768740712,Not significant,0.405987662099344,0.1046,0.173476146179402,Not significant
E01002139,Harrow 006A,Harrow,children_and_adolescents,0.894179917325943,Not significant,0.475205289751051,0.0211,0.0585498610339077,Not significant
E01002140,Harrow 005A,Harrow,children_and_adolescents,0.558154925589813,Not significant,0.217885496548782,0.0718,0.133392482322293,Not significant
E01002141,Harrow 005B,Harrow,children_and_adolescents,0.817273116194763,High-high mismatch cluster,0.405211859999903,0.0121,0.0398437994722955,High-high mismatch cluster
E01002142,Harrow 005C,Harrow,children_and_adolescents,0.975771262054524,Not significant,0.267318051446247,0.137,0.207684178560583,Not significant
E01002143,Harrow 005D,Harrow,children_and_adolescents,2.27475415549587,High-high mismatch cluster,1.46096002882412,0.0026,0.0139711517761033,High-high mismatch cluster
E01002144,Harrow 004A,Harrow,children_and_adolescents,1.59071222150817,High-high mismatch cluster,0.717309140334696,0.012,0.0395928618638467,High-high mismatch cluster
E01002145,Harrow 005E,Harrow,children_and_adolescents,0.852820222268455,High-high mismatch cluster,0.488547484136354,0.0139,0.0438891840607211,High-high mismatch cluster
E01002146,Harrow 004B,Harrow,children_and_adolescents,1.0150405016192,High-high mismatch cluster,0.672547004409959,0.0096,0.0337963328631876,High-high mismatch cluster
E01002147,Harrow 004C,Harrow,children_and_adolescents,1.591907276963,High-high mismatch cluster,1.00821303078352,0.0111,0.0373642616318274,High-high mismatch cluster
E01002148,Harrow 006B,Harrow,children_and_adolescents,1.3759354618806,High-high mismatch cluster,0.836594898075666,0.0082,0.0304571428571429,High-high mismatch cluster
E01002149,Harrow 004D,Harrow,children_and_adolescents,1.02725623176045,High-high mismatch cluster,0.6743607768021,0.0045,0.0202196219621962,High-high mismatch cluster
E01002150,Harrow 006C,Harrow,children_and_adolescents,2.7374648138194,High-high mismatch cluster,1.49624729041849,0.0062,0.0250813614262561,High-high mismatch cluster
E01002151,Harrow 006D,Harrow,children_and_adolescents,1.24917574496426,High-high mismatch cluster,1.13397229381769,0.0001,0.00156,High-high mismatch cluster
E01002152,Harrow 006E,Harrow,children_and_adolescents,1.15114873013217,High-high mismatch cluster,0.765642351995144,0.0018,0.0108129963898917,High-high mismatch cluster
E01002153,Harrow 019A,Harrow,children_and_adolescents,0.105585145375422,Not significant,0.0246394164735994,0.178,0.247652173913043,Not significant
E01002155,Harrow 019B,Harrow,children_and_adolescents,1.18234813763003,Not significant,0.443225880892146,0.0359,0.084614164305949,Not significant
E01002156,Harrow 015B,Harrow,children_and_adolescents,0.623414724262359,High-high mismatch cluster,0.35446492192607,0.0105,0.0358522571819425,High-high mismatch cluster
E01002157,Harrow 019C,Harrow,children_and_adolescents,0.0928133380747888,Not significant,0.0320183439903492,0.0786,0.141855097613883,Not significant
E01002158,Harrow 019D,Harrow,children_and_adolescents,0.567200845538378,Not significant,0.177901730386982,0.1306,0.2006016,Not significant
E01002159,Harrow 021A,Harrow,children_and_adolescents,1.55734691821492,Not significant,0.759472206763391,0.0316,0.0774409425625921,Not significant
E01002160,Harrow 021B,Harrow,children_and_adolescents,0.651967893054491,Not significant,0.0768799340506496,0.3256,0.375640212618442,Not significant
E01002161,Harrow 021C,Harrow,children_and_adolescents,1.58529722097816,Not significant,0.668746019266171,0.0405,0.0917313974591652,Not significant
E01002162,Harrow 015C,Harrow,children_and_adolescents,2.66284889964804,High-high mismatch cluster,2.59628512512204,0.0001,0.00156,High-high mismatch cluster
E01002163,Harrow 015D,Harrow,children_and_adolescents,1.94480122520149,High-high mismatch cluster,1.27059128106921,0.0022,0.0125084282460137,High-high mismatch cluster
E01002164,Harrow 021D,Harrow,children_and_adolescents,1.23066876335144,High-high mismatch cluster,0.683199637051121,0.0091,0.0325876614060258,High-high mismatch cluster
E01002165,Harrow 017A,Harrow,children_and_adolescents,0.497544976638289,Not significant,0.079328334629495,0.298,0.35343692088382,Not significant
E01002166,Harrow 017B,Harrow,children_and_adolescents,0.49735805337204,Not significant,0.116318695413795,0.1755,0.245473802185486,Not significant
E01002167,Harrow 017C,Harrow,children_and_adolescents,0.219814664664396,Not significant,0.0779105854053646,0.0934,0.160279408731523,Not significant
E01002168,Harrow 017D,Harrow,children_and_adolescents,0.439481301368842,Not significant,0.172227927324421,0.0743,0.136714190932547,Not significant
E01002169,Harrow 017E,Harrow,children_and_adolescents,0.609150749982272,Not significant,0.201829943736448,0.0925,0.159227586206897,Not significant
E01002170,Harrow 033A,Harrow,children_and_adolescents,1.01202080216832,Not significant,0.284947969972664,0.1289,0.198785542168675,Not significant
E01002171,Harrow 033B,Harrow,children_and_adolescents,0.959854829446503,Not significant,0.154459450171399,0.276,0.334740524781341,Not significant
E01002172,Harrow 033C,Harrow,children_and_adolescents,1.37073510513794,Not significant,0.357406753924341,0.1269,0.196979104477612,Not significant
E01002173,Harrow 033D,Harrow,children_and_adolescents,0.614573850305992,Not significant,0.0297858918331206,0.4553,0.471351638324347,Not significant
E01002174,Harrow 033E,Harrow,children_and_adolescents,0.216397276614983,Not significant,0.0406180924497963,0.22,0.287271776092074,Not significant
E01002175,Harrow 033F,Harrow,children_and_adolescents,1.21882554515629,Not significant,0.116094583855039,0.3736,0.414834422948632,Not significant
E01002176,Harrow 033G,Harrow,children_and_adolescents,-0.897267543714752,Not significant,-0.129461770272418,0.2494,0.312862094951017,Not significant
E01002177,Harrow 033H,Harrow,children_and_adolescents,0.288442486219065,Not significant,0.0916721168308707,0.1264,0.196447322540473,Not significant
E01002178,Harrow 033I,Harrow,children_and_adolescents,-0.174646453419091,Not significant,-0.0697988767005623,0.0531,0.10886045174538,Not significant
E01002179,Harrow 013A,Harrow,children_and_adolescents,1.24223737559058,High-high mismatch cluster,0.669222761595471,0.0036,0.017670796460177,High-high mismatch cluster
E01002181,Harrow 020C,Harrow,children_and_adolescents,2.58925829202194,High-high mismatch cluster,1.71655946290381,0.0006,0.0050255033557047,High-high mismatch cluster
E01002182,Harrow 020D,Harrow,children_and_adolescents,-0.326832841216574,Not significant,-0.12763402493554,0.0743,0.136714190932547,Not significant
E01002183,Harrow 013C,Harrow,children_and_adolescents,1.08081711569709,High-high mismatch cluster,0.645539212961651,0.0094,0.0332564138908576,High-high mismatch cluster
E01002184,Harrow 013D,Harrow,children_and_adolescents,2.14222256651795,Not significant,0.736892744825234,0.0525,0.108074226804124,Not significant
E01002185,Harrow 009A,Harrow,children_and_adolescents,1.71328315589765,High-high mismatch cluster,1.16531690422863,0.0078,0.0294758516275549,High-high mismatch cluster
E01002186,Harrow 009B,Harrow,children_and_adolescents,1.45980916699199,High-high mismatch cluster,0.839969997020544,0.0063,0.0253830508474576,High-high mismatch cluster
E01002187,Harrow 009C,Harrow,children_and_adolescents,2.12937734844129,High-high mismatch cluster,1.0267789755821,0.0133,0.042478310940499,High-high mismatch cluster
E01002188,Harrow 016A,Harrow,children_and_adolescents,0.771557076874945,Not significant,0.408565446943742,0.0382,0.0881212569316081,Not significant
E01002189,Harrow 016B,Harrow,children_and_adolescents,1.15610640278187,Not significant,0.483985198856613,0.0408,0.0922017202354006,Not significant
E01002190,Harrow 009D,Harrow,children_and_adolescents,1.67336087246413,High-high mismatch cluster,0.914644761262676,0.0091,0.0325876614060258,High-high mismatch cluster
E01002191,Harrow 022A,Harrow,children_and_adolescents,1.74436960959886,High-high mismatch cluster,1.05020369771678,0.0012,0.00830846047156727,High-high mismatch cluster
E01002192,Harrow 016C,Harrow,children_and_adolescents,0.263684028969709,Not significant,0.121893382119936,0.0274,0.0699288343558282,Not significant
E01002193,Harrow 016D,Harrow,children_and_adolescents,0.856127926540152,Not significant,0.344847835553034,0.047,0.100826815642458,Not significant
E01002194,Harrow 022B,Harrow,children_and_adolescents,1.31774610893642,Not significant,0.686691455543898,0.0215,0.0592644947542794,Not significant
E01002195,Harrow 022C,Harrow,children_and_adolescents,1.92433590023792,Not significant,0.824834405666984,0.0293,0.0735003015075377,Not significant
E01002196,Harrow 022D,Harrow,children_and_adolescents,3.23540962164956,High-high mismatch cluster,1.78851657604265,0.0144,0.0448159600997506,High-high mismatch cluster
E01002197,Harrow 012B,Harrow,children_and_adolescents,1.09606919719983,Not significant,0.335100724814899,0.1615,0.231935558112773,Not significant
E01002198,Harrow 010C,Harrow,children_and_adolescents,0.447950646624457,Not significant,0.222523207779311,0.0284,0.0716748230535895,Not significant
E01002199,Harrow 012C,Harrow,children_and_adolescents,1.42756058554548,Not significant,0.338433972199138,0.1547,0.225163636363636,Not significant
E01002200,Harrow 010D,Harrow,children_and_adolescents,1.57214379135453,Not significant,0.747256170288204,0.0229,0.062230157866086,Not significant
E01002201,Harrow 012D,Harrow,children_and_adolescents,0.743470248090612,Not significant,0.320832569312694,0.0263,0.0678850051706308,Not significant
E01002202,Harrow 012E,Harrow,children_and_adolescents,1.79671917787965,Not significant,0.514773312228641,0.0883,0.154069765816148,Not significant
E01002203,Harrow 010E,Harrow,children_and_adolescents,1.47480478620183,High-high mismatch cluster,0.680824803792471,0.0122,0.0400673684210526,High-high mismatch cluster
E01002204,Harrow 032A,Harrow,children_and_adolescents,0.292583075331433,High-high mismatch cluster,0.119074404431097,0.0185,0.0534135338345865,Not significant
E01002206,Harrow 032B,Harrow,children_and_adolescents,1.20928112597464,Not significant,0.534681431748848,0.0507,0.105676158663883,Not significant
E01002207,Harrow 032C,Harrow,children_and_adolescents,1.95626965720269,High-high mismatch cluster,0.984699477106089,0.0161,0.0484747889022919,High-high mismatch cluster
E01002208,Harrow 025A,Harrow,children_and_adolescents,0.131905298392614,Not significant,0.0479655355329498,0.0938,0.160469362577108,Not significant
E01002209,Harrow 025B,Harrow,children_and_adolescents,-0.434007377492919,Not significant,-0.0901448545897081,0.207,0.275264784230155,Not significant
E01002210,Harrow 032D,Harrow,children_and_adolescents,1.49084903179792,Not significant,0.373321673056476,0.1808,0.250709333333333,Not significant
E01002211,Harrow 028A,Harrow,children_and_adolescents,2.06528400372628,Not significant,0.917932598741278,0.0658,0.125851954022989,Not significant
E01002212,Harrow 028B,Harrow,children_and_adolescents,1.36355381254477,Not significant,0.363467786336891,0.1069,0.176120396039604,Not significant
E01002214,Harrow 031A,Harrow,children_and_adolescents,1.00092172688214,Not significant,0.513793770881983,0.0213,0.0588431654676259,Not significant
E01002215,Harrow 031B,Harrow,children_and_adolescents,0.0206126780608755,Not significant,0.00817313437347747,0.0696,0.130716027088036,Not significant
E01002216,Harrow 028C,Harrow,children_and_adolescents,1.92743025312213,Not significant,0.673440288741782,0.0986,0.166175286968265,Not significant
E01002217,Harrow 028D,Harrow,children_and_adolescents,1.36319398744407,Not significant,0.621021480063129,0.0632,0.122712718786464,Not significant
E01002218,Harrow 030A,Harrow,children_and_adolescents,-0.734607501627606,Not significant,-0.148622796150708,0.2172,0.285107125953195,Not significant
E01002219,Harrow 030B,Harrow,children_and_adolescents,0.0406797455018608,Not significant,0.00805992183109671,0.2057,0.274034035742865,Not significant
E01002220,Harrow 031C,Harrow,children_and_adolescents,0.0972135185388957,Not significant,0.0238514487989673,0.1916,0.260973315143247,Not significant
E01002221,Harrow 030C,Harrow,children_and_adolescents,-0.742088019767187,Not significant,-0.111949796020378,0.2812,0.339272674559072,Not significant
E01002222,Harrow 030D,Harrow,children_and_adolescents,1.68024922419878,Not significant,0.293175184819792,0.2338,0.299264,Not significant
E01002223,Harrow 031D,Harrow,children_and_adolescents,0.932413039061689,Not significant,0.384904303593816,0.0404,0.0915880108991826,Not significant
E01002224,Harrow 031E,Harrow,children_and_adolescents,1.79999516133604,Not significant,0.928634072119237,0.0232,0.0626362358031368,Not significant
E01002225,Harrow 001C,Harrow,children_and_adolescents,0.842860475933365,High-high mismatch cluster,0.489657440593862,0.0126,0.0410301369863014,High-high mismatch cluster
E01002226,Harrow 001D,Harrow,children_and_adolescents,0.322240775778797,Not significant,0.169408458524584,0.0375,0.0871102838529549,Not significant
E01002227,Harrow 003A,Harrow,children_and_adolescents,2.47701789956389,Not significant,1.24424225908256,0.027,0.0691909650924025,Not significant
E01002228,Harrow 003B,Harrow,children_and_adolescents,1.63758519265008,Not significant,0.839944157890889,0.0235,0.0630709677419355,Not significant
E01002229,Harrow 003C,Harrow,children_and_adolescents,1.42277112229159,Not significant,0.659989047931696,0.0251,0.0656360398114196,Not significant
E01002230,Harrow 003D,Harrow,children_and_adolescents,1.73731286617914,High-high mismatch cluster,0.834510816513195,0.0136,0.0431603305785124,High-high mismatch cluster
E01002231,Harrow 013E,Harrow,children_and_adolescents,1.43333077858377,High-high mismatch cluster,0.772694872518484,0.0186,0.0535783035199077,Not significant
E01002232,Harrow 011A,Harrow,children_and_adolescents,-0.556634415089424,Low-high spatial outlier,-0.360793903262525,0.0023,0.0129589164785553,Low-high spatial outlier
E01002233,Harrow 011B,Harrow,children_and_adolescents,1.09858789123162,Not significant,0.432910763933263,0.0407,0.0920590847304032,Not significant
E01002234,Harrow 011C,Harrow,children_and_adolescents,3.64841287680551,High-high mismatch cluster,2.88548669615471,0.0003,0.0031661733615222,High-high mismatch cluster
E01002235,Harrow 011D,Harrow,children_and_adolescents,2.00491399267575,Not significant,0.837146138123315,0.086,0.151272727272727,Not significant
E01002236,Harrow 011E,Harrow,children_and_adolescents,1.75291518291072,High-high mismatch cluster,1.06035006085553,0.0083,0.0306688378978534,High-high mismatch cluster
E01002237,Harrow 024A,Harrow,children_and_adolescents,-0.0954676315725457,Not significant,-0.00821548476331003,0.4071,0.437135556033556,Not significant
E01002238,Harrow 024B,Harrow,children_and_adolescents,1.0547739119762,Not significant,0.274624942850888,0.1172,0.187160076775432,Not significant
E01002239,Harrow 025C,Harrow,children_and_adolescents,-0.157410509132067,Not significant,-0.0314467085640871,0.2134,0.28174895530283,Not significant
E01002240,Harrow 024C,Harrow,children_and_adolescents,0.502522834007716,Not significant,0.00701981523532903,0.49,0.493360225897539,Not significant
E01002241,Harrow 025D,Harrow,children_and_adolescents,0.779556419831466,Not significant,0.198252916422854,0.1418,0.21251144397843,Not significant
E01002242,Harrow 024D,Harrow,children_and_adolescents,1.44042698903697,Not significant,0.203284316812737,0.2928,0.348262473195139,Not significant
E01002243,Havering 013A,Havering,children_and_adolescents,0.622482266241744,Not significant,0.171714307929149,0.1668,0.237565078459344,Not significant
E01002244,Havering 011A,Havering,children_and_adolescents,0.986421336831938,High-high mismatch cluster,0.646803750079672,0.0008,0.0061724884080371,High-high mismatch cluster
E01002245,Havering 011B,Havering,children_and_adolescents,0.630843133384332,Not significant,0.303003787662899,0.0232,0.0626362358031368,Not significant
E01002246,Havering 017A,Havering,children_and_adolescents,0.602969934797314,High-high mismatch cluster,0.55182704839891,0.0015,0.0096,High-high mismatch cluster
E01002247,Havering 017B,Havering,children_and_adolescents,3.80401800551157,Not significant,1.81358239565246,0.0232,0.0626362358031368,Not significant
E01002248,Havering 017C,Havering,children_and_adolescents,1.7552899519155,High-high mismatch cluster,1.10515532823524,0.0015,0.0096,High-high mismatch cluster
E01002250,Havering 017E,Havering,children_and_adolescents,2.49304573157443,High-high mismatch cluster,1.55878660112698,0.0001,0.00156,High-high mismatch cluster
E01002251,Havering 017F,Havering,children_and_adolescents,2.38741289475728,Not significant,1.34753859018191,0.0265,0.0682600619195046,Not significant
E01002252,Havering 018A,Havering,children_and_adolescents,1.23326828760877,Not significant,0.691329687213006,0.0257,0.0668896767466111,Not significant
E01002253,Havering 019A,Havering,children_and_adolescents,1.17711138120533,High-high mismatch cluster,0.619047915127082,0.0084,0.0309238938053097,High-high mismatch cluster
E01002254,Havering 019B,Havering,children_and_adolescents,0.531343637064116,Not significant,0.186481442946812,0.0617,0.120503286384977,Not significant
E01002255,Havering 022A,Havering,children_and_adolescents,2.2917487893239,Not significant,0.32810717883055,0.2706,0.331005929919137,Not significant
E01002256,Havering 018B,Havering,children_and_adolescents,1.42673525989664,Not significant,0.545799794054392,0.1057,0.174662164846077,Not significant
E01002257,Havering 019C,Havering,children_and_adolescents,0.0825901517176809,Not significant,0.00967758662403286,0.3438,0.390767213114754,Not significant
E01002258,Havering 018C,Havering,children_and_adolescents,0.961743020090908,Not significant,0.491063113609965,0.0397,0.0905769652650823,Not significant
E01002259,Havering 018D,Havering,children_and_adolescents,2.22638613071123,Not significant,0.999211716988961,0.044,0.0968465608465608,Not significant
E01002260,Havering 026A,Havering,children_and_adolescents,0.769342893463571,High-high mismatch cluster,0.302466760140049,0.0171,0.0505107692307692,Not significant
E01002261,Havering 026B,Havering,children_and_adolescents,-0.472374436825389,Not significant,0.0297746676723284,0.4016,0.433467502702703,Not significant
E01002262,Havering 026C,Havering,children_and_adolescents,-0.12710234160447,Not significant,0.00391618008508219,0.44,0.460574543929545,Not significant
E01002263,Havering 026D,Havering,children_and_adolescents,0.291995783738912,Not significant,0.0218059218423007,0.3935,0.428617063059132,Not significant
E01002264,Havering 026E,Havering,children_and_adolescents,0.667546918681558,Not significant,-0.0441904411098367,0.3994,0.431746383715894,Not significant
E01002265,Havering 025A,Havering,children_and_adolescents,-0.428968897971762,Not significant,-0.0434026936976797,0.323,0.374139457202505,Not significant
E01002266,Havering 027A,Havering,children_and_adolescents,-0.124677749127655,Not significant,-0.0243497122343884,0.2004,0.26943086453003,Not significant
E01002267,Havering 027B,Havering,children_and_adolescents,-0.487957008319095,Not significant,-0.0564974714191526,0.3599,0.403553638814016,Not significant
E01002268,Havering 010A,Havering,children_and_adolescents,1.43707065300669,High-high mismatch cluster,0.766045551592965,0.0045,0.0202196219621962,High-high mismatch cluster
E01002269,Havering 010B,Havering,children_and_adolescents,1.42726412628218,High-high mismatch cluster,0.838253982105568,0.0103,0.0354115702479339,High-high mismatch cluster
E01002270,Havering 015A,Havering,children_and_adolescents,1.02232839146192,Not significant,0.433049094653254,0.019,0.0543541547277937,Not significant
E01002271,Havering 015B,Havering,children_and_adolescents,1.96925590630963,Not significant,0.93618351455837,0.0556,0.112098222940226,Not significant
E01002272,Havering 014A,Havering,children_and_adolescents,0.233125558798625,Not significant,0.0691281686564199,0.1415,0.212313796212804,Not significant
E01002273,Havering 015C,Havering,children_and_adolescents,1.15701199029626,High-high mismatch cluster,0.597325535449523,0.0143,0.0446998121477771,High-high mismatch cluster
E01002274,Havering 014B,Havering,children_and_adolescents,0.576990058954114,Not significant,0.0878109303080635,0.2689,0.329410748466258,Not significant
E01002275,Havering 015D,Havering,children_and_adolescents,0.328740828548431,Not significant,0.0538895045874084,0.2444,0.307858894776684,Not significant
E01002276,Havering 001A,Havering,children_and_adolescents,1.64005287991234,High-high mismatch cluster,0.985970752923595,0.0094,0.0332564138908576,High-high mismatch cluster
E01002277,Havering 002A,Havering,children_and_adolescents,2.14114583785319,High-high mismatch cluster,1.37863499101921,0.0042,0.0195764705882353,High-high mismatch cluster
E01002278,Havering 001B,Havering,children_and_adolescents,1.69074807963657,High-high mismatch cluster,1.28531488281912,0.0004,0.00385482625482626,High-high mismatch cluster
E01002279,Havering 002B,Havering,children_and_adolescents,1.23143528208696,High-high mismatch cluster,0.848395797949874,0.0071,0.0275822568093385,High-high mismatch cluster
E01002280,Havering 004A,Havering,children_and_adolescents,3.34757502237031,High-high mismatch cluster,2.59447193662829,0.0011,0.00778893617021277,High-high mismatch cluster
E01002281,Havering 002C,Havering,children_and_adolescents,1.83744841886692,High-high mismatch cluster,1.12181974219686,0.0021,0.012105311778291,High-high mismatch cluster
E01002282,Havering 004B,Havering,children_and_adolescents,2.01969197328277,High-high mismatch cluster,1.59587235435051,0.0011,0.00778893617021277,High-high mismatch cluster
E01002283,Havering 002D,Havering,children_and_adolescents,1.78101703111164,High-high mismatch cluster,1.10300214507523,0.0079,0.0297187641296157,High-high mismatch cluster
E01002284,Havering 004C,Havering,children_and_adolescents,1.32197542643575,High-high mismatch cluster,0.897632894058179,0.0011,0.00778893617021277,High-high mismatch cluster
E01002285,Havering 025B,Havering,children_and_adolescents,-0.0998069592443673,Not significant,-0.0155054398358126,0.275,0.333852140077821,Not significant
E01002286,Havering 025C,Havering,children_and_adolescents,0.459988137905362,Not significant,-0.034888321313983,0.3711,0.412590467706013,Not significant
E01002287,Havering 023A,Havering,children_and_adolescents,-0.8986149020772,Not significant,0.0112925302089045,0.4649,0.477232325724861,Not significant
E01002288,Havering 025D,Havering,children_and_adolescents,0.181566627262644,Not significant,0.0192518846481821,0.3857,0.422982073813708,Not significant
E01002289,Havering 022B,Havering,children_and_adolescents,1.67814817328956,Not significant,0.179283691726299,0.3473,0.393223315944659,Not significant
E01002290,Havering 025E,Havering,children_and_adolescents,-0.0236467720243843,Not significant,-0.00343101149849684,0.3048,0.358925035360679,Not significant
E01002291,Havering 023B,Havering,children_and_adolescents,-0.740847199057972,Not significant,-0.111478281467155,0.2773,0.335909148264984,Not significant
E01002292,Havering 022C,Havering,children_and_adolescents,1.39397678759846,Not significant,0.166009622387339,0.3079,0.361570642201835,Not significant
E01002294,Havering 007B,Havering,children_and_adolescents,1.20428674882545,Not significant,0.617083365770316,0.0218,0.0598930104567969,Not significant
E01002295,Havering 010C,Havering,children_and_adolescents,1.30760051196728,Not significant,0.636539036550626,0.0196,0.0556559726962457,Not significant
E01002296,Havering 007C,Havering,children_and_adolescents,2.04841238159661,High-high mismatch cluster,1.20013268137837,0.0013,0.00879349593495935,High-high mismatch cluster
E01002297,Havering 004D,Havering,children_and_adolescents,0.56415496218567,High-high mismatch cluster,0.384598866479958,0.0077,0.0292307224334601,High-high mismatch cluster
E01002298,Havering 007D,Havering,children_and_adolescents,1.03688898213184,Not significant,0.482369236285415,0.0245,0.0647111111111111,Not significant
E01002299,Havering 002E,Havering,children_and_adolescents,1.14892986829684,High-high mismatch cluster,0.532474168351125,0.0186,0.0535783035199077,Not significant
E01002300,Havering 007E,Havering,children_and_adolescents,0.255716951971629,Not significant,0.119447144361603,0.0519,0.10728149068323,Not significant
E01002301,Havering 003A,Havering,children_and_adolescents,0.998474158261947,High-high mismatch cluster,0.78625385368513,0.0001,0.00156,High-high mismatch cluster
E01002302,Havering 005A,Havering,children_and_adolescents,1.31266363876096,High-high mismatch cluster,0.95320330817678,0.0005,0.00447311827956989,High-high mismatch cluster
E01002303,Havering 003B,Havering,children_and_adolescents,2.13405022850467,Not significant,0.66531815414059,0.1281,0.198348387096774,Not significant
E01002304,Havering 003C,Havering,children_and_adolescents,0.888162565696738,High-high mismatch cluster,0.658001801760504,0.0001,0.00156,High-high mismatch cluster
E01002305,Havering 005B,Havering,children_and_adolescents,2.36360723988904,High-high mismatch cluster,2.09340287211667,0.0001,0.00156,High-high mismatch cluster
E01002306,Havering 003D,Havering,children_and_adolescents,3.68360536427077,High-high mismatch cluster,2.5349337003883,0.0071,0.0275822568093385,High-high mismatch cluster
E01002307,Havering 003E,Havering,children_and_adolescents,3.04988031648345,High-high mismatch cluster,2.70094135928425,0.0018,0.0108129963898917,High-high mismatch cluster
E01002308,Havering 005C,Havering,children_and_adolescents,2.6345456443493,High-high mismatch cluster,2.51342557925841,0.0005,0.00447311827956989,High-high mismatch cluster
E01002309,Havering 006A,Havering,children_and_adolescents,2.94247203936998,High-high mismatch cluster,2.50095830396844,0.0011,0.00778893617021277,High-high mismatch cluster
E01002310,Havering 006B,Havering,children_and_adolescents,1.04912554125836,High-high mismatch cluster,0.870902449551841,0.0001,0.00156,High-high mismatch cluster
E01002311,Havering 006C,Havering,children_and_adolescents,2.68615318587694,High-high mismatch cluster,1.64405525350684,0.0023,0.0129589164785553,High-high mismatch cluster
E01002312,Havering 001C,Havering,children_and_adolescents,2.02106500499101,High-high mismatch cluster,1.49845468673029,0.0013,0.00879349593495935,High-high mismatch cluster
E01002313,Havering 001D,Havering,children_and_adolescents,2.26518765939035,High-high mismatch cluster,1.91718990190903,0.0004,0.00385482625482626,High-high mismatch cluster
E01002314,Havering 004E,Havering,children_and_adolescents,2.28019854328097,High-high mismatch cluster,2.07842894389125,0.0001,0.00156,High-high mismatch cluster
E01002315,Havering 006D,Havering,children_and_adolescents,2.32563838751891,High-high mismatch cluster,2.38179629994247,0.0002,0.00242330097087379,High-high mismatch cluster
E01002316,Havering 004F,Havering,children_and_adolescents,2.95535494248063,High-high mismatch cluster,1.95677306208139,0.0009,0.00673583208395802,High-high mismatch cluster
E01002317,Havering 014C,Havering,children_and_adolescents,0.411272063249905,Not significant,0.125024421976828,0.0611,0.119847229862475,Not significant
E01002318,Havering 014D,Havering,children_and_adolescents,0.455258712377425,Not significant,0.0576829797956338,0.3358,0.384652042221202,Not significant
E01002319,Havering 016A,Havering,children_and_adolescents,0.245238069311181,Not significant,0.0959759377540941,0.0258,0.067010197710718,Not significant
E01002320,Havering 021A,Havering,children_and_adolescents,0.221337985662024,Not significant,0.0523887179697805,0.2595,0.321046840148699,Not significant
E01002321,Havering 021B,Havering,children_and_adolescents,1.22907513185313,Not significant,0.139927529164319,0.3015,0.356571428571429,Not significant
E01002322,Havering 021C,Havering,children_and_adolescents,1.19890373960724,Not significant,0.550471054767009,0.0413,0.0929110410094637,Not significant
E01002323,Havering 021D,Havering,children_and_adolescents,1.28243172351749,High-high mismatch cluster,0.693830564196429,0.0203,0.0571237880496054,Not significant
E01002324,Havering 021E,Havering,children_and_adolescents,0.593461350593813,Not significant,0.154601757432813,0.1243,0.194393984962406,Not significant
E01002325,Havering 011C,Havering,children_and_adolescents,2.00015258402498,High-high mismatch cluster,1.56148595854889,0.0002,0.00242330097087379,High-high mismatch cluster
E01002326,Havering 005D,Havering,children_and_adolescents,1.80127812276741,High-high mismatch cluster,1.00714130787056,0.0158,0.047918347509113,High-high mismatch cluster
E01002327,Havering 009A,Havering,children_and_adolescents,0.343851105408911,High-high mismatch cluster,0.210450898072489,0.0049,0.0213631441048035,High-high mismatch cluster
E01002328,Havering 009B,Havering,children_and_adolescents,2.13076283907295,Not significant,1.01915540460449,0.023,0.0623322475570033,Not significant
E01002329,Havering 011D,Havering,children_and_adolescents,1.56430084791889,High-high mismatch cluster,1.03811689310209,0.0041,0.0192180281690141,High-high mismatch cluster
E01002330,Havering 011E,Havering,children_and_adolescents,3.05246020659053,High-high mismatch cluster,1.74680571868129,0.0118,0.0391399335548173,High-high mismatch cluster
E01002331,Havering 005E,Havering,children_and_adolescents,2.56930458340692,High-high mismatch cluster,2.61268023363581,0.0001,0.00156,High-high mismatch cluster
E01002332,Havering 009C,Havering,children_and_adolescents,1.1888424346051,Not significant,0.465174864253509,0.0392,0.0896410444342648,Not significant
E01002333,Havering 008A,Havering,children_and_adolescents,-0.181858904563884,Not significant,-0.0829420396182584,0.043,0.0951489361702128,Not significant
E01002334,Havering 008B,Havering,children_and_adolescents,0.618173028948687,High-high mismatch cluster,0.251460351317676,0.0199,0.0562200339558574,Not significant
E01002335,Havering 009D,Havering,children_and_adolescents,1.76717082148243,Not significant,0.772369685046727,0.0698,0.130993082706767,Not significant
E01002336,Havering 008C,Havering,children_and_adolescents,0.85715327277795,Not significant,0.271474263087494,0.1001,0.168192258498822,Not significant
E01002337,Havering 012A,Havering,children_and_adolescents,0.616894368834107,High-high mismatch cluster,0.282977494912474,0.005,0.0216854908774978,High-high mismatch cluster
E01002338,Havering 009E,Havering,children_and_adolescents,1.30535583132381,Not significant,0.577459267876061,0.0333,0.080112578313253,Not significant
E01002339,Havering 008D,Havering,children_and_adolescents,1.26366172451692,Not significant,0.254031023953595,0.2688,0.329369072164949,Not significant
E01002340,Havering 009F,Havering,children_and_adolescents,1.03643655219658,Not significant,0.280137238835806,0.142,0.21251144397843,Not significant
E01002341,Havering 008E,Havering,children_and_adolescents,1.24126414984595,Not significant,0.404572457820087,0.1447,0.215303248882265,Not significant
E01002342,Havering 030A,Havering,children_and_adolescents,0.41773405478508,Not significant,0.162592160759779,0.0734,0.13565820066642,Not significant
E01002343,Havering 029A,Havering,children_and_adolescents,0.538600211102522,Not significant,0.178167226235765,0.0926,0.159289869055824,Not significant
E01002344,Havering 029B,Havering,children_and_adolescents,1.24462941084368,Not significant,0.370684167896399,0.0778,0.140971905626134,Not significant
E01002345,Havering 030B,Havering,children_and_adolescents,1.21856829149439,Not significant,0.405139170466046,0.1102,0.179425440313112,Not significant
E01002346,Havering 030C,Havering,children_and_adolescents,0.869728180333272,Not significant,0.342089369915784,0.0953,0.162146421267894,Not significant
E01002347,Havering 030D,Havering,children_and_adolescents,1.2928594327708,Not significant,0.411349360229352,0.1885,0.258230515916575,Not significant
E01002348,Havering 029C,Havering,children_and_adolescents,0.44837235989971,Not significant,0.0932183295253217,0.2652,0.3264,Not significant
E01002349,Havering 029D,Havering,children_and_adolescents,0.195681478921817,Not significant,0.0361646537547587,0.2349,0.299903017902813,Not significant
E01002350,Havering 016B,Havering,children_and_adolescents,1.58379242227486,Not significant,0.662022127878792,0.0411,0.0926280812641084,Not significant
E01002351,Havering 016C,Havering,children_and_adolescents,1.7307259079034,Not significant,0.782268012508773,0.0444,0.0972552874067574,Not significant
E01002352,Havering 016D,Havering,children_and_adolescents,1.7146710066736,Not significant,0.673278485570838,0.0696,0.130716027088036,Not significant
E01002353,Havering 013B,Havering,children_and_adolescents,-0.13801521626545,Not significant,-0.031286953366227,0.1553,0.225496684118674,Not significant
E01002354,Havering 012B,Havering,children_and_adolescents,0.0660788565959691,Not significant,0.0139162825464403,0.2293,0.295855673300594,Not significant
E01002355,Havering 014E,Havering,children_and_adolescents,1.24741180831953,Not significant,0.234827995938144,0.2883,0.344882242990654,Not significant
E01002356,Havering 013C,Havering,children_and_adolescents,1.14410901340671,High-high mismatch cluster,0.468521438001774,0.0197,0.0557812819058423,Not significant
E01002358,Havering 016E,Havering,children_and_adolescents,2.03931230118172,Not significant,0.797754125881761,0.0556,0.112098222940226,Not significant
E01002359,Havering 020A,Havering,children_and_adolescents,-1.17821757233898,Not significant,0.0370018638728352,0.4399,0.46056644295302,Not significant
E01002360,Havering 020B,Havering,children_and_adolescents,-0.196413746844855,Not significant,-0.0122347557817293,0.416,0.443449071108264,Not significant
E01002361,Havering 020C,Havering,children_and_adolescents,0.275948461308997,Not significant,0.0114935346721213,0.4431,0.462558594730238,Not significant
E01002362,Havering 022D,Havering,children_and_adolescents,-0.0119259311847014,Not significant,-0.000895300475723407,0.3974,0.431077966101695,Not significant
E01002363,Havering 020D,Havering,children_and_adolescents,1.02624378708433,Not significant,0.154003135980548,0.2735,0.332759444309042,Not significant
E01002364,Havering 023C,Havering,children_and_adolescents,0.250907797597726,Not significant,0.00642945792732239,0.4687,0.479555318712851,Not significant
E01002365,Havering 023D,Havering,children_and_adolescents,-0.410804081415449,Not significant,-0.0239192629761379,0.4319,0.454861772151899,Not significant
E01002366,Havering 023E,Havering,children_and_adolescents,0.780874066604768,Not significant,0.00137140156216661,0.488,0.491941841680129,Not significant
E01002367,Havering 020E,Havering,children_and_adolescents,-0.811379191947188,Not significant,-0.0860309442895439,0.3451,0.391531636363636,Not significant
E01002368,Havering 028A,Havering,children_and_adolescents,0.467006802465047,High-high mismatch cluster,0.346848503220692,0.0005,0.00447311827956989,High-high mismatch cluster
E01002369,Havering 028B,Havering,children_and_adolescents,1.73197881839118,Not significant,0.781138757132902,0.066,0.126186135580237,Not significant
E01002370,Havering 028C,Havering,children_and_adolescents,1.3391458404964,High-high mismatch cluster,0.634057048744349,0.0107,0.0364354706684857,High-high mismatch cluster
E01002371,Havering 028D,Havering,children_and_adolescents,1.26435123903569,Not significant,0.603069629198001,0.0345,0.0823250478011472,Not significant
E01002372,Havering 027C,Havering,children_and_adolescents,0.393495610866365,Not significant,0.0361422831383949,0.3748,0.415538290788013,Not significant
E01002373,Havering 027D,Havering,children_and_adolescents,0.68957521389354,Not significant,0.213037800972817,0.132,0.202130061349693,Not significant
E01002374,Havering 027E,Havering,children_and_adolescents,0.850743216249951,Not significant,0.215878704816191,0.1383,0.209210181818182,Not significant
E01002375,Havering 028E,Havering,children_and_adolescents,1.71453993602996,Not significant,0.640381495608794,0.0508,0.10584040066778,Not significant
E01002376,Havering 012C,Havering,children_and_adolescents,1.54977528211412,Not significant,0.7292764034878,0.0327,0.0789353965183753,Not significant
E01002377,Havering 010D,Havering,children_and_adolescents,0.619478479180147,High-high mismatch cluster,0.366461076560027,0.0005,0.00447311827956989,High-high mismatch cluster
E01002378,Havering 010E,Havering,children_and_adolescents,1.71249550989934,Not significant,0.708004891915656,0.0817,0.145659428571429,Not significant
E01002379,Havering 012D,Havering,children_and_adolescents,0.905595711044085,Not significant,0.319749648173824,0.0489,0.103348348856901,Not significant
E01002380,Havering 012E,Havering,children_and_adolescents,1.73753179036815,Not significant,0.698147926920333,0.0921,0.158758011049724,Not significant
E01002381,Havering 012F,Havering,children_and_adolescents,1.18825288061976,Not significant,0.380365314773602,0.0939,0.160530410958904,Not significant
E01002382,Havering 014F,Havering,children_and_adolescents,0.854472588678781,Not significant,0.25142188093819,0.1205,0.190299272382158,Not significant
E01002383,Havering 010F,Havering,children_and_adolescents,2.36125703589665,Not significant,1.02254357895149,0.0761,0.138849122807018,Not significant
E01002384,Havering 019D,Havering,children_and_adolescents,-0.688475957065343,Not significant,-0.0587380077004385,0.3959,0.430105070729053,Not significant
E01002385,Havering 024A,Havering,children_and_adolescents,1.19587101621178,Not significant,0.292870043750537,0.1145,0.184263056092843,Not significant
E01002386,Havering 022E,Havering,children_and_adolescents,-1.7523951655101,Not significant,-0.530816071187639,0.0757,0.138575137513751,Not significant
E01002387,Havering 024B,Havering,children_and_adolescents,0.937709459291847,Not significant,0.143726581720566,0.2797,0.337996223674655,Not significant
E01002388,Havering 024C,Havering,children_and_adolescents,1.61033174949478,Not significant,0.508093686313429,0.1581,0.228300607463118,Not significant
E01002389,Havering 024D,Havering,children_and_adolescents,0.471752775377795,Not significant,0.219694802296717,0.0549,0.111180851926978,Not significant
E01002390,Havering 024E,Havering,children_and_adolescents,0.742561759907622,Not significant,0.148947924355362,0.2353,0.300260122699387,Not significant
E01002391,Havering 018E,Havering,children_and_adolescents,1.33264932182679,Not significant,0.388188348745892,0.1204,0.190299272382158,Not significant
E01002392,Hillingdon 020A,Hillingdon,children_and_adolescents,3.26206673209695,High-high mismatch cluster,2.96904290705564,0.0001,0.00156,High-high mismatch cluster
E01002393,Hillingdon 020B,Hillingdon,children_and_adolescents,2.25289422353228,High-high mismatch cluster,2.00835139990149,0.0001,0.00156,High-high mismatch cluster
E01002394,Hillingdon 021A,Hillingdon,children_and_adolescents,3.35334995197113,High-high mismatch cluster,3.08611989516118,0.0001,0.00156,High-high mismatch cluster
E01002395,Hillingdon 021B,Hillingdon,children_and_adolescents,1.64904795003906,High-high mismatch cluster,1.57305882140779,0.0001,0.00156,High-high mismatch cluster
E01002396,Hillingdon 026A,Hillingdon,children_and_adolescents,1.45954853559826,High-high mismatch cluster,1.28585597299771,0.0001,0.00156,High-high mismatch cluster
E01002397,Hillingdon 021C,Hillingdon,children_and_adolescents,1.74155271862459,High-high mismatch cluster,1.66592454519204,0.0001,0.00156,High-high mismatch cluster
E01002398,Hillingdon 021D,Hillingdon,children_and_adolescents,2.78362911679483,High-high mismatch cluster,2.78481783034571,0.0001,0.00156,High-high mismatch cluster
E01002399,Hillingdon 021E,Hillingdon,children_and_adolescents,2.25542192082771,High-high mismatch cluster,1.86877396196948,0.0005,0.00447311827956989,High-high mismatch cluster
E01002400,Hillingdon 024A,Hillingdon,children_and_adolescents,1.52978430537718,High-high mismatch cluster,1.00260378021315,0.0004,0.00385482625482626,High-high mismatch cluster
E01002401,Hillingdon 024B,Hillingdon,children_and_adolescents,2.49863717369539,High-high mismatch cluster,1.90234046085403,0.0001,0.00156,High-high mismatch cluster
E01002402,Hillingdon 024C,Hillingdon,children_and_adolescents,1.0100201053396,High-high mismatch cluster,0.795560320111503,0.0019,0.0112113475177305,High-high mismatch cluster
E01002403,Hillingdon 024D,Hillingdon,children_and_adolescents,2.3742913695977,High-high mismatch cluster,1.7633378416441,0.003,0.0155837669094693,High-high mismatch cluster
E01002404,Hillingdon 024E,Hillingdon,children_and_adolescents,2.41569283686833,High-high mismatch cluster,2.25421397101574,0.0001,0.00156,High-high mismatch cluster
E01002405,Hillingdon 027A,Hillingdon,children_and_adolescents,1.95426663260551,High-high mismatch cluster,1.1245197419221,0.0045,0.0202196219621962,High-high mismatch cluster
E01002408,Hillingdon 019A,Hillingdon,children_and_adolescents,1.94570207423482,Not significant,0.950002763418987,0.0329,0.0793414492753623,Not significant
E01002409,Hillingdon 019B,Hillingdon,children_and_adolescents,1.56342959975322,High-high mismatch cluster,0.998250801452003,0.006,0.0244905968928863,High-high mismatch cluster
E01002410,Hillingdon 017A,Hillingdon,children_and_adolescents,0.366201203434521,Not significant,0.164716163212183,0.0233,0.0628722162162162,Not significant
E01002411,Hillingdon 022A,Hillingdon,children_and_adolescents,2.67506796869972,Not significant,0.840331909882297,0.1024,0.170849197860963,Not significant
E01002412,Hillingdon 017B,Hillingdon,children_and_adolescents,0.994708054329669,High-high mismatch cluster,0.455079692517033,0.0192,0.0548006861063465,Not significant
E01002413,Hillingdon 022B,Hillingdon,children_and_adolescents,1.54432571046199,High-high mismatch cluster,1.02058632914129,0.0099,0.03456,High-high mismatch cluster
E01002414,Hillingdon 015A,Hillingdon,children_and_adolescents,-1.4362341982703,Not significant,-0.473878530945738,0.0454,0.0986664344797562,Not significant
E01002415,Hillingdon 010A,Hillingdon,children_and_adolescents,1.58551459820599,Not significant,0.609113132455076,0.0604,0.118894637223975,Not significant
E01002416,Hillingdon 008A,Hillingdon,children_and_adolescents,0.986465140034012,Not significant,0.328796359756,0.0884,0.15419035639413,Not significant
E01002417,Hillingdon 008B,Hillingdon,children_and_adolescents,-0.100323717364592,Not significant,-0.0235251189449694,0.1947,0.264114782608696,Not significant
E01002418,Hillingdon 006A,Hillingdon,children_and_adolescents,1.46163825184736,Not significant,0.523863105018512,0.0708,0.132223569023569,Not significant
E01002419,Hillingdon 006B,Hillingdon,children_and_adolescents,0.105606398776772,Not significant,0.0295014696301342,0.1499,0.220477548615203,Not significant
E01002420,Hillingdon 008C,Hillingdon,children_and_adolescents,1.44134841560735,Not significant,0.276178842399433,0.2054,0.273720448478377,Not significant
E01002421,Hillingdon 008D,Hillingdon,children_and_adolescents,0.180173248603334,Not significant,0.0770231458659415,0.0361,0.0849652050919378,Not significant
E01002422,Hillingdon 018A,Hillingdon,children_and_adolescents,0.955630490417744,High-high mismatch cluster,0.65739723703329,0.0012,0.00830846047156727,High-high mismatch cluster
E01002423,Hillingdon 018B,Hillingdon,children_and_adolescents,1.4412095110198,High-high mismatch cluster,0.926504648813587,0.0004,0.00385482625482626,High-high mismatch cluster
E01002424,Hillingdon 018C,Hillingdon,children_and_adolescents,2.32399289347578,High-high mismatch cluster,1.92321757717759,0.0005,0.00447311827956989,High-high mismatch cluster
E01002425,Hillingdon 018D,Hillingdon,children_and_adolescents,0.900600452602206,High-high mismatch cluster,0.554825277137965,0.0164,0.0492295850871918,High-high mismatch cluster
E01002426,Hillingdon 021F,Hillingdon,children_and_adolescents,3.08582527840563,High-high mismatch cluster,2.50641195524947,0.0001,0.00156,High-high mismatch cluster
E01002427,Hillingdon 018E,Hillingdon,children_and_adolescents,1.6462884741002,High-high mismatch cluster,1.23854562895674,0.0027,0.0143387234042553,High-high mismatch cluster
E01002428,Hillingdon 018F,Hillingdon,children_and_adolescents,1.55043746531219,High-high mismatch cluster,1.06081533631913,0.0011,0.00778893617021277,High-high mismatch cluster
E01002429,Hillingdon 019C,Hillingdon,children_and_adolescents,2.58940607716241,High-high mismatch cluster,1.63096091697641,0.007,0.0273213448006255,High-high mismatch cluster
E01002430,Hillingdon 007A,Hillingdon,children_and_adolescents,1.24546338639849,Not significant,0.365899801126914,0.1212,0.191042121881907,Not significant
E01002431,Hillingdon 006C,Hillingdon,children_and_adolescents,1.71241860491901,High-high mismatch cluster,1.00765216810127,0.0106,0.036119590443686,High-high mismatch cluster
E01002432,Hillingdon 006D,Hillingdon,children_and_adolescents,0.730558353832177,Not significant,0.207196447855836,0.107,0.176168865435356,Not significant
E01002433,Hillingdon 004A,Hillingdon,children_and_adolescents,0.803182112922204,Not significant,0.268337427385642,0.0904,0.15663894481083,Not significant
E01002434,Hillingdon 007B,Hillingdon,children_and_adolescents,0.263465644947239,Not significant,0.078060812870874,0.1127,0.182365769854133,Not significant
E01002435,Hillingdon 007C,Hillingdon,children_and_adolescents,0.65341302988239,Not significant,0.107431362984267,0.227,0.29349494949495,Not significant
E01002436,Hillingdon 004B,Hillingdon,children_and_adolescents,0.115939468104845,Not significant,0.055198530844211,0.0506,0.105644165621079,Not significant
E01002437,Hillingdon 006E,Hillingdon,children_and_adolescents,0.631549434530719,High-high mismatch cluster,0.340220011531991,0.0062,0.0250813614262561,High-high mismatch cluster
E01002438,Hillingdon 003A,Hillingdon,children_and_adolescents,1.65650322897777,Not significant,0.538899977649128,0.1843,0.25401038100497,Not significant
E01002439,Hillingdon 003B,Hillingdon,children_and_adolescents,-0.121869677834726,Not significant,-0.067034611546504,0.0474,0.10107680478428,Not significant
E01002440,Hillingdon 003C,Hillingdon,children_and_adolescents,1.58672551011007,Not significant,0.669693181608138,0.0561,0.112651327433628,Not significant
E01002441,Hillingdon 003D,Hillingdon,children_and_adolescents,1.12404148256449,High-high mismatch cluster,0.62281028900351,0.0006,0.0050255033557047,High-high mismatch cluster
E01002442,Hillingdon 003E,Hillingdon,children_and_adolescents,1.56455116857587,Not significant,0.663009010921567,0.2722,0.331824761904762,Not significant
E01002443,Hillingdon 032A,Hillingdon,children_and_adolescents,1.88377314287041,High-high mismatch cluster,1.33310795286183,0.0001,0.00156,High-high mismatch cluster
E01002444,Hillingdon 031A,Hillingdon,children_and_adolescents,1.53450108472231,High-high mismatch cluster,1.23136218201839,0.0001,0.00156,High-high mismatch cluster
E01002445,Hillingdon 029A,Hillingdon,children_and_adolescents,3.07075519426283,High-high mismatch cluster,2.2305221381039,0.0015,0.0096,High-high mismatch cluster
E01002446,Hillingdon 031B,Hillingdon,children_and_adolescents,2.76659185082683,High-high mismatch cluster,2.35840290669689,0.0001,0.00156,High-high mismatch cluster
E01002447,Hillingdon 031C,Hillingdon,children_and_adolescents,2.11230059270789,High-high mismatch cluster,1.63308274252652,0.0002,0.00242330097087379,High-high mismatch cluster
E01002448,Hillingdon 032B,Hillingdon,children_and_adolescents,1.79176342406255,High-high mismatch cluster,1.34811911445063,0.0004,0.00385482625482626,High-high mismatch cluster
E01002449,Hillingdon 032C,Hillingdon,children_and_adolescents,1.6421355574248,High-high mismatch cluster,1.19452254053768,0.0116,0.0385790806129247,High-high mismatch cluster
E01002450,Hillingdon 014A,Hillingdon,children_and_adolescents,2.00844831605865,Not significant,1.32852167423211,0.025,0.065443104352386,Not significant
E01002451,Hillingdon 014B,Hillingdon,children_and_adolescents,1.50383040412727,High-high mismatch cluster,0.912287637771028,0.0034,0.0170068136272545,High-high mismatch cluster
E01002452,Hillingdon 014C,Hillingdon,children_and_adolescents,1.25599378612322,High-high mismatch cluster,0.709272493304347,0.0042,0.0195764705882353,High-high mismatch cluster
E01002453,Hillingdon 014D,Hillingdon,children_and_adolescents,1.50194921288411,High-high mismatch cluster,1.09135452904152,0.0043,0.0197839631336406,High-high mismatch cluster
E01002454,Hillingdon 014E,Hillingdon,children_and_adolescents,2.50316633748089,High-high mismatch cluster,1.55007667244908,0.0003,0.0031661733615222,High-high mismatch cluster
E01002455,Hillingdon 019D,Hillingdon,children_and_adolescents,1.95692023113331,High-high mismatch cluster,1.26663752415283,0.0003,0.0031661733615222,High-high mismatch cluster
E01002456,Hillingdon 017C,Hillingdon,children_and_adolescents,1.74487714401768,High-high mismatch cluster,0.877114959712539,0.0059,0.024221052631579,High-high mismatch cluster
E01002457,Hillingdon 019E,Hillingdon,children_and_adolescents,1.9809152747042,Not significant,1.01275273898867,0.0645,0.124222222222222,Not significant
E01002458,Hillingdon 011A,Hillingdon,children_and_adolescents,1.25447718989607,Not significant,0.520194009551703,0.0549,0.111180851926978,Not significant
E01002459,Hillingdon 011B,Hillingdon,children_and_adolescents,0.918717695189418,Not significant,0.2243313273382,0.2132,0.281633871394549,Not significant
E01002460,Hillingdon 011C,Hillingdon,children_and_adolescents,-0.870818766416911,Low-high spatial outlier,-0.456282235197987,0.0087,0.0315857454545455,Low-high spatial outlier
E01002461,Hillingdon 013A,Hillingdon,children_and_adolescents,1.78632837581074,High-high mismatch cluster,1.00757659123059,0.0127,0.0411945419103314,High-high mismatch cluster
E01002462,Hillingdon 011D,Hillingdon,children_and_adolescents,2.54149777278156,Not significant,0.802383320290108,0.1569,0.22702747826087,Not significant
E01002463,Hillingdon 013B,Hillingdon,children_and_adolescents,1.17975339936256,Not significant,0.539618056354359,0.028,0.0709883189436262,Not significant
E01002464,Hillingdon 011E,Hillingdon,children_and_adolescents,1.35832517098552,Not significant,0.55768608382156,0.0307,0.0760190476190476,Not significant
E01002465,Hillingdon 009A,Hillingdon,children_and_adolescents,2.62336314388945,Not significant,1.14748091524458,0.0367,0.0858511715089035,Not significant
E01002466,Hillingdon 010B,Hillingdon,children_and_adolescents,1.36792389852793,High-high mismatch cluster,0.706155828964516,0.0125,0.0407576747224037,High-high mismatch cluster
E01002467,Hillingdon 009B,Hillingdon,children_and_adolescents,1.64004642895882,Not significant,0.779191618290755,0.0241,0.06416384,Not significant
E01002468,Hillingdon 010C,Hillingdon,children_and_adolescents,0.248371848007224,Not significant,0.110620877342764,0.0355,0.0839090909090909,Not significant
E01002469,Hillingdon 010D,Hillingdon,children_and_adolescents,0.723026838876178,Not significant,0.362302834600687,0.0309,0.0762118577075099,Not significant
E01002470,Hillingdon 007D,Hillingdon,children_and_adolescents,0.76697695792802,Not significant,0.146749556611131,0.2262,0.29291579766537,Not significant
E01002471,Hillingdon 008E,Hillingdon,children_and_adolescents,0.171449699507973,Not significant,0.0388517812492866,0.204,0.272570144462279,Not significant
E01002472,Hillingdon 002A,Hillingdon,children_and_adolescents,-0.310228810685656,Not significant,-0.11040969602042,0.076,0.138818880351262,Not significant
E01002473,Hillingdon 001A,Hillingdon,children_and_adolescents,1.78019991526711,High-high mismatch cluster,0.869914235541968,0.0132,0.04224,High-high mismatch cluster
E01002474,Hillingdon 002B,Hillingdon,children_and_adolescents,1.52266920129604,Not significant,0.630162224173924,0.0217,0.0596839669421488,Not significant
E01002475,Hillingdon 001B,Hillingdon,children_and_adolescents,1.15865191889263,Not significant,0.443346356447388,0.1011,0.169245875251509,Not significant
E01002476,Hillingdon 001C,Hillingdon,children_and_adolescents,1.00340611478795,Not significant,0.0524138874559026,0.4618,0.475418766756032,Not significant
E01002477,Hillingdon 001D,Hillingdon,children_and_adolescents,-0.432073300001549,Not significant,-0.0887986876539595,0.2626,0.323758755248209,Not significant
E01002478,Hillingdon 002C,Hillingdon,children_and_adolescents,0.626072817337033,Not significant,0.0967470976691352,0.3231,0.374139457202505,Not significant
E01002479,Hillingdon 004C,Hillingdon,children_and_adolescents,1.76889771160382,Not significant,0.758503105646746,0.0367,0.0858511715089035,Not significant
E01002480,Hillingdon 004D,Hillingdon,children_and_adolescents,1.94123807030583,Not significant,0.690740870184689,0.0473,0.10107680478428,Not significant
E01002481,Hillingdon 004E,Hillingdon,children_and_adolescents,1.07132035836053,Not significant,0.510773114989621,0.0362,0.0851604147031103,Not significant
E01002482,Hillingdon 001E,Hillingdon,children_and_adolescents,0.860200413929357,Not significant,0.360948202609935,0.0434,0.0957793103448276,Not significant
E01002483,Hillingdon 002D,Hillingdon,children_and_adolescents,1.95327350423527,High-high mismatch cluster,1.07684310238979,0.0055,0.023150084317032,High-high mismatch cluster
E01002484,Hillingdon 002E,Hillingdon,children_and_adolescents,1.33561497378813,Not significant,0.703451326738612,0.0346,0.0824454415274463,Not significant
E01002485,Hillingdon 002F,Hillingdon,children_and_adolescents,1.25188476807062,High-high mismatch cluster,0.754617177193979,0.0048,0.0210929577464789,High-high mismatch cluster
E01002486,Hillingdon 028A,Hillingdon,children_and_adolescents,2.6837991133362,High-high mismatch cluster,1.97175962146035,0.0001,0.00156,High-high mismatch cluster
E01002487,Hillingdon 028B,Hillingdon,children_and_adolescents,2.26529036426167,Not significant,1.23869016146543,0.0293,0.0735003015075377,Not significant
E01002488,Hillingdon 030B,Hillingdon,children_and_adolescents,1.88721674134824,High-high mismatch cluster,1.43071981333384,0.0015,0.0096,High-high mismatch cluster
E01002489,Hillingdon 030C,Hillingdon,children_and_adolescents,1.54856130265939,High-high mismatch cluster,1.05604020466882,0.0014,0.00919578947368421,High-high mismatch cluster
E01002490,Hillingdon 030D,Hillingdon,children_and_adolescents,1.76372767481135,High-high mismatch cluster,1.31633647107103,0.0014,0.00919578947368421,High-high mismatch cluster
E01002491,Hillingdon 032D,Hillingdon,children_and_adolescents,2.34687938511267,High-high mismatch cluster,1.84782651237217,0.0008,0.0061724884080371,High-high mismatch cluster
E01002492,Hillingdon 030E,Hillingdon,children_and_adolescents,2.29192127097896,High-high mismatch cluster,1.76814967219845,0.0023,0.0129589164785553,High-high mismatch cluster
E01002493,Hillingdon 032E,Hillingdon,children_and_adolescents,2.78581357581369,High-high mismatch cluster,1.98083622473571,0.0045,0.0202196219621962,High-high mismatch cluster
E01002494,Hillingdon 009C,Hillingdon,children_and_adolescents,1.38755102940077,High-high mismatch cluster,0.781984415918291,0.0007,0.00557320574162679,High-high mismatch cluster
E01002495,Hillingdon 010E,Hillingdon,children_and_adolescents,1.59390015660562,High-high mismatch cluster,0.841796769252983,0.0066,0.0261901430842607,High-high mismatch cluster
E01002496,Hillingdon 033A,Hillingdon,children_and_adolescents,1.97149011583519,High-high mismatch cluster,0.921375073598534,0.0057,0.0236332225913621,High-high mismatch cluster
E01002497,Hillingdon 033B,Hillingdon,children_and_adolescents,0.544402022785227,Not significant,0.260518588144108,0.0208,0.0580400223588597,Not significant
E01002498,Hillingdon 033C,Hillingdon,children_and_adolescents,0.170177381097493,Not significant,0.0758263748074284,0.0692,0.130111638418079,Not significant
E01002499,Hillingdon 033D,Hillingdon,children_and_adolescents,1.310439196662,High-high mismatch cluster,0.94155177499904,0.0003,0.0031661733615222,High-high mismatch cluster
E01002501,Hillingdon 026B,Hillingdon,children_and_adolescents,0.868406068335022,High-high mismatch cluster,0.793298472156018,0.0007,0.00557320574162679,High-high mismatch cluster
E01002502,Hillingdon 026C,Hillingdon,children_and_adolescents,3.40730583662432,High-high mismatch cluster,1.9673236527963,0.0125,0.0407576747224037,High-high mismatch cluster
E01002503,Hillingdon 027C,Hillingdon,children_and_adolescents,1.10048552421793,High-high mismatch cluster,0.877554259695234,0.0003,0.0031661733615222,High-high mismatch cluster
E01002505,Hillingdon 026D,Hillingdon,children_and_adolescents,2.92258529614207,High-high mismatch cluster,2.24471761319276,0.0001,0.00156,High-high mismatch cluster
E01002506,Hillingdon 027E,Hillingdon,children_and_adolescents,2.23696430482144,Not significant,0.986950292755808,0.0513,0.106526455906822,Not significant
E01002507,Hillingdon 027F,Hillingdon,children_and_adolescents,2.47983272579003,High-high mismatch cluster,1.67839893955921,0.0009,0.00673583208395802,High-high mismatch cluster
E01002508,Hillingdon 026E,Hillingdon,children_and_adolescents,2.26199889890986,High-high mismatch cluster,1.85502884443736,0.0002,0.00242330097087379,High-high mismatch cluster
E01002509,Hillingdon 017D,Hillingdon,children_and_adolescents,1.54793834043333,Not significant,0.57750523908484,0.0643,0.124028438948995,Not significant
E01002511,Hillingdon 017E,Hillingdon,children_and_adolescents,1.16886324596492,Not significant,0.244809032410498,0.2522,0.315297370398197,Not significant
E01002512,Hillingdon 013C,Hillingdon,children_and_adolescents,1.38032813172349,Not significant,0.436308397459745,0.1005,0.168694014794889,Not significant
E01002513,Hillingdon 013D,Hillingdon,children_and_adolescents,1.08405595496143,Not significant,0.496240200869297,0.0256,0.0667337859007833,Not significant
E01002514,Hillingdon 015C,Hillingdon,children_and_adolescents,-0.288465458736598,Not significant,-0.00480881944038711,0.4997,0.49980012021639,Not significant
E01002516,Hillingdon 013E,Hillingdon,children_and_adolescents,0.639645803418096,High-high mismatch cluster,0.356382960100371,0.0066,0.0261901430842607,High-high mismatch cluster
E01002518,Hillingdon 022C,Hillingdon,children_and_adolescents,0.554761915428814,Not significant,0.10610139882929,0.2495,0.312862094951017,Not significant
E01002519,Hillingdon 022D,Hillingdon,children_and_adolescents,1.53851552285512,High-high mismatch cluster,0.832143339955019,0.0187,0.0537732718894009,Not significant
E01002520,Hillingdon 016B,Hillingdon,children_and_adolescents,1.04729478622291,Not significant,0.133148572067414,0.3676,0.410527785234899,Not significant
E01002521,Hillingdon 016C,Hillingdon,children_and_adolescents,-1.0448652688454,Not significant,-0.10537987555024,0.374,0.414909397911575,Not significant
E01002523,Hillingdon 016D,Hillingdon,children_and_adolescents,0.652495328608999,Not significant,0.0943994562953063,0.3372,0.385573986718571,Not significant
E01002525,Hillingdon 029B,Hillingdon,children_and_adolescents,1.53020055671842,High-high mismatch cluster,0.803066162621912,0.0136,0.0431603305785124,High-high mismatch cluster
E01002526,Hillingdon 028C,Hillingdon,children_and_adolescents,1.17208014835665,High-high mismatch cluster,0.963835790364604,0.0002,0.00242330097087379,High-high mismatch cluster
E01002527,Hillingdon 031D,Hillingdon,children_and_adolescents,1.07704174982734,Not significant,0.49520642037602,0.06,0.118434163701068,Not significant
E01002528,Hillingdon 028D,Hillingdon,children_and_adolescents,2.19919051483334,High-high mismatch cluster,2.08586789015369,0.0001,0.00156,High-high mismatch cluster
E01002529,Hillingdon 029C,Hillingdon,children_and_adolescents,1.21827691879814,High-high mismatch cluster,0.686317091098753,0.004,0.0189270142180095,High-high mismatch cluster
E01002530,Hillingdon 029D,Hillingdon,children_and_adolescents,1.9638114116962,High-high mismatch cluster,1.47782685421288,0.0013,0.00879349593495935,High-high mismatch cluster
E01002531,Hillingdon 029E,Hillingdon,children_and_adolescents,-0.149972705008729,Not significant,-0.0682507215955251,0.0651,0.125088221709007,Not significant
E01002533,Hillingdon 005A,Hillingdon,children_and_adolescents,2.52149734646791,Not significant,1.04601632919379,0.0586,0.116546294820717,Not significant
E01002534,Hillingdon 005B,Hillingdon,children_and_adolescents,1.15562749592151,Not significant,0.494715780211879,0.052,0.107399255275134,Not significant
E01002535,Hillingdon 007E,Hillingdon,children_and_adolescents,-0.389920251915194,Not significant,-0.145048866507072,0.0534,0.109161670761671,Not significant
E01002536,Hillingdon 009D,Hillingdon,children_and_adolescents,2.44999159355726,Not significant,0.923851912997532,0.0615,0.12034809878479,Not significant
E01002537,Hillingdon 009E,Hillingdon,children_and_adolescents,1.08372485904455,Not significant,0.43357985710607,0.0492,0.103762737642586,Not significant
E01002538,Hillingdon 005C,Hillingdon,children_and_adolescents,1.46936221078777,High-high mismatch cluster,0.722833446619077,0.0222,0.0608245883644347,Not significant
E01002539,Hillingdon 005D,Hillingdon,children_and_adolescents,-0.0277613914538047,Not significant,-0.0106027813193287,0.0821,0.146111657754011,Not significant
E01002540,Hillingdon 020C,Hillingdon,children_and_adolescents,1.61499981833924,High-high mismatch cluster,1.35202333355509,0.0002,0.00242330097087379,High-high mismatch cluster
E01002541,Hillingdon 023A,Hillingdon,children_and_adolescents,1.43712598471527,High-high mismatch cluster,1.10444895277219,0.0001,0.00156,High-high mismatch cluster
E01002542,Hillingdon 020D,Hillingdon,children_and_adolescents,2.59627887989788,High-high mismatch cluster,1.75673227335404,0.0044,0.0200226071103008,High-high mismatch cluster
E01002543,Hillingdon 020E,Hillingdon,children_and_adolescents,1.9960238538232,High-high mismatch cluster,1.72180120296205,0.0001,0.00156,High-high mismatch cluster
E01002544,Hillingdon 023B,Hillingdon,children_and_adolescents,2.33315458903907,High-high mismatch cluster,1.72393179760211,0.0018,0.0108129963898917,High-high mismatch cluster
E01002545,Hillingdon 023C,Hillingdon,children_and_adolescents,3.34870181672653,High-high mismatch cluster,3.20525222952474,0.0001,0.00156,High-high mismatch cluster
E01002546,Hillingdon 023D,Hillingdon,children_and_adolescents,3.26978722319491,High-high mismatch cluster,3.30006950506384,0.0001,0.00156,High-high mismatch cluster
E01002547,Hillingdon 023E,Hillingdon,children_and_adolescents,3.65558263095253,High-high mismatch cluster,3.36306132459485,0.0001,0.00156,High-high mismatch cluster
E01002548,Hillingdon 025A,Hillingdon,children_and_adolescents,3.94471054763341,High-high mismatch cluster,2.16835457485223,0.0016,0.010097597977244,High-high mismatch cluster
E01002549,Hillingdon 025B,Hillingdon,children_and_adolescents,1.59382239496325,High-high mismatch cluster,1.15435681380811,0.0005,0.00447311827956989,High-high mismatch cluster
E01002550,Hillingdon 022E,Hillingdon,children_and_adolescents,1.80340258232155,High-high mismatch cluster,1.05982335965195,0.0045,0.0202196219621962,High-high mismatch cluster
E01002551,Hillingdon 025C,Hillingdon,children_and_adolescents,1.54725944023126,High-high mismatch cluster,1.16346946160825,0.0015,0.0096,High-high mismatch cluster
E01002552,Hillingdon 025D,Hillingdon,children_and_adolescents,1.52008090247519,High-high mismatch cluster,1.0501505433152,0.003,0.0155837669094693,High-high mismatch cluster
E01002553,Hillingdon 025E,Hillingdon,children_and_adolescents,1.63516063173406,High-high mismatch cluster,1.3587576978855,0.0018,0.0108129963898917,High-high mismatch cluster
E01002555,Hounslow 022A,Hounslow,children_and_adolescents,1.74655278832349,High-high mismatch cluster,1.47515047925022,0.0005,0.00447311827956989,High-high mismatch cluster
E01002556,Hounslow 022B,Hounslow,children_and_adolescents,1.81986442157984,High-high mismatch cluster,1.36891022317976,0.0014,0.00919578947368421,High-high mismatch cluster
E01002557,Hounslow 023A,Hounslow,children_and_adolescents,2.73979458782477,High-high mismatch cluster,2.02108187127297,0.0044,0.0200226071103008,High-high mismatch cluster
E01002558,Hounslow 023B,Hounslow,children_and_adolescents,2.39286974097274,High-high mismatch cluster,1.38993550820445,0.0062,0.0250813614262561,High-high mismatch cluster
E01002559,Hounslow 023C,Hounslow,children_and_adolescents,2.15151556173767,High-high mismatch cluster,1.22295920792473,0.0046,0.0204845673505798,High-high mismatch cluster
E01002560,Hounslow 023D,Hounslow,children_and_adolescents,-0.0498371865777076,Low-high spatial outlier,-0.0296866402899104,0.0043,0.0197839631336406,Low-high spatial outlier
E01002561,Hounslow 023E,Hounslow,children_and_adolescents,1.90875015243669,Not significant,0.824615192842825,0.1047,0.173584324144802,Not significant
E01002562,Hounslow 030D,Hounslow,children_and_adolescents,1.16988909457169,Not significant,-0.0658993393950224,0.381,0.419579086697551,Not significant
E01002563,Hounslow 006A,Hounslow,children_and_adolescents,0.511560255167172,Not significant,0.0313188567805971,0.408,0.437725338491296,Not significant
E01002564,Hounslow 031E,Hounslow,children_and_adolescents,0.747436408229302,Not significant,0.035036418670293,0.4387,0.459599244491081,Not significant
E01002565,Hounslow 006B,Hounslow,children_and_adolescents,0.673809151514439,Not significant,0.0178441136221429,0.466,0.477968358331621,Not significant
E01002567,Hounslow 006C,Hounslow,children_and_adolescents,-1.07831182858295,Not significant,0.0547363944554752,0.4168,0.444112187833511,Not significant
E01002569,Hounslow 001A,Hounslow,children_and_adolescents,0.328836129976414,Not significant,-0.0253018151382882,0.3709,0.412590467706013,Not significant
E01002570,Hounslow 001B,Hounslow,children_and_adolescents,-0.775776702715873,Not significant,0.191789693055559,0.166,0.236628212450029,Not significant
E01002571,Hounslow 007A,Hounslow,children_and_adolescents,0.439582429999384,Not significant,0.0700582720611148,0.2729,0.332434553440703,Not significant
E01002572,Hounslow 007B,Hounslow,children_and_adolescents,1.72016456929392,Not significant,0.679605800890507,0.1329,0.203258823529412,Not significant
E01002573,Hounslow 001C,Hounslow,children_and_adolescents,-0.572906046359774,Not significant,0.187943936057009,0.0662,0.126372508591065,Not significant
E01002574,Hounslow 001D,Hounslow,children_and_adolescents,0.192139415921679,Not significant,-0.0412720284666413,0.1787,0.248280100194823,Not significant
E01002575,Hounslow 001E,Hounslow,children_and_adolescents,0.247239358748272,Not significant,-0.0169769987648185,0.384,0.421673559172899,Not significant
E01002576,Hounslow 008A,Hounslow,children_and_adolescents,0.253970604708448,Not significant,0.0367960274896532,0.3103,0.363533818352499,Not significant
E01002577,Hounslow 007C,Hounslow,children_and_adolescents,-0.140883858415644,Not significant,-0.00856732556456841,0.4151,0.442867963240009,Not significant
E01002578,Hounslow 007D,Hounslow,children_and_adolescents,1.47781451388107,Not significant,0.389865655276788,0.1658,0.236478171428571,Not significant
E01002579,Hounslow 008B,Hounslow,children_and_adolescents,1.2264524937051,Not significant,0.503926741367303,0.0834,0.147792971246006,Not significant
E01002580,Hounslow 008C,Hounslow,children_and_adolescents,-0.680805983999839,Not significant,0.00601334645818298,0.4743,0.483205224489796,Not significant
E01002581,Hounslow 008D,Hounslow,children_and_adolescents,-0.197361368640845,Not significant,0.0108335099217585,0.4038,0.434714168643519,Not significant
E01002582,Hounslow 008E,Hounslow,children_and_adolescents,0.90769590936137,Not significant,-0.0596548911278088,0.3918,0.427231454783748,Not significant
E01002583,Hounslow 013A,Hounslow,children_and_adolescents,0.797463782303507,High-high mismatch cluster,0.509706895905135,0.0032,0.016350460593654,High-high mismatch cluster
E01002584,Hounslow 013B,Hounslow,children_and_adolescents,0.310933626121338,Not significant,0.171214254686404,0.05,0.104829903401932,Not significant
E01002585,Hounslow 013C,Hounslow,children_and_adolescents,1.45965428684453,Not significant,0.6672298356467,0.0431,0.0952435590969455,Not significant
E01002586,Hounslow 013D,Hounslow,children_and_adolescents,1.70306118938955,Not significant,0.700186822029513,0.0461,0.0995377162629758,Not significant
E01002587,Hounslow 016A,Hounslow,children_and_adolescents,0.992045440051537,Not significant,0.399294653334948,0.0469,0.100742168674699,Not significant
E01002588,Hounslow 016B,Hounslow,children_and_adolescents,1.19194095406267,Not significant,0.567775231152242,0.0543,0.110413686354379,Not significant
E01002589,Hounslow 013E,Hounslow,children_and_adolescents,0.899355545091722,High-high mismatch cluster,0.578251825504138,0.0004,0.00385482625482626,High-high mismatch cluster
E01002590,Hounslow 022C,Hounslow,children_and_adolescents,0.835474707777515,High-high mismatch cluster,0.401942316698438,0.0094,0.0332564138908576,High-high mismatch cluster
E01002591,Hounslow 024A,Hounslow,children_and_adolescents,1.68641014613161,High-high mismatch cluster,1.26518372006334,0.0119,0.0393409271523179,High-high mismatch cluster
E01002592,Hounslow 022D,Hounslow,children_and_adolescents,2.71309144206216,High-high mismatch cluster,1.57315636733755,0.0026,0.0139711517761033,High-high mismatch cluster
E01002593,Hounslow 024B,Hounslow,children_and_adolescents,0.160679523463984,High-high mismatch cluster,0.0829719711526247,0.01,0.034787456445993,High-high mismatch cluster
E01002594,Hounslow 024C,Hounslow,children_and_adolescents,1.97094904188861,High-high mismatch cluster,1.17139562575221,0.005,0.0216854908774978,High-high mismatch cluster
E01002595,Hounslow 022E,Hounslow,children_and_adolescents,2.28688603306236,Not significant,1.19186340486864,0.0346,0.0824454415274463,Not significant
E01002596,Hounslow 027A,Hounslow,children_and_adolescents,1.33597457796731,Not significant,0.439191673682806,0.0577,0.11521536,Not significant
E01002598,Hounslow 025B,Hounslow,children_and_adolescents,0.502489257992786,Not significant,0.117600239323968,0.1223,0.192169216241737,Not significant
E01002599,Hounslow 025C,Hounslow,children_and_adolescents,0.172799115011681,Not significant,0.0621636305422195,0.0893,0.155271891327064,Not significant
E01002600,Hounslow 025D,Hounslow,children_and_adolescents,0.793086536116941,Not significant,0.201927182169915,0.2155,0.283995776135164,Not significant
E01002601,Hounslow 027B,Hounslow,children_and_adolescents,0.690931830464074,Not significant,0.3300301393152,0.0206,0.0577077441077441,Not significant
E01002602,Hounslow 027C,Hounslow,children_and_adolescents,2.82649728458917,Not significant,0.666393900845205,0.2602,0.321594057935132,Not significant
E01002603,Hounslow 025E,Hounslow,children_and_adolescents,0.806767813560796,Not significant,0.220966314432019,0.1607,0.230919516407599,Not significant
E01002604,Hounslow 026A,Hounslow,children_and_adolescents,2.21353455279665,Not significant,1.24432881237513,0.0264,0.0681079069767442,Not significant
E01002605,Hounslow 026B,Hounslow,children_and_adolescents,2.48089742764996,High-high mismatch cluster,1.56823330529583,0.0013,0.00879349593495935,High-high mismatch cluster
E01002606,Hounslow 026C,Hounslow,children_and_adolescents,1.13651620801899,High-high mismatch cluster,0.820763164911921,0.0018,0.0108129963898917,High-high mismatch cluster
E01002607,Hounslow 026D,Hounslow,children_and_adolescents,1.78553178916626,High-high mismatch cluster,0.997087257696459,0.0033,0.0166232088799193,High-high mismatch cluster
E01002608,Hounslow 028A,Hounslow,children_and_adolescents,1.7967806303758,High-high mismatch cluster,0.991655137896186,0.0156,0.0475718998167379,High-high mismatch cluster
E01002609,Hounslow 028B,Hounslow,children_and_adolescents,2.21469257311457,Not significant,1.00552084940062,0.0277,0.070406517311609,Not significant
E01002610,Hounslow 028C,Hounslow,children_and_adolescents,1.19169998011852,High-high mismatch cluster,0.505637722715333,0.0149,0.0459992578849722,High-high mismatch cluster
E01002611,Hounslow 024D,Hounslow,children_and_adolescents,0.983914051835888,High-high mismatch cluster,0.540040836137901,0.0024,0.013312,High-high mismatch cluster
E01002612,Hounslow 024E,Hounslow,children_and_adolescents,-0.643275659545944,Not significant,-0.19629830650818,0.113,0.182614438329557,Not significant
E01002613,Hounslow 024F,Hounslow,children_and_adolescents,1.90179656996822,Not significant,0.972543268404045,0.0637,0.123347711404189,Not significant
E01002614,Hounslow 027D,Hounslow,children_and_adolescents,0.453975942990188,Not significant,0.128896870438013,0.1072,0.176371945999341,Not significant
E01002615,Hounslow 026E,Hounslow,children_and_adolescents,1.29957924272943,Not significant,0.544549049617675,0.0214,0.0590867256637168,Not significant
E01002616,Hounslow 027E,Hounslow,children_and_adolescents,-0.00633407182485041,Not significant,-0.00281157280508362,0.0561,0.112651327433628,Not significant
E01002617,Hounslow 028D,Hounslow,children_and_adolescents,1.47660639914342,Not significant,0.659960231612843,0.0653,0.125376,Not significant
E01002618,Hounslow 011A,Hounslow,children_and_adolescents,1.50772643321432,Not significant,0.687325932002494,0.0426,0.0945992882562278,Not significant
E01002619,Hounslow 010A,Hounslow,children_and_adolescents,0.450115860219877,Not significant,0.192183749423457,0.0398,0.0906807850296668,Not significant
E01002620,Hounslow 004A,Hounslow,children_and_adolescents,2.33921380163112,Not significant,0.649399118318582,0.1359,0.206455508216677,Not significant
E01002621,Hounslow 011B,Hounslow,children_and_adolescents,1.53504518677978,Not significant,0.462938117649672,0.1134,0.182964705882353,Not significant
E01002622,Hounslow 010B,Hounslow,children_and_adolescents,0.813434578397621,Not significant,0.315928047728497,0.0405,0.0917313974591652,Not significant
E01002623,Hounslow 011C,Hounslow,children_and_adolescents,0.308103220553808,Not significant,0.138843330532577,0.047,0.100826815642458,Not significant
E01002624,Hounslow 017A,Hounslow,children_and_adolescents,1.67400308301782,Not significant,0.289490556813271,0.2316,0.29766920700309,Not significant
E01002625,Hounslow 004B,Hounslow,children_and_adolescents,0.557233948173368,High-high mismatch cluster,0.313838238645213,0.0022,0.0125084282460137,High-high mismatch cluster
E01002626,Hounslow 004C,Hounslow,children_and_adolescents,0.407057697895218,Not significant,0.136392940705282,0.07,0.131220428088622,Not significant
E01002627,Hounslow 004D,Hounslow,children_and_adolescents,2.52704871210412,Not significant,0.455080675411095,0.2879,0.344651510791367,Not significant
E01002628,Hounslow 011D,Hounslow,children_and_adolescents,1.41339101178131,High-high mismatch cluster,0.693191957164824,0.0114,0.0381426273458445,High-high mismatch cluster
E01002629,Hounslow 011E,Hounslow,children_and_adolescents,0.796801458941931,Not significant,0.0549939185258035,0.3986,0.431717157712305,Not significant
E01002630,Hounslow 012A,Hounslow,children_and_adolescents,0.0748754611262173,Not significant,0.0167443437819278,0.2103,0.278614012738853,Not significant
E01002631,Hounslow 004E,Hounslow,children_and_adolescents,2.29133946309448,High-high mismatch cluster,1.87537108216116,0.0009,0.00673583208395802,High-high mismatch cluster
E01002632,Hounslow 010C,Hounslow,children_and_adolescents,0.0829579541127937,High-high mismatch cluster,0.0583741482655091,0.0026,0.0139711517761033,High-high mismatch cluster
E01002633,Hounslow 005A,Hounslow,children_and_adolescents,3.43762440650783,High-high mismatch cluster,3.04246029425823,0.0002,0.00242330097087379,High-high mismatch cluster
E01002634,Hounslow 005B,Hounslow,children_and_adolescents,3.73578749598702,High-high mismatch cluster,3.81295057691924,0.0002,0.00242330097087379,High-high mismatch cluster
E01002635,Hounslow 010D,Hounslow,children_and_adolescents,1.37790980882328,High-high mismatch cluster,0.963497572532131,0.001,0.00731964809384164,High-high mismatch cluster
E01002636,Hounslow 010E,Hounslow,children_and_adolescents,1.74631000087434,High-high mismatch cluster,1.17695487727618,0.0018,0.0108129963898917,High-high mismatch cluster
E01002637,Hounslow 005C,Hounslow,children_and_adolescents,2.02282871460213,High-high mismatch cluster,1.85669803375504,0.0001,0.00156,High-high mismatch cluster
E01002638,Hounslow 005D,Hounslow,children_and_adolescents,4.26485944568825,High-high mismatch cluster,3.15642186577622,0.0002,0.00242330097087379,High-high mismatch cluster
E01002639,Hounslow 012B,Hounslow,children_and_adolescents,0.511758601828464,Not significant,0.137258975800472,0.1426,0.213067704280156,Not significant
E01002640,Hounslow 012C,Hounslow,children_and_adolescents,-0.302436032818309,Not significant,-0.0566142340805008,0.2324,0.298313396760093,Not significant
E01002641,Hounslow 018A,Hounslow,children_and_adolescents,-0.531057801409919,Not significant,-0.0265659199122512,0.4555,0.471460916442049,Not significant
E01002643,Hounslow 015B,Hounslow,children_and_adolescents,0.797625848120183,Not significant,0.317643747412564,0.0506,0.105644165621079,Not significant
E01002645,Hounslow 015C,Hounslow,children_and_adolescents,-0.174703363110118,Not significant,-0.053074855345487,0.1315,0.201735709895513,Not significant
E01002646,Hounslow 017B,Hounslow,children_and_adolescents,1.12834769928721,High-high mismatch cluster,0.604369778933745,0.0118,0.0391399335548173,High-high mismatch cluster
E01002647,Hounslow 021A,Hounslow,children_and_adolescents,1.56368194858908,High-high mismatch cluster,0.984892302278755,0.0064,0.0256205292702486,High-high mismatch cluster
E01002649,Hounslow 018D,Hounslow,children_and_adolescents,2.12945482571409,Not significant,0.786959075952968,0.0691,0.130111638418079,Not significant
E01002650,Hounslow 021B,Hounslow,children_and_adolescents,3.01436193393248,High-high mismatch cluster,1.70016527509262,0.0005,0.00447311827956989,High-high mismatch cluster
E01002651,Hounslow 021C,Hounslow,children_and_adolescents,1.21972777665502,High-high mismatch cluster,0.690315116973561,0.0141,0.0443244332493703,High-high mismatch cluster
E01002652,Hounslow 021D,Hounslow,children_and_adolescents,0.994499138685504,High-high mismatch cluster,0.624484250952904,0.0032,0.016350460593654,High-high mismatch cluster
E01002653,Hounslow 019A,Hounslow,children_and_adolescents,1.05870529126129,Not significant,0.21599054502327,0.2367,0.301507119163052,Not significant
E01002654,Hounslow 019B,Hounslow,children_and_adolescents,1.19176575317889,Not significant,0.433414068259681,0.0559,0.112566680112949,Not significant
E01002655,Hounslow 019C,Hounslow,children_and_adolescents,0.428954343928881,Not significant,0.117294634408784,0.0981,0.165780365605958,Not significant
E01002656,Hounslow 019D,Hounslow,children_and_adolescents,1.03538042795596,Not significant,0.335716899828918,0.1443,0.215028537313433,Not significant
E01002657,Hounslow 018E,Hounslow,children_and_adolescents,0.404740976499722,Not significant,0.170905955099451,0.0305,0.0756739562624255,Not significant
E01002658,Hounslow 015D,Hounslow,children_and_adolescents,1.69786121320071,Not significant,0.469551784617212,0.1398,0.210713043478261,Not significant
E01002659,Hounslow 019E,Hounslow,children_and_adolescents,0.724317468930626,Not significant,0.288702413212322,0.0386,0.0887977880184332,Not significant
E01002660,Hounslow 016C,Hounslow,children_and_adolescents,0.50778840007455,Not significant,0.170461377732127,0.1147,0.184465979381443,Not significant
E01002661,Hounslow 016D,Hounslow,children_and_adolescents,0.664050410540559,Not significant,0.254588669669744,0.0616,0.120449353701528,Not significant
E01002662,Hounslow 017C,Hounslow,children_and_adolescents,-0.899977066314266,Not significant,-0.286405000673727,0.073,0.135018895887366,Not significant
E01002663,Hounslow 017D,Hounslow,children_and_adolescents,0.28345860169572,Not significant,0.0923282142085629,0.0982,0.165893197969543,Not significant
E01002665,Hounslow 016E,Hounslow,children_and_adolescents,0.61592161426614,Not significant,0.325852533535449,0.0234,0.0629718598382749,Not significant
E01002666,Hounslow 021E,Hounslow,children_and_adolescents,1.21639212946677,Not significant,0.522901803697462,0.0526,0.108235449299258,Not significant
E01002667,Hounslow 020A,Hounslow,children_and_adolescents,-0.651815849142887,Not significant,-0.164387218243496,0.1223,0.192169216241737,Not significant
E01002668,Hounslow 014A,Hounslow,children_and_adolescents,-0.475448898270365,Not significant,-0.146919712130211,0.1284,0.19841385709867,Not significant
E01002669,Hounslow 014B,Hounslow,children_and_adolescents,1.53306874246268,Not significant,0.366029082032096,0.231,0.297357400722022,Not significant
E01002670,Hounslow 020B,Hounslow,children_and_adolescents,0.586892127389701,Not significant,0.221531459485711,0.029,0.0730413723511604,Not significant
E01002671,Hounslow 020C,Hounslow,children_and_adolescents,0.350103593400465,Not significant,0.0966864563537463,0.1368,0.20757009118541,Not significant
E01002672,Hounslow 020D,Hounslow,children_and_adolescents,1.52323831258066,Not significant,0.718061761768242,0.0248,0.0651930489731438,Not significant
E01002673,Hounslow 020E,Hounslow,children_and_adolescents,3.4228019699003,Not significant,1.36156792823492,0.1921,0.261155555555556,Not significant
E01002674,Hounslow 012D,Hounslow,children_and_adolescents,1.97635637686877,Not significant,0.304285849496459,0.2828,0.340259725234996,Not significant
E01002675,Hounslow 009A,Hounslow,children_and_adolescents,0.8297377074488,Not significant,0.208464886742889,0.1629,0.233610112036771,Not significant
E01002676,Hounslow 012E,Hounslow,children_and_adolescents,-0.00671223097238727,Not significant,-0.00264892636111552,0.0457,0.0988879063719116,Not significant
E01002677,Hounslow 015E,Hounslow,children_and_adolescents,0.892424871281675,Not significant,0.380120453755797,0.0262,0.0676968944099379,Not significant
E01002678,Hounslow 009B,Hounslow,children_and_adolescents,0.0973934683865254,Not significant,0.0222604904986637,0.0962,0.163343673469388,Not significant
E01002679,Hounslow 009C,Hounslow,children_and_adolescents,0.96916951496309,Not significant,0.122763598251275,0.2997,0.354862998102467,Not significant
E01002680,Hounslow 009D,Hounslow,children_and_adolescents,0.18119492106753,Not significant,0.051701397154221,0.1482,0.218898166765228,Not significant
E01002681,Hounslow 014C,Hounslow,children_and_adolescents,0.544535031047485,Not significant,0.109642516804089,0.2686,0.329285658153242,Not significant
E01002682,Hounslow 014D,Hounslow,children_and_adolescents,0.362515607673716,Not significant,0.11636732429484,0.0995,0.167353099730458,Not significant
E01002686,Hounslow 006E,Hounslow,children_and_adolescents,1.92312484836151,Not significant,-0.0507849135288903,0.4552,0.471345861854387,Not significant
E01002687,Hounslow 029A,Hounslow,children_and_adolescents,-1.54720642681139,Not significant,0.258733408040433,0.2433,0.306937983320698,Not significant
E01002689,Hounslow 007E,Hounslow,children_and_adolescents,-1.007920988782,Not significant,0.33758487957408,0.1414,0.212227540589296,Not significant
E01002690,Hounslow 007F,Hounslow,children_and_adolescents,0.0142327665876207,High-low spatial outlier,-0.00753759655790358,0.0176,0.0514699472759227,Not significant
E01002691,Hounslow 029B,Hounslow,children_and_adolescents,-0.244961998894087,Not significant,-0.00964530386579744,0.4586,0.473295679139963,Not significant
E01002692,Hounslow 029C,Hounslow,children_and_adolescents,-0.606153909414022,Not significant,0.0780849053770048,0.2596,0.321090981169475,Not significant
E01002693,Hounslow 029D,Hounslow,children_and_adolescents,-3.11770495438155,Low-low surplus cluster,1.5732551653284,0.0257,0.0668896767466111,Not significant
E01002694,Islington 019A,Islington,children_and_adolescents,-1.38208694103709,Low-low surplus cluster,1.53949067829308,0.0002,0.00242330097087379,Low-low surplus cluster
E01002695,Islington 021A,Islington,children_and_adolescents,-3.62396987143011,Low-low surplus cluster,3.79673806265263,0.0003,0.0031661733615222,Low-low surplus cluster
E01002696,Islington 020A,Islington,children_and_adolescents,-3.35631328832659,Low-low surplus cluster,3.37032954760254,0.0001,0.00156,Low-low surplus cluster
E01002697,Islington 019B,Islington,children_and_adolescents,-2.7598339773321,Low-low surplus cluster,3.09347038220461,0.0001,0.00156,Low-low surplus cluster
E01002698,Islington 017A,Islington,children_and_adolescents,-2.73222293816755,Low-low surplus cluster,2.71575927374332,0.0001,0.00156,Low-low surplus cluster
E01002699,Islington 017B,Islington,children_and_adolescents,-2.49547589631183,Low-low surplus cluster,2.43407548203037,0.0006,0.0050255033557047,Low-low surplus cluster
E01002700,Islington 017C,Islington,children_and_adolescents,-2.14522220452815,Low-low surplus cluster,2.21311867892893,0.0002,0.00242330097087379,Low-low surplus cluster
E01002701,Islington 023A,Islington,children_and_adolescents,-3.49727526434443,Low-low surplus cluster,3.73473085409515,0.0001,0.00156,Low-low surplus cluster
E01002702,Islington 023B,Islington,children_and_adolescents,-2.03146276013214,Low-low surplus cluster,2.09632168844605,0.0001,0.00156,Low-low surplus cluster
E01002703,Islington 023C,Islington,children_and_adolescents,-2.30994303871777,Low-low surplus cluster,2.50391651917152,0.0002,0.00242330097087379,Low-low surplus cluster
E01002704,Islington 023D,Islington,children_and_adolescents,-3.00627210917966,Low-low surplus cluster,4.29116379053532,0.0001,0.00156,Low-low surplus cluster
E01002706,Islington 023E,Islington,children_and_adolescents,-2.65707910773216,Low-low surplus cluster,3.26117104261503,0.0001,0.00156,Low-low surplus cluster
E01002707,Islington 022B,Islington,children_and_adolescents,-2.83855771455567,Low-low surplus cluster,2.84706033013928,0.0002,0.00242330097087379,Low-low surplus cluster
E01002708,Islington 015A,Islington,children_and_adolescents,-1.87894021828186,Low-low surplus cluster,1.32403053145618,0.0008,0.0061724884080371,Low-low surplus cluster
E01002709,Islington 019C,Islington,children_and_adolescents,-3.21293740313075,Low-low surplus cluster,3.00851291720029,0.0006,0.0050255033557047,Low-low surplus cluster
E01002710,Islington 019D,Islington,children_and_adolescents,-2.87808505920544,Low-low surplus cluster,3.00311773052504,0.0001,0.00156,Low-low surplus cluster
E01002711,Islington 021B,Islington,children_and_adolescents,-3.93607252001362,Low-low surplus cluster,4.0055944075105,0.0001,0.00156,Low-low surplus cluster
E01002712,Islington 015B,Islington,children_and_adolescents,-1.92690521367343,Low-low surplus cluster,1.82266342817345,0.0001,0.00156,Low-low surplus cluster
E01002713,Islington 015C,Islington,children_and_adolescents,-2.2541464736315,Low-low surplus cluster,1.98765913628641,0.0003,0.0031661733615222,Low-low surplus cluster
E01002714,Islington 017D,Islington,children_and_adolescents,-3.56487666903501,Low-low surplus cluster,3.27726611115924,0.0004,0.00385482625482626,Low-low surplus cluster
E01002715,Islington 019E,Islington,children_and_adolescents,-1.72752974128459,Low-low surplus cluster,1.72430751992739,0.0017,0.0105421118012422,Low-low surplus cluster
E01002716,Islington 014A,Islington,children_and_adolescents,-2.21650729213301,Low-low surplus cluster,1.4173998325423,0.0065,0.0259169329073482,Low-low surplus cluster
E01002717,Islington 016A,Islington,children_and_adolescents,-0.919606992316545,Low-low surplus cluster,0.572099942344526,0.0144,0.0448159600997506,Low-low surplus cluster
E01002718,Islington 014B,Islington,children_and_adolescents,-2.1360188771716,Low-low surplus cluster,1.31517262985689,0.0173,0.0508308416715715,Not significant
E01002719,Islington 016B,Islington,children_and_adolescents,-1.8393567665515,Low-low surplus cluster,1.46669749013809,0.0002,0.00242330097087379,Low-low surplus cluster
E01002720,Islington 016C,Islington,children_and_adolescents,-0.499469346994134,Low-low surplus cluster,0.40567805989942,0.0004,0.00385482625482626,Low-low surplus cluster
E01002721,Islington 014C,Islington,children_and_adolescents,-1.93986633551154,Low-low surplus cluster,1.57168095104882,0.0008,0.0061724884080371,Low-low surplus cluster
E01002722,Islington 018A,Islington,children_and_adolescents,-2.20375636992633,Low-low surplus cluster,1.73198306567348,0.0184,0.0531863346844239,Not significant
E01002723,Islington 022C,Islington,children_and_adolescents,-2.03356621482136,Low-low surplus cluster,2.24874987504099,0.0002,0.00242330097087379,Low-low surplus cluster
E01002724,Islington 022D,Islington,children_and_adolescents,-4.11528391498479,Low-low surplus cluster,5.4891802183624,0.0001,0.00156,Low-low surplus cluster
E01002725,Islington 022E,Islington,children_and_adolescents,-2.11870696431956,Low-low surplus cluster,2.60138971392337,0.0001,0.00156,Low-low surplus cluster
E01002726,Islington 022F,Islington,children_and_adolescents,-2.73569381560238,Low-low surplus cluster,3.51789708254772,0.0001,0.00156,Low-low surplus cluster
E01002727,Islington 021C,Islington,children_and_adolescents,-3.35170328331796,Low-low surplus cluster,3.65511436797506,0.0001,0.00156,Low-low surplus cluster
E01002728,Islington 021D,Islington,children_and_adolescents,-3.03733857633951,Low-low surplus cluster,3.78104546219312,0.0001,0.00156,Low-low surplus cluster
E01002729,Islington 021E,Islington,children_and_adolescents,-3.38424956298607,Low-low surplus cluster,3.79193555041339,0.0002,0.00242330097087379,Low-low surplus cluster
E01002730,Islington 007A,Islington,children_and_adolescents,-2.8738472063472,Low-low surplus cluster,2.39203652797012,0.0021,0.012105311778291,Low-low surplus cluster
E01002732,Islington 005A,Islington,children_and_adolescents,-1.46223820708671,Low-low surplus cluster,0.74682610479428,0.0111,0.0373642616318274,Low-low surplus cluster
E01002733,Islington 007C,Islington,children_and_adolescents,-2.11365322658967,Low-low surplus cluster,1.56258677551438,0.0034,0.0170068136272545,Low-low surplus cluster
E01002734,Islington 005B,Islington,children_and_adolescents,-0.64719241247047,Low-low surplus cluster,0.401359677236101,0.0066,0.0261901430842607,Low-low surplus cluster
E01002735,Islington 003A,Islington,children_and_adolescents,-2.47763372054766,Low-low surplus cluster,1.65241652352154,0.0025,0.0136542669584245,Low-low surplus cluster
E01002736,Islington 005C,Islington,children_and_adolescents,-0.8566819602927,Not significant,0.434106651669912,0.0592,0.117599044966176,Not significant
E01002737,Islington 005D,Islington,children_and_adolescents,-0.784753758927142,Low-low surplus cluster,0.51102342071265,0.0068,0.0267709779179811,Low-low surplus cluster
E01002738,Islington 009A,Islington,children_and_adolescents,-1.67430579069155,Low-low surplus cluster,1.15665353997959,0.0048,0.0210929577464789,Low-low surplus cluster
E01002739,Islington 013A,Islington,children_and_adolescents,-1.84627427222699,Low-low surplus cluster,1.23051562708083,0.0025,0.0136542669584245,Low-low surplus cluster
E01002740,Islington 013B,Islington,children_and_adolescents,-1.92673645967058,Low-low surplus cluster,1.54087238614153,0.0013,0.00879349593495935,Low-low surplus cluster
E01002741,Islington 009B,Islington,children_and_adolescents,-0.486059134154104,Not significant,0.211562989486952,0.0617,0.120503286384977,Not significant
E01002742,Islington 006A,Islington,children_and_adolescents,-0.979750245558942,Low-low surplus cluster,0.468545600132061,0.0235,0.0630709677419355,Not significant
E01002743,Islington 009C,Islington,children_and_adolescents,-0.901041995444939,Low-low surplus cluster,0.491810782112656,0.0089,0.0321249457700651,Low-low surplus cluster
E01002744,Islington 009D,Islington,children_and_adolescents,-2.35261493103315,Low-low surplus cluster,1.21838591739819,0.0246,0.0647696202531646,Not significant
E01002745,Islington 013C,Islington,children_and_adolescents,-1.90604535061015,Low-low surplus cluster,1.14186294852736,0.0116,0.0385790806129247,Low-low surplus cluster
E01002747,Islington 006B,Islington,children_and_adolescents,-1.16967335322781,Not significant,0.465592947522144,0.0642,0.1239313225058,Not significant
E01002748,Islington 006C,Islington,children_and_adolescents,-0.468735589638203,Low-low surplus cluster,0.224093651788155,0.024,0.064,Not significant
E01002749,Islington 006D,Islington,children_and_adolescents,-0.656551300616182,Not significant,0.319875895604744,0.0422,0.0942139534883721,Not significant
E01002751,Islington 005E,Islington,children_and_adolescents,-1.96317863094411,Low-low surplus cluster,1.62471210993382,0.0048,0.0210929577464789,Low-low surplus cluster
E01002752,Islington 009E,Islington,children_and_adolescents,-1.52707885219315,Low-low surplus cluster,0.832874926306309,0.018,0.0523941690962099,Not significant
E01002753,Islington 002A,Islington,children_and_adolescents,-2.19514347010664,Low-low surplus cluster,1.75745191147779,0.0014,0.00919578947368421,Low-low surplus cluster
E01002754,Islington 002B,Islington,children_and_adolescents,-1.04897257087359,Low-low surplus cluster,0.630427000106621,0.0122,0.0400673684210526,Low-low surplus cluster
E01002755,Islington 001A,Islington,children_and_adolescents,-1.60211901358969,Not significant,0.537902947561293,0.1176,0.187498946023635,Not significant
E01002756,Islington 001B,Islington,children_and_adolescents,-1.53309249341907,Not significant,0.503074812217041,0.0968,0.164250713800136,Not significant
E01002757,Islington 002C,Islington,children_and_adolescents,-0.0478210894734117,Not significant,0.0204312056880903,0.0522,0.10767867768595,Not significant
E01002758,Islington 001C,Islington,children_and_adolescents,0.142175663306569,Not significant,-0.0594022331138301,0.0422,0.0942139534883721,Not significant
E01002759,Islington 002D,Islington,children_and_adolescents,-1.9489925436199,Not significant,0.773429945653268,0.0813,0.145101751877011,Not significant
E01002760,Islington 002E,Islington,children_and_adolescents,-0.838214120335222,Low-low surplus cluster,0.586728850461554,0.0046,0.0204845673505798,Low-low surplus cluster
E01002762,Islington 011C,Islington,children_and_adolescents,-2.28251346240244,Low-low surplus cluster,1.81151862625263,0.0069,0.0270367346938776,Low-low surplus cluster
E01002763,Islington 007D,Islington,children_and_adolescents,-2.74920868901659,Low-low surplus cluster,2.05967130958796,0.0034,0.0170068136272545,Low-low surplus cluster
E01002764,Islington 010A,Islington,children_and_adolescents,-1.3700006243752,Low-low surplus cluster,1.05282709226157,0.0021,0.012105311778291,Low-low surplus cluster
E01002765,Islington 015D,Islington,children_and_adolescents,-1.96798249933976,Low-low surplus cluster,1.71467865012529,0.0003,0.0031661733615222,Low-low surplus cluster
E01002766,Islington 015E,Islington,children_and_adolescents,-2.32121634081988,Low-low surplus cluster,1.76458653814373,0.0004,0.00385482625482626,Low-low surplus cluster
E01002767,Islington 011D,Islington,children_and_adolescents,-2.32832452106578,Low-low surplus cluster,2.33991308379384,0.0002,0.00242330097087379,Low-low surplus cluster
E01002768,Islington 004A,Islington,children_and_adolescents,-2.55338150708152,Low-low surplus cluster,1.82906228998224,0.0018,0.0108129963898917,Low-low surplus cluster
E01002769,Islington 008A,Islington,children_and_adolescents,-1.45388996484549,Low-low surplus cluster,1.22171478716909,0.0005,0.00447311827956989,Low-low surplus cluster
E01002770,Islington 004B,Islington,children_and_adolescents,-2.60965511310749,Low-low surplus cluster,1.61586790609692,0.0031,0.0160198757763975,Low-low surplus cluster
E01002771,Islington 004C,Islington,children_and_adolescents,-2.00956001619117,Low-low surplus cluster,1.3121451142673,0.0032,0.016350460593654,Low-low surplus cluster
E01002772,Islington 002F,Islington,children_and_adolescents,-3.46628982714419,Low-low surplus cluster,2.434001634569,0.0041,0.0192180281690141,Low-low surplus cluster
E01002773,Islington 004D,Islington,children_and_adolescents,-1.77003511546125,Not significant,0.850662025775717,0.0642,0.1239313225058,Not significant
E01002774,Islington 004E,Islington,children_and_adolescents,-2.52785911153257,Low-low surplus cluster,2.12859550760017,0.0004,0.00385482625482626,Low-low surplus cluster
E01002775,Islington 014D,Islington,children_and_adolescents,-1.70708177891201,Low-low surplus cluster,1.11243223021394,0.0031,0.0160198757763975,Low-low surplus cluster
E01002776,Islington 014E,Islington,children_and_adolescents,-1.9817646516794,Low-low surplus cluster,1.42733165045141,0.0004,0.00385482625482626,Low-low surplus cluster
E01002777,Islington 012A,Islington,children_and_adolescents,-2.5268142887972,Not significant,1.35657195700583,0.0675,0.128170406998859,Not significant
E01002778,Islington 012B,Islington,children_and_adolescents,-1.12196914214983,Low-low surplus cluster,1.01632878434929,0.0006,0.0050255033557047,Low-low surplus cluster
E01002779,Islington 012C,Islington,children_and_adolescents,-2.25890898596837,Low-low surplus cluster,1.4632122464682,0.0041,0.0192180281690141,Low-low surplus cluster
E01002780,Islington 014F,Islington,children_and_adolescents,-2.50133859775086,Low-low surplus cluster,1.69757211935508,0.0167,0.0498007168458781,Low-low surplus cluster
E01002781,Islington 012D,Islington,children_and_adolescents,-1.24843329956278,Low-low surplus cluster,0.894525125818506,0.0035,0.0173677932405567,Low-low surplus cluster
E01002782,Islington 012E,Islington,children_and_adolescents,-1.16562142071148,Low-low surplus cluster,0.895578160727678,0.001,0.00731964809384164,Low-low surplus cluster
E01002783,Islington 010B,Islington,children_and_adolescents,-1.70608692857279,Low-low surplus cluster,1.19549084395273,0.004,0.0189270142180095,Low-low surplus cluster
E01002784,Islington 010C,Islington,children_and_adolescents,-1.48541517670295,Low-low surplus cluster,1.10984948680067,0.0025,0.0136542669584245,Low-low surplus cluster
E01002785,Islington 008B,Islington,children_and_adolescents,-1.81274500468589,Low-low surplus cluster,1.52957903704627,0.0002,0.00242330097087379,Low-low surplus cluster
E01002786,Islington 010D,Islington,children_and_adolescents,-1.4752960511479,Low-low surplus cluster,1.26811674348442,0.0015,0.0096,Low-low surplus cluster
E01002787,Islington 010E,Islington,children_and_adolescents,-1.19509579168937,Low-low surplus cluster,0.838373758907444,0.0038,0.018328115942029,Low-low surplus cluster
E01002788,Islington 008C,Islington,children_and_adolescents,-2.37049819776912,Low-low surplus cluster,1.49265873642648,0.0037,0.0179673151750973,Low-low surplus cluster
E01002789,Islington 008D,Islington,children_and_adolescents,-1.70837032141564,Low-low surplus cluster,1.5071172928097,0.0002,0.00242330097087379,Low-low surplus cluster
E01002790,Islington 016D,Islington,children_and_adolescents,-2.45548058127749,Low-low surplus cluster,2.43048366825432,0.0005,0.00447311827956989,Low-low surplus cluster
E01002791,Islington 016E,Islington,children_and_adolescents,-2.68267947285301,Low-low surplus cluster,2.47609913284571,0.0001,0.00156,Low-low surplus cluster
E01002792,Islington 017E,Islington,children_and_adolescents,-2.2394790519471,Low-low surplus cluster,2.48962379425395,0.0001,0.00156,Low-low surplus cluster
E01002793,Islington 016F,Islington,children_and_adolescents,-3.24990281552576,Low-low surplus cluster,3.32601511994941,0.0002,0.00242330097087379,Low-low surplus cluster
E01002794,Islington 020B,Islington,children_and_adolescents,-3.44261845653642,Low-low surplus cluster,3.7859247016257,0.0002,0.00242330097087379,Low-low surplus cluster
E01002795,Islington 013D,Islington,children_and_adolescents,-2.97005428649882,Low-low surplus cluster,2.76218749851989,0.0002,0.00242330097087379,Low-low surplus cluster
E01002796,Islington 013E,Islington,children_and_adolescents,-2.88714679817682,Low-low surplus cluster,2.78558990259724,0.0001,0.00156,Low-low surplus cluster
E01002797,Islington 018B,Islington,children_and_adolescents,-3.81081459591589,Low-low surplus cluster,2.99751325630836,0.0005,0.00447311827956989,Low-low surplus cluster
E01002798,Islington 018C,Islington,children_and_adolescents,-2.6003952644815,Low-low surplus cluster,2.54606875868044,0.0002,0.00242330097087379,Low-low surplus cluster
E01002799,Islington 018D,Islington,children_and_adolescents,-2.26382927399891,Low-low surplus cluster,2.74966487169956,0.0002,0.00242330097087379,Low-low surplus cluster
E01002800,Islington 018E,Islington,children_and_adolescents,-2.27256851365472,Low-low surplus cluster,2.46771684037441,0.0001,0.00156,Low-low surplus cluster
E01002801,Islington 020C,Islington,children_and_adolescents,-3.94320136575423,Low-low surplus cluster,3.90018849883221,0.0005,0.00447311827956989,Low-low surplus cluster
E01002802,Islington 020D,Islington,children_and_adolescents,-2.69181644449331,Low-low surplus cluster,3.04550087889172,0.0001,0.00156,Low-low surplus cluster
E01002804,Islington 001D,Islington,children_and_adolescents,-1.74308534818683,Not significant,0.835530156265244,0.031,0.0763830207305035,Not significant
E01002805,Islington 003B,Islington,children_and_adolescents,-3.11820926211349,Low-low surplus cluster,2.23844937218636,0.0007,0.00557320574162679,Low-low surplus cluster
E01002806,Islington 003C,Islington,children_and_adolescents,-1.83611255930448,Low-low surplus cluster,1.49899977898613,0.0067,0.0264817102137767,Low-low surplus cluster
E01002807,Islington 001E,Islington,children_and_adolescents,-1.91974837203482,Low-low surplus cluster,1.32414005778405,0.002,0.0116771929824561,Low-low surplus cluster
E01002808,Islington 003D,Islington,children_and_adolescents,-1.87548221554467,Low-low surplus cluster,1.48588940449244,0.0004,0.00385482625482626,Low-low surplus cluster
E01002809,Islington 003E,Islington,children_and_adolescents,-1.859478047162,Low-low surplus cluster,1.5947539181814,0.0039,0.0186840690978887,Low-low surplus cluster
E01002810,Islington 003F,Islington,children_and_adolescents,-2.45108388292505,Low-low surplus cluster,1.86604279383745,0.0021,0.012105311778291,Low-low surplus cluster
E01002811,Islington 001F,Islington,children_and_adolescents,-0.0531066077873317,Low-low surplus cluster,0.0338000999707172,0.0147,0.0455225806451613,Low-low surplus cluster
E01002812,Kensington and Chelsea 013A,Kensington and Chelsea,children_and_adolescents,-1.40947456366074,Low-low surplus cluster,1.30312281967844,0.0001,0.00156,Low-low surplus cluster
E01002813,Kensington and Chelsea 011A,Kensington and Chelsea,children_and_adolescents,-1.91170670436597,Low-low surplus cluster,1.46225028176493,0.005,0.0216854908774978,Low-low surplus cluster
E01002814,Kensington and Chelsea 015A,Kensington and Chelsea,children_and_adolescents,-1.82513060748186,Low-low surplus cluster,1.84020759437853,0.0001,0.00156,Low-low surplus cluster
E01002815,Kensington and Chelsea 011B,Kensington and Chelsea,children_and_adolescents,-3.14976090304335,Low-low surplus cluster,2.83208817598922,0.0003,0.0031661733615222,Low-low surplus cluster
E01002816,Kensington and Chelsea 011C,Kensington and Chelsea,children_and_adolescents,-2.5088513492943,Low-low surplus cluster,1.63942376170229,0.0071,0.0275822568093385,Low-low surplus cluster
E01002817,Kensington and Chelsea 011D,Kensington and Chelsea,children_and_adolescents,-2.3318461870843,Low-low surplus cluster,1.59133968307668,0.0056,0.0233934728033473,Low-low surplus cluster
E01002818,Kensington and Chelsea 012A,Kensington and Chelsea,children_and_adolescents,-2.544536069764,Low-low surplus cluster,1.55602010703829,0.018,0.0523941690962099,Not significant
E01002819,Kensington and Chelsea 012B,Kensington and Chelsea,children_and_adolescents,-1.55601830065929,Low-low surplus cluster,1.19552409810654,0.0043,0.0197839631336406,Low-low surplus cluster
E01002821,Kensington and Chelsea 014A,Kensington and Chelsea,children_and_adolescents,-2.40593780985227,Low-low surplus cluster,2.24618087642333,0.0006,0.0050255033557047,Low-low surplus cluster
E01002823,Kensington and Chelsea 014B,Kensington and Chelsea,children_and_adolescents,-2.44838552020553,Low-low surplus cluster,2.87043454926662,0.0001,0.00156,Low-low surplus cluster
E01002824,Kensington and Chelsea 008A,Kensington and Chelsea,children_and_adolescents,-2.08166356799206,Not significant,1.07984127195258,0.0528,0.108423529411765,Not significant
E01002825,Kensington and Chelsea 008B,Kensington and Chelsea,children_and_adolescents,-0.233086566962224,Low-low surplus cluster,0.144372277571929,0.0017,0.0105421118012422,Low-low surplus cluster
E01002826,Kensington and Chelsea 008C,Kensington and Chelsea,children_and_adolescents,-2.65214305145871,Low-low surplus cluster,1.82402913300089,0.0081,0.0302432311144353,Low-low surplus cluster
E01002827,Kensington and Chelsea 008D,Kensington and Chelsea,children_and_adolescents,-1.10381217954157,Low-low surplus cluster,0.871228694615379,0.0002,0.00242330097087379,Low-low surplus cluster
E01002828,Kensington and Chelsea 008E,Kensington and Chelsea,children_and_adolescents,-1.50806555561922,Not significant,0.53226359608722,0.0991,0.166792717464599,Not significant
E01002829,Kensington and Chelsea 004A,Kensington and Chelsea,children_and_adolescents,-3.81756827224747,Low-low surplus cluster,4.28538421199864,0.0002,0.00242330097087379,Low-low surplus cluster
E01002830,Kensington and Chelsea 004B,Kensington and Chelsea,children_and_adolescents,-3.35954666653736,Low-low surplus cluster,3.6613504561431,0.0001,0.00156,Low-low surplus cluster
E01002831,Kensington and Chelsea 004C,Kensington and Chelsea,children_and_adolescents,-3.62123724866061,Low-low surplus cluster,3.99701427040474,0.0001,0.00156,Low-low surplus cluster
E01002832,Kensington and Chelsea 004D,Kensington and Chelsea,children_and_adolescents,-3.30733525787433,Low-low surplus cluster,3.56976089490039,0.0001,0.00156,Low-low surplus cluster
E01002833,Kensington and Chelsea 007A,Kensington and Chelsea,children_and_adolescents,-3.05274551655822,Low-low surplus cluster,2.9790594229869,0.0001,0.00156,Low-low surplus cluster
E01002834,Kensington and Chelsea 013B,Kensington and Chelsea,children_and_adolescents,-2.38323306491219,Low-low surplus cluster,2.482145422749,0.0002,0.00242330097087379,Low-low surplus cluster
E01002835,Kensington and Chelsea 016C,Kensington and Chelsea,children_and_adolescents,-2.54596269838381,Low-low surplus cluster,2.38600186975764,0.0001,0.00156,Low-low surplus cluster
E01002836,Kensington and Chelsea 016D,Kensington and Chelsea,children_and_adolescents,-2.66985983269123,Low-low surplus cluster,2.30004200742775,0.0018,0.0108129963898917,Low-low surplus cluster
E01002837,Kensington and Chelsea 016E,Kensington and Chelsea,children_and_adolescents,-1.67764645407535,Low-low surplus cluster,1.32743391740098,0.0035,0.0173677932405567,Low-low surplus cluster
E01002839,Kensington and Chelsea 013C,Kensington and Chelsea,children_and_adolescents,-3.43151670907427,Low-low surplus cluster,3.12427210564034,0.0004,0.00385482625482626,Low-low surplus cluster
E01002840,Kensington and Chelsea 021A,Kensington and Chelsea,children_and_adolescents,-2.62728247166929,Low-low surplus cluster,2.62826914430488,0.0001,0.00156,Low-low surplus cluster
E01002841,Kensington and Chelsea 021B,Kensington and Chelsea,children_and_adolescents,-2.8243170545663,Low-low surplus cluster,2.19906708268641,0.0072,0.0277976798143852,Low-low surplus cluster
E01002842,Kensington and Chelsea 021C,Kensington and Chelsea,children_and_adolescents,-2.27586225979174,Low-low surplus cluster,2.37234162142888,0.0025,0.0136542669584245,Low-low surplus cluster
E01002843,Kensington and Chelsea 021D,Kensington and Chelsea,children_and_adolescents,-2.83842526243431,Low-low surplus cluster,2.37699523280168,0.0006,0.0050255033557047,Low-low surplus cluster
E01002844,Kensington and Chelsea 019A,Kensington and Chelsea,children_and_adolescents,-2.82925812392015,Low-low surplus cluster,3.01749732726285,0.0001,0.00156,Low-low surplus cluster
E01002845,Kensington and Chelsea 019B,Kensington and Chelsea,children_and_adolescents,-3.2633619313963,Low-low surplus cluster,3.11133686686084,0.0047,0.0208740213523132,Low-low surplus cluster
E01002846,Kensington and Chelsea 017A,Kensington and Chelsea,children_and_adolescents,-4.19456712989247,Low-low surplus cluster,3.75723738443506,0.0002,0.00242330097087379,Low-low surplus cluster
E01002847,Kensington and Chelsea 015B,Kensington and Chelsea,children_and_adolescents,-3.34091113714432,Low-low surplus cluster,4.09551329752128,0.0001,0.00156,Low-low surplus cluster
E01002848,Kensington and Chelsea 015C,Kensington and Chelsea,children_and_adolescents,-2.46661919294406,Low-low surplus cluster,2.71299081412022,0.0001,0.00156,Low-low surplus cluster
E01002849,Kensington and Chelsea 017B,Kensington and Chelsea,children_and_adolescents,-2.76458142443188,Low-low surplus cluster,3.38675115276457,0.0001,0.00156,Low-low surplus cluster
E01002850,Kensington and Chelsea 013D,Kensington and Chelsea,children_and_adolescents,-2.98412575244309,Low-low surplus cluster,3.2674194818594,0.0001,0.00156,Low-low surplus cluster
E01002851,Kensington and Chelsea 015D,Kensington and Chelsea,children_and_adolescents,-3.83951385348251,Low-low surplus cluster,3.98757577055916,0.0005,0.00447311827956989,Low-low surplus cluster
E01002852,Kensington and Chelsea 001A,Kensington and Chelsea,children_and_adolescents,-1.79216691072106,Low-low surplus cluster,1.07965737391612,0.0012,0.00830846047156727,Low-low surplus cluster
E01002853,Kensington and Chelsea 001B,Kensington and Chelsea,children_and_adolescents,-3.46621301763714,Low-low surplus cluster,3.32914634944317,0.0001,0.00156,Low-low surplus cluster
E01002854,Kensington and Chelsea 001C,Kensington and Chelsea,children_and_adolescents,-2.02719763203535,Low-low surplus cluster,1.78783839754284,0.0001,0.00156,Low-low surplus cluster
E01002855,Kensington and Chelsea 001D,Kensington and Chelsea,children_and_adolescents,-2.79585176938027,Low-low surplus cluster,3.37502913927281,0.0001,0.00156,Low-low surplus cluster
E01002856,Kensington and Chelsea 004E,Kensington and Chelsea,children_and_adolescents,-3.94794921861829,Low-low surplus cluster,4.53179964997807,0.0001,0.00156,Low-low surplus cluster
E01002857,Kensington and Chelsea 001E,Kensington and Chelsea,children_and_adolescents,-2.77368949104161,Low-low surplus cluster,2.41840568696576,0.0016,0.010097597977244,Low-low surplus cluster
E01002858,Kensington and Chelsea 014C,Kensington and Chelsea,children_and_adolescents,-3.01229717682917,Low-low surplus cluster,3.04439824360238,0.004,0.0189270142180095,Low-low surplus cluster
E01002859,Kensington and Chelsea 012C,Kensington and Chelsea,children_and_adolescents,-3.2549885782554,Low-low surplus cluster,3.1067031422586,0.0006,0.0050255033557047,Low-low surplus cluster
E01002860,Kensington and Chelsea 012D,Kensington and Chelsea,children_and_adolescents,-1.37602125242955,Low-low surplus cluster,1.39743615006242,0.0001,0.00156,Low-low surplus cluster
E01002861,Kensington and Chelsea 014D,Kensington and Chelsea,children_and_adolescents,-2.01320991033945,Low-low surplus cluster,2.33404156996004,0.0001,0.00156,Low-low surplus cluster
E01002862,Kensington and Chelsea 014E,Kensington and Chelsea,children_and_adolescents,-4.64859301681399,Low-low surplus cluster,4.17551728101096,0.0004,0.00385482625482626,Low-low surplus cluster
E01002863,Kensington and Chelsea 012E,Kensington and Chelsea,children_and_adolescents,-2.10058409221489,Low-low surplus cluster,1.88710426441183,0.0011,0.00778893617021277,Low-low surplus cluster
E01002864,Kensington and Chelsea 009A,Kensington and Chelsea,children_and_adolescents,0.126557141263478,High-low spatial outlier,-0.0684498916941171,0.0135,0.0429521988527725,High-low spatial outlier
E01002865,Kensington and Chelsea 011E,Kensington and Chelsea,children_and_adolescents,-1.58531872291788,Not significant,0.739747287665723,0.0759,0.13873775173929,Not significant
E01002866,Kensington and Chelsea 009B,Kensington and Chelsea,children_and_adolescents,-1.24269421472782,Low-low surplus cluster,0.68774539632337,0.0159,0.0480174228675136,Low-low surplus cluster
E01002867,Kensington and Chelsea 009C,Kensington and Chelsea,children_and_adolescents,-2.98198031304968,Low-low surplus cluster,1.89799856425606,0.0136,0.0431603305785124,Low-low surplus cluster
E01002868,Kensington and Chelsea 009D,Kensington and Chelsea,children_and_adolescents,0.143596857768087,Not significant,-0.0513247985603543,0.0799,0.143578401727862,Not significant
E01002869,Kensington and Chelsea 009E,Kensington and Chelsea,children_and_adolescents,-1.07805896441593,Low-low surplus cluster,0.779921238086513,0.0021,0.012105311778291,Low-low surplus cluster
E01002870,Kensington and Chelsea 005A,Kensington and Chelsea,children_and_adolescents,-2.24346141820596,Low-low surplus cluster,1.47479752585631,0.0019,0.0112113475177305,Low-low surplus cluster
E01002871,Kensington and Chelsea 007B,Kensington and Chelsea,children_and_adolescents,-1.75915396041481,Low-low surplus cluster,1.03393430542577,0.0069,0.0270367346938776,Low-low surplus cluster
E01002872,Kensington and Chelsea 005B,Kensington and Chelsea,children_and_adolescents,-2.1084800874306,Low-low surplus cluster,1.51167981090604,0.0055,0.023150084317032,Low-low surplus cluster
E01002873,Kensington and Chelsea 007C,Kensington and Chelsea,children_and_adolescents,-3.20353212458119,Low-low surplus cluster,2.24678947778432,0.0014,0.00919578947368421,Low-low surplus cluster
E01002874,Kensington and Chelsea 007D,Kensington and Chelsea,children_and_adolescents,-2.29992812215006,Low-low surplus cluster,1.82526698207252,0.0033,0.0166232088799193,Low-low surplus cluster
E01002875,Kensington and Chelsea 007E,Kensington and Chelsea,children_and_adolescents,-1.42630476528234,Low-low surplus cluster,1.02413455730382,0.0018,0.0108129963898917,Low-low surplus cluster
E01002876,Kensington and Chelsea 003A,Kensington and Chelsea,children_and_adolescents,-0.628531089241184,Low-low surplus cluster,0.383826591002293,0.0181,0.0525626527050611,Not significant
E01002877,Kensington and Chelsea 003B,Kensington and Chelsea,children_and_adolescents,-0.402948865726773,Low-low surplus cluster,0.316878584929221,0.0002,0.00242330097087379,Low-low surplus cluster
E01002878,Kensington and Chelsea 003C,Kensington and Chelsea,children_and_adolescents,-3.34838382720709,Low-low surplus cluster,2.84386524984908,0.0005,0.00447311827956989,Low-low surplus cluster
E01002879,Kensington and Chelsea 005C,Kensington and Chelsea,children_and_adolescents,-1.54855191472133,Low-low surplus cluster,1.32701990120217,0.0016,0.010097597977244,Low-low surplus cluster
E01002880,Kensington and Chelsea 005D,Kensington and Chelsea,children_and_adolescents,-1.21811394042291,Low-low surplus cluster,0.773315141558519,0.0138,0.0436286257124763,Low-low surplus cluster
E01002881,Kensington and Chelsea 005E,Kensington and Chelsea,children_and_adolescents,-0.870144960490612,Low-low surplus cluster,0.593412406700273,0.0041,0.0192180281690141,Low-low surplus cluster
E01002882,Kensington and Chelsea 006A,Kensington and Chelsea,children_and_adolescents,-1.50781883218858,Low-low surplus cluster,1.36506830562592,0.001,0.00731964809384164,Low-low surplus cluster
E01002883,Kensington and Chelsea 006B,Kensington and Chelsea,children_and_adolescents,-1.72468308696652,Low-low surplus cluster,1.25928669290978,0.0013,0.00879349593495935,Low-low surplus cluster
E01002884,Kensington and Chelsea 006C,Kensington and Chelsea,children_and_adolescents,-3.75512037597674,Low-low surplus cluster,2.89214473899264,0.0098,0.0343791988756149,Low-low surplus cluster
E01002885,Kensington and Chelsea 006D,Kensington and Chelsea,children_and_adolescents,-2.8505047039105,Low-low surplus cluster,2.44986254144876,0.0044,0.0200226071103008,Low-low surplus cluster
E01002886,Kensington and Chelsea 006E,Kensington and Chelsea,children_and_adolescents,-2.48803298689512,Low-low surplus cluster,2.40432597744972,0.0001,0.00156,Low-low surplus cluster
E01002887,Kensington and Chelsea 010A,Kensington and Chelsea,children_and_adolescents,-2.71663816083678,Low-low surplus cluster,2.00695333808709,0.0119,0.0393409271523179,Low-low surplus cluster
E01002888,Kensington and Chelsea 013E,Kensington and Chelsea,children_and_adolescents,-2.48931023852448,Low-low surplus cluster,2.03613525600841,0.0024,0.013312,Low-low surplus cluster
E01002889,Kensington and Chelsea 010B,Kensington and Chelsea,children_and_adolescents,-3.59327962455742,Low-low surplus cluster,2.12240210920042,0.0187,0.0537732718894009,Not significant
E01002890,Kensington and Chelsea 010C,Kensington and Chelsea,children_and_adolescents,-0.738031548800489,Low-low surplus cluster,0.64000160758128,0.0002,0.00242330097087379,Low-low surplus cluster
E01002891,Kensington and Chelsea 010D,Kensington and Chelsea,children_and_adolescents,-1.69673078430907,Low-low surplus cluster,1.35119051499436,0.0027,0.0143387234042553,Low-low surplus cluster
E01002892,Kensington and Chelsea 010E,Kensington and Chelsea,children_and_adolescents,-2.0602794754906,Low-low surplus cluster,1.49666881996527,0.004,0.0189270142180095,Low-low surplus cluster
E01002893,Kensington and Chelsea 017C,Kensington and Chelsea,children_and_adolescents,-3.0955772693747,Low-low surplus cluster,3.19990794455525,0.0001,0.00156,Low-low surplus cluster
E01002894,Kensington and Chelsea 017D,Kensington and Chelsea,children_and_adolescents,-3.33549101798368,Low-low surplus cluster,3.4512728758243,0.0001,0.00156,Low-low surplus cluster
E01002896,Kensington and Chelsea 020C,Kensington and Chelsea,children_and_adolescents,-2.65835405183108,Low-low surplus cluster,2.50335698682628,0.0002,0.00242330097087379,Low-low surplus cluster
E01002897,Kensington and Chelsea 020D,Kensington and Chelsea,children_and_adolescents,-2.64696749334711,Low-low surplus cluster,2.68638227161756,0.0003,0.0031661733615222,Low-low surplus cluster
E01002898,Kensington and Chelsea 017E,Kensington and Chelsea,children_and_adolescents,-1.38041402251333,Low-low surplus cluster,1.23854553981579,0.0005,0.00447311827956989,Low-low surplus cluster
E01002899,Kensington and Chelsea 018A,Kensington and Chelsea,children_and_adolescents,-3.42452711734105,Low-low surplus cluster,3.66209470564901,0.0001,0.00156,Low-low surplus cluster
E01002900,Kensington and Chelsea 018B,Kensington and Chelsea,children_and_adolescents,-3.06603133945953,Low-low surplus cluster,3.58615111548723,0.0011,0.00778893617021277,Low-low surplus cluster
E01002901,Kensington and Chelsea 018C,Kensington and Chelsea,children_and_adolescents,-3.04856960894188,Low-low surplus cluster,3.29575465957678,0.0001,0.00156,Low-low surplus cluster
E01002902,Kensington and Chelsea 018D,Kensington and Chelsea,children_and_adolescents,-3.99096660769773,Low-low surplus cluster,4.31322674750483,0.0001,0.00156,Low-low surplus cluster
E01002903,Kensington and Chelsea 018E,Kensington and Chelsea,children_and_adolescents,-2.19920068270951,Low-low surplus cluster,2.57320886732321,0.0001,0.00156,Low-low surplus cluster
E01002904,Kensington and Chelsea 002A,Kensington and Chelsea,children_and_adolescents,0.333819891799554,High-low spatial outlier,-0.15358423130947,0.0274,0.0699288343558282,Not significant
E01002905,Kensington and Chelsea 002B,Kensington and Chelsea,children_and_adolescents,-1.94039030683409,Low-low surplus cluster,1.60385327684722,0.0008,0.0061724884080371,Low-low surplus cluster
E01002906,Kensington and Chelsea 002C,Kensington and Chelsea,children_and_adolescents,-1.50348928586586,Not significant,0.609701720992262,0.0568,0.11373670276775,Not significant
E01002907,Kensington and Chelsea 002D,Kensington and Chelsea,children_and_adolescents,1.37077320001514,Not significant,-0.530926457989847,0.1407,0.211622295872251,Not significant
E01002908,Kensington and Chelsea 003D,Kensington and Chelsea,children_and_adolescents,-1.04031133736687,Not significant,0.219995422663768,0.2184,0.285911402359109,Not significant
E01002909,Kensington and Chelsea 003E,Kensington and Chelsea,children_and_adolescents,-2.77055360663658,Low-low surplus cluster,2.05049314222718,0.0026,0.0139711517761033,Low-low surplus cluster
E01002910,Kensington and Chelsea 019C,Kensington and Chelsea,children_and_adolescents,-2.25277052671215,Low-low surplus cluster,2.0188023380914,0.0014,0.00919578947368421,Low-low surplus cluster
E01002911,Kensington and Chelsea 019D,Kensington and Chelsea,children_and_adolescents,-2.12603906199571,Low-low surplus cluster,2.05074990454651,0.0001,0.00156,Low-low surplus cluster
E01002912,Kensington and Chelsea 020E,Kensington and Chelsea,children_and_adolescents,-2.97471111991959,Low-low surplus cluster,2.55468004571261,0.0011,0.00778893617021277,Low-low surplus cluster
E01002913,Kensington and Chelsea 021E,Kensington and Chelsea,children_and_adolescents,-2.40663078272656,Low-low surplus cluster,2.40343202377927,0.0002,0.00242330097087379,Low-low surplus cluster
E01002914,Kensington and Chelsea 019E,Kensington and Chelsea,children_and_adolescents,-3.03180863013427,Low-low surplus cluster,3.16808352295834,0.0001,0.00156,Low-low surplus cluster
E01002915,Kingston upon Thames 014A,Kingston upon Thames,children_and_adolescents,1.00206404481926,High-high mismatch cluster,0.46761932371725,0.0165,0.0494405762304922,High-high mismatch cluster
E01002916,Kingston upon Thames 014B,Kingston upon Thames,children_and_adolescents,0.859902084799305,Not significant,0.080095250315786,0.3569,0.40145218566922,Not significant
E01002917,Kingston upon Thames 014C,Kingston upon Thames,children_and_adolescents,1.14312366444602,Not significant,0.449234099432447,0.0981,0.165780365605958,Not significant
E01002918,Kingston upon Thames 017A,Kingston upon Thames,children_and_adolescents,0.979647988008792,Not significant,0.285460000710706,0.1778,0.247511879531511,Not significant
E01002919,Kingston upon Thames 017B,Kingston upon Thames,children_and_adolescents,0.466508729668266,Not significant,0.161903113885597,0.0636,0.123249689440994,Not significant
E01002920,Kingston upon Thames 014D,Kingston upon Thames,children_and_adolescents,1.84141746916964,High-high mismatch cluster,0.989618166802147,0.004,0.0189270142180095,High-high mismatch cluster
E01002921,Kingston upon Thames 011A,Kingston upon Thames,children_and_adolescents,-0.961542086921033,Not significant,0.292877694799835,0.1017,0.169965316370941,Not significant
E01002922,Kingston upon Thames 010A,Kingston upon Thames,children_and_adolescents,1.25619285067435,Not significant,0.0103383348137245,0.496,0.49699558410277,Not significant
E01002923,Kingston upon Thames 013A,Kingston upon Thames,children_and_adolescents,-1.53665855258104,Not significant,0.426497590074006,0.1827,0.252642216066482,Not significant
E01002924,Kingston upon Thames 014E,Kingston upon Thames,children_and_adolescents,1.01033355287983,Not significant,0.385822066924559,0.0774,0.1404,Not significant
E01002925,Kingston upon Thames 013B,Kingston upon Thames,children_and_adolescents,-1.65131095268596,Not significant,-0.0167657687067145,0.4927,0.494682807158657,Not significant
E01002926,Kingston upon Thames 010B,Kingston upon Thames,children_and_adolescents,2.75895580493099,Not significant,1.17084411982788,0.0205,0.0575568053993251,Not significant
E01002927,Kingston upon Thames 008A,Kingston upon Thames,children_and_adolescents,1.31946731796796,High-high mismatch cluster,0.831287662406229,0.0058,0.0239285950413223,High-high mismatch cluster
E01002928,Kingston upon Thames 008B,Kingston upon Thames,children_and_adolescents,0.672467868441144,Not significant,0.235930866732681,0.0746,0.137165082872928,Not significant
E01002929,Kingston upon Thames 007A,Kingston upon Thames,children_and_adolescents,0.870199665771917,Not significant,0.312611625679448,0.0543,0.110413686354379,Not significant
E01002930,Kingston upon Thames 007B,Kingston upon Thames,children_and_adolescents,0.149457914089665,Not significant,0.0416161249670211,0.1344,0.205050366748166,Not significant
E01002931,Kingston upon Thames 007C,Kingston upon Thames,children_and_adolescents,0.845926481138596,Not significant,0.166085104979796,0.2173,0.285163406940063,Not significant
E01002932,Kingston upon Thames 006A,Kingston upon Thames,children_and_adolescents,1.60121383534752,Not significant,0.672301336509865,0.0296,0.0738446776611694,Not significant
E01002933,Kingston upon Thames 004A,Kingston upon Thames,children_and_adolescents,0.196769824657787,Not significant,0.0391820437436656,0.2335,0.299110084680524,Not significant
E01002934,Kingston upon Thames 004B,Kingston upon Thames,children_and_adolescents,2.12163027852789,Not significant,0.604077856578943,0.1273,0.197293262961813,Not significant
E01002935,Kingston upon Thames 003A,Kingston upon Thames,children_and_adolescents,-1.24121693434414,Not significant,-0.420085048472831,0.0866,0.151953321616872,Not significant
E01002937,Kingston upon Thames 004D,Kingston upon Thames,children_and_adolescents,1.30942722866441,Not significant,-0.411274718905229,0.1074,0.176420138203356,Not significant
E01002938,Kingston upon Thames 003B,Kingston upon Thames,children_and_adolescents,1.5179493293026,Not significant,0.623913488723148,0.0467,0.100398966408269,Not significant
E01002939,Kingston upon Thames 018A,Kingston upon Thames,children_and_adolescents,0.820509457340523,High-high mismatch cluster,0.440019898999169,0.0064,0.0256205292702486,High-high mismatch cluster
E01002940,Kingston upon Thames 020A,Kingston upon Thames,children_and_adolescents,1.62654668789316,Not significant,0.65429467869211,0.0511,0.106332305127136,Not significant
E01002941,Kingston upon Thames 018B,Kingston upon Thames,children_and_adolescents,1.30307575310682,Not significant,0.56899970840734,0.0237,0.0634372117962467,Not significant
E01002942,Kingston upon Thames 018C,Kingston upon Thames,children_and_adolescents,0.659423206769849,Not significant,0.310708064311474,0.0876,0.153223265592151,Not significant
E01002943,Kingston upon Thames 020B,Kingston upon Thames,children_and_adolescents,1.49376756783419,Not significant,0.523593464379206,0.1226,0.192458867924528,Not significant
E01002944,Kingston upon Thames 019A,Kingston upon Thames,children_and_adolescents,2.33529752432204,High-high mismatch cluster,1.36750559617318,0.0124,0.0405375245579568,High-high mismatch cluster
E01002945,Kingston upon Thames 019B,Kingston upon Thames,children_and_adolescents,1.56007470614896,Not significant,0.915034000766092,0.0197,0.0557812819058423,Not significant
E01002946,Kingston upon Thames 019C,Kingston upon Thames,children_and_adolescents,1.68611732129242,High-high mismatch cluster,1.05268149632965,0.0123,0.0402897637795276,High-high mismatch cluster
E01002947,Kingston upon Thames 019D,Kingston upon Thames,children_and_adolescents,1.38076738235151,Not significant,0.675428659035797,0.0213,0.0588431654676259,Not significant
E01002948,Kingston upon Thames 020C,Kingston upon Thames,children_and_adolescents,0.0451346125994808,Not significant,0.020229534690156,0.0973,0.164819002375297,Not significant
E01002949,Kingston upon Thames 020D,Kingston upon Thames,children_and_adolescents,0.744421231678074,Not significant,0.330752179086279,0.0452,0.098317385620915,Not significant
E01002950,Kingston upon Thames 020E,Kingston upon Thames,children_and_adolescents,1.34734230615178,Not significant,0.489694347891225,0.1213,0.191139393939394,Not significant
E01002951,Kingston upon Thames 003C,Kingston upon Thames,children_and_adolescents,1.9491172937064,Not significant,0.708063085077897,0.0579,0.115476148621654,Not significant
E01002952,Kingston upon Thames 002A,Kingston upon Thames,children_and_adolescents,1.27379677491886,High-high mismatch cluster,0.618233744228629,0.0065,0.0259169329073482,High-high mismatch cluster
E01002953,Kingston upon Thames 002B,Kingston upon Thames,children_and_adolescents,1.57161368057822,Not significant,0.585348456957164,0.0394,0.0900159267734554,Not significant
E01002954,Kingston upon Thames 003D,Kingston upon Thames,children_and_adolescents,0.522267364339074,Not significant,0.113563254668446,0.2239,0.290994220255142,Not significant
E01002955,Kingston upon Thames 002C,Kingston upon Thames,children_and_adolescents,0.963298574761768,Not significant,0.327973115933932,0.0678,0.128446907020873,Not significant
E01002956,Kingston upon Thames 002D,Kingston upon Thames,children_and_adolescents,1.2026913645806,Not significant,0.528436346120835,0.11,0.179275220372184,Not significant
E01002957,Kingston upon Thames 003E,Kingston upon Thames,children_and_adolescents,1.15710223020383,Not significant,0.651773910978118,0.0475,0.101246797608881,Not significant
E01002958,Kingston upon Thames 008C,Kingston upon Thames,children_and_adolescents,1.29846287504276,Not significant,0.404686932428954,0.1056,0.174554701986755,Not significant
E01002959,Kingston upon Thames 002E,Kingston upon Thames,children_and_adolescents,1.94657034441315,Not significant,0.789831149729182,0.0671,0.127605028571429,Not significant
E01002960,Kingston upon Thames 006B,Kingston upon Thames,children_and_adolescents,1.01443978169541,Not significant,0.413505970167548,0.0326,0.0789353965183753,Not significant
E01002961,Kingston upon Thames 008D,Kingston upon Thames,children_and_adolescents,0.531775516322348,Not significant,0.256967064231406,0.0208,0.0580400223588597,Not significant
E01002962,Kingston upon Thames 006C,Kingston upon Thames,children_and_adolescents,0.989555781692921,Not significant,0.445606229322791,0.0284,0.0716748230535895,Not significant
E01002963,Kingston upon Thames 007D,Kingston upon Thames,children_and_adolescents,1.01621614532803,Not significant,0.272904377830918,0.1991,0.268116320474777,Not significant
E01002964,Kingston upon Thames 005A,Kingston upon Thames,children_and_adolescents,-1.4198862010286,Not significant,0.407881086363668,0.1774,0.247092857142857,Not significant
E01002965,Kingston upon Thames 009A,Kingston upon Thames,children_and_adolescents,-1.50145583398543,Not significant,0.537626622172788,0.0543,0.110413686354379,Not significant
E01002966,Kingston upon Thames 010C,Kingston upon Thames,children_and_adolescents,-0.0177676216926696,Not significant,-0.00422285744316163,0.1262,0.196258691588785,Not significant
E01002967,Kingston upon Thames 009B,Kingston upon Thames,children_and_adolescents,-1.96845173547017,Low-low surplus cluster,1.18717411431901,0.0127,0.0411945419103314,Low-low surplus cluster
E01002968,Kingston upon Thames 009C,Kingston upon Thames,children_and_adolescents,-1.95409428341431,Not significant,0.318707291548683,0.2128,0.281328813559322,Not significant
E01002969,Kingston upon Thames 005B,Kingston upon Thames,children_and_adolescents,2.43793122421593,Not significant,0.382877411435182,0.3126,0.365285393258427,Not significant
E01002970,Kingston upon Thames 006D,Kingston upon Thames,children_and_adolescents,2.17304373447258,Not significant,0.618036989107914,0.1285,0.19841385709867,Not significant
E01002971,Kingston upon Thames 005C,Kingston upon Thames,children_and_adolescents,0.428136269131463,Not significant,0.0106025037831296,0.4643,0.476910617283951,Not significant
E01002972,Kingston upon Thames 005D,Kingston upon Thames,children_and_adolescents,-0.82354830321664,Not significant,-0.131071873381505,0.2925,0.348154506437768,Not significant
E01002973,Kingston upon Thames 006E,Kingston upon Thames,children_and_adolescents,0.7747295876804,Not significant,0.336448904813953,0.0532,0.108931255127153,Not significant
E01002974,Kingston upon Thames 005E,Kingston upon Thames,children_and_adolescents,-0.11081390510397,Not significant,-0.0322559946982669,0.1073,0.176371945999341,Not significant
E01002975,Kingston upon Thames 012A,Kingston upon Thames,children_and_adolescents,1.72702573591729,Not significant,0.77292031257787,0.0678,0.128446907020873,Not significant
E01002976,Kingston upon Thames 015A,Kingston upon Thames,children_and_adolescents,1.52149197884871,Not significant,0.542616015554468,0.0937,0.160463259005146,Not significant
E01002977,Kingston upon Thames 012B,Kingston upon Thames,children_and_adolescents,0.679220299988795,Not significant,0.288924427749761,0.0281,0.0711695585996956,Not significant
E01002978,Kingston upon Thames 015B,Kingston upon Thames,children_and_adolescents,0.237082617184673,Not significant,0.0994790331351153,0.0424,0.0943229946524064,Not significant
E01002979,Kingston upon Thames 015C,Kingston upon Thames,children_and_adolescents,0.944438170171064,Not significant,0.224961198851175,0.2612,0.32247456118665,Not significant
E01002980,Kingston upon Thames 012C,Kingston upon Thames,children_and_adolescents,1.23877303701309,High-high mismatch cluster,0.676541885281844,0.0171,0.0505107692307692,Not significant
E01002981,Kingston upon Thames 012D,Kingston upon Thames,children_and_adolescents,1.82823103187927,Not significant,0.813700341732346,0.0189,0.0541301204819277,Not significant
E01002982,Kingston upon Thames 015D,Kingston upon Thames,children_and_adolescents,1.23787200403412,Not significant,0.460908092814461,0.0604,0.118894637223975,Not significant
E01002983,Kingston upon Thames 015E,Kingston upon Thames,children_and_adolescents,1.77071429874813,Not significant,0.627593345776152,0.0584,0.116287514958117,Not significant
E01002984,Kingston upon Thames 012E,Kingston upon Thames,children_and_adolescents,-0.264690386178781,Not significant,-0.0902276536151242,0.0661,0.126232287681714,Not significant
E01002985,Kingston upon Thames 007E,Kingston upon Thames,children_and_adolescents,0.107604327502618,Not significant,0.0310116513237322,0.1773,0.247092857142857,Not significant
E01002986,Kingston upon Thames 008E,Kingston upon Thames,children_and_adolescents,1.48114633425685,High-high mismatch cluster,0.759059550774135,0.0128,0.041277519379845,High-high mismatch cluster
E01002987,Kingston upon Thames 011B,Kingston upon Thames,children_and_adolescents,-2.58498186176924,Low-low surplus cluster,1.26948495133526,0.0219,0.0601346534653465,Not significant
E01002988,Kingston upon Thames 011C,Kingston upon Thames,children_and_adolescents,-1.25870567944987,Not significant,0.635749118118676,0.0358,0.0844582230623819,Not significant
E01002989,Kingston upon Thames 011D,Kingston upon Thames,children_and_adolescents,-1.48348410327051,Low-low surplus cluster,1.08426628760682,0.0262,0.0676968944099379,Not significant
E01002990,Kingston upon Thames 009D,Kingston upon Thames,children_and_adolescents,-1.98071409035393,Not significant,1.00842090774075,0.0387,0.0889868263473054,Not significant
E01002991,Kingston upon Thames 009E,Kingston upon Thames,children_and_adolescents,0.26888631037366,Not significant,-0.080041420430665,0.1469,0.21766838824577,Not significant
E01002992,Kingston upon Thames 010D,Kingston upon Thames,children_and_adolescents,0.512654972089376,Not significant,0.12768231162425,0.1769,0.247016727272727,Not significant
E01002993,Kingston upon Thames 013C,Kingston upon Thames,children_and_adolescents,0.126027492458177,Not significant,-0.0645945884398285,0.053,0.108744759556104,Not significant
E01002994,Kingston upon Thames 016A,Kingston upon Thames,children_and_adolescents,0.983549704013737,Not significant,0.34466516000798,0.1273,0.197293262961813,Not significant
E01002995,Kingston upon Thames 013D,Kingston upon Thames,children_and_adolescents,-0.0164351672922924,Not significant,0.000696764812484796,0.4301,0.454211804527184,Not significant
E01002996,Kingston upon Thames 016B,Kingston upon Thames,children_and_adolescents,0.151956540103696,Not significant,0.00178580079160689,0.4999,0.4999,Not significant
E01002997,Kingston upon Thames 016C,Kingston upon Thames,children_and_adolescents,0.0339603717950152,Not significant,0.0000561138898673637,0.4905,0.493565007055029,Not significant
E01002998,Kingston upon Thames 016D,Kingston upon Thames,children_and_adolescents,2.14574364958389,Not significant,0.552645494610295,0.1476,0.21844624962941,Not significant
E01002999,Kingston upon Thames 013E,Kingston upon Thames,children_and_adolescents,-1.58554638766096,Not significant,0.563274881226923,0.0635,0.123103689320388,Not significant
E01003000,Kingston upon Thames 017C,Kingston upon Thames,children_and_adolescents,2.60561269203645,Not significant,1.02060437719376,0.0326,0.0789353965183753,Not significant
E01003001,Kingston upon Thames 017D,Kingston upon Thames,children_and_adolescents,1.08722018055339,Not significant,0.251486594352605,0.2738,0.333043274853801,Not significant
E01003002,Kingston upon Thames 016E,Kingston upon Thames,children_and_adolescents,1.55528495347148,High-high mismatch cluster,0.926167619868091,0.0093,0.0331611428571429,High-high mismatch cluster
E01003003,Kingston upon Thames 017E,Kingston upon Thames,children_and_adolescents,-1.23100820092196,Not significant,-0.566173474872316,0.032,0.0781144254278729,Not significant
E01003004,Kingston upon Thames 018D,Kingston upon Thames,children_and_adolescents,0.859256789405043,High-high mismatch cluster,0.53099381989249,0.0146,0.045297203231821,High-high mismatch cluster
E01003005,Kingston upon Thames 018E,Kingston upon Thames,children_and_adolescents,1.09302975230538,High-high mismatch cluster,0.653037853918673,0.0104,0.0356082304526749,High-high mismatch cluster
E01003006,Kingston upon Thames 001A,Kingston upon Thames,children_and_adolescents,-0.00251805867876731,Low-high spatial outlier,-0.00166850954522777,0.0017,0.0105421118012422,Low-high spatial outlier
E01003007,Kingston upon Thames 001B,Kingston upon Thames,children_and_adolescents,2.65703535776247,Not significant,1.18187217259578,0.1014,0.169691183372444,Not significant
E01003008,Kingston upon Thames 001C,Kingston upon Thames,children_and_adolescents,2.28242134641394,Not significant,1.16184407957905,0.0224,0.0612381161007667,Not significant
E01003009,Kingston upon Thames 001D,Kingston upon Thames,children_and_adolescents,2.25580736177744,High-high mismatch cluster,1.37665821257822,0.0046,0.0204845673505798,High-high mismatch cluster
E01003010,Kingston upon Thames 001E,Kingston upon Thames,children_and_adolescents,0.580822580604947,High-high mismatch cluster,0.30358781256269,0.0124,0.0405375245579568,High-high mismatch cluster
E01003011,Kingston upon Thames 004E,Kingston upon Thames,children_and_adolescents,1.04364060167398,Not significant,0.134043448244722,0.3223,0.373993863319386,Not significant
E01003013,Lambeth 036A,Lambeth,children_and_adolescents,-4.64028762989925,Low-low surplus cluster,5.12770606440152,0.0004,0.00385482625482626,Low-low surplus cluster
E01003014,Lambeth 036B,Lambeth,children_and_adolescents,-3.46803611120454,Low-low surplus cluster,4.53046925150359,0.0001,0.00156,Low-low surplus cluster
E01003015,Lambeth 002A,Lambeth,children_and_adolescents,-3.17901590951201,Low-low surplus cluster,3.22387587887431,0.0003,0.0031661733615222,Low-low surplus cluster
E01003016,Lambeth 036C,Lambeth,children_and_adolescents,-3.40621919012646,Low-low surplus cluster,4.6766697929627,0.0001,0.00156,Low-low surplus cluster
E01003017,Lambeth 036D,Lambeth,children_and_adolescents,-3.43003495480293,Low-low surplus cluster,4.42389214636538,0.0001,0.00156,Low-low surplus cluster
E01003018,Lambeth 020A,Lambeth,children_and_adolescents,-2.91957847387674,Low-low surplus cluster,1.976796464879,0.0051,0.0219286821705426,Low-low surplus cluster
E01003019,Lambeth 015A,Lambeth,children_and_adolescents,-2.54440503628268,Low-low surplus cluster,2.40795423723803,0.0001,0.00156,Low-low surplus cluster
E01003020,Lambeth 016A,Lambeth,children_and_adolescents,-1.80414103553796,Low-low surplus cluster,1.61155924280393,0.0008,0.0061724884080371,Low-low surplus cluster
E01003021,Lambeth 021A,Lambeth,children_and_adolescents,-2.39516822168846,Low-low surplus cluster,2.00661932559251,0.0018,0.0108129963898917,Low-low surplus cluster
E01003022,Lambeth 021B,Lambeth,children_and_adolescents,-1.64853858493153,Low-low surplus cluster,1.60053523705761,0.0014,0.00919578947368421,Low-low surplus cluster
E01003023,Lambeth 021C,Lambeth,children_and_adolescents,-2.548754235149,Low-low surplus cluster,1.70010643116071,0.0014,0.00919578947368421,Low-low surplus cluster
E01003024,Lambeth 021D,Lambeth,children_and_adolescents,-1.44312572920793,Low-low surplus cluster,1.13868527008276,0.0007,0.00557320574162679,Low-low surplus cluster
E01003025,Lambeth 021E,Lambeth,children_and_adolescents,-1.77473306136656,Low-low surplus cluster,1.11348310994976,0.0085,0.0311541850220264,Low-low surplus cluster
E01003026,Lambeth 019A,Lambeth,children_and_adolescents,-1.72106477265015,Low-low surplus cluster,1.10001133453262,0.0014,0.00919578947368421,Low-low surplus cluster
E01003027,Lambeth 019B,Lambeth,children_and_adolescents,0.0754641835915128,High-low spatial outlier,-0.0458147431747915,0.034,0.0814433781190019,Not significant
E01003028,Lambeth 019C,Lambeth,children_and_adolescents,-1.26556365796406,Low-low surplus cluster,0.740135481120735,0.008,0.0299594898724681,Low-low surplus cluster
E01003029,Lambeth 017A,Lambeth,children_and_adolescents,-2.3432839686682,Low-low surplus cluster,1.77633954204452,0.0017,0.0105421118012422,Low-low surplus cluster
E01003030,Lambeth 019D,Lambeth,children_and_adolescents,-2.39438212458272,Low-low surplus cluster,1.44258937350006,0.0171,0.0505107692307692,Not significant
E01003031,Lambeth 023A,Lambeth,children_and_adolescents,-1.79792547152311,Low-low surplus cluster,1.11103559956027,0.0087,0.0315857454545455,Low-low surplus cluster
E01003032,Lambeth 017B,Lambeth,children_and_adolescents,-2.6229098069119,Low-low surplus cluster,1.93278507639393,0.0004,0.00385482625482626,Low-low surplus cluster
E01003033,Lambeth 019E,Lambeth,children_and_adolescents,-0.227276133813285,Not significant,0.11874017360154,0.0482,0.102302040816327,Not significant
E01003034,Lambeth 012A,Lambeth,children_and_adolescents,-0.950482230152702,Low-low surplus cluster,0.651151960161091,0.0049,0.0213631441048035,Low-low surplus cluster
E01003035,Lambeth 012B,Lambeth,children_and_adolescents,-3.40497949672842,Low-low surplus cluster,3.44655687985563,0.0014,0.00919578947368421,Low-low surplus cluster
E01003036,Lambeth 012C,Lambeth,children_and_adolescents,-2.83675659777699,Low-low surplus cluster,2.16988756607378,0.0006,0.0050255033557047,Low-low surplus cluster
E01003037,Lambeth 013A,Lambeth,children_and_adolescents,-1.7632652428581,Low-low surplus cluster,1.34426573786209,0.0004,0.00385482625482626,Low-low surplus cluster
E01003038,Lambeth 013B,Lambeth,children_and_adolescents,-2.16942510127127,Low-low surplus cluster,1.82262152043598,0.0018,0.0108129963898917,Low-low surplus cluster
E01003039,Lambeth 013C,Lambeth,children_and_adolescents,-2.91459866918343,Low-low surplus cluster,2.90957100912147,0.0007,0.00557320574162679,Low-low surplus cluster
E01003040,Lambeth 013D,Lambeth,children_and_adolescents,-2.67049483528636,Low-low surplus cluster,2.270378609442,0.0006,0.0050255033557047,Low-low surplus cluster
E01003041,Lambeth 017C,Lambeth,children_and_adolescents,-2.93261547590176,Low-low surplus cluster,3.4337018841894,0.0001,0.00156,Low-low surplus cluster
E01003042,Lambeth 013E,Lambeth,children_and_adolescents,-2.33130855415992,Low-low surplus cluster,1.30470897780212,0.0155,0.0473247706422018,Low-low surplus cluster
E01003043,Lambeth 018A,Lambeth,children_and_adolescents,-1.23577467509594,Not significant,0.483375548313079,0.0622,0.121195316159251,Not significant
E01003044,Lambeth 018B,Lambeth,children_and_adolescents,0.450486486102929,Not significant,-0.214265174048998,0.0485,0.102807643312102,Not significant
E01003045,Lambeth 011A,Lambeth,children_and_adolescents,-0.997320283865796,Low-low surplus cluster,0.590451998133699,0.0046,0.0204845673505798,Low-low surplus cluster
E01003046,Lambeth 009A,Lambeth,children_and_adolescents,-1.30249950905804,Not significant,0.468214962788129,0.0607,0.119297007874016,Not significant
E01003047,Lambeth 011B,Lambeth,children_and_adolescents,-2.30674311004702,Low-low surplus cluster,1.67533425985284,0.0004,0.00385482625482626,Low-low surplus cluster
E01003048,Lambeth 009B,Lambeth,children_and_adolescents,0.109232166015687,High-low spatial outlier,-0.0719394650584286,0.0199,0.0562200339558574,Not significant
E01003049,Lambeth 011C,Lambeth,children_and_adolescents,-1.26232137123246,Not significant,0.670244027072333,0.0335,0.0804773820981713,Not significant
E01003050,Lambeth 016B,Lambeth,children_and_adolescents,-2.79037688295781,Low-low surplus cluster,1.56117667953076,0.0261,0.0676134924753503,Not significant
E01003051,Lambeth 018C,Lambeth,children_and_adolescents,-2.53924367177058,Not significant,0.901191000660765,0.0714,0.132896644295302,Not significant
E01003052,Lambeth 016C,Lambeth,children_and_adolescents,-0.757530775168135,Low-low surplus cluster,0.481441218690927,0.013,0.0417337620578778,Low-low surplus cluster
E01003053,Lambeth 015B,Lambeth,children_and_adolescents,-2.3866359797468,Low-low surplus cluster,2.07607404100189,0.0001,0.00156,Low-low surplus cluster
E01003054,Lambeth 015C,Lambeth,children_and_adolescents,-3.95149996634311,Low-low surplus cluster,3.42261946578932,0.0001,0.00156,Low-low surplus cluster
E01003055,Lambeth 016D,Lambeth,children_and_adolescents,-2.35747109723891,Low-low surplus cluster,2.10991274044621,0.0001,0.00156,Low-low surplus cluster
E01003056,Lambeth 015D,Lambeth,children_and_adolescents,-3.3020397981575,Low-low surplus cluster,3.02248484308894,0.0003,0.0031661733615222,Low-low surplus cluster
E01003057,Lambeth 017D,Lambeth,children_and_adolescents,-2.89342062595288,Low-low surplus cluster,3.26754676201806,0.0001,0.00156,Low-low surplus cluster
E01003058,Lambeth 015E,Lambeth,children_and_adolescents,-3.26002885912343,Low-low surplus cluster,3.17304422982667,0.0005,0.00447311827956989,Low-low surplus cluster
E01003059,Lambeth 011D,Lambeth,children_and_adolescents,-1.79867425441431,Not significant,1.05979969879254,0.0327,0.0789353965183753,Not significant
E01003060,Lambeth 011E,Lambeth,children_and_adolescents,-0.935807495502006,Low-low surplus cluster,0.842957231789197,0.0004,0.00385482625482626,Low-low surplus cluster
E01003061,Lambeth 011F,Lambeth,children_and_adolescents,-3.30063018854657,Low-low surplus cluster,2.33626252323148,0.0272,0.069632,Not significant
E01003062,Lambeth 033A,Lambeth,children_and_adolescents,-1.66688244397641,Not significant,0.0486056875259852,0.4503,0.467824682622269,Not significant
E01003063,Lambeth 033B,Lambeth,children_and_adolescents,-0.552264181287711,Not significant,0.0656698445136722,0.3225,0.374052044609665,Not significant
E01003064,Lambeth 028A,Lambeth,children_and_adolescents,0.667822690450572,Not significant,0.106930411313909,0.2705,0.330964705882353,Not significant
E01003065,Lambeth 031A,Lambeth,children_and_adolescents,1.16259795283544,Not significant,0.102541739311988,0.4013,0.433424837732583,Not significant
E01003066,Lambeth 028B,Lambeth,children_and_adolescents,0.208192367929012,Not significant,-0.00333345109845714,0.4672,0.478609152472809,Not significant
E01003067,Lambeth 033C,Lambeth,children_and_adolescents,-0.128197488094429,Not significant,-0.0289419753091389,0.1695,0.24024531516184,Not significant
E01003068,Lambeth 031B,Lambeth,children_and_adolescents,0.188815493533576,Not significant,0.0231174313585141,0.3418,0.389380556823368,Not significant
E01003069,Lambeth 033D,Lambeth,children_and_adolescents,0.826673352280546,Not significant,-0.0373598430963084,0.4102,0.438953569131833,Not significant
E01003070,Lambeth 033E,Lambeth,children_and_adolescents,0.129139923078546,Not significant,-0.0105986662243939,0.3739,0.414909397911575,Not significant
E01003071,Lambeth 018D,Lambeth,children_and_adolescents,-0.853096545808817,Not significant,0.161999614430776,0.2299,0.2964,Not significant
E01003072,Lambeth 014A,Lambeth,children_and_adolescents,-0.128108722901062,Not significant,0.00270050768819692,0.454,0.470493668258252,Not significant
E01003073,Lambeth 014B,Lambeth,children_and_adolescents,-0.922209081730909,Not significant,0.279518434923964,0.117,0.187020172910663,Not significant
E01003074,Lambeth 018E,Lambeth,children_and_adolescents,-1.51162668374193,Not significant,0.292027593915778,0.1725,0.242842639593909,Not significant
E01003075,Lambeth 009C,Lambeth,children_and_adolescents,-0.2959020126174,Low-low surplus cluster,0.185029201227127,0.008,0.0299594898724681,Low-low surplus cluster
E01003076,Lambeth 014C,Lambeth,children_and_adolescents,-1.45251992871978,Not significant,0.612067067331999,0.0518,0.107207960199005,Not significant
E01003077,Lambeth 014D,Lambeth,children_and_adolescents,-1.89573091202316,Not significant,0.639300946900331,0.0798,0.143450342095787,Not significant
E01003078,Lambeth 014E,Lambeth,children_and_adolescents,0.146524582935348,Not significant,-0.0341601579963916,0.1533,0.223633430742256,Not significant
E01003079,Lambeth 027A,Lambeth,children_and_adolescents,0.767827413112495,Not significant,-0.127899896626669,0.2324,0.298313396760093,Not significant
E01003080,Lambeth 027B,Lambeth,children_and_adolescents,0.718581763587421,Not significant,0.0743979494463094,0.3778,0.417806291537439,Not significant
E01003081,Lambeth 028C,Lambeth,children_and_adolescents,-0.656141050557455,Not significant,-0.0726677880547361,0.3252,0.375439037927845,Not significant
E01003082,Lambeth 031C,Lambeth,children_and_adolescents,-0.782751491917462,Not significant,-0.0252191943667645,0.46,0.474250309789343,Not significant
E01003083,Lambeth 030A,Lambeth,children_and_adolescents,1.18155062091142,Not significant,-0.0151002854053958,0.4662,0.47797707948244,Not significant
E01003084,Lambeth 030B,Lambeth,children_and_adolescents,-0.333042465189857,Not significant,-0.034392634204495,0.3978,0.431137125488493,Not significant
E01003085,Lambeth 030C,Lambeth,children_and_adolescents,0.296162906243483,Not significant,0.00115388976155069,0.4903,0.493562734422263,Not significant
E01003086,Lambeth 031D,Lambeth,children_and_adolescents,-0.442754342825323,Not significant,-0.0292255562838654,0.4016,0.433467502702703,Not significant
E01003087,Lambeth 031E,Lambeth,children_and_adolescents,1.02277391968925,Not significant,-0.0334884772364852,0.4249,0.449957742893509,Not significant
E01003088,Lambeth 010A,Lambeth,children_and_adolescents,0.289584169051381,High-low spatial outlier,-0.364194003880653,0.0001,0.00156,High-low spatial outlier
E01003089,Lambeth 008A,Lambeth,children_and_adolescents,-0.971377492104165,Low-low surplus cluster,0.604249407660395,0.0157,0.0477601462522852,Low-low surplus cluster
E01003090,Lambeth 012D,Lambeth,children_and_adolescents,-2.81720462471276,Low-low surplus cluster,2.50351982841984,0.0001,0.00156,Low-low surplus cluster
E01003091,Lambeth 008B,Lambeth,children_and_adolescents,-0.809317394319075,Low-low surplus cluster,0.425700300460591,0.0227,0.0618550218340611,Not significant
E01003092,Lambeth 008C,Lambeth,children_and_adolescents,-1.46966439031918,Low-low surplus cluster,1.01468733589329,0.004,0.0189270142180095,Low-low surplus cluster
E01003093,Lambeth 010B,Lambeth,children_and_adolescents,-1.65457506102586,Low-low surplus cluster,1.87876055795465,0.0003,0.0031661733615222,Low-low surplus cluster
E01003094,Lambeth 010C,Lambeth,children_and_adolescents,-3.4366052731572,Low-low surplus cluster,3.68845325305892,0.0006,0.0050255033557047,Low-low surplus cluster
E01003095,Lambeth 012E,Lambeth,children_and_adolescents,-1.01280930958299,Low-low surplus cluster,0.973702067003482,0.0002,0.00242330097087379,Low-low surplus cluster
E01003096,Lambeth 010D,Lambeth,children_and_adolescents,-4.22871309931484,Low-low surplus cluster,2.87931532141028,0.0026,0.0139711517761033,Low-low surplus cluster
E01003097,Lambeth 006A,Lambeth,children_and_adolescents,-3.1026065701029,Low-low surplus cluster,3.04621691249283,0.0001,0.00156,Low-low surplus cluster
E01003098,Lambeth 005A,Lambeth,children_and_adolescents,-1.74991252713468,Low-low surplus cluster,1.60545242052723,0.0002,0.00242330097087379,Low-low surplus cluster
E01003099,Lambeth 005B,Lambeth,children_and_adolescents,-2.50617675800969,Low-low surplus cluster,2.14611318601078,0.0001,0.00156,Low-low surplus cluster
E01003100,Lambeth 005C,Lambeth,children_and_adolescents,-3.21757724936651,Low-low surplus cluster,2.19210442238774,0.0087,0.0315857454545455,Low-low surplus cluster
E01003101,Lambeth 003A,Lambeth,children_and_adolescents,-3.03188207058574,Low-low surplus cluster,3.38356062087753,0.0006,0.0050255033557047,Low-low surplus cluster
E01003102,Lambeth 004A,Lambeth,children_and_adolescents,-3.45921736021836,Low-low surplus cluster,3.60034613523873,0.0001,0.00156,Low-low surplus cluster
E01003104,Lambeth 004C,Lambeth,children_and_adolescents,-2.40467165196089,Low-low surplus cluster,2.60797346334605,0.0003,0.0031661733615222,Low-low surplus cluster
E01003105,Lambeth 003B,Lambeth,children_and_adolescents,-2.26226904768548,Low-low surplus cluster,1.95369050699087,0.001,0.00731964809384164,Low-low surplus cluster
E01003106,Lambeth 003C,Lambeth,children_and_adolescents,-2.03416182721728,Low-low surplus cluster,1.69565308192421,0.0005,0.00447311827956989,Low-low surplus cluster
E01003107,Lambeth 003D,Lambeth,children_and_adolescents,-3.36184875169385,Low-low surplus cluster,3.09206454063989,0.0002,0.00242330097087379,Low-low surplus cluster
E01003108,Lambeth 002B,Lambeth,children_and_adolescents,-1.4789876254357,Low-low surplus cluster,1.39952581838362,0.0019,0.0112113475177305,Low-low surplus cluster
E01003110,Lambeth 002C,Lambeth,children_and_adolescents,-2.72847909983153,Low-low surplus cluster,2.69602025391744,0.0001,0.00156,Low-low surplus cluster
E01003111,Lambeth 002D,Lambeth,children_and_adolescents,-1.13857652886959,Low-low surplus cluster,1.00263442266586,0.001,0.00731964809384164,Low-low surplus cluster
E01003112,Lambeth 002E,Lambeth,children_and_adolescents,-1.46684730115927,Low-low surplus cluster,1.59894531071917,0.0003,0.0031661733615222,Low-low surplus cluster
E01003113,Lambeth 032A,Lambeth,children_and_adolescents,-0.0845221976697656,Not significant,-0.00369642451170931,0.4524,0.469225181799294,Not significant
E01003114,Lambeth 032B,Lambeth,children_and_adolescents,-0.211016850593869,Not significant,0.0382567163816809,0.2203,0.287588284518828,Not significant
E01003115,Lambeth 034A,Lambeth,children_and_adolescents,-0.422538476843351,Not significant,0.0636132464594476,0.3092,0.362670676691729,Not significant
E01003116,Lambeth 029A,Lambeth,children_and_adolescents,0.485921128736753,Not significant,-0.122758329294311,0.1599,0.230167474048443,Not significant
E01003117,Lambeth 029B,Lambeth,children_and_adolescents,-0.734259642105249,Not significant,0.136025412063157,0.2298,0.29634761043658,Not significant
E01003118,Lambeth 029C,Lambeth,children_and_adolescents,0.260334167890778,Not significant,-0.0753390821895674,0.1091,0.178274042553191,Not significant
E01003119,Lambeth 032C,Lambeth,children_and_adolescents,-0.509631927580477,Not significant,0.0000553325028275547,0.4874,0.491535515151515,Not significant
E01003120,Lambeth 032D,Lambeth,children_and_adolescents,-1.53577803893017,Not significant,0.130636556782298,0.3445,0.391117580168297,Not significant
E01003121,Lambeth 006B,Lambeth,children_and_adolescents,-1.04704722054221,Low-low surplus cluster,1.04603830335765,0.0033,0.0166232088799193,Low-low surplus cluster
E01003122,Lambeth 004D,Lambeth,children_and_adolescents,-2.1526441612092,Low-low surplus cluster,1.70204369493031,0.0003,0.0031661733615222,Low-low surplus cluster
E01003123,Lambeth 006C,Lambeth,children_and_adolescents,-2.68892851217087,Low-low surplus cluster,2.08219355718548,0.0004,0.00385482625482626,Low-low surplus cluster
E01003124,Lambeth 006D,Lambeth,children_and_adolescents,-1.93950941401555,Low-low surplus cluster,1.75043113467312,0.0014,0.00919578947368421,Low-low surplus cluster
E01003125,Lambeth 006E,Lambeth,children_and_adolescents,-0.221301617718702,Low-low surplus cluster,0.211671597267122,0.0001,0.00156,Low-low surplus cluster
E01003126,Lambeth 008D,Lambeth,children_and_adolescents,-3.05837355304796,Low-low surplus cluster,2.27754569348842,0.0025,0.0136542669584245,Low-low surplus cluster
E01003127,Lambeth 010E,Lambeth,children_and_adolescents,-1.69399651854842,Low-low surplus cluster,1.54988303151431,0.0003,0.0031661733615222,Low-low surplus cluster
E01003128,Lambeth 008E,Lambeth,children_and_adolescents,-2.68088761801829,Low-low surplus cluster,2.42988159349261,0.0002,0.00242330097087379,Low-low surplus cluster
E01003129,Lambeth 004E,Lambeth,children_and_adolescents,-2.89102407638509,Low-low surplus cluster,2.05421186330231,0.0054,0.0228835314091681,Low-low surplus cluster
E01003130,Lambeth 026A,Lambeth,children_and_adolescents,-0.893629653073838,Not significant,0.414850992820759,0.0487,0.103012881355932,Not significant
E01003131,Lambeth 026B,Lambeth,children_and_adolescents,-0.831469646564444,Not significant,0.297240017535675,0.0818,0.145733618843683,Not significant
E01003132,Lambeth 024A,Lambeth,children_and_adolescents,-1.41960149223355,Not significant,0.605235727319536,0.0402,0.091383606557377,Not significant
E01003133,Lambeth 027C,Lambeth,children_and_adolescents,-1.40048251888554,Not significant,0.350071577140471,0.1385,0.209449257800666,Not significant
E01003134,Lambeth 027D,Lambeth,children_and_adolescents,-0.829389394565372,Not significant,0.299318160151185,0.1016,0.169855056932351,Not significant
E01003135,Lambeth 026C,Lambeth,children_and_adolescents,-0.85039756761513,Not significant,0.259817287016862,0.0988,0.166456159298009,Not significant
E01003136,Lambeth 022A,Lambeth,children_and_adolescents,-0.72777265687944,Not significant,0.338663980560328,0.0346,0.0824454415274463,Not significant
E01003137,Lambeth 022B,Lambeth,children_and_adolescents,-2.22072541083467,Low-low surplus cluster,1.1444081389394,0.0255,0.0665078369905956,Not significant
E01003138,Lambeth 026D,Lambeth,children_and_adolescents,-0.25728695750162,Not significant,0.0423742325368265,0.2335,0.299110084680524,Not significant
E01003139,Lambeth 035A,Lambeth,children_and_adolescents,-0.0638261954530287,Not significant,0.000973410101608066,0.463,0.47606508753862,Not significant
E01003140,Lambeth 035B,Lambeth,children_and_adolescents,0.700160401609825,Not significant,0.0477474129055197,0.4048,0.435321327014218,Not significant
E01003141,Lambeth 034B,Lambeth,children_and_adolescents,0.692916506696517,Not significant,0.126850683029483,0.2396,0.303805740411481,Not significant
E01003142,Lambeth 035C,Lambeth,children_and_adolescents,-0.269401683172636,Not significant,-0.0637322240717294,0.2263,0.292969294605809,Not significant
E01003143,Lambeth 035D,Lambeth,children_and_adolescents,-0.184845066844419,Not significant,-0.0223535436612764,0.3418,0.389380556823368,Not significant
E01003144,Lambeth 034C,Lambeth,children_and_adolescents,0.260394566597254,Not significant,0.00224373906069645,0.499,0.499400160384924,Not significant
E01003145,Lambeth 034D,Lambeth,children_and_adolescents,-1.1792810961573,Not significant,0.075975991198112,0.3818,0.419904296100463,Not significant
E01003146,Lambeth 035E,Lambeth,children_and_adolescents,-0.646724754976817,Not significant,-0.028131907177385,0.4384,0.459599244491081,Not significant
E01003147,Lambeth 034E,Lambeth,children_and_adolescents,0.0604621121576746,Not significant,0.00185829363113497,0.4668,0.478395729829604,Not significant
E01003148,Lambeth 032E,Lambeth,children_and_adolescents,-0.71407497257157,Not significant,0.109160280037491,0.2646,0.325741849568434,Not significant
E01003149,Lambeth 030D,Lambeth,children_and_adolescents,-0.164495667546967,Not significant,-0.00212363790145506,0.4848,0.489903157894737,Not significant
E01003150,Lambeth 032F,Lambeth,children_and_adolescents,-0.464906234763048,Not significant,0.08154583858208,0.2365,0.301329249617152,Not significant
E01003151,Lambeth 026E,Lambeth,children_and_adolescents,-0.408992865301463,Not significant,0.103175465749023,0.2029,0.271475958188153,Not significant
E01003152,Lambeth 027E,Lambeth,children_and_adolescents,-0.217703753332671,Not significant,0.0358005341426059,0.2161,0.284336109646811,Not significant
E01003153,Lambeth 029D,Lambeth,children_and_adolescents,-1.75184142953047,Not significant,0.209807492830485,0.3163,0.368229850746269,Not significant
E01003154,Lambeth 030E,Lambeth,children_and_adolescents,-0.193795084954082,Not significant,-0.0195095779700873,0.3406,0.388279333181092,Not significant
E01003155,Lambeth 029E,Lambeth,children_and_adolescents,0.147009725546657,Not significant,-0.0403099695819227,0.1419,0.21251144397843,Not significant
E01003156,Lambeth 023B,Lambeth,children_and_adolescents,-0.772751289050338,Not significant,0.173492915025197,0.2151,0.283693315719947,Not significant
E01003157,Lambeth 023C,Lambeth,children_and_adolescents,0.718453950507642,Not significant,-0.213960586918233,0.1183,0.188254255658272,Not significant
E01003158,Lambeth 023D,Lambeth,children_and_adolescents,-0.222388339783777,Not significant,0.0224193936701481,0.3451,0.391531636363636,Not significant
E01003159,Lambeth 022C,Lambeth,children_and_adolescents,-2.80625386498595,Low-low surplus cluster,2.04315213876165,0.0019,0.0112113475177305,Low-low surplus cluster
E01003160,Lambeth 022D,Lambeth,children_and_adolescents,-2.03043483367179,Low-low surplus cluster,1.00804648860343,0.0199,0.0562200339558574,Not significant
E01003161,Lambeth 023E,Lambeth,children_and_adolescents,-1.02842858578591,Low-low surplus cluster,0.5013489545033,0.0209,0.0581889570552147,Not significant
E01003162,Lambeth 022E,Lambeth,children_and_adolescents,-1.12939079471784,Low-low surplus cluster,0.726477196755284,0.0133,0.042478310940499,Low-low surplus cluster
E01003163,Lambeth 023F,Lambeth,children_and_adolescents,-0.411488372879701,Not significant,0.133066078651011,0.1031,0.1715584,Not significant
E01003164,Lambeth 025A,Lambeth,children_and_adolescents,-1.26322276925211,Not significant,0.225176202622533,0.2379,0.302649541284404,Not significant
E01003165,Lambeth 025B,Lambeth,children_and_adolescents,0.266195575514706,Not significant,0.0125269877923526,0.439,0.459720578980491,Not significant
E01003166,Lambeth 028D,Lambeth,children_and_adolescents,-1.54959328107242,Not significant,0.0578526271571451,0.4237,0.44928,Not significant
E01003167,Lambeth 028E,Lambeth,children_and_adolescents,0.2638557488989,Not significant,-0.0101499460661226,0.4411,0.461242396313364,Not significant
E01003168,Lambeth 025C,Lambeth,children_and_adolescents,0.201604489079873,Not significant,-0.030986302382432,0.3226,0.374081114982578,Not significant
E01003169,Lambeth 025D,Lambeth,children_and_adolescents,-0.426655639404956,Not significant,0.0572653865501886,0.2924,0.348118483186263,Not significant
E01003170,Lambeth 025E,Lambeth,children_and_adolescents,0.466534242964021,Not significant,-0.0411174844408919,0.3346,0.383717711922812,Not significant
E01003171,Lambeth 020B,Lambeth,children_and_adolescents,-1.49743964432254,Not significant,0.526804914569388,0.1059,0.174876877274231,Not significant
E01003172,Lambeth 024B,Lambeth,children_and_adolescents,0.0993639198186335,Not significant,-0.0305582437648288,0.0914,0.157823867173988,Not significant
E01003173,Lambeth 020C,Lambeth,children_and_adolescents,-1.68052397887033,Not significant,0.669771329967239,0.0784,0.141647774158523,Not significant
E01003174,Lambeth 024C,Lambeth,children_and_adolescents,-0.125223213690896,Not significant,0.0400479034009521,0.1049,0.173742800265428,Not significant
E01003175,Lambeth 024D,Lambeth,children_and_adolescents,-0.665792369075007,Not significant,0.24626875250431,0.0953,0.162146421267894,Not significant
E01003176,Lambeth 016E,Lambeth,children_and_adolescents,-0.757934571791145,Low-low surplus cluster,0.602641781045379,0.0002,0.00242330097087379,Low-low surplus cluster
E01003177,Lambeth 020D,Lambeth,children_and_adolescents,-2.41487898983306,Not significant,0.889970235729981,0.1189,0.188847852370347,Not significant
E01003178,Lambeth 020E,Lambeth,children_and_adolescents,-1.82448501959103,Low-low surplus cluster,1.01481733564049,0.0158,0.047918347509113,Low-low surplus cluster
E01003179,Lambeth 024E,Lambeth,children_and_adolescents,0.186759265920745,High-low spatial outlier,-0.100594418794434,0.0283,0.0715309367088608,Not significant
E01003180,Lambeth 005D,Lambeth,children_and_adolescents,-2.51831954451336,Low-low surplus cluster,1.9698461983205,0.0037,0.0179673151750973,Low-low surplus cluster
E01003181,Lambeth 007A,Lambeth,children_and_adolescents,-2.25468670362603,Low-low surplus cluster,1.68293546762107,0.0016,0.010097597977244,Low-low surplus cluster
E01003182,Lambeth 009D,Lambeth,children_and_adolescents,-0.854240179002489,Low-low surplus cluster,0.506281747199551,0.0073,0.0281402316602317,Low-low surplus cluster
E01003183,Lambeth 005E,Lambeth,children_and_adolescents,-2.29815248974752,Low-low surplus cluster,1.7848217403556,0.0003,0.0031661733615222,Low-low surplus cluster
E01003184,Lambeth 007B,Lambeth,children_and_adolescents,-1.06674209121543,Low-low surplus cluster,0.886865494951782,0.0008,0.0061724884080371,Low-low surplus cluster
E01003185,Lambeth 007C,Lambeth,children_and_adolescents,-2.44794599590115,Low-low surplus cluster,1.82891262195495,0.0221,0.0606171428571429,Not significant
E01003186,Lambeth 007D,Lambeth,children_and_adolescents,-2.62017515646168,Low-low surplus cluster,1.62191394260565,0.0016,0.010097597977244,Low-low surplus cluster
E01003187,Lambeth 007E,Lambeth,children_and_adolescents,-1.39718579536515,Low-low surplus cluster,0.951462906210359,0.0051,0.0219286821705426,Low-low surplus cluster
E01003188,Lambeth 009E,Lambeth,children_and_adolescents,-1.47271194161672,Low-low surplus cluster,0.796913560893525,0.0296,0.0738446776611694,Not significant
E01003189,Lewisham 034A,Lewisham,children_and_adolescents,0.777039550096135,Not significant,0.12439017495833,0.2914,0.347093486041518,Not significant
E01003190,Lewisham 034B,Lewisham,children_and_adolescents,1.36811344741163,Not significant,0.267523173527741,0.2244,0.291264898595944,Not significant
E01003191,Lewisham 034C,Lewisham,children_and_adolescents,0.632845425150402,Not significant,0.198251863041019,0.1091,0.178274042553191,Not significant
E01003192,Lewisham 034D,Lewisham,children_and_adolescents,0.705963767379122,Not significant,0.132706575772474,0.1519,0.222370909090909,Not significant
E01003193,Lewisham 029A,Lewisham,children_and_adolescents,0.90000824150264,Not significant,0.090150724203645,0.3489,0.394676818490823,Not significant
E01003194,Lewisham 029B,Lewisham,children_and_adolescents,0.433056921798787,Not significant,0.0456519466717408,0.324,0.374573413617415,Not significant
E01003195,Lewisham 029C,Lewisham,children_and_adolescents,-0.281171192803644,Not significant,-0.0265606289865245,0.3614,0.404690174966353,Not significant
E01003196,Lewisham 029D,Lewisham,children_and_adolescents,0.515775420612444,Not significant,0.108949720448598,0.181,0.250916967509025,Not significant
E01003197,Lewisham 029E,Lewisham,children_and_adolescents,0.160798142872394,Not significant,0.0307997810926919,0.2525,0.315593390085128,Not significant
E01003198,Lewisham 009A,Lewisham,children_and_adolescents,0.0726847822441968,Not significant,-0.0277744675883425,0.1123,0.181895392602206,Not significant
E01003199,Lewisham 007A,Lewisham,children_and_adolescents,-0.445650585451295,Low-low surplus cluster,0.210128069867826,0.0193,0.0550231867504283,Not significant
E01003200,Lewisham 009B,Lewisham,children_and_adolescents,-1.97241123362843,Not significant,0.330589734687408,0.2022,0.270952212389381,Not significant
E01003201,Lewisham 007B,Lewisham,children_and_adolescents,-1.1958075823073,Low-low surplus cluster,0.608404056308337,0.0182,0.0527303540336622,Not significant
E01003202,Lewisham 009C,Lewisham,children_and_adolescents,-0.878082687210801,Not significant,0.0986217568913164,0.3052,0.359075748291303,Not significant
E01003203,Lewisham 009D,Lewisham,children_and_adolescents,-0.769419576203042,Not significant,0.166271856602571,0.1941,0.263444045676998,Not significant
E01003204,Lewisham 007C,Lewisham,children_and_adolescents,-0.400797641522809,Not significant,0.151846845757869,0.0676,0.128311482889734,Not significant
E01003205,Lewisham 007D,Lewisham,children_and_adolescents,-0.242958904987146,Not significant,0.0836922828865942,0.1091,0.178274042553191,Not significant
E01003206,Lewisham 007E,Lewisham,children_and_adolescents,0.245565548334613,Not significant,-0.0928834903240953,0.1185,0.188392356687898,Not significant
E01003207,Lewisham 005A,Lewisham,children_and_adolescents,-2.52639671454946,Low-low surplus cluster,1.81921993621862,0.0008,0.0061724884080371,Low-low surplus cluster
E01003209,Lewisham 005B,Lewisham,children_and_adolescents,-0.54368646715938,Not significant,0.267722528509468,0.0912,0.157533010380623,Not significant
E01003210,Lewisham 005C,Lewisham,children_and_adolescents,-1.64440657659796,Not significant,0.663352506527743,0.0449,0.0980064713598601,Not significant
E01003211,Lewisham 008B,Lewisham,children_and_adolescents,-1.3538369443873,Not significant,0.45251785622396,0.1171,0.187120102432778,Not significant
E01003212,Lewisham 005D,Lewisham,children_and_adolescents,-0.555404157300745,Not significant,0.151252253185051,0.1075,0.176526315789474,Not significant
E01003213,Lewisham 008C,Lewisham,children_and_adolescents,0.731103602114435,Not significant,-0.257073762723701,0.108,0.177172527111403,Not significant
E01003214,Lewisham 008D,Lewisham,children_and_adolescents,-0.181889564841615,Not significant,0.0278407637073718,0.2854,0.342562346717961,Not significant
E01003215,Lewisham 005E,Lewisham,children_and_adolescents,-1.7146137822541,Low-low surplus cluster,0.935513609835234,0.019,0.0543541547277937,Not significant
E01003216,Lewisham 025A,Lewisham,children_and_adolescents,-1.06696600804826,Not significant,-0.298221269150985,0.1284,0.19841385709867,Not significant
E01003217,Lewisham 022A,Lewisham,children_and_adolescents,1.09856513340813,Not significant,0.125217119507103,0.3372,0.385573986718571,Not significant
E01003218,Lewisham 022B,Lewisham,children_and_adolescents,1.34689450238254,Not significant,0.285764291577166,0.2912,0.347020864168059,Not significant
E01003219,Lewisham 025B,Lewisham,children_and_adolescents,0.33611683975846,Not significant,0.0681120693193108,0.2151,0.283693315719947,Not significant
E01003220,Lewisham 022C,Lewisham,children_and_adolescents,0.0384264050478667,Not significant,0.00642308075848915,0.2831,0.340456564683209,Not significant
E01003221,Lewisham 025C,Lewisham,children_and_adolescents,2.40064932896826,Not significant,0.100420842572998,0.4492,0.466876202373517,Not significant
E01003222,Lewisham 022D,Lewisham,children_and_adolescents,0.254025030590775,High-high mismatch cluster,0.110111743182584,0.0119,0.0393409271523179,High-high mismatch cluster
E01003223,Lewisham 025D,Lewisham,children_and_adolescents,0.325027158016468,Not significant,0.0525541111847791,0.2495,0.312862094951017,Not significant
E01003224,Lewisham 022E,Lewisham,children_and_adolescents,0.817451618767121,Not significant,0.042178357292945,0.4371,0.458886056782334,Not significant
E01003225,Lewisham 015A,Lewisham,children_and_adolescents,1.07837720010749,Not significant,0.101999730425144,0.3449,0.391482673942701,Not significant
E01003226,Lewisham 019A,Lewisham,children_and_adolescents,0.661380762867181,Not significant,0.125498481332842,0.241,0.304652317042289,Not significant
E01003227,Lewisham 019B,Lewisham,children_and_adolescents,-0.14953274671754,Not significant,-0.0111548619510778,0.3863,0.423454018445323,Not significant
E01003228,Lewisham 019C,Lewisham,children_and_adolescents,0.0589596704062584,Not significant,0.00607242484858299,0.3668,0.409817726051925,Not significant
E01003229,Lewisham 019D,Lewisham,children_and_adolescents,-0.888175788507436,Not significant,-0.00839238753316335,0.492,0.494675528700906,Not significant
E01003230,Lewisham 019E,Lewisham,children_and_adolescents,0.367403178302706,Not significant,-0.0247373522729488,0.3847,0.422163640360519,Not significant
E01003231,Lewisham 015B,Lewisham,children_and_adolescents,-1.38756389111282,Not significant,0.101867867070982,0.3808,0.419579086697551,Not significant
E01003232,Lewisham 015C,Lewisham,children_and_adolescents,0.171729228255165,Not significant,0.00245134975430425,0.4872,0.491532417138238,Not significant
E01003233,Lewisham 015D,Lewisham,children_and_adolescents,-0.0656569680801472,Not significant,-0.00139530189210864,0.482,0.488160681679854,Not significant
E01003235,Lewisham 038A,Lewisham,children_and_adolescents,1.04387278468378,Not significant,0.426830911632143,0.0368,0.0858838709677419,Not significant
E01003236,Lewisham 037A,Lewisham,children_and_adolescents,0.701711315858337,Not significant,0.207248238071028,0.1178,0.187697925311203,Not significant
E01003237,Lewisham 037B,Lewisham,children_and_adolescents,0.189347494252072,Not significant,0.0570743516084737,0.1128,0.182409329446064,Not significant
E01003238,Lewisham 037C,Lewisham,children_and_adolescents,0.467985210499584,Not significant,0.152826339263415,0.1156,0.185495081967213,Not significant
E01003239,Lewisham 037D,Lewisham,children_and_adolescents,1.18778709285202,Not significant,0.329972586740749,0.1133,0.182862463627546,Not significant
E01003240,Lewisham 038B,Lewisham,children_and_adolescents,1.7214762329698,Not significant,0.330769726806688,0.1919,0.26102583106267,Not significant
E01003241,Lewisham 038C,Lewisham,children_and_adolescents,-1.31547433869946,Not significant,-0.249793704546164,0.2327,0.298391574621115,Not significant
E01003243,Lewisham 038D,Lewisham,children_and_adolescents,0.40496572076815,Not significant,0.0822285234708398,0.2637,0.3247940784604,Not significant
E01003244,Lewisham 001A,Lewisham,children_and_adolescents,-0.812681641245169,Low-low surplus cluster,0.510671525902238,0.0232,0.0626362358031368,Not significant
E01003245,Lewisham 001B,Lewisham,children_and_adolescents,0.782268098410171,Not significant,-0.343391329785067,0.1133,0.182862463627546,Not significant
E01003246,Lewisham 002A,Lewisham,children_and_adolescents,-0.794233995244008,Not significant,0.248757119036718,0.068,0.128630541871921,Not significant
E01003247,Lewisham 001C,Lewisham,children_and_adolescents,-1.98592776949155,Not significant,0.403351153615027,0.1897,0.25951833379008,Not significant
E01003248,Lewisham 002B,Lewisham,children_and_adolescents,-0.592706130452405,Not significant,0.251754252862276,0.0518,0.107207960199005,Not significant
E01003249,Lewisham 001D,Lewisham,children_and_adolescents,-1.31303037059779,Not significant,0.712841052547976,0.049,0.103472081218274,Not significant
E01003251,Lewisham 002C,Lewisham,children_and_adolescents,-0.195368072804388,Low-low surplus cluster,0.107795072713502,0.0169,0.0501574316290131,Not significant
E01003252,Lewisham 002D,Lewisham,children_and_adolescents,-0.37436244042503,Not significant,0.153586159158519,0.1318,0.202071744471744,Not significant
E01003253,Lewisham 002E,Lewisham,children_and_adolescents,-2.27091079222001,Low-low surplus cluster,1.23813572584707,0.0131,0.0419738125802311,Low-low surplus cluster
E01003254,Lewisham 021A,Lewisham,children_and_adolescents,0.352193284254519,Not significant,0.131898067579739,0.0645,0.124222222222222,Not significant
E01003255,Lewisham 021B,Lewisham,children_and_adolescents,-0.206821914359996,Not significant,0.000827339912587994,0.4821,0.488162920892495,Not significant
E01003256,Lewisham 028A,Lewisham,children_and_adolescents,-0.252064069260976,Not significant,0.00540440089661643,0.4652,0.477343967112025,Not significant
E01003257,Lewisham 028B,Lewisham,children_and_adolescents,1.14483543979819,Not significant,0.144938872210773,0.3366,0.385214855570839,Not significant
E01003258,Lewisham 028C,Lewisham,children_and_adolescents,2.05249846941916,Not significant,0.69306434322975,0.146,0.216849747099078,Not significant
E01003259,Lewisham 028D,Lewisham,children_and_adolescents,-0.350108882493545,Not significant,-0.0864835357237375,0.1642,0.234934479793637,Not significant
E01003260,Lewisham 021C,Lewisham,children_and_adolescents,1.36909901753029,Not significant,0.311169291227419,0.1854,0.254890173410405,Not significant
E01003261,Lewisham 021D,Lewisham,children_and_adolescents,0.97640501813619,Not significant,0.325431833969416,0.0905,0.156703433922997,Not significant
E01003262,Lewisham 021E,Lewisham,children_and_adolescents,0.772304825069345,Not significant,0.0447195396588264,0.4135,0.441645176470588,Not significant
E01003263,Lewisham 023A,Lewisham,children_and_adolescents,0.663113079166036,Not significant,0.16796611412929,0.1149,0.184668641339343,Not significant
E01003264,Lewisham 031A,Lewisham,children_and_adolescents,-0.296252561206481,Not significant,-0.0583510519585857,0.2671,0.328091338582677,Not significant
E01003265,Lewisham 031B,Lewisham,children_and_adolescents,1.48326773395787,Not significant,0.365812328905994,0.1467,0.217630430906389,Not significant
E01003266,Lewisham 031C,Lewisham,children_and_adolescents,0.0594302735747695,Not significant,0.00879954736936349,0.3032,0.357649905482042,Not significant
E01003267,Lewisham 031D,Lewisham,children_and_adolescents,0.901321270262814,Not significant,0.324512619505696,0.0923,0.158992960662526,Not significant
E01003268,Lewisham 023B,Lewisham,children_and_adolescents,0.394046420641098,Not significant,0.151853992012271,0.0552,0.111607290400972,Not significant
E01003269,Lewisham 023C,Lewisham,children_and_adolescents,1.67127559788836,Not significant,0.539270756109463,0.098,0.165723577235772,Not significant
E01003270,Lewisham 023D,Lewisham,children_and_adolescents,0.123214279726256,Not significant,0.0462404811558189,0.0818,0.145733618843683,Not significant
E01003271,Lewisham 023E,Lewisham,children_and_adolescents,0.846195137550182,Not significant,0.229389530451077,0.1641,0.234926068253513,Not significant
E01003272,Lewisham 014A,Lewisham,children_and_adolescents,-0.967286700276897,Not significant,0.171485216670533,0.2388,0.303022267412303,Not significant
E01003273,Lewisham 011A,Lewisham,children_and_adolescents,-0.171014926680709,Not significant,0.0179811162022939,0.3445,0.391117580168297,Not significant
E01003274,Lewisham 014B,Lewisham,children_and_adolescents,-0.590678165085139,Not significant,0.0675730143377759,0.3441,0.390930177514793,Not significant
E01003275,Lewisham 014C,Lewisham,children_and_adolescents,-0.00156204781822215,Not significant,0.000141237327215515,0.3587,0.402750877192983,Not significant
E01003276,Lewisham 014D,Lewisham,children_and_adolescents,0.568907494535485,Not significant,-0.0664633935784618,0.2732,0.332637658536585,Not significant
E01003277,Lewisham 011B,Lewisham,children_and_adolescents,-0.926433421398068,Not significant,0.122007186772407,0.2909,0.34698452722063,Not significant
E01003278,Lewisham 011C,Lewisham,children_and_adolescents,-1.06792952834259,Not significant,0.343884358473162,0.102,0.17035262629642,Not significant
E01003279,Lewisham 011D,Lewisham,children_and_adolescents,0.2449591369711,Not significant,-0.0448235923606491,0.2502,0.313503614457831,Not significant
E01003280,Lewisham 016A,Lewisham,children_and_adolescents,0.730342939980755,Not significant,0.296432279074689,0.0464,0.09984,Not significant
E01003281,Lewisham 016B,Lewisham,children_and_adolescents,1.61800870878519,Not significant,0.26795514062605,0.2429,0.306665857359636,Not significant
E01003282,Lewisham 013A,Lewisham,children_and_adolescents,-1.28968226376883,Not significant,0.236610189316328,0.2398,0.303982122905028,Not significant
E01003283,Lewisham 013B,Lewisham,children_and_adolescents,-0.109719265452978,Not significant,0.0186777843644687,0.2533,0.316355666750063,Not significant
E01003284,Lewisham 013C,Lewisham,children_and_adolescents,0.391135126741318,Not significant,0.00376577416184022,0.4863,0.491120695933644,Not significant
E01003285,Lewisham 016C,Lewisham,children_and_adolescents,-0.571286204074456,Not significant,-0.161905002080225,0.1519,0.222370909090909,Not significant
E01003286,Lewisham 013D,Lewisham,children_and_adolescents,-0.29301866672624,Not significant,-0.0259448026891957,0.3564,0.400980121703854,Not significant
E01003287,Lewisham 016D,Lewisham,children_and_adolescents,0.138402168157785,Not significant,0.0107741569133023,0.4047,0.435321327014218,Not significant
E01003288,Lewisham 041A,Lewisham,children_and_adolescents,-0.784891392459861,Not significant,0.31922131954922,0.0755,0.13841204553801,Not significant
E01003290,Lewisham 041E,Lewisham,children_and_adolescents,-0.78368363193739,Not significant,0.111861717644,0.2796,0.337957191283293,Not significant
E01003291,Lewisham 041D,Lewisham,children_and_adolescents,-0.323136013265555,Not significant,0.0786326221569423,0.1351,0.205678316559927,Not significant
E01003292,Lewisham 017A,Lewisham,children_and_adolescents,-0.768257143993716,Not significant,0.100454305493127,0.2875,0.344255217078436,Not significant
E01003293,Lewisham 017B,Lewisham,children_and_adolescents,-0.560957995352962,Not significant,0.00979513186080993,0.4609,0.474883962848297,Not significant
E01003295,Lewisham 017D,Lewisham,children_and_adolescents,0.581417170224139,Not significant,0.0217610989115203,0.4319,0.454861772151899,Not significant
E01003297,Lewisham 003A,Lewisham,children_and_adolescents,-0.00480480970637642,Not significant,0.00108194315973675,0.1445,0.215198090692124,Not significant
E01003298,Lewisham 039A,Lewisham,children_and_adolescents,0.108284198089761,Not significant,-0.0190500296674956,0.279,0.337598061545917,Not significant
E01003299,Lewisham 003B,Lewisham,children_and_adolescents,-1.37716781512737,Not significant,0.467364244342851,0.0925,0.159227586206897,Not significant
E01003300,Lewisham 039B,Lewisham,children_and_adolescents,-0.291171226129285,Not significant,0.0914552870140971,0.1578,0.227999305354559,Not significant
E01003301,Lewisham 003C,Lewisham,children_and_adolescents,-0.778922332003884,Not significant,0.142113132746445,0.2314,0.297488745815091,Not significant
E01003302,Lewisham 003D,Lewisham,children_and_adolescents,0.451062161365265,Not significant,-0.103000422710318,0.1781,0.247653259052925,Not significant
E01003303,Lewisham 039C,Lewisham,children_and_adolescents,-1.86259232095143,Low-low surplus cluster,1.0664007514179,0.0034,0.0170068136272545,Low-low surplus cluster
E01003304,Lewisham 039D,Lewisham,children_and_adolescents,-2.36030950762553,Low-low surplus cluster,2.00958369231666,0.0033,0.0166232088799193,Low-low surplus cluster
E01003305,Lewisham 003E,Lewisham,children_and_adolescents,0.52729389735071,Not significant,-0.108822049843004,0.2239,0.290994220255142,Not significant
E01003307,Lewisham 024A,Lewisham,children_and_adolescents,-0.231850315755728,Not significant,0.00586665286628626,0.4485,0.466342845240575,Not significant
E01003308,Lewisham 024B,Lewisham,children_and_adolescents,-0.920528165691974,Not significant,-0.0294262810610786,0.4468,0.464865694039183,Not significant
E01003309,Lewisham 027A,Lewisham,children_and_adolescents,0.498586021651058,Not significant,-0.0148758854716477,0.4415,0.461467336683417,Not significant
E01003310,Lewisham 027B,Lewisham,children_and_adolescents,-1.49448437209673,Not significant,0.0877454599338549,0.399,0.431717157712305,Not significant
E01003311,Lewisham 027C,Lewisham,children_and_adolescents,0.413875060023013,Not significant,0.012400780308535,0.4637,0.476490407575134,Not significant
E01003312,Lewisham 027D,Lewisham,children_and_adolescents,0.00994830162532708,Not significant,0.00156266795689928,0.2685,0.329243920412675,Not significant
E01003313,Lewisham 027E,Lewisham,children_and_adolescents,1.42632473086535,Not significant,0.0349930493968435,0.4677,0.4789248,Not significant
E01003314,Lewisham 024C,Lewisham,children_and_adolescents,1.00202799318643,Not significant,-0.0993657912221948,0.3603,0.403820745397396,Not significant
E01003315,Lewisham 024D,Lewisham,children_and_adolescents,-0.584870590114162,Not significant,0.0869096448307761,0.2744,0.333448101265823,Not significant
E01003316,Lewisham 024E,Lewisham,children_and_adolescents,-0.312504086459158,Not significant,0.0247204318557754,0.3574,0.401833513513514,Not significant
E01003318,Lewisham 020B,Lewisham,children_and_adolescents,0.301136715754321,Not significant,0.0960665784594173,0.0793,0.142808658008658,Not significant
E01003319,Lewisham 018A,Lewisham,children_and_adolescents,0.15899720983289,Not significant,0.0332727142025935,0.2266,0.293281617837698,Not significant
E01003320,Lewisham 018B,Lewisham,children_and_adolescents,0.127698960188665,Not significant,0.00864017892214853,0.3931,0.428274814491488,Not significant
E01003321,Lewisham 020C,Lewisham,children_and_adolescents,-1.02780671468491,Not significant,-0.0824237534962233,0.4038,0.434714168643519,Not significant
E01003322,Lewisham 020D,Lewisham,children_and_adolescents,-0.223906412703429,Not significant,-0.0151657224654385,0.4132,0.44159588953115,Not significant
E01003323,Lewisham 018C,Lewisham,children_and_adolescents,0.0677924964623637,Not significant,-0.00518988452125485,0.3772,0.417327659574468,Not significant
E01003324,Lewisham 020E,Lewisham,children_and_adolescents,0.879405851542687,Not significant,0.0961840144987656,0.3737,0.414834422948632,Not significant
E01003325,Lewisham 018D,Lewisham,children_and_adolescents,1.01734712860461,Not significant,0.0410142718125716,0.4428,0.462438828451883,Not significant
E01003326,Lewisham 035A,Lewisham,children_and_adolescents,0.781982651694308,Not significant,0.0768736096710464,0.3741,0.414909397911575,Not significant
E01003327,Lewisham 035B,Lewisham,children_and_adolescents,0.161100016207797,Not significant,0.0192703050118702,0.3436,0.390628831701207,Not significant
E01003328,Lewisham 035C,Lewisham,children_and_adolescents,0.16346455768828,Not significant,0.00714954597654365,0.4332,0.455750136986301,Not significant
E01003329,Lewisham 033A,Lewisham,children_and_adolescents,0.0687090160029019,Not significant,-0.00126005693027622,0.4581,0.472877419354839,Not significant
E01003330,Lewisham 033B,Lewisham,children_and_adolescents,3.01827948599002,Not significant,0.804772328076088,0.1504,0.221017603768031,Not significant
E01003331,Lewisham 033C,Lewisham,children_and_adolescents,-1.2222785414813,Not significant,-0.315164392904497,0.1168,0.186820121755847,Not significant
E01003332,Lewisham 033D,Lewisham,children_and_adolescents,-0.117102430982661,Not significant,-0.041626735309769,0.1706,0.241119818799547,Not significant
E01003333,Lewisham 035D,Lewisham,children_and_adolescents,-0.443044884867681,Not significant,-0.135782553666117,0.0861,0.151341971830986,Not significant
E01003334,Lewisham 033E,Lewisham,children_and_adolescents,-0.391784839986029,Not significant,-0.0306864579829372,0.3818,0.419904296100463,Not significant
E01003335,Lewisham 035E,Lewisham,children_and_adolescents,0.649436873977024,Not significant,0.0750849910418142,0.3387,0.386845745654163,Not significant
E01003336,Lewisham 010A,Lewisham,children_and_adolescents,-0.583993491108782,Not significant,0.0435151178402124,0.3712,0.412609752839011,Not significant
E01003337,Lewisham 010B,Lewisham,children_and_adolescents,-0.28996452893427,Not significant,-0.0272270711214193,0.3817,0.419904296100463,Not significant
E01003338,Lewisham 006A,Lewisham,children_and_adolescents,-1.02625925722616,Not significant,0.154494782011054,0.2679,0.3286696485623,Not significant
E01003339,Lewisham 006B,Lewisham,children_and_adolescents,-0.711145305381741,Not significant,0.255711437298731,0.0803,0.144089719626168,Not significant
E01003340,Lewisham 006C,Lewisham,children_and_adolescents,-1.54487578836475,Not significant,0.638731374170205,0.0431,0.0952435590969455,Not significant
E01003341,Lewisham 006D,Lewisham,children_and_adolescents,-0.88349691933017,Not significant,0.201061326419714,0.2024,0.270952212389381,Not significant
E01003342,Lewisham 010C,Lewisham,children_and_adolescents,0.183996407756645,Not significant,-0.0131041456258749,0.3756,0.416018460173064,Not significant
E01003343,Lewisham 006E,Lewisham,children_and_adolescents,-0.376498298476096,Not significant,0.0281655032901664,0.3814,0.419834355016538,Not significant
E01003344,Lewisham 010D,Lewisham,children_and_adolescents,-0.566454211771706,Not significant,0.132864985782624,0.1892,0.259047284695557,Not significant
E01003345,Lewisham 010E,Lewisham,children_and_adolescents,-0.307237402990253,Not significant,0.0516536840492827,0.2509,0.31414416854778,Not significant
E01003346,Lewisham 026A,Lewisham,children_and_adolescents,0.592212662777196,High-high mismatch cluster,0.305796176607533,0.0059,0.024221052631579,High-high mismatch cluster
E01003347,Lewisham 030A,Lewisham,children_and_adolescents,3.44457195223191,Not significant,0.916085136349421,0.2308,0.297176579829765,Not significant
E01003348,Lewisham 030B,Lewisham,children_and_adolescents,-0.559459267856563,Not significant,-0.0433729960256087,0.4044,0.435266235446313,Not significant
E01003349,Lewisham 026B,Lewisham,children_and_adolescents,1.2244777747892,Not significant,0.394584367209882,0.1142,0.184017559715946,Not significant
E01003350,Lewisham 030C,Lewisham,children_and_adolescents,1.27014245362133,Not significant,0.344209711108675,0.1221,0.19203629489603,Not significant
E01003351,Lewisham 026C,Lewisham,children_and_adolescents,1.02956350249493,Not significant,0.379129033324695,0.0872,0.152630575035063,Not significant
E01003352,Lewisham 030D,Lewisham,children_and_adolescents,0.108799246573507,Not significant,0.00305274761553438,0.463,0.47606508753862,Not significant
E01003353,Lewisham 030E,Lewisham,children_and_adolescents,0.640088346044418,Not significant,0.116442607573437,0.2347,0.299852033768227,Not significant
E01003354,Lewisham 026D,Lewisham,children_and_adolescents,1.41188396152429,Not significant,0.346910902692971,0.1,0.168080808080808,Not significant
E01003355,Merton 009A,Merton,children_and_adolescents,-1.52835276487462,Not significant,0.409993520720831,0.143,0.213537541130721,Not significant
E01003356,Merton 009B,Merton,children_and_adolescents,0.333303354604996,Not significant,-0.0391157602612419,0.2858,0.342712851309152,Not significant
E01003357,Merton 012A,Merton,children_and_adolescents,-0.225081447889816,Not significant,0.0744425786434212,0.0866,0.151953321616872,Not significant
E01003358,Merton 009C,Merton,children_and_adolescents,-1.47066838795976,Not significant,0.260477162925405,0.2363,0.301151289251979,Not significant
E01003359,Merton 006A,Merton,children_and_adolescents,-2.51106843467803,Not significant,1.2746240339829,0.0378,0.0877255230125523,Not significant
E01003360,Merton 006B,Merton,children_and_adolescents,-1.30998809916079,Not significant,0.708787103883333,0.0447,0.0976980735551663,Not significant
E01003361,Merton 015A,Merton,children_and_adolescents,1.1460227983882,Not significant,0.347474548463339,0.1403,0.211084267631103,Not significant
E01003362,Merton 021A,Merton,children_and_adolescents,1.44591703170326,Not significant,0.653932286509302,0.0296,0.0738446776611694,Not significant
E01003363,Merton 021B,Merton,children_and_adolescents,2.379021995539,Not significant,1.03480679616295,0.0742,0.136681328413284,Not significant
E01003364,Merton 021C,Merton,children_and_adolescents,1.74789774743329,Not significant,0.638141723758066,0.0507,0.105676158663883,Not significant
E01003365,Merton 021D,Merton,children_and_adolescents,0.918628706610475,Not significant,0.327736393764906,0.0764,0.139091466083151,Not significant
E01003366,Merton 016A,Merton,children_and_adolescents,-0.166252613228222,Not significant,-0.0505059964211812,0.0594,0.117808820023838,Not significant
E01003368,Merton 008A,Merton,children_and_adolescents,0.685198038918842,Not significant,0.0494665623074104,0.4231,0.448908650371945,Not significant
E01003369,Merton 005B,Merton,children_and_adolescents,-1.86173289988779,Low-low surplus cluster,1.46074476128945,0.0087,0.0315857454545455,Low-low surplus cluster
E01003370,Merton 005C,Merton,children_and_adolescents,-2.03019399850426,Low-low surplus cluster,1.2324461093738,0.0063,0.0253830508474576,Low-low surplus cluster
E01003371,Merton 005D,Merton,children_and_adolescents,-1.94789539959074,Not significant,0.418905793806124,0.2733,0.332678273591807,Not significant
E01003372,Merton 008B,Merton,children_and_adolescents,1.21592302189932,Not significant,-0.459602473800511,0.0445,0.0974315789473684,Not significant
E01003373,Merton 018A,Merton,children_and_adolescents,0.746158618125076,Not significant,0.192337332163063,0.2095,0.277775298804781,Not significant
E01003374,Merton 022A,Merton,children_and_adolescents,-0.76645336488943,Not significant,-0.13539252389324,0.241,0.304652317042289,Not significant
E01003375,Merton 022B,Merton,children_and_adolescents,1.01825126634382,High-high mismatch cluster,0.401488495398581,0.017,0.0503643916913947,Not significant
E01003376,Merton 012B,Merton,children_and_adolescents,0.241617910920972,Not significant,0.0220023343091256,0.3247,0.375208888888889,Not significant
E01003377,Merton 012C,Merton,children_and_adolescents,1.16815149336913,Not significant,0.292921568527879,0.2474,0.311088362720403,Not significant
E01003378,Merton 018B,Merton,children_and_adolescents,0.317997920901358,Not significant,0.0201031716375044,0.4026,0.433983847980998,Not significant
E01003379,Merton 018C,Merton,children_and_adolescents,-0.308415577220554,Not significant,0.0261998711620512,0.3703,0.41216,Not significant
E01003380,Merton 011A,Merton,children_and_adolescents,0.915030897002226,Not significant,-0.0579833723934452,0.396,0.430120104438642,Not significant
E01003381,Merton 016B,Merton,children_and_adolescents,0.295801661709479,Not significant,0.0249761341948949,0.4088,0.438206914322525,Not significant
E01003382,Merton 011B,Merton,children_and_adolescents,1.03869302153579,Not significant,-0.0421344148988768,0.4307,0.454653076760415,Not significant
E01003383,Merton 009D,Merton,children_and_adolescents,-0.346474775927265,Not significant,0.0650656899043728,0.2161,0.284336109646811,Not significant
E01003384,Merton 009E,Merton,children_and_adolescents,0.349759916787186,Not significant,-0.018613859825564,0.4056,0.435993798449612,Not significant
E01003385,Merton 011C,Merton,children_and_adolescents,1.20473748172984,Not significant,-0.0367459479908525,0.4415,0.461467336683417,Not significant
E01003386,Merton 013A,Merton,children_and_adolescents,0.537149057126943,Not significant,0.0746617282586292,0.3193,0.371116554132712,Not significant
E01003387,Merton 014A,Merton,children_and_adolescents,1.27302302263599,Not significant,0.330709993411315,0.1476,0.21844624962941,Not significant
E01003388,Merton 013B,Merton,children_and_adolescents,-0.328047925134497,Not significant,-0.00687088800636417,0.4695,0.480275409836066,Not significant
E01003389,Merton 013C,Merton,children_and_adolescents,-0.487401835096498,Not significant,-0.0662006855347337,0.2837,0.340931728454502,Not significant
E01003390,Merton 018D,Merton,children_and_adolescents,-0.241399630126225,Not significant,0.0244171832111084,0.3689,0.410968266012051,Not significant
E01003391,Merton 014B,Merton,children_and_adolescents,1.88745543627226,Not significant,0.753269747230099,0.0708,0.132223569023569,Not significant
E01003392,Merton 013D,Merton,children_and_adolescents,-0.574685927133654,Not significant,-0.0973998013042455,0.2053,0.273660240320427,Not significant
E01003393,Merton 008C,Merton,children_and_adolescents,0.0804026624847944,Not significant,0.0000160222188374504,0.4864,0.491122330097087,Not significant
E01003394,Merton 007A,Merton,children_and_adolescents,0.179899879718952,Not significant,0.0183312568235019,0.3517,0.397034464043419,Not significant
E01003395,Merton 007B,Merton,children_and_adolescents,0.822963515505805,Not significant,0.0753767959736462,0.3798,0.419182312624364,Not significant
E01003396,Merton 007C,Merton,children_and_adolescents,0.0628682644822973,Not significant,0.00292487375969731,0.4462,0.464628785982478,Not significant
E01003397,Merton 007D,Merton,children_and_adolescents,0.811275302018812,Not significant,0.0835596293058434,0.3703,0.41216,Not significant
E01003398,Merton 007E,Merton,children_and_adolescents,0.421947680696568,Not significant,0.0611214294530926,0.2433,0.306937983320698,Not significant
E01003399,Merton 011D,Merton,children_and_adolescents,-1.054697429479,Not significant,-0.0673066714598205,0.423,0.448897959183674,Not significant
E01003400,Merton 003A,Merton,children_and_adolescents,-1.30209096617685,Not significant,0.0353126161504046,0.4452,0.463877770820288,Not significant
E01003401,Merton 004A,Merton,children_and_adolescents,-1.03988952676282,Not significant,-0.083789185592086,0.4084,0.438060335195531,Not significant
E01003402,Merton 004B,Merton,children_and_adolescents,-0.534812992780477,Not significant,0.146576640349511,0.1282,0.198380161190329,Not significant
E01003403,Merton 004C,Merton,children_and_adolescents,-0.631696833411258,Not significant,0.171134664802932,0.1593,0.229502337662338,Not significant
E01003404,Merton 004D,Merton,children_and_adolescents,-0.895824829568232,Not significant,0.00736153709890687,0.4793,0.486119195612431,Not significant
E01003405,Merton 018E,Merton,children_and_adolescents,0.0531714138595202,Not significant,0.000642149821144634,0.4929,0.494683715319662,Not significant
E01003406,Merton 008D,Merton,children_and_adolescents,1.02112234154043,Not significant,-0.0729631183351821,0.3831,0.42096306405459,Not significant
E01003407,Merton 008E,Merton,children_and_adolescents,-0.234129011470221,Not significant,0.00142692992747291,0.4794,0.486119195612431,Not significant
E01003408,Merton 012D,Merton,children_and_adolescents,-0.460243903538569,Not significant,0.0316902759325869,0.3952,0.429625087108014,Not significant
E01003409,Merton 013E,Merton,children_and_adolescents,-0.16967995553855,Not significant,-0.00273290953142964,0.4927,0.494682807158657,Not significant
E01003410,Merton 012E,Merton,children_and_adolescents,0.201891037385726,Not significant,-0.00125965246355502,0.4941,0.495489594214544,Not significant
E01003411,Merton 014C,Merton,children_and_adolescents,1.23937992820077,Not significant,0.193991452695736,0.2563,0.318985190725505,Not significant
E01003412,Merton 014D,Merton,children_and_adolescents,0.651557506959019,Not significant,0.210385511806374,0.0741,0.136597932053176,Not significant
E01003413,Merton 017A,Merton,children_and_adolescents,0.632020092468164,Not significant,0.103427213080966,0.2488,0.312455245283019,Not significant
E01003414,Merton 017B,Merton,children_and_adolescents,0.414170966167726,Not significant,0.067160507062191,0.2869,0.343784157465194,Not significant
E01003415,Merton 017C,Merton,children_and_adolescents,0.666856257969902,Not significant,0.0765853460936671,0.3737,0.414834422948632,Not significant
E01003416,Merton 017D,Merton,children_and_adolescents,0.254470217475445,Not significant,0.082969312820333,0.076,0.138818880351262,Not significant
E01003417,Merton 025A,Merton,children_and_adolescents,1.02473156267558,Not significant,0.285479119302563,0.1635,0.234268656716418,Not significant
E01003418,Merton 025B,Merton,children_and_adolescents,0.929563025201183,Not significant,0.414868290155162,0.0674,0.128029223744292,Not significant
E01003419,Merton 025C,Merton,children_and_adolescents,2.08993652946428,Not significant,0.84762682884117,0.0253,0.066055230125523,Not significant
E01003420,Merton 025D,Merton,children_and_adolescents,1.33593089102187,Not significant,0.572132840106341,0.038,0.0879851576994434,Not significant
E01003421,Merton 021E,Merton,children_and_adolescents,0.352332527430385,Not significant,0.151779923580603,0.0485,0.102807643312102,Not significant
E01003422,Merton 025E,Merton,children_and_adolescents,0.285120699682904,Not significant,0.121493246478825,0.0414,0.0930102610261026,Not significant
E01003423,Merton 011E,Merton,children_and_adolescents,-0.875666933037192,Not significant,-0.154726905424094,0.2961,0.351601141769743,Not significant
E01003424,Merton 015B,Merton,children_and_adolescents,0.928781731721424,Not significant,0.0237289255814786,0.4827,0.488374219700041,Not significant
E01003425,Merton 015C,Merton,children_and_adolescents,1.55141685009089,Not significant,-0.0258658587378595,0.4608,0.474878943022296,Not significant
E01003426,Merton 015D,Merton,children_and_adolescents,-1.18698824058149,Not significant,-0.286710938472556,0.1702,0.24075896854633,Not significant
E01003427,Merton 023A,Merton,children_and_adolescents,0.272041762614236,Not significant,0.0387595036085106,0.2802,0.338436583595451,Not significant
E01003428,Merton 015E,Merton,children_and_adolescents,-0.425709271484195,Not significant,-0.101108149804292,0.1647,0.235380017177212,Not significant
E01003429,Merton 019A,Merton,children_and_adolescents,1.44535396217582,Not significant,0.424283617370535,0.1732,0.243621978021978,Not significant
E01003430,Merton 019B,Merton,children_and_adolescents,0.528089222915028,Not significant,0.166106356567345,0.0813,0.145101751877011,Not significant
E01003431,Merton 019C,Merton,children_and_adolescents,0.54494493304114,Not significant,0.138335665804334,0.1774,0.247092857142857,Not significant
E01003432,Merton 019D,Merton,children_and_adolescents,2.82779000200667,Not significant,0.992992951980003,0.0497,0.104420202020202,Not significant
E01003433,Merton 019E,Merton,children_and_adolescents,-0.0811827510413161,Not significant,-0.0177570031046952,0.1724,0.242770324400564,Not significant
E01003434,Merton 017E,Merton,children_and_adolescents,-0.159807390928962,Not significant,-0.0762954631731215,0.0327,0.0789353965183753,Not significant
E01003435,Merton 014E,Merton,children_and_adolescents,1.87443276567758,Not significant,0.6676704970396,0.0585,0.11644019138756,Not significant
E01003436,Merton 023B,Merton,children_and_adolescents,0.916590243085087,Not significant,0.00889492316668648,0.4899,0.493359047811176,Not significant
E01003437,Merton 022C,Merton,children_and_adolescents,0.473791988274871,Not significant,0.0970398227395985,0.1571,0.227250999710229,Not significant
E01003438,Merton 024A,Merton,children_and_adolescents,-0.530001424209467,Not significant,-0.109367628652518,0.2407,0.304581596958175,Not significant
E01003439,Merton 023C,Merton,children_and_adolescents,0.516234130834034,Not significant,0.0252931631544033,0.4256,0.450507888040712,Not significant
E01003440,Merton 022D,Merton,children_and_adolescents,1.00801421627238,Not significant,0.188039914142518,0.1956,0.265191526344378,Not significant
E01003441,Merton 022E,Merton,children_and_adolescents,1.26240711845552,Not significant,0.206190450696783,0.3055,0.359344015080113,Not significant
E01003442,Merton 010A,Merton,children_and_adolescents,0.315735467128512,Not significant,-0.025358878638928,0.3465,0.392762942779292,Not significant
E01003443,Merton 010B,Merton,children_and_adolescents,0.737045898786925,Not significant,-0.0135059485860049,0.4674,0.478715798112433,Not significant
E01003444,Merton 010C,Merton,children_and_adolescents,0.0657574227347854,Not significant,0.0138411596484154,0.2322,0.298210033444816,Not significant
E01003445,Merton 010D,Merton,children_and_adolescents,1.53851962303294,Not significant,0.419981229890329,0.1195,0.189318946366233,Not significant
E01003446,Merton 016C,Merton,children_and_adolescents,-0.526563264709776,Not significant,-0.0994256728309784,0.1783,0.247862322472849,Not significant
E01003447,Merton 016D,Merton,children_and_adolescents,1.01776200949272,Not significant,0.285698124018061,0.1128,0.182409329446064,Not significant
E01003448,Merton 023D,Merton,children_and_adolescents,-0.081800351386964,Not significant,-0.008257766824453,0.369,0.410987951807229,Not significant
E01003449,Merton 024B,Merton,children_and_adolescents,-0.0665305173352019,Not significant,-0.00680572643612077,0.35,0.395652173913043,Not significant
E01003450,Merton 024C,Merton,children_and_adolescents,0.24194693484966,Not significant,0.012602949073069,0.4322,0.454985744411641,Not significant
E01003451,Merton 024D,Merton,children_and_adolescents,0.641850425032299,Not significant,0.232182620960637,0.0729,0.134933926585095,Not significant
E01003452,Merton 024E,Merton,children_and_adolescents,0.502300573293656,Not significant,0.192509495011956,0.0263,0.0678850051706308,Not significant
E01003453,Merton 023E,Merton,children_and_adolescents,-0.230245797235593,Not significant,-0.0193419001816875,0.399,0.431717157712305,Not significant
E01003454,Merton 003B,Merton,children_and_adolescents,-0.841226109600076,Not significant,-0.0310646884212046,0.4617,0.475413861386139,Not significant
E01003455,Merton 005E,Merton,children_and_adolescents,-0.969020067339443,Not significant,0.375898958659789,0.0456,0.0988,Not significant
E01003456,Merton 003C,Merton,children_and_adolescents,-1.50281197060212,Not significant,0.181104849090853,0.2911,0.34698452722063,Not significant
E01003457,Merton 006C,Merton,children_and_adolescents,1.0369320846885,Not significant,-0.321382094819967,0.1902,0.259846305418719,Not significant
E01003458,Merton 006D,Merton,children_and_adolescents,-0.121176271614337,Not significant,0.0441508236442789,0.0618,0.120557092614302,Not significant
E01003459,Merton 006E,Merton,children_and_adolescents,-1.47192097131309,Low-low surplus cluster,0.857476220244373,0.0113,0.0379096774193548,Low-low surplus cluster
E01003460,Merton 002A,Merton,children_and_adolescents,-0.553390036417211,Not significant,-0.0880511490648131,0.2008,0.269678127522195,Not significant
E01003461,Merton 004E,Merton,children_and_adolescents,-1.25846815769557,Not significant,0.0857164466589956,0.3992,0.431717157712305,Not significant
E01003462,Merton 002B,Merton,children_and_adolescents,0.737520685986382,Not significant,0.150053121175049,0.2337,0.299212721210567,Not significant
E01003463,Merton 010E,Merton,children_and_adolescents,1.33281500351229,Not significant,0.41377948832294,0.1537,0.224020554744526,Not significant
E01003464,Merton 002C,Merton,children_and_adolescents,1.50115148845363,Not significant,0.315117615014429,0.1856,0.254957402311503,Not significant
E01003465,Merton 002D,Merton,children_and_adolescents,0.998638135444762,Not significant,-0.0121286502702727,0.4753,0.483829037520392,Not significant
E01003466,Merton 020A,Merton,children_and_adolescents,0.259552438387276,Not significant,0.069892530886141,0.2326,0.298339979445015,Not significant
E01003467,Merton 020B,Merton,children_and_adolescents,1.17236826215981,Not significant,0.291136786710366,0.1454,0.216215907059875,Not significant
E01003468,Merton 020C,Merton,children_and_adolescents,0.421017409690978,High-high mismatch cluster,0.179352254969652,0.0114,0.0381426273458445,High-high mismatch cluster
E01003469,Merton 020D,Merton,children_and_adolescents,1.24553245473209,Not significant,0.408419600852265,0.0724,0.134307246376812,Not significant
E01003470,Merton 020E,Merton,children_and_adolescents,0.688126207847575,Not significant,0.209796017887662,0.1644,0.235085877971928,Not significant
E01003471,Merton 016E,Merton,children_and_adolescents,0.551371718669479,Not significant,0.0820987456171963,0.2502,0.313503614457831,Not significant
E01003472,Merton 001A,Merton,children_and_adolescents,2.37717681205262,Not significant,1.12831509537773,0.0866,0.151953321616872,Not significant
E01003473,Merton 001B,Merton,children_and_adolescents,-0.112326963710483,Low-high spatial outlier,-0.0671605483302353,0.0026,0.0139711517761033,Low-high spatial outlier
E01003474,Merton 001C,Merton,children_and_adolescents,1.69362327967868,Not significant,0.130720969356513,0.3843,0.421817414248021,Not significant
E01003476,Merton 003D,Merton,children_and_adolescents,1.02565091452948,Not significant,0.0430136744733713,0.4317,0.454861772151899,Not significant
E01003477,Merton 003E,Merton,children_and_adolescents,1.11921372000143,Not significant,0.102367347875372,0.3825,0.42048887910152,Not significant
E01003478,Merton 001E,Merton,children_and_adolescents,1.47326663187033,Not significant,0.11507268876642,0.3543,0.398977126099707,Not significant
E01003479,Newham 035A,Newham,children_and_adolescents,1.11571354049488,Not significant,0.00256432398218749,0.487,0.49142995755003,Not significant
E01003480,Newham 033A,Newham,children_and_adolescents,-1.08792175878631,Not significant,-0.0402030711678018,0.4527,0.469438803489821,Not significant
E01003481,Newham 035B,Newham,children_and_adolescents,-0.994483954554786,Not significant,-0.11970281974004,0.3378,0.386057142857143,Not significant
E01003483,Newham 032A,Newham,children_and_adolescents,0.557844667260583,High-high mismatch cluster,0.34797760729149,0.0005,0.00447311827956989,High-high mismatch cluster
E01003484,Newham 032B,Newham,children_and_adolescents,0.5966481596578,Not significant,0.205763072924431,0.1027,0.171120961281709,Not significant
E01003485,Newham 035C,Newham,children_and_adolescents,0.211104342127455,Not significant,0.04895084379035,0.2019,0.270645757250269,Not significant
E01003486,Newham 033C,Newham,children_and_adolescents,-0.928099232815168,Not significant,-0.0794990414000561,0.3632,0.406341192290453,Not significant
E01003487,Newham 033D,Newham,children_and_adolescents,0.325292424937126,Not significant,0.0164250519944861,0.4491,0.466869471053728,Not significant
E01003488,Newham 019A,Newham,children_and_adolescents,0.0633198885482591,Not significant,0.0153644017352913,0.1654,0.236177574370709,Not significant
E01003489,Newham 019B,Newham,children_and_adolescents,0.0277704161030576,Not significant,0.00117260632234647,0.458,0.472871975180972,Not significant
E01003490,Newham 019C,Newham,children_and_adolescents,1.23543867545358,Not significant,0.297699078252305,0.1699,0.240607319148936,Not significant
E01003491,Newham 022A,Newham,children_and_adolescents,-0.150019077947452,Not significant,-0.0206290887240468,0.2845,0.341646379600674,Not significant
E01003492,Newham 025A,Newham,children_and_adolescents,1.15029714212956,Not significant,0.44750997462707,0.0708,0.132223569023569,Not significant
E01003494,Newham 025C,Newham,children_and_adolescents,2.06100456722962,Not significant,0.944607373149838,0.0447,0.0976980735551663,Not significant
E01003495,Newham 025D,Newham,children_and_adolescents,1.69358341589234,High-high mismatch cluster,1.03885955915621,0.0044,0.0200226071103008,High-high mismatch cluster
E01003496,Newham 027A,Newham,children_and_adolescents,0.602739142092036,Not significant,-0.121080666715863,0.2249,0.291762162162162,Not significant
E01003497,Newham 034A,Newham,children_and_adolescents,-1.36125628965779,Not significant,0.357534012137907,0.17,0.240612418485965,Not significant
E01003498,Newham 027B,Newham,children_and_adolescents,0.00855683347062652,Not significant,-0.000351954024365004,0.4311,0.454861772151899,Not significant
E01003499,Newham 030A,Newham,children_and_adolescents,0.107890567647374,Not significant,-0.0171367550733617,0.2813,0.339272674559072,Not significant
E01003500,Newham 027C,Newham,children_and_adolescents,0.31430162250964,Not significant,-0.0727828946065784,0.1194,0.189220571428571,Not significant
E01003501,Newham 030B,Newham,children_and_adolescents,-0.298526063149991,Not significant,0.0282786739133753,0.3463,0.392625391778333,Not significant
E01003502,Newham 030C,Newham,children_and_adolescents,-0.596767283488,Not significant,0.127931907467842,0.2012,0.270070018822264,Not significant
E01003503,Newham 030D,Newham,children_and_adolescents,-1.53740496689346,Not significant,0.738161540727476,0.0663,0.126372508591065,Not significant
E01003506,Newham 034D,Newham,children_and_adolescents,0.0274353194064054,Not significant,-0.00858635149361718,0.1575,0.227697654213727,Not significant
E01003507,Newham 031A,Newham,children_and_adolescents,-1.02709869829948,Not significant,-0.00286188214682977,0.4928,0.494682807158657,Not significant
E01003508,Newham 031B,Newham,children_and_adolescents,-0.311175086063191,Not significant,0.0213613736025656,0.3875,0.424117518088139,Not significant
E01003509,Newham 031C,Newham,children_and_adolescents,-0.047496664185755,Not significant,0.0031199753508673,0.416,0.443449071108264,Not significant
E01003511,Newham 036A,Newham,children_and_adolescents,0.0928259356401398,Not significant,0.00291194348507332,0.4732,0.482576996935649,Not significant
E01003512,Newham 036B,Newham,children_and_adolescents,-0.146584953218148,Not significant,-0.0271287709377106,0.2605,0.321885148514852,Not significant
E01003513,Newham 035D,Newham,children_and_adolescents,1.73684623269074,Not significant,0.287601827203448,0.2268,0.293464385692068,Not significant
E01003514,Newham 036C,Newham,children_and_adolescents,1.23399315498752,Not significant,0.21189964714469,0.2712,0.331333920704846,Not significant
E01003515,Newham 036D,Newham,children_and_adolescents,-0.678198766849555,Not significant,-0.0424588723156732,0.3785,0.418302413106044,Not significant
E01003516,Newham 032C,Newham,children_and_adolescents,1.0184206750526,Not significant,0.228938559066006,0.2058,0.274034035742865,Not significant
E01003517,Newham 036E,Newham,children_and_adolescents,0.81919520425682,Not significant,-0.00405074267658248,0.4725,0.482257207115109,Not significant
E01003518,Newham 032D,Newham,children_and_adolescents,1.30888896103529,Not significant,0.522999215963179,0.0385,0.0887313019390582,Not significant
E01003519,Newham 032E,Newham,children_and_adolescents,0.0572818522201891,Not significant,0.0183579949792347,0.1436,0.214177233343293,Not significant
E01003520,Newham 018A,Newham,children_and_adolescents,0.448867240855037,Not significant,0.0975682931969386,0.1194,0.189220571428571,Not significant
E01003521,Newham 018B,Newham,children_and_adolescents,-0.292114733877503,Not significant,-0.0736293253463788,0.1413,0.212205054151625,Not significant
E01003522,Newham 018C,Newham,children_and_adolescents,1.29784772806378,Not significant,0.141298339888351,0.375,0.415538290788013,Not significant
E01003523,Newham 024A,Newham,children_and_adolescents,-0.265156704744268,Not significant,-0.0936834529817313,0.0367,0.0858511715089035,Not significant
E01003524,Newham 019D,Newham,children_and_adolescents,0.630406302081257,Not significant,0.215844564944304,0.1055,0.174554701986755,Not significant
E01003525,Newham 018D,Newham,children_and_adolescents,0.368728013689886,Not significant,0.0625931148223244,0.2599,0.321382412682685,Not significant
E01003526,Newham 018E,Newham,children_and_adolescents,0.141576098236621,Not significant,0.0369377525623602,0.1972,0.266564419171405,Not significant
E01003527,Newham 024B,Newham,children_and_adolescents,1.47804023862487,Not significant,0.580201214907014,0.0528,0.108423529411765,Not significant
E01003528,Newham 005A,Newham,children_and_adolescents,2.07976474734118,High-high mismatch cluster,1.48675735302677,0.0013,0.00879349593495935,High-high mismatch cluster
E01003529,Newham 010A,Newham,children_and_adolescents,0.559831335553781,Not significant,0.122465702797352,0.2181,0.285687536079769,Not significant
E01003530,Newham 010B,Newham,children_and_adolescents,0.585470913639313,High-high mismatch cluster,0.314510800306126,0.0091,0.0325876614060258,High-high mismatch cluster
E01003531,Newham 010C,Newham,children_and_adolescents,-0.0232807403401369,Not significant,-0.00683914596639969,0.1261,0.196225436408978,Not significant
E01003532,Newham 010D,Newham,children_and_adolescents,-0.464116281675323,Not significant,-0.110089736256625,0.2018,0.270645757250269,Not significant
E01003533,Newham 011A,Newham,children_and_adolescents,0.65758062824656,Not significant,0.203489269118295,0.1016,0.169855056932351,Not significant
E01003534,Newham 010E,Newham,children_and_adolescents,1.52901317484192,High-high mismatch cluster,0.804666517248596,0.0052,0.0222246575342466,High-high mismatch cluster
E01003535,Newham 023A,Newham,children_and_adolescents,1.98745412350775,Not significant,0.954964503137984,0.0239,0.0638014973262032,Not significant
E01003536,Newham 023B,Newham,children_and_adolescents,2.56791318399833,High-high mismatch cluster,1.93744693885438,0.0008,0.0061724884080371,High-high mismatch cluster
E01003537,Newham 024C,Newham,children_and_adolescents,2.00930419619172,High-high mismatch cluster,1.01779806762354,0.0171,0.0505107692307692,Not significant
E01003538,Newham 029A,Newham,children_and_adolescents,1.80605785910318,High-high mismatch cluster,1.64535280137053,0.0001,0.00156,High-high mismatch cluster
E01003539,Newham 029B,Newham,children_and_adolescents,1.87159208307479,High-high mismatch cluster,1.15562139225636,0.0005,0.00447311827956989,High-high mismatch cluster
E01003540,Newham 029C,Newham,children_and_adolescents,3.30949765268469,High-high mismatch cluster,2.12450541513098,0.0028,0.0148224814422057,High-high mismatch cluster
E01003541,Newham 029D,Newham,children_and_adolescents,3.26157488656421,High-high mismatch cluster,2.31978401611094,0.0052,0.0222246575342466,High-high mismatch cluster
E01003542,Newham 024D,Newham,children_and_adolescents,1.47688762154544,High-high mismatch cluster,0.784999189731465,0.0075,0.028645753634277,High-high mismatch cluster
E01003543,Newham 001A,Newham,children_and_adolescents,-0.00541107255004541,Not significant,-0.00136884215872162,0.1325,0.202771305947272,Not significant
E01003544,Newham 001B,Newham,children_and_adolescents,-0.505197557060071,Not significant,-0.0639661947982053,0.2901,0.346537257717157,Not significant
E01003545,Newham 006A,Newham,children_and_adolescents,-0.118159260570857,Not significant,0.0126566928831106,0.3554,0.399945175834085,Not significant
E01003546,Newham 001C,Newham,children_and_adolescents,0.0873960971012441,Not significant,0.0198608428731653,0.2411,0.304701569620253,Not significant
E01003547,Newham 007A,Newham,children_and_adolescents,0.6584568711845,Not significant,0.195722164246492,0.1659,0.236553213367609,Not significant
E01003548,Newham 006B,Newham,children_and_adolescents,-0.587561033618988,Not significant,0.158894339706411,0.1226,0.192458867924528,Not significant
E01003549,Newham 006C,Newham,children_and_adolescents,-0.210856986365569,Not significant,0.0406531234471641,0.2185,0.285911402359109,Not significant
E01003550,Newham 001D,Newham,children_and_adolescents,1.33092640213173,Not significant,0.479453301542074,0.0957,0.162660674157303,Not significant
E01003551,Newham 009A,Newham,children_and_adolescents,-0.19410599008206,Not significant,0.00150489359842492,0.4727,0.482362714636141,Not significant
E01003552,Newham 016A,Newham,children_and_adolescents,0.398334677551382,Not significant,-0.0748865553632753,0.2262,0.29291579766537,Not significant
E01003553,Newham 009B,Newham,children_and_adolescents,0.535282765584272,Not significant,-0.12787706986029,0.1919,0.26102583106267,Not significant
E01003554,Newham 009C,Newham,children_and_adolescents,-1.65911848593785,Not significant,0.424314969816679,0.1346,0.205292758936755,Not significant
E01003555,Newham 007B,Newham,children_and_adolescents,0.740648337376716,Not significant,0.205686062003025,0.1319,0.202130061349693,Not significant
E01003556,Newham 008A,Newham,children_and_adolescents,1.16166797129081,Not significant,0.155552445916774,0.2888,0.345314874251497,Not significant
E01003557,Newham 006D,Newham,children_and_adolescents,0.170904683717295,Not significant,0.0089659944824685,0.4174,0.444561723917218,Not significant
E01003558,Newham 008B,Newham,children_and_adolescents,0.453174601011785,Not significant,0.0626385294290601,0.2825,0.339980713596914,Not significant
E01003559,Newham 009D,Newham,children_and_adolescents,-1.27419869533399,Not significant,0.514555219530513,0.0633,0.122763636363636,Not significant
E01003560,Newham 011B,Newham,children_and_adolescents,0.772953524379621,Not significant,0.298515448733116,0.0774,0.1404,Not significant
E01003561,Newham 007C,Newham,children_and_adolescents,0.865349647078558,Not significant,0.184084307228972,0.2243,0.291210819245774,Not significant
E01003562,Newham 014A,Newham,children_and_adolescents,-0.016626538060532,Not significant,-0.00477930228431144,0.1221,0.19203629489603,Not significant
E01003563,Newham 011C,Newham,children_and_adolescents,2.14835793881483,Not significant,0.508466593024801,0.155,0.225323238206174,Not significant
E01003564,Newham 014B,Newham,children_and_adolescents,0.272723935600879,Not significant,0.0645188799898227,0.1558,0.225828571428571,Not significant
E01003565,Newham 014C,Newham,children_and_adolescents,0.844250563389224,Not significant,0.175394961820102,0.212,0.280568398727466,Not significant
E01003566,Newham 014D,Newham,children_and_adolescents,0.629624120656012,Not significant,0.060839624723531,0.3651,0.408192430011198,Not significant
E01003567,Newham 007D,Newham,children_and_adolescents,1.0066075391825,Not significant,0.281646125627987,0.1315,0.201735709895513,Not significant
E01003568,Newham 017A,Newham,children_and_adolescents,-0.0880736594959158,Not significant,-0.0051024536660023,0.4095,0.438713617842591,Not significant
E01003569,Newham 017B,Newham,children_and_adolescents,0.0747133169336496,Not significant,0.00157271212174169,0.4666,0.478288952772074,Not significant
E01003570,Newham 008C,Newham,children_and_adolescents,0.626843390678265,Not significant,0.177837843181342,0.1811,0.250985896724042,Not significant
E01003571,Newham 008D,Newham,children_and_adolescents,0.389663311399667,Not significant,0.0631016260620237,0.2487,0.312408253648717,Not significant
E01003572,Newham 008E,Newham,children_and_adolescents,0.0152597452249938,Not significant,0.00106634455368791,0.4156,0.443211963255715,Not significant
E01003573,Newham 017C,Newham,children_and_adolescents,0.0586664147503331,Not significant,0.00138541775850808,0.4761,0.484445821443131,Not significant
E01003574,Newham 017D,Newham,children_and_adolescents,-0.356979113447348,Not significant,0.00645294968032544,0.4559,0.471581599668463,Not significant
E01003575,Newham 005B,Newham,children_and_adolescents,1.41536038720535,High-high mismatch cluster,1.06966747535503,0.0005,0.00447311827956989,High-high mismatch cluster
E01003576,Newham 002A,Newham,children_and_adolescents,1.29479583292032,High-high mismatch cluster,1.1238222168073,0.0001,0.00156,High-high mismatch cluster
E01003577,Newham 005C,Newham,children_and_adolescents,2.6744655211461,High-high mismatch cluster,2.0517028582734,0.0001,0.00156,High-high mismatch cluster
E01003578,Newham 003A,Newham,children_and_adolescents,2.48626545351214,High-high mismatch cluster,1.6317738075966,0.0003,0.0031661733615222,High-high mismatch cluster
E01003579,Newham 004A,Newham,children_and_adolescents,2.35386319761639,High-high mismatch cluster,1.57570313606156,0.0043,0.0197839631336406,High-high mismatch cluster
E01003580,Newham 005D,Newham,children_and_adolescents,2.67645664587847,High-high mismatch cluster,2.27815910469621,0.0001,0.00156,High-high mismatch cluster
E01003581,Newham 002B,Newham,children_and_adolescents,1.58747654779964,High-high mismatch cluster,1.22107828845191,0.0006,0.0050255033557047,High-high mismatch cluster
E01003582,Newham 002C,Newham,children_and_adolescents,1.92079760836968,High-high mismatch cluster,1.50321657546903,0.0011,0.00778893617021277,High-high mismatch cluster
E01003583,Newham 002D,Newham,children_and_adolescents,2.14462927112441,High-high mismatch cluster,1.60984903336232,0.0021,0.012105311778291,High-high mismatch cluster
E01003584,Newham 003B,Newham,children_and_adolescents,0.930037435521376,High-high mismatch cluster,0.500247448540946,0.0077,0.0292307224334601,High-high mismatch cluster
E01003585,Newham 004B,Newham,children_and_adolescents,1.24310017167,High-high mismatch cluster,0.928225678714969,0.0003,0.0031661733615222,High-high mismatch cluster
E01003586,Newham 003C,Newham,children_and_adolescents,0.669665422634154,Not significant,0.300137328557918,0.0216,0.0595072847682119,Not significant
E01003587,Newham 004C,Newham,children_and_adolescents,2.55162297950212,Not significant,1.18250403068874,0.0268,0.0688551724137931,Not significant
E01003588,Newham 011D,Newham,children_and_adolescents,1.45614815065092,High-high mismatch cluster,0.818662823078522,0.0092,0.0328985673352436,High-high mismatch cluster
E01003589,Newham 011E,Newham,children_and_adolescents,1.27554448256498,Not significant,0.545314030443286,0.0525,0.108074226804124,Not significant
E01003590,Newham 003D,Newham,children_and_adolescents,2.33085463752797,High-high mismatch cluster,1.41772851820525,0.0151,0.0463872,High-high mismatch cluster
E01003591,Newham 004D,Newham,children_and_adolescents,1.54692399185919,High-high mismatch cluster,1.11306013415952,0.0019,0.0112113475177305,High-high mismatch cluster
E01003592,Newham 022B,Newham,children_and_adolescents,-0.435356021714666,Not significant,0.0108932288689129,0.4502,0.467818151540383,Not significant
E01003593,Newham 027D,Newham,children_and_adolescents,-0.893907937008405,Not significant,0.180920847497241,0.1822,0.252300249653259,Not significant
E01003594,Newham 026A,Newham,children_and_adolescents,-0.504775208735235,Not significant,0.0593489459753495,0.3106,0.363629268292683,Not significant
E01003595,Newham 026B,Newham,children_and_adolescents,-0.832076453023674,Not significant,0.203350478028548,0.2138,0.282202432575357,Not significant
E01003596,Newham 016B,Newham,children_and_adolescents,0.457011352707822,Not significant,-0.0739510330903114,0.2559,0.318566783042394,Not significant
E01003597,Newham 016C,Newham,children_and_adolescents,0.333186533476738,Not significant,-0.0153815387144367,0.4249,0.449957742893509,Not significant
E01003598,Newham 021A,Newham,children_and_adolescents,-0.422580947755031,Not significant,0.052852259381993,0.3171,0.368989090909091,Not significant
E01003599,Newham 022C,Newham,children_and_adolescents,1.15144435932485,Not significant,0.0299834264943118,0.4763,0.484451833740831,Not significant
E01003600,Newham 021B,Newham,children_and_adolescents,-1.22046082860638,Not significant,0.256661892839884,0.1655,0.236252788104089,Not significant
E01003601,Newham 028A,Newham,children_and_adolescents,-0.864753605876929,Not significant,-0.00930775616694,0.4941,0.495489594214544,Not significant
E01003602,Newham 026C,Newham,children_and_adolescents,-0.287482263085799,Not significant,0.0436084517983711,0.2732,0.332637658536585,Not significant
E01003603,Newham 028B,Newham,children_and_adolescents,1.09700839622925,Not significant,0.26694625433467,0.1717,0.242194518225487,Not significant
E01003604,Newham 031D,Newham,children_and_adolescents,0.943409213430036,Not significant,0.212498631942345,0.1449,0.215536591179976,Not significant
E01003605,Newham 028C,Newham,children_and_adolescents,0.265668889672231,Not significant,0.059078490386208,0.1596,0.229801903663109,Not significant
E01003607,Newham 026D,Newham,children_and_adolescents,0.0289206796968331,Not significant,-0.00647979098748097,0.2067,0.275085683817649,Not significant
E01003608,Newham 028D,Newham,children_and_adolescents,-0.403296460945049,Not significant,-0.013205308005659,0.4651,0.477339473684211,Not significant
E01003611,Newham 041C,Newham,children_and_adolescents,0.768454425138286,Not significant,0.13423529751471,0.3172,0.369019436028898,Not significant
E01003615,Newham 039A,Newham,children_and_adolescents,-1.63294564996528,Not significant,0.651346228511743,0.0616,0.120449353701528,Not significant
E01003616,Newham 012A,Newham,children_and_adolescents,-1.78843912432107,Not significant,0.673492499960082,0.0692,0.130111638418079,Not significant
E01003618,Newham 012C,Newham,children_and_adolescents,-2.08789802016938,Not significant,0.994032340359724,0.0326,0.0789353965183753,Not significant
E01003619,Newham 012D,Newham,children_and_adolescents,-0.282442493843575,Low-low surplus cluster,0.177969944692683,0.004,0.0189270142180095,Low-low surplus cluster
E01003621,Newham 023C,Newham,children_and_adolescents,1.16446175491486,Not significant,0.269600384312592,0.232,0.298029850746269,Not significant
E01003622,Newham 023D,Newham,children_and_adolescents,1.7937289022825,High-high mismatch cluster,0.815782086163903,0.0134,0.0427157088122605,High-high mismatch cluster
E01003623,Newham 023E,Newham,children_and_adolescents,0.908254881340355,Not significant,0.432256478855277,0.0539,0.109958643236616,Not significant
E01003624,Newham 024E,Newham,children_and_adolescents,0.285025517542093,Not significant,0.126734957857037,0.0474,0.10107680478428,Not significant
E01003625,Newham 015A,Newham,children_and_adolescents,3.27336088628621,High-high mismatch cluster,1.92162888157764,0.0022,0.0125084282460137,High-high mismatch cluster
E01003626,Newham 015B,Newham,children_and_adolescents,1.57337368185367,Not significant,0.508837289098096,0.1172,0.187160076775432,Not significant
E01003627,Newham 015C,Newham,children_and_adolescents,0.445840408570285,Not significant,0.2337862249147,0.0207,0.0578904201680672,Not significant
E01003628,Newham 015D,Newham,children_and_adolescents,1.22057270347509,Not significant,0.523489338528818,0.0351,0.0831605125771239,Not significant
E01003629,Newham 015E,Newham,children_and_adolescents,0.440722351450622,Not significant,0.0756770891128181,0.3009,0.355946161137441,Not significant
E01003630,Newham 021C,Newham,children_and_adolescents,-0.962801406626638,Not significant,0.327171152673702,0.094,0.160591375770021,Not significant
E01003631,Newham 020A,Newham,children_and_adolescents,-1.24709394815794,Not significant,0.197512003226062,0.2616,0.322765002471577,Not significant
E01003632,Newham 020B,Newham,children_and_adolescents,-0.844917978286627,Not significant,0.209330374647134,0.1868,0.256253256389118,Not significant
E01003633,Newham 020C,Newham,children_and_adolescents,-0.781302941930283,Not significant,0.280530644328275,0.0985,0.166062816616008,Not significant
E01003634,Newham 020D,Newham,children_and_adolescents,-0.830305748437907,Not significant,0.260773753789668,0.1271,0.197166935985084,Not significant
E01003635,Newham 016D,Newham,children_and_adolescents,-1.249463349764,Not significant,0.221900445615066,0.2445,0.307907164480323,Not significant
E01003636,Newham 020E,Newham,children_and_adolescents,-0.872290209958663,Not significant,0.355630868384101,0.0334,0.080314450867052,Not significant
E01003637,Newham 021D,Newham,children_and_adolescents,-0.790290343178095,Not significant,0.212285085283825,0.1421,0.21251144397843,Not significant
E01003638,Redbridge 017A,Redbridge,children_and_adolescents,-0.51184767076248,Not significant,-0.205766637667574,0.0472,0.10107680478428,Not significant
E01003639,Redbridge 013A,Redbridge,children_and_adolescents,2.04978259303083,High-high mismatch cluster,0.975766946287742,0.0168,0.0499794994040524,High-high mismatch cluster
E01003640,Redbridge 013B,Redbridge,children_and_adolescents,1.8619954438706,High-high mismatch cluster,1.48320669364198,0.0001,0.00156,High-high mismatch cluster
E01003641,Redbridge 013C,Redbridge,children_and_adolescents,0.797703679814765,High-high mismatch cluster,0.439524818267767,0.0152,0.0465511656441718,High-high mismatch cluster
E01003642,Redbridge 013D,Redbridge,children_and_adolescents,1.26660057427659,High-high mismatch cluster,0.69962255648684,0.0146,0.045297203231821,High-high mismatch cluster
E01003643,Redbridge 017B,Redbridge,children_and_adolescents,1.41988724263027,Not significant,0.587782500698225,0.0463,0.0997107851596204,Not significant
E01003644,Redbridge 017C,Redbridge,children_and_adolescents,1.48090139184244,High-high mismatch cluster,0.90285420369716,0.0043,0.0197839631336406,High-high mismatch cluster
E01003645,Redbridge 017D,Redbridge,children_and_adolescents,1.19618938714789,High-high mismatch cluster,0.774793181818693,0.0025,0.0136542669584245,High-high mismatch cluster
E01003646,Redbridge 012A,Redbridge,children_and_adolescents,-0.240954696941259,Not significant,-0.0824196719229603,0.065,0.124992295839753,Not significant
E01003647,Redbridge 015A,Redbridge,children_and_adolescents,1.06506508831853,Not significant,0.374025311795635,0.0717,0.13330592178771,Not significant
E01003648,Redbridge 012B,Redbridge,children_and_adolescents,0.837953687603992,Not significant,0.248460966956594,0.1185,0.188392356687898,Not significant
E01003649,Redbridge 012C,Redbridge,children_and_adolescents,1.14067126950634,Not significant,0.326785019763906,0.1176,0.187498946023635,Not significant
E01003650,Redbridge 015B,Redbridge,children_and_adolescents,1.10671288675586,Not significant,0.441265046135617,0.0357,0.0843019867549669,Not significant
E01003651,Redbridge 012D,Redbridge,children_and_adolescents,-0.447392935650764,Not significant,-0.15208747675934,0.1028,0.171173315543696,Not significant
E01003652,Redbridge 015C,Redbridge,children_and_adolescents,1.49732611346061,Not significant,0.480055261895702,0.1201,0.189907887234717,Not significant
E01003653,Redbridge 015D,Redbridge,children_and_adolescents,1.61442681935403,Not significant,0.362777177491091,0.2149,0.283579381443299,Not significant
E01003654,Redbridge 004A,Redbridge,children_and_adolescents,1.35476574755907,High-high mismatch cluster,0.71990980031882,0.0122,0.0400673684210526,High-high mismatch cluster
E01003655,Redbridge 004B,Redbridge,children_and_adolescents,1.05948832600546,Not significant,0.348984929821531,0.0865,0.151938071780436,Not significant
E01003656,Redbridge 005A,Redbridge,children_and_adolescents,0.309860307941367,Not significant,0.153053470291026,0.0486,0.102888549618321,Not significant
E01003657,Redbridge 005B,Redbridge,children_and_adolescents,0.786544252593425,High-high mismatch cluster,0.590559650645987,0.0006,0.0050255033557047,High-high mismatch cluster
E01003658,Redbridge 004C,Redbridge,children_and_adolescents,-0.428029760196326,Low-high spatial outlier,-0.245781932679529,0.0123,0.0402897637795276,Low-high spatial outlier
E01003659,Redbridge 005C,Redbridge,children_and_adolescents,2.75661212148941,Not significant,1.34243469096744,0.0206,0.0577077441077441,Not significant
E01003660,Redbridge 004D,Redbridge,children_and_adolescents,2.12876150109656,Not significant,0.457839341571394,0.2504,0.313675483061481,Not significant
E01003661,Redbridge 038A,Redbridge,children_and_adolescents,0.836967194472007,Not significant,0.465022688664755,0.0257,0.0668896767466111,Not significant
E01003662,Redbridge 038C,Redbridge,children_and_adolescents,1.2257186468469,High-high mismatch cluster,0.794489589770365,0.0057,0.0236332225913621,High-high mismatch cluster
E01003663,Redbridge 037A,Redbridge,children_and_adolescents,2.06686297452871,High-high mismatch cluster,1.82927321364503,0.0001,0.00156,High-high mismatch cluster
E01003664,Redbridge 037B,Redbridge,children_and_adolescents,2.87208611807777,Not significant,1.71848189328639,0.0166,0.0496508088675854,High-high mismatch cluster
E01003665,Redbridge 037E,Redbridge,children_and_adolescents,1.28855727328626,High-high mismatch cluster,1.03357565395255,0.0004,0.00385482625482626,High-high mismatch cluster
E01003666,Redbridge 038B,Redbridge,children_and_adolescents,2.50881353073371,High-high mismatch cluster,1.83703957952392,0.0001,0.00156,High-high mismatch cluster
E01003668,Redbridge 007A,Redbridge,children_and_adolescents,-1.46898720628553,Not significant,0.236889883898993,0.2791,0.337598061545917,Not significant
E01003669,Redbridge 007B,Redbridge,children_and_adolescents,0.824941079063613,Not significant,0.122590555555782,0.3308,0.380145856353591,Not significant
E01003670,Redbridge 007C,Redbridge,children_and_adolescents,0.0267403285863895,Not significant,0.00148291363720263,0.4071,0.437135556033556,Not significant
E01003671,Redbridge 007D,Redbridge,children_and_adolescents,1.27551128693806,Not significant,0.145632525946594,0.3379,0.386083039597162,Not significant
E01003672,Redbridge 007E,Redbridge,children_and_adolescents,-1.23305693842635,Not significant,-0.101895530934961,0.4184,0.445436724248241,Not significant
E01003673,Redbridge 007F,Redbridge,children_and_adolescents,1.22317323984447,Not significant,-0.0298676207489047,0.4548,0.471029377593361,Not significant
E01003674,Redbridge 007G,Redbridge,children_and_adolescents,-1.19760641582011,Not significant,0.0737285984259851,0.3777,0.417788256148903,Not significant
E01003675,Redbridge 036A,Redbridge,children_and_adolescents,2.00043869329625,High-high mismatch cluster,1.48268419421314,0.0005,0.00447311827956989,High-high mismatch cluster
E01003676,Redbridge 036B,Redbridge,children_and_adolescents,2.03197748052576,Not significant,0.853732585859453,0.0583,0.116134716679968,Not significant
E01003677,Redbridge 036C,Redbridge,children_and_adolescents,1.38520648694366,High-high mismatch cluster,0.714103744416981,0.0094,0.0332564138908576,High-high mismatch cluster
E01003678,Redbridge 036D,Redbridge,children_and_adolescents,1.46795248268743,Not significant,0.458586765529144,0.1544,0.224909483513277,Not significant
E01003679,Redbridge 036E,Redbridge,children_and_adolescents,1.4473815294435,Not significant,0.563839583738875,0.0553,0.111673786407767,Not significant
E01003680,Redbridge 036F,Redbridge,children_and_adolescents,1.02186402260248,Not significant,0.439638842547083,0.0478,0.101625894378194,Not significant
E01003681,Redbridge 036G,Redbridge,children_and_adolescents,0.49403104852148,High-high mismatch cluster,0.21012921285007,0.0087,0.0315857454545455,High-high mismatch cluster
E01003682,Redbridge 036H,Redbridge,children_and_adolescents,2.15569534367947,Not significant,1.20122747750515,0.0315,0.0773097345132743,Not significant
E01003683,Redbridge 040C,Redbridge,children_and_adolescents,2.55848330004587,High-high mismatch cluster,1.38565723380865,0.0173,0.0508308416715715,Not significant
E01003684,Redbridge 040E,Redbridge,children_and_adolescents,2.04710006607221,High-high mismatch cluster,1.18804908850312,0.0124,0.0405375245579568,High-high mismatch cluster
E01003685,Redbridge 040D,Redbridge,children_and_adolescents,0.925209779123562,Not significant,0.370391696478499,0.0265,0.0682600619195046,Not significant
E01003686,Redbridge 040A,Redbridge,children_and_adolescents,-0.0741347913028767,Low-high spatial outlier,-0.0432267480662541,0.0077,0.0292307224334601,Low-high spatial outlier
E01003688,Redbridge 040B,Redbridge,children_and_adolescents,1.39042991955534,Not significant,0.274703447152472,0.2711,0.331333920704846,Not significant
E01003689,Redbridge 039C,Redbridge,children_and_adolescents,-0.588609010770745,Low-high spatial outlier,-0.274811967365553,0.0159,0.0480174228675136,Low-high spatial outlier
E01003690,Redbridge 035A,Redbridge,children_and_adolescents,0.423014379194723,High-high mismatch cluster,0.195247177046131,0.009,0.0323688760806916,High-high mismatch cluster
E01003691,Redbridge 035B,Redbridge,children_and_adolescents,0.557540379554254,High-high mismatch cluster,0.342901226947468,0.0042,0.0195764705882353,High-high mismatch cluster
E01003692,Redbridge 035C,Redbridge,children_and_adolescents,1.92821028101152,Not significant,0.709621194969679,0.0883,0.154069765816148,Not significant
E01003693,Redbridge 035D,Redbridge,children_and_adolescents,1.60030044483572,Not significant,0.815371188185085,0.025,0.065443104352386,Not significant
E01003694,Redbridge 035E,Redbridge,children_and_adolescents,0.895213236115133,Not significant,0.43914735653403,0.0318,0.0777022026431718,Not significant
E01003695,Redbridge 035F,Redbridge,children_and_adolescents,1.25762219364522,Not significant,0.639223793795211,0.0249,0.0653183394640042,Not significant
E01003696,Redbridge 035G,Redbridge,children_and_adolescents,1.16278488298816,High-high mismatch cluster,0.604537156044784,0.0057,0.0236332225913621,High-high mismatch cluster
E01003697,Redbridge 035H,Redbridge,children_and_adolescents,2.39425904825554,High-high mismatch cluster,1.65662069427682,0.0029,0.0152387368421053,High-high mismatch cluster
E01003698,Redbridge 006A,Redbridge,children_and_adolescents,1.56070337484714,High-high mismatch cluster,1.2253920103151,0.0027,0.0143387234042553,High-high mismatch cluster
E01003699,Redbridge 006B,Redbridge,children_and_adolescents,1.81019545765644,High-high mismatch cluster,0.98180083412772,0.0052,0.0222246575342466,High-high mismatch cluster
E01003700,Redbridge 006C,Redbridge,children_and_adolescents,2.34257282940948,High-high mismatch cluster,1.47492206300538,0.0012,0.00830846047156727,High-high mismatch cluster
E01003701,Redbridge 006D,Redbridge,children_and_adolescents,0.648766675005462,Not significant,0.269998081466591,0.0571,0.114245771543086,Not significant
E01003702,Redbridge 006E,Redbridge,children_and_adolescents,1.97505250039231,High-high mismatch cluster,1.16979094483104,0.0045,0.0202196219621962,High-high mismatch cluster
E01003703,Redbridge 006F,Redbridge,children_and_adolescents,2.80236659984313,High-high mismatch cluster,1.81448175348995,0.0012,0.00830846047156727,High-high mismatch cluster
E01003704,Redbridge 006G,Redbridge,children_and_adolescents,1.20959936797596,High-high mismatch cluster,0.876579531525217,0.004,0.0189270142180095,High-high mismatch cluster
E01003705,Redbridge 010A,Redbridge,children_and_adolescents,1.30938060043382,Not significant,0.652852293650307,0.0452,0.098317385620915,Not significant
E01003706,Redbridge 010B,Redbridge,children_and_adolescents,1.96792369098837,High-high mismatch cluster,1.24335516056645,0.0029,0.0152387368421053,High-high mismatch cluster
E01003707,Redbridge 008A,Redbridge,children_and_adolescents,0.603556437134179,Not significant,0.288230956173543,0.0507,0.105676158663883,Not significant
E01003708,Redbridge 008B,Redbridge,children_and_adolescents,1.67031677367764,High-high mismatch cluster,0.947328854391378,0.0043,0.0197839631336406,High-high mismatch cluster
E01003709,Redbridge 008C,Redbridge,children_and_adolescents,1.59871802649981,Not significant,0.720903019156702,0.0288,0.0725742554265522,Not significant
E01003710,Redbridge 008D,Redbridge,children_and_adolescents,0.351548580150706,High-high mismatch cluster,0.17888720261895,0.0179,0.0522554385964912,Not significant
E01003711,Redbridge 010C,Redbridge,children_and_adolescents,0.330798586889106,Not significant,0.124765004727735,0.0455,0.0987118644067797,Not significant
E01003712,Redbridge 010D,Redbridge,children_and_adolescents,1.1563415109043,Not significant,0.463335246674335,0.0525,0.108074226804124,Not significant
E01003713,Redbridge 034A,Redbridge,children_and_adolescents,1.97463033263798,High-high mismatch cluster,1.2425369592976,0.0125,0.0407576747224037,High-high mismatch cluster
E01003714,Redbridge 034B,Redbridge,children_and_adolescents,1.2124394905023,High-high mismatch cluster,0.782151865181136,0.0021,0.012105311778291,High-high mismatch cluster
E01003715,Redbridge 034C,Redbridge,children_and_adolescents,1.82630451328951,High-high mismatch cluster,1.31783511070815,0.0007,0.00557320574162679,High-high mismatch cluster
E01003716,Redbridge 034D,Redbridge,children_and_adolescents,0.514742247098495,High-high mismatch cluster,0.422976885201562,0.0001,0.00156,High-high mismatch cluster
E01003718,Redbridge 034E,Redbridge,children_and_adolescents,1.96744470938556,High-high mismatch cluster,1.3196229168703,0.0031,0.0160198757763975,High-high mismatch cluster
E01003719,Redbridge 034F,Redbridge,children_and_adolescents,1.91269314133327,High-high mismatch cluster,1.40951308278348,0.0001,0.00156,High-high mismatch cluster
E01003720,Redbridge 002A,Redbridge,children_and_adolescents,-0.255695935415754,Low-high spatial outlier,-0.155694386825417,0.0052,0.0222246575342466,Low-high spatial outlier
E01003721,Redbridge 003A,Redbridge,children_and_adolescents,0.886439871274724,Not significant,0.341840302518072,0.0737,0.136061538461538,Not significant
E01003722,Redbridge 002B,Redbridge,children_and_adolescents,2.60692152964081,High-high mismatch cluster,2.30554975871002,0.0097,0.0340762843068262,High-high mismatch cluster
E01003723,Redbridge 002C,Redbridge,children_and_adolescents,0.816159257295815,High-high mismatch cluster,0.578681600818528,0.0026,0.0139711517761033,High-high mismatch cluster
E01003724,Redbridge 003B,Redbridge,children_and_adolescents,2.74839253711312,Not significant,0.829516420273555,0.1972,0.266564419171405,Not significant
E01003725,Redbridge 003C,Redbridge,children_and_adolescents,1.15593140913102,Not significant,0.657997519246696,0.0215,0.0592644947542794,Not significant
E01003726,Redbridge 002D,Redbridge,children_and_adolescents,3.87469865705825,High-high mismatch cluster,3.13290405696614,0.0001,0.00156,High-high mismatch cluster
E01003727,Redbridge 003D,Redbridge,children_and_adolescents,0.429666913290428,Not significant,0.173291435858738,0.0666,0.126750743423561,Not significant
E01003729,Redbridge 032B,Redbridge,children_and_adolescents,0.635223398506409,Not significant,0.226327057152091,0.0763,0.139010802919708,Not significant
E01003730,Redbridge 032C,Redbridge,children_and_adolescents,2.05581081345517,Not significant,0.279589135473404,0.3429,0.390277428180575,Not significant
E01003731,Redbridge 033A,Redbridge,children_and_adolescents,0.471735968596876,High-high mismatch cluster,0.248413294285314,0.0069,0.0270367346938776,High-high mismatch cluster
E01003732,Redbridge 032D,Redbridge,children_and_adolescents,2.47033251020181,High-high mismatch cluster,2.15047975586798,0.0001,0.00156,High-high mismatch cluster
E01003733,Redbridge 032E,Redbridge,children_and_adolescents,1.77582269698225,High-high mismatch cluster,0.960918383682846,0.0104,0.0356082304526749,High-high mismatch cluster
E01003734,Redbridge 033B,Redbridge,children_and_adolescents,1.32743547818875,High-high mismatch cluster,0.94742258982235,0.001,0.00731964809384164,High-high mismatch cluster
E01003735,Redbridge 033C,Redbridge,children_and_adolescents,1.01401917069762,High-high mismatch cluster,0.608454761893455,0.0012,0.00830846047156727,High-high mismatch cluster
E01003736,Redbridge 033D,Redbridge,children_and_adolescents,3.00033511432859,High-high mismatch cluster,2.42246504219011,0.0039,0.0186840690978887,High-high mismatch cluster
E01003737,Redbridge 031A,Redbridge,children_and_adolescents,2.42186905138266,High-high mismatch cluster,1.48301590803848,0.0043,0.0197839631336406,High-high mismatch cluster
E01003738,Redbridge 031B,Redbridge,children_and_adolescents,2.69499968487287,High-high mismatch cluster,1.96400262749739,0.0001,0.00156,High-high mismatch cluster
E01003739,Redbridge 031C,Redbridge,children_and_adolescents,2.72674896980402,High-high mismatch cluster,1.6913278619753,0.002,0.0116771929824561,High-high mismatch cluster
E01003740,Redbridge 031D,Redbridge,children_and_adolescents,1.29621418522084,High-high mismatch cluster,0.977674864219746,0.0001,0.00156,High-high mismatch cluster
E01003741,Redbridge 031E,Redbridge,children_and_adolescents,2.18416084426098,High-high mismatch cluster,1.55964119127184,0.0018,0.0108129963898917,High-high mismatch cluster
E01003742,Redbridge 031F,Redbridge,children_and_adolescents,1.43729471578803,High-high mismatch cluster,0.838661212982163,0.0101,0.0350376650451703,High-high mismatch cluster
E01003743,Redbridge 031G,Redbridge,children_and_adolescents,1.55712934755223,High-high mismatch cluster,0.879294871652517,0.014,0.0441212121212121,High-high mismatch cluster
E01003744,Redbridge 001A,Redbridge,children_and_adolescents,1.26010404014741,Not significant,0.483738151066621,0.0754,0.138330319735391,Not significant
E01003745,Redbridge 001B,Redbridge,children_and_adolescents,2.15873920793653,Not significant,0.684052715934005,0.1527,0.22328014059754,Not significant
E01003746,Redbridge 001C,Redbridge,children_and_adolescents,-0.0431375737553995,Not significant,-0.014261986833586,0.0939,0.160530410958904,Not significant
E01003747,Redbridge 001D,Redbridge,children_and_adolescents,1.34098264643928,Not significant,0.777468659782413,0.0226,0.0616835429196282,Not significant
E01003748,Redbridge 001E,Redbridge,children_and_adolescents,0.804187481534212,Not significant,0.222699972623367,0.134,0.204627714897522,Not significant
E01003749,Redbridge 001F,Redbridge,children_and_adolescents,0.0422653821926675,Not significant,0.0160106968583965,0.0596,0.117971134020619,Not significant
E01003750,Redbridge 001G,Redbridge,children_and_adolescents,-0.149928490893704,Not significant,-0.0254370065907212,0.2303,0.296738080495356,Not significant
E01003751,Redbridge 020A,Redbridge,children_and_adolescents,1.34923713331248,High-high mismatch cluster,0.739923716332043,0.0051,0.0219286821705426,High-high mismatch cluster
E01003752,Redbridge 023A,Redbridge,children_and_adolescents,1.20549662212667,High-high mismatch cluster,0.876257372000361,0.0014,0.00919578947368421,High-high mismatch cluster
E01003753,Redbridge 020B,Redbridge,children_and_adolescents,1.63414114640572,High-high mismatch cluster,0.85649736338025,0.0127,0.0411945419103314,High-high mismatch cluster
E01003754,Redbridge 020C,Redbridge,children_and_adolescents,0.334305896249697,High-high mismatch cluster,0.185341786674742,0.0093,0.0331611428571429,High-high mismatch cluster
E01003755,Redbridge 023B,Redbridge,children_and_adolescents,3.70884930607676,High-high mismatch cluster,2.18147780928517,0.0032,0.016350460593654,High-high mismatch cluster
E01003756,Redbridge 023C,Redbridge,children_and_adolescents,0.954736330143256,High-high mismatch cluster,0.7383029326046,0.0001,0.00156,High-high mismatch cluster
E01003757,Redbridge 020D,Redbridge,children_and_adolescents,1.58829442729642,Not significant,0.74050177717572,0.0254,0.066281651855724,Not significant
E01003759,Redbridge 009A,Redbridge,children_and_adolescents,0.58114333005898,Not significant,0.0625709802739729,0.3991,0.431717157712305,Not significant
E01003760,Redbridge 009B,Redbridge,children_and_adolescents,1.71930250856771,High-high mismatch cluster,1.05624897740011,0.0043,0.0197839631336406,High-high mismatch cluster
E01003761,Redbridge 009C,Redbridge,children_and_adolescents,3.30722096183019,High-high mismatch cluster,2.57205226677149,0.0023,0.0129589164785553,High-high mismatch cluster
E01003762,Redbridge 009D,Redbridge,children_and_adolescents,1.37746819453558,Not significant,0.183806904404416,0.3027,0.357313407424923,Not significant
E01003763,Redbridge 009E,Redbridge,children_and_adolescents,2.41924229849534,High-high mismatch cluster,1.20795109397828,0.0045,0.0202196219621962,High-high mismatch cluster
E01003764,Redbridge 009F,Redbridge,children_and_adolescents,-0.605320504494067,Not significant,-0.12186081524333,0.1771,0.247092857142857,Not significant
E01003765,Redbridge 009G,Redbridge,children_and_adolescents,-1.48641484398654,Not significant,0.265687470362673,0.2769,0.335506019417476,Not significant
E01003766,Redbridge 024A,Redbridge,children_and_adolescents,2.61472883019108,High-high mismatch cluster,1.66647251500506,0.0054,0.0228835314091681,High-high mismatch cluster
E01003767,Redbridge 024B,Redbridge,children_and_adolescents,2.523738773874,High-high mismatch cluster,1.64513732999422,0.0009,0.00673583208395802,High-high mismatch cluster
E01003768,Redbridge 024C,Redbridge,children_and_adolescents,1.90942682820087,High-high mismatch cluster,1.15977166361522,0.0049,0.0213631441048035,High-high mismatch cluster
E01003769,Redbridge 022A,Redbridge,children_and_adolescents,0.602324494980238,High-high mismatch cluster,0.47226366796096,0.0004,0.00385482625482626,High-high mismatch cluster
E01003770,Redbridge 022B,Redbridge,children_and_adolescents,2.13795474138125,High-high mismatch cluster,1.58820115564377,0.0002,0.00242330097087379,High-high mismatch cluster
E01003771,Redbridge 022C,Redbridge,children_and_adolescents,2.0238602877796,High-high mismatch cluster,1.31447293281951,0.0018,0.0108129963898917,High-high mismatch cluster
E01003772,Redbridge 024D,Redbridge,children_and_adolescents,1.39216933699897,High-high mismatch cluster,0.86411831717022,0.0084,0.0309238938053097,High-high mismatch cluster
E01003773,Redbridge 022D,Redbridge,children_and_adolescents,1.43778973440254,High-high mismatch cluster,1.05467329431167,0.0007,0.00557320574162679,High-high mismatch cluster
E01003774,Redbridge 014A,Redbridge,children_and_adolescents,1.01961136353753,Not significant,-0.25537037776067,0.1469,0.21766838824577,Not significant
E01003775,Redbridge 014B,Redbridge,children_and_adolescents,0.133420083821571,Not significant,-0.0437420375848303,0.1224,0.192265827564506,Not significant
E01003776,Redbridge 014C,Redbridge,children_and_adolescents,-1.3918582804047,Not significant,0.284399192207651,0.1884,0.258164370024705,Not significant
E01003777,Redbridge 014D,Redbridge,children_and_adolescents,-2.33966228550562,Not significant,0.182242019640467,0.3808,0.419579086697551,Not significant
E01003778,Redbridge 014E,Redbridge,children_and_adolescents,-2.37249722592064,Not significant,0.490267911020678,0.2034,0.271999142780605,Not significant
E01003779,Redbridge 014F,Redbridge,children_and_adolescents,-0.962731095251008,Not significant,0.292330663400921,0.1682,0.239013492741247,Not significant
E01003780,Redbridge 014G,Redbridge,children_and_adolescents,-1.31444132026065,Not significant,0.0259521051374769,0.4558,0.471575875647668,Not significant
E01003781,Redbridge 026A,Redbridge,children_and_adolescents,0.312348713716624,Not significant,0.122664356671628,0.0721,0.133800446096654,Not significant
E01003782,Redbridge 026B,Redbridge,children_and_adolescents,1.36991041808421,Not significant,0.732549747708699,0.0172,0.0506562831858407,Not significant
E01003783,Redbridge 029A,Redbridge,children_and_adolescents,0.79071700025945,High-high mismatch cluster,0.381726825006371,0.0112,0.0376247644683715,High-high mismatch cluster
E01003784,Redbridge 029B,Redbridge,children_and_adolescents,2.21784075514385,Not significant,1.05137158094306,0.0549,0.111180851926978,Not significant
E01003785,Redbridge 029C,Redbridge,children_and_adolescents,2.07192044132899,High-high mismatch cluster,1.29954680095365,0.0013,0.00879349593495935,High-high mismatch cluster
E01003786,Redbridge 026C,Redbridge,children_and_adolescents,2.96199243848,High-high mismatch cluster,1.73734646861097,0.0101,0.0350376650451703,High-high mismatch cluster
E01003787,Redbridge 026D,Redbridge,children_and_adolescents,1.48587731345257,High-high mismatch cluster,0.992352156977818,0.0004,0.00385482625482626,High-high mismatch cluster
E01003788,Redbridge 029D,Redbridge,children_and_adolescents,1.14222576236165,High-high mismatch cluster,0.5537467575315,0.0134,0.0427157088122605,High-high mismatch cluster
E01003789,Redbridge 018A,Redbridge,children_and_adolescents,0.0272695895410218,Not significant,-0.00293922031625826,0.3319,0.381059061637534,Not significant
E01003790,Redbridge 027A,Redbridge,children_and_adolescents,1.74728103830861,High-high mismatch cluster,1.18059492203657,0.0003,0.0031661733615222,High-high mismatch cluster
E01003791,Redbridge 027B,Redbridge,children_and_adolescents,1.60885803470371,Not significant,0.491678253585863,0.0327,0.0789353965183753,Not significant
E01003792,Redbridge 027C,Redbridge,children_and_adolescents,1.48943925060997,High-high mismatch cluster,0.758676206750056,0.0049,0.0213631441048035,High-high mismatch cluster
E01003793,Redbridge 027D,Redbridge,children_and_adolescents,1.07224775572541,High-high mismatch cluster,0.758972120395951,0.0055,0.023150084317032,High-high mismatch cluster
E01003794,Redbridge 018B,Redbridge,children_and_adolescents,0.44325770930711,Not significant,0.0948489886312381,0.1829,0.25284873996123,Not significant
E01003795,Redbridge 018C,Redbridge,children_and_adolescents,2.66436303158988,High-high mismatch cluster,1.49706753823584,0.0029,0.0152387368421053,High-high mismatch cluster
E01003796,Redbridge 018D,Redbridge,children_and_adolescents,1.27017420194361,Not significant,0.00240356329772702,0.4861,0.491018049372724,Not significant
E01003797,Richmond upon Thames 001A,Richmond upon Thames,children_and_adolescents,1.48183768281595,Not significant,0.237259239607318,0.291,0.34698452722063,Not significant
E01003798,Richmond upon Thames 001B,Richmond upon Thames,children_and_adolescents,-0.802088713089403,Not significant,-0.0932477039985354,0.3671,0.41006113224435,Not significant
E01003799,Richmond upon Thames 001C,Richmond upon Thames,children_and_adolescents,0.657806608757399,Not significant,0.0972091528718159,0.2595,0.321046840148699,Not significant
E01003800,Richmond upon Thames 001D,Richmond upon Thames,children_and_adolescents,1.25139861474148,Not significant,0.463908956998643,0.0806,0.144472244165171,Not significant
E01003801,Richmond upon Thames 001E,Richmond upon Thames,children_and_adolescents,0.0315450274711964,Not significant,0.0161656940830116,0.0395,0.0902031107044831,Not significant
E01003802,Richmond upon Thames 001F,Richmond upon Thames,children_and_adolescents,1.760111868118,Not significant,0.429213478727514,0.257,0.319458167330677,Not significant
E01003803,Richmond upon Thames 001G,Richmond upon Thames,children_and_adolescents,0.98558903490896,Not significant,0.342390424635997,0.1761,0.246106159014558,Not significant
E01003804,Richmond upon Thames 005A,Richmond upon Thames,children_and_adolescents,0.997730392612146,Not significant,0.426048931663564,0.0532,0.108931255127153,Not significant
E01003805,Richmond upon Thames 012A,Richmond upon Thames,children_and_adolescents,1.88535354643991,Not significant,0.59244699882565,0.1249,0.19478313027179,Not significant
E01003806,Richmond upon Thames 012B,Richmond upon Thames,children_and_adolescents,1.56190803733862,High-high mismatch cluster,0.570943954368793,0.0181,0.0525626527050611,Not significant
E01003807,Richmond upon Thames 005B,Richmond upon Thames,children_and_adolescents,0.0219338933253363,Not significant,0.00793179871922022,0.0451,0.0982711479703186,Not significant
E01003808,Richmond upon Thames 005C,Richmond upon Thames,children_and_adolescents,1.01865142385262,Not significant,0.261085912930939,0.2069,0.275205115907274,Not significant
E01003809,Richmond upon Thames 005D,Richmond upon Thames,children_and_adolescents,1.0645673660869,Not significant,0.293624175837926,0.1126,0.182322153746351,Not significant
E01003810,Richmond upon Thames 019A,Richmond upon Thames,children_and_adolescents,1.76137956246348,Not significant,0.426033665965018,0.172,0.242480655182152,Not significant
E01003811,Richmond upon Thames 018A,Richmond upon Thames,children_and_adolescents,1.69089526674029,Not significant,0.194766057711227,0.2989,0.354251851851852,Not significant
E01003812,Richmond upon Thames 018B,Richmond upon Thames,children_and_adolescents,1.30249764911277,Not significant,0.402806315603513,0.1625,0.233170451279103,Not significant
E01003813,Richmond upon Thames 019B,Richmond upon Thames,children_and_adolescents,0.234570224728548,Not significant,0.0790217576305938,0.1056,0.174554701986755,Not significant
E01003814,Richmond upon Thames 019C,Richmond upon Thames,children_and_adolescents,-0.0345826779221221,Not significant,-0.011061548314278,0.1527,0.22328014059754,Not significant
E01003815,Richmond upon Thames 019D,Richmond upon Thames,children_and_adolescents,0.0172804260634636,Not significant,0.00122220725397465,0.3927,0.427932416502947,Not significant
E01003816,Richmond upon Thames 012C,Richmond upon Thames,children_and_adolescents,2.03052301456465,Not significant,0.549305141583343,0.142,0.21251144397843,Not significant
E01003817,Richmond upon Thames 012D,Richmond upon Thames,children_and_adolescents,1.25937314274123,High-high mismatch cluster,0.734934482396045,0.0001,0.00156,High-high mismatch cluster
E01003818,Richmond upon Thames 017A,Richmond upon Thames,children_and_adolescents,1.60432153537685,Not significant,0.853222728386828,0.1086,0.177911606557377,Not significant
E01003819,Richmond upon Thames 017B,Richmond upon Thames,children_and_adolescents,1.34953212137304,Not significant,0.809740576167606,0.0165,0.0494405762304922,High-high mismatch cluster
E01003820,Richmond upon Thames 017C,Richmond upon Thames,children_and_adolescents,1.47165984232213,Not significant,0.726165152049905,0.0302,0.0751162929745889,Not significant
E01003821,Richmond upon Thames 008A,Richmond upon Thames,children_and_adolescents,-0.544172325082277,Not significant,0.0956440485743707,0.254,0.316754434174369,Not significant
E01003822,Richmond upon Thames 023A,Richmond upon Thames,children_and_adolescents,-0.00716673607712703,Not significant,0.00100171126997461,0.298,0.35343692088382,Not significant
E01003823,Richmond upon Thames 023B,Richmond upon Thames,children_and_adolescents,-0.782647308024952,Not significant,0.162328037434612,0.1551,0.22533736903376,Not significant
E01003824,Richmond upon Thames 023C,Richmond upon Thames,children_and_adolescents,-0.176327387624215,Not significant,-0.0125972431197178,0.3886,0.424762688854828,Not significant
E01003825,Richmond upon Thames 023D,Richmond upon Thames,children_and_adolescents,1.11207737645364,Not significant,0.198596033308865,0.288,0.344688563893551,Not significant
E01003826,Richmond upon Thames 023E,Richmond upon Thames,children_and_adolescents,0.34091192242239,Not significant,-0.00751886776319228,0.4595,0.474028518288903,Not significant
E01003827,Richmond upon Thames 023F,Richmond upon Thames,children_and_adolescents,-1.11057441777169,Not significant,0.0655871130994933,0.4109,0.439514206128134,Not significant
E01003828,Richmond upon Thames 020A,Richmond upon Thames,children_and_adolescents,0.539141109098316,Not significant,0.0399820517461463,0.3854,0.422838857142857,Not significant
E01003829,Richmond upon Thames 020B,Richmond upon Thames,children_and_adolescents,1.68974576859109,Not significant,0.86615005023597,0.0429,0.0950118899733807,Not significant
E01003830,Richmond upon Thames 020C,Richmond upon Thames,children_and_adolescents,0.262072755223224,Not significant,0.0616008809332085,0.1373,0.208012625189681,Not significant
E01003831,Richmond upon Thames 020D,Richmond upon Thames,children_and_adolescents,0.903307402966645,Not significant,0.25645054756031,0.1074,0.176420138203356,Not significant
E01003832,Richmond upon Thames 020E,Richmond upon Thames,children_and_adolescents,-0.283914037149571,Not significant,-0.0689633170183058,0.2009,0.26973986013986,Not significant
E01003833,Richmond upon Thames 020F,Richmond upon Thames,children_and_adolescents,-1.63014583801098,Not significant,-0.237308640036699,0.3594,0.403264733648011,Not significant
E01003834,Richmond upon Thames 022A,Richmond upon Thames,children_and_adolescents,0.262551852344899,Not significant,-0.0189688027259746,0.3472,0.393199274047187,Not significant
E01003835,Richmond upon Thames 022B,Richmond upon Thames,children_and_adolescents,2.33326464373691,Not significant,0.455522708056859,0.2193,0.286713298429319,Not significant
E01003836,Richmond upon Thames 022C,Richmond upon Thames,children_and_adolescents,0.499028583809432,Not significant,0.116912729190104,0.2343,0.29952,Not significant
E01003837,Richmond upon Thames 022D,Richmond upon Thames,children_and_adolescents,0.619387931722612,Not significant,0.195211954729463,0.0858,0.151080634920635,Not significant
E01003838,Richmond upon Thames 022E,Richmond upon Thames,children_and_adolescents,0.837992296757271,Not significant,0.242375179211014,0.1247,0.19471454488583,Not significant
E01003839,Richmond upon Thames 022F,Richmond upon Thames,children_and_adolescents,0.797960967778877,Not significant,0.183517980509278,0.2442,0.307858894776684,Not significant
E01003840,Richmond upon Thames 013A,Richmond upon Thames,children_and_adolescents,1.66180049573314,High-high mismatch cluster,0.949946333998992,0.0066,0.0261901430842607,High-high mismatch cluster
E01003841,Richmond upon Thames 013B,Richmond upon Thames,children_and_adolescents,2.43422742936718,High-high mismatch cluster,1.31247537545103,0.011,0.0371780636425186,High-high mismatch cluster
E01003842,Richmond upon Thames 013C,Richmond upon Thames,children_and_adolescents,0.586019411994704,Not significant,0.238057227205014,0.0654,0.125423280829812,Not significant
E01003843,Richmond upon Thames 013D,Richmond upon Thames,children_and_adolescents,1.92734610485566,High-high mismatch cluster,1.18062697099905,0.0079,0.0297187641296157,High-high mismatch cluster
E01003844,Richmond upon Thames 013E,Richmond upon Thames,children_and_adolescents,0.800403226806843,Not significant,0.316734073519256,0.0411,0.0926280812641084,Not significant
E01003845,Richmond upon Thames 013F,Richmond upon Thames,children_and_adolescents,-0.0947171882670046,Low-high spatial outlier,-0.058847414911595,0.0004,0.00385482625482626,Low-high spatial outlier
E01003846,Richmond upon Thames 002A,Richmond upon Thames,children_and_adolescents,0.149950276546605,Not significant,-0.0188276529223962,0.3225,0.374052044609665,Not significant
E01003847,Richmond upon Thames 002B,Richmond upon Thames,children_and_adolescents,-2.28072574473988,Not significant,0.101979648574989,0.4232,0.448919337016575,Not significant
E01003848,Richmond upon Thames 004A,Richmond upon Thames,children_and_adolescents,0.0821408732434933,Not significant,0.0160867396428594,0.2383,0.303003973509934,Not significant
E01003849,Richmond upon Thames 002C,Richmond upon Thames,children_and_adolescents,-0.451304163481689,Not significant,0.049515363384164,0.3373,0.385573986718571,Not significant
E01003851,Richmond upon Thames 002D,Richmond upon Thames,children_and_adolescents,-0.108161006906428,Not significant,0.0143338820187832,0.3466,0.392787105561862,Not significant
E01003852,Richmond upon Thames 003A,Richmond upon Thames,children_and_adolescents,-0.863685150038112,Not significant,0.0002243579549275,0.4867,0.491325864509606,Not significant
E01003853,Richmond upon Thames 003B,Richmond upon Thames,children_and_adolescents,-0.302329446383979,Not significant,0.010632243113572,0.439,0.459720578980491,Not significant
E01003854,Richmond upon Thames 003C,Richmond upon Thames,children_and_adolescents,-0.603703011987583,Not significant,-0.0763010201656378,0.3358,0.384652042221202,Not significant
E01003855,Richmond upon Thames 003D,Richmond upon Thames,children_and_adolescents,0.0273163408972357,Not significant,0.00709447116240541,0.1984,0.267462273832028,Not significant
E01003856,Richmond upon Thames 003E,Richmond upon Thames,children_and_adolescents,0.375859513620833,Not significant,0.0487487845671786,0.3202,0.371902838529549,Not significant
E01003857,Richmond upon Thames 003F,Richmond upon Thames,children_and_adolescents,1.14704842995368,Not significant,-0.0723428471932683,0.3957,0.429981367000435,Not significant
E01003858,Richmond upon Thames 003G,Richmond upon Thames,children_and_adolescents,1.25764209577661,Not significant,0.284647017094806,0.2119,0.280510421638823,Not significant
E01003859,Richmond upon Thames 005E,Richmond upon Thames,children_and_adolescents,1.41075890820356,Not significant,0.453546240214753,0.1163,0.186378683788122,Not significant
E01003860,Richmond upon Thames 002E,Richmond upon Thames,children_and_adolescents,-0.683751904236124,Not significant,0.277202776007401,0.0761,0.138849122807018,Not significant
E01003861,Richmond upon Thames 004C,Richmond upon Thames,children_and_adolescents,-0.192519173188571,Not significant,0.00890151067477591,0.4263,0.451057566765579,Not significant
E01003862,Richmond upon Thames 004D,Richmond upon Thames,children_and_adolescents,1.15758744500971,Not significant,0.210466096448542,0.2187,0.286098113207547,Not significant
E01003863,Richmond upon Thames 004E,Richmond upon Thames,children_and_adolescents,-0.512031424616203,Not significant,0.0343067064446867,0.3889,0.424904530531845,Not significant
E01003864,Richmond upon Thames 002F,Richmond upon Thames,children_and_adolescents,0.501774711954786,Not significant,-0.0747158681487974,0.2756,0.334499197665937,Not significant
E01003865,Richmond upon Thames 004F,Richmond upon Thames,children_and_adolescents,1.30303108382792,Not significant,0.27178935769941,0.1895,0.259386893336989,Not significant
E01003866,Richmond upon Thames 007A,Richmond upon Thames,children_and_adolescents,1.25662164879702,Not significant,0.206153238779038,0.276,0.334740524781341,Not significant
E01003867,Richmond upon Thames 011A,Richmond upon Thames,children_and_adolescents,1.39556174909021,Not significant,0.529913551365832,0.0369,0.0860368052312004,Not significant
E01003868,Richmond upon Thames 007B,Richmond upon Thames,children_and_adolescents,-0.0468310459807058,Not significant,-0.00100764941182381,0.4789,0.486105896705978,Not significant
E01003869,Richmond upon Thames 011B,Richmond upon Thames,children_and_adolescents,0.555100242874549,Not significant,0.0293207956068156,0.4048,0.435321327014218,Not significant
E01003870,Richmond upon Thames 011C,Richmond upon Thames,children_and_adolescents,1.2217470965295,Not significant,0.197295179818029,0.2485,0.31223559023408,Not significant
E01003871,Richmond upon Thames 007C,Richmond upon Thames,children_and_adolescents,1.12802371538795,Not significant,0.121658700815292,0.3753,0.415778428761651,Not significant
E01003872,Richmond upon Thames 007D,Richmond upon Thames,children_and_adolescents,0.190189108904775,Not significant,-0.00551198435790949,0.4465,0.464844212721585,Not significant
E01003873,Richmond upon Thames 006A,Richmond upon Thames,children_and_adolescents,-1.07454676313979,Not significant,0.417583633000473,0.0617,0.120503286384977,Not significant
E01003874,Richmond upon Thames 006B,Richmond upon Thames,children_and_adolescents,-1.56096003799881,Not significant,0.343264552523628,0.216,0.284336109646811,Not significant
E01003875,Richmond upon Thames 006C,Richmond upon Thames,children_and_adolescents,0.783835003128,Not significant,0.0916332108390469,0.309,0.362521269095182,Not significant
E01003876,Richmond upon Thames 008B,Richmond upon Thames,children_and_adolescents,-2.32556261996296,Not significant,0.703526308776452,0.165,0.235741270749857,Not significant
E01003877,Richmond upon Thames 008C,Richmond upon Thames,children_and_adolescents,-0.904698401925882,Not significant,0.377408287022573,0.0553,0.111673786407767,Not significant
E01003878,Richmond upon Thames 006D,Richmond upon Thames,children_and_adolescents,-1.2062534314221,Not significant,-0.114816705752039,0.3361,0.384819082568807,Not significant
E01003879,Richmond upon Thames 008D,Richmond upon Thames,children_and_adolescents,0.0781458597226294,Not significant,-0.0260093697905002,0.1714,0.241908057675997,Not significant
E01003880,Richmond upon Thames 016A,Richmond upon Thames,children_and_adolescents,0.261317428420345,Not significant,-0.117530099694717,0.0767,0.139535860058309,Not significant
E01003881,Richmond upon Thames 016B,Richmond upon Thames,children_and_adolescents,-0.429849180847811,Not significant,-0.0122827641850563,0.4634,0.476378253706755,Not significant
E01003882,Richmond upon Thames 014A,Richmond upon Thames,children_and_adolescents,-0.892262630622473,Not significant,0.16949983458539,0.2177,0.285538202837625,Not significant
E01003883,Richmond upon Thames 014B,Richmond upon Thames,children_and_adolescents,0.572318001749587,Not significant,0.0375405615662805,0.4027,0.43399792746114,Not significant
E01003884,Richmond upon Thames 016C,Richmond upon Thames,children_and_adolescents,-1.15041084147153,Not significant,0.112808966996065,0.3609,0.404402424242424,Not significant
E01003885,Richmond upon Thames 016D,Richmond upon Thames,children_and_adolescents,-0.810032272603679,Not significant,-0.127768956112873,0.2401,0.304207918781726,Not significant
E01003886,Richmond upon Thames 021A,Richmond upon Thames,children_and_adolescents,-0.0255081605292485,Not significant,-0.00327745098373206,0.328,0.377449515905947,Not significant
E01003887,Richmond upon Thames 021B,Richmond upon Thames,children_and_adolescents,-0.366426013644995,Not significant,-0.0371769644539235,0.3526,0.39760090354642,Not significant
E01003888,Richmond upon Thames 021C,Richmond upon Thames,children_and_adolescents,-0.100175270910763,Not significant,-0.00659158081464579,0.3903,0.425967993003935,Not significant
E01003889,Richmond upon Thames 021D,Richmond upon Thames,children_and_adolescents,0.720999202377684,Not significant,0.029347579010461,0.4466,0.464851376146789,Not significant
E01003890,Richmond upon Thames 018C,Richmond upon Thames,children_and_adolescents,0.781891051831645,Not significant,0.0675596821018755,0.4076,0.437578322580645,Not significant
E01003891,Richmond upon Thames 018D,Richmond upon Thames,children_and_adolescents,-0.31785217411565,Not significant,-0.0558044963339598,0.2574,0.319637014925373,Not significant
E01003892,Richmond upon Thames 009A,Richmond upon Thames,children_and_adolescents,-0.284851228084757,Not significant,0.115925349524505,0.1295,0.199464362850972,Not significant
E01003893,Richmond upon Thames 009B,Richmond upon Thames,children_and_adolescents,-1.51675504362641,Not significant,0.24791440044197,0.3111,0.363873289597001,Not significant
E01003894,Richmond upon Thames 009C,Richmond upon Thames,children_and_adolescents,-1.20454695024243,Not significant,0.197370935938157,0.2742,0.333286194302411,Not significant
E01003895,Richmond upon Thames 009D,Richmond upon Thames,children_and_adolescents,-0.512369146124203,Not significant,0.126960055913397,0.1841,0.253945067698259,Not significant
E01003896,Richmond upon Thames 014C,Richmond upon Thames,children_and_adolescents,-2.3011191352696,Not significant,0.384180935116924,0.2595,0.321046840148699,Not significant
E01003897,Richmond upon Thames 014D,Richmond upon Thames,children_and_adolescents,-1.62369581667035,Not significant,0.21704547177868,0.3178,0.369545213137666,Not significant
E01003898,Richmond upon Thames 015A,Richmond upon Thames,children_and_adolescents,-0.141897041602128,Not significant,-0.0281244599534366,0.2787,0.337359456838021,Not significant
E01003899,Richmond upon Thames 015B,Richmond upon Thames,children_and_adolescents,0.863893690801895,Not significant,0.239410440176177,0.135,0.205588773642465,Not significant
E01003900,Richmond upon Thames 015C,Richmond upon Thames,children_and_adolescents,0.639322391604247,Not significant,0.218670149850872,0.0691,0.130111638418079,Not significant
E01003901,Richmond upon Thames 015D,Richmond upon Thames,children_and_adolescents,2.04274297772665,Not significant,0.654739046391923,0.1168,0.186820121755847,Not significant
E01003902,Richmond upon Thames 015E,Richmond upon Thames,children_and_adolescents,1.2081338521256,Not significant,0.477602720265901,0.0677,0.128354880364603,Not significant
E01003903,Richmond upon Thames 015F,Richmond upon Thames,children_and_adolescents,1.79201880671988,Not significant,0.729112465893663,0.0246,0.0647696202531646,Not significant
E01003904,Richmond upon Thames 015G,Richmond upon Thames,children_and_adolescents,1.47329378004445,Not significant,0.545773400821743,0.0514,0.1066010801828,Not significant
E01003905,Richmond upon Thames 010A,Richmond upon Thames,children_and_adolescents,0.424444230734351,Not significant,0.173040301778816,0.0436,0.0961356890459364,Not significant
E01003906,Richmond upon Thames 010B,Richmond upon Thames,children_and_adolescents,1.05375753065005,Not significant,0.244673411024225,0.1998,0.268841401617251,Not significant
E01003907,Richmond upon Thames 010C,Richmond upon Thames,children_and_adolescents,1.48522560601863,Not significant,0.762368961024425,0.0369,0.0860368052312004,Not significant
E01003908,Richmond upon Thames 010D,Richmond upon Thames,children_and_adolescents,0.763888194403751,Not significant,0.289996978607689,0.0493,0.103842025316456,Not significant
E01003909,Richmond upon Thames 010E,Richmond upon Thames,children_and_adolescents,1.05818320985324,Not significant,0.363927657710663,0.1009,0.169081168177241,Not significant
E01003910,Richmond upon Thames 011D,Richmond upon Thames,children_and_adolescents,1.51925924342156,Not significant,0.568326906319541,0.0469,0.100742168674699,Not significant
E01003911,Southwark 020A,Southwark,children_and_adolescents,-1.11547384941625,Not significant,0.573991917316382,0.0354,0.0837123638086215,Not significant
E01003912,Southwark 019A,Southwark,children_and_adolescents,1.16575788703735,High-low spatial outlier,-0.608233428355349,0.0152,0.0465511656441718,High-low spatial outlier
E01003913,Southwark 024A,Southwark,children_and_adolescents,-2.64946325534496,Low-low surplus cluster,1.5604167595434,0.0029,0.0152387368421053,Low-low surplus cluster
E01003914,Southwark 024B,Southwark,children_and_adolescents,-1.96830939186595,Not significant,0.700702236055618,0.0833,0.147720639431616,Not significant
E01003915,Southwark 024C,Southwark,children_and_adolescents,-2.24050769765906,Low-low surplus cluster,1.41499534119847,0.0229,0.062230157866086,Not significant
E01003916,Southwark 020B,Southwark,children_and_adolescents,-0.627794380961212,Not significant,0.21060805599548,0.0788,0.142113294797688,Not significant
E01003917,Southwark 020C,Southwark,children_and_adolescents,-1.12664049758238,Not significant,0.409495754677198,0.0959,0.162945132743363,Not significant
E01003918,Southwark 020D,Southwark,children_and_adolescents,-1.58936554164093,Low-low surplus cluster,1.03028869926737,0.0082,0.0304571428571429,Low-low surplus cluster
E01003919,Southwark 021A,Southwark,children_and_adolescents,-3.01133351495952,Low-low surplus cluster,1.93520401790767,0.0025,0.0136542669584245,Low-low surplus cluster
E01003920,Southwark 021B,Southwark,children_and_adolescents,-1.51797994938018,Low-low surplus cluster,1.11768890006894,0.0021,0.012105311778291,Low-low surplus cluster
E01003921,Southwark 021C,Southwark,children_and_adolescents,-3.55665381788298,Low-low surplus cluster,2.73425456617217,0.0045,0.0202196219621962,Low-low surplus cluster
E01003922,Southwark 021D,Southwark,children_and_adolescents,-1.42184930317652,Low-low surplus cluster,1.17641822280069,0.0022,0.0125084282460137,Low-low surplus cluster
E01003923,Southwark 017A,Southwark,children_and_adolescents,-2.55801218873178,Low-low surplus cluster,2.00143825515473,0.008,0.0299594898724681,Low-low surplus cluster
E01003924,Southwark 021E,Southwark,children_and_adolescents,-0.65668798028188,Low-low surplus cluster,0.592673413895336,0.0013,0.00879349593495935,Low-low surplus cluster
E01003925,Southwark 020E,Southwark,children_and_adolescents,-0.831164028121079,Not significant,0.454767674622943,0.0403,0.0914443636363636,Not significant
E01003926,Southwark 021F,Southwark,children_and_adolescents,-2.80688424349551,Low-low surplus cluster,2.19522629573835,0.0008,0.0061724884080371,Low-low surplus cluster
E01003929,Southwark 002B,Southwark,children_and_adolescents,-3.50815028704823,Low-low surplus cluster,4.18820361027688,0.0002,0.00242330097087379,Low-low surplus cluster
E01003930,Southwark 034A,Southwark,children_and_adolescents,-2.91189675542556,Low-low surplus cluster,3.25807806457907,0.0001,0.00156,Low-low surplus cluster
E01003932,Southwark 034B,Southwark,children_and_adolescents,-2.45636078543682,Low-low surplus cluster,2.82296989900686,0.0001,0.00156,Low-low surplus cluster
E01003933,Southwark 034C,Southwark,children_and_adolescents,-3.63335175117462,Low-low surplus cluster,4.09224203717772,0.0001,0.00156,Low-low surplus cluster
E01003934,Southwark 002C,Southwark,children_and_adolescents,-3.8852545934941,Low-low surplus cluster,4.62236331366027,0.0001,0.00156,Low-low surplus cluster
E01003935,Southwark 002D,Southwark,children_and_adolescents,-1.85743634850895,Low-low surplus cluster,2.49627121755346,0.0003,0.0031661733615222,Low-low surplus cluster
E01003936,Southwark 009A,Southwark,children_and_adolescents,-2.80742613095038,Low-low surplus cluster,2.20591730160343,0.0034,0.0170068136272545,Low-low surplus cluster
E01003937,Southwark 009B,Southwark,children_and_adolescents,-3.20285648760975,Low-low surplus cluster,3.51700347625344,0.0001,0.00156,Low-low surplus cluster
E01003938,Southwark 006A,Southwark,children_and_adolescents,-2.23637999779886,Low-low surplus cluster,2.06018232181866,0.0006,0.0050255033557047,Low-low surplus cluster
E01003939,Southwark 002E,Southwark,children_and_adolescents,-3.62808341602824,Low-low surplus cluster,4.14208810918996,0.0002,0.00242330097087379,Low-low surplus cluster
E01003940,Southwark 006B,Southwark,children_and_adolescents,-2.16965178501213,Low-low surplus cluster,2.08660170336293,0.0004,0.00385482625482626,Low-low surplus cluster
E01003941,Southwark 006C,Southwark,children_and_adolescents,-3.08348321462056,Low-low surplus cluster,2.79349882021188,0.0002,0.00242330097087379,Low-low surplus cluster
E01003942,Southwark 006D,Southwark,children_and_adolescents,-0.226590983706493,Low-low surplus cluster,0.188845555380331,0.0007,0.00557320574162679,Low-low surplus cluster
E01003943,Southwark 009C,Southwark,children_and_adolescents,-1.12087791699434,Low-low surplus cluster,0.828074791592839,0.0111,0.0373642616318274,Low-low surplus cluster
E01003945,Southwark 033A,Southwark,children_and_adolescents,2.1368158370448,High-high mismatch cluster,0.853627304078463,0.0114,0.0381426273458445,High-high mismatch cluster
E01003946,Southwark 033B,Southwark,children_and_adolescents,0.431770493827923,Not significant,0.0895677874680824,0.189,0.258844444444444,Not significant
E01003947,Southwark 033C,Southwark,children_and_adolescents,2.23886073729755,Not significant,0.826045463171735,0.1545,0.224989498249708,Not significant
E01003948,Southwark 033D,Southwark,children_and_adolescents,0.367334559761035,Not significant,0.151488005419178,0.0326,0.0789353965183753,Not significant
E01003949,Southwark 032A,Southwark,children_and_adolescents,0.747377776602496,Not significant,0.254657917409612,0.1066,0.175800198216056,Not significant
E01003950,Southwark 032B,Southwark,children_and_adolescents,0.875466511918363,Not significant,0.178384915554833,0.1919,0.26102583106267,Not significant
E01003951,Southwark 033E,Southwark,children_and_adolescents,0.777076156751246,Not significant,0.226696792665145,0.0739,0.13638033271719,Not significant
E01003952,Southwark 030A,Southwark,children_and_adolescents,-1.43633759814758,Not significant,0.408990633485139,0.1476,0.21844624962941,Not significant
E01003953,Southwark 028A,Southwark,children_and_adolescents,-2.7377318745077,Not significant,0.980362445236666,0.0555,0.112032349373231,Not significant
E01003954,Southwark 030B,Southwark,children_and_adolescents,-0.557805187596328,Not significant,0.248022375545524,0.0594,0.117808820023838,Not significant
E01003955,Southwark 028B,Southwark,children_and_adolescents,-0.404960365933735,Not significant,0.0974922527774608,0.1712,0.241694117647059,Not significant
E01003956,Southwark 030C,Southwark,children_and_adolescents,0.0548969006035813,Not significant,-0.0128515801952175,0.1954,0.264992339038305,Not significant
E01003957,Southwark 032C,Southwark,children_and_adolescents,0.0315661850569596,Not significant,-0.00409254316189388,0.3098,0.363118478516084,Not significant
E01003958,Southwark 032D,Southwark,children_and_adolescents,-0.868677110031014,Not significant,-0.102736141765374,0.3243,0.3748334336652,Not significant
E01003960,Southwark 012A,Southwark,children_and_adolescents,-2.43645850548779,Low-low surplus cluster,1.85164224142677,0.0013,0.00879349593495935,Low-low surplus cluster
E01003961,Southwark 012B,Southwark,children_and_adolescents,-1.70176710763005,Low-low surplus cluster,1.16171087117649,0.001,0.00731964809384164,Low-low surplus cluster
E01003963,Southwark 016A,Southwark,children_and_adolescents,-1.55520366581252,Low-low surplus cluster,1.13637151662505,0.012,0.0395928618638467,Low-low surplus cluster
E01003966,Southwark 015B,Southwark,children_and_adolescents,-2.30858201127122,Not significant,1.01536266818573,0.0441,0.0969811453744493,Not significant
E01003969,Southwark 017B,Southwark,children_and_adolescents,-2.06514573201652,Low-low surplus cluster,1.34146227252398,0.0006,0.0050255033557047,Low-low surplus cluster
E01003971,Southwark 015D,Southwark,children_and_adolescents,-0.0263018110394624,Not significant,0.011326986085833,0.0391,0.0896176308539945,Not significant
E01003972,Southwark 016D,Southwark,children_and_adolescents,-0.915063951893749,Not significant,0.366197167806072,0.058,0.115629392971246,Not significant
E01003973,Southwark 016E,Southwark,children_and_adolescents,-2.40658660456506,Low-low surplus cluster,1.84065692242472,0.0015,0.0096,Low-low surplus cluster
E01003975,Southwark 004A,Southwark,children_and_adolescents,-0.865084667652108,Low-low surplus cluster,0.6656955501443,0.0008,0.0061724884080371,Low-low surplus cluster
E01003976,Southwark 036D,Southwark,children_and_adolescents,-1.71761366833645,Low-low surplus cluster,1.57536977690415,0.0003,0.0031661733615222,Low-low surplus cluster
E01003977,Southwark 010A,Southwark,children_and_adolescents,-1.71590791331691,Low-low surplus cluster,1.08743028350287,0.0022,0.0125084282460137,Low-low surplus cluster
E01003979,Southwark 006E,Southwark,children_and_adolescents,-2.98401313642224,Low-low surplus cluster,2.94896900670812,0.0002,0.00242330097087379,Low-low surplus cluster
E01003980,Southwark 013A,Southwark,children_and_adolescents,-2.44328025412245,Low-low surplus cluster,1.80877750861181,0.0009,0.00673583208395802,Low-low surplus cluster
E01003981,Southwark 006F,Southwark,children_and_adolescents,-3.37857924981015,Low-low surplus cluster,4.08688407326597,0.0001,0.00156,Low-low surplus cluster
E01003983,Southwark 018A,Southwark,children_and_adolescents,0.5768888487643,Not significant,-0.273999308029485,0.0354,0.0837123638086215,Not significant
E01003984,Southwark 023A,Southwark,children_and_adolescents,-1.31273388999464,Not significant,0.568617791283552,0.047,0.100826815642458,Not significant
E01003986,Southwark 011A,Southwark,children_and_adolescents,-0.687115758771769,Not significant,0.165035791655484,0.1517,0.222273671852069,Not significant
E01003987,Southwark 011B,Southwark,children_and_adolescents,-0.90703660174006,Not significant,0.227800031284654,0.1603,0.230543820224719,Not significant
E01003988,Southwark 018B,Southwark,children_and_adolescents,-1.0425896805543,Not significant,0.222114693672318,0.175,0.245186640471513,Not significant
E01003989,Southwark 018C,Southwark,children_and_adolescents,-0.575502283876596,Not significant,0.139823889547952,0.1652,0.235959484978541,Not significant
E01003990,Southwark 018D,Southwark,children_and_adolescents,-0.601789921922954,Not significant,0.10546546254817,0.2387,0.303022267412303,Not significant
E01003991,Southwark 017C,Southwark,children_and_adolescents,-2.76778777384635,Low-low surplus cluster,2.08856646168441,0.0022,0.0125084282460137,Low-low surplus cluster
E01003992,Southwark 014A,Southwark,children_and_adolescents,-0.56498822807021,Low-low surplus cluster,0.383890556141836,0.0162,0.0486877784467188,Low-low surplus cluster
E01003993,Southwark 017D,Southwark,children_and_adolescents,-0.7025382489475,Low-low surplus cluster,0.558854962987775,0.0015,0.0096,Low-low surplus cluster
E01003994,Southwark 012E,Southwark,children_and_adolescents,-3.63396771352445,Low-low surplus cluster,3.47162450244545,0.0001,0.00156,Low-low surplus cluster
E01003995,Southwark 014B,Southwark,children_and_adolescents,-2.98258318110745,Low-low surplus cluster,3.20554340485625,0.0001,0.00156,Low-low surplus cluster
E01003997,Southwark 017E,Southwark,children_and_adolescents,-2.16438954284924,Low-low surplus cluster,2.07631463301441,0.001,0.00731964809384164,Low-low surplus cluster
E01003998,Southwark 014D,Southwark,children_and_adolescents,-2.2882288453409,Low-low surplus cluster,1.97108591066289,0.0001,0.00156,Low-low surplus cluster
E01003999,Southwark 014E,Southwark,children_and_adolescents,-1.70530775205353,Low-low surplus cluster,1.29971722984016,0.0017,0.0105421118012422,Low-low surplus cluster
E01004000,Southwark 026A,Southwark,children_and_adolescents,-0.853124947513059,Not significant,0.149792455282479,0.2388,0.303022267412303,Not significant
E01004001,Southwark 026B,Southwark,children_and_adolescents,-0.485136240915301,Not significant,0.0566489242340897,0.3111,0.363873289597001,Not significant
E01004002,Southwark 029A,Southwark,children_and_adolescents,1.58461390289115,Not significant,0.0390882608817071,0.4608,0.474878943022296,Not significant
E01004003,Southwark 023B,Southwark,children_and_adolescents,-0.774225433961144,Not significant,0.231189383457942,0.1445,0.215198090692124,Not significant
E01004004,Southwark 023C,Southwark,children_and_adolescents,-0.508717434787149,Not significant,0.167317487707779,0.0847,0.149618683651805,Not significant
E01004005,Southwark 023D,Southwark,children_and_adolescents,-1.55962318846289,Low-low surplus cluster,0.752623549640869,0.0202,0.056906546275395,Not significant
E01004006,Southwark 023E,Southwark,children_and_adolescents,-0.798967477785689,Not significant,0.386479457145751,0.0657,0.125757055214724,Not significant
E01004007,Southwark 018E,Southwark,children_and_adolescents,0.0695800359069512,Not significant,-0.0366186337258217,0.0319,0.0779084148727984,Not significant
E01004008,Southwark 022B,Southwark,children_and_adolescents,-1.31583599381401,Not significant,0.674948340051672,0.0397,0.0905769652650823,Not significant
E01004010,Southwark 022D,Southwark,children_and_adolescents,-1.84278687020581,Not significant,0.637176741739062,0.0728,0.134848831168831,Not significant
E01004011,Southwark 019B,Southwark,children_and_adolescents,-1.27113894709899,Not significant,0.254418742096515,0.208,0.276373702422145,Not significant
E01004012,Southwark 019C,Southwark,children_and_adolescents,-0.504644931572175,Not significant,0.198379910432033,0.064,0.123640866873065,Not significant
E01004013,Southwark 019D,Southwark,children_and_adolescents,-3.13032879028243,Not significant,0.548861189519544,0.2543,0.317049350649351,Not significant
E01004014,Southwark 019E,Southwark,children_and_adolescents,-0.154645309448759,Not significant,0.0370156110496236,0.1842,0.25401038100497,Not significant
E01004015,Southwark 028C,Southwark,children_and_adolescents,-1.11935639957922,Not significant,0.0714123758559825,0.3737,0.414834422948632,Not significant
E01004016,Southwark 029B,Southwark,children_and_adolescents,1.46023387265906,Not significant,0.43699850552965,0.0935,0.16039587628866,Not significant
E01004017,Southwark 029C,Southwark,children_and_adolescents,0.983212558524875,Not significant,0.243509479822967,0.1554,0.225576272172143,Not significant
E01004018,Southwark 032E,Southwark,children_and_adolescents,-0.213582609157786,Not significant,-0.038788740351128,0.2388,0.303022267412303,Not significant
E01004019,Southwark 026C,Southwark,children_and_adolescents,-0.307210969699183,Not significant,0.0486639488756686,0.2891,0.345508067991381,Not significant
E01004020,Southwark 029D,Southwark,children_and_adolescents,1.46978104722206,Not significant,0.195355163773388,0.3034,0.357716769012754,Not significant
E01004021,Southwark 028D,Southwark,children_and_adolescents,-1.36680922488097,Low-low surplus cluster,0.673685615384047,0.0227,0.0618550218340611,Not significant
E01004023,Southwark 004D,Southwark,children_and_adolescents,-1.48712716477628,Not significant,0.57183325214933,0.116,0.185957610789981,Not significant
E01004024,Southwark 011C,Southwark,children_and_adolescents,-1.14992782555665,Not significant,0.50041287124882,0.0486,0.102888549618321,Not significant
E01004028,Southwark 004E,Southwark,children_and_adolescents,-1.4509966591755,Low-low surplus cluster,1.07689965563399,0.0015,0.0096,Low-low surplus cluster
E01004029,Southwark 001A,Southwark,children_and_adolescents,-1.74171840439492,Low-low surplus cluster,1.20928634955563,0.004,0.0189270142180095,Low-low surplus cluster
E01004030,Southwark 007A,Southwark,children_and_adolescents,-2.67623056250379,Not significant,1.49025689537481,0.0663,0.126372508591065,Not significant
E01004031,Southwark 007B,Southwark,children_and_adolescents,-2.37291908527323,Not significant,0.909818136160953,0.0407,0.0920590847304032,Not significant
E01004032,Southwark 001B,Southwark,children_and_adolescents,-1.90391874090761,Not significant,0.862045553769974,0.1065,0.17569332452082,Not significant
E01004033,Southwark 007C,Southwark,children_and_adolescents,-2.2308984458936,Low-low surplus cluster,1.52464305067972,0.0159,0.0480174228675136,Low-low surplus cluster
E01004034,Southwark 007D,Southwark,children_and_adolescents,-0.455667044863419,Low-low surplus cluster,0.309053593681694,0.0051,0.0219286821705426,Low-low surplus cluster
E01004035,Southwark 011D,Southwark,children_and_adolescents,-0.86571215696294,Not significant,0.334242900169122,0.0649,0.124896222050887,Not significant
E01004036,Southwark 007E,Southwark,children_and_adolescents,-0.819074547966539,Not significant,0.35285297244973,0.0381,0.0881212569316081,Not significant
E01004037,Southwark 010B,Southwark,children_and_adolescents,-0.65434073690198,Not significant,0.266337373651447,0.0599,0.118283544303797,Not significant
E01004038,Southwark 010C,Southwark,children_and_adolescents,-1.02856611098962,Low-low surplus cluster,0.485880492348714,0.0186,0.0535783035199077,Not significant
E01004039,Southwark 013B,Southwark,children_and_adolescents,-1.48291508628511,Low-low surplus cluster,0.801596871690415,0.018,0.0523941690962099,Not significant
E01004040,Southwark 013C,Southwark,children_and_adolescents,-0.505204135472992,Low-low surplus cluster,0.314961137376698,0.0144,0.0448159600997506,Low-low surplus cluster
E01004041,Southwark 013D,Southwark,children_and_adolescents,-1.16608331235473,Not significant,0.426315344123248,0.12,0.189809885931559,Not significant
E01004042,Southwark 010D,Southwark,children_and_adolescents,-1.83315339821668,Low-low surplus cluster,1.00401600483731,0.016,0.048231884057971,Low-low surplus cluster
E01004043,Southwark 010E,Southwark,children_and_adolescents,-2.53779775684089,Not significant,1.33580908163985,0.0331,0.0796698167791707,Not significant
E01004044,Southwark 013E,Southwark,children_and_adolescents,-0.915796776429959,Low-low surplus cluster,0.797799456932152,0.0018,0.0108129963898917,Low-low surplus cluster
E01004045,Southwark 027A,Southwark,children_and_adolescents,0.327451736623493,Not significant,-0.011773362479726,0.4449,0.463661962421712,Not significant
E01004046,Southwark 028E,Southwark,children_and_adolescents,-1.22378967743086,Low-low surplus cluster,0.851282603986919,0.0041,0.0192180281690141,Low-low surplus cluster
E01004047,Southwark 027B,Southwark,children_and_adolescents,0.295635130374025,Not significant,0.0222884869594359,0.4035,0.434672421234355,Not significant
E01004048,Southwark 027C,Southwark,children_and_adolescents,0.603896843912163,Not significant,-0.108454391453718,0.2181,0.285687536079769,Not significant
E01004049,Southwark 027D,Southwark,children_and_adolescents,0.480872351427883,Not significant,-0.0264358211840898,0.4088,0.438206914322525,Not significant
E01004050,Southwark 024D,Southwark,children_and_adolescents,-0.963223791116663,Low-low surplus cluster,0.658790405360179,0.0037,0.0179673151750973,Low-low surplus cluster
E01004051,Southwark 027E,Southwark,children_and_adolescents,-0.58470461873849,Not significant,0.173784269937573,0.1039,0.172544510978044,Not significant
E01004052,Southwark 024E,Southwark,children_and_adolescents,-1.37024370793714,Not significant,0.398156426447991,0.0905,0.156703433922997,Not significant
E01004053,Southwark 001C,Southwark,children_and_adolescents,-1.92870375697106,Not significant,0.775123668444044,0.0709,0.132261883408072,Not significant
E01004054,Southwark 001D,Southwark,children_and_adolescents,-1.35577318634178,Not significant,0.566680209942323,0.1299,0.199833836671803,Not significant
E01004055,Southwark 001E,Southwark,children_and_adolescents,-0.394736234171711,Not significant,0.156988159925411,0.1062,0.175256330578512,Not significant
E01004056,Southwark 008A,Southwark,children_and_adolescents,-0.999984463925434,Not significant,0.276132408640087,0.1804,0.250224173381495,Not significant
E01004057,Southwark 008B,Southwark,children_and_adolescents,0.0700552412677589,High-low spatial outlier,-0.0377392091515917,0.0094,0.0332564138908576,High-low spatial outlier
E01004058,Southwark 008C,Southwark,children_and_adolescents,-1.24652722293784,Low-low surplus cluster,0.727549534509691,0.009,0.0323688760806916,Low-low surplus cluster
E01004059,Southwark 008D,Southwark,children_and_adolescents,-0.876828058063137,Not significant,0.39369484155695,0.0782,0.141645283018868,Not significant
E01004060,Southwark 008E,Southwark,children_and_adolescents,-1.21033971912953,Low-low surplus cluster,0.788624246728854,0.0059,0.024221052631579,Low-low surplus cluster
E01004061,Southwark 025A,Southwark,children_and_adolescents,-2.06329887575059,Low-low surplus cluster,1.0829272886839,0.0115,0.0383743315508021,Low-low surplus cluster
E01004062,Southwark 025B,Southwark,children_and_adolescents,-1.62428467641715,Low-low surplus cluster,1.1138380929226,0.0037,0.0179673151750973,Low-low surplus cluster
E01004063,Southwark 025C,Southwark,children_and_adolescents,-1.96643011658345,Low-low surplus cluster,1.19984710394334,0.0269,0.069041028277635,Not significant
E01004064,Southwark 026D,Southwark,children_and_adolescents,-1.54299658367466,Low-low surplus cluster,0.720805336298845,0.0259,0.0672349453978159,Not significant
E01004065,Southwark 025D,Southwark,children_and_adolescents,-1.55820352211772,Low-low surplus cluster,1.02501536021594,0.0056,0.0233934728033473,Low-low surplus cluster
E01004066,Southwark 025E,Southwark,children_and_adolescents,-0.444508267895107,Low-low surplus cluster,0.263053905106194,0.013,0.0417337620578778,Low-low surplus cluster
E01004067,Southwark 022E,Southwark,children_and_adolescents,-1.56901218224118,Low-low surplus cluster,0.950065126826858,0.0037,0.0179673151750973,Low-low surplus cluster
E01004068,Southwark 026E,Southwark,children_and_adolescents,-2.20630965734556,Not significant,1.00278138723708,0.027,0.0691909650924025,Not significant
E01004069,Southwark 031A,Southwark,children_and_adolescents,1.07561142488881,Not significant,0.250896597589889,0.178,0.247652173913043,Not significant
E01004070,Southwark 031B,Southwark,children_and_adolescents,0.354978501075334,Not significant,0.0482368930661227,0.2627,0.323802074074074,Not significant
E01004071,Southwark 030D,Southwark,children_and_adolescents,-0.683875519974713,Not significant,0.158164133572101,0.2024,0.270952212389381,Not significant
E01004072,Southwark 030E,Southwark,children_and_adolescents,0.151404381002526,Not significant,-0.013363035205663,0.3552,0.3998102367531,Not significant
E01004073,Southwark 031C,Southwark,children_and_adolescents,0.612022047064668,Not significant,0.0940246676895364,0.3254,0.375583075144509,Not significant
E01004074,Southwark 031D,Southwark,children_and_adolescents,0.328545985125584,Not significant,-0.00701925676878851,0.4539,0.470487707641196,Not significant
E01004075,Southwark 031E,Southwark,children_and_adolescents,1.17407544678579,Not significant,0.1744544604791,0.2816,0.339552463768116,Not significant
E01004076,Sutton 011A,Sutton,children_and_adolescents,1.30299384557207,High-high mismatch cluster,0.559803936866477,0.0016,0.010097597977244,High-high mismatch cluster
E01004077,Sutton 011B,Sutton,children_and_adolescents,1.13251648668089,Not significant,0.464171767014319,0.0603,0.118838373470193,Not significant
E01004078,Sutton 011C,Sutton,children_and_adolescents,0.944511552384452,Not significant,0.489694854866623,0.021,0.0583372287145242,Not significant
E01004079,Sutton 011D,Sutton,children_and_adolescents,1.35916928688434,Not significant,0.568437883441244,0.0423,0.0942685714285714,Not significant
E01004080,Sutton 011E,Sutton,children_and_adolescents,0.469639573838327,High-high mismatch cluster,0.286860707324885,0.0048,0.0210929577464789,High-high mismatch cluster
E01004081,Sutton 011F,Sutton,children_and_adolescents,1.35977019094527,Not significant,0.547572507623893,0.0365,0.0856240601503759,Not significant
E01004082,Sutton 011G,Sutton,children_and_adolescents,1.48033303386013,Not significant,0.604652679686882,0.0843,0.149017563739377,Not significant
E01004083,Sutton 019A,Sutton,children_and_adolescents,-0.102742342038261,Not significant,-0.0277763504921652,0.2329,0.298571340523883,Not significant
E01004084,Sutton 024A,Sutton,children_and_adolescents,0.469439864183643,Not significant,0.163363577622674,0.0808,0.144519383733429,Not significant
E01004085,Sutton 024B,Sutton,children_and_adolescents,1.47028070536582,Not significant,0.297168031950622,0.16,0.230178674351585,Not significant
E01004086,Sutton 019B,Sutton,children_and_adolescents,0.819988252001368,High-high mismatch cluster,0.38195351105014,0.0055,0.023150084317032,High-high mismatch cluster
E01004087,Sutton 017A,Sutton,children_and_adolescents,0.524699443529248,Not significant,0.200855538091467,0.104,0.17265314266711,Not significant
E01004088,Sutton 019C,Sutton,children_and_adolescents,0.742252642339403,Not significant,0.248805440283777,0.0903,0.156628769979152,Not significant
E01004089,Sutton 019D,Sutton,children_and_adolescents,-0.0664561339375243,Not significant,-0.0184196801805692,0.1897,0.25951833379008,Not significant
E01004090,Sutton 021A,Sutton,children_and_adolescents,0.425763573455173,Not significant,0.118207823290362,0.1583,0.228523308270677,Not significant
E01004091,Sutton 022A,Sutton,children_and_adolescents,0.363326206111164,Not significant,0.0875714122096192,0.1901,0.25978078291815,Not significant
E01004092,Sutton 022B,Sutton,children_and_adolescents,0.527350014662811,Not significant,0.144313254989012,0.1354,0.205946617915905,Not significant
E01004093,Sutton 025A,Sutton,children_and_adolescents,2.23881376358835,Not significant,0.851658672036847,0.0607,0.119297007874016,Not significant
E01004094,Sutton 025B,Sutton,children_and_adolescents,0.565754405726431,Not significant,0.250639400897891,0.0683,0.129002497162316,Not significant
E01004095,Sutton 025C,Sutton,children_and_adolescents,1.98064921098413,Not significant,0.944376838024588,0.021,0.0583372287145242,Not significant
E01004096,Sutton 021B,Sutton,children_and_adolescents,-0.0111270111083305,Not significant,-0.00497593712900738,0.0532,0.108931255127153,Not significant
E01004097,Sutton 015A,Sutton,children_and_adolescents,1.1192974420641,Not significant,0.317134837118886,0.0674,0.128029223744292,Not significant
E01004098,Sutton 015B,Sutton,children_and_adolescents,0.810472183864316,Not significant,0.240541951406955,0.1772,0.247092857142857,Not significant
E01004099,Sutton 015C,Sutton,children_and_adolescents,-1.05263509046376,Not significant,-0.349142719039849,0.0956,0.162546049046322,Not significant
E01004100,Sutton 015D,Sutton,children_and_adolescents,1.42012959361474,Not significant,0.167286611652306,0.3137,0.366142249240122,Not significant
E01004101,Sutton 013A,Sutton,children_and_adolescents,0.759714087975181,Not significant,0.168574636776608,0.2047,0.273152205292702,Not significant
E01004102,Sutton 015E,Sutton,children_and_adolescents,0.774766740515385,Not significant,0.13696203554976,0.2443,0.307858894776684,Not significant
E01004103,Sutton 013B,Sutton,children_and_adolescents,0.717802912394115,Not significant,0.243210744465559,0.1087,0.177911606557377,Not significant
E01004104,Sutton 020A,Sutton,children_and_adolescents,0.405770647653995,Not significant,0.069004120545446,0.253,0.31606006006006,Not significant
E01004105,Sutton 022C,Sutton,children_and_adolescents,0.849869223663801,Not significant,0.266778910702289,0.0865,0.151938071780436,Not significant
E01004106,Sutton 022D,Sutton,children_and_adolescents,0.518569938304137,Not significant,0.186528707809789,0.0909,0.157123545706371,Not significant
E01004107,Sutton 020B,Sutton,children_and_adolescents,-0.0561059477086133,Not significant,-0.0139944645793604,0.2194,0.286713298429319,Not significant
E01004108,Sutton 024C,Sutton,children_and_adolescents,1.16135872394645,Not significant,0.300882429092568,0.0764,0.139091466083151,Not significant
E01004109,Sutton 024D,Sutton,children_and_adolescents,2.47945188883723,Not significant,0.375243609430495,0.3217,0.373558129797627,Not significant
E01004110,Sutton 016A,Sutton,children_and_adolescents,0.345396049330391,High-high mismatch cluster,0.200587627894268,0.004,0.0189270142180095,High-high mismatch cluster
E01004111,Sutton 016B,Sutton,children_and_adolescents,0.543981991797145,Not significant,0.253166673232323,0.0577,0.11521536,Not significant
E01004112,Sutton 016C,Sutton,children_and_adolescents,1.09249731152451,Not significant,0.35184976153287,0.1864,0.255915511551155,Not significant
E01004114,Sutton 025D,Sutton,children_and_adolescents,1.77733068586503,Not significant,1.12162018287158,0.1389,0.209863438256659,Not significant
E01004115,Sutton 009A,Sutton,children_and_adolescents,2.07866087024596,High-high mismatch cluster,0.993538932991542,0.0048,0.0210929577464789,High-high mismatch cluster
E01004116,Sutton 008A,Sutton,children_and_adolescents,1.10838342281823,High-high mismatch cluster,0.698693996171794,0.0063,0.0253830508474576,High-high mismatch cluster
E01004117,Sutton 006A,Sutton,children_and_adolescents,2.6909190185613,Not significant,1.10047175870886,0.1173,0.1872,Not significant
E01004118,Sutton 009B,Sutton,children_and_adolescents,1.42533534681884,High-high mismatch cluster,0.858578251692796,0.0097,0.0340762843068262,High-high mismatch cluster
E01004119,Sutton 009C,Sutton,children_and_adolescents,1.58362613640798,High-high mismatch cluster,0.930109686594684,0.0112,0.0376247644683715,High-high mismatch cluster
E01004120,Sutton 016D,Sutton,children_and_adolescents,1.42262178593788,Not significant,0.691393861664608,0.0509,0.105960300250209,Not significant
E01004121,Sutton 006B,Sutton,children_and_adolescents,1.11954897551915,Not significant,0.478410455179721,0.054,0.110072682727644,Not significant
E01004122,Sutton 008B,Sutton,children_and_adolescents,1.02613863307636,High-high mismatch cluster,0.601883287272632,0.01,0.034787456445993,High-high mismatch cluster
E01004123,Sutton 002A,Sutton,children_and_adolescents,0.496710154980072,Not significant,0.169533864767985,0.0547,0.111046116307442,Not significant
E01004124,Sutton 002B,Sutton,children_and_adolescents,1.50371364552839,Not significant,0.445424139192646,0.117,0.187020172910663,Not significant
E01004125,Sutton 001A,Sutton,children_and_adolescents,0.720139052633117,Not significant,0.242643537596957,0.1091,0.178274042553191,Not significant
E01004126,Sutton 002C,Sutton,children_and_adolescents,1.09591164085089,Not significant,0.306337050996708,0.1845,0.254215843223848,Not significant
E01004127,Sutton 005A,Sutton,children_and_adolescents,0.917692857007551,Not significant,0.372534267883815,0.0498,0.104542304457527,Not significant
E01004128,Sutton 002D,Sutton,children_and_adolescents,0.831757628913007,Not significant,0.28251148083729,0.0822,0.14618539365871,Not significant
E01004129,Sutton 002E,Sutton,children_and_adolescents,0.0904552464819385,Not significant,0.0183908745848038,0.1968,0.26624,Not significant
E01004130,Sutton 003A,Sutton,children_and_adolescents,0.403764786108168,High-high mismatch cluster,0.196577654447063,0.0042,0.0195764705882353,High-high mismatch cluster
E01004131,Sutton 003B,Sutton,children_and_adolescents,1.04448286999181,Not significant,0.38715772612289,0.0402,0.091383606557377,Not significant
E01004132,Sutton 009D,Sutton,children_and_adolescents,1.43375542395006,High-high mismatch cluster,0.778128646494685,0.0182,0.0527303540336622,Not significant
E01004133,Sutton 009E,Sutton,children_and_adolescents,1.43479804888254,Not significant,0.670842616513701,0.0566,0.113381701444623,Not significant
E01004134,Sutton 003C,Sutton,children_and_adolescents,0.503029421833638,Not significant,0.196447831998839,0.0524,0.108001981833196,Not significant
E01004135,Sutton 003D,Sutton,children_and_adolescents,1.69548745764168,Not significant,0.429233188521948,0.1553,0.225496684118674,Not significant
E01004136,Sutton 003E,Sutton,children_and_adolescents,0.474937226199328,Not significant,0.163174431857939,0.1274,0.19738696461825,Not significant
E01004137,Sutton 012A,Sutton,children_and_adolescents,-0.862547373788414,Not significant,-0.023894576998729,0.4536,0.470274392523365,Not significant
E01004138,Sutton 013C,Sutton,children_and_adolescents,0.726203425128705,Not significant,0.141200663164878,0.1855,0.254890173410405,Not significant
E01004139,Sutton 013D,Sutton,children_and_adolescents,0.469397518100039,Not significant,0.075188956534435,0.324,0.374573413617415,Not significant
E01004140,Sutton 012B,Sutton,children_and_adolescents,0.188889821629198,Not significant,0.0108564010347032,0.432,0.454871124235393,Not significant
E01004141,Sutton 012C,Sutton,children_and_adolescents,1.44165511899273,Not significant,0.0812280669921092,0.4504,0.467831210986267,Not significant
E01004143,Sutton 014A,Sutton,children_and_adolescents,1.03271932003772,Not significant,0.354825372072078,0.1337,0.204294582185491,Not significant
E01004144,Sutton 007A,Sutton,children_and_adolescents,0.91940956061517,Not significant,0.211587631155776,0.1866,0.256049257833975,Not significant
E01004145,Sutton 007B,Sutton,children_and_adolescents,1.52600604819587,Not significant,0.364768383952331,0.196,0.26551750339213,Not significant
E01004146,Sutton 007C,Sutton,children_and_adolescents,-0.152870674167923,Not significant,-0.03738068978773,0.148,0.218843601895735,Not significant
E01004147,Sutton 007D,Sutton,children_and_adolescents,0.415922105342508,Not significant,0.136460659375881,0.0944,0.161054272043746,Not significant
E01004148,Sutton 014B,Sutton,children_and_adolescents,1.15687137844043,Not significant,0.239818636036309,0.2569,0.319413399750934,Not significant
E01004149,Sutton 012E,Sutton,children_and_adolescents,0.546118791875999,Not significant,0.12138795955255,0.1854,0.254890173410405,Not significant
E01004150,Sutton 021C,Sutton,children_and_adolescents,-0.168733919200495,Not significant,-0.0163793574737714,0.3572,0.401699121423744,Not significant
E01004151,Sutton 021D,Sutton,children_and_adolescents,1.63524718433513,Not significant,0.618200636320552,0.1109,0.180271182025399,Not significant
E01004152,Sutton 018A,Sutton,children_and_adolescents,-0.369082880227182,Not significant,-0.0470366773387398,0.3275,0.376961032972101,Not significant
E01004153,Sutton 021E,Sutton,children_and_adolescents,1.1903049690163,Not significant,0.314268575024437,0.1261,0.196225436408978,Not significant
E01004154,Sutton 022E,Sutton,children_and_adolescents,1.87026638659774,Not significant,0.686366906126394,0.0674,0.128029223744292,Not significant
E01004155,Sutton 018B,Sutton,children_and_adolescents,1.41920030118197,Not significant,0.485799722122818,0.0814,0.145228305932809,Not significant
E01004156,Sutton 018C,Sutton,children_and_adolescents,-1.16968175391278,Not significant,0.172100513983904,0.2747,0.3337314188367,Not significant
E01004157,Sutton 016E,Sutton,children_and_adolescents,1.49208597051702,Not significant,0.673820682547517,0.0443,0.0972068571428571,Not significant
E01004158,Sutton 018D,Sutton,children_and_adolescents,0.418568138277972,Not significant,0.113777593049955,0.1261,0.196225436408978,Not significant
E01004159,Sutton 014C,Sutton,children_and_adolescents,2.15732451136152,Not significant,0.8956732153179,0.0287,0.0723587878787879,Not significant
E01004160,Sutton 014D,Sutton,children_and_adolescents,1.31793176928471,Not significant,0.613307116974915,0.0249,0.0653183394640042,Not significant
E01004161,Sutton 014E,Sutton,children_and_adolescents,1.92667984289223,High-high mismatch cluster,1.07386379938847,0.0128,0.041277519379845,High-high mismatch cluster
E01004162,Sutton 018E,Sutton,children_and_adolescents,0.37878576365109,Not significant,-0.00822966848401007,0.4592,0.473816949152542,Not significant
E01004163,Sutton 005B,Sutton,children_and_adolescents,0.851251788149662,Not significant,0.315426893037005,0.0664,0.126514809160305,Not significant
E01004164,Sutton 004A,Sutton,children_and_adolescents,-0.145479435592215,Not significant,-0.0386459703230531,0.1716,0.242121876766535,Not significant
E01004165,Sutton 005C,Sutton,children_and_adolescents,-0.559907707465841,Not significant,-0.166412249403432,0.1025,0.170958904109589,Not significant
E01004166,Sutton 004B,Sutton,children_and_adolescents,0.429419002952704,Not significant,0.0379868685058136,0.3714,0.412648297351436,Not significant
E01004167,Sutton 005D,Sutton,children_and_adolescents,1.5609889304129,Not significant,0.303626504326932,0.2246,0.291448713283078,Not significant
E01004168,Sutton 013E,Sutton,children_and_adolescents,0.639676777950768,Not significant,0.139953908145123,0.2168,0.284806736842105,Not significant
E01004169,Sutton 004C,Sutton,children_and_adolescents,2.72352274038067,Not significant,0.156093038568048,0.4243,0.449608490766292,Not significant
E01004170,Sutton 017B,Sutton,children_and_adolescents,0.111689523061029,Not significant,0.0078149012489381,0.371,0.412590467706013,Not significant
E01004171,Sutton 010A,Sutton,children_and_adolescents,1.38327159600154,Not significant,0.524217098563052,0.0785,0.141777134587554,Not significant
E01004172,Sutton 010B,Sutton,children_and_adolescents,0.537018477174698,Not significant,0.137064133594417,0.1824,0.252437149986138,Not significant
E01004173,Sutton 010C,Sutton,children_and_adolescents,0.645291272265916,Not significant,0.241390215239512,0.0828,0.146938357625311,Not significant
E01004174,Sutton 017C,Sutton,children_and_adolescents,0.380002465332084,Not significant,0.13486392498503,0.0575,0.114907926341073,Not significant
E01004175,Sutton 010D,Sutton,children_and_adolescents,1.67473120268379,Not significant,0.315824958196441,0.2348,0.299852033768227,Not significant
E01004176,Sutton 010E,Sutton,children_and_adolescents,0.866244578441134,Not significant,0.173288430978882,0.2368,0.301557551020408,Not significant
E01004177,Sutton 020C,Sutton,children_and_adolescents,-1.19798219198006,Not significant,-0.283896586936837,0.1976,0.266888311688312,Not significant
E01004178,Sutton 017D,Sutton,children_and_adolescents,0.744589248118067,Not significant,0.136502391711222,0.2629,0.323968600345594,Not significant
E01004179,Sutton 017E,Sutton,children_and_adolescents,1.30314903377942,Not significant,0.277959731916926,0.1773,0.247092857142857,Not significant
E01004180,Sutton 020D,Sutton,children_and_adolescents,0.217850662547808,Not significant,0.0162535972071739,0.3889,0.424904530531845,Not significant
E01004181,Sutton 020E,Sutton,children_and_adolescents,0.765037608938381,Not significant,0.112640237812562,0.3084,0.362072624647225,Not significant
E01004182,Sutton 019E,Sutton,children_and_adolescents,1.8356046768828,Not significant,0.688184402632794,0.0658,0.125851954022989,Not significant
E01004183,Sutton 001B,Sutton,children_and_adolescents,0.558070147486897,Not significant,0.190101338161171,0.084,0.148645161290323,Not significant
E01004184,Sutton 001C,Sutton,children_and_adolescents,1.70156584378251,Not significant,0.673330221024395,0.0758,0.138656504213998,Not significant
E01004185,Sutton 001D,Sutton,children_and_adolescents,1.25757190895711,Not significant,0.494702305487413,0.072,0.133664559315731,Not significant
E01004186,Sutton 004D,Sutton,children_and_adolescents,-0.206696111899656,Not significant,-0.0877937869681115,0.0533,0.109046557377049,Not significant
E01004187,Sutton 005E,Sutton,children_and_adolescents,1.40132968743154,Not significant,0.56283741347954,0.0267,0.0686335736354274,Not significant
E01004189,Sutton 001E,Sutton,children_and_adolescents,1.0128911673128,Not significant,0.210732095685498,0.2085,0.276743419303377,Not significant
E01004190,Sutton 008C,Sutton,children_and_adolescents,1.06522623411562,High-high mismatch cluster,0.538793031486229,0.0167,0.0498007168458781,High-high mismatch cluster
E01004191,Sutton 008D,Sutton,children_and_adolescents,1.79518432674308,Not significant,0.819478614946222,0.0245,0.0647111111111111,Not significant
E01004192,Sutton 006C,Sutton,children_and_adolescents,1.65290220584454,Not significant,0.883140312372439,0.0169,0.0501574316290131,Not significant
E01004193,Sutton 006D,Sutton,children_and_adolescents,2.40490901727202,Not significant,1.16917847852529,0.0212,0.0586968386023295,Not significant
E01004194,Sutton 008E,Sutton,children_and_adolescents,1.22422422472956,High-high mismatch cluster,0.73212949808939,0.011,0.0371780636425186,High-high mismatch cluster
E01004195,Sutton 006E,Sutton,children_and_adolescents,0.648330745546827,High-high mismatch cluster,0.325884699845719,0.016,0.048231884057971,High-high mismatch cluster
E01004196,Sutton 008F,Sutton,children_and_adolescents,1.05597704149339,High-high mismatch cluster,0.600074882362703,0.0036,0.017670796460177,High-high mismatch cluster
E01004198,Tower Hamlets 002B,Tower Hamlets,children_and_adolescents,-2.18563485510054,Low-low surplus cluster,1.60296222063276,0.0044,0.0200226071103008,Low-low surplus cluster
E01004199,Tower Hamlets 002C,Tower Hamlets,children_and_adolescents,-1.61356832644643,Low-low surplus cluster,1.36785556669039,0.0015,0.0096,Low-low surplus cluster
E01004200,Tower Hamlets 005A,Tower Hamlets,children_and_adolescents,-3.28247136388981,Low-low surplus cluster,2.44971893654664,0.0051,0.0219286821705426,Low-low surplus cluster
E01004201,Tower Hamlets 002D,Tower Hamlets,children_and_adolescents,-1.44507757792767,Not significant,0.507106033619869,0.1006,0.168748387096774,Not significant
E01004202,Tower Hamlets 005B,Tower Hamlets,children_and_adolescents,-1.43637848476781,Low-low surplus cluster,1.26348811376983,0.0004,0.00385482625482626,Low-low surplus cluster
E01004203,Tower Hamlets 005C,Tower Hamlets,children_and_adolescents,-3.06075044152805,Low-low surplus cluster,2.75442109549925,0.0001,0.00156,Low-low surplus cluster
E01004204,Tower Hamlets 005D,Tower Hamlets,children_and_adolescents,-2.1526321615339,Low-low surplus cluster,1.94480270146673,0.0003,0.0031661733615222,Low-low surplus cluster
E01004205,Tower Hamlets 013A,Tower Hamlets,children_and_adolescents,-1.13454352893732,Low-low surplus cluster,1.13571208181169,0.0001,0.00156,Low-low surplus cluster
E01004206,Tower Hamlets 013B,Tower Hamlets,children_and_adolescents,-1.82107270298873,Low-low surplus cluster,1.40049479092857,0.0038,0.018328115942029,Low-low surplus cluster
E01004207,Tower Hamlets 011A,Tower Hamlets,children_and_adolescents,-1.44096592458041,Low-low surplus cluster,0.910753593656645,0.0116,0.0385790806129247,Low-low surplus cluster
E01004208,Tower Hamlets 013C,Tower Hamlets,children_and_adolescents,-3.42641692721124,Low-low surplus cluster,1.94751267645976,0.0062,0.0250813614262561,Low-low surplus cluster
E01004209,Tower Hamlets 011B,Tower Hamlets,children_and_adolescents,-0.218976193289604,Low-low surplus cluster,0.174589024823559,0.003,0.0155837669094693,Low-low surplus cluster
E01004211,Tower Hamlets 013D,Tower Hamlets,children_and_adolescents,-3.41204176177959,Low-low surplus cluster,2.56980385512063,0.0048,0.0210929577464789,Low-low surplus cluster
E01004212,Tower Hamlets 011D,Tower Hamlets,children_and_adolescents,-2.00102173540909,Low-low surplus cluster,1.65846800895179,0.0022,0.0125084282460137,Low-low surplus cluster
E01004214,Tower Hamlets 030A,Tower Hamlets,children_and_adolescents,-0.372524132837773,Not significant,0.142168573678919,0.1519,0.222370909090909,Not significant
E01004216,Tower Hamlets 030B,Tower Hamlets,children_and_adolescents,-0.380818230547213,Not significant,0.137281908125514,0.1196,0.189417258883249,Not significant
E01004217,Tower Hamlets 030C,Tower Hamlets,children_and_adolescents,-0.657045788700412,Not significant,0.272162001042513,0.044,0.0968465608465608,Not significant
E01004218,Tower Hamlets 030D,Tower Hamlets,children_and_adolescents,-1.34673016513529,Not significant,0.263747048005135,0.3164,0.368260387036605,Not significant
E01004219,Tower Hamlets 035B,Tower Hamlets,children_and_adolescents,-1.0327103798297,Not significant,0.334479648532722,0.0691,0.130111638418079,Not significant
E01004221,Tower Hamlets 036A,Tower Hamlets,children_and_adolescents,-1.20854346603986,Low-low surplus cluster,0.753551878510218,0.0087,0.0315857454545455,Low-low surplus cluster
E01004222,Tower Hamlets 001A,Tower Hamlets,children_and_adolescents,-1.53648156009742,Not significant,0.69791345114682,0.0392,0.0896410444342648,Not significant
E01004223,Tower Hamlets 001B,Tower Hamlets,children_and_adolescents,-0.249825328479903,Low-low surplus cluster,0.125812759927404,0.0058,0.0239285950413223,Low-low surplus cluster
E01004226,Tower Hamlets 001D,Tower Hamlets,children_and_adolescents,-0.511988897826689,Low-low surplus cluster,0.379393484823694,0.0044,0.0200226071103008,Low-low surplus cluster
E01004228,Tower Hamlets 003A,Tower Hamlets,children_and_adolescents,-2.22648759961316,Low-low surplus cluster,1.12174990602869,0.0196,0.0556559726962457,Not significant
E01004229,Tower Hamlets 004C,Tower Hamlets,children_and_adolescents,-2.29851493824116,Low-low surplus cluster,1.23778037622736,0.0127,0.0411945419103314,Low-low surplus cluster
E01004230,Tower Hamlets 003B,Tower Hamlets,children_and_adolescents,-1.49751784783209,Not significant,0.412485711872097,0.1615,0.231935558112773,Not significant
E01004231,Tower Hamlets 004D,Tower Hamlets,children_and_adolescents,-1.26077899626052,Low-low surplus cluster,0.697934364575916,0.0102,0.0351889426399447,Low-low surplus cluster
E01004232,Tower Hamlets 003C,Tower Hamlets,children_and_adolescents,-0.973998127919665,Low-low surplus cluster,0.518596061389058,0.0084,0.0309238938053097,Low-low surplus cluster
E01004233,Tower Hamlets 003D,Tower Hamlets,children_and_adolescents,-1.79589773690707,Not significant,0.804040041687973,0.0786,0.141855097613883,Not significant
E01004234,Tower Hamlets 003E,Tower Hamlets,children_and_adolescents,-0.733944771862151,Low-low surplus cluster,0.31156016120942,0.0094,0.0332564138908576,Low-low surplus cluster
E01004235,Tower Hamlets 008A,Tower Hamlets,children_and_adolescents,-1.11039277086022,Not significant,0.639282613643726,0.0368,0.0858838709677419,Not significant
E01004236,Tower Hamlets 008B,Tower Hamlets,children_and_adolescents,-1.06069978713393,Not significant,0.559895498612857,0.0314,0.0771022134776193,Not significant
E01004237,Tower Hamlets 008C,Tower Hamlets,children_and_adolescents,-0.520628972153781,Not significant,0.222121025147213,0.0368,0.0858838709677419,Not significant
E01004239,Tower Hamlets 008E,Tower Hamlets,children_and_adolescents,-0.535764447226246,Not significant,0.154773079636011,0.0872,0.152630575035063,Not significant
E01004240,Tower Hamlets 012A,Tower Hamlets,children_and_adolescents,0.263895125575765,Not significant,-0.0692591441201875,0.2326,0.298339979445015,Not significant
E01004241,Tower Hamlets 012B,Tower Hamlets,children_and_adolescents,0.276667905561925,Not significant,-0.066444509325263,0.1479,0.218825370480142,Not significant
E01004243,Tower Hamlets 020A,Tower Hamlets,children_and_adolescents,-0.431731094756865,Not significant,0.0142548450637512,0.4416,0.461475235503454,Not significant
E01004244,Tower Hamlets 020B,Tower Hamlets,children_and_adolescents,-1.92630145887194,Not significant,0.38897191988618,0.2168,0.284806736842105,Not significant
E01004245,Tower Hamlets 018A,Tower Hamlets,children_and_adolescents,-0.151838017597583,Not significant,-0.0145850342390031,0.4142,0.442002223172296,Not significant
E01004247,Tower Hamlets 020C,Tower Hamlets,children_and_adolescents,-0.447011400621042,Not significant,0.136285334867821,0.1164,0.186479075738126,Not significant
E01004248,Tower Hamlets 018C,Tower Hamlets,children_and_adolescents,1.25860157344968,Not significant,-0.293035880137865,0.1804,0.250224173381495,Not significant
E01004249,Tower Hamlets 018D,Tower Hamlets,children_and_adolescents,0.336937527341028,Not significant,-0.0517342225727538,0.268,0.328711547911548,Not significant
E01004251,Tower Hamlets 023A,Tower Hamlets,children_and_adolescents,-0.087459180440471,Not significant,0.0409707062064934,0.0331,0.0796698167791707,Not significant
E01004255,Tower Hamlets 023C,Tower Hamlets,children_and_adolescents,-2.09671130795459,Low-low surplus cluster,1.0350476575265,0.0278,0.0706247328244275,Not significant
E01004256,Tower Hamlets 024C,Tower Hamlets,children_and_adolescents,-0.303884906014863,Not significant,0.140585948351752,0.073,0.135018895887366,Not significant
E01004257,Tower Hamlets 024D,Tower Hamlets,children_and_adolescents,0.0976872657104639,Not significant,-0.0405103478972903,0.0543,0.110413686354379,Not significant
E01004258,Tower Hamlets 023D,Tower Hamlets,children_and_adolescents,-2.42522876495797,Low-low surplus cluster,1.92923388380336,0.0175,0.0513278495887192,Not significant
E01004259,Tower Hamlets 007A,Tower Hamlets,children_and_adolescents,-2.47246541375917,Low-low surplus cluster,1.35939950096233,0.0051,0.0219286821705426,Low-low surplus cluster
E01004260,Tower Hamlets 007B,Tower Hamlets,children_and_adolescents,-0.630762597556347,Not significant,0.248643014927611,0.0807,0.144519383733429,Not significant
E01004263,Tower Hamlets 007C,Tower Hamlets,children_and_adolescents,-1.14894239631501,Not significant,0.681466042044529,0.0303,0.0752525373134328,Not significant
E01004264,Tower Hamlets 010C,Tower Hamlets,children_and_adolescents,-0.24018270248492,Not significant,0.12183816106477,0.0368,0.0858838709677419,Not significant
E01004266,Tower Hamlets 007D,Tower Hamlets,children_and_adolescents,-1.49595137860782,Not significant,0.707901100574432,0.0341,0.081565500718735,Not significant
E01004267,Tower Hamlets 012D,Tower Hamlets,children_and_adolescents,-1.82975755447721,Not significant,0.470520310519462,0.0969,0.164364525993884,Not significant
E01004268,Tower Hamlets 012E,Tower Hamlets,children_and_adolescents,-1.75124312306733,Low-low surplus cluster,1.09104479786091,0.0261,0.0676134924753503,Not significant
E01004270,Tower Hamlets 014B,Tower Hamlets,children_and_adolescents,-1.48192381515918,Not significant,0.516960989909827,0.0382,0.0881212569316081,Not significant
E01004271,Tower Hamlets 014C,Tower Hamlets,children_and_adolescents,-0.406934063170107,Not significant,0.116021653291458,0.1505,0.221099470276633,Not significant
E01004272,Tower Hamlets 014D,Tower Hamlets,children_and_adolescents,-0.662292766634005,Not significant,0.149819329918492,0.2072,0.275457363515313,Not significant
E01004274,Tower Hamlets 031A,Tower Hamlets,children_and_adolescents,-1.6457946379132,Not significant,0.756132077108027,0.0717,0.13330592178771,Not significant
E01004275,Tower Hamlets 031B,Tower Hamlets,children_and_adolescents,0.952580443812814,Not significant,-0.520730307287011,0.0457,0.0988879063719116,Not significant
E01004276,Tower Hamlets 031C,Tower Hamlets,children_and_adolescents,-1.30317475388233,Not significant,0.452180497994996,0.1292,0.19918665843113,Not significant
E01004277,Tower Hamlets 033A,Tower Hamlets,children_and_adolescents,-2.32953647060011,Low-low surplus cluster,1.47380956016741,0.002,0.0116771929824561,Low-low surplus cluster
E01004280,Tower Hamlets 032A,Tower Hamlets,children_and_adolescents,-1.22888145081556,Low-low surplus cluster,0.977787295374771,0.0032,0.016350460593654,Low-low surplus cluster
E01004281,Tower Hamlets 031D,Tower Hamlets,children_and_adolescents,-2.19225948187449,Not significant,0.994276911818753,0.0407,0.0920590847304032,Not significant
E01004283,Tower Hamlets 016A,Tower Hamlets,children_and_adolescents,-1.21391023863354,Not significant,0.383747621864282,0.1097,0.178903103560928,Not significant
E01004286,Tower Hamlets 019C,Tower Hamlets,children_and_adolescents,-1.0728103740662,Not significant,0.344918889756866,0.0752,0.138115673289183,Not significant
E01004287,Tower Hamlets 016B,Tower Hamlets,children_and_adolescents,-0.850708517247249,Low-low surplus cluster,0.487429380189664,0.0086,0.0314284040995608,Low-low surplus cluster
E01004288,Tower Hamlets 019D,Tower Hamlets,children_and_adolescents,0.656755822221719,Not significant,-0.245432754455199,0.0597,0.117981947743468,Not significant
E01004289,Tower Hamlets 016C,Tower Hamlets,children_and_adolescents,-1.74405461652062,Not significant,0.447975731101758,0.153,0.223326315789474,Not significant
E01004290,Tower Hamlets 016D,Tower Hamlets,children_and_adolescents,-1.42637037516457,Low-low surplus cluster,0.796823389553125,0.0068,0.0267709779179811,Low-low surplus cluster
E01004291,Tower Hamlets 027A,Tower Hamlets,children_and_adolescents,-3.33034130580601,Low-low surplus cluster,3.29670612889095,0.0007,0.00557320574162679,Low-low surplus cluster
E01004292,Tower Hamlets 026A,Tower Hamlets,children_and_adolescents,-2.41651278541067,Low-low surplus cluster,2.67869303423506,0.0002,0.00242330097087379,Low-low surplus cluster
E01004293,Tower Hamlets 027B,Tower Hamlets,children_and_adolescents,-3.13033502022429,Low-low surplus cluster,3.72835089176227,0.0001,0.00156,Low-low surplus cluster
E01004295,Tower Hamlets 026C,Tower Hamlets,children_and_adolescents,0.109832489545949,High-low spatial outlier,-0.0717687984301066,0.0223,0.0609981369863014,Not significant
E01004296,Tower Hamlets 026D,Tower Hamlets,children_and_adolescents,-2.3115000467824,Low-low surplus cluster,2.22604218683938,0.0007,0.00557320574162679,Low-low surplus cluster
E01004297,Tower Hamlets 027C,Tower Hamlets,children_and_adolescents,-2.63871113259763,Low-low surplus cluster,1.84251977099604,0.0157,0.0477601462522852,Low-low surplus cluster
E01004298,Tower Hamlets 022A,Tower Hamlets,children_and_adolescents,-1.66558789912391,Not significant,0.684105095630622,0.0434,0.0957793103448276,Not significant
E01004300,Tower Hamlets 022B,Tower Hamlets,children_and_adolescents,-0.694130305535768,Not significant,0.287336516794435,0.1271,0.197166935985084,Not significant
E01004301,Tower Hamlets 025B,Tower Hamlets,children_and_adolescents,-1.39685603011206,Low-low surplus cluster,0.761671243244616,0.0142,0.0445266331658292,Low-low surplus cluster
E01004302,Tower Hamlets 025C,Tower Hamlets,children_and_adolescents,-0.489482808238723,Not significant,0.224794326459183,0.0755,0.13841204553801,Not significant
E01004303,Tower Hamlets 025D,Tower Hamlets,children_and_adolescents,-0.365380853593928,Low-low surplus cluster,0.157588712602264,0.0197,0.0557812819058423,Not significant
E01004304,Tower Hamlets 022C,Tower Hamlets,children_and_adolescents,-1.43950142318223,Low-low surplus cluster,0.696630315552729,0.0212,0.0586968386023295,Not significant
E01004305,Tower Hamlets 022D,Tower Hamlets,children_and_adolescents,-1.25988399589211,Not significant,0.505775014859668,0.0774,0.1404,Not significant
E01004306,Tower Hamlets 015A,Tower Hamlets,children_and_adolescents,-2.83831262984044,Low-low surplus cluster,3.20898206674773,0.0001,0.00156,Low-low surplus cluster
E01004307,Tower Hamlets 015B,Tower Hamlets,children_and_adolescents,-4.15667899324566,Low-low surplus cluster,5.34130936552543,0.0001,0.00156,Low-low surplus cluster
E01004308,Tower Hamlets 015C,Tower Hamlets,children_and_adolescents,-2.10166348133034,Low-low surplus cluster,1.94631219906151,0.0021,0.012105311778291,Low-low surplus cluster
E01004309,Tower Hamlets 015D,Tower Hamlets,children_and_adolescents,-2.85261329970758,Low-low surplus cluster,3.09607107893211,0.0001,0.00156,Low-low surplus cluster
E01004310,Tower Hamlets 015E,Tower Hamlets,children_and_adolescents,-3.21628416047327,Low-low surplus cluster,4.35836209663774,0.0001,0.00156,Low-low surplus cluster
E01004311,Tower Hamlets 006A,Tower Hamlets,children_and_adolescents,-2.36870786841198,Low-low surplus cluster,2.36209179987595,0.0004,0.00385482625482626,Low-low surplus cluster
E01004312,Tower Hamlets 009A,Tower Hamlets,children_and_adolescents,-1.19501709654576,Low-low surplus cluster,1.10608289110444,0.0009,0.00673583208395802,Low-low surplus cluster
E01004313,Tower Hamlets 009B,Tower Hamlets,children_and_adolescents,-1.96558118924414,Low-low surplus cluster,1.73615934089072,0.0001,0.00156,Low-low surplus cluster
E01004315,Tower Hamlets 006C,Tower Hamlets,children_and_adolescents,-2.49747789978908,Low-low surplus cluster,2.39084843257949,0.0003,0.0031661733615222,Low-low surplus cluster
E01004316,Tower Hamlets 009C,Tower Hamlets,children_and_adolescents,-2.00791485291199,Low-low surplus cluster,2.60351075961795,0.0001,0.00156,Low-low surplus cluster
E01004319,Tower Hamlets 021A,Tower Hamlets,children_and_adolescents,-1.12629880821781,Low-low surplus cluster,0.983511997017739,0.0013,0.00879349593495935,Low-low surplus cluster
E01004321,Tower Hamlets 021C,Tower Hamlets,children_and_adolescents,-1.88908586794942,Low-low surplus cluster,1.65743356653613,0.0001,0.00156,Low-low surplus cluster
E01004322,Tower Hamlets 017A,Tower Hamlets,children_and_adolescents,-2.32305041765647,Low-low surplus cluster,1.90587622973376,0.0001,0.00156,Low-low surplus cluster
E01004323,Tower Hamlets 017B,Tower Hamlets,children_and_adolescents,-1.49662385147987,Low-low surplus cluster,0.906708903716687,0.0292,0.073323138832998,Not significant
E01004324,Tower Hamlets 017C,Tower Hamlets,children_and_adolescents,-0.728310020801333,Low-low surplus cluster,0.401822358232199,0.0277,0.070406517311609,Not significant
E01004326,Tower Hamlets 017D,Tower Hamlets,children_and_adolescents,-2.52134840629914,Low-low surplus cluster,1.53208696011386,0.0085,0.0311541850220264,Low-low surplus cluster
E01004327,Waltham Forest 028A,Waltham Forest,children_and_adolescents,0.619555120779806,Not significant,0.00318089722662944,0.4945,0.49569156626506,Not significant
E01004328,Waltham Forest 028B,Waltham Forest,children_and_adolescents,-1.38440529773701,Not significant,0.318792348997988,0.2127,0.281271099337748,Not significant
E01004329,Waltham Forest 028C,Waltham Forest,children_and_adolescents,0.379900128992746,Not significant,0.0101653158713739,0.4713,0.481426151012891,Not significant
E01004330,Waltham Forest 028D,Waltham Forest,children_and_adolescents,-1.09489676336702,Not significant,0.157540184716724,0.313,0.365410664172124,Not significant
E01004331,Waltham Forest 028E,Waltham Forest,children_and_adolescents,1.59769134948888,Not significant,0.349512186656284,0.2162,0.284392727272727,Not significant
E01004332,Waltham Forest 028F,Waltham Forest,children_and_adolescents,-1.13976559311509,Not significant,0.445044463913048,0.0519,0.10728149068323,Not significant
E01004333,Waltham Forest 024A,Waltham Forest,children_and_adolescents,0.775164241079743,Not significant,0.0311034276110338,0.4624,0.475840197897341,Not significant
E01004334,Waltham Forest 024B,Waltham Forest,children_and_adolescents,0.559868773613454,Not significant,-0.0221457805706189,0.4212,0.447368170212766,Not significant
E01004335,Waltham Forest 027A,Waltham Forest,children_and_adolescents,-0.928254943683711,Not significant,0.425604602225445,0.0382,0.0881212569316081,Not significant
E01004336,Waltham Forest 026A,Waltham Forest,children_and_adolescents,-0.528947671086946,Not significant,0.145594511025875,0.115,0.184769874476987,Not significant
E01004337,Waltham Forest 027B,Waltham Forest,children_and_adolescents,-0.826816658751195,Not significant,0.310200218810634,0.0892,0.155260251046025,Not significant
E01004338,Waltham Forest 027C,Waltham Forest,children_and_adolescents,-0.808538759152129,Not significant,0.241884213187364,0.1693,0.240029991479693,Not significant
E01004339,Waltham Forest 027D,Waltham Forest,children_and_adolescents,-0.251428524291029,Not significant,0.0609752995378782,0.1466,0.217546730083234,Not significant
E01004340,Waltham Forest 027E,Waltham Forest,children_and_adolescents,-0.886923698282882,Not significant,0.312482750586716,0.0712,0.132573815740395,Not significant
E01004341,Waltham Forest 027F,Waltham Forest,children_and_adolescents,-1.99582385761706,Not significant,0.505938577086452,0.1658,0.236478171428571,Not significant
E01004342,Waltham Forest 011A,Waltham Forest,children_and_adolescents,1.44485489910796,Not significant,0.344621626552244,0.155,0.225323238206174,Not significant
E01004343,Waltham Forest 008A,Waltham Forest,children_and_adolescents,1.65836769896886,Not significant,0.658848463373788,0.0392,0.0896410444342648,Not significant
E01004344,Waltham Forest 008B,Waltham Forest,children_and_adolescents,1.83986943705369,Not significant,0.719788968704418,0.0297,0.0740201697453819,Not significant
E01004345,Waltham Forest 010A,Waltham Forest,children_and_adolescents,0.795862153912555,Not significant,0.377934022908978,0.0541,0.110231510204082,Not significant
E01004346,Waltham Forest 011B,Waltham Forest,children_and_adolescents,1.06408551607698,Not significant,0.375278066847537,0.164,0.234850258175559,Not significant
E01004347,Waltham Forest 011C,Waltham Forest,children_and_adolescents,0.913066477278461,Not significant,0.262893591082572,0.1306,0.2006016,Not significant
E01004348,Waltham Forest 010B,Waltham Forest,children_and_adolescents,0.0959342989333446,Not significant,0.0350745606275749,0.0547,0.111046116307442,Not significant
E01004349,Waltham Forest 001A,Waltham Forest,children_and_adolescents,2.08521416371578,Not significant,0.603599931383397,0.1781,0.247653259052925,Not significant
E01004350,Waltham Forest 001B,Waltham Forest,children_and_adolescents,0.716832025410008,High-high mismatch cluster,0.390512036874427,0.0063,0.0253830508474576,High-high mismatch cluster
E01004351,Waltham Forest 001C,Waltham Forest,children_and_adolescents,0.982655247884652,Not significant,0.237782327773212,0.1738,0.244122003376477,Not significant
E01004352,Waltham Forest 002A,Waltham Forest,children_and_adolescents,-0.564972624019125,Not significant,-0.23868551698771,0.0784,0.141647774158523,Not significant
E01004353,Waltham Forest 002B,Waltham Forest,children_and_adolescents,0.924975652517629,Not significant,0.274974866004242,0.1676,0.238432373895697,Not significant
E01004354,Waltham Forest 002C,Waltham Forest,children_and_adolescents,0.48690628492402,Not significant,0.0994894236949581,0.1911,0.260576673040153,Not significant
E01004355,Waltham Forest 004A,Waltham Forest,children_and_adolescents,1.99304388889673,Not significant,0.715249233680481,0.1214,0.191176277602524,Not significant
E01004356,Waltham Forest 001D,Waltham Forest,children_and_adolescents,0.854805622348053,High-high mismatch cluster,0.378953324128276,0.016,0.048231884057971,High-high mismatch cluster
E01004357,Waltham Forest 001E,Waltham Forest,children_and_adolescents,0.750862910962292,Not significant,0.193476810124539,0.1706,0.241119818799547,Not significant
E01004358,Waltham Forest 002D,Waltham Forest,children_and_adolescents,0.377228732235441,Not significant,0.116185864574757,0.0895,0.155565459610028,Not significant
E01004359,Waltham Forest 002E,Waltham Forest,children_and_adolescents,-0.647364949430968,Not significant,-0.1774484825112,0.1642,0.234934479793637,Not significant
E01004360,Waltham Forest 004B,Waltham Forest,children_and_adolescents,1.30112372750469,Not significant,0.18899841701441,0.2794,0.33779723904093,Not significant
E01004361,Waltham Forest 005A,Waltham Forest,children_and_adolescents,1.51016676192489,Not significant,0.777138037470905,0.0237,0.0634372117962467,Not significant
E01004362,Waltham Forest 021A,Waltham Forest,children_and_adolescents,0.111110243788643,Not significant,-0.0103376402707587,0.3037,0.357985926800472,Not significant
E01004363,Waltham Forest 019A,Waltham Forest,children_and_adolescents,0.747945700873891,Not significant,0.0192737417252713,0.47,0.480589922163048,Not significant
E01004364,Waltham Forest 019B,Waltham Forest,children_and_adolescents,-0.156101306039189,Not significant,0.00630409041085116,0.4186,0.445554626865672,Not significant
E01004365,Waltham Forest 020A,Waltham Forest,children_and_adolescents,-0.141542134891166,Not significant,0.0238522091652792,0.2883,0.344882242990654,Not significant
E01004366,Waltham Forest 019C,Waltham Forest,children_and_adolescents,-0.179178949722143,Not significant,-0.0160259344695716,0.3881,0.424588034188034,Not significant
E01004367,Waltham Forest 019D,Waltham Forest,children_and_adolescents,-0.281916965946742,Not significant,0.000130087024842253,0.4932,0.494885306532663,Not significant
E01004368,Waltham Forest 019E,Waltham Forest,children_and_adolescents,0.764322256536824,Not significant,-0.0933208230525921,0.3094,0.362820014094433,Not significant
E01004369,Waltham Forest 023A,Waltham Forest,children_and_adolescents,-0.346906720701165,Not significant,0.0720085948753936,0.222,0.289353524804178,Not significant
E01004370,Waltham Forest 023B,Waltham Forest,children_and_adolescents,-0.136062687952128,Not significant,0.0275281269651683,0.1908,0.260309811423886,Not significant
E01004371,Waltham Forest 025A,Waltham Forest,children_and_adolescents,-1.16274835911804,Not significant,0.352313851068217,0.1153,0.185192277992278,Not significant
E01004372,Waltham Forest 023C,Waltham Forest,children_and_adolescents,-1.50392300099543,Not significant,0.481226507095247,0.1021,0.170405616850552,Not significant
E01004373,Waltham Forest 025B,Waltham Forest,children_and_adolescents,-1.0705203029667,Not significant,0.302398458240339,0.135,0.205588773642465,Not significant
E01004374,Waltham Forest 025C,Waltham Forest,children_and_adolescents,-0.663831391830798,Not significant,0.286918572472045,0.0455,0.0987118644067797,Not significant
E01004375,Waltham Forest 025D,Waltham Forest,children_and_adolescents,-1.70816286506635,Not significant,0.75086151955634,0.059,0.117248407643312,Not significant
E01004376,Waltham Forest 025E,Waltham Forest,children_and_adolescents,-1.35886799008767,Not significant,0.514378364966923,0.0887,0.154551623036649,Not significant
E01004377,Waltham Forest 010C,Waltham Forest,children_and_adolescents,1.56069760674095,Not significant,0.432939916666093,0.0852,0.150289187279152,Not significant
E01004378,Waltham Forest 010D,Waltham Forest,children_and_adolescents,0.429598467506,Not significant,0.178435688692819,0.0613,0.120097959183673,Not significant
E01004379,Waltham Forest 007A,Waltham Forest,children_and_adolescents,1.0337489472134,Not significant,0.182413694358155,0.2243,0.291210819245774,Not significant
E01004380,Waltham Forest 007B,Waltham Forest,children_and_adolescents,-0.0399741017766997,Not significant,-0.00933757143015357,0.1584,0.22860156114484,Not significant
E01004381,Waltham Forest 007C,Waltham Forest,children_and_adolescents,0.287037673629323,Not significant,0.108841239733007,0.039,0.0894705882352941,Not significant
E01004382,Waltham Forest 008C,Waltham Forest,children_and_adolescents,1.90352162830221,Not significant,0.888504479418944,0.0398,0.0906807850296668,Not significant
E01004383,Waltham Forest 007D,Waltham Forest,children_and_adolescents,0.99019287074296,Not significant,0.224887244707217,0.2721,0.331824761904762,Not significant
E01004384,Waltham Forest 003A,Waltham Forest,children_and_adolescents,-0.504131720242711,Not significant,-0.0665428136995381,0.3047,0.358910429447853,Not significant
E01004385,Waltham Forest 003B,Waltham Forest,children_and_adolescents,1.07993822139074,Not significant,-0.0294982108104255,0.4376,0.459217826361152,Not significant
E01004386,Waltham Forest 003C,Waltham Forest,children_and_adolescents,-1.15385329835318,Not significant,-0.186904616814396,0.2908,0.346958317399618,Not significant
E01004387,Waltham Forest 007E,Waltham Forest,children_and_adolescents,0.719142065047168,Not significant,0.0701776272866897,0.3872,0.423882105263158,Not significant
E01004388,Waltham Forest 007F,Waltham Forest,children_and_adolescents,0.516016904031521,Not significant,0.119773094445408,0.2082,0.276418723404255,Not significant
E01004389,Waltham Forest 003D,Waltham Forest,children_and_adolescents,1.9726993388623,Not significant,0.198042399042976,0.3526,0.39760090354642,Not significant
E01004390,Waltham Forest 003E,Waltham Forest,children_and_adolescents,0.0783088027836246,Not significant,0.022164613208578,0.1529,0.223326315789474,Not significant
E01004391,Waltham Forest 014A,Waltham Forest,children_and_adolescents,-1.1570298699054,Not significant,0.306166040671346,0.1056,0.174554701986755,Not significant
E01004392,Waltham Forest 017A,Waltham Forest,children_and_adolescents,-0.116746429096837,Not significant,0.0209680368778757,0.2041,0.272570144462279,Not significant
E01004393,Waltham Forest 014B,Waltham Forest,children_and_adolescents,-1.48707757990889,Not significant,0.463005599333246,0.1629,0.233610112036771,Not significant
E01004394,Waltham Forest 017B,Waltham Forest,children_and_adolescents,-1.37376009994688,Not significant,0.110125620055622,0.3713,0.412629029385574,Not significant
E01004395,Waltham Forest 018A,Waltham Forest,children_and_adolescents,-0.488735843522723,Not significant,-0.151523194996575,0.0428,0.0948746003552398,Not significant
E01004396,Waltham Forest 012A,Waltham Forest,children_and_adolescents,-0.344687816864291,Not significant,0.0780230442047194,0.2058,0.274034035742865,Not significant
E01004397,Waltham Forest 017C,Waltham Forest,children_and_adolescents,-0.0411829756601347,Not significant,-0.00190918721857331,0.4438,0.462805431376645,Not significant
E01004398,Waltham Forest 009A,Waltham Forest,children_and_adolescents,0.616450189219849,Not significant,0.140372349539473,0.2102,0.278555455269445,Not significant
E01004399,Waltham Forest 009B,Waltham Forest,children_and_adolescents,1.10521363783597,Not significant,0.209428977479195,0.229,0.295621411947246,Not significant
E01004400,Waltham Forest 009C,Waltham Forest,children_and_adolescents,0.0859831565917943,Not significant,0.0108496880185706,0.3292,0.378655852534562,Not significant
E01004401,Waltham Forest 014C,Waltham Forest,children_and_adolescents,-0.270985420847185,Not significant,0.0521642802821251,0.1508,0.22134478094678,Not significant
E01004402,Waltham Forest 009D,Waltham Forest,children_and_adolescents,0.174431732199856,Not significant,0.0236713933630938,0.3021,0.356942769230769,Not significant
E01004403,Waltham Forest 009E,Waltham Forest,children_and_adolescents,0.0538025285599755,Not significant,0.0132440672312723,0.1244,0.194428553537884,Not significant
E01004404,Waltham Forest 014D,Waltham Forest,children_and_adolescents,1.28931267979642,Not significant,-0.107362350321735,0.3768,0.416977521613833,Not significant
E01004405,Waltham Forest 020B,Waltham Forest,children_and_adolescents,-0.500086132909746,Not significant,0.0352733672646441,0.3765,0.416737915742794,Not significant
E01004406,Waltham Forest 016A,Waltham Forest,children_and_adolescents,-0.355222001743915,Not significant,0.0591474930940362,0.239,0.303198983481576,Not significant
E01004407,Waltham Forest 013A,Waltham Forest,children_and_adolescents,0.433301910371995,Not significant,0.0445357597340123,0.3619,0.405159183673469,Not significant
E01004408,Waltham Forest 016B,Waltham Forest,children_and_adolescents,-0.111071033640111,Not significant,-0.0231155802290541,0.2082,0.276418723404255,Not significant
E01004409,Waltham Forest 016C,Waltham Forest,children_and_adolescents,0.263862555875963,Not significant,-0.00613439084847224,0.4561,0.471690739589807,Not significant
E01004410,Waltham Forest 013B,Waltham Forest,children_and_adolescents,-0.199279498003721,Not significant,-0.0106097560057197,0.4257,0.450518210727157,Not significant
E01004411,Waltham Forest 016D,Waltham Forest,children_and_adolescents,-0.19324272974114,Not significant,0.0152778286124709,0.3761,0.416479858030169,Not significant
E01004412,Waltham Forest 015A,Waltham Forest,children_and_adolescents,-0.723769875537613,Not significant,0.0558617206149571,0.3711,0.412590467706013,Not significant
E01004413,Waltham Forest 004C,Waltham Forest,children_and_adolescents,-0.180447087726732,Not significant,-0.037530204871396,0.183,0.252916943521595,Not significant
E01004414,Waltham Forest 005B,Waltham Forest,children_and_adolescents,0.601993938794166,Not significant,0.12001248000203,0.2205,0.287774117647059,Not significant
E01004415,Waltham Forest 004D,Waltham Forest,children_and_adolescents,1.27448052639908,Not significant,0.377474870109892,0.097,0.164478260869565,Not significant
E01004416,Waltham Forest 004E,Waltham Forest,children_and_adolescents,1.18622472373626,Not significant,0.388127130977347,0.0775,0.140479302832244,Not significant
E01004417,Waltham Forest 005C,Waltham Forest,children_and_adolescents,-0.256751830778185,Not significant,-0.0568526087070699,0.1741,0.244199831413318,Not significant
E01004418,Waltham Forest 008D,Waltham Forest,children_and_adolescents,0.276501764256523,Not significant,0.0859555041729874,0.1483,0.218898166765228,Not significant
E01004419,Waltham Forest 008E,Waltham Forest,children_and_adolescents,2.02480469473222,Not significant,0.917502357472756,0.0316,0.0774409425625921,Not significant
E01004420,Waltham Forest 020C,Waltham Forest,children_and_adolescents,-0.771776166936304,Not significant,0.0820341380118282,0.32,0.371757039795206,Not significant
E01004421,Waltham Forest 018B,Waltham Forest,children_and_adolescents,-0.661459786404347,Not significant,0.11220077160256,0.2405,0.304482881055034,Not significant
E01004422,Waltham Forest 022A,Waltham Forest,children_and_adolescents,0.768510081557788,Not significant,-0.0456507463634505,0.3682,0.410797677534614,Not significant
E01004423,Waltham Forest 020D,Waltham Forest,children_and_adolescents,0.136075487976434,Not significant,-0.0260219296287781,0.2052,0.2736,Not significant
E01004424,Waltham Forest 022B,Waltham Forest,children_and_adolescents,-1.45083898510992,Not significant,0.214860129233447,0.2757,0.334539231891104,Not significant
E01004425,Waltham Forest 022C,Waltham Forest,children_and_adolescents,-0.232120743705135,Not significant,0.0242607675242412,0.3321,0.381201011726834,Not significant
E01004426,Waltham Forest 022D,Waltham Forest,children_and_adolescents,-1.03840301475862,Not significant,0.156482817065076,0.3227,0.374110171853228,Not significant
E01004427,Waltham Forest 022E,Waltham Forest,children_and_adolescents,-0.675307985772991,Not significant,0.0519221801259542,0.3885,0.424762688854828,Not significant
E01004428,Waltham Forest 026B,Waltham Forest,children_and_adolescents,1.19487104662985,Not significant,0.0619233249515196,0.4624,0.475840197897341,Not significant
E01004429,Waltham Forest 026C,Waltham Forest,children_and_adolescents,0.260639663656562,Not significant,-0.0192066568015717,0.375,0.415538290788013,Not significant
E01004430,Waltham Forest 026D,Waltham Forest,children_and_adolescents,-1.22838347671564,Not significant,0.235041094143119,0.2032,0.271804501607717,Not significant
E01004432,Waltham Forest 023D,Waltham Forest,children_and_adolescents,-0.0735290108421892,Not significant,0.00222448107567608,0.4444,0.463334335839599,Not significant
E01004434,Waltham Forest 026E,Waltham Forest,children_and_adolescents,0.117085633280625,Not significant,-0.00628447659208373,0.3912,0.426763636363636,Not significant
E01004435,Waltham Forest 023E,Waltham Forest,children_and_adolescents,0.0353326984523951,Not significant,0.0010521274433566,0.4575,0.472556723210592,Not significant
E01004436,Waltham Forest 021B,Waltham Forest,children_and_adolescents,0.0506895337520164,Not significant,-0.00799962096862163,0.272,0.331824761904762,Not significant
E01004437,Waltham Forest 021C,Waltham Forest,children_and_adolescents,-0.313603145102131,Not significant,0.0223213770240852,0.3784,0.41828449955713,Not significant
E01004438,Waltham Forest 024C,Waltham Forest,children_and_adolescents,-0.984536772962217,Not significant,0.0292071339934048,0.4343,0.456714893617021,Not significant
E01004439,Waltham Forest 021D,Waltham Forest,children_and_adolescents,-1.14191300689408,Not significant,0.169727152309594,0.2911,0.34698452722063,Not significant
E01004440,Waltham Forest 024D,Waltham Forest,children_and_adolescents,-1.1207551586518,Not significant,0.174056225533621,0.2363,0.301151289251979,Not significant
E01004441,Waltham Forest 024E,Waltham Forest,children_and_adolescents,-0.263188552758962,Not significant,-0.00689874621491521,0.4817,0.488054881266491,Not significant
E01004442,Waltham Forest 021E,Waltham Forest,children_and_adolescents,0.206563052391051,Not significant,-0.00395653535894151,0.4661,0.477972719802794,Not significant
E01004443,Waltham Forest 016E,Waltham Forest,children_and_adolescents,-0.189256648934221,Not significant,0.0155467505163026,0.3793,0.418815660252157,Not significant
E01004444,Waltham Forest 017D,Waltham Forest,children_and_adolescents,-0.365978590208224,Not significant,-0.000112967157931014,0.4949,0.495992933145955,Not significant
E01004445,Waltham Forest 018C,Waltham Forest,children_and_adolescents,0.0701689561152392,Not significant,-0.00479981779875333,0.3805,0.419579086697551,Not significant
E01004446,Waltham Forest 017E,Waltham Forest,children_and_adolescents,1.06715008165961,Not significant,-0.20716414390815,0.2594,0.321046840148699,Not significant
E01004447,Waltham Forest 016F,Waltham Forest,children_and_adolescents,-0.56692248839323,Not significant,0.0613027241636946,0.3311,0.380403037974684,Not significant
E01004448,Waltham Forest 018D,Waltham Forest,children_and_adolescents,0.170070951505171,Not significant,0.0100006833643382,0.4223,0.448250393365937,Not significant
E01004449,Waltham Forest 018E,Waltham Forest,children_and_adolescents,0.189502292892029,Not significant,-0.0188878723163376,0.3373,0.385573986718571,Not significant
E01004450,Waltham Forest 006A,Waltham Forest,children_and_adolescents,1.16667221057855,Not significant,0.344414598600231,0.1741,0.244199831413318,Not significant
E01004451,Waltham Forest 005D,Waltham Forest,children_and_adolescents,0.160337364520467,Not significant,0.0746873724758577,0.0275,0.0700408163265306,Not significant
E01004452,Waltham Forest 005E,Waltham Forest,children_and_adolescents,-0.368689094974509,Not significant,-0.100012053895964,0.1422,0.21259730458221,Not significant
E01004453,Waltham Forest 006B,Waltham Forest,children_and_adolescents,1.8514470029356,Not significant,0.580682335280883,0.1058,0.174769556585043,Not significant
E01004454,Waltham Forest 006C,Waltham Forest,children_and_adolescents,0.790409871222388,Not significant,0.108516493764941,0.3152,0.3672918767507,Not significant
E01004455,Waltham Forest 006D,Waltham Forest,children_and_adolescents,0.346693551269297,Not significant,0.0993209198061779,0.0904,0.15663894481083,Not significant
E01004456,Waltham Forest 006E,Waltham Forest,children_and_adolescents,0.249230224235945,Not significant,0.10812302200924,0.0504,0.105491320754717,Not significant
E01004457,Waltham Forest 012B,Waltham Forest,children_and_adolescents,-1.15740674014074,Not significant,-0.153253091051902,0.3263,0.376186974595843,Not significant
E01004458,Waltham Forest 012C,Waltham Forest,children_and_adolescents,-0.611362798616254,Not significant,-0.0111696593805523,0.4851,0.490107103825137,Not significant
E01004459,Waltham Forest 012D,Waltham Forest,children_and_adolescents,1.28716904533111,Not significant,-0.0570856590933819,0.4255,0.45049756097561,Not significant
E01004460,Waltham Forest 011D,Waltham Forest,children_and_adolescents,0.462474628161221,Not significant,0.0495663535283889,0.3444,0.391117580168297,Not significant
E01004462,Waltham Forest 011E,Waltham Forest,children_and_adolescents,0.899821707664551,Not significant,-0.0703180889660472,0.3529,0.397849322493225,Not significant
E01004463,Waltham Forest 012E,Waltham Forest,children_and_adolescents,-0.281819103279999,Not significant,-0.0307094764319864,0.3427,0.390138745724059,Not significant
E01004464,Waltham Forest 013C,Waltham Forest,children_and_adolescents,1.23416089731167,Not significant,0.188068793671496,0.2593,0.321046840148699,Not significant
E01004465,Waltham Forest 015B,Waltham Forest,children_and_adolescents,0.502321508113132,Not significant,0.0940444085778583,0.309,0.362521269095182,Not significant
E01004466,Waltham Forest 015C,Waltham Forest,children_and_adolescents,-0.242010767394256,Not significant,-0.012340852829008,0.4323,0.454995066413662,Not significant
E01004467,Waltham Forest 015D,Waltham Forest,children_and_adolescents,0.498549090154662,Not significant,0.0626703924567478,0.28,0.338276863504356,Not significant
E01004468,Waltham Forest 015E,Waltham Forest,children_and_adolescents,0.972400188310743,Not significant,0.203386795611445,0.149,0.219606731620903,Not significant
E01004469,Waltham Forest 013D,Waltham Forest,children_and_adolescents,1.90888564256243,Not significant,0.5225789091059,0.1391,0.210038475499093,Not significant
E01004470,Waltham Forest 013E,Waltham Forest,children_and_adolescents,0.134196745057681,Not significant,0.0390341807039992,0.1208,0.190712713472486,Not significant
E01004471,Waltham Forest 013F,Waltham Forest,children_and_adolescents,1.16445525969207,Not significant,0.466373218307998,0.0901,0.156444939130435,Not significant
E01004472,Wandsworth 021A,Wandsworth,children_and_adolescents,-1.658504266405,Low-low surplus cluster,0.839536621389772,0.0251,0.0656360398114196,Not significant
E01004473,Wandsworth 026A,Wandsworth,children_and_adolescents,-1.37880247391996,Low-low surplus cluster,0.662683326311527,0.0213,0.0588431654676259,Not significant
E01004474,Wandsworth 021B,Wandsworth,children_and_adolescents,-2.78592357478004,Low-low surplus cluster,1.45813426169804,0.0144,0.0448159600997506,Low-low surplus cluster
E01004475,Wandsworth 026B,Wandsworth,children_and_adolescents,-0.724837120305558,Not significant,0.277427091348848,0.1108,0.180167296416938,Not significant
E01004476,Wandsworth 021C,Wandsworth,children_and_adolescents,-2.04970489067293,Not significant,0.887260386244101,0.0363,0.0853152542372881,Not significant
E01004477,Wandsworth 017A,Wandsworth,children_and_adolescents,0.397641138677613,Not significant,-0.0194224566646531,0.4189,0.445778895757834,Not significant
E01004478,Wandsworth 017B,Wandsworth,children_and_adolescents,1.54312854632122,Not significant,0.434454417230418,0.1484,0.218916312056738,Not significant
E01004479,Wandsworth 017C,Wandsworth,children_and_adolescents,-1.19289566965161,Not significant,-0.0414907369895144,0.4556,0.471466666666667,Not significant
E01004480,Wandsworth 026C,Wandsworth,children_and_adolescents,-1.3882756821664,Low-low surplus cluster,0.906011499724012,0.0121,0.0398437994722955,Low-low surplus cluster
E01004481,Wandsworth 029A,Wandsworth,children_and_adolescents,-3.09837963955877,Not significant,1.41921326729989,0.0382,0.0881212569316081,Not significant
E01004482,Wandsworth 030A,Wandsworth,children_and_adolescents,-1.5995449487048,Not significant,0.955823503929807,0.0323,0.0786928257686677,Not significant
E01004483,Wandsworth 026D,Wandsworth,children_and_adolescents,-1.47604467123505,Not significant,0.0909189372785795,0.3579,0.402214497973886,Not significant
E01004484,Wandsworth 026E,Wandsworth,children_and_adolescents,-0.610722114010399,Low-low surplus cluster,0.237108662433419,0.0262,0.0676968944099379,Not significant
E01004485,Wandsworth 030B,Wandsworth,children_and_adolescents,-1.6999030466742,Low-low surplus cluster,1.06735946865338,0.0146,0.045297203231821,Low-low surplus cluster
E01004486,Wandsworth 026F,Wandsworth,children_and_adolescents,-1.20165074518947,Not significant,0.227243003038291,0.2491,0.312753319919517,Not significant
E01004487,Wandsworth 030C,Wandsworth,children_and_adolescents,-1.14999508062428,Not significant,0.329416840756449,0.1484,0.218916312056738,Not significant
E01004488,Wandsworth 029B,Wandsworth,children_and_adolescents,-0.528764259732972,Low-low surplus cluster,0.330651312848213,0.0147,0.0455225806451613,Low-low surplus cluster
E01004489,Wandsworth 030D,Wandsworth,children_and_adolescents,0.24548866076531,High-low spatial outlier,-0.13959973131331,0.0128,0.041277519379845,High-low spatial outlier
E01004490,Wandsworth 031A,Wandsworth,children_and_adolescents,-0.458175040515076,Not significant,0.105672140395779,0.2261,0.29291579766537,Not significant
E01004491,Wandsworth 031B,Wandsworth,children_and_adolescents,-1.03877659655062,Not significant,0.101756557203679,0.3431,0.390416047412811,Not significant
E01004492,Wandsworth 031C,Wandsworth,children_and_adolescents,-0.583456122679162,Not significant,0.125276927621018,0.1819,0.251954716981132,Not significant
E01004493,Wandsworth 019A,Wandsworth,children_and_adolescents,-0.576802286972554,Not significant,0.149666508307886,0.1194,0.189220571428571,Not significant
E01004494,Wandsworth 018A,Wandsworth,children_and_adolescents,-1.66993784396183,Not significant,0.424843872392926,0.1752,0.245260347728547,Not significant
E01004495,Wandsworth 024A,Wandsworth,children_and_adolescents,0.517779662623836,Not significant,-0.226801001277226,0.0801,0.143782524271845,Not significant
E01004496,Wandsworth 024B,Wandsworth,children_and_adolescents,-2.59775287754994,Not significant,-0.162298796471751,0.4068,0.437001420271143,Not significant
E01004497,Wandsworth 024C,Wandsworth,children_and_adolescents,1.14740524648373,Not significant,-0.374610747985561,0.1006,0.168748387096774,Not significant
E01004498,Wandsworth 031D,Wandsworth,children_and_adolescents,-1.96899419260597,Not significant,0.151501217111039,0.3806,0.419579086697551,Not significant
E01004499,Wandsworth 020A,Wandsworth,children_and_adolescents,-1.09207413883095,Not significant,0.35917105673174,0.1209,0.190810243439772,Not significant
E01004500,Wandsworth 014A,Wandsworth,children_and_adolescents,-2.24791462752731,Not significant,1.00188533096826,0.0403,0.0914443636363636,Not significant
E01004501,Wandsworth 014B,Wandsworth,children_and_adolescents,-1.28720303079342,Not significant,0.570996936978945,0.086,0.151272727272727,Not significant
E01004502,Wandsworth 020B,Wandsworth,children_and_adolescents,-1.08594519039844,Low-low surplus cluster,0.739561873165758,0.0049,0.0213631441048035,Low-low surplus cluster
E01004503,Wandsworth 014C,Wandsworth,children_and_adolescents,-1.09863962762989,Not significant,0.378222756481756,0.0941,0.160707218611016,Not significant
E01004504,Wandsworth 020C,Wandsworth,children_and_adolescents,0.443468393742777,Not significant,-0.120940158831972,0.125,0.194878201124297,Not significant
E01004505,Wandsworth 014D,Wandsworth,children_and_adolescents,-1.31186078259276,Not significant,0.149607232198714,0.2938,0.349202285714286,Not significant
E01004506,Wandsworth 011A,Wandsworth,children_and_adolescents,-2.25411832301365,Low-low surplus cluster,1.18085987821656,0.0143,0.0446998121477771,Low-low surplus cluster
E01004507,Wandsworth 014E,Wandsworth,children_and_adolescents,-1.03982040505841,Low-low surplus cluster,0.674855546500911,0.0018,0.0108129963898917,Low-low surplus cluster
E01004508,Wandsworth 012A,Wandsworth,children_and_adolescents,-4.00937807883497,Low-low surplus cluster,3.74156035629485,0.0005,0.00447311827956989,Low-low surplus cluster
E01004510,Wandsworth 012B,Wandsworth,children_and_adolescents,-2.76031499937921,Low-low surplus cluster,1.88452567434729,0.002,0.0116771929824561,Low-low surplus cluster
E01004511,Wandsworth 010B,Wandsworth,children_and_adolescents,-1.57706629824673,Low-low surplus cluster,0.850420642106701,0.0112,0.0376247644683715,Low-low surplus cluster
E01004512,Wandsworth 019B,Wandsworth,children_and_adolescents,-0.565313066956877,Not significant,0.288379006121557,0.0386,0.0887977880184332,Not significant
E01004513,Wandsworth 018B,Wandsworth,children_and_adolescents,-1.59327347967149,Low-low surplus cluster,0.768180160294345,0.0234,0.0629718598382749,Not significant
E01004514,Wandsworth 012C,Wandsworth,children_and_adolescents,-1.75937564035932,Low-low surplus cluster,1.25773597490759,0.003,0.0155837669094693,Low-low surplus cluster
E01004515,Wandsworth 012D,Wandsworth,children_and_adolescents,-3.08264783947751,Low-low surplus cluster,3.09079085557493,0.0001,0.00156,Low-low surplus cluster
E01004516,Wandsworth 036A,Wandsworth,children_and_adolescents,0.231373083571609,Not significant,0.0134571734661109,0.4109,0.439514206128134,Not significant
E01004517,Wandsworth 037A,Wandsworth,children_and_adolescents,0.974457739272991,Not significant,0.166442499634464,0.2039,0.272570144462279,Not significant
E01004518,Wandsworth 036B,Wandsworth,children_and_adolescents,1.02569678414844,Not significant,0.2957753339431,0.1464,0.217379179060083,Not significant
E01004519,Wandsworth 036C,Wandsworth,children_and_adolescents,0.4289906461215,Not significant,0.0334713306814959,0.3685,0.410797677534614,Not significant
E01004520,Wandsworth 036D,Wandsworth,children_and_adolescents,1.02651059290835,Not significant,0.196583398703918,0.2767,0.335345083758194,Not significant
E01004521,Wandsworth 037B,Wandsworth,children_and_adolescents,1.05134032496583,Not significant,0.10854033074658,0.3822,0.420251629955947,Not significant
E01004522,Wandsworth 037C,Wandsworth,children_and_adolescents,0.346518158126307,Not significant,0.107250748223986,0.1068,0.176071862615588,Not significant
E01004523,Wandsworth 036E,Wandsworth,children_and_adolescents,1.24627107545756,Not significant,0.245828131046315,0.2463,0.309939400050416,Not significant
E01004524,Wandsworth 037D,Wandsworth,children_and_adolescents,1.86130498179589,Not significant,0.0209582464569127,0.498,0.498699297893681,Not significant
E01004525,Wandsworth 035A,Wandsworth,children_and_adolescents,-2.04443477114415,Low-low surplus cluster,1.07918863542746,0.0149,0.0459992578849722,Low-low surplus cluster
E01004526,Wandsworth 035B,Wandsworth,children_and_adolescents,-2.77306514375632,Low-low surplus cluster,1.72331048719808,0.0141,0.0443244332493703,Low-low surplus cluster
E01004527,Wandsworth 035C,Wandsworth,children_and_adolescents,-1.4437383893754,Not significant,0.559311585963457,0.1374,0.208037852593267,Not significant
E01004528,Wandsworth 035D,Wandsworth,children_and_adolescents,-0.362423799776197,Not significant,0.136148352660507,0.0473,0.10107680478428,Not significant
E01004529,Wandsworth 035E,Wandsworth,children_and_adolescents,-0.880123222446289,Not significant,0.180422847939037,0.1843,0.25401038100497,Not significant
E01004530,Wandsworth 035F,Wandsworth,children_and_adolescents,-2.45473499877327,Not significant,1.28953872952805,0.0336,0.08064,Not significant
E01004531,Wandsworth 033A,Wandsworth,children_and_adolescents,-0.491382702869533,Not significant,0.262841383926193,0.0327,0.0789353965183753,Not significant
E01004532,Wandsworth 032A,Wandsworth,children_and_adolescents,-0.806611316074735,Not significant,0.242439685924419,0.1231,0.193122313010685,Not significant
E01004533,Wandsworth 033B,Wandsworth,children_and_adolescents,-0.673471838965557,Not significant,0.261704713454204,0.0824,0.146332550693703,Not significant
E01004534,Wandsworth 008A,Wandsworth,children_and_adolescents,-1.35406766374932,Low-low surplus cluster,0.827576738373995,0.0027,0.0143387234042553,Low-low surplus cluster
E01004535,Wandsworth 007A,Wandsworth,children_and_adolescents,0.00521262588296856,High-low spatial outlier,-0.00417332166498116,0.0048,0.0210929577464789,High-low spatial outlier
E01004536,Wandsworth 008B,Wandsworth,children_and_adolescents,-2.59937212505275,Low-low surplus cluster,1.67063413272262,0.0063,0.0253830508474576,Low-low surplus cluster
E01004537,Wandsworth 007B,Wandsworth,children_and_adolescents,-1.76286031553175,Low-low surplus cluster,1.56267958067179,0.0001,0.00156,Low-low surplus cluster
E01004538,Wandsworth 007C,Wandsworth,children_and_adolescents,-1.48718602024596,Low-low surplus cluster,1.30058618492324,0.0003,0.0031661733615222,Low-low surplus cluster
E01004539,Wandsworth 003A,Wandsworth,children_and_adolescents,0.876595503311735,Not significant,-0.39005448855288,0.0583,0.116134716679968,Not significant
E01004540,Wandsworth 003B,Wandsworth,children_and_adolescents,-1.81113050006087,Not significant,0.589109595506109,0.1236,0.193724081632653,Not significant
E01004541,Wandsworth 007D,Wandsworth,children_and_adolescents,-1.81359515704119,Low-low surplus cluster,1.19223034607491,0.0057,0.0236332225913621,Low-low surplus cluster
E01004542,Wandsworth 021D,Wandsworth,children_and_adolescents,0.311573028921733,Not significant,-0.131648769610402,0.0527,0.108396538936959,Not significant
E01004543,Wandsworth 027A,Wandsworth,children_and_adolescents,-1.19559605548966,Not significant,0.15122650598235,0.2907,0.346958317399618,Not significant
E01004544,Wandsworth 021E,Wandsworth,children_and_adolescents,-0.848212520517346,Low-low surplus cluster,0.557274343308782,0.0189,0.0541301204819277,Not significant
E01004545,Wandsworth 027B,Wandsworth,children_and_adolescents,-3.44998005775329,Low-low surplus cluster,1.62973473879488,0.0189,0.0541301204819277,Not significant
E01004546,Wandsworth 027C,Wandsworth,children_and_adolescents,-0.606438290117785,Low-low surplus cluster,0.484363002730896,0.0075,0.028645753634277,Low-low surplus cluster
E01004547,Wandsworth 029C,Wandsworth,children_and_adolescents,-1.23861308696306,Not significant,0.532598311907295,0.0681,0.128722150700492,Not significant
E01004548,Wandsworth 029D,Wandsworth,children_and_adolescents,-2.58235972436677,Low-low surplus cluster,1.56756258898382,0.0035,0.0173677932405567,Low-low surplus cluster
E01004549,Wandsworth 027D,Wandsworth,children_and_adolescents,-1.43785066149345,Not significant,0.611667844304868,0.0885,0.154310862731401,Not significant
E01004550,Wandsworth 017D,Wandsworth,children_and_adolescents,-1.04074487771031,Not significant,0.484884950009528,0.0517,0.107134246575342,Not significant
E01004551,Wandsworth 012E,Wandsworth,children_and_adolescents,-3.27040805733503,Low-low surplus cluster,3.13752713463319,0.0002,0.00242330097087379,Low-low surplus cluster
E01004552,Wandsworth 008C,Wandsworth,children_and_adolescents,-2.4083237622723,Not significant,0.728476910698405,0.1255,0.195474570982839,Not significant
E01004553,Wandsworth 015A,Wandsworth,children_and_adolescents,-1.9140132231894,Not significant,0.845810897493256,0.0308,0.0761533432392274,Not significant
E01004554,Wandsworth 009A,Wandsworth,children_and_adolescents,0.111800709798556,Not significant,-0.0338358728033088,0.056,0.112651327433628,Not significant
E01004555,Wandsworth 017E,Wandsworth,children_and_adolescents,2.47011467117875,Not significant,0.957045358938404,0.0712,0.132573815740395,Not significant
E01004556,Wandsworth 009B,Wandsworth,children_and_adolescents,2.02788599706435,Not significant,0.228094276097922,0.3581,0.40234868332208,Not significant
E01004557,Wandsworth 015B,Wandsworth,children_and_adolescents,0.261128086004776,Not significant,-0.0304412202624021,0.3333,0.382490482758621,Not significant
E01004558,Wandsworth 015C,Wandsworth,children_and_adolescents,1.05787300906742,Not significant,0.393215433053173,0.0503,0.105326174496644,Not significant
E01004559,Wandsworth 015D,Wandsworth,children_and_adolescents,1.00160668127543,Not significant,0.128093151960819,0.3155,0.367555659276546,Not significant
E01004560,Wandsworth 001A,Wandsworth,children_and_adolescents,-1.08997935343071,Not significant,0.467911611112796,0.0349,0.082843937232525,Not significant
E01004563,Wandsworth 039E,Wandsworth,children_and_adolescents,-0.145132316890933,Low-low surplus cluster,0.0849418534840966,0.0141,0.0443244332493703,Low-low surplus cluster
E01004564,Wandsworth 039D,Wandsworth,children_and_adolescents,-2.19277571515918,Low-low surplus cluster,1.21993371056836,0.0056,0.0233934728033473,Low-low surplus cluster
E01004565,Wandsworth 005A,Wandsworth,children_and_adolescents,-2.260688912518,Not significant,1.55078373996846,0.0335,0.0804773820981713,Not significant
E01004566,Wandsworth 001B,Wandsworth,children_and_adolescents,-2.30862356078026,Low-low surplus cluster,1.40532804512848,0.0262,0.0676968944099379,Not significant
E01004567,Wandsworth 039A,Wandsworth,children_and_adolescents,-1.01885949681969,Not significant,0.584598612444457,0.0377,0.0875341395348837,Not significant
E01004568,Wandsworth 013A,Wandsworth,children_and_adolescents,0.0534327072920554,Not significant,-0.00120814793885606,0.4617,0.475413861386139,Not significant
E01004569,Wandsworth 023A,Wandsworth,children_and_adolescents,-0.0731985878483099,Not significant,-0.0123813734890968,0.2408,0.304630917384693,Not significant
E01004570,Wandsworth 023B,Wandsworth,children_and_adolescents,-0.056496838578617,Not significant,-0.00400619197991943,0.4239,0.44928,Not significant
E01004571,Wandsworth 023C,Wandsworth,children_and_adolescents,-0.745505022200315,Not significant,-0.0548834029914626,0.4209,0.447144669078527,Not significant
E01004572,Wandsworth 016A,Wandsworth,children_and_adolescents,0.90463993477162,Not significant,-0.15162086949197,0.2311,0.2974094354215,Not significant
E01004573,Wandsworth 023D,Wandsworth,children_and_adolescents,0.00658260014540195,Not significant,0.000517928607312576,0.3435,0.39060410022779,Not significant
E01004574,Wandsworth 013B,Wandsworth,children_and_adolescents,1.86633885708034,Not significant,0.233078822778354,0.3317,0.380917046238785,Not significant
E01004575,Wandsworth 013C,Wandsworth,children_and_adolescents,-1.55458293325483,Not significant,-0.35916505780595,0.1512,0.221736310223267,Not significant
E01004576,Wandsworth 013D,Wandsworth,children_and_adolescents,1.66955229002494,Not significant,0.462303464966519,0.1823,0.252368718801997,Not significant
E01004577,Wandsworth 003C,Wandsworth,children_and_adolescents,-1.08815480291474,Not significant,0.559333408534905,0.0349,0.082843937232525,Not significant
E01004579,Wandsworth 004B,Wandsworth,children_and_adolescents,-1.65483982615875,Low-low surplus cluster,1.01386121300639,0.0085,0.0311541850220264,Low-low surplus cluster
E01004580,Wandsworth 004C,Wandsworth,children_and_adolescents,-2.18440009009043,Low-low surplus cluster,1.45162388539902,0.0093,0.0331611428571429,Low-low surplus cluster
E01004581,Wandsworth 004D,Wandsworth,children_and_adolescents,-2.39842090190706,Low-low surplus cluster,1.63821274072921,0.0079,0.0297187641296157,Low-low surplus cluster
E01004582,Wandsworth 001C,Wandsworth,children_and_adolescents,-1.34814176385865,Not significant,0.73815818446317,0.0403,0.0914443636363636,Not significant
E01004583,Wandsworth 001D,Wandsworth,children_and_adolescents,-2.71925296233206,Not significant,1.59147515135787,0.0559,0.112566680112949,Not significant
E01004584,Wandsworth 003D,Wandsworth,children_and_adolescents,-0.907714534733154,Low-low surplus cluster,0.630768102570234,0.0089,0.0321249457700651,Low-low surplus cluster
E01004585,Wandsworth 008D,Wandsworth,children_and_adolescents,-1.86734930585476,Low-low surplus cluster,1.02518912372735,0.0159,0.0480174228675136,Low-low surplus cluster
E01004586,Wandsworth 009C,Wandsworth,children_and_adolescents,-1.50748438385514,Not significant,0.669985925730856,0.0757,0.138575137513751,Not significant
E01004587,Wandsworth 009D,Wandsworth,children_and_adolescents,-0.765176658497308,Not significant,0.378386396686506,0.0594,0.117808820023838,Not significant
E01004588,Wandsworth 008E,Wandsworth,children_and_adolescents,-2.02659578983847,Low-low surplus cluster,1.40837775857386,0.0021,0.012105311778291,Low-low surplus cluster
E01004589,Wandsworth 009E,Wandsworth,children_and_adolescents,-0.929799345116682,Not significant,0.440604205828975,0.0327,0.0789353965183753,Not significant
E01004590,Wandsworth 005B,Wandsworth,children_and_adolescents,-1.49920796798958,Low-low surplus cluster,0.767590739498839,0.0083,0.0306688378978534,Low-low surplus cluster
E01004591,Wandsworth 005C,Wandsworth,children_and_adolescents,-2.09274541506246,Low-low surplus cluster,1.14518100549161,0.0161,0.0484747889022919,Low-low surplus cluster
E01004592,Wandsworth 005D,Wandsworth,children_and_adolescents,-1.41432569070441,Low-low surplus cluster,0.852281082670161,0.0275,0.0700408163265306,Not significant
E01004593,Wandsworth 025A,Wandsworth,children_and_adolescents,-0.325801314999539,Not significant,0.114276192110416,0.1712,0.241694117647059,Not significant
E01004594,Wandsworth 020D,Wandsworth,children_and_adolescents,-0.0230234024281491,Not significant,0.00280412358063118,0.3085,0.362104867152598,Not significant
E01004595,Wandsworth 025B,Wandsworth,children_and_adolescents,-1.29483429180704,Not significant,0.0327090851349481,0.4462,0.464628785982478,Not significant
E01004596,Wandsworth 020E,Wandsworth,children_and_adolescents,0.798670731404537,Not significant,0.106109515328865,0.3124,0.365137157574339,Not significant
E01004597,Wandsworth 025C,Wandsworth,children_and_adolescents,0.722278778875093,Not significant,0.175047350852924,0.1899,0.259649630238291,Not significant
E01004598,Wandsworth 025D,Wandsworth,children_and_adolescents,-0.177514028962537,Not significant,0.0158285038011717,0.3668,0.409817726051925,Not significant
E01004599,Wandsworth 025E,Wandsworth,children_and_adolescents,2.41573228168416,Not significant,0.853442830826285,0.0763,0.139010802919708,Not significant
E01004601,Wandsworth 018D,Wandsworth,children_and_adolescents,-1.46935263282865,Low-low surplus cluster,0.588686399613983,0.0243,0.064558594997339,Not significant
E01004602,Wandsworth 010C,Wandsworth,children_and_adolescents,-2.10802703217736,Not significant,1.17916939808294,0.0444,0.0972552874067574,Not significant
E01004604,Wandsworth 006A,Wandsworth,children_and_adolescents,0.864772501919724,Not significant,-0.224721898194614,0.1364,0.20708905109489,Not significant
E01004605,Wandsworth 006B,Wandsworth,children_and_adolescents,-0.25222928749309,Not significant,0.0274544621896584,0.3522,0.397419168173599,Not significant
E01004606,Wandsworth 006C,Wandsworth,children_and_adolescents,-1.16741911682202,Not significant,0.395558609452448,0.1143,0.1841192642788,Not significant
E01004607,Wandsworth 006D,Wandsworth,children_and_adolescents,-1.55385485274159,Low-low surplus cluster,0.789972218948829,0.0234,0.0629718598382749,Not significant
E01004608,Wandsworth 006E,Wandsworth,children_and_adolescents,-2.04106844234881,Low-low surplus cluster,1.33554123332794,0.0237,0.0634372117962467,Not significant
E01004609,Wandsworth 010E,Wandsworth,children_and_adolescents,-2.7092572642951,Low-low surplus cluster,1.78928822704963,0.0064,0.0256205292702486,Low-low surplus cluster
E01004610,Wandsworth 033C,Wandsworth,children_and_adolescents,-2.01953660321499,Low-low surplus cluster,0.952309071301345,0.0166,0.0496508088675854,Low-low surplus cluster
E01004611,Wandsworth 032B,Wandsworth,children_and_adolescents,-2.00678262830487,Low-low surplus cluster,1.1504122459155,0.0075,0.028645753634277,Low-low surplus cluster
E01004612,Wandsworth 032C,Wandsworth,children_and_adolescents,-2.31614954058335,Low-low surplus cluster,1.39685436974128,0.0279,0.0707707317073171,Not significant
E01004613,Wandsworth 033D,Wandsworth,children_and_adolescents,-1.55532892986433,Low-low surplus cluster,1.18845530440398,0.0015,0.0096,Low-low surplus cluster
E01004614,Wandsworth 034A,Wandsworth,children_and_adolescents,-1.82814140784114,Low-low surplus cluster,1.22181196003673,0.0168,0.0499794994040524,Low-low surplus cluster
E01004615,Wandsworth 034B,Wandsworth,children_and_adolescents,0.233228496017627,High-low spatial outlier,-0.139996303924939,0.0148,0.0457471207430341,High-low spatial outlier
E01004616,Wandsworth 034C,Wandsworth,children_and_adolescents,-2.80498434275695,Low-low surplus cluster,2.08927832024789,0.0099,0.03456,Low-low surplus cluster
E01004617,Wandsworth 034D,Wandsworth,children_and_adolescents,-2.49509195758285,Low-low surplus cluster,1.44319765702712,0.0012,0.00830846047156727,Low-low surplus cluster
E01004618,Wandsworth 032D,Wandsworth,children_and_adolescents,-0.813055964949916,Low-low surplus cluster,0.584496531265168,0.0015,0.0096,Low-low surplus cluster
E01004619,Wandsworth 015E,Wandsworth,children_and_adolescents,1.51244923639281,Not significant,0.00748219001859658,0.4981,0.498699398315283,Not significant
E01004620,Wandsworth 019C,Wandsworth,children_and_adolescents,-0.223430738552595,Not significant,0.0684521983177164,0.0936,0.160457142857143,Not significant
E01004621,Wandsworth 019D,Wandsworth,children_and_adolescents,-1.34247824748732,Not significant,0.394787804930343,0.0823,0.146259024563902,Not significant
E01004622,Wandsworth 024D,Wandsworth,children_and_adolescents,-0.434931833696911,Not significant,-0.0500747004843296,0.3957,0.429981367000435,Not significant
E01004623,Wandsworth 019E,Wandsworth,children_and_adolescents,0.491807944251428,Not significant,-0.113749182410779,0.1928,0.261821980413493,Not significant
E01004624,Wandsworth 024E,Wandsworth,children_and_adolescents,0.746064105478611,Not significant,0.012477894541308,0.4716,0.481634042553192,Not significant
E01004625,Wandsworth 027E,Wandsworth,children_and_adolescents,2.07778990410437,Not significant,0.622065398164272,0.2082,0.276418723404255,Not significant
E01004626,Wandsworth 027F,Wandsworth,children_and_adolescents,0.123976214653921,Not significant,-0.0105563385427205,0.325,0.375439037927845,Not significant
E01004627,Wandsworth 019F,Wandsworth,children_and_adolescents,-0.422337795282892,Not significant,0.194938243786308,0.074,0.136514412416851,Not significant
E01004628,Wandsworth 022A,Wandsworth,children_and_adolescents,-0.225965394782869,Not significant,0.0218563312837364,0.3589,0.402794244604317,Not significant
E01004629,Wandsworth 020F,Wandsworth,children_and_adolescents,-0.0677720187428015,Not significant,-0.00555979726268479,0.361,0.404423698384201,Not significant
E01004630,Wandsworth 022B,Wandsworth,children_and_adolescents,0.755118806906981,Not significant,-0.0994658691218053,0.3097,0.36308651949272,Not significant
E01004631,Wandsworth 022C,Wandsworth,children_and_adolescents,-0.41381154980099,Not significant,0.0263165992945992,0.3939,0.42886560523446,Not significant
E01004632,Wandsworth 028A,Wandsworth,children_and_adolescents,0.36336920380589,Not significant,0.108647379137994,0.0823,0.146259024563902,Not significant
E01004633,Wandsworth 022D,Wandsworth,children_and_adolescents,0.27377573770118,Not significant,-0.00972403171004233,0.4366,0.458457551535549,Not significant
E01004634,Wandsworth 028B,Wandsworth,children_and_adolescents,-0.0836793081730435,Not significant,0.00346007034791804,0.4385,0.459599244491081,Not significant
E01004635,Wandsworth 028C,Wandsworth,children_and_adolescents,-0.649593166154231,Not significant,-0.0511123393712466,0.3855,0.422855636123929,Not significant
E01004636,Wandsworth 028D,Wandsworth,children_and_adolescents,0.62054855211497,Not significant,0.0721659634367357,0.3538,0.39868388261851,Not significant
E01004637,Wandsworth 028E,Wandsworth,children_and_adolescents,0.769139086712664,Not significant,0.132994025216245,0.3018,0.356672727272727,Not significant
E01004638,Wandsworth 011B,Wandsworth,children_and_adolescents,-0.104193327825749,Not significant,0.0308093726409016,0.0922,0.158875526406628,Not significant
E01004639,Wandsworth 011C,Wandsworth,children_and_adolescents,-0.86525783824861,Not significant,0.0499475643442992,0.3943,0.429020401046208,Not significant
E01004640,Wandsworth 011D,Wandsworth,children_and_adolescents,-0.778158618116605,Not significant,0.229802367380289,0.1421,0.21251144397843,Not significant
E01004641,Wandsworth 011E,Wandsworth,children_and_adolescents,0.0494474894581519,Not significant,-0.0156302571097427,0.1544,0.224909483513277,Not significant
E01004642,Wandsworth 016B,Wandsworth,children_and_adolescents,-0.0847948214835602,Not significant,0.0153753480867297,0.2372,0.301989900535578,Not significant
E01004643,Wandsworth 016C,Wandsworth,children_and_adolescents,-0.0966292905150719,Not significant,0.0273026250488964,0.1356,0.206125213154689,Not significant
E01004644,Wandsworth 016D,Wandsworth,children_and_adolescents,-0.453678075661488,Not significant,-0.00738388577258394,0.4904,0.493563870967742,Not significant
E01004645,Wandsworth 016E,Wandsworth,children_and_adolescents,-0.435620937966274,Not significant,-0.0102393521392169,0.4754,0.483832171253823,Not significant
E01004646,Westminster 002A,Westminster,children_and_adolescents,-0.144711353783048,Not significant,0.0581398061042498,0.0506,0.105644165621079,Not significant
E01004647,Westminster 001A,Westminster,children_and_adolescents,-1.40841396394889,Low-low surplus cluster,0.836197241447557,0.0072,0.0277976798143852,Low-low surplus cluster
E01004648,Westminster 002B,Westminster,children_and_adolescents,-0.904096469798585,Low-low surplus cluster,0.483148670815905,0.0222,0.0608245883644347,Not significant
E01004649,Westminster 001B,Westminster,children_and_adolescents,-0.79876039114098,Low-low surplus cluster,0.445579443957762,0.0247,0.0649986294148656,Not significant
E01004650,Westminster 002C,Westminster,children_and_adolescents,-2.05292802976917,Low-low surplus cluster,1.21615145956424,0.0084,0.0309238938053097,Low-low surplus cluster
E01004651,Westminster 003A,Westminster,children_and_adolescents,-2.74704446986047,Not significant,1.51146717445044,0.042,0.093977588525325,Not significant
E01004652,Westminster 017A,Westminster,children_and_adolescents,-3.57756865409286,Low-low surplus cluster,3.13988423948465,0.0018,0.0108129963898917,Low-low surplus cluster
E01004653,Westminster 014A,Westminster,children_and_adolescents,-2.94275274223118,Low-low surplus cluster,3.27441072610419,0.0001,0.00156,Low-low surplus cluster
E01004654,Westminster 014B,Westminster,children_and_adolescents,-2.63948940754583,Low-low surplus cluster,2.70072308618619,0.0001,0.00156,Low-low surplus cluster
E01004656,Westminster 014D,Westminster,children_and_adolescents,-2.40250070571963,Low-low surplus cluster,1.97650425923875,0.0003,0.0031661733615222,Low-low surplus cluster
E01004657,Westminster 012A,Westminster,children_and_adolescents,-3.91973053560333,Low-low surplus cluster,5.42899788639998,0.0001,0.00156,Low-low surplus cluster
E01004658,Westminster 012B,Westminster,children_and_adolescents,-4.82247060660123,Low-low surplus cluster,5.84245876491575,0.0001,0.00156,Low-low surplus cluster
E01004659,Westminster 008A,Westminster,children_and_adolescents,-3.85590784009031,Low-low surplus cluster,3.98687176006382,0.0002,0.00242330097087379,Low-low surplus cluster
E01004660,Westminster 008B,Westminster,children_and_adolescents,-2.79913310357929,Low-low surplus cluster,3.69984375623622,0.0003,0.0031661733615222,Low-low surplus cluster
E01004661,Westminster 012C,Westminster,children_and_adolescents,-3.60145314192707,Low-low surplus cluster,4.64197057390293,0.0001,0.00156,Low-low surplus cluster
E01004662,Westminster 012D,Westminster,children_and_adolescents,-4.38386219664768,Low-low surplus cluster,5.70797222688505,0.0001,0.00156,Low-low surplus cluster
E01004663,Westminster 012E,Westminster,children_and_adolescents,-3.85857199359395,Low-low surplus cluster,5.65649125210649,0.0001,0.00156,Low-low surplus cluster
E01004665,Westminster 024A,Westminster,children_and_adolescents,-1.52215980844121,Low-low surplus cluster,1.65559298266273,0.0017,0.0105421118012422,Low-low surplus cluster
E01004668,Westminster 023D,Westminster,children_and_adolescents,-2.23670873584246,Low-low surplus cluster,1.84066771327234,0.001,0.00731964809384164,Low-low surplus cluster
E01004669,Westminster 024B,Westminster,children_and_adolescents,-2.09996467679967,Low-low surplus cluster,2.34017545061019,0.0001,0.00156,Low-low surplus cluster
E01004670,Westminster 009A,Westminster,children_and_adolescents,-1.32008344025087,Low-low surplus cluster,1.28891408678724,0.0001,0.00156,Low-low surplus cluster
E01004674,Westminster 005A,Westminster,children_and_adolescents,-2.48147812223187,Low-low surplus cluster,2.2340154389896,0.0085,0.0311541850220264,Low-low surplus cluster
E01004675,Westminster 005B,Westminster,children_and_adolescents,-2.48154959257034,Low-low surplus cluster,2.10916344362078,0.0004,0.00385482625482626,Low-low surplus cluster
E01004676,Westminster 006A,Westminster,children_and_adolescents,-2.99211362562778,Low-low surplus cluster,2.71421174105131,0.0035,0.0173677932405567,Low-low surplus cluster
E01004677,Westminster 005C,Westminster,children_and_adolescents,-2.26057233770159,Low-low surplus cluster,1.46744321302101,0.0205,0.0575568053993251,Not significant
E01004678,Westminster 005D,Westminster,children_and_adolescents,-2.04648089214739,Low-low surplus cluster,1.66654811153307,0.0007,0.00557320574162679,Low-low surplus cluster
E01004679,Westminster 005E,Westminster,children_and_adolescents,-2.63172312805697,Low-low surplus cluster,2.19243707483223,0.0001,0.00156,Low-low surplus cluster
E01004680,Westminster 015A,Westminster,children_and_adolescents,-3.60928946577353,Low-low surplus cluster,3.70994958604728,0.0007,0.00557320574162679,Low-low surplus cluster
E01004681,Westminster 016A,Westminster,children_and_adolescents,-2.51712209861051,Low-low surplus cluster,2.38415512114307,0.0001,0.00156,Low-low surplus cluster
E01004682,Westminster 016B,Westminster,children_and_adolescents,-2.96245387206633,Low-low surplus cluster,2.64644183395331,0.0009,0.00673583208395802,Low-low surplus cluster
E01004683,Westminster 015B,Westminster,children_and_adolescents,-0.898614111003153,Low-low surplus cluster,1.0325182697945,0.0001,0.00156,Low-low surplus cluster
E01004684,Westminster 015C,Westminster,children_and_adolescents,-2.70478823554646,Low-low surplus cluster,3.5142445541236,0.0001,0.00156,Low-low surplus cluster
E01004686,Westminster 015E,Westminster,children_and_adolescents,-3.66787279920109,Low-low surplus cluster,4.16276512925976,0.0006,0.0050255033557047,Low-low surplus cluster
E01004687,Westminster 019A,Westminster,children_and_adolescents,-3.17048998835505,Low-low surplus cluster,3.4621900668355,0.0001,0.00156,Low-low surplus cluster
E01004690,Westminster 019D,Westminster,children_and_adolescents,-2.13982840185891,Low-low surplus cluster,2.36728635877276,0.0002,0.00242330097087379,Low-low surplus cluster
E01004691,Westminster 019E,Westminster,children_and_adolescents,-1.56142096320105,Low-low surplus cluster,1.54382606291993,0.0001,0.00156,Low-low surplus cluster
E01004692,Westminster 019F,Westminster,children_and_adolescents,-1.29219161317508,Not significant,0.736660980156644,0.1974,0.266762533838657,Not significant
E01004693,Westminster 017B,Westminster,children_and_adolescents,-1.76651986750408,Low-low surplus cluster,1.68128265307525,0.0002,0.00242330097087379,Low-low surplus cluster
E01004694,Westminster 016C,Westminster,children_and_adolescents,-3.09663974905878,Low-low surplus cluster,2.71629156771891,0.0009,0.00673583208395802,Low-low surplus cluster
E01004695,Westminster 017C,Westminster,children_and_adolescents,-3.39802152348699,Low-low surplus cluster,2.4827354940487,0.0049,0.0213631441048035,Low-low surplus cluster
E01004696,Westminster 017D,Westminster,children_and_adolescents,-1.73382726562874,Low-low surplus cluster,1.7491245024684,0.0006,0.0050255033557047,Low-low surplus cluster
E01004697,Westminster 016D,Westminster,children_and_adolescents,-2.19981403708624,Low-low surplus cluster,2.17471481139991,0.0002,0.00242330097087379,Low-low surplus cluster
E01004698,Westminster 017E,Westminster,children_and_adolescents,-2.64528842590484,Low-low surplus cluster,2.49129573586977,0.0003,0.0031661733615222,Low-low surplus cluster
E01004699,Westminster 017F,Westminster,children_and_adolescents,-2.65782654423827,Low-low surplus cluster,2.71141758673081,0.0001,0.00156,Low-low surplus cluster
E01004700,Westminster 016E,Westminster,children_and_adolescents,-2.1165690439949,Low-low surplus cluster,2.11362962532301,0.0035,0.0173677932405567,Low-low surplus cluster
E01004701,Westminster 007A,Westminster,children_and_adolescents,-2.44637687272756,Low-low surplus cluster,1.87018952677885,0.0006,0.0050255033557047,Low-low surplus cluster
E01004702,Westminster 009E,Westminster,children_and_adolescents,-2.35151889189337,Low-low surplus cluster,2.23129137271727,0.0001,0.00156,Low-low surplus cluster
E01004703,Westminster 007B,Westminster,children_and_adolescents,-1.48830749558936,Low-low surplus cluster,1.29812774577408,0.0004,0.00385482625482626,Low-low surplus cluster
E01004705,Westminster 007D,Westminster,children_and_adolescents,-2.11098600273179,Low-low surplus cluster,1.88835586591895,0.0011,0.00778893617021277,Low-low surplus cluster
E01004706,Westminster 006B,Westminster,children_and_adolescents,-2.09270404605772,Low-low surplus cluster,1.39881713530494,0.0091,0.0325876614060258,Low-low surplus cluster
E01004707,Westminster 006C,Westminster,children_and_adolescents,-1.08547020872566,Low-low surplus cluster,0.973411579638898,0.0017,0.0105421118012422,Low-low surplus cluster
E01004708,Westminster 006D,Westminster,children_and_adolescents,-2.37291783835246,Low-low surplus cluster,1.7286843752062,0.0004,0.00385482625482626,Low-low surplus cluster
E01004709,Westminster 007E,Westminster,children_and_adolescents,-2.37717065439469,Low-low surplus cluster,1.48443113462294,0.0053,0.0225747440273038,Low-low surplus cluster
E01004710,Westminster 002D,Westminster,children_and_adolescents,-1.59212158575181,Low-low surplus cluster,1.16126677512062,0.0025,0.0136542669584245,Low-low surplus cluster
E01004711,Westminster 002E,Westminster,children_and_adolescents,-1.43164549420987,Low-low surplus cluster,0.990803200941987,0.0083,0.0306688378978534,Low-low surplus cluster
E01004712,Westminster 008C,Westminster,children_and_adolescents,-4.13065545151013,Low-low surplus cluster,5.66164730358331,0.0001,0.00156,Low-low surplus cluster
E01004713,Westminster 011A,Westminster,children_and_adolescents,-3.65054203361046,Low-low surplus cluster,5.56461274934438,0.0001,0.00156,Low-low surplus cluster
E01004714,Westminster 011B,Westminster,children_and_adolescents,-3.65281938438755,Low-low surplus cluster,5.56252394503885,0.0001,0.00156,Low-low surplus cluster
E01004715,Westminster 013A,Westminster,children_and_adolescents,-4.03112713467872,Low-low surplus cluster,6.01227068490042,0.0001,0.00156,Low-low surplus cluster
E01004716,Westminster 011C,Westminster,children_and_adolescents,-2.95359009342506,Low-low surplus cluster,3.84038286515899,0.0001,0.00156,Low-low surplus cluster
E01004717,Westminster 011D,Westminster,children_and_adolescents,-5.04921004028437,Low-low surplus cluster,6.24133244440822,0.0001,0.00156,Low-low surplus cluster
E01004718,Westminster 004A,Westminster,children_and_adolescents,-2.13898693850221,Low-low surplus cluster,1.44024135926328,0.0104,0.0356082304526749,Low-low surplus cluster
E01004719,Westminster 004B,Westminster,children_and_adolescents,-1.16801982806468,Not significant,0.628070385767126,0.0314,0.0771022134776193,Not significant
E01004720,Westminster 004C,Westminster,children_and_adolescents,-0.873121919648383,Low-low surplus cluster,0.544124870596429,0.0266,0.0684823104693141,Not significant
E01004721,Westminster 004D,Westminster,children_and_adolescents,-1.63970976765482,Low-low surplus cluster,1.06363350131601,0.0036,0.017670796460177,Low-low surplus cluster
E01004722,Westminster 004E,Westminster,children_and_adolescents,-0.658359870398111,Low-low surplus cluster,0.428212803185841,0.02,0.0564705882352941,Not significant
E01004723,Westminster 005F,Westminster,children_and_adolescents,-1.9480689464358,Low-low surplus cluster,1.24509843442317,0.0031,0.0160198757763975,Low-low surplus cluster
E01004724,Westminster 001C,Westminster,children_and_adolescents,-2.98891507350205,Low-low surplus cluster,2.175008492402,0.0055,0.023150084317032,Low-low surplus cluster
E01004725,Westminster 003B,Westminster,children_and_adolescents,-2.56242215757924,Low-low surplus cluster,2.17611786460159,0.0009,0.00673583208395802,Low-low surplus cluster
E01004726,Westminster 003C,Westminster,children_and_adolescents,-1.57394248263581,Low-low surplus cluster,1.44544798502834,0.0001,0.00156,Low-low surplus cluster
E01004727,Westminster 008D,Westminster,children_and_adolescents,-1.99787040563326,Low-low surplus cluster,2.37417192771964,0.0001,0.00156,Low-low surplus cluster
E01004728,Westminster 003D,Westminster,children_and_adolescents,-2.93668906114609,Low-low surplus cluster,2.23703802184605,0.0006,0.0050255033557047,Low-low surplus cluster
E01004729,Westminster 003E,Westminster,children_and_adolescents,-2.38957878285311,Low-low surplus cluster,2.04350416253639,0.0053,0.0225747440273038,Low-low surplus cluster
E01004730,Westminster 001D,Westminster,children_and_adolescents,-2.1026384670031,Low-low surplus cluster,1.45223661329111,0.0025,0.0136542669584245,Low-low surplus cluster
E01004731,Westminster 020A,Westminster,children_and_adolescents,-3.28663659581207,Low-low surplus cluster,3.44278049119256,0.0001,0.00156,Low-low surplus cluster
E01004732,Westminster 020B,Westminster,children_and_adolescents,-2.6610792068428,Low-low surplus cluster,3.13391416154747,0.0054,0.0228835314091681,Low-low surplus cluster
E01004733,Westminster 020C,Westminster,children_and_adolescents,-2.95752115663362,Low-low surplus cluster,3.28858664016777,0.0001,0.00156,Low-low surplus cluster
E01004734,Westminster 018A,Westminster,children_and_adolescents,-4.02466097630851,Low-low surplus cluster,5.68736390052585,0.0001,0.00156,Low-low surplus cluster
E01004735,Westminster 018B,Westminster,children_and_adolescents,-3.42974980152238,Low-low surplus cluster,5.41015661656708,0.0001,0.00156,Low-low surplus cluster
E01004736,Westminster 018C,Westminster,children_and_adolescents,-2.9274423937668,Low-low surplus cluster,4.16400311363275,0.0001,0.00156,Low-low surplus cluster
E01004737,Westminster 024C,Westminster,children_and_adolescents,-1.79207304320144,Low-low surplus cluster,2.32712762058172,0.0001,0.00156,Low-low surplus cluster
E01004740,Westminster 021A,Westminster,children_and_adolescents,-2.82835733208639,Low-low surplus cluster,3.60553504768325,0.0001,0.00156,Low-low surplus cluster
E01004741,Westminster 024F,Westminster,children_and_adolescents,-3.33356967037302,Low-low surplus cluster,4.05077459238051,0.0001,0.00156,Low-low surplus cluster
E01004742,Westminster 022A,Westminster,children_and_adolescents,-3.95369405213011,Low-low surplus cluster,4.52795827473704,0.0001,0.00156,Low-low surplus cluster
E01004743,Westminster 021B,Westminster,children_and_adolescents,-2.46701107939854,Low-low surplus cluster,2.51562659488326,0.0028,0.0148224814422057,Low-low surplus cluster
E01004744,Westminster 020D,Westminster,children_and_adolescents,-2.58148465909036,Low-low surplus cluster,3.01124480868828,0.0001,0.00156,Low-low surplus cluster
E01004746,Westminster 021D,Westminster,children_and_adolescents,-2.68686082667529,Low-low surplus cluster,2.91060187896122,0.0001,0.00156,Low-low surplus cluster
E01004747,Westminster 021E,Westminster,children_and_adolescents,-3.85641023844205,Low-low surplus cluster,3.90946448727106,0.0001,0.00156,Low-low surplus cluster
E01004748,Westminster 020E,Westminster,children_and_adolescents,-2.85826676924411,Low-low surplus cluster,3.43745473793285,0.0003,0.0031661733615222,Low-low surplus cluster
E01004749,Westminster 022B,Westminster,children_and_adolescents,-3.17244091578682,Low-low surplus cluster,3.95810769124238,0.0001,0.00156,Low-low surplus cluster
E01004750,Westminster 023E,Westminster,children_and_adolescents,-3.71243550164877,Low-low surplus cluster,3.76510979462336,0.0001,0.00156,Low-low surplus cluster
E01004751,Westminster 022C,Westminster,children_and_adolescents,-3.10793828388914,Low-low surplus cluster,3.21313750710686,0.0002,0.00242330097087379,Low-low surplus cluster
E01004752,Westminster 022D,Westminster,children_and_adolescents,-3.10594005495404,Low-low surplus cluster,3.96549718577763,0.0001,0.00156,Low-low surplus cluster
E01004753,Westminster 022E,Westminster,children_and_adolescents,-4.31293072511239,Low-low surplus cluster,4.13362302994589,0.0001,0.00156,Low-low surplus cluster
E01004754,Westminster 010A,Westminster,children_and_adolescents,-2.12660139638806,Low-low surplus cluster,1.44502331372967,0.01,0.034787456445993,Low-low surplus cluster
E01004755,Westminster 010B,Westminster,children_and_adolescents,-2.07847980208018,Low-low surplus cluster,1.72541218653273,0.0007,0.00557320574162679,Low-low surplus cluster
E01004756,Westminster 006E,Westminster,children_and_adolescents,-2.6861526732827,Low-low surplus cluster,2.46545019280451,0.0009,0.00673583208395802,Low-low surplus cluster
E01004757,Westminster 010C,Westminster,children_and_adolescents,-1.18712362457937,Low-low surplus cluster,0.891925620163751,0.0011,0.00778893617021277,Low-low surplus cluster
E01004760,Westminster 014E,Westminster,children_and_adolescents,-2.29423102394033,Low-low surplus cluster,2.49434485273716,0.0001,0.00156,Low-low surplus cluster
E01004761,Westminster 018D,Westminster,children_and_adolescents,-3.59350580536001,Low-low surplus cluster,3.67730704431019,0.0002,0.00242330097087379,Low-low surplus cluster
E01004762,Westminster 011E,Westminster,children_and_adolescents,-3.34418940433402,Low-low surplus cluster,4.11826747106661,0.0001,0.00156,Low-low surplus cluster
E01004763,Westminster 013B,Westminster,children_and_adolescents,-5.11658964668606,Low-low surplus cluster,8.29407269284929,0.0001,0.00156,Low-low surplus cluster
E01004765,Westminster 013D,Westminster,children_and_adolescents,-4.51927745974598,Low-low surplus cluster,6.8518159863614,0.0001,0.00156,Low-low surplus cluster
E01032512,Westminster 010F,Westminster,children_and_adolescents,-0.458680941508066,Low-low surplus cluster,0.349004383337628,0.0011,0.00778893617021277,Low-low surplus cluster
E01032513,Westminster 010G,Westminster,children_and_adolescents,-1.13887502504617,Low-low surplus cluster,0.970345856690914,0.0016,0.010097597977244,Low-low surplus cluster
E01032562,Bromley 040D,Bromley,children_and_adolescents,1.25374497591888,Not significant,0.192545021810214,0.2821,0.339865476477684,Not significant
E01032563,Bromley 040E,Bromley,children_and_adolescents,0.2389819494209,Not significant,0.0808475430113483,0.1056,0.174554701986755,Not significant
E01032564,Lewisham 037E,Lewisham,children_and_adolescents,0.518280970010464,Not significant,0.209350891073064,0.0656,0.125710249520154,Not significant
E01032565,Lewisham 038E,Lewisham,children_and_adolescents,1.00653613879476,Not significant,0.393461527577731,0.0539,0.109958643236616,Not significant
E01032566,Bexley 029D,Bexley,children_and_adolescents,1.45728005332818,Not significant,0.467390402351628,0.0637,0.123347711404189,Not significant
E01032567,Greenwich 033D,Greenwich,children_and_adolescents,0.080754570077549,High-high mismatch cluster,0.0481996094318307,0.0079,0.0297187641296157,High-high mismatch cluster
E01032568,Bromley 041E,Bromley,children_and_adolescents,0.820730044619618,High-high mismatch cluster,0.455392555165773,0.0055,0.023150084317032,High-high mismatch cluster
E01032569,Croydon 045E,Croydon,children_and_adolescents,3.17393127408706,Not significant,0.797268080962904,0.1365,0.207177865612648,Not significant
E01032570,Bromley 042D,Bromley,children_and_adolescents,0.830076245964381,High-high mismatch cluster,0.500917760297411,0.008,0.0299594898724681,High-high mismatch cluster
E01032572,Ealing 040D,Ealing,children_and_adolescents,-2.59611770242121,Not significant,1.03114126103357,0.0371,0.0864223985067662,Not significant
E01032573,Hounslow 029E,Hounslow,children_and_adolescents,-3.0873448924451,Low-low surplus cluster,1.5485541128689,0.0273,0.0697449334698055,Not significant
E01032574,Enfield 037E,Enfield,children_and_adolescents,0.988216753427752,High-high mismatch cluster,0.548009360009514,0.0019,0.0112113475177305,High-high mismatch cluster
E01032575,Haringey 037D,Haringey,children_and_adolescents,0.507767707544727,Not significant,0.0942352135008952,0.2337,0.299212721210567,Not significant
E01032576,Harrow 032E,Harrow,children_and_adolescents,1.586704833626,Not significant,0.803439589322411,0.0245,0.0647111111111111,Not significant
E01032577,Hillingdon 033E,Hillingdon,children_and_adolescents,1.23119560644219,High-high mismatch cluster,0.583521480723744,0.0111,0.0373642616318274,High-high mismatch cluster
E01032579,Lewisham 039E,Lewisham,children_and_adolescents,-2.36813963620605,Low-low surplus cluster,2.00021256751168,0.0006,0.0050255033557047,Low-low surplus cluster
E01032580,Barking and Dagenham 023F,Barking and Dagenham,children_and_adolescents,3.35397468436277,High-high mismatch cluster,3.0225467951227,0.0001,0.00156,High-high mismatch cluster
E01032581,Redbridge 034G,Redbridge,children_and_adolescents,2.43286671841394,High-high mismatch cluster,1.78458087983606,0.0001,0.00156,High-high mismatch cluster
E01032582,Lambeth 036E,Lambeth,children_and_adolescents,-3.60448364161326,Low-low surplus cluster,4.6951223556783,0.0001,0.00156,Low-low surplus cluster
E01032583,Southwark 034D,Southwark,children_and_adolescents,-2.78109604366111,Low-low surplus cluster,3.51238389395085,0.0001,0.00156,Low-low surplus cluster
E01032584,Southwark 034E,Southwark,children_and_adolescents,-2.9940275052665,Low-low surplus cluster,3.70406721314765,0.0001,0.00156,Low-low surplus cluster
E01032623,Sutton 025E,Sutton,children_and_adolescents,1.6737507817844,High-high mismatch cluster,0.841434331104087,0.0173,0.0508308416715715,Not significant
E01032637,Southwark 035E,Southwark,children_and_adolescents,-3.85945465077701,Low-low surplus cluster,4.75943093742544,0.0006,0.0050255033557047,Low-low surplus cluster
E01032638,Southwark 035D,Southwark,children_and_adolescents,-2.7678240393274,Low-low surplus cluster,1.96597449269341,0.0243,0.064558594997339,Not significant
E01032639,Southwark 014F,Southwark,children_and_adolescents,-3.92465260009658,Low-low surplus cluster,5.24552603681539,0.0001,0.00156,Low-low surplus cluster
E01032640,Southwark 035B,Southwark,children_and_adolescents,-3.95018433709274,Low-low surplus cluster,4.97125466261255,0.0001,0.00156,Low-low surplus cluster
E01032646,Southwark 036B,Southwark,children_and_adolescents,-3.45525277560935,Low-low surplus cluster,3.93980863368284,0.0001,0.00156,Low-low surplus cluster
E01032719,Southwark 014G,Southwark,children_and_adolescents,-3.04095454608999,Low-low surplus cluster,4.07066420468046,0.0001,0.00156,Low-low surplus cluster
E01032739,City of London 001F,City of London,children_and_adolescents,-3.85350914733971,Low-low surplus cluster,5.70142836319348,0.0001,0.00156,Low-low surplus cluster
E01032740,City of London 001G,City of London,children_and_adolescents,-4.86223416389961,Low-low surplus cluster,7.03473688090791,0.0001,0.00156,Low-low surplus cluster
E01032741,Havering 013E,Havering,children_and_adolescents,-0.119521496381233,Not significant,-0.0363195459303094,0.1724,0.242770324400564,Not significant
E01032742,Havering 013F,Havering,children_and_adolescents,0.17182377601548,Not significant,0.0523474234975836,0.0921,0.158758011049724,Not significant
E01032743,Ealing 010F,Ealing,children_and_adolescents,1.99186694594624,Not significant,0.911570153704029,0.0412,0.0927696887686062,Not significant
E01032744,Ealing 010G,Ealing,children_and_adolescents,0.70221518375356,Not significant,0.29711693518813,0.0292,0.073323138832998,Not significant
E01032764,Tower Hamlets 004E,Tower Hamlets,children_and_adolescents,-1.93421891987303,Low-low surplus cluster,1.12020873754695,0.0019,0.0112113475177305,Low-low surplus cluster
E01032765,Tower Hamlets 004F,Tower Hamlets,children_and_adolescents,-1.63808872877245,Low-low surplus cluster,1.02257844380185,0.0074,0.0283941583397387,Low-low surplus cluster
E01032767,Tower Hamlets 021F,Tower Hamlets,children_and_adolescents,-4.83571397658112,Low-low surplus cluster,5.28476572424501,0.0001,0.00156,Low-low surplus cluster
E01032768,Tower Hamlets 025E,Tower Hamlets,children_and_adolescents,-2.10773091675239,Low-low surplus cluster,1.39527309865528,0.0223,0.0609981369863014,Not significant
E01032769,Tower Hamlets 025F,Tower Hamlets,children_and_adolescents,-1.0511586021717,Not significant,0.3675440980817,0.1048,0.173692430278884,Not significant
E01032770,Tower Hamlets 032B,Tower Hamlets,children_and_adolescents,-3.53490121340042,Low-low surplus cluster,2.32412828491803,0.0067,0.0264817102137767,Low-low surplus cluster
E01032771,Tower Hamlets 033B,Tower Hamlets,children_and_adolescents,-2.58314496732902,Low-low surplus cluster,2.24113898479761,0.0002,0.00242330097087379,Low-low surplus cluster
E01032772,Tower Hamlets 032C,Tower Hamlets,children_and_adolescents,-2.05919608891645,Low-low surplus cluster,1.84116579941672,0.0018,0.0108129963898917,Low-low surplus cluster
E01032774,Tower Hamlets 032E,Tower Hamlets,children_and_adolescents,-1.5651331212768,Low-low surplus cluster,1.3301192249205,0.0001,0.00156,Low-low surplus cluster
E01032775,Tower Hamlets 031F,Tower Hamlets,children_and_adolescents,-1.34581166506814,Not significant,0.90300930510882,0.0734,0.13565820066642,Not significant
E01032776,Tower Hamlets 034D,Tower Hamlets,children_and_adolescents,-1.66415704240073,Not significant,0.479726708711589,0.146,0.216849747099078,Not significant
E01032777,Tower Hamlets 035A,Tower Hamlets,children_and_adolescents,-0.403169863206802,Not significant,0.0932782131695903,0.2514,0.314533533834587,Not significant
E01032779,Tower Hamlets 035C,Tower Hamlets,children_and_adolescents,-0.695355763238277,Not significant,0.47401234094646,0.0308,0.0761533432392274,Not significant
E01032780,Tower Hamlets 035D,Tower Hamlets,children_and_adolescents,-2.54705640267089,Low-low surplus cluster,1.80506329310268,0.0026,0.0139711517761033,Low-low surplus cluster
E01032781,Tower Hamlets 033C,Tower Hamlets,children_and_adolescents,-1.77122747590186,Low-low surplus cluster,1.54801608790127,0.0012,0.00830846047156727,Low-low surplus cluster
E01032782,Tower Hamlets 033D,Tower Hamlets,children_and_adolescents,-2.43135264518407,Low-low surplus cluster,2.00473771851241,0.0056,0.0233934728033473,Low-low surplus cluster
E01032783,Tower Hamlets 031G,Tower Hamlets,children_and_adolescents,-2.32814686016784,Low-low surplus cluster,1.35857165433909,0.0118,0.0391399335548173,Low-low surplus cluster
E01032784,Tower Hamlets 004G,Tower Hamlets,children_and_adolescents,-2.05106472562996,Low-low surplus cluster,1.14748739124364,0.025,0.065443104352386,Not significant
E01032785,Tower Hamlets 010E,Tower Hamlets,children_and_adolescents,-0.00186491639221686,Not significant,0.000675529666175578,0.1071,0.176275370919881,Not significant
E01032786,Tower Hamlets 010F,Tower Hamlets,children_and_adolescents,0.286420825727794,Not significant,-0.104450909000995,0.0796,0.143193945945946,Not significant
E01032787,Tower Hamlets 011F,Tower Hamlets,children_and_adolescents,-0.836010644490778,Low-low surplus cluster,0.549349786613005,0.0099,0.03456,Low-low surplus cluster
E01032788,Hammersmith and Fulham 023D,Hammersmith and Fulham,children_and_adolescents,-1.50499042108573,Not significant,0.792718341122903,0.0309,0.0762118577075099,Not significant
E01032789,Hammersmith and Fulham 023E,Hammersmith and Fulham,children_and_adolescents,-0.708858685796074,Not significant,0.278354708039953,0.1373,0.208012625189681,Not significant
E01032790,Hammersmith and Fulham 023F,Hammersmith and Fulham,children_and_adolescents,-0.456462868690996,Not significant,0.210145328516679,0.0747,0.137298379970545,Not significant
E01032803,Southwark 036C,Southwark,children_and_adolescents,-3.82223975941082,Low-low surplus cluster,4.35661937581141,0.0003,0.0031661733615222,Low-low surplus cluster
E01032834,Southwark 035C,Southwark,children_and_adolescents,-3.3509162185553,Low-low surplus cluster,3.67449781761845,0.0001,0.00156,Low-low surplus cluster
E01033000,Hounslow 025F,Hounslow,children_and_adolescents,1.33901650192692,Not significant,0.38069977324728,0.1483,0.218898166765228,Not significant
E01033030,Hounslow 025G,Hounslow,children_and_adolescents,1.45365192320613,Not significant,0.241813780559271,0.2584,0.320568959523218,Not significant
E01033081,Hounslow 031D,Hounslow,children_and_adolescents,-1.30558544878376,Not significant,0.092716668917243,0.4058,0.436021007318123,Not significant
E01033082,Hounslow 031C,Hounslow,children_and_adolescents,-0.533906180135141,Not significant,0.0803898468871221,0.283,0.340418313253012,Not significant
E01033083,Hounslow 018F,Hounslow,children_and_adolescents,0.936908288610033,Not significant,0.0603736993934025,0.4099,0.438726586620926,Not significant
E01033084,Hounslow 018G,Hounslow,children_and_adolescents,0.811456305963558,Not significant,0.247927433202458,0.0906,0.156822191400832,Not significant
E01033086,Haringey 020F,Haringey,children_and_adolescents,-0.794149325365242,Not significant,0.47621881592607,0.0296,0.0738446776611694,Not significant
E01033098,Wandsworth 038C,Wandsworth,children_and_adolescents,-2.13958103504336,Low-low surplus cluster,1.59620061772799,0.0102,0.0351889426399447,Low-low surplus cluster
E01033099,Wandsworth 004E,Wandsworth,children_and_adolescents,-1.58695374817508,Low-low surplus cluster,1.3668017972894,0.0045,0.0202196219621962,Low-low surplus cluster
E01033100,Wandsworth 039B,Wandsworth,children_and_adolescents,-3.07978312893902,Low-low surplus cluster,1.90958401199069,0.0162,0.0486877784467188,Low-low surplus cluster
E01033132,Wandsworth 038D,Wandsworth,children_and_adolescents,-1.43210908477951,Low-low surplus cluster,1.10971436944874,0.0014,0.00919578947368421,Low-low surplus cluster
E01033133,Wandsworth 004G,Wandsworth,children_and_adolescents,-2.73579675721793,Low-low surplus cluster,1.74141545015229,0.0136,0.0431603305785124,Low-low surplus cluster
E01033135,Wandsworth 010G,Wandsworth,children_and_adolescents,-0.67442339183182,Low-low surplus cluster,0.375714167158167,0.0253,0.066055230125523,Not significant
E01033146,Enfield 025F,Enfield,children_and_adolescents,3.18175523908486,High-high mismatch cluster,2.73179240852956,0.003,0.0155837669094693,High-high mismatch cluster
E01033148,Enfield 003F,Enfield,children_and_adolescents,2.30763764021096,High-high mismatch cluster,2.04700601905987,0.0008,0.0061724884080371,High-high mismatch cluster
E01033150,Enfield 003G,Enfield,children_and_adolescents,2.8655526837132,High-high mismatch cluster,2.48295161737536,0.0127,0.0411945419103314,High-high mismatch cluster
E01033151,Enfield 025G,Enfield,children_and_adolescents,3.02378783809705,High-high mismatch cluster,1.90379909874214,0.0007,0.00557320574162679,High-high mismatch cluster
E01033208,Lambeth 004G,Lambeth,children_and_adolescents,-2.25866365312845,Low-low surplus cluster,2.76931965861973,0.0002,0.00242330097087379,Low-low surplus cluster
E01033320,Lewisham 017E,Lewisham,children_and_adolescents,-0.833229102229642,Not significant,-0.0130326844822556,0.4869,0.49142838657501,Not significant
E01033322,Lewisham 017F,Lewisham,children_and_adolescents,-0.572584133122368,Not significant,0.0735123040577378,0.3475,0.393360544217687,Not significant
E01033324,Lewisham 008E,Lewisham,children_and_adolescents,-1.52156786223299,Low-low surplus cluster,0.802800196121951,0.0148,0.0457471207430341,Low-low surplus cluster
E01033325,Lewisham 008F,Lewisham,children_and_adolescents,-2.01588189919597,Not significant,1.15504381522146,0.0368,0.0858838709677419,Not significant
E01033327,Lewisham 041B,Lewisham,children_and_adolescents,-2.02412206195239,Not significant,0.554727146918481,0.0972,0.16470549898167,Not significant
E01033341,Lewisham 041C,Lewisham,children_and_adolescents,-0.860095843101898,Not significant,0.337892608450774,0.0798,0.143450342095787,Not significant
E01033455,Brent 031G,Brent,children_and_adolescents,-1.5674791777473,Not significant,0.669020155423275,0.0852,0.150289187279152,Not significant
E01033456,Brent 027F,Brent,children_and_adolescents,0.733022542731764,Not significant,0.251612909739009,0.0822,0.14618539365871,Not significant
E01033457,Brent 035A,Brent,children_and_adolescents,0.461847299997695,Not significant,-0.101296545658134,0.1908,0.260309811423886,Not significant
E01033463,Brent 003G,Brent,children_and_adolescents,-0.359095772979496,Not significant,-0.0855570970448063,0.1188,0.188809169054441,Not significant
E01033485,Brent 031H,Brent,children_and_adolescents,-1.65253431528627,Not significant,0.538203802765699,0.1008,0.169027074235808,Not significant
E01033486,Islington 011E,Islington,children_and_adolescents,-2.42024744866908,Low-low surplus cluster,2.66425598499834,0.0002,0.00242330097087379,Low-low surplus cluster
E01033487,Islington 011F,Islington,children_and_adolescents,-2.56854897770769,Low-low surplus cluster,2.37035979042589,0.0074,0.0283941583397387,Low-low surplus cluster
E01033488,Islington 011G,Islington,children_and_adolescents,-3.0429371404547,Low-low surplus cluster,2.82030180767444,0.0003,0.0031661733615222,Low-low surplus cluster
E01033489,Islington 022G,Islington,children_and_adolescents,-4.03834851976704,Low-low surplus cluster,4.3321985698551,0.0002,0.00242330097087379,Low-low surplus cluster
E01033490,Islington 022H,Islington,children_and_adolescents,-3.64249671690768,Low-low surplus cluster,5.32247446508793,0.0001,0.00156,Low-low surplus cluster
E01033491,Islington 011H,Islington,children_and_adolescents,-2.77291191539254,Low-low surplus cluster,2.28308190418768,0.0001,0.00156,Low-low surplus cluster
E01033493,Islington 006F,Islington,children_and_adolescents,-2.31761781245732,Not significant,0.770933714838179,0.1735,0.2439065052098,Not significant
E01033494,Islington 006G,Islington,children_and_adolescents,-0.461323122576534,Low-low surplus cluster,0.24156633154714,0.0169,0.0501574316290131,Not significant
E01033569,Kingston upon Thames 004G,Kingston upon Thames,children_and_adolescents,-1.06334683581954,Not significant,-0.0936602619520515,0.3543,0.398977126099707,Not significant
E01033570,Richmond upon Thames 004G,Richmond upon Thames,children_and_adolescents,1.0797582795324,Not significant,0.119309817088818,0.3491,0.394813593112823,Not significant
E01033571,Richmond upon Thames 004H,Richmond upon Thames,children_and_adolescents,0.0943321487588464,Not significant,0.0153458025278886,0.2834,0.340735260115607,Not significant
E01033579,Newham 040C,Newham,children_and_adolescents,-2.18675361504201,Low-low surplus cluster,1.55391669163502,0.0034,0.0170068136272545,Low-low surplus cluster
E01033580,Newham 042A,Newham,children_and_adolescents,-0.547687931337704,Not significant,0.180797857678274,0.1199,0.189711822503962,Not significant
E01033581,Newham 041A,Newham,children_and_adolescents,0.760050950100445,Not significant,-0.0129691233491285,0.441,0.461234443746072,Not significant
E01033582,Newham 041B,Newham,children_and_adolescents,0.241887854353437,Not significant,0.0504566603826139,0.2585,0.320568959523218,Not significant
E01033584,Newham 034I,Newham,children_and_adolescents,0.0400813523853719,Not significant,-0.00370911040609667,0.347,0.393061946902655,Not significant
E01033586,Newham 040D,Newham,children_and_adolescents,-0.978155535690514,Low-low surplus cluster,0.505796841072301,0.0123,0.0402897637795276,Low-low surplus cluster
E01033587,Barking and Dagenham 021E,Barking and Dagenham,children_and_adolescents,0.983722339506007,High-high mismatch cluster,0.545318651255187,0.0096,0.0337963328631876,High-high mismatch cluster
E01033589,Redbridge 039B,Redbridge,children_and_adolescents,1.83427714241991,Not significant,0.645911211458506,0.0621,0.121047715736041,Not significant
E01033590,Redbridge 037C,Redbridge,children_and_adolescents,3.60768000372383,High-high mismatch cluster,2.8590850628505,0.002,0.0116771929824561,High-high mismatch cluster
E01033591,Redbridge 039A,Redbridge,children_and_adolescents,0.981434343648935,High-high mismatch cluster,0.556941213354286,0.0018,0.0108129963898917,High-high mismatch cluster
E01033592,Redbridge 037D,Redbridge,children_and_adolescents,2.54252729414989,High-high mismatch cluster,2.47381876602628,0.0003,0.0031661733615222,High-high mismatch cluster
E01033593,Westminster 015F,Westminster,children_and_adolescents,-2.84688173036996,Low-low surplus cluster,3.34283822693713,0.0001,0.00156,Low-low surplus cluster
E01033594,Westminster 015G,Westminster,children_and_adolescents,-3.81758694128282,Low-low surplus cluster,3.72757311201711,0.0001,0.00156,Low-low surplus cluster
E01033597,Westminster 023F,Westminster,children_and_adolescents,-1.77676262915866,Low-low surplus cluster,1.49591557135461,0.0013,0.00879349593495935,Low-low surplus cluster
E01033598,Westminster 009F,Westminster,children_and_adolescents,-2.69024145598802,Low-low surplus cluster,2.23388193815917,0.0002,0.00242330097087379,Low-low surplus cluster
E01033599,Westminster 023G,Westminster,children_and_adolescents,-0.269331669126047,Low-low surplus cluster,0.291582962554396,0.0002,0.00242330097087379,Low-low surplus cluster
E01033601,Westminster 009G,Westminster,children_and_adolescents,-1.48576206969312,Low-low surplus cluster,1.55682471256853,0.0001,0.00156,Low-low surplus cluster
E01033602,Westminster 009H,Westminster,children_and_adolescents,-1.86491377402736,Low-low surplus cluster,1.75482858781954,0.0016,0.010097597977244,Low-low surplus cluster
E01033603,Westminster 009I,Westminster,children_and_adolescents,-3.65768288334956,Low-low surplus cluster,4.21490414776916,0.0005,0.00447311827956989,Low-low surplus cluster
E01033604,Westminster 009J,Westminster,children_and_adolescents,-3.27674236207804,Low-low surplus cluster,3.24815711216732,0.0001,0.00156,Low-low surplus cluster
E01033605,Westminster 009K,Westminster,children_and_adolescents,-2.52482266827535,Low-low surplus cluster,2.48639964452314,0.0038,0.018328115942029,Low-low surplus cluster
E01033699,Hackney 030A,Hackney,children_and_adolescents,-3.40476543885384,Low-low surplus cluster,2.91108302435019,0.0007,0.00557320574162679,Low-low surplus cluster
E01033700,Hackney 030B,Hackney,children_and_adolescents,-3.53133494496208,Low-low surplus cluster,3.45470323534094,0.0001,0.00156,Low-low surplus cluster
E01033702,Hackney 028C,Hackney,children_and_adolescents,0.138372105905602,Not significant,0.0110134029887761,0.3893,0.425248490153173,Not significant
E01033703,Hackney 010F,Hackney,children_and_adolescents,-2.02534267619566,Low-low surplus cluster,1.37256434587106,0.0104,0.0356082304526749,Low-low surplus cluster
E01033704,Hackney 023F,Hackney,children_and_adolescents,-3.03129503740655,Low-low surplus cluster,1.95162746676009,0.0024,0.013312,Low-low surplus cluster
E01033705,Hackney 028D,Hackney,children_and_adolescents,0.352583705262654,Not significant,-0.0112938471094085,0.4408,0.461121877619447,Not significant
E01033706,Hackney 033B,Hackney,children_and_adolescents,-3.99880697249839,Low-low surplus cluster,4.07601400805793,0.0001,0.00156,Low-low surplus cluster
E01033708,Hackney 033C,Hackney,children_and_adolescents,-4.591064540846,Low-low surplus cluster,5.51318490216882,0.0001,0.00156,Low-low surplus cluster
E01033709,Hackney 032B,Hackney,children_and_adolescents,-2.69138745015094,Low-low surplus cluster,2.33359394388939,0.0005,0.00447311827956989,Low-low surplus cluster
E01033710,Hackney 028E,Hackney,children_and_adolescents,-0.291233483061848,Not significant,-0.0461242921277286,0.3513,0.396672608007238,Not significant
E01033711,Hackney 032C,Hackney,children_and_adolescents,-4.67054228890173,Low-low surplus cluster,4.43063705852687,0.0004,0.00385482625482626,Low-low surplus cluster
E01033712,Hackney 023G,Hackney,children_and_adolescents,-2.62874547765045,Low-low surplus cluster,1.7115135219003,0.0037,0.0179673151750973,Low-low surplus cluster
E01033713,Hackney 010G,Hackney,children_and_adolescents,-2.25345347675723,Not significant,0.689388325200233,0.0834,0.147792971246006,Not significant
E01033727,Greenwich 035B,Greenwich,children_and_adolescents,-2.16158342023868,Low-low surplus cluster,1.50975761339625,0.0151,0.0463872,Low-low surplus cluster
E01033728,Greenwich 035C,Greenwich,children_and_adolescents,-2.57146682151868,Low-low surplus cluster,1.63077166741134,0.0246,0.0647696202531646,Not significant
E01033729,Greenwich 030E,Greenwich,children_and_adolescents,0.960376734721912,Not significant,0.380580566411717,0.0386,0.0887977880184332,Not significant
E01033732,Greenwich 041E,Greenwich,children_and_adolescents,-0.973932876921585,Not significant,0.304966154950855,0.1285,0.19841385709867,Not significant
E01033734,Greenwich 039B,Greenwich,children_and_adolescents,0.0897180633305008,Not significant,-0.0109494617592285,0.324,0.374573413617415,Not significant
E01033735,Greenwich 042D,Greenwich,children_and_adolescents,-1.47415046978979,Not significant,0.34139201609904,0.1984,0.267462273832028,Not significant
E01033736,Greenwich 039A,Greenwich,children_and_adolescents,-1.81413891833665,Not significant,0.993644495209396,0.0428,0.0948746003552398,Not significant
E01033737,Greenwich 042B,Greenwich,children_and_adolescents,-0.695966063841641,Not significant,0.297830862668062,0.0492,0.103762737642586,Not significant
E01033738,Greenwich 037D,Greenwich,children_and_adolescents,0.37936129005103,Not significant,-0.0261629802433342,0.371,0.412590467706013,Not significant
E01033739,Greenwich 002E,Greenwich,children_and_adolescents,1.98630285115155,Not significant,0.968225245025019,0.0808,0.144519383733429,Not significant
E01033740,Greenwich 002F,Greenwich,children_and_adolescents,1.88537424745585,Not significant,0.574707584889033,0.1354,0.205946617915905,Not significant
E01033741,Greenwich 002G,Greenwich,children_and_adolescents,-0.285275305420902,Low-high spatial outlier,-0.167001067554992,0.0077,0.0292307224334601,Low-high spatial outlier
E01033742,Greenwich 007F,Greenwich,children_and_adolescents,0.813685172097309,Not significant,0.191273479558621,0.2354,0.300310963455149,Not significant
E01033743,Greenwich 002H,Greenwich,children_and_adolescents,2.27852711046755,High-high mismatch cluster,1.37102013367086,0.008,0.0299594898724681,High-high mismatch cluster
E01033744,Greenwich 007G,Greenwich,children_and_adolescents,1.27009023738723,Not significant,0.173847773863817,0.3127,0.365316732974491,Not significant
E01033745,Greenwich 002I,Greenwich,children_and_adolescents,2.72708132556036,High-high mismatch cluster,1.47646106413465,0.0089,0.0321249457700651,High-high mismatch cluster
E01033746,Greenwich 038E,Greenwich,children_and_adolescents,-1.4259320447957,Low-low surplus cluster,0.974903075257504,0.0173,0.0508308416715715,Not significant
E01033784,Havering 007F,Havering,children_and_adolescents,1.80822343281937,High-high mismatch cluster,0.807466231451003,0.0078,0.0294758516275549,High-high mismatch cluster
E01033785,Havering 007G,Havering,children_and_adolescents,0.9658277753022,Not significant,0.408702775355586,0.055,0.111338199513382,Not significant
E01033786,Havering 017G,Havering,children_and_adolescents,0.393287058709926,Not significant,0.183409185431148,0.0317,0.0776098087297695,Not significant
E01033787,Havering 017H,Havering,children_and_adolescents,0.604774977952125,High-high mismatch cluster,0.404449358737751,0.0087,0.0315857454545455,High-high mismatch cluster
E01033788,Havering 017I,Havering,children_and_adolescents,1.09973230099821,Not significant,0.450066705652868,0.0324,0.078821052631579,Not significant
E01033789,Bexley 008H,Bexley,children_and_adolescents,2.97313247220873,High-high mismatch cluster,3.15822271704395,0.0001,0.00156,High-high mismatch cluster
E01033790,Bexley 008I,Bexley,children_and_adolescents,2.15274231980954,High-high mismatch cluster,2.19574648557178,0.0002,0.00242330097087379,High-high mismatch cluster
E01033791,Bexley 019G,Bexley,children_and_adolescents,1.20073375915958,Not significant,0.456271970998565,0.0796,0.143193945945946,Not significant
E01033792,Bexley 019H,Bexley,children_and_adolescents,0.774640068587242,Not significant,0.320399713930088,0.043,0.0951489361702128,Not significant
E01033862,Lambeth 003F,Lambeth,children_and_adolescents,-3.22752008295464,Low-low surplus cluster,2.9107153556293,0.0007,0.00557320574162679,Low-low surplus cluster
E01033863,Lambeth 003G,Lambeth,children_and_adolescents,-2.50696646645316,Low-low surplus cluster,2.90181595471693,0.0002,0.00242330097087379,Low-low surplus cluster
E01033864,Lambeth 004H,Lambeth,children_and_adolescents,-2.0264013989638,Low-low surplus cluster,2.1923689573998,0.0006,0.0050255033557047,Low-low surplus cluster
E01033865,Lambeth 004I,Lambeth,children_and_adolescents,-3.75690379473505,Low-low surplus cluster,3.80875193082929,0.0001,0.00156,Low-low surplus cluster
E01033866,Lambeth 004J,Lambeth,children_and_adolescents,-3.94199623009701,Low-low surplus cluster,4.30092210560519,0.0001,0.00156,Low-low surplus cluster
E01033867,Southwark 002F,Southwark,children_and_adolescents,-3.29469493750533,Low-low surplus cluster,4.12815304151658,0.0001,0.00156,Low-low surplus cluster
E01033868,Southwark 002G,Southwark,children_and_adolescents,-4.15497601391754,Low-low surplus cluster,4.89618478056312,0.0001,0.00156,Low-low surplus cluster
E01033869,Southwark 004F,Southwark,children_and_adolescents,-0.846861493931801,Low-low surplus cluster,0.52781585153997,0.0102,0.0351889426399447,Low-low surplus cluster
E01033870,Southwark 004G,Southwark,children_and_adolescents,-2.67345216353165,Low-low surplus cluster,2.25188591288402,0.0039,0.0186840690978887,Low-low surplus cluster
E01033871,Southwark 004H,Southwark,children_and_adolescents,-1.62409960581049,Not significant,0.861856176542,0.0321,0.0783202346041056,Not significant
E01033872,Southwark 004I,Southwark,children_and_adolescents,-3.36500795379858,Low-low surplus cluster,2.45357100589766,0.0035,0.0173677932405567,Low-low surplus cluster
E01033873,Southwark 009G,Southwark,children_and_adolescents,-1.595803028888,Low-low surplus cluster,1.60685076313565,0.0001,0.00156,Low-low surplus cluster
E01033874,Southwark 009H,Southwark,children_and_adolescents,-4.47483304951156,Low-low surplus cluster,5.60337566029183,0.0001,0.00156,Low-low surplus cluster
E01033875,Southwark 012G,Southwark,children_and_adolescents,-2.06730314872689,Low-low surplus cluster,2.00608234851419,0.0005,0.00447311827956989,Low-low surplus cluster
E01033876,Southwark 012H,Southwark,children_and_adolescents,-4.40400479505331,Low-low surplus cluster,4.91267303794868,0.0001,0.00156,Low-low surplus cluster
E01033877,Southwark 012I,Southwark,children_and_adolescents,-2.7240196500526,Low-low surplus cluster,2.89083326203088,0.0001,0.00156,Low-low surplus cluster
E01033878,Southwark 015F,Southwark,children_and_adolescents,-1.45929351767384,Not significant,0.586171853470249,0.132,0.202130061349693,Not significant
E01033879,Southwark 015G,Southwark,children_and_adolescents,0.598170064815212,Not significant,-0.166405519103097,0.228,0.294482794307891,Not significant
E01033880,Southwark 015H,Southwark,children_and_adolescents,-0.85899764429451,Not significant,0.28296427309905,0.0424,0.0943229946524064,Not significant
E01033881,Southwark 016F,Southwark,children_and_adolescents,-1.27166403649109,Not significant,0.423524625740356,0.0771,0.140110374954496,Not significant
E01033882,Southwark 022G,Southwark,children_and_adolescents,-2.17934453093276,Not significant,0.802140098193575,0.0985,0.166062816616008,Not significant
E01033883,Southwark 022H,Southwark,children_and_adolescents,-1.78353637678149,Low-low surplus cluster,1.06802657275038,0.0169,0.0501574316290131,Not significant
E01033884,Southwark 035A,Southwark,children_and_adolescents,-3.62837719387197,Low-low surplus cluster,4.59831756168315,0.0001,0.00156,Low-low surplus cluster
E01033885,Southwark 036A,Southwark,children_and_adolescents,-2.50686532603572,Low-low surplus cluster,2.63333996326692,0.0001,0.00156,Low-low surplus cluster
E01033911,Barnet 017E,Barnet,children_and_adolescents,1.72860836086303,High-high mismatch cluster,0.848424941644967,0.0048,0.0210929577464789,High-high mismatch cluster
E01033912,Barnet 017F,Barnet,children_and_adolescents,1.48695161326367,Not significant,0.385262516556431,0.2984,0.353743243885063,Not significant
E01033913,Barnet 024G,Barnet,children_and_adolescents,2.98666489435176,Not significant,1.25876828917784,0.0231,0.0625353579175705,Not significant
E01033914,Barnet 024H,Barnet,children_and_adolescents,1.66266375375761,Not significant,0.807677137960445,0.048,0.101964255319149,Not significant
E01033915,Barnet 042A,Barnet,children_and_adolescents,2.27922167951382,Not significant,0.476634041466034,0.1507,0.221263058823529,Not significant
E01033916,Barnet 042B,Barnet,children_and_adolescents,-0.143764713435929,Not significant,-0.028209872898171,0.22,0.287271776092074,Not significant
E01033917,Barnet 042C,Barnet,children_and_adolescents,-1.15291734072944,Not significant,0.0087862839377907,0.4809,0.487343239951279,Not significant
E01033918,Barnet 042D,Barnet,children_and_adolescents,-1.06015785119439,Not significant,0.183281355017043,0.2674,0.328298278406296,Not significant
E01033919,Barnet 042E,Barnet,children_and_adolescents,-1.35635528663797,Not significant,-0.0386176569008144,0.4751,0.483724087293494,Not significant
E01033920,Barnet 042F,Barnet,children_and_adolescents,0.305375664568334,Not significant,-0.00785477501457322,0.4434,0.462774994773155,Not significant
E01033921,Barnet 043A,Barnet,children_and_adolescents,1.2456472406867,Not significant,0.476753891162509,0.1968,0.26624,Not significant
E01033922,Barnet 043B,Barnet,children_and_adolescents,0.532126138211944,Not significant,0.205925289095436,0.0561,0.112651327433628,Not significant
E01033923,Barnet 043C,Barnet,children_and_adolescents,2.12535410974832,Not significant,0.277708718656279,0.3478,0.393610881886194,Not significant
E01033924,Barnet 043D,Barnet,children_and_adolescents,1.12983524071221,Not significant,0.340064144216165,0.1154,0.185293277581216,Not significant
E01033925,Barnet 043E,Barnet,children_and_adolescents,0.00710182378223453,Not significant,0.000926980011398283,0.272,0.331824761904762,Not significant
E01033926,Enfield 014E,Enfield,children_and_adolescents,1.93689878709797,High-high mismatch cluster,1.02202723630642,0.0044,0.0200226071103008,High-high mismatch cluster
E01033927,Enfield 020F,Enfield,children_and_adolescents,0.815702191206063,Not significant,0.240301781693333,0.1073,0.176371945999341,Not significant
E01033928,Enfield 020G,Enfield,children_and_adolescents,0.101605064257576,Not significant,0.042630468516147,0.1121,0.181689350649351,Not significant
E01033929,Brent 002F,Brent,children_and_adolescents,0.737255348030849,Not significant,0.171632709139297,0.1777,0.247441673640167,Not significant
E01033930,Brent 002G,Brent,children_and_adolescents,-0.326832800864102,Not significant,-0.0486835046512773,0.3064,0.360148057452319,Not significant
E01033931,Brent 009F,Brent,children_and_adolescents,1.23874485654435,Not significant,0.244516794799628,0.2404,0.304482881055034,Not significant
E01033932,Brent 009G,Brent,children_and_adolescents,-0.796930470740405,Not significant,-0.226784460915771,0.1304,0.200479457961195,Not significant
E01033933,Brent 010G,Brent,children_and_adolescents,2.12532686673891,High-high mismatch cluster,2.4130150577486,0.0001,0.00156,High-high mismatch cluster
E01033934,Brent 010H,Brent,children_and_adolescents,2.37901906303149,High-high mismatch cluster,2.03849029007328,0.0001,0.00156,High-high mismatch cluster
E01033935,Brent 020F,Brent,children_and_adolescents,1.16662257315328,Not significant,0.378271165516681,0.0938,0.160469362577108,Not significant
E01033936,Brent 020G,Brent,children_and_adolescents,0.207535029890202,Not significant,0.0593102761666021,0.1502,0.220788692579505,Not significant
E01033937,Brent 027G,Brent,children_and_adolescents,-0.233354472719863,Not significant,-0.0343606964267133,0.3006,0.355759886201991,Not significant
E01033938,Brent 027H,Brent,children_and_adolescents,1.26846363105837,Not significant,0.233471104028279,0.1496,0.22029592920354,Not significant
E01033939,Brent 027I,Brent,children_and_adolescents,1.24732846296003,Not significant,0.478403050526194,0.1414,0.212227540589296,Not significant
E01033940,Brent 035B,Brent,children_and_adolescents,-1.98625678005849,Not significant,0.184504054940144,0.354,0.3988192281652,Not significant
E01033941,Brent 035C,Brent,children_and_adolescents,0.549495970097049,Not significant,-0.22814383971459,0.1283,0.198411895910781,Not significant
E01033942,Brent 035D,Brent,children_and_adolescents,-1.77892208208451,Not significant,0.217414742241166,0.3025,0.357246273953158,Not significant
E01033943,Haringey 015E,Haringey,children_and_adolescents,-1.6701595871916,Not significant,0.263599103907413,0.2343,0.29952,Not significant
E01033944,Haringey 015F,Haringey,children_and_adolescents,-0.688411939210193,Low-low surplus cluster,0.405932580430683,0.0187,0.0537732718894009,Not significant
E01033945,Haringey 020G,Haringey,children_and_adolescents,-1.56415045432381,Not significant,0.491647924500505,0.1264,0.196447322540473,Not significant
E01033946,Haringey 020H,Haringey,children_and_adolescents,-2.22690066414174,Low-low surplus cluster,1.48422044911183,0.0094,0.0332564138908576,Low-low surplus cluster
E01034026,Ealing 015F,Ealing,children_and_adolescents,-2.08138226593813,Not significant,-0.127077253837494,0.4425,0.462222222222222,Not significant
E01034027,Ealing 015G,Ealing,children_and_adolescents,-0.639393552393061,Not significant,0.111261665648464,0.2117,0.28032,Not significant
E01034028,Ealing 019F,Ealing,children_and_adolescents,-2.11869751046678,Not significant,0.811448110262725,0.0706,0.132146681664792,Not significant
E01034029,Ealing 019G,Ealing,children_and_adolescents,-1.35950629987782,Low-low surplus cluster,0.755752735945798,0.0267,0.0686335736354274,Not significant
E01034030,Ealing 042A,Ealing,children_and_adolescents,-2.81099270512888,Low-low surplus cluster,1.16606723976313,0.0235,0.0630709677419355,Not significant
E01034031,Ealing 042B,Ealing,children_and_adolescents,-1.20351617093675,Low-low surplus cluster,0.860659206601858,0.0308,0.0761533432392274,Not significant
E01034032,Hounslow 006G,Hounslow,children_and_adolescents,-1.0383633328068,Not significant,0.0364557596373013,0.4311,0.454861772151899,Not significant
E01034033,Hounslow 006H,Hounslow,children_and_adolescents,-0.494871249208747,Not significant,-0.0615767936054,0.3612,0.404556966569441,Not significant
E01034034,Hounslow 014F,Hounslow,children_and_adolescents,1.49695128192189,Not significant,0.401659549915923,0.1728,0.243196391316606,Not significant
E01034035,Hounslow 014G,Hounslow,children_and_adolescents,0.929814379340577,Not significant,0.204684332020047,0.1899,0.259649630238291,Not significant
E01034036,Hounslow 015F,Hounslow,children_and_adolescents,1.18782102989997,Not significant,0.173014909294862,0.2977,0.353248966009033,Not significant
E01034037,Hounslow 015G,Hounslow,children_and_adolescents,0.536225113964368,Not significant,0.13826730326452,0.1534,0.22371393514461,Not significant
E01034038,Hounslow 017F,Hounslow,children_and_adolescents,1.29424426846189,Not significant,0.318931699119598,0.192,0.261090710977935,Not significant
E01034039,Hounslow 017G,Hounslow,children_and_adolescents,1.9958597667704,High-high mismatch cluster,0.990792663912772,0.0158,0.047918347509113,High-high mismatch cluster
E01034040,Hounslow 018H,Hounslow,children_and_adolescents,0.761100187986387,Not significant,0.290586840450161,0.0477,0.101456497656583,Not significant
E01034041,Hounslow 018I,Hounslow,children_and_adolescents,1.68991288543282,Not significant,0.834426298805654,0.0471,0.10099793814433,Not significant
E01034042,Hounslow 030A,Hounslow,children_and_adolescents,0.73402071704781,Not significant,0.0291296311396313,0.4312,0.454861772151899,Not significant
E01034043,Hounslow 030B,Hounslow,children_and_adolescents,0.198736017829065,Not significant,0.0174951469161114,0.4197,0.446344780570942,Not significant
E01034044,Hounslow 030C,Hounslow,children_and_adolescents,-1.08034028348431,Not significant,-0.181618795103609,0.2995,0.354710320284697,Not significant
E01034045,Hounslow 031A,Hounslow,children_and_adolescents,0.34997851442078,Not significant,0.0560286316089461,0.2905,0.346932057416268,Not significant
E01034046,Hounslow 031B,Hounslow,children_and_adolescents,1.04817518331248,Not significant,-0.143794196735147,0.2893,0.345664337003351,Not significant
E01034139,Croydon 015F,Croydon,children_and_adolescents,-0.204022205931008,Not significant,-0.0502788980954603,0.1418,0.21251144397843,Not significant
E01034140,Croydon 015G,Croydon,children_and_adolescents,0.0127242821986581,Not significant,0.00403000626442168,0.1181,0.188055885167464,Not significant
E01034141,Croydon 020F,Croydon,children_and_adolescents,0.41553365240001,Not significant,-0.0960461358398971,0.2225,0.289778241586225,Not significant
E01034142,Croydon 020G,Croydon,children_and_adolescents,-0.141600508623264,Not significant,0.0347905455432902,0.1255,0.195474570982839,Not significant
E01034143,Croydon 020H,Croydon,children_and_adolescents,-1.06664542466897,Not significant,0.209233674259429,0.1796,0.249391710709318,Not significant
E01034144,Croydon 024F,Croydon,children_and_adolescents,1.27704764164879,Not significant,0.445674124783248,0.0613,0.120097959183673,Not significant
E01034145,Croydon 024G,Croydon,children_and_adolescents,-0.12870290718755,Not significant,0.00834327959328142,0.3978,0.431137125488493,Not significant
E01034146,Croydon 024H,Croydon,children_and_adolescents,3.12239221975745,Not significant,1.25143809037434,0.0492,0.103762737642586,Not significant
E01034147,Croydon 046A,Croydon,children_and_adolescents,-1.80036203507384,Not significant,0.650691834190555,0.1273,0.197293262961813,Not significant
E01034148,Croydon 046B,Croydon,children_and_adolescents,-3.03900476242584,Not significant,1.45261795104719,0.0479,0.101795146871009,Not significant
E01034149,Croydon 046C,Croydon,children_and_adolescents,-1.24463606765034,Not significant,0.225029017257816,0.2048,0.273212613575628,Not significant
E01034150,Croydon 046D,Croydon,children_and_adolescents,-2.08194284328431,Low-low surplus cluster,0.959474996277496,0.0218,0.0598930104567969,Not significant
E01034151,Croydon 046E,Croydon,children_and_adolescents,-2.81302277050704,Not significant,1.04191738568819,0.153,0.223326315789474,Not significant
E01034152,Croydon 047B,Croydon,children_and_adolescents,-0.138842641810156,Not significant,0.0376061420503629,0.124,0.194168130489335,Not significant
E01034153,Sutton 004F,Sutton,children_and_adolescents,-1.05982601404808,Not significant,-0.38896888941474,0.1101,0.179379634464752,Not significant
E01034154,Sutton 004G,Sutton,children_and_adolescents,0.0727668531672223,Not significant,0.0224454275401181,0.1099,0.179170738079686,Not significant
E01034155,Sutton 012F,Sutton,children_and_adolescents,-0.208161163597069,Not significant,-0.0212361872995361,0.3239,0.374573413617415,Not significant
E01034156,Sutton 012G,Sutton,children_and_adolescents,-1.73576685760186,Not significant,0.30487463041632,0.2748,0.333771678832117,Not significant
E01034173,Greenwich 005F,Greenwich,children_and_adolescents,1.18915110598084,Not significant,0.493922170034776,0.0859,0.151203385049365,Not significant
E01034174,Greenwich 034F,Greenwich,children_and_adolescents,-0.891628396911113,Not significant,-0.276596010362832,0.1,0.168080808080808,Not significant
E01034175,Greenwich 034G,Greenwich,children_and_adolescents,-1.77564932274397,Not significant,-0.553799803962429,0.1054,0.174513034825871,Not significant
E01034176,Greenwich 034H,Greenwich,children_and_adolescents,0.880792269981649,Not significant,0.23288899639397,0.1431,0.213622966507177,Not significant
E01034177,Greenwich 034I,Greenwich,children_and_adolescents,0.979300772273712,Not significant,0.082156601249971,0.4246,0.449830899830221,Not significant
E01034178,Greenwich 035E,Greenwich,children_and_adolescents,-1.874613156854,Not significant,0.936396162561326,0.1317,0.201980460829493,Not significant
E01034179,Greenwich 035F,Greenwich,children_and_adolescents,-2.59716767916644,Not significant,1.32072217994033,0.0857,0.150957798165138,Not significant
E01034180,Greenwich 035G,Greenwich,children_and_adolescents,-0.0509002739932294,Low-low surplus cluster,0.0414273570702022,0.0069,0.0270367346938776,Low-low surplus cluster
E01034181,Greenwich 035H,Greenwich,children_and_adolescents,-1.99934729925495,Low-low surplus cluster,1.41541000278221,0.0083,0.0306688378978534,Low-low surplus cluster
E01034182,Greenwich 035I,Greenwich,children_and_adolescents,-2.27411708058175,Low-low surplus cluster,1.57144212397416,0.0159,0.0480174228675136,Low-low surplus cluster
E01034183,Greenwich 037E,Greenwich,children_and_adolescents,0.126786795349434,Not significant,-0.0384763622219028,0.1342,0.204870458715596,Not significant
E01034184,Greenwich 037F,Greenwich,children_and_adolescents,0.123568185416807,Not significant,-0.0420310540862641,0.1723,0.242766469093988,Not significant
E01034185,Greenwich 037G,Greenwich,children_and_adolescents,-1.44252268029652,Not significant,0.237582422704209,0.2296,0.296166201550388,Not significant
E01034186,Greenwich 039C,Greenwich,children_and_adolescents,-2.99079688993408,Not significant,1.77524669068653,0.0514,0.1066010801828,Not significant
E01034187,Greenwich 039D,Greenwich,children_and_adolescents,-2.21028982393414,Not significant,0.836252384351843,0.0455,0.0987118644067797,Not significant
E01034188,Greenwich 040A,Greenwich,children_and_adolescents,-0.445009131125949,Not significant,0.0617495105057845,0.2427,0.306490867695421,Not significant
E01034189,Greenwich 040B,Greenwich,children_and_adolescents,0.0748151484304438,Not significant,-0.00871937130195635,0.3275,0.376961032972101,Not significant
E01034190,Greenwich 040C,Greenwich,children_and_adolescents,-0.25482300793046,Not significant,0.0510121539710004,0.2234,0.2907228362878,Not significant
E01034191,Greenwich 040D,Greenwich,children_and_adolescents,-0.245734962764472,Not significant,0.0606334843849565,0.2359,0.300871946857435,Not significant
E01034192,Greenwich 040E,Greenwich,children_and_adolescents,-1.64178125673768,Not significant,0.624260276173208,0.0878,0.153519299474606,Not significant
E01034193,Greenwich 041A,Greenwich,children_and_adolescents,-0.484047905585802,Not significant,0.18572404515549,0.134,0.204627714897522,Not significant
E01034194,Greenwich 041B,Greenwich,children_and_adolescents,-1.68806723137032,Not significant,0.565061489941831,0.1499,0.220477548615203,Not significant
E01034195,Greenwich 041C,Greenwich,children_and_adolescents,-0.91667075706341,Not significant,0.310543573875305,0.1398,0.210713043478261,Not significant
E01034196,Greenwich 041D,Greenwich,children_and_adolescents,-1.17406271645844,Not significant,0.0787292693497533,0.3972,0.431048347826087,Not significant
E01034198,Greenwich 042C,Greenwich,children_and_adolescents,1.03492236730202,Not significant,0.204015388875168,0.2276,0.294042236024845,Not significant
E01034199,Newham 012E,Newham,children_and_adolescents,-1.2106876290989,Low-low surplus cluster,0.783430893239582,0.0057,0.0236332225913621,Low-low surplus cluster
E01034200,Newham 012F,Newham,children_and_adolescents,-2.27299918078128,Low-low surplus cluster,1.41909040660388,0.017,0.0503643916913947,Not significant
E01034201,Newham 022E,Newham,children_and_adolescents,1.16985118955756,Not significant,0.123096302039613,0.3872,0.423882105263158,Not significant
E01034202,Newham 022F,Newham,children_and_adolescents,-0.149875380281053,Not significant,0.00375995039026364,0.4435,0.462782608695652,Not significant
E01034203,Newham 025E,Newham,children_and_adolescents,-0.0515998635805355,Not significant,-0.00830016925906096,0.2676,0.328463044012786,Not significant
E01034204,Newham 025F,Newham,children_and_adolescents,1.19132862671703,Not significant,0.33479235388649,0.0783,0.141647774158523,Not significant
E01034205,Newham 033E,Newham,children_and_adolescents,1.42479434991932,High-high mismatch cluster,0.689626914638451,0.0144,0.0448159600997506,High-high mismatch cluster
E01034206,Newham 033F,Newham,children_and_adolescents,1.12814582375757,Not significant,0.102040784874834,0.3942,0.429005101373447,Not significant
E01034207,Newham 033G,Newham,children_and_adolescents,0.298337157620673,Not significant,0.029263355221368,0.384,0.421673559172899,Not significant
E01034208,Newham 034J,Newham,children_and_adolescents,-0.213522778282435,Low-low surplus cluster,0.104342455806414,0.0155,0.0473247706422018,Low-low surplus cluster
E01034209,Newham 034K,Newham,children_and_adolescents,-2.91893097410675,Low-low surplus cluster,1.84574454406817,0.0245,0.0647111111111111,Not significant
E01034210,Newham 034L,Newham,children_and_adolescents,-1.52756605085801,Not significant,0.567306438266873,0.0937,0.160463259005146,Not significant
E01034211,Newham 034M,Newham,children_and_adolescents,-3.59277804154111,Low-low surplus cluster,2.08204929234382,0.0196,0.0556559726962457,Not significant
E01034212,Newham 034N,Newham,children_and_adolescents,-1.18272194167354,Low-low surplus cluster,0.606662538494141,0.0236,0.0633053197205803,Not significant
E01034213,Newham 038A,Newham,children_and_adolescents,1.07726906776894,High-low spatial outlier,-0.527468706012694,0.0137,0.0433674064679772,High-low spatial outlier
E01034214,Newham 038B,Newham,children_and_adolescents,-2.19357589558047,Not significant,0.835661323066647,0.1073,0.176371945999341,Not significant
E01034215,Newham 038C,Newham,children_and_adolescents,-2.35906812982211,Low-low surplus cluster,1.71382618908477,0.0056,0.0233934728033473,Low-low surplus cluster
E01034216,Newham 038D,Newham,children_and_adolescents,-1.77956688259441,Low-low surplus cluster,1.36369442029969,0.0078,0.0294758516275549,Low-low surplus cluster
E01034217,Newham 038E,Newham,children_and_adolescents,-1.6847424871383,Low-low surplus cluster,1.02191306678235,0.0043,0.0197839631336406,Low-low surplus cluster
E01034218,Newham 039B,Newham,children_and_adolescents,-1.07244067797666,Low-low surplus cluster,0.527558843939952,0.0082,0.0304571428571429,Low-low surplus cluster
E01034219,Newham 039C,Newham,children_and_adolescents,-1.79503744580636,Low-low surplus cluster,1.25066956172224,0.009,0.0323688760806916,Low-low surplus cluster
E01034220,Newham 039D,Newham,children_and_adolescents,-2.89874606539846,Low-low surplus cluster,1.79119258476015,0.0037,0.0179673151750973,Low-low surplus cluster
E01034221,Newham 039E,Newham,children_and_adolescents,-1.74278075746222,Low-low surplus cluster,1.01874514679001,0.0235,0.0630709677419355,Not significant
E01034222,Newham 040A,Newham,children_and_adolescents,-1.18751453199267,Low-low surplus cluster,0.980180451680414,0.0012,0.00830846047156727,Low-low surplus cluster
E01034223,Newham 040B,Newham,children_and_adolescents,-2.40045978402797,Not significant,1.37990267690297,0.0348,0.0826851975249881,Not significant
E01034224,Newham 041D,Newham,children_and_adolescents,0.388747313072408,Not significant,-0.0619411324643362,0.2606,0.321929027468448,Not significant
E01034225,Newham 042B,Newham,children_and_adolescents,-1.07877514213553,Not significant,0.177266447308688,0.232,0.298029850746269,Not significant
E01034226,Newham 042C,Newham,children_and_adolescents,-0.334964466500233,Low-low surplus cluster,0.209320829212639,0.0295,0.0738165413533835,Not significant
E01034227,Newham 042D,Newham,children_and_adolescents,0.404776269886196,High-low spatial outlier,-0.34504569554746,0.0016,0.010097597977244,High-low spatial outlier
E01034228,Newham 042E,Newham,children_and_adolescents,-3.04018178401925,Low-low surplus cluster,1.99607144631979,0.0104,0.0356082304526749,Low-low surplus cluster
E01034229,Newham 042F,Newham,children_and_adolescents,-1.83830215190027,Low-low surplus cluster,1.45768724129633,0.0017,0.0105421118012422,Low-low surplus cluster
E01034230,Newham 042G,Newham,children_and_adolescents,-4.80180251651197,Low-low surplus cluster,3.33525005663984,0.0155,0.0473247706422018,Low-low surplus cluster
E01034231,Newham 042H,Newham,children_and_adolescents,-2.89163167353985,Low-low surplus cluster,2.10012463399734,0.006,0.0244905968928863,Low-low surplus cluster
E01034383,Bromley 005F,Bromley,children_and_adolescents,0.475891685715757,Not significant,0.0315504682142808,0.3991,0.431717157712305,Not significant
E01034384,Bromley 005G,Bromley,children_and_adolescents,1.70905826148624,Not significant,-0.17715728599689,0.3453,0.391669529652352,Not significant
E01034385,Bromley 018F,Bromley,children_and_adolescents,-1.00785107955955,Not significant,0.0656172567322586,0.3973,0.431063160182569,Not significant
E01034386,Bromley 018G,Bromley,children_and_adolescents,-1.94590804487806,Not significant,-0.414085304691153,0.2236,0.29083147472642,Not significant
E01034387,Lewisham 001F,Lewisham,children_and_adolescents,-3.39502878845512,Low-low surplus cluster,2.30930384774975,0.0158,0.047918347509113,Low-low surplus cluster
E01034388,Lewisham 001G,Lewisham,children_and_adolescents,-3.10395705220023,Low-low surplus cluster,1.97160919650011,0.0146,0.045297203231821,Low-low surplus cluster
E01034389,Lewisham 001H,Lewisham,children_and_adolescents,-1.65184180246089,Low-low surplus cluster,1.06114532263581,0.0041,0.0192180281690141,Low-low surplus cluster
E01034390,Lewisham 020F,Lewisham,children_and_adolescents,0.0667456309930581,Not significant,0.00960195305086689,0.2721,0.331824761904762,Not significant
E01034391,Lewisham 020G,Lewisham,children_and_adolescents,0.97138052376421,Not significant,0.0743163728237424,0.3898,0.425701509516517,Not significant
E01034392,Lewisham 040A,Lewisham,children_and_adolescents,-0.93712054163919,Low-low surplus cluster,0.536598842587439,0.0056,0.0233934728033473,Low-low surplus cluster
E01034393,Lewisham 040B,Lewisham,children_and_adolescents,-4.09285869477496,Low-low surplus cluster,2.93270091107821,0.027,0.0691909650924025,Not significant
E01034394,Lewisham 040C,Lewisham,children_and_adolescents,-3.56568091068503,Low-low surplus cluster,1.99652682935339,0.0152,0.0465511656441718,Low-low surplus cluster
E01034395,Lewisham 040D,Lewisham,children_and_adolescents,-0.210198456206082,Not significant,0.0995070155628463,0.0354,0.0837123638086215,Not significant
E01034469,Barking and Dagenham 004F,Barking and Dagenham,children_and_adolescents,2.75458967680571,High-high mismatch cluster,1.78042847793335,0.0048,0.0210929577464789,High-high mismatch cluster
E01034470,Barking and Dagenham 004G,Barking and Dagenham,children_and_adolescents,2.73890384241756,High-high mismatch cluster,1.89625045844315,0.003,0.0155837669094693,High-high mismatch cluster
E01034471,Barking and Dagenham 008G,Barking and Dagenham,children_and_adolescents,2.08629669643935,High-high mismatch cluster,1.60455460781225,0.0009,0.00673583208395802,High-high mismatch cluster
E01034472,Barking and Dagenham 008H,Barking and Dagenham,children_and_adolescents,2.79552321047804,High-high mismatch cluster,2.40410849378234,0.0006,0.0050255033557047,High-high mismatch cluster
E01034473,Barking and Dagenham 015E,Barking and Dagenham,children_and_adolescents,0.580250655855221,Not significant,0.0413394141755956,0.4036,0.434686343042071,Not significant
E01034474,Barking and Dagenham 015F,Barking and Dagenham,children_and_adolescents,0.314924356681805,Not significant,0.111163480859165,0.0766,0.139404739336493,Not significant
E01034475,Barking and Dagenham 019F,Barking and Dagenham,children_and_adolescents,1.8663725253002,High-high mismatch cluster,1.52318313254403,0.0008,0.0061724884080371,High-high mismatch cluster
E01034476,Barking and Dagenham 019G,Barking and Dagenham,children_and_adolescents,3.555779796091,High-high mismatch cluster,2.83572006601008,0.0002,0.00242330097087379,High-high mismatch cluster
E01034477,Barking and Dagenham 019H,Barking and Dagenham,children_and_adolescents,1.92315724000342,High-high mismatch cluster,2.17647460051312,0.0001,0.00156,High-high mismatch cluster
E01034478,Barking and Dagenham 019I,Barking and Dagenham,children_and_adolescents,1.89894583460908,High-high mismatch cluster,2.28211266912755,0.0001,0.00156,High-high mismatch cluster
E01034479,Barking and Dagenham 021G,Barking and Dagenham,children_and_adolescents,1.73815411674369,Not significant,0.415991272182161,0.1916,0.260973315143247,Not significant
E01034480,Redbridge 023E,Redbridge,children_and_adolescents,2.02740811142788,Not significant,1.18352035058162,0.0231,0.0625353579175705,Not significant
E01034481,Redbridge 023F,Redbridge,children_and_adolescents,2.66859811338768,High-high mismatch cluster,1.45120098347446,0.0116,0.0385790806129247,High-high mismatch cluster
E01034483,Redbridge 032G,Redbridge,children_and_adolescents,3.07136725927947,High-high mismatch cluster,1.82140414014379,0.0102,0.0351889426399447,High-high mismatch cluster
E01034484,Redbridge 032H,Redbridge,children_and_adolescents,1.03197481406501,High-high mismatch cluster,0.542003261653076,0.0137,0.0433674064679772,High-high mismatch cluster
E01034485,Waltham Forest 014F,Waltham Forest,children_and_adolescents,-1.68219024532894,Not significant,0.575848560060909,0.0763,0.139010802919708,Not significant
E01034486,Waltham Forest 014G,Waltham Forest,children_and_adolescents,-3.76911978533646,Not significant,1.4741793123389,0.1411,0.211968462232922,Not significant
E01034487,Waltham Forest 020H,Waltham Forest,children_and_adolescents,-0.225306423719224,Not significant,0.00952851446374363,0.429,0.453337849280271,Not significant
E01034488,Waltham Forest 020I,Waltham Forest,children_and_adolescents,0.476652181007676,Not significant,-0.000415899079056062,0.4878,0.491839547566148,Not significant
E01034576,Kingston upon Thames 004H,Kingston upon Thames,children_and_adolescents,-0.47577164686714,Not significant,0.083226928069791,0.2544,0.317094831460674,Not significant
E01034577,Kingston upon Thames 004I,Kingston upon Thames,children_and_adolescents,-0.605444997654781,Not significant,0.266046790759771,0.114,0.183813953488372,Not significant
E01034578,Merton 001F,Merton,children_and_adolescents,1.7259152057753,Not significant,0.491679989327046,0.1606,0.230842268931759,Not significant
E01034579,Merton 001G,Merton,children_and_adolescents,0.272750981539094,Not significant,0.00461369435740069,0.4927,0.494682807158657,Not significant
E01034580,Merton 005F,Merton,children_and_adolescents,-2.82519142582357,Low-low surplus cluster,1.72998268148829,0.01,0.034787456445993,Low-low surplus cluster
E01034581,Merton 005G,Merton,children_and_adolescents,-0.895423009080851,Not significant,0.247067191794461,0.0793,0.142808658008658,Not significant
E01034589,Harrow 002F,Harrow,children_and_adolescents,0.0799876023123659,Not significant,0.0312214966145522,0.0413,0.0929110410094637,Not significant
E01034590,Harrow 002G,Harrow,children_and_adolescents,0.506387298561246,Not significant,0.159058240240611,0.1589,0.229058273173549,Not significant
E01034591,Harrow 013F,Harrow,children_and_adolescents,1.7182729662221,Not significant,0.771791999129411,0.0474,0.10107680478428,Not significant
E01034592,Harrow 013G,Harrow,children_and_adolescents,1.37633751190866,Not significant,0.471362781541215,0.1032,0.171667577474175,Not significant
E01034593,Harrow 015E,Harrow,children_and_adolescents,2.73693777634855,High-high mismatch cluster,2.06117691315202,0.0002,0.00242330097087379,High-high mismatch cluster
E01034594,Harrow 015F,Harrow,children_and_adolescents,4.42678529385408,High-high mismatch cluster,4.21813596832878,0.0001,0.00156,High-high mismatch cluster
E01034595,Harrow 023E,Harrow,children_and_adolescents,1.92893011272714,Not significant,0.285957948897569,0.3016,0.356605210800568,Not significant
E01034596,Harrow 023F,Harrow,children_and_adolescents,0.416066824407331,Not significant,0.0119940822094224,0.4819,0.488158441558442,Not significant
E01034597,Harrow 023G,Harrow,children_and_adolescents,-0.0360917600037087,Not significant,-0.000909647422253712,0.4708,0.48111230296827,Not significant
E01034598,Harrow 023H,Harrow,children_and_adolescents,-2.12391425845005,Not significant,-0.0454706727632602,0.4823,0.488167396593674,Not significant
E01034599,Harrow 027E,Harrow,children_and_adolescents,0.779415915734817,Not significant,0.284634689043495,0.0429,0.0950118899733807,Not significant
E01034600,Harrow 027F,Harrow,children_and_adolescents,1.67816156110561,Not significant,0.512890457299646,0.1594,0.229580150028852,Not significant
E01034601,Hillingdon 015G,Hillingdon,children_and_adolescents,1.47158889354675,Not significant,0.514852076442718,0.0985,0.166062816616008,Not significant
E01034602,Hillingdon 015H,Hillingdon,children_and_adolescents,-0.202233324760663,Not significant,-0.0596335450262495,0.0944,0.161054272043746,Not significant
E01034603,Hillingdon 015I,Hillingdon,children_and_adolescents,1.73847163205274,Not significant,0.726080434784368,0.0609,0.119595908733281,Not significant
E01034604,Hillingdon 015J,Hillingdon,children_and_adolescents,0.128902564211357,Not significant,-0.00131631637727095,0.479,0.486108558650132,Not significant
E01034605,Hillingdon 015K,Hillingdon,children_and_adolescents,2.08209850175822,Not significant,0.278829755934221,0.3239,0.374573413617415,Not significant
E01034606,Hillingdon 016G,Hillingdon,children_and_adolescents,-1.64407484822226,Not significant,-0.100943081191596,0.4332,0.455750136986301,Not significant
E01034607,Hillingdon 016H,Hillingdon,children_and_adolescents,1.40464221402813,Not significant,0.200956011009555,0.2936,0.349047678018576,Not significant
E01034608,Hillingdon 022G,Hillingdon,children_and_adolescents,0.994180005083121,Not significant,0.442177628607087,0.0235,0.0630709677419355,Not significant
E01034609,Hillingdon 022H,Hillingdon,children_and_adolescents,0.78417598026448,High-high mismatch cluster,0.56738497057037,0.0039,0.0186840690978887,High-high mismatch cluster
E01034610,Hillingdon 027G,Hillingdon,children_and_adolescents,2.65013867421547,High-high mismatch cluster,2.3836678150445,0.0001,0.00156,High-high mismatch cluster
E01034611,Hillingdon 027H,Hillingdon,children_and_adolescents,2.89637911010998,High-high mismatch cluster,2.12841924216483,0.0037,0.0179673151750973,High-high mismatch cluster
E01034612,Hillingdon 027I,Hillingdon,children_and_adolescents,0.775378696094383,High-high mismatch cluster,0.492952407874306,0.0002,0.00242330097087379,High-high mismatch cluster
E01034613,Hillingdon 027J,Hillingdon,children_and_adolescents,-0.318496540590572,Low-high spatial outlier,-0.22934699676524,0.0001,0.00156,Low-high spatial outlier
E01034614,Hillingdon 028F,Hillingdon,children_and_adolescents,2.18447337063698,High-high mismatch cluster,1.89834323259809,0.0008,0.0061724884080371,High-high mismatch cluster
E01034615,Hillingdon 028G,Hillingdon,children_and_adolescents,2.88369140337838,High-high mismatch cluster,2.15036756075071,0.0005,0.00447311827956989,High-high mismatch cluster
E01034616,Hillingdon 030F,Hillingdon,children_and_adolescents,-0.435188393303847,Not significant,-0.189817719546829,0.071,0.132398954053044,Not significant
E01034617,Hillingdon 030G,Hillingdon,children_and_adolescents,1.93055196628986,High-high mismatch cluster,1.10760550281224,0.0025,0.0136542669584245,High-high mismatch cluster
E01035484,Hammersmith and Fulham 001F,Hammersmith and Fulham,children_and_adolescents,-2.37423373754695,Not significant,0.718319247695408,0.0647,0.124559352101813,Not significant
E01035485,Hammersmith and Fulham 001G,Hammersmith and Fulham,children_and_adolescents,-2.54545287741331,Low-low surplus cluster,1.78746613042529,0.0068,0.0267709779179811,Low-low surplus cluster
E01035486,Hammersmith and Fulham 023G,Hammersmith and Fulham,children_and_adolescents,-0.514708855479567,Low-low surplus cluster,0.340346968835336,0.0022,0.0125084282460137,Low-low surplus cluster
E01035487,Hammersmith and Fulham 023H,Hammersmith and Fulham,children_and_adolescents,-2.15055913446696,Not significant,0.89560765246241,0.0426,0.0945992882562278,Not significant
E01035488,Wandsworth 004H,Wandsworth,children_and_adolescents,-3.27855184216063,Low-low surplus cluster,2.33624030515877,0.0144,0.0448159600997506,Low-low surplus cluster
E01035489,Wandsworth 004I,Wandsworth,children_and_adolescents,-1.57021390410187,Low-low surplus cluster,1.33852387205352,0.0119,0.0393409271523179,Low-low surplus cluster
E01035490,Wandsworth 010H,Wandsworth,children_and_adolescents,-1.50747471737029,Low-low surplus cluster,0.820732299008352,0.0111,0.0373642616318274,Low-low surplus cluster
E01035491,Wandsworth 010I,Wandsworth,children_and_adolescents,-2.01320725311979,Low-low surplus cluster,1.41935207141391,0.0065,0.0259169329073482,Low-low surplus cluster
E01035492,Wandsworth 010J,Wandsworth,children_and_adolescents,-1.14925203954959,Not significant,0.543314983337237,0.0983,0.165949814000676,Not significant
E01035493,Wandsworth 010K,Wandsworth,children_and_adolescents,-2.95053418532102,Low-low surplus cluster,1.99097101227802,0.0025,0.0136542669584245,Low-low surplus cluster
E01035494,Wandsworth 018E,Wandsworth,children_and_adolescents,-4.18495614449739,Not significant,2.29444182209743,0.0428,0.0948746003552398,Not significant
E01035495,Wandsworth 018F,Wandsworth,children_and_adolescents,-0.307645521007583,Low-low surplus cluster,0.296081440457175,0.0019,0.0112113475177305,Low-low surplus cluster
E01035496,Wandsworth 038A,Wandsworth,children_and_adolescents,-2.55776357827787,Low-low surplus cluster,1.92472627436601,0.0009,0.00673583208395802,Low-low surplus cluster
E01035497,Wandsworth 038B,Wandsworth,children_and_adolescents,0.913776496394348,Not significant,-0.670708010570334,0.0565,0.113272289156627,Not significant
E01035498,Wandsworth 038E,Wandsworth,children_and_adolescents,-1.335149611788,Not significant,0.618809720475916,0.0374,0.0869589194224499,Not significant
E01035499,Wandsworth 039C,Wandsworth,children_and_adolescents,-1.12295631470554,Low-low surplus cluster,0.570808030007895,0.0174,0.0510645502645503,Not significant
E01035638,Hackney 002G,Hackney,children_and_adolescents,-1.79272599281036,Not significant,0.00304152659331967,0.4844,0.489796394571602,Not significant
E01035639,Hackney 002H,Hackney,children_and_adolescents,-2.73545417491598,Not significant,-0.530477645089529,0.2591,0.321029337304542,Not significant
E01035640,Hackney 020F,Hackney,children_and_adolescents,-1.780513703726,Low-low surplus cluster,1.28148831388805,0.0029,0.0152387368421053,Low-low surplus cluster
E01035641,Hackney 020G,Hackney,children_and_adolescents,-1.83849883868297,Low-low surplus cluster,1.48907681079504,0.0012,0.00830846047156727,Low-low surplus cluster
E01035642,Hackney 025G,Hackney,children_and_adolescents,-2.15653283638457,Low-low surplus cluster,2.32894531284698,0.0004,0.00385482625482626,Low-low surplus cluster
E01035643,Hackney 025H,Hackney,children_and_adolescents,-1.63583585292645,Low-low surplus cluster,1.34529871127077,0.0002,0.00242330097087379,Low-low surplus cluster
E01035644,Hackney 025I,Hackney,children_and_adolescents,-3.72515754844424,Low-low surplus cluster,3.09349156124479,0.0047,0.0208740213523132,Low-low surplus cluster
E01035645,Hackney 025J,Hackney,children_and_adolescents,-2.95943272961,Low-low surplus cluster,2.0693098291612,0.0044,0.0200226071103008,Low-low surplus cluster
E01035646,Hackney 026E,Hackney,children_and_adolescents,-2.52111454618057,Low-low surplus cluster,2.28308090765601,0.0002,0.00242330097087379,Low-low surplus cluster
E01035647,Hackney 026F,Hackney,children_and_adolescents,-3.25131552977871,Low-low surplus cluster,3.08964341035982,0.0004,0.00385482625482626,Low-low surplus cluster
E01035648,Hackney 026G,Hackney,children_and_adolescents,-1.74348897526295,Low-low surplus cluster,1.44307805361262,0.0053,0.0225747440273038,Low-low surplus cluster
E01035649,Hackney 026H,Hackney,children_and_adolescents,-2.02077559684531,Low-low surplus cluster,2.23886683879014,0.0001,0.00156,Low-low surplus cluster
E01035650,Hackney 031C,Hackney,children_and_adolescents,-3.50450411602176,Low-low surplus cluster,3.09184867404389,0.0001,0.00156,Low-low surplus cluster
E01035651,Islington 007E,Islington,children_and_adolescents,-1.56929313605141,Low-low surplus cluster,1.24317173270643,0.0036,0.017670796460177,Low-low surplus cluster
E01035652,Islington 007F,Islington,children_and_adolescents,-3.26496785494929,Low-low surplus cluster,2.7241965943603,0.0002,0.00242330097087379,Low-low surplus cluster
E01035653,Islington 011J,Islington,children_and_adolescents,-1.66631071032083,Low-low surplus cluster,0.811848411905024,0.0152,0.0465511656441718,Low-low surplus cluster
E01035654,Islington 011K,Islington,children_and_adolescents,0.549503142154774,High-low spatial outlier,-0.434065995548396,0.0165,0.0494405762304922,High-low spatial outlier
E01035655,Islington 020F,Islington,children_and_adolescents,-2.43992411683353,Low-low surplus cluster,2.97008323179102,0.0001,0.00156,Low-low surplus cluster
E01035656,Islington 020G,Islington,children_and_adolescents,-3.08973260261531,Low-low surplus cluster,2.96691998919665,0.0001,0.00156,Low-low surplus cluster
E01035657,Tower Hamlets 001E,Tower Hamlets,children_and_adolescents,-2.21360544766671,Low-low surplus cluster,1.08975588517665,0.0202,0.056906546275395,Not significant
E01035658,Tower Hamlets 001F,Tower Hamlets,children_and_adolescents,-0.411915311021788,Not significant,0.237215105844088,0.0343,0.0819653422690282,Not significant
E01035659,Tower Hamlets 001G,Tower Hamlets,children_and_adolescents,-1.70549427478883,Not significant,0.766033165808433,0.0291,0.0732193548387097,Not significant
E01035660,Tower Hamlets 002E,Tower Hamlets,children_and_adolescents,-1.62875225692123,Low-low surplus cluster,0.986537166926748,0.004,0.0189270142180095,Low-low surplus cluster
E01035661,Tower Hamlets 002F,Tower Hamlets,children_and_adolescents,-1.07803621368846,Low-low surplus cluster,0.680785387707518,0.015,0.0461937075879087,Low-low surplus cluster
E01035662,Tower Hamlets 004H,Tower Hamlets,children_and_adolescents,-2.7951032799232,Not significant,1.31942698135706,0.1005,0.168694014794889,Not significant
E01035663,Tower Hamlets 004I,Tower Hamlets,children_and_adolescents,-0.181517328235488,Low-low surplus cluster,0.114024939799845,0.0082,0.0304571428571429,Low-low surplus cluster
E01035664,Tower Hamlets 006E,Tower Hamlets,children_and_adolescents,-2.44090571502557,Low-low surplus cluster,1.98754097906321,0.0018,0.0108129963898917,Low-low surplus cluster
E01035665,Tower Hamlets 008F,Tower Hamlets,children_and_adolescents,-2.5882318073516,Low-low surplus cluster,1.23741471216569,0.018,0.0523941690962099,Not significant
E01035666,Tower Hamlets 008G,Tower Hamlets,children_and_adolescents,-2.24011860801806,Not significant,1.08321203821204,0.0638,0.123493447072509,Not significant
E01035667,Tower Hamlets 008H,Tower Hamlets,children_and_adolescents,-0.942267954624308,Not significant,0.299936924827062,0.1083,0.177547980295567,Not significant
E01035668,Tower Hamlets 009E,Tower Hamlets,children_and_adolescents,-2.99435845584094,Low-low surplus cluster,2.32274029718755,0.0007,0.00557320574162679,Low-low surplus cluster
E01035669,Tower Hamlets 009F,Tower Hamlets,children_and_adolescents,-2.66189127363513,Low-low surplus cluster,3.19399606084093,0.0001,0.00156,Low-low surplus cluster
E01035670,Tower Hamlets 010G,Tower Hamlets,children_and_adolescents,-1.53886626535726,Low-low surplus cluster,0.633339817678423,0.0239,0.0638014973262032,Not significant
E01035671,Tower Hamlets 012F,Tower Hamlets,children_and_adolescents,-1.27001081291246,Not significant,0.0230743512580749,0.4562,0.471696437448219,Not significant
E01035672,Tower Hamlets 012G,Tower Hamlets,children_and_adolescents,0.4345958488393,Not significant,-0.102566747778736,0.1689,0.239735228888257,Not significant
E01035673,Tower Hamlets 012H,Tower Hamlets,children_and_adolescents,-1.72345036454706,Not significant,0.11809142406544,0.3782,0.418156013289037,Not significant
E01035674,Tower Hamlets 014F,Tower Hamlets,children_and_adolescents,-1.21665535535715,Low-low surplus cluster,0.716294141445515,0.0115,0.0383743315508021,Low-low surplus cluster
E01035675,Tower Hamlets 014G,Tower Hamlets,children_and_adolescents,-1.02740284843973,Not significant,0.474561984559751,0.1034,0.171942971352432,Not significant
E01035676,Tower Hamlets 014H,Tower Hamlets,children_and_adolescents,-0.0790200699727826,Not significant,0.0250747265792608,0.0742,0.136681328413284,Not significant
E01035677,Tower Hamlets 014I,Tower Hamlets,children_and_adolescents,-1.06391905449175,Not significant,0.168953496594215,0.2405,0.304482881055034,Not significant
E01035678,Tower Hamlets 018E,Tower Hamlets,children_and_adolescents,-0.780966862710127,Not significant,0.00905862273657362,0.4776,0.485279706900061,Not significant
E01035679,Tower Hamlets 018F,Tower Hamlets,children_and_adolescents,-1.89005625262574,Not significant,0.310895377420671,0.2715,0.331619280645951,Not significant
E01035680,Tower Hamlets 019E,Tower Hamlets,children_and_adolescents,-1.33582575410122,Not significant,0.326624280168638,0.1705,0.241115014164306,Not significant
E01035681,Tower Hamlets 019F,Tower Hamlets,children_and_adolescents,-0.934019334776834,Not significant,0.241754899789928,0.1548,0.225163636363636,Not significant
E01035682,Tower Hamlets 019G,Tower Hamlets,children_and_adolescents,-0.5556499757541,Not significant,0.137703138100053,0.1826,0.252573898586866,Not significant
E01035683,Tower Hamlets 019H,Tower Hamlets,children_and_adolescents,-0.596913014380244,Not significant,0.203887265379797,0.1092,0.178379057591623,Not significant
E01035684,Tower Hamlets 020E,Tower Hamlets,children_and_adolescents,0.278293384027523,Not significant,-0.0675798993524738,0.1401,0.210997407295749,Not significant
E01035685,Tower Hamlets 020F,Tower Hamlets,children_and_adolescents,0.6381450365694,Not significant,-0.257734287902585,0.0768,0.139666885245902,Not significant
E01035686,Tower Hamlets 021G,Tower Hamlets,children_and_adolescents,-3.05805315065849,Low-low surplus cluster,2.89142565814558,0.0014,0.00919578947368421,Low-low surplus cluster
E01035687,Tower Hamlets 021H,Tower Hamlets,children_and_adolescents,-2.96149677357302,Low-low surplus cluster,3.57653847057269,0.0001,0.00156,Low-low surplus cluster
E01035688,Tower Hamlets 021I,Tower Hamlets,children_and_adolescents,-3.72351998939048,Low-low surplus cluster,4.98506113958561,0.0003,0.0031661733615222,Low-low surplus cluster
E01035689,Tower Hamlets 021J,Tower Hamlets,children_and_adolescents,-2.85079381815228,Low-low surplus cluster,3.1262913440034,0.0001,0.00156,Low-low surplus cluster
E01035690,Tower Hamlets 023E,Tower Hamlets,children_and_adolescents,-2.99510917741147,Not significant,1.45984396053967,0.0632,0.122712718786464,Not significant
E01035691,Tower Hamlets 023F,Tower Hamlets,children_and_adolescents,-1.9000207324974,Low-low surplus cluster,1.19841302975409,0.0077,0.0292307224334601,Low-low surplus cluster
E01035692,Tower Hamlets 024E,Tower Hamlets,children_and_adolescents,-0.3517948733139,Not significant,0.102654593939036,0.1509,0.22136138701146,Not significant
E01035693,Tower Hamlets 024F,Tower Hamlets,children_and_adolescents,-1.03621811141847,Not significant,0.146948464059451,0.2793,0.337758139534884,Not significant
E01035694,Tower Hamlets 024G,Tower Hamlets,children_and_adolescents,-0.319313747019919,Not significant,0.12243132056857,0.0506,0.105644165621079,Not significant
E01035695,Tower Hamlets 024H,Tower Hamlets,children_and_adolescents,-0.573091944457036,Not significant,0.201320856301427,0.0808,0.144519383733429,Not significant
E01035696,Tower Hamlets 026E,Tower Hamlets,children_and_adolescents,-2.98227080203767,Low-low surplus cluster,2.55801355607094,0.0003,0.0031661733615222,Low-low surplus cluster
E01035697,Tower Hamlets 026F,Tower Hamlets,children_and_adolescents,-3.08341893187735,Low-low surplus cluster,4.13689525608987,0.0001,0.00156,Low-low surplus cluster
E01035698,Tower Hamlets 032F,Tower Hamlets,children_and_adolescents,-1.53043240240017,Low-low surplus cluster,1.39084750835034,0.0005,0.00447311827956989,Low-low surplus cluster
E01035699,Tower Hamlets 032G,Tower Hamlets,children_and_adolescents,-2.30271586501397,Low-low surplus cluster,1.91985762274508,0.0141,0.0443244332493703,Low-low surplus cluster
E01035701,Tower Hamlets 034B,Tower Hamlets,children_and_adolescents,-2.43000947904317,Not significant,-0.786527330743737,0.3394,0.387442213583352,Not significant
E01035702,Tower Hamlets 034C,Tower Hamlets,children_and_adolescents,0.858372042737405,Not significant,-0.329847900284421,0.068,0.128630541871921,Not significant
E01035703,Tower Hamlets 036B,Tower Hamlets,children_and_adolescents,-3.63704397886924,Low-low surplus cluster,2.50367898396276,0.0085,0.0311541850220264,Low-low surplus cluster
E01035704,Tower Hamlets 036C,Tower Hamlets,children_and_adolescents,-1.22045445081492,Low-low surplus cluster,0.904658377725593,0.0051,0.0219286821705426,Low-low surplus cluster
E01035705,Tower Hamlets 036D,Tower Hamlets,children_and_adolescents,-1.44359706991366,Not significant,0.527330178269,0.0804,0.144217319439454,Not significant
E01035706,Tower Hamlets 036E,Tower Hamlets,children_and_adolescents,-1.96949259189955,Not significant,1.05187907904603,0.0336,0.08064,Not significant
E01035707,Camden 015F,Camden,children_and_adolescents,-2.17152064382541,Low-low surplus cluster,1.49522627140375,0.0017,0.0105421118012422,Low-low surplus cluster
E01035708,Camden 022F,Camden,children_and_adolescents,-2.3622968948547,Low-low surplus cluster,1.97033672435084,0.0001,0.00156,Low-low surplus cluster
E01035709,Camden 022G,Camden,children_and_adolescents,-2.24088387880351,Low-low surplus cluster,1.64211134771066,0.003,0.0155837669094693,Low-low surplus cluster
E01035710,Camden 023F,Camden,children_and_adolescents,-2.4733843191185,Low-low surplus cluster,2.56316096994876,0.0001,0.00156,Low-low surplus cluster
E01035711,Camden 026E,Camden,children_and_adolescents,-4.25232556154052,Low-low surplus cluster,6.45198091760373,0.0001,0.00156,Low-low surplus cluster
E01035712,Camden 029E,Camden,children_and_adolescents,-2.98207347282072,Low-low surplus cluster,3.64357288361341,0.0001,0.00156,Low-low surplus cluster
E01035713,Kensington and Chelsea 016F,Kensington and Chelsea,children_and_adolescents,-2.34559651032675,Low-low surplus cluster,1.86125693985132,0.0003,0.0031661733615222,Low-low surplus cluster
E01035714,Kensington and Chelsea 020F,Kensington and Chelsea,children_and_adolescents,-1.5452989027085,Low-low surplus cluster,1.28381291128624,0.0004,0.00385482625482626,Low-low surplus cluster
E01035715,Westminster 007H,Westminster,children_and_adolescents,-2.5956906663613,Low-low surplus cluster,1.89763331414992,0.0009,0.00673583208395802,Low-low surplus cluster
E01035716,Westminster 013G,Westminster,children_and_adolescents,-3.64657978258661,Low-low surplus cluster,5.30793030351898,0.0001,0.00156,Low-low surplus cluster
E01035717,Westminster 014H,Westminster,children_and_adolescents,-3.15227479930798,Low-low surplus cluster,2.35375538928863,0.0014,0.00919578947368421,Low-low surplus cluster
E01035718,Westminster 019G,Westminster,children_and_adolescents,-1.51104079446696,Low-low surplus cluster,1.45884462058396,0.0001,0.00156,Low-low surplus cluster
E01035719,Westminster 021F,Westminster,children_and_adolescents,-2.46527404482125,Low-low surplus cluster,2.56068238555081,0.0011,0.00778893617021277,Low-low surplus cluster
E01035720,Westminster 021G,Westminster,children_and_adolescents,-2.90291697660077,Low-low surplus cluster,2.95672318108464,0.0005,0.00447311827956989,Low-low surplus cluster
E01035721,Westminster 023H,Westminster,children_and_adolescents,-3.50450984808295,Low-low surplus cluster,3.51822296671263,0.0003,0.0031661733615222,Low-low surplus cluster
E01035722,Westminster 024G,Westminster,children_and_adolescents,-3.67674836650005,Low-low surplus cluster,3.8761173186704,0.0003,0.0031661733615222,Low-low surplus cluster
